CCSDS_OEM_VERS = 2.0
CREATION_DATE  = 2024-05-05T00:02:28.950
ORIGINATOR     = NASA/JSC/FOD/TOPO

META_START
OBJECT_NAME          = ISS
OBJECT_ID            = 1998-067-A
CENTER_NAME          = Earth
REF_FRAME            = EME2000
TIME_SYSTEM          = UTC
START_TIME           = 2024-05-03T12:00:00.000
USEABLE_START_TIME   = 2024-05-03T12:00:00.000
USEABLE_STOP_TIME    = 2024-05-18T12:00:00.000
STOP_TIME            = 2024-05-18T12:00:00.000
META_STOP

COMMENT Source: This file was produced by the TOPO office within FOD at JSC.
COMMENT Units are in kg and m^2
COMMENT MASS=459821.60
COMMENT DRAG_AREA=1487.80
COMMENT DRAG_COEFF=2.10
COMMENT SOLAR_RAD_AREA=0.00
COMMENT SOLAR_RAD_COEFF=0.00
COMMENT Orbits start at the ascending node epoch
COMMENT ISS first asc. node: EPOCH = 2024-05-03T13:04:28.190 $ ORBIT = 1162 $ LAN(DEG) = 118.71058
COMMENT ISS last asc. node : EPOCH = 2024-05-18T11:48:30.844 $ ORBIT = 1394 $ LAN(DEG) = 48.78922
COMMENT Begin sequence of events
COMMENT TRAJECTORY EVENT SUMMARY:
COMMENT 
COMMENT |       EVENT        |       TIG        | ORB |   DV    |   HA    |   HP    |
COMMENT |                    |       GMT        |     |   M/S   |   KM    |   KM    |
COMMENT |                    |                  |     |  (F/S)  |  (NM)   |  (NM)   |
COMMENT =============================================================================
COMMENT  CFT_Launch            128:02:34:14.000             0.0     421.2     406.2
COMMENT                                                    (0.0)   (227.5)   (219.3)
COMMENT 
COMMENT  CFT_Dock              129:04:44:12.000             0.0     420.9     406.0
COMMENT                                                    (0.0)   (227.3)   (219.2)
COMMENT 
COMMENT =============================================================================
COMMENT End sequence of events
2024-05-03T12:00:00.000 2099.520020460130 -4085.814092542140 4991.462299976330 7.28333062660451 1.20462495211830 -2.07413268541886
2024-05-03T12:04:00.000 3749.649895495370 -3651.229138526860 4317.206982854850 6.38347203185233 2.39484834176251 -3.51028562153905
2024-05-03T12:08:00.000 5126.187730612550 -2950.252331354820 3327.066926656310 5.01729130195672 3.41091380666008 -4.69027714353312
2024-05-03T12:12:00.000 6128.539595941550 -2033.932758059900 2093.380442116030 3.28440420368269 4.17830869446392 -5.52728383391371
2024-05-03T12:16:00.000 6683.482724889080 -969.128908308838 706.424418614254 1.31188920529309 4.64065588154369 -5.95963095189418
2024-05-03T12:20:00.000 6750.667127739830 166.408954960673 -732.252914813415 -0.75513389926398 4.76419119888822 -5.95571014743035
2024-05-03T12:24:00.000 6325.626057280640 1289.830933175340 -2117.412423493260 -2.76473163395878 4.54044337591487 -5.51657656471614
2024-05-03T12:28:00.000 5439.984489397510 2319.359200631080 -3347.987460137700 -4.57002241353447 3.98672188201835 -4.67565038787536
2024-05-03T12:32:00.000 4158.884688639020 3180.314838566570 -4334.531703052460 -6.04029918007144 3.14440530612621 -3.49562209288486
2024-05-03T12:36:00.000 2575.954089915860 3810.494904367460 -5005.650378046200 -7.07025234899196 2.07537924305004 -2.06322699569842
2024-05-03T12:40:00.000 806.323660396935 4164.537638666640 -5312.989011469100 -7.58693273766329 0.85719836277370 -0.48251796186142
2024-05-03T12:44:00.000 -1021.704316444900 4217.014850852760 -5234.503094867960 -7.55404365973804 -0.42253489819624 1.13256628403172
2024-05-03T12:48:00.000 -2775.741102959480 3964.143559513090 -4775.914872528880 -6.97399846161265 -1.67205199347983 2.66586675230138
2024-05-03T12:52:00.000 -4328.635238259010 3424.055938906670 -3970.313577523330 -5.88781882462588 -2.80151272194190 4.00677332371035
2024-05-03T12:56:00.000 -5567.501916561620 2635.603369497770 -2875.909026482790 -4.37279534736709 -3.72911915025125 5.05779332243578
2024-05-03T13:00:00.000 -6401.903809852590 1655.705090812820 -1572.014121549260 -2.53766902091473 -4.38703536518070 5.74167715276001
2024-05-03T13:04:00.000 -6770.563688503110 555.364125530542 -153.441609097197 -0.51530392272904 -4.72650657517766 6.00736134325193
2024-05-03T13:08:00.000 -6646.077401978660 -585.422245356269 1276.329202382580 1.54659819283929 -4.72188986819015 5.83427379687364
2024-05-03T13:12:00.000 -6037.158550724200 -1683.534106178450 2612.791816161000 3.49676056246786 -4.37302140478186 5.23453143598927
2024-05-03T13:16:00.000 -4988.063532053420 -2658.896911499240 3758.203613765950 5.19216519485930 -3.70525236732217 4.25198484499498
2024-05-03T13:20:00.000 -3575.296870600730 -3440.399829338170 4628.827400063580 6.50879725764054 -2.76744540523705 2.95872907093578
2024-05-03T13:24:00.000 -1901.905605910580 -3971.107138050070 5161.067507553590 7.35078794504516 -1.62807756624249 1.44941483716725
2024-05-03T13:28:00.000 -89.887522515459 -4212.361083296960 5316.050097800760 7.65696754689033 -0.37004387509001 -0.16584948863435
2024-05-03T13:32:00.000 1728.672968625420 -4146.541438679680 5082.403580799350 7.40493644216208 0.91525457404141 -1.76934270932162
2024-05-03T13:36:00.000 3421.160673994520 -3778.346975985550 4477.086663114020 6.61269995983551 2.13435425853668 -3.24412363662832
2024-05-03T13:40:00.000 4864.033421561030 -3134.491483910720 3544.201269429460 5.33747536591335 3.19831988754058 -4.48226166068878
2024-05-03T13:44:00.000 5951.861713176910 -2261.846827316530 2351.879165975400 3.67214041035849 4.02918626831884 -5.39272926094100
2024-05-03T13:48:00.000 6605.155705395650 -1224.070698115260 987.351559184047 1.73868154917752 4.56592594930592 -5.90842524334523
2024-05-03T13:52:00.000 6776.332091567480 -96.943404508811 -449.468678277123 -0.32067162183760 4.76923700829981 -5.99150775047846
2024-05-03T13:56:00.000 6453.287763117770 1037.265123106610 -1853.441594539260 -2.35443650225112 4.62469573736559 -5.63655096959780
2024-05-03T14:00:00.000 5660.197709275480 2095.935725555680 -3122.063631456900 -4.21373868378651 4.14379984321789 -4.87074318318191
2024-05-03T14:04:00.000 4455.506476802260 3002.215551144980 -4163.046365548120 -5.76367486064268 3.36270792586187 -3.75138467028556
2024-05-03T14:08:00.000 2927.361640933250 3690.580411751430 -4900.992524074400 -6.89305328379857 2.33898903651803 -2.36095513433696
2024-05-03T14:12:00.000 1186.998402548700 4111.440163142650 -5282.684061837200 -7.52167351008002 1.14702983679155 -0.80065065234283
2024-05-03T14:16:00.000 -639.339121432122 4234.550370354440 -5280.715360593960 -7.60530186020537 -0.12730304904412 0.81690188300017
2024-05-03T14:20:00.000 -2419.381132305600 4051.055931286740 -4895.306408282940 -7.13816416693227 -1.39263553453142 2.37539860120809
2024-05-03T14:24:00.000 -4024.135700136470 3574.094274786700 -4154.264644634550 -6.15324291839965 -2.55807765624448 3.76252610687775
2024-05-03T14:28:00.000 -5337.023089310790 2837.943983050500 -3111.108353683270 -4.72048598225328 -3.53937282696767 4.87760281886048
2024-05-03T14:32:00.000 -6262.284846472250 1895.708053658800 -1841.393628176690 -2.94255531297484 -4.26486882072455 5.63880028747138
2024-05-03T14:36:00.000 -6732.081393918310 815.615025398953 -437.402514661053 -0.94808217369340 -4.68101651903548 5.98952358959656
2024-05-03T14:40:00.000 -6711.651617192680 -323.869204643107 998.513520037839 1.11758491984930 -4.75662066140874 5.90303184310471
2024-05-03T14:44:00.000 -6202.076315906440 -1439.756558417740 2361.437654399510 3.10300908291902 -4.48551711553456 5.38493382061923
2024-05-03T14:48:00.000 -5240.323579122100 -2450.685570286630 3551.697770343890 4.86254688289871 -3.88732608546581 4.47301506720972
2024-05-03T14:52:00.000 -3896.497265356080 -3282.947733038430 4482.264994434700 6.26742499209771 -3.00576454809930 3.23414975502162
2024-05-03T14:56:00.000 -2268.620030069310 -3875.892263676060 5085.148760797230 7.21518126224185 -1.90522922106817 1.75909310071962
2024-05-03T15:00:00.000 -475.390856032583 -4186.326992543300 5316.327616889130 7.63696437899381 -0.66589253567431 0.15556641627550
2024-05-03T15:04:00.000 1352.482725915860 -4191.610217829640 5158.885219469130 7.50208831030352 0.62220526539751 -1.45961996699750
2024-05-03T15:08:00.000 3081.727411284100 -3891.265298376520 4624.218705680210 6.82000389105395 1.86544239613993 -2.96869857240373
2024-05-03T15:12:00.000 4586.149480804380 -3307.063051249430 3751.268382077170 5.63995642704032 2.97318489858787 -4.26131209875101
2024-05-03T15:16:00.000 5755.849118104800 -2481.502832400720 2603.761386186440 4.04773023704817 3.86437280476182 -5.24253032138768
2024-05-03T15:20:00.000 6505.347730706840 -1474.780122055820 1265.625524655050 2.15984998820204 4.47355796536998 -5.84005482467408
2024-05-03T15:24:00.000 6779.995956940350 -360.396338569865 -165.168787580899 0.11510118168034 4.75604863294419 -6.00995661846065
2024-05-03T15:28:00.000 6560.084621606070 780.293152124579 -1583.901168473390 -1.93605234486245 4.69153520793849 -5.74030719898990
2024-05-03T15:32:00.000 5862.233903171980 1864.158545764540 -2886.939031356130 -3.84331022624998 4.28559033130170 -5.05197851051010
2024-05-03T15:36:00.000 4737.958770464050 2812.455600413280 -3979.417025054540 -5.46801224751048 3.56887919114460 -3.99661235780372
2024-05-03T15:40:00.000 3269.625954719260 3556.551532914440 -4782.137482470990 -6.69324825785491 2.59441117820217 -2.65222454004067
2024-05-03T15:44:00.000 1564.219919491180 4042.802936886010 -5237.175632014140 -7.43190379267892 1.43324099458418 -1.11689738983922
2024-05-03T15:48:00.000 -254.493174697490 4236.251305315200 -5311.829536107330 -7.63190544130503 0.16910373033945 0.49848206110227
2024-05-03T15:52:00.000 -2054.779157720760 4122.988340590260 -5000.804441314300 -7.27926938074721 -1.10730889873346 2.07769755461242
2024-05-03T15:56:00.000 -3706.223293207170 3711.102270241840 -4326.549694865920 -6.39890288383516 -2.30440428805478 3.50706211310319
2024-05-03T16:00:00.000 -5088.933724832430 3030.160944700240 -3337.734921914550 -5.05318880909316 -3.33579192421390 4.68300997087222
2024-05-03T16:04:00.000 -6102.149597679200 2129.236920392500 -2105.929152918450 -3.33834728448482 -4.12631639286532 5.51946193278296
2024-05-03T16:08:00.000 -6671.663752540140 1073.516890065740 -720.596067052999 -1.37819324590130 -4.61771759939693 5.95436061305330
2024-05-03T16:12:00.000 -6755.459002838080 -60.336176454581 717.322884070166 0.68447814323989 -4.77331024103518 5.95482615623721
2024-05-03T16:16:00.000 -6347.001041396090 -1189.781032417530 2102.815385364200 2.69867194815688 -4.58112888635301 5.52006450899551
2024-05-03T16:20:00.000 -5475.832252168040 -2232.488028374990 3334.575253437590 4.51665644522242 -4.05490463579102 4.68158218767483
2024-05-03T16:24:00.000 -4205.425608954300 -3112.431296249840 4322.526535967940 6.00522947916066 -3.23310969871531 3.50084865488456
2024-05-03T16:28:00.000 -2628.445423006160 -3765.494806159950 4994.476479807360 7.05583124302150 -2.17580954481760 2.06440512160698
2024-05-03T16:32:00.000 -859.878726685665 -4144.107591098380 5301.349655447550 7.59204238219123 -0.95998903970937 0.47718178820969
2024-05-03T16:36:00.000 971.356423339648 -4220.664636711050 5220.712712174600 7.57486642195839 0.32596896871457 -1.14509382544050
2024-05-03T16:40:00.000 2731.761124639500 -3989.510808209630 4758.372711442510 7.00532574277211 1.58862251673738 -2.68420859309791
2024-05-03T16:44:00.000 4292.900722402290 -3467.369328579310 3947.978540662320 5.92439914442056 2.73600297454320 -4.02771689593816
2024-05-03T16:48:00.000 5540.753070516760 -2692.203092016900 2848.660207665460 4.41055972287418 3.68419182203239 -5.07704089688335
2024-05-03T16:52:00.000 6384.124222987350 -1720.513231320240 1540.792846520220 2.57447271826014 4.36359542323125 -5.75486632203512
2024-05-03T16:56:00.000 6761.474467272210 -623.232402429355 120.118869312226 0.55103780981018 4.72435789944983 -6.01131770712212
2024-05-03T17:00:00.000 6645.537992534910 519.526859488607 -1309.366634019620 -1.51087270965830 4.74034023761222 -5.82796435477425
2024-05-03T17:04:00.000 6045.305289602090 1624.445021056090 -2643.189992544250 -3.45997456349865 4.41111059052764 -5.21924486859257
2024-05-03T17:08:00.000 5005.187801771150 2611.187827277420 -3784.170174118610 -5.15427583031003 3.76175608099818 -4.23102018970739
2024-05-03T17:12:00.000 3601.484343148620 3408.283542916070 -4649.520159305490 -6.47163486497408 2.84048758432066 -2.93651688783146
2024-05-03T17:16:00.000 1936.566081634130 3958.215678135050 -5176.727876693580 -7.31810465207257 1.71461541224659 -1.43037246170280
2024-05-03T17:20:00.000 131.348247800245 4221.417735821340 -5327.873486723320 -7.63390905817497 0.46550485277373 0.17837091235798
2024-05-03T17:24:00.000 -1683.382430234300 4178.967529919110 -5092.161965446070 -7.39691861225013 -0.81716076469354 1.77399138360175
2024-05-03T17:28:00.000 -3376.184683171850 3833.866749097120 -4486.617213274230 -6.62385894805989 -2.04137605748875 3.24166072424133
2024-05-03T17:32:00.000 -4824.233857150050 3210.865923911550 -3554.935845043230 -5.36945581717131 -3.11893302704441 4.47522770949579
2024-05-03T17:36:00.000 -5922.094588851560 2354.820823145770 -2364.506735936580 -3.72318185213280 -3.97148841794306 5.38457529048382
2024-05-03T17:40:00.000 -6589.450601797850 1327.621548570000 -1001.735421193930 -1.80372527378136 -4.53636252377165 5.90242689239868
2024-05-03T17:44:00.000 -6777.164802855630 203.808371474303 434.136861718728 0.24934627540080 -4.77153053445350 5.98983060274082
2024-05-03T17:48:00.000 -6471.094150723530 -934.836271936822 1838.279122823430 2.28582317304662 -4.65910592178213 5.63952604841856
2024-05-03T17:52:00.000 -5693.283338809610 -2005.317750553360 3108.032307652660 4.15630092506237 -4.20696816285700 4.87678679259931
2024-05-03T17:56:00.000 -4500.375856199260 -2929.586285805860 4150.541193823800 5.72371215649403 -3.44815143185082 3.75747974484371
2024-05-03T18:00:00.000 -2979.389780916900 -3640.288533691780 4889.614417889660 6.87358224830214 -2.43816241537711 2.36372165783910
2024-05-03T18:04:00.000 -1241.240945532920 -4085.665114341280 5271.286447399430 7.52237021359863 -1.25061083836233 0.79736688207213
2024-05-03T18:08:00.000 587.379900179767 -4233.262367912750 5267.663003590220 7.62288880605327 0.02820631203915 -0.82743424125534
2024-05-03T18:12:00.000 2373.171675264860 -4072.257077413090 4878.929406747940 7.16758480475940 1.30538113978791 -2.39223296089472
2024-05-03T18:16:00.000 3985.872758953020 -3614.266312355830 4133.365409029430 6.18920915035724 2.48794144675732 -3.78276959512395
2024-05-03T18:20:00.000 5307.727699755320 -2892.559959454970 3085.346085757710 4.75865735005592 3.48950169112612 -4.89714793903962
2024-05-03T18:24:00.000 6242.134653798340 -1959.713148587590 1811.462361320250 2.98032357931386 4.23658873545407 -5.65331092296879
2024-05-03T18:28:00.000 6720.863320434770 -883.808090415861 404.954380827530 0.98478527525565 4.67431769649264 -5.99554050553128
2024-05-03T18:32:00.000 6709.188699915870 256.591913866413 -1031.205299843480 -1.08112234781655 4.77081318748723 -5.89898192870642
2024-05-03T18:36:00.000 6208.453347406500 1378.302941074600 -2392.006836797140 -3.06565829823189 4.51968409879584 -5.37162068726346
2024-05-03T18:40:00.000 5255.813422974620 2399.714019404070 -3578.234153120340 -4.82403220236128 3.94027870899546 -4.45334989280182
2024-05-03T18:44:00.000 3921.248081854650 3246.775780796330 -4503.739659047800 -6.22917732046240 3.07578881288206 -3.21240134608256
2024-05-03T18:48:00.000 2302.189360174500 3858.314790263660 -5101.605744768830 -7.18067222391080 1.98958715567798 -1.73971956520188
2024-05-03T18:52:00.000 516.303925353237 4190.305544965770 -5328.784846900210 -7.61117755672887 0.76030807713798 -0.14206513424255
2024-05-03T18:56:00.000 -1306.971203558080 4218.872840934890 -5169.005905581150 -7.49043118126080 -0.52371691989804 1.46546458272366
2024-05-03T19:00:00.000 -3035.587151209120 3941.915757058340 -4633.838424720840 -6.82701744435323 -1.77039290552725 2.96727473610273
2024-05-03T19:04:00.000 -4544.178877727760 3379.272799636590 -3761.889022378080 -5.66780232430188 -2.88999535438785 4.25488828519703
2024-05-03T19:08:00.000 -5722.992322040550 2571.419624229030 -2616.193261002300 -4.09536058053802 -3.80130644892048 5.23445574350606
2024-05-03T19:12:00.000 -6485.877766397160 1576.707684371100 -1279.850211328540 -2.22276057924452 -4.43750022558823 5.83369568810249
2024-05-03T19:16:00.000 -6776.749733343130 467.271542946993 149.875826858301 -0.18599966098728 -4.75134593382704 6.00768707497636
2024-05-03T19:20:00.000 -6573.929237332890 -676.190707755573 1568.640867538480 1.86604889125014 -4.71920466207988 5.74278811634119
2024-05-03T19:24:00.000 -5891.890450606230 -1770.351109772140 2872.730545559560 3.78287983294296 -4.34297557753804 5.05789795132336
2024-05-03T19:28:00.000 -4780.266148422220 -2735.423893335610 3966.772896135140 5.42392601568098 -3.65009027160175 4.00317637640777
2024-05-03T19:32:00.000 -3320.143237240880 -3501.068408304050 4770.801034700520 6.66925965262863 -2.69127678482205 2.65599256996294
2024-05-03T19:36:00.000 -1618.019642210200 -4011.520303710870 5226.100719137560 7.42830904763229 -1.53648226980667 1.11491801230716
2024-05-03T19:40:00.000 202.029384111670 -4229.598831706740 5299.423713601410 7.64597891578276 -0.26969056295077 -0.50768599481809
2024-05-03T19:44:00.000 2007.351974892320 -4139.364884583250 4985.347240154710 7.30626888661523 1.01712697649343 -2.09366608784544
2024-05-03T19:48:00.000 3666.282544332880 -3747.279127193440 4306.685536173430 6.43342365407934 2.23034898577829 -3.52723886393068
2024-05-03T19:52:00.000 5057.709103889040 -3081.802280688700 3312.916499647170 5.09066438512237 3.28139823484970 -4.70338277890689
2024-05-03T19:56:00.000 6079.963310796890 -2191.389551819230 2076.643368383030 3.37586748095771 4.09326030583067 -5.53560196185608
2024-05-03T20:00:00.000 6658.372030162830 -1141.003429028380 688.331168482725 1.41477857663471 4.60629170721994 -5.96254393258883
2024-05-03T20:04:00.000 6750.877376218630 -7.343688505384 -750.372849366261 -0.64830830224113 4.78299146318134 -5.95302401571266
2024-05-03T20:08:00.000 6351.167845118490 1126.865419962430 -2134.234129471880 -2.66175106262141 4.61097788387421 -5.50851646408788
2024-05-03T20:12:00.000 5489.023695469340 2179.046064515800 -3362.287537590820 -4.47838704392761 4.10379266480668 -4.66282754968070
2024-05-03T20:16:00.000 4227.877730095750 3072.856226049710 -4345.274552162780 -5.96666860865844 3.29944667734253 -3.47898390792803
2024-05-03T20:20:00.000 2659.905017533670 3743.695040266420 -5012.059632492490 -7.01999517003127 2.25708541477766 -2.04396492632504
2024-05-03T20:24:00.000 899.149190037931 4143.237560663580 -5314.595563641570 -7.56368306339785 1.05234621645408 -0.46199683792500
2024-05-03T20:28:00.000 -926.728134765917 4242.749617927040 -5231.178591026320 -7.55947760710553 -0.22811556222922 1.15289465969303
2024-05-03T20:32:00.000 -2685.489474113190 4035.033153634150 -4767.880254438060 -7.00769435778429 -1.49246973698294 2.68455073021049
2024-05-03T20:36:00.000 -4249.638303099010 3534.942922236440 -3958.127894587270 -5.94733969042496 -2.64982714303264 4.02247714073691
2024-05-03T20:40:00.000 -5505.468117149060 2778.413324806420 -2860.427302323320 -4.45375841975981 -3.61640612312469 5.06938119518546
2024-05-03T20:44:00.000 -6361.294035185170 1820.038050955550 -1554.340234328630 -2.63415196721842 -4.32148099178120 5.74822679599908
2024-05-03T20:48:00.000 -6754.286588026500 729.259097845358 -134.861703333026 -0.62037829040704 -4.71286591998295 6.00831272416012
2024-05-03T20:52:00.000 -6655.296682672100 -414.624617285518 1294.456697167310 1.44049753329936 -4.76119134122048 5.82957988340781
2024-05-03T20:56:00.000 -6071.190867102450 -1528.275812505390 2629.147295573530 3.39734667599928 -4.46242288284393 5.22454947322783
2024-05-03T21:00:00.000 -5044.423981123930 -2530.491903129390 3771.598811371090 5.10664781670837 -3.83826820522577 4.23745276133323
2024-05-03T21:04:00.000 -3649.876183854680 -3348.211412354230 4638.290764286130 6.44340750082377 -2.93438572083688 2.94068842951081
2024-05-03T21:08:00.000 -1989.277305599640 -3921.860414766560 5165.914311860880 7.31022628242736 -1.81680116453736 1.42923567676046
2024-05-03T21:12:00.000 -183.697809011838 -4209.660689589640 5315.951304255560 7.64421556476736 -0.56684554481910 -0.18662244414379
2024-05-03T21:16:00.000 1635.263933225550 -4190.610726653420 5077.400570506140 7.42102872779048 0.72469881631161 -1.78919531753209
2024-05-03T21:20:00.000 3334.984586615760 -3865.994747115930 4467.570154318210 6.65651308287011 1.96398560042049 -3.26165949161794
2024-05-03T21:24:00.000 4791.398317684790 -3259.338712706050 3530.881487513360 5.40580916666461 3.06059610063179 -4.49622723251963
2024-05-03T21:28:00.000 5898.086281558820 -2414.795073326750 2335.740598507290 3.76000946134702 3.93417257894842 -5.40210803593708
2024-05-03T21:32:00.000 6574.186918471360 -1393.966989788410 969.585492332221 1.83970817083026 4.52057399252101 -5.91252994991093
2024-05-03T21:36:00.000 6770.458979103170 -271.396024534176 -467.555991640179 -0.21385210875692 4.77685075192862 -5.99007182114002
2024-05-03T21:40:00.000 6472.963597909810 870.977012350209 -1870.528918310370 -2.24966214375623 4.68469599302809 -5.62970602198788
2024-05-03T21:44:00.000 5704.000204576150 1949.926074883220 -3136.904015586790 -4.11868489432093 4.25173711678874 -4.85897590945047
2024-05-03T21:48:00.000 4520.253424393560 2887.100715499510 -4174.553854925520 -5.68525568776108 3.51063917083352 -3.73554294446472
2024-05-03T21:52:00.000 3008.352112990300 3614.709741499250 -4908.319710008920 -6.83692599109130 2.51609452779186 -2.34217448400473
2024-05-03T21:56:00.000 1278.360655478140 4080.304347405240 -5285.285457487730 -7.49189577922472 1.34044035302925 -0.78028085220508
2024-05-03T22:00:00.000 -544.225596348661 4250.389531072010 -5278.379693164430 -7.60400203724007 0.06836066960960 0.83742719362659
2024-05-03T22:04:00.000 -2327.400411441500 4112.700672008850 -4888.173134255370 -7.16540792488959 -1.20891193675797 2.39461395174459
2024-05-03T22:08:00.000 -3941.937952685570 3677.051561486500 -4142.815954566480 -6.20702287389046 -2.39962694177806 3.77905445051578
2024-05-03T22:12:00.000 -5270.542084603290 2974.721937018800 -3096.139506345370 -4.79688346988391 -3.41770851816522 4.89022201573320
2024-05-03T22:16:00.000 -6216.312678882490 2056.349952963390 -1823.963239323000 -3.03601346634579 -4.18888946899249 5.64656282246782
2024-05-03T22:20:00.000 -6709.912605093510 988.419957630311 -418.758799789679 -1.05177778824060 -4.65625029121250 5.99179561671881
2024-05-03T22:24:00.000 -6714.854042603910 -151.482136410980 1017.016878467250 1.01113288777533 -4.78485078793202 5.89959685908599
2024-05-03T22:28:00.000 -6230.384597425830 -1280.338538669920 2378.451465652500 3.00151594782812 -4.56469728043681 5.37602868828189
2024-05-03T22:32:00.000 -5291.655892701760 -2315.841654990340 3565.979822939640 4.77333460218761 -4.01167715342147 4.45929920521588
2024-05-03T22:36:00.000 -3967.110595676960 -3182.493950835080 4492.777614168150 6.19694230201458 -3.16625137561686 3.21664976566770
2024-05-03T22:40:00.000 -2353.372794976190 -3817.147880128180 5091.132946652810 7.16854979224687 -2.09020223833304 1.73908742044647
2024-05-03T22:44:00.000 -568.115068073915 -4173.581616221210 5317.357439831310 7.61757546130806 -0.86189902883436 0.13454559037772
2024-05-03T22:48:00.000 1258.538019270880 -4225.805709327330 5154.905753227210 7.51138101124651 0.42942142545746 -1.48008005260487
2024-05-03T22:52:00.000 2993.418085406470 -3969.928616243050 4615.547264857210 6.85739999201668 1.68993842566558 -2.98710478908376
2024-05-03T22:56:00.000 4509.939492785560 -3424.467763588170 3738.556936239990 5.70276805370628 2.82783486327921 -4.27637536381923
2024-05-03T23:00:00.000 5697.318921900310 -2629.079944642550 2587.943827391050 4.13133661598538 3.75982648914379 -5.25319709310030
2024-05-03T23:04:00.000 6468.776378236410 -1641.756996099880 1247.856320684850 2.25810867275195 4.41742571655089 -5.84555169783318
2024-05-03T23:08:00.000 6768.052364529200 -534.590159790338 -183.593271673975 0.22080655735296 4.75240425763116 -6.00988778660042
2024-05-03T23:12:00.000 6573.628259987210 611.583921334316 -1601.635218572190 -1.83066716094081 4.74059238400368 -5.73464812680404
2024-05-03T23:16:00.000 5900.259867868480 1713.218625713240 -2902.677426341060 -3.74592081139576 4.38369143796286 -5.04110527446079
2024-05-03T23:20:00.000 4797.682338655040 2690.254823041360 -3991.993828324310 -5.38569011411347 3.70879593698413 -3.98129483561165
2024-05-03T23:24:00.000 3346.688347542620 3471.949403844110 -4790.608645295330 -6.63195428012931 2.76589330450409 -2.63352498758007
2024-05-03T23:28:00.000 1653.013506199900 4001.910562241680 -5240.880511215250 -7.39601896003381 1.62378014932878 -1.09611513001679
2024-05-03T23:32:00.000 -160.409377077402 4241.996665174840 -5310.445844436000 -7.62396502462119 0.36484307346085 0.51984964771812
2024-05-03T23:36:00.000 -1962.214482272770 4174.911446942970 -4994.374420084110 -7.29977744724961 -0.92057552566631 2.09812725097611
2024-05-03T23:40:00.000 -3621.859495450460 3805.393945391270 -4315.480023568780 -6.44631275800622 -2.14021570893946 3.52505602871616
2024-05-03T23:44:00.000 -5018.847871669250 3159.938495864610 -3322.774458180710 -5.12403118939294 -3.20607195958489 4.69723888318054
2024-05-03T23:48:00.000 -6051.371522076080 2285.037496868170 -2088.115805032160 -3.42741657195281 -4.04049270930156 5.52884262123058
2024-05-03T23:52:00.000 -6643.816102498260 1243.989342192230 -701.196722929536 -1.47905451744698 -4.58203187232736 5.95810155237746
2024-05-03T23:56:00.000 -6752.507188896790 112.381098797241 736.903518794746 0.57913890662515 -4.79040713247758 5.95256995104552
2024-05-04T00:00:00.000 -6369.105720328400 -1027.414005345390 2121.139243205440 2.59646948639469 -4.64975177238644 5.51190738424479
2024-05-04T00:04:00.000 -5521.347736217770 -2092.306978991720 3350.288890013950 4.42494750010087 -4.17003246201272 4.66812745884048
2024-05-04T00:08:00.000 -4271.017385938970 -3004.650366615930 4334.474751313150 5.93065284695262 -3.38631902574406 3.48311543885186
2024-05-04T00:12:00.000 -2709.330028807900 -3697.957974292850 5001.783807037650 7.00373605044817 -2.35592537146556 2.04371393057142
2024-05-04T00:16:00.000 -950.172646691465 -4121.734933551810 5303.490967886790 7.56620867777118 -1.15394973394168 0.45509192685095
2024-05-04T00:20:00.000 878.225483932982 -4245.098729381000 5217.548435185280 7.57720911885981 0.13225935508248 -1.16694407811840
2024-05-04T00:24:00.000 2642.580738049950 -4058.987793519800 4750.155435856440 7.03571572137042 1.40926720331494 -2.70420703102705
2024-05-04T00:28:00.000 4214.185722803980 -3576.844317879130 3935.329975646010 5.98069792105553 2.58409309855588 -4.04442738934441
2024-05-04T00:32:00.000 5478.267046674410 -2833.699469393800 2832.518956080890 4.48867936050678 3.57090382820228 -5.08925461948863
2024-05-04T00:36:00.000 6342.450363579400 -1883.698167972600 1522.349523201090 2.66871435812611 4.29726432302405 -5.76172883246545
2024-05-04T00:40:00.000 6743.663336376430 -796.178546244181 100.722626098794 0.65441518867484 4.70983274186938 -6.01234068943836
2024-05-04T00:44:00.000 6652.878460687840 349.447107730096 -1328.290932875410 -1.40593154153462 4.77859388184387 -5.82302995260315
2024-05-04T00:48:00.000 6077.252038947240 1469.631775178300 -2660.245730643230 -3.36111833499282 4.49928527145462 -5.20870071793100
2024-05-04T00:52:00.000 5059.401728484730 2482.908725320780 -3798.094145945260 -5.06870615342925 3.89332741413647 -4.21562158814974
2024-05-04T00:56:00.000 3674.009284345880 3315.849240052420 -4659.272181188780 -6.40553501894084 3.00579005682298 -2.91735812654834
2024-05-04T01:00:00.000 2022.126976946170 3908.315119274790 -5181.564522476400 -7.27622359302622 1.90159779642159 -1.40881006779607
2024-05-04T01:04:00.000 223.736815894962 4217.645706713580 -5327.397352128040 -7.61922802835725 0.66058187051911 0.20081692121305
2024-05-04T01:08:00.000 -1590.854360382200 4221.567258354710 -5086.355787900190 -7.41043628544945 -0.62815999699386 1.79568652279676
2024-05-04T01:12:00.000 -3290.203005309550 3919.715232522360 -4475.854027022160 -6.66455285457687 -1.87216475171878 3.26101918584123
2024-05-04T01:16:00.000 -4751.000247230180 3333.703256146850 -3539.954453081150 -5.43435062685294 -2.98178295606509 4.49079532364551
2024-05-04T01:20:00.000 -5866.887320133970 2505.700584715740 -2346.365377660430 -3.80759267926007 -3.87638681127142 5.39517453105017
2024-05-04T01:24:00.000 -6556.241423901140 1495.547959392280 -981.732564553945 -1.90150819746757 -4.49028558018712 5.90723391298991
2024-05-04T01:28:00.000 -6768.321817568460 376.537527713330 454.550463045387 0.14530684723694 -4.77782134224313 5.98840843315711
2024-05-04T01:32:00.000 -6487.228214483920 -769.893749178509 1857.601926431660 2.18296437129753 -4.71731825898424 5.63191801135273
2024-05-04T01:36:00.000 -5733.215882205910 -1860.196297758830 3124.842914222140 4.06205289792923 -4.31292694294373 4.86359478755796
2024-05-04T01:40:00.000 -4561.195683192870 -2814.883479345340 4163.611923821100 5.64497076125988 -3.59412183824418 3.73970580312230
2024-05-04T01:44:00.000 -3056.654491318380 -3564.372538002400 4897.993646985030 6.81610303561964 -2.61342883215088 2.34263202610214
2024-05-04T01:48:00.000 -1329.322619570760 -4054.066198094030 5274.361479954080 7.49024981437553 -1.44239928207433 0.77453840666028
2024-05-04T01:52:00.000 494.885950770940 -4248.289101662610 5265.222721705780 7.61847568167278 -0.16618274820121 -0.85028268364994
2024-05-04T01:56:00.000 2283.002534211470 -4132.829833442520 4871.170134658990 7.19126054660943 1.12254415484755 -2.41344401652859
2024-05-04T02:00:00.000 3904.606058937450 -3715.984081874900 4120.866089282810 6.23927018323203 2.33000854003835 -3.80081857988116
2024-05-04T02:04:00.000 5241.295569675490 -3028.011407753920 3069.029988327350 4.83146354362611 3.36805090260280 -4.91069734266813
2024-05-04T02:08:00.000 6195.393995566220 -2119.014584724660 1792.540570015470 3.07061614536687 4.16051674393625 -5.66134757354779
2024-05-04T02:12:00.000 6697.242958433170 -1055.323680303410 384.823471435299 1.08597144703677 4.64923517239919 -5.99752631157722
2024-05-04T02:16:00.000 6710.418393863320 85.396819789101 -1051.069152066130 -0.97650258966807 4.79853730212724 -5.89477870002865
2024-05-04T02:20:00.000 6234.438402380010 1219.924000798960 -2410.143509294930 -2.96524246534793 4.59808976675810 -5.36152186434964
2024-05-04T02:24:00.000 5304.657088514400 2265.687324319580 -3593.310315440740 -4.73511622691312 4.06355224484536 -4.43810161983034
2024-05-04T02:28:00.000 3989.397114264010 3146.844174068120 -4514.647850048010 -6.15819432880897 3.23489717116669 -3.19312814841789
2024-05-04T02:32:00.000 2384.694890090740 3799.728201146490 -5107.541857672760 -7.13273572913618 2.17291557202275 -1.71781157880368
2024-05-04T02:36:00.000 607.187932860891 4177.305821465010 -5329.304531333810 -7.58971250937732 0.95456716983657 -0.11911111427595
2024-05-04T02:40:00.000 -1214.288095666310 4252.404091808130 -5164.056945663070 -7.49699470214069 -0.33257923514905 1.48780886023466
2024-05-04T02:44:00.000 -2947.813877542120 4019.550410303120 -4623.764610137430 -6.86112273955639 -1.59623717708831 2.98736623729034
2024-05-04T02:48:00.000 -4467.672686487540 3495.384685047710 -3747.415964093050 -5.72702439556800 -2.74546797551999 4.27123184764106
2024-05-04T02:52:00.000 -5663.304579517540 2717.583325509380 -2598.371841203090 -4.17544851124250 -3.69693661647375 5.24584249439886
2024-05-04T02:56:00.000 -6447.351476107140 1742.304064274580 -1259.979228586920 -2.31795481532323 -4.38093303733712 5.83928025205353
2024-05-04T03:00:00.000 -6762.202468410070 640.249161650709 170.346330400972 -0.28940450544487 -4.74679021300481 6.00706645697689
2024-05-04T03:04:00.000 -6584.434592960640 -508.438354241126 1588.215304712230 1.76195437227911 -4.76704320959291 5.73598171516948
2024-05-04T03:08:00.000 -5926.706692984520 -1620.057746028920 2889.974743423590 3.68561007698943 -4.43974778074956 5.04541832330987
2024-05-04T03:12:00.000 -4836.891034876820 -2613.562386445260 3980.436938692350 5.34058204379084 -3.78880763995578 3.98601675776086
2024-05-04T03:16:00.000 -3394.465722935020 -3416.547802341930 4779.909864469180 6.60604527516212 -2.86181858131996 2.63541049656987
2024-05-04T03:20:00.000 -1704.615231418300 -3970.516555823760 5229.998401458120 7.38986641253263 -1.72635089024086 1.09232586277281
2024-05-04T03:24:00.000 109.473272110984 -4235.101306955590 5297.818891048280 7.63504197862618 -0.46499904121040 -0.53066362520162
2024-05-04T03:28:00.000 1915.569645340950 -4190.969609383540 4978.353236868410 7.32362228720327 0.83060138086161 -2.11532327782850
2024-05-04T03:32:00.000 3581.957410860400 -3841.219963144780 4294.809001502950 6.47783114867700 2.06624620497436 -3.54603140764485
2024-05-04T03:36:00.000 4986.976807685180 -3211.211188060590 3297.011946652810 5.15882977867540 3.15174538833778 -4.71794009558466
2024-05-04T03:40:00.000 6027.957252983670 -2346.805668767900 2057.868694079760 3.46279638700950 4.00750672433946 -5.54481076334449
2024-05-04T03:44:00.000 6628.859191592290 -1311.076561146350 668.062201718773 1.51415362144049 4.57064524083329 -5.96571226881911
2024-05-04T03:48:00.000 6745.992314613560 -179.663834559326 -770.652274587884 -0.54370816335317 4.80002397340373 -5.94994940678201
2024-05-04T03:52:00.000 6371.248063590040 964.865002961941 -2153.046599971560 -2.55958541153730 4.67940157511566 -5.49943733025084
2024-05-04T03:56:00.000 5532.582333235690 2039.161100470650 -3378.260021993620 -4.38608519206714 4.21852148513752 -4.64838177297077
2024-05-04T04:00:00.000 4291.730591131780 2965.249746830840 -4357.237837827940 -5.89087083952403 3.45205403608966 -3.46022801157549
2024-05-04T04:04:00.000 2739.410682413080 3676.170353790510 -5019.140125765680 -6.96613737872907 2.43645872176933 -2.02228140187868
2024-05-04T04:08:00.000 988.544637631313 4120.688174777120 -5316.278237699960 -7.53561862750992 1.24549158378631 -0.43897700091301
2024-05-04T04:12:00.000 -833.912744784140 4266.817434352020 -5227.346493038920 -7.55922068692710 -0.03513269975309 1.17554583603491
2024-05-04T04:16:00.000 -2595.978064995320 4103.997653314920 -4758.823125557670 -7.03532726567533 -1.31359301210859 2.70517704664447
2024-05-04T04:20:00.000 -4169.929119946480 3643.830050304190 -3944.516701979870 -6.00090467956877 -2.49803980925057 4.03956163449643
2024-05-04T04:24:00.000 -5441.365370330970 2919.350765168480 -2843.271341054150 -4.52947269895314 -3.50274604252832 5.08165665755661
2024-05-04T04:28:00.000 -6317.493864315010 1982.812708424160 -1534.907931525230 -2.72660583916331 -4.25429285810377 5.75480639143964
2024-05-04T04:32:00.000 -6734.027401808140 902.046232066896 -114.585351974929 -0.72291164026881 -4.69714406303472 6.00872734224587
2024-05-04T04:36:00.000 -6660.117271955950 -244.404126920403 1314.089086361230 1.33530784620363 -4.79819047909768 5.82384332999425
2024-05-04T04:40:00.000 -6100.803683505270 -1373.039470116450 2646.708154574640 3.29721056469660 -4.54953324665641 5.21313105077328
2024-05-04T04:44:00.000 -5096.722025158370 -2401.576024884990 3785.820643740240 5.01891066060175 -3.96915403433125 4.22122172420411
2024-05-04T04:48:00.000 -3721.086224771660 -3255.036713528420 4648.158821884830 6.37453245553222 -3.09952535360482 2.92087118877742
2024-05-04T04:52:00.000 -2074.219382674520 -3871.243635752480 5170.734076768400 7.26538512977594 -2.00413098073157 1.40722207933211
2024-05-04T04:56:00.000 -276.165528563742 -4205.300615997090 5315.370676519920 7.62671816365307 -0.76260785966729 -0.20935791392445
2024-05-04T05:00:00.000 1542.016477521740 -4232.809572095750 5071.434355681860 7.43204796449205 0.53485144830849 -1.81106784325179
2024-05-04T05:04:00.000 3247.735458490800 -3951.651414471060 4456.620667311850 6.69517022270380 1.79390406819004 -3.28105435360286
2024-05-04T05:08:00.000 4716.478626568870 -3382.179252723690 3515.722271682060 5.46926741569442 2.92271593502999 -4.51169412010175
2024-05-04T05:12:00.000 5840.920888480150 -2565.823846783730 2317.458777609970 3.84358369613757 3.83859012532370 -5.41249515581212
2024-05-04T05:16:00.000 6538.889301736100 -1562.131176261030 949.505759632125 1.93724504317332 4.47422236803077 -5.91702092362924
2024-05-04T05:20:00.000 6759.544436553690 -444.409160666364 -487.963733147655 -0.10943579135482 4.78303201088267 -5.98829962762582
2024-05-04T05:24:00.000 6487.176267579300 705.736589011724 -1889.767741565140 -2.14595740548365 4.74287467907543 -5.62179783335658
2024-05-04T05:28:00.000 5742.260126212560 1804.491159288170 -3153.563704895020 -4.02321877941676 4.35757629044794 -4.84552015869791
2024-05-04T05:32:00.000 4579.738356767860 2772.036143186980 -4187.411126671940 -5.60490868329239 3.65632559900687 -3.71750614776571
2024-05-04T05:36:00.000 3084.719384657980 3538.350591266710 -4916.428381038650 -6.77742499148962 2.69098407964041 -2.32088494623063
2024-05-04T05:40:00.000 1366.068124235230 4048.171562553850 -5288.051204477950 -7.45745937610387 1.53187307196622 -0.75732752605860
2024-05-04T05:44:00.000 -451.528077622084 4264.811340313850 -5275.607648649000 -7.59710770105529 0.26253334520530 0.86033666084973
2024-05-04T05:48:00.000 -2236.426073025500 4172.648120108530 -4880.078955450150 -7.18658799119372 -1.02600177544191 2.41577980362995
2024-05-04T05:52:00.000 -3859.291603782000 3778.207763378960 -4130.008292660030 -6.25483321399638 -2.24122711218259 3.79692643459446
2024-05-04T05:56:00.000 -5202.245613194120 3109.776425469200 -3079.572437356850 -4.86794086864248 -3.29535208740760 4.90348697177775
2024-05-04T06:00:00.000 -6167.367425483080 2215.520183505120 -1804.865203191390 -3.12524800069286 -4.11151995083787 5.65426450610550
2024-05-04T06:04:00.000 -6683.933672037750 1160.153338804670 -398.537325568834 -1.15276698199882 -4.62958150515902 5.99340257261865
2024-05-04T06:08:00.000 -6713.798325086340 20.326786093233 1036.878311459200 0.90568815268662 -4.81090761844091 5.89501516780135
2024-05-04T06:12:00.000 -6254.406382479130 -1120.967688499600 2396.506780257410 2.89926510786360 -4.64167670133321 5.36566646505093
2024-05-04T06:16:00.000 -5339.076506141360 -2180.540175708140 3580.932722520390 4.68180729849010 -4.13406003295789 4.44397236547504
2024-05-04T06:20:00.000 -4034.521265799200 -3081.151551660140 4503.565930175310 6.12291611184673 -3.32512328997022 3.19748333032485
2024-05-04T06:24:00.000 -2435.887585254600 -3757.175357456230 5096.998734716200 7.11749884162992 -2.27396881325347 1.71747915613514
2024-05-04T06:28:00.000 -659.721629266326 -4159.370440364720 5317.893685804890 7.59334252448581 -1.05712858236712 0.11199233015294
2024-05-04T06:32:00.000 1164.535484720290 -4258.390731170820 5150.066212561590 7.51575591275977 0.23709398227428 -1.50207473161907
2024-05-04T06:36:00.000 2903.874345658390 -4046.903600675690 4605.646676475240 6.88992558121883 1.51461965220010 -3.00703115691880
2024-05-04T06:40:00.000 4431.349562275780 -3540.180179142690 3724.272243996420 5.76095062238960 2.68231510092463 -4.29275183327038
2024-05-04T06:44:00.000 5635.358895150950 -2775.055510796070 2570.284766051340 4.21088486531977 3.65470083806528 -5.26476009491581
2024-05-04T06:48:00.000 6427.900817726390 -1807.315264030340 1228.095271877730 2.35318770262675 4.36035422842634 -5.85138553971552
2024-05-04T06:52:00.000 6751.175435015110 -707.630643747753 -204.013123865661 0.32449785085134 4.74749467774712 -6.00950532184083
2024-05-04T06:56:00.000 6581.920220951480 443.689631265025 -1621.214934494960 -1.72589632467244 4.78810230177937 -5.72807539870585
2024-05-04T07:00:00.000 5933.062995093220 1562.696585066100 -2919.982052523200 -3.64767719441049 4.48004560150728 -5.02883316705739
2024-05-04T07:04:00.000 4852.563137368110 2568.038966066980 -4005.754599047280 -5.30106203507831 3.84687318520459 -3.96421470535020
2024-05-04T07:08:00.000 3419.626909166410 3386.895482979830 -4799.813805256400 -6.56700277722130 2.93560117035470 -2.61287407500693
2024-05-04T07:12:00.000 1738.703272300150 3960.164827154610 -5244.850609038430 -7.35533590482363 1.81278470019047 -1.07341532064727
2024-05-04T07:16:00.000 -68.173469336307 4246.572918032800 -5308.893366492860 -7.61042614838341 0.55952455809740 0.54287626995309
2024-05-04T07:20:00.000 -1870.109004026560 4225.488867003730 -4987.430873575830 -7.31440969620652 -0.73423632267997 2.11974846478822
2024-05-04T07:24:00.000 -3536.569095134170 3898.334027126270 -4303.676440215440 -6.48814587698408 -1.97567706366379 3.54368833844357
2024-05-04T07:28:00.000 -4946.587084093840 3288.535146039340 -3306.995166833710 -5.19013134326637 -3.07529116942659 4.71153402254908
2024-05-04T07:32:00.000 -5997.433256583860 2439.984564682570 -2069.535110679200 -3.51308785120780 -3.95304672295436 5.53775506845118
2024-05-04T07:36:00.000 -6612.182591336370 1414.041845056620 -681.188417425058 -1.57812870396736 -4.54438462888578 5.96102273308185
2024-05-04T07:40:00.000 -6745.546888271840 285.172091642439 756.873472333105 0.47386328662238 -4.80538281419604 5.94933790027786
2024-05-04T07:44:00.000 -6387.389836962700 -864.465653663786 2139.616828416560 2.49265986288032 -4.71630463368770 5.50278578609906
2024-05-04T07:48:00.000 -5563.608405379110 -1951.077426340490 3365.937671196210 4.33018412524245 -4.28337364727720 4.65382606274954
2024-05-04T07:52:00.000 -4334.228653681350 -2895.447465427580 4346.175080016750 5.85191619113379 -3.53823975299851 3.46472219177255
2024-05-04T07:56:00.000 -2788.912208376580 -3628.760955200090 5008.708834720260 6.94689791012792 -2.53533609792162 2.02253967046824
2024-05-04T08:00:00.000 -1040.330981932820 -4097.596361927700 5305.146715803860 7.53546046174885 -1.34772200992498 0.43261600494622
2024-05-04T08:04:00.000 784.069672467512 -4267.774972059990 5213.809836255900 7.57485652327332 -0.06168402368210 -1.18916830342118
2024-05-04T08:08:00.000 2551.303489312120 -4126.795493740870 4741.263506730000 7.06188623951281 1.22944169642237 -2.72468039928911
2024-05-04T08:12:00.000 4132.425114882430 -3684.777227170740 3921.881103532120 6.03331094601481 2.43159421760045 -4.06168889015644
2024-05-04T08:16:00.000 5411.928561746610 -2973.820501020790 2815.448079089270 4.56378112323749 3.45680355396331 -5.10198975916182
2024-05-04T08:20:00.000 6296.289983730320 -2045.737838429570 1502.868806326360 2.76072858709862 4.22980764664829 -5.76893239256344
2024-05-04T08:24:00.000 6720.956625340600 -968.292449667758 80.244385483991 0.75666675942121 4.69383969327045 -6.01339031459779
2024-05-04T08:28:00.000 6655.203483287640 179.818161434996 -1348.268873810930 -1.30086334716866 4.81514980961752 -5.81783556212112
2024-05-04T08:32:00.000 6104.366019130330 1314.839908500920 -2678.259382133020 -3.26086509061224 4.58559123762886 -5.19762401972370
2024-05-04T08:36:00.000 5109.269791178340 2354.193718677310 -3812.817928729390 -4.98047892232573 4.02298968593449 -4.19944763169418
2024-05-04T08:40:00.000 3742.965194222840 3222.535232459110 -4669.617139183320 -6.33564929338738 3.16932559291033 -2.89726184817078
2024-05-04T08:44:00.000 2105.143002757110 3857.143454269010 -5186.761417239160 -7.22964188003930 2.08711076719880 -1.38627280490833
2024-05-04T08:48:00.000 314.789433157424 4212.301073360470 -5327.057074074200 -7.59922885192790 0.85465040622190 0.22413034744808
2024-05-04T08:52:00.000 -1498.352844243730 4262.428260089570 -5080.504225605280 -7.41844004047092 -0.43950879120705 1.81800819895702
2024-05-04T08:56:00.000 -3202.952821221940 4003.831993205170 -4464.933808345190 -6.70006377881988 -1.70254126192002 3.28067557412076
2024-05-04T09:00:00.000 -4675.346588778380 3454.995832775710 -3524.780534294340 -5.49490022201884 -2.84350454676760 4.50637874372733
2024-05-04T09:04:00.000 -5808.352202500020 2655.381542154240 -2328.053776710220 -3.88883409334507 -3.77954691710626 5.40558192204108
2024-05-04T09:08:00.000 -6519.112632882040 1662.754845642470 -961.624660102710 -1.99757626794851 -4.44197433293268 5.91169780512123
2024-05-04T09:12:00.000 -6755.347243027170 549.117465055258 474.979705461539 0.04131372612066 -4.78165576380957 5.98661850140918
2024-05-04T09:16:00.000 -6499.403671704550 -604.512709730882 1876.866020059730 2.07867315848134 -4.77311413084929 5.62405702064760
2024-05-04T09:20:00.000 -5769.688460697970 -1714.071713186910 3141.542247410110 3.96510449472443 -4.41661672816973 4.85021106471469
2024-05-04T09:24:00.000 -4619.343227485290 -2698.668136717760 4176.533063706730 5.56240041167798 -3.73815557262463 3.72181076904046
2024-05-04T09:28:00.000 -3132.273237800740 -3486.544358327390 4906.212363532010 6.75399008254810 -2.78733294952492 2.32158048481306
2024-05-04T09:32:00.000 -1416.912932282640 -4020.306004720030 5277.295899685110 7.45321917495357 -1.63347264404762 0.75180679455319
2024-05-04T09:36:00.000 401.709313857303 -4261.055591443440 5262.657739635850 7.60923968569256 -0.36045288306862 -0.87310416568160
2024-05-04T09:40:00.000 2191.035035125520 -4191.179226758220 4863.280269283990 7.21051291281163 0.93930142081182 -2.43473597989075
2024-05-04T09:44:00.000 3820.552789550590 -3815.626254372280 4108.202223058300 6.28555198203380 2.17126334119700 -3.81906534009235
2024-05-04T09:48:00.000 5171.265817581020 -3161.627456728560 3052.488071150310 4.90130948383392 3.24541464889725 -4.92457479013130
2024-05-04T09:52:00.000 6144.449341369410 -2276.807130238110 1773.298721124150 3.15882164329729 4.08290618933975 -5.66982554356941
2024-05-04T09:56:00.000 6669.029992628920 -1225.747658275300 364.269250263373 1.18603892782788 4.62220432088717 -5.99990098806556
2024-05-04T10:00:00.000 6706.926262790880 -85.221998603147 -1071.433233549260 -0.87181707913105 4.82394017288561 -5.89083074089291
2024-05-04T10:04:00.000 6255.863733218390 1061.537639536310 -2428.825296715190 -2.86354813556437 4.67398306294518 -5.35153032251775
2024-05-04T10:08:00.000 5349.389026080840 2131.046616143610 -3608.934743110510 -4.64376682931991 4.18431563663696 -4.42276585366529
2024-05-04T10:12:00.000 4054.144023716100 3045.712545563380 -4526.055533941570 -6.08375152025973 3.39166094445314 -3.17353867462176
2024-05-04T10:16:00.000 2464.732594748720 3739.418645652720 -5113.878624716540 -7.08052119846142 2.35425851860090 -1.69539966670440
2024-05-04T10:20:00.000 696.700861261753 4162.161728927720 -5330.085642330080 -7.56343611983272 1.14731041950778 -0.09551126422331
2024-05-04T10:24:00.000 -1121.784310290840 4283.491860788320 -5159.203223469090 -7.49848558825069 -0.14239165360411 1.51087449832319
2024-05-04T10:28:00.000 -2859.006391268000 4094.595942424230 -4613.612752054250 -6.89025121036260 -1.42233117805001 3.00817319676532
2024-05-04T10:32:00.000 -4388.987071761770 3608.938442162670 -3732.699499262430 -5.78174774324578 -2.60042743810458 4.28823277514439
2024-05-04T10:36:00.000 -5600.450514274150 2861.400505484400 -2580.156226838960 -4.25185662676902 -3.59133215740608 5.25782628269160
2024-05-04T10:40:00.000 -6404.895762135980 1905.925495069560 -1239.579358025370 -2.41048724292434 -4.32252089087846 5.84538546724874
2024-05-04T10:44:00.000 -6743.220443309340 811.760923943059 191.451841447034 -0.39129608289034 -4.73984898116910 6.00678837884806
2024-05-04T10:48:00.000 -6590.299755117460 -341.526046853040 1608.480965186180 1.65803813595484 -4.81208659298561 5.72931058681796
2024-05-04T10:52:00.000 -5956.996855046980 -1469.908389466770 2907.919730950520 3.58723622699000 -4.53354595824153 5.03286486611298
2024-05-04T10:56:00.000 -4889.399828918180 -2491.123510985380 3994.747770008340 5.25492703773368 -3.92451084708880 3.96846961928134
2024-05-04T11:00:00.000 -3465.372800792710 -3330.740626360150 4789.536675011020 6.53931342367944 -3.02950913933088 2.61417046030946
2024-05-04T11:04:00.000 -1788.765665894850 -3927.589212787860 5234.242014923390 7.34691676089982 -1.91380897833028 1.06898703675116
2024-05-04T11:08:00.000 18.205777824008 -4238.179574634670 5296.379241967660 7.61905350221252 -0.65857505725101 -0.55440439430266
2024-05-04T11:12:00.000 1823.838668912160 -4239.826289579820 4971.336335493930 7.33577170933130 0.64502643299379 -2.13777486912274
2024-05-04T11:16:00.000 3496.452425738400 -3932.287368472220 4282.725088439940 6.51725155963566 1.90222335588923 -3.56554548489534
2024-05-04T11:20:00.000 4913.938499599850 -3337.837811041710 3280.742288836550 5.22266240051112 3.02126321151508 -4.73309806555776
2024-05-04T11:24:00.000 5972.716974688990 -2499.738587379810 2038.596731070260 3.54637224688756 3.92011904066080 -5.55451786319855
2024-05-04T11:28:00.000 6595.444524986510 -1479.135949060350 647.189588904094 1.61133083863893 4.53274787972550 -5.96925960456822
2024-05-04T11:32:00.000 6736.823731050200 -350.570046624809 -791.602222790415 -0.44007542927886 4.81432773446645 -5.94703143554462
2024-05-04T11:36:00.000 6386.975167252000 803.578585159287 -2172.533195980740 -2.45701101069364 4.74475874784568 -5.49023993031098
2024-05-04T11:40:00.000 5572.053275348430 1899.239671025350 -3394.851923647080 -4.29200501008776 4.33010621200653 -4.63360784700466
2024-05-04T11:44:00.000 4352.067553841060 2856.865775323020 -4369.718771898880 -5.81212228093017 3.60166307523658 -3.44095057884310
2024-05-04T11:48:00.000 2816.225980787430 3607.185047355120 -5026.590938715340 -6.90839738105317 2.61316365622485 -1.99989602167087
2024-05-04T11:52:00.000 1076.263034212770 4096.090475314170 -5318.143095743380 -7.50304822141583 1.43642450116072 -0.41509040967590
2024-05-04T11:56:00.000 -741.648922029401 4288.365775574180 -5223.467796498220 -7.55413109524251 0.15613810566084 1.19923127164718
2024-05-04T12:00:00.000 -2505.841420951920 4170.096085735660 -4749.456509551410 -7.05802471519472 -1.13587147771359 2.72694527801531
2024-05-04T12:04:00.000 -4088.425649950590 3749.653510077770 -3930.318064247020 -6.04971279189991 -2.34673259182227 4.05780911735076
2024-05-04T12:08:00.000 -5374.375172522390 3057.195385681310 -2825.254245324390 -4.60087816564907 -3.38884547145506 5.09503589873054
2024-05-04T12:12:00.000 -6269.849742242740 2142.638924704060 -1514.364971978760 -2.81542940162841 -4.18614300983924 5.76234886381946
2024-05-04T12:16:00.000 -6709.147959456470 1072.201243154140 -92.992555670603 -0.82261703593542 -4.67974858174632 6.00986715045276
2024-05-04T12:20:00.000 -6659.746759439190 -76.328070960320 1335.163138535050 1.23201547959892 -4.83279509472402 5.81838705657753
2024-05-04T12:24:00.000 -6124.907523667670 -1219.288906262080 2665.708876852080 3.19778516787979 -4.63357434491153 5.20141286099260
2024-05-04T12:28:00.000 -5143.498612964440 -2273.346840660880 3801.336801876980 4.93053836885828 -4.09648477641433 4.20407830396329
2024-05-04T12:32:00.000 -3787.097256773390 -3161.659311139700 4659.032467768300 6.30358883058918 -3.26084594693930 2.89956480216352
2024-05-04T12:36:00.000 -2154.639590884230 -3819.504145269630 5176.148084661400 7.21697261158368 -2.18766956836218 1.38331189192445
2024-05-04T12:40:00.000 -365.136599713694 -4198.951533747480 5314.911857437410 7.60430644712565 -0.95501596464038 -0.23407501556030
2024-05-04T12:44:00.000 1450.972549321860 -4272.304697870700 5065.134530287280 7.43730278528385 0.34755744371084 -1.83472372159824
2024-05-04T12:48:00.000 3161.259168058970 -4034.108294732890 4444.944819743270 6.72774877416901 1.62537368917066 -3.30192325649808
2024-05-04T12:52:00.000 4640.885397391030 -3501.584680990150 3499.528578287960 5.52683418610267 2.78523111588358 -4.52824351294336
2024-05-04T12:56:00.000 5781.743283368490 -2713.468216354640 2297.936434201660 3.92198369536774 3.74219043708655 -5.42352033945521
2024-05-04T13:00:00.000 6500.470980988650 -1727.244005068470 928.081661917774 2.03077967799691 4.42594646752825 -5.92175528329188
2024-05-04T13:04:00.000 6744.711329623510 -614.943370417822 -509.731301047094 -0.00763080577486 4.78639638982198 -5.98640051623576
2024-05-04T13:08:00.000 6497.032707102100 542.214830681309 -1910.290641873100 -2.04326786458137 4.79758145247673 -5.61338891461219
2024-05-04T13:12:00.000 5776.122623817230 1659.894274791800 -3171.346696530870 -3.92707794886248 4.45961025113469 -4.83124423668759
2024-05-04T13:16:00.000 4635.180409292240 2656.894240242990 -4201.168474678230 -5.52232668459483 3.79824951445174 -3.69844325854344
2024-05-04T13:20:00.000 3157.734912365610 3461.046434949170 -4925.171365722550 -6.71446133779074 2.86243893463781 -2.29841007005770
2024-05-04T13:24:00.000 1451.365875582420 4014.323250052090 -5291.148444614610 -7.41869211549569 1.72033378893993 -0.73303592385410
2024-05-04T13:28:00.000 -360.128391239188 4276.868261674890 -5272.828789168450 -7.58533112909210 0.45427935838448 0.88472198168537
2024-05-04T13:32:00.000 -2145.540514065730 4229.718556435580 -4871.609325233010 -7.20260966656392 -0.84492471895400 2.43853102067533
2024-05-04T13:36:00.000 -3775.485358011370 3876.127028992930 -4116.443539171530 -6.29744613739464 -2.08397381369042 3.81637245711567
2024-05-04T13:40:00.000 -5131.564660682640 3241.410750734340 -3061.882389306870 -4.93403453932105 -3.17336369588425 4.91820490136623
2024-05-04T13:44:00.000 -6114.901380084450 2371.280921723760 -1784.325458884070 -3.21002568471674 -4.03368976122971 5.66314235146714
2024-05-04T13:48:00.000 -6653.452743862260 1328.685273372320 -376.638476910879 -1.25007141984316 -4.60165132512868 5.99578007373799
2024-05-04T13:52:00.000 -6707.463983675790 189.327170572520 1058.540985540750 0.80300797205225 -4.83495612371993 5.89066557555150
2024-05-04T13:56:00.000 -6272.610691499740 -963.836483913494 2416.336503934500 2.79870706922558 -4.71592355989377 5.35482124706058
2024-05-04T14:00:00.000 -5380.424795204270 -2046.737367389700 3597.448271620960 4.59066761986490 -4.25301104948236 4.42736218216607
2024-05-04T14:04:00.000 -4095.947213185520 -2980.417129703210 4515.518982693600 6.04775302106626 -3.48005082397906 3.17630642737342
2024-05-04T14:08:00.000 -2512.880335737970 -3696.828269761330 5103.475138924800 7.06372034916992 -2.45353407410569 1.69329990832221
2024-05-04T14:12:00.000 -746.655708640808 -4143.777160505860 5318.383970722110 7.56476679416140 -1.24823983391273 0.08659922721650
2024-05-04T14:16:00.000 1073.988816317480 -4288.665485137730 5144.508385241490 7.51440880152572 0.04830027282485 -1.52675767514909
2024-05-04T14:20:00.000 2816.305279959860 -4120.832391717900 4594.442272029630 6.91595165625821 1.34185040081964 -3.02910525121515
2024-05-04T14:24:00.000 4353.149385736810 -3652.374307991700 3708.250463518420 5.81253494170012 2.53815972557912 -4.31057095273079
2024-05-04T14:28:00.000 5572.254217152460 -2917.333479450000 2550.631512184970 4.28433710603868 3.54969531107940 -5.27701673391947
2024-05-04T14:32:00.000 6384.532116790590 -1969.295410557490 1206.259339819360 2.44319730802005 4.30218276688102 -5.85721099816225
2024-05-04T14:36:00.000 6730.750768296820 -877.491288371177 -226.430553303964 0.42452382523932 4.74039245147361 -6.00849757156405
2024-05-04T14:40:00.000 6585.983298656730 278.341777553578 -1642.575725704230 -1.62310547903828 4.83258274145919 -5.72034003181382
2024-05-04T14:44:00.000 5961.377069454720 1413.923771105600 -2938.734179984180 -3.54960942630188 4.57283784664919 -5.01497258802372
2024-05-04T14:48:00.000 4903.126451529980 2446.684521813470 -4020.547250893620 -5.21484616845765 3.98116584269976 -3.94529741744789
2024-05-04T14:52:00.000 3488.820757905880 3301.799599531300 -4809.602628541920 -6.49892064671464 3.10162418189008 -2.59035835528629
2024-05-04T14:56:00.000 1821.540816026760 3917.534568634970 -5248.967099884150 -7.31043065717506 1.99847833871937 -1.04893691058094
2024-05-04T15:00:00.000 22.310063300665 4249.524570539960 -5307.066904927500 -7.59200230643670 0.75135567814190 0.56763451711444
2024-05-04T15:04:00.000 -1778.534078245270 4273.817621573750 -4979.802902880940 -7.32379067963594 -0.55023576951164 2.14304948027415
2024-05-04T15:08:00.000 -3450.531238260220 3988.530444713370 -4290.798665241560 -6.52461750624320 -1.81291703009661 3.56387000563932
2024-05-04T15:12:00.000 -4872.303433911680 3414.039132142900 -3289.799588578520 -5.25101730404285 -2.94561602382673 4.72710718058338
2024-05-04T15:16:00.000 -5940.269235500730 2591.666022955500 -2049.274218144290 -3.59399646523934 -3.86591823132101 5.54757001385473
2024-05-04T15:20:00.000 -6576.262583764080 1580.856328377200 -659.340039122540 -1.67317333306573 -4.50617664375125 5.96434995601988
2024-05-04T15:24:00.000 -6733.453877216250 454.967746342649 778.710846312239 0.37155664863348 -4.81891143970134 5.94592359795939
2024-05-04T15:28:00.000 -6399.976260963270 -704.071503642343 2159.846600178740 2.39057281239468 -4.78064443423758 5.49287859960899
2024-05-04T15:32:00.000 -5599.918638484340 -1811.786576358370 3383.074106311990 4.23578171851089 -4.39381027429225 4.63810517882729
2024-05-04T15:36:00.000 -4391.579813709920 -2787.415274138730 4358.947274615810 5.77204429465335 -3.68669754294407 3.44429141013418
2024-05-04T15:40:00.000 -2863.099027020010 -3559.860061795260 5016.158031288200 6.88732251598023 -2.71097400295898 1.99889138994547
2024-05-04T15:44:00.000 -1125.932639247790 -4072.841488657860 5306.708622456880 7.50048662096625 -1.53770972245989 0.40750715632236
2024-05-04T15:48:00.000 693.292943639881 -4288.958452538060 5209.357466411720 7.56696206907220 -0.25218944455733 -1.21385788578740
2024-05-04T15:52:00.000 2461.959926973320 -4192.376926576170 4731.124881706260 7.08165956361216 1.05221602096983 -2.74707197567705
2024-05-04T15:56:00.000 4051.032024752970 -3789.998070637050 3906.817584245200 6.07941313891522 2.28050812114919 -4.08008303122958
2024-05-04T16:00:00.000 5344.452382798750 -3111.037265751900 2796.585597433900 4.63295439459624 3.34289280005328 -5.11505810256044
2024-05-04T16:04:00.000 6247.704058541700 -2204.966515064460 1481.608685079070 2.84802532506814 4.16141779538242 -5.77572810199872
2024-05-04T16:08:00.000 6694.877469954880 -1137.932608031920 58.154101147996 0.85577968939490 4.67600494963979 -6.01348396097721
2024-05-04T16:12:00.000 6653.611353786530 12.134574574558 -1369.578281864550 -1.19716675459307 4.84918534367946 -5.81128098045064
2024-05-04T16:16:00.000 6127.457019901480 1161.337236182950 -2697.247039267010 -3.16012908160491 4.66900906747872 -5.18496043243439
2024-05-04T16:20:00.000 5155.440759827230 2226.062985004930 -3828.127963549730 -4.89006426745637 4.14971090254760 -4.18166317473843
2024-05-04T16:24:00.000 3808.923633756880 3129.117501059480 -4680.174568663130 -6.26218299441489 3.33011031988531 -2.87568757550025
2024-05-04T16:28:00.000 2186.145508061360 3805.250706851740 -5191.843333264100 -7.17851623690733 2.27025545157000 -1.36249923363397
2024-05-04T16:32:00.000 404.982908902359 4205.725559322550 -5326.339779622030 -7.57424549824339 1.04684335894459 0.24840608133291
2024-05-04T16:36:00.000 -1405.506756575880 4301.666265752720 -5074.064739739650 -7.42144922300506 -0.25225823283418 1.84114565796089
2024-05-04T16:40:00.000 -3114.183021457360 4086.043047206120 -4453.240040703360 -6.73080964740777 -1.53387347151805 3.30106544012208
2024-05-04T16:44:00.000 -4597.074589334640 3574.208828318000 -3508.672630254420 -5.55109811396286 -2.70570598436170 4.52254191904894
2024-05-04T16:48:00.000 -5746.230280560760 2802.930583751620 -2308.700826336900 -3.96640924039371 -3.68265988641033 5.41628630598058
2024-05-04T16:52:00.000 -6477.628471114060 1827.903677262080 -940.441770725798 -2.09093501064169 -4.39310336843427 5.91615415706874
2024-05-04T16:56:00.000 -6737.490179231210 719.835201669403 496.446777814388 -0.06101042358227 -4.78440399861396 5.98451280183323
2024-05-04T17:00:00.000 -6506.436203050030 -440.665362419766 1897.049633378200 1.97485044076144 -4.82726425515040 5.61553179363412
2024-05-04T17:04:00.000 -5801.060112407380 -1569.029105583370 3158.966559806050 3.86734109788044 -4.51821412707736 4.83587853928230
2024-05-04T17:08:00.000 -4672.729509836010 -2582.993369680620 4189.915669794020 5.47781341345456 -3.87979257275410 3.70264906535463
2024-05-04T17:12:00.000 -3203.759138852100 -3408.663109288790 4914.553294604350 6.68867023858749 -2.95871680868374 2.29898914529704
2024-05-04T17:16:00.000 -1501.271432250640 -3985.893630263980 5279.966087778190 7.41192157218635 -1.82210859345913 0.72743171655013
2024-05-04T17:20:00.000 310.639496381730 -4272.613345985650 5259.442596158150 7.59494325686091 -0.55255251814281 -0.89746877095743
2024-05-04T17:24:00.000 2099.892351207700 -4247.852761719560 4854.402117295110 7.22420369369839 0.75772187807899 -2.45725844240746
2024-05-04T17:28:00.000 3735.979092857610 -3913.286295011040 4094.311917144530 6.32627619381382 2.01337054772649 -3.83805240856319
2024-05-04T17:32:00.000 5099.438680745570 -3293.169807343310 3034.608383552030 4.96617168064603 3.12268155587880 -4.93863097864281
2024-05-04T17:36:00.000 6090.634167429010 -2432.658947186490 1752.743167534040 3.24315064335799 4.00430182008551 -5.67792780764974
2024-05-04T17:40:00.000 6637.192800269860 -1394.558735823980 342.546597486522 1.28374667472008 4.59347929434782 -6.00147026358759
2024-05-04T17:44:00.000 6699.441865341430 -254.693386734905 -1092.736394940280 -0.76782198034070 4.84719601329001 -5.88579465946722
2024-05-04T17:48:00.000 6273.336628655550 903.753841222045 -2448.163904381380 -2.76083993672534 4.74752612638977 -5.34030220016372
2024-05-04T17:52:00.000 5390.604028196140 1996.443698669740 -3624.917687474410 -4.54983539113240 4.30276110661853 -4.40621115276264
2024-05-04T17:56:00.000 4116.153141055810 2944.089123875600 -4537.547431975530 -6.00546236601532 3.54636410661397 -3.15289851645637
2024-05-04T18:00:00.000 2543.067201352430 3678.170486817590 -5120.074156283430 -7.02360011221985 2.53396328042512 -1.67216980422851
2024-05-04T18:04:00.000 785.697332601025 4145.748651602050 -5330.559971832920 -7.53205426405662 1.33894782554713 -0.07134970918479
2024-05-04T18:08:00.000 -1028.571442612680 4313.112662292410 -5153.939499001900 -7.49495449657996 0.04724644778295 1.53425007763046
2024-05-04T18:12:00.000 -2768.336909451630 4168.101736355210 -4602.993683494050 -6.91483899749546 -1.24850025257012 3.02917266819186
2024-05-04T18:16:00.000 -4307.426028310030 3720.982245670240 -3717.475067879840 -5.83258932938974 -2.45507230127633 4.30537305671542
2024-05-04T18:20:00.000 -5533.884651238940 3003.826860430600 -2561.414207205440 -4.32520761386713 -3.48504732282874 5.26980670411814
2024-05-04T18:24:00.000 -6358.117447859300 2068.367143970660 -1218.680698179590 -2.50104052025767 -4.26302879881127 5.85125761004117
2024-05-04T18:28:00.000 -6719.599709499270 982.392397504147 212.978116937698 -0.49254426521410 -4.73152367933940 6.00612527242973
2024-05-04T18:32:00.000 -6591.524741379430 -175.139646323118 1629.066020128290 1.55351439023933 -4.85557046064584 5.72217382784246
2024-05-04T18:36:00.000 -5982.935872861080 -1319.892026342320 2926.058581532820 3.48706285099638 -4.62563677194498 5.01973856570638
2024-05-04T18:40:00.000 -4938.123168717630 -2368.400401453630 4009.105867587400 5.16638050292410 -4.05846542067388 3.95026915409034
2024-05-04T18:44:00.000 -3533.305118907620 -3244.241119365720 4799.045345289720 6.46875124207000 -3.19557632055704 2.59221208043193
2024-05-04T18:48:00.000 -1870.948624735370 -3883.610746859390 5238.193272184570 7.29945450295021 -2.09992238485555 1.04492031728179
2024-05-04T18:52:00.000 -72.228747724136 -4239.928226834390 5294.476123740080 7.59817745360270 -0.85118589628965 -0.57882847969333
2024-05-04T18:56:00.000 1731.755585151350 -4287.171332447560 4963.706911120560 7.34298633431840 0.45999505651515 -2.16077334777706
2024-05-04T19:00:00.000 3409.436319333870 -4021.770806164920 4269.921411725800 6.55200629469481 1.73824218186722 -3.58539033229663
2024-05-04T19:04:00.000 4838.340155201600 -3462.936392563760 3263.704619933780 5.28247870177126 2.89027160821515 -4.74832345859179
2024-05-04T19:08:00.000 5914.064864464940 -2651.330578215120 2018.573591190710 3.62691108576454 3.83168717657633 -5.56401747790236
2024-05-04T19:12:00.000 6558.034746404920 -1646.164229504190 625.648693446514 1.70673102338354 4.49333018506718 -5.97232914227623
2024-05-04T19:16:00.000 6723.408249069560 -520.854527943256 -813.081415997112 -0.33674033039412 4.82676819456325 -5.94345512054609
2024-05-04T19:20:00.000 6398.564006682570 642.446252225482 -2192.381755995240 -2.35325257501198 4.80811166804435 -5.48031675134539
2024-05-04T19:24:00.000 5607.835730813500 1758.990189902210 -3411.628519004170 -4.19538030072472 4.43970504079322 -4.61809333898157
2024-05-04T19:28:00.000 4409.471559361720 2747.699248608420 -4382.213027270310 -5.72967279866037 3.74950263409656 -3.42099696914106
2024-05-04T19:32:00.000 2891.101521359980 3537.033208542280 -5033.905013304880 -6.84613889394300 2.78845680167885 -1.97694040018830
2024-05-04T19:36:00.000 1163.188827410370 4070.042896368020 -5319.750333889700 -7.46550088649731 1.62642625769416 -0.39077334112579
2024-05-04T19:40:00.000 -648.969536577766 4308.307683479620 -5219.247783183270 -7.54402091769840 0.34704312031984 1.22318599628100
2024-05-04T19:44:00.000 -2414.120082258050 4234.571880452020 -4739.703590573630 -7.07607434499355 -0.95792117000323 2.74882078271962
2024-05-04T19:48:00.000 -4004.306174634760 3853.971337448030 -3915.720928512920 -6.09461791302783 -2.19470456964185 4.07606605349551
2024-05-04T19:52:00.000 -5303.939512996650 3193.754807515370 -2806.844911203210 -4.66929786836951 -3.27383315635254 5.10834254686153
2024-05-04T19:56:00.000 -6218.170867693850 2301.493512062830 -1493.465321254680 -2.90236854646791 -4.11649293313193 5.76964996253020
2024-05-04T20:00:00.000 -6679.944393755470 1241.786750982200 -71.127393265403 -0.92184809106277 -4.66052511743247 6.01056335351526
2024-05-04T20:04:00.000 -6655.123296970180 91.639436739186 1356.395693024380 1.12766139772525 -4.86542350416572 5.81245603142323
2024-05-04T20:08:00.000 -6145.186075138840 -1065.176562213260 2684.762287727010 3.09588710015261 -4.71570365216277 5.18929449023105
2024-05-04T20:12:00.000 -5187.190932190930 -2144.323661715920 3816.822943405520 4.83851950374269 -4.22215209709906 4.18664936825988
2024-05-04T20:16:00.000 -3851.008447004780 -3067.128906600800 4669.818717487110 6.22812714130263 -3.42085915864135 2.87806779425735
2024-05-04T20:20:00.000 -2234.117833540630 -3766.355240688620 5181.447898113850 7.16350031603799 -2.37039772529989 1.35938199896681
2024-05-04T20:24:00.000 -454.400057914647 -4191.067658817590 5314.356477330190 7.57674854806187 -1.14719769120201 -0.25863616093072
2024-05-04T20:28:00.000 1358.434931233880 -4310.280311968640 5058.786892480510 7.43775474630522 0.15992151649921 -1.85814404605398
2024-05-04T20:32:00.000 3072.210937991570 -4115.188915677290 4433.281937542130 6.75619699959639 1.45600368514724 -3.32252615230563
2024-05-04T20:36:00.000 4561.835622041820 -3619.865748707230 3483.411453634280 5.58119711364014 2.64649326636719 -4.54452829788546
2024-05-04T20:40:00.000 5718.473926794990 -2860.330964822090 2278.552656264470 3.99832560347915 3.64421245515078 -5.43428807885299
2024-05-04T20:44:00.000 6457.621158590880 -1891.977667715010 906.859748251946 2.12356081379001 4.37591547741738 -5.92621046735215
2024-05-04T20:48:00.000 6725.435690943560 -785.528780863670 -531.229595868390 0.09483416485261 4.78795850560964 -5.98424332965699
2024-05-04T20:52:00.000 6502.763609302540 378.218909285114 -1930.492699044570 -1.93862950823913 4.85058415356503 -5.60481355011051
2024-05-04T20:56:00.000 5806.460494953320 1514.433412936280 -3188.779318051420 -3.82791126142720 4.56011016374514 -4.81688539152268
2024-05-04T21:00:00.000 4687.932061337620 2540.545216149360 -4214.562650207370 -5.43584850275627 3.93885326987249 -3.67935392363466
2024-05-04T21:04:00.000 3229.080944593940 3382.252756303250 -4933.553009566670 -6.64693007010109 3.03288784953690 -2.27598410881998
2024-05-04T21:08:00.000 1536.137871711800 3978.796282691560 -5293.906275822950 -7.37502102986817 1.90823845225228 -0.70887269554539
2024-05-04T21:12:00.000 -268.072199815432 4287.173971702440 -5269.750089785550 -7.56866776675988 0.64598791165692 0.90890462678274
2024-05-04T21:16:00.000 -2052.866058789960 4285.095863198380 -4862.897494586110 -7.21414807365247 -0.66332621500530 2.46101123744320
2024-05-04T21:20:00.000 -3688.898472218970 3972.543455133790 -4102.703915807090 -6.33632618282140 -1.92566365404553 3.83553578848030
2024-05-04T21:24:00.000 -5057.327274308920 3371.852299839950 -3044.085472701130 -4.99744224522569 -3.04987256330354 4.93264350273015
2024-05-04T21:28:00.000 -6058.377860137020 2526.248330961750 -1763.740695322980 -3.29332299348684 -3.95404934066791 5.67178556493809
2024-05-04T21:32:00.000 -6618.711836342870 1496.890841468300 -354.750243870229 -1.34719782917684 -4.57164255628953 5.99791884064766
2024-05-04T21:36:00.000 -6697.001380357820 358.524269687765 1080.138378816920 0.69904774427082 -4.85675655736039 5.88612311623854
2024-05-04T21:40:00.000 -6287.166254847990 -805.967331270713 2436.069928562690 2.69544653786727 -4.78794686935241 5.34392663206269
2024-05-04T21:44:00.000 -5418.928822999500 -1911.692468871270 3613.880256123030 4.49556713969863 -4.37003035301202 4.41091711875179
2024-05-04T21:48:00.000 -4155.597437901130 -2878.035055823440 4527.457950354870 5.96771567908518 -3.63356298231348 3.15554220468524
2024-05-04T21:52:00.000 -2589.335993382280 -3634.574466879360 5110.059450647910 7.00456169670878 -2.63238461228769 1.66972064572585
2024-05-04T21:56:00.000 -834.356308717544 -4126.198902796560 5319.147090656800 7.53079257338373 -1.43940974310842 0.06197350737046
2024-05-04T22:00:00.000 981.427092840236 -4317.060076114430 5139.420216822400 7.50814003262548 -0.14130014522545 -1.55059031540611
2024-05-04T22:04:00.000 2725.640885261830 -4193.151937158440 4583.903011450820 6.93794760593470 1.16766021004409 -3.05042931444341
2024-05-04T22:08:00.000 4271.018538257210 -3763.355564292640 3693.046082083640 5.86121290349132 2.39215120202920 -4.32789307472680
2024-05-04T22:12:00.000 5504.667030748210 -3058.880804301460 2531.876925190220 4.35610967233228 3.44254572891794 -5.28909728581741
2024-05-04T22:16:00.000 6336.431072305460 -2131.082272782290 1185.327291600940 2.53281445203760 4.24169998822271 -5.86316610067465
2024-05-04T22:20:00.000 6705.653053559170 -1047.717301596140 -248.010974109054 0.52541701984239 4.73097490639976 -6.00791489255417
2024-05-04T22:24:00.000 6585.715877790970 112.085226151334 -1663.230176100850 -1.51835026164710 4.87486405105271 -5.71324749664885
2024-05-04T22:28:00.000 5985.949698621630 1263.740220260310 -2956.950144625570 -3.44862847157899 4.66366680804003 -5.00186450499343
2024-05-04T22:32:00.000 4950.740830307400 2323.491146735100 -4034.985235472330 -5.12498646620726 4.11386793113126 -3.92710669503500
2024-05-04T22:36:00.000 3556.002794532020 3214.533172816390 -4819.189163559930 -6.42670484339144 3.26647440956437 -2.56835436404918
2024-05-04T22:40:00.000 1903.403597511340 3872.504429333620 -5252.968086604300 -7.26104178318236 2.18344616167332 -1.02467828955597
2024-05-04T22:44:00.000 112.914451975948 4249.964462839790 -5305.149396958670 -7.56898070198061 0.94299363745122 0.59240461178714
2024-05-04T22:48:00.000 -1685.748987115020 4319.657739610000 -4972.055851005860 -7.32874017784596 -0.36584172139990 2.16656343548278
2024-05-04T22:52:00.000 -3362.270122413320 4076.406509186910 -4277.731798821830 -6.55713344502092 -1.64914544587505 3.58441485246830
2024-05-04T22:56:00.000 -4794.934059905690 3537.535246350590 -3272.311125274200 -5.30870268800745 -2.81436458333574 4.74318305054747
2024-05-04T23:00:00.000 -5879.357825085930 2741.779005307850 -2028.590910906970 -3.67263027327119 -3.77671604587755 5.55793690954482
2024-05-04T23:04:00.000 -6536.182218473730 1746.644914308000 -636.941920706793 -1.76707125396640 -4.46555834577518 5.96817417865984
2024-05-04T23:08:00.000 -6717.063777678450 624.338732251572 801.200515792425 0.26924026847389 -4.82985303565900 5.94284101904584
2024-05-04T23:12:00.000 -6408.416868982390 -543.466896800485 2180.778618072230 2.28721717820312 -4.84230632713071 5.48305886058994
2024-05-04T23:16:00.000 -5632.542097745400 -1671.652214350610 3400.907892242180 4.13883627257500 -4.50168984289679 4.62226963284161
2024-05-04T23:20:00.000 -4445.990506740180 -2677.958943059380 4372.372100963570 5.68852608079333 -3.83289424521580 3.42361208806266
2024-05-04T23:24:00.000 -2935.329963681230 -3489.046543170410 5024.190751840330 6.82324250019679 -2.88483964331419 1.97491955531528
2024-05-04T23:28:00.000 -1210.728152596580 -4045.829021176320 5308.769082692050 7.46050309237670 -1.72662846353836 0.38201926660795
2024-05-04T23:32:00.000 602.105638444685 -4307.723326656770 5205.306569935480 7.55400801470545 -0.44241430840162 -1.23898276618880
2024-05-04T23:36:00.000 2371.024870755890 -4255.562940577130 4721.274450998860 7.09671654682065 0.87452547963541 -2.76997992029012
2024-05-04T23:40:00.000 3966.990806818500 -3893.013272495810 3891.903678073620 6.12146056856644 2.12833523931563 -4.09912252596668
2024-05-04T23:44:00.000 5273.453951019580 -3246.369022766000 2777.706680723240 4.69893682475373 3.22742093218916 -5.12885867073947
2024-05-04T23:48:00.000 6194.945936726670 -2362.726617932400 1460.147665576050 2.93309602587902 4.09113818281623 -5.78331945780427
2024-05-04T23:52:00.000 6664.205917688030 -1306.589882805060 35.677376541368 0.95362982327376 4.65601771676907 -6.01429477893273
2024-05-04T23:56:00.000 6647.249331720310 -155.107283659737 -1391.420059948900 -1.09367802987303 4.88088694567241 -5.80520987650676
2024-05-05T00:00:00.000 6145.853865260830 1007.704824005570 -2716.843650169840 -3.05855684155105 4.75000977754253 -5.17243384782725
2024-05-05T00:04:00.000 5197.240767180250 2097.219515982010 -3844.029604120810 -4.79779756615886 4.27400407601723 -4.16358452329015
2024-05-05T00:08:00.000 3871.073243412540 3034.414649971420 -4691.197318693900 -6.18589786813315 3.48857609445753 -2.85335308667759
2024-05-05T00:12:00.000 2264.121230149920 3751.544173061130 -5197.150859812340 -7.12371149244320 2.45133879522980 -1.33748832412402
2024-05-05T00:16:00.000 493.124647116606 4196.886368223050 -5325.499962918780 -7.54483808909973 1.23737156042409 0.27431237467970
2024-05-05T00:20:00.000 -1313.582002668580 4338.302894422430 -5067.089193217890 -7.41951768592535 -0.06612992488493 1.86605907165737
2024-05-05T00:24:00.000 -3025.120922599260 4165.462086577540 -4440.586523647400 -6.75644299008651 -1.36565133638764 3.32317388840125
2024-05-05T00:28:00.000 -4517.303621399920 3690.613122966410 -3491.217739303110 -5.60242175200663 -2.56759788527791 4.54019113795637
2024-05-05T00:32:00.000 -5681.506315622090 2947.834035729140 -2287.681078065510 -4.03970878518138 -3.58473265062146 5.42815808398882
2024-05-05T00:36:00.000 -6432.611156453480 1990.738740086780 -917.361480977381 -2.18084635713584 -4.34251163154931 5.92133094919860
2024-05-05T00:40:00.000 -6715.403670753490 888.730871736853 519.912852508002 -0.16103903277025 -4.78480055569041 5.98251720229764
2024-05-05T00:44:00.000 -6508.859104327890 -278.022089296062 1919.179067080920 1.87186768107938 -4.87866520143558 5.60645974390525
2024-05-05T00:48:00.000 -5827.805754728030 -1424.507750903500 3178.132838999160 3.76887437114183 -4.61690330360421 4.82041507422163
2024-05-05T00:52:00.000 -4721.841384726350 -2467.140930524620 4204.716304624760 5.39104633335912 -4.01853889645098 3.68196452421802
2024-05-05T00:56:00.000 -3271.646716560340 -3329.922171191620 4923.907846886230 6.61991006647600 -3.12733915389689 2.27456670633799
2024-05-05T01:00:00.000 -1582.993119668100 -3949.995870125000 5283.191534421290 7.36609729363295 -2.00833809677712 0.70110262509226
2024-05-05T01:04:00.000 221.025943832826 -4282.179165846840 5256.315948117130 7.57541292108027 -0.74287442798017 -0.92374837580409
2024-05-05T01:08:00.000 2008.914260850550 -4302.198067708050 4845.166377267970 7.23243630929514 0.57716664899093 -2.48157935977961
2024-05-05T01:12:00.000 3650.271139454440 -4008.461654236340 4079.652659515660 6.36169980669832 1.85576583126008 -3.85865356262744
2024-05-05T01:16:00.000 5025.257000159930 -3422.236091198860 3015.606085532520 5.02621611541349 2.99960120715094 -4.95398526219502
2024-05-05T01:20:00.000 6033.401897850450 -2586.190911125580 1730.804605552280 3.32349023723194 3.92475888043850 -5.68690278005027
2024-05-05T01:24:00.000 6601.101185505430 -1561.336118722840 319.284365356523 1.37848386522515 4.56332422401545 -6.00346376056874
2024-05-05T01:28:00.000 6687.121417387430 -422.525698841447 -1115.618094395990 -0.66568597275036 4.86859860035230 -5.88063812763076
2024-05-05T01:32:00.000 6285.674970972160 747.115606610062 -2468.980131039880 -2.65874217725357 4.81882024843183 -5.32835596012974
2024-05-05T01:36:00.000 5426.695646710140 1862.407886730680 -3642.135927409380 -4.45519437775433 4.41865728853713 -4.38836090935008
2024-05-05T01:40:00.000 4173.367595288020 2842.399414536580 -4549.899366914020 -5.92514909620256 3.69835914552844 -3.13044089309680
2024-05-05T01:44:00.000 2617.245839322410 3616.201357741480 -5126.643506340450 -6.96339742829420 2.71095101717973 -1.64673322843579
2024-05-05T01:48:00.000 871.463058547584 4127.984227608270 -5330.849513386590 -7.49628143005273 1.52809805283802 -0.04477229518081
2024-05-05T01:52:00.000 -937.429196819902 4340.836342144200 -5147.904753512240 -7.48619012466727 0.23485416757313 1.56005428461046
2024-05-05T01:56:00.000 -2678.413506679660 4239.298035265300 -4591.051163207660 -6.93370438285429 -1.07603982039105 3.05229079110037
2024-05-05T02:00:00.000 -4225.232295028690 3830.482133585170 -3700.479864396420 -5.87774830167170 -2.31028418841623 4.32409898444350
2024-05-05T02:04:00.000 -5465.378630104210 3143.677079816450 -2540.595463791440 -4.39342828505322 -3.37846334022733 5.28274457372396
2024-05-05T02:08:00.000 -6308.278143017910 2228.401184129970 -1195.552897676860 -2.58743646691348 -4.20245590217924 5.85744240076724
2024-05-05T02:12:00.000 -6692.061935001990 1150.958820910630 236.729156936851 -0.59086336495625 -4.72143727754816 6.00509809831199
2024-05-05T02:16:00.000 -6588.306556818950 -10.326423109059 1651.703570322500 1.45039537624536 -4.89674123317977 5.71397186625389
2024-05-05T02:20:00.000 -6004.300953965930 -1170.849698544680 2945.924742418100 3.38656995385135 -4.71510026920961 5.00500222484783
2024-05-05T02:24:00.000 -4982.552740762880 -2246.011442131830 4024.762935651290 5.07586075351008 -4.18976408441278 3.93016048483545
2024-05-05T02:28:00.000 -3597.579525246030 -3157.453365964410 4809.376103617860 6.39492369507614 -3.35913057584211 2.56819454123033
2024-05-05T02:32:00.000 -1950.382923250410 -3838.767198458910 5242.455264399450 7.24771222700035 -2.28375414149419 1.01866958988808
2024-05-05T02:36:00.000 -161.041212664180 -4240.302373939780 5292.361708813360 7.57224039044557 -1.04186628266756 -0.60538072074492
2024-05-05T02:40:00.000 1640.026226833280 -4332.742035429120 4955.380543583430 7.34477534503644 0.27634425899582 -2.18567469009921
2024-05-05T02:44:00.000 3321.475100105680 -4109.220301139950 4255.994953499290 6.58142120041771 1.57505386432740 -3.60688376591621
2024-05-05T02:48:00.000 4760.553029309630 -3585.877767844660 3245.187561225210 5.33732310364370 2.75951254261381 -4.76484312101405
2024-05-05T02:52:00.000 5852.106956654280 -2800.779662412290 1996.819083156060 3.70317341550764 3.74289533636232 -5.57430361417689
2024-05-05T02:56:00.000 6516.411066722520 -1811.207966717990 602.255273315716 1.79888885852687 4.45296132370312 -5.97562048669424
2024-05-05T03:00:00.000 6705.147865071070 -689.444570373543 -836.400160611930 -0.23540580959800 4.83776636157971 -5.93955241120219
2024-05-05T03:04:00.000 6404.982588876640 482.612775411475 -2213.923999199310 -2.25019205814721 4.86962135559738 -5.46950103439269
2024-05-05T03:08:00.000 5638.442887977470 1619.556421553430 -3429.817358295200 -4.09809396820323 4.54713610659675 -4.60113222671490
2024-05-05T03:12:00.000 4462.025479772780 2638.799203326760 -4395.714061048810 -5.64517559707057 3.89495552952731 -3.39913580136413
2024-05-05T03:16:00.000 2961.779407829110 3466.566301548420 -5041.729134407380 -6.78051409820911 2.96132605115811 -1.95178343735708
2024-05-05T03:20:00.000 1246.866025892920 4043.114626482610 -5321.323679450370 -7.42344710994530 1.81417642999857 -0.36416325064093
2024-05-05T03:24:00.000 -558.348361501804 4326.875440203050 -5214.456598449330 -7.52856619845370 0.53613415721901 1.24928574184256
2024-05-05T03:28:00.000 -2323.119084768760 4297.310149662880 -4728.901235057690 -7.08838777593409 -0.78116700763732 2.77250808564914
2024-05-05T03:32:00.000 -3919.526442322650 3956.353984626130 -3899.701373848940 -6.13384901686482 -2.04309708520055 4.09557980078999
2024-05-05T03:36:00.000 -5231.550708926770 3328.380119149680 -2786.791551130600 -4.73271299057372 -3.15840022791695 5.12223774985983
2024-05-05T03:40:00.000 -6163.468247115560 2458.604662795130 -1470.856816797830 -2.98545108231889 -4.04570371022241 5.77691864525808
2024-05-05T03:44:00.000 -6646.956453120680 1409.970132833070 -47.627213552425 -1.01862875805660 -4.63962637283726 6.01068315105487
2024-05-05T03:48:00.000 -6646.314772062000 258.651291815774 1379.064906985230 1.02417972231997 -4.89604459180816 5.80546523658687
2024-05-05T03:52:00.000 -6161.260885515190 -911.516926687184 2704.950533490390 2.99327565778868 -4.79567361715775 5.17574162755010
2024-05-05T03:56:00.000 -5227.034218346220 -2015.232378453950 3833.071357143140 4.74428030853417 -4.34566764073202 4.16757966828800
2024-05-05T04:00:00.000 -3911.760871270560 -2972.039225821440 4680.970543877010 6.14922383113069 -3.57895996009134 2.85492743591184
2024-05-05T04:04:00.000 -2311.361326479080 -3712.225246160090 5186.716600731000 7.10583657091990 -2.55152818868720 1.33377449342457
2024-05-05T04:08:00.000 -542.492299245223 -4181.852681253750 5313.356339566080 7.54454720679903 -1.33805168335605 -0.28496556972968
2024-05-05T04:12:00.000 1265.915422332580 -4346.639130761160 5051.567979213250 7.43327225885832 -0.02667796388383 -1.88331917369057
2024-05-05T04:16:00.000 2981.991059772050 -4194.449720365820 4420.346817232630 6.77972443641588 1.28728347092008 -3.34469229815548
2024-05-05T04:20:00.000 4480.471028289270 -3736.217896376370 3465.684173731950 5.63100468119394 2.50802332292680 -4.56205282197990
2024-05-05T04:24:00.000 5651.862703725700 -3005.244377446250 2257.309161020590 4.07069385950509 3.54612575831192 -5.44587692855887
2024-05-05T04:28:00.000 6410.566494079760 -2054.842962089260 883.642454373325 2.21316731730368 4.32530710092284 -5.93095651324748
2024-05-05T04:32:00.000 6701.313845640900 -954.443489211857 -554.721971332932 0.19516196852866 4.78844961453991 -5.98177673611996
2024-05-05T04:36:00.000 6503.280231920920 215.579232716158 -1952.540016880040 -1.83488876594983 4.90205105860957 -5.59531278770188
2024-05-05T04:40:00.000 5831.527909599880 1369.913906664960 -3207.766754295240 -3.72830754878730 4.65869988549240 -4.80103812774436
2024-05-05T04:44:00.000 4735.683283446990 2424.644116731370 -4229.094304455210 -5.34755683977566 4.07727908761087 -3.65829748083795
2024-05-05T04:48:00.000 3296.022416435230 3303.366042726010 -4942.557605348930 -6.57625867845175 3.20103176600664 -2.25126700134272
2024-05-05T04:52:00.000 1617.408046035290 3942.628361455170 -5296.720968694620 -7.32700421297335 2.09392863517808 -0.68232925273443
2024-05-05T04:56:00.000 -178.359320495115 4296.343728642250 -5266.170714026440 -7.54675297599277 0.83582467581570 0.93531316387860
2024-05-05T05:00:00.000 -1961.206318559350 4338.952770641040 -4853.193514314380 -7.21995132094509 -0.48302541021087 2.48532519104799
2024-05-05T05:04:00.000 -3601.944149150890 4067.209687359150 -4087.596228728370 -6.36950813108383 -1.76796121003224 3.85597313116979
2024-05-05T05:08:00.000 -4981.408164191480 3500.487245389150 -3024.692630411300 -5.05567638447878 -2.92622930184786 4.94769485367289
2024-05-05T05:12:00.000 -5999.046100460350 2679.539855999930 -1741.496196762300 -3.37249190753691 -3.87348746032271 5.68035570983812
2024-05-05T05:16:00.000 -6580.338499797400 1663.719117470310 -331.291824444295 -1.44162761053487 -4.54009994927641 5.99940571805899
2024-05-05T05:20:00.000 -6682.451412528640 526.765020326199 1103.090135700810 0.59614793624370 -4.87661697318498 5.88044783383058
2024-05-05T05:24:00.000 -6297.586540765000 -648.565497948598 2456.845375922900 2.59154087383722 -4.85787629190121 5.33159227228269
2024-05-05T05:28:00.000 -5453.639200310810 -1776.616047874980 3630.989138327890 4.39831522039795 -4.48501554871229 4.39288707168788
2024-05-05T05:32:00.000 -4212.123745825500 -2775.154704921830 4539.684993064300 5.88428932284287 -3.78523885776951 3.13314388416173
2024-05-05T05:36:00.000 -2663.593929915190 -3571.417076410950 5116.549708578860 6.94115516467144 -2.80970762282294 1.64459569962557
2024-05-05T05:40:00.000 -920.935844591253 -4107.393694187660 5319.452587434000 7.49216481989911 -1.62940906143406 0.03585219772812
2024-05-05T05:44:00.000 888.854274486129 -4343.979763840710 5133.512723759990 7.49711296994044 -0.32998911058455 -1.57594862295384
2024-05-05T05:48:00.000 2633.821887528410 -4263.808787859030 4572.179271005750 6.95519662164091 0.99410972598066 -3.07324202107024
2024-05-05T05:52:00.000 4186.617300211320 -3872.563712537310 3676.324573818350 5.90539034152209 2.24640709655498 -4.34646193698587
2024-05-05T05:56:00.000 5433.793450341920 -3198.640526264140 2511.352671380600 4.42396037906850 3.33525799212871 -5.30201878509007
2024-05-05T06:00:00.000 6284.197698199120 -2291.161206112230 1162.484524477340 2.61934220946053 4.18069591075972 -5.86943535313622
2024-05-05T06:04:00.000 6675.805911091900 -1216.406497754070 -271.502789137148 0.62429830019111 4.72065168189144 -6.00701623616871
2024-05-05T06:08:00.000 6580.369753202390 -52.897860919750 -1685.646171179330 -1.41429951792974 4.91586597174631 -5.70524111989185
2024-05-05T06:12:00.000 6005.438827425650 1114.483038801350 -2976.646411421130 -3.34697727039271 4.75289152488172 -4.98734501455807
2024-05-05T06:16:00.000 4993.597867091330 2200.807214347300 -4050.516138326590 -5.03308484950943 4.24471958287845 -3.90712315919603
2024-05-05T06:20:00.000 3619.076004311720 3127.314983247460 -4829.409052992200 -6.35114640372666 3.42935616682810 -2.54435102705964
2024-05-05T06:24:00.000 1982.099668445370 3827.054290508810 -5257.119469755540 -7.20718208086482 2.36651955887829 -0.99842861812079
2024-05-05T06:28:00.000 201.533105445923 4249.563581571340 -5302.928419339030 -7.54065400437591 1.13306426632983 0.61892078218111
2024-05-05T06:32:00.000 -1593.623811148600 4364.343438274390 -4963.637322521200 -7.32803124626391 -0.18246495536517 2.19137363027771
2024-05-05T06:36:00.000 -3273.321783200640 4162.965581104660 -4263.748568800010 -6.58417288369173 -1.48569765297475 3.60569391611700
2024-05-05T06:40:00.000 -4715.638413784650 3659.723266756450 -3253.803259030570 -5.36162910566039 -2.68272262262185 4.75937546797895
2024-05-05T06:44:00.000 -5815.514293138320 2890.754330730900 -2006.929449496940 -3.74770100012965 -3.68650363059025 5.56786772591090
2024-05-05T06:48:00.000 -6492.489632341320 1911.602640136790 -613.722692260531 -1.85890861167069 -4.42341178464221 5.97115404292833
2024-05-05T06:52:00.000 -6696.768780019260 793.292331406912 824.278102889763 0.16728429260210 -4.83891450094407 5.93869201946200
2024-05-05T06:56:00.000 -6413.070410791950 -382.811114674459 2202.033717483820 2.18253564963484 -4.90198254290662 5.47212265747316
2024-05-05T07:00:00.000 -5661.880564575570 -1531.000461281950 3418.805884972910 4.03907675545555 -4.60770547381143 4.60541058383079
2024-05-05T07:04:00.000 -4497.938707303730 -2567.577044667620 4385.638105776430 5.60104948267538 -3.97759226459118 3.40211147364853
2024-05-05T07:08:00.000 -3006.134608469110 -3417.002391535430 5031.889666031880 6.75455332781272 -3.05765984618215 1.95030103945662
2024-05-05T07:12:00.000 -1295.240049448310 -4017.388472014610 5310.359194268000 7.41568006525803 -1.91494442121545 0.35603221184984
2024-05-05T07:16:00.000 510.055916905292 -4324.963882129340 5200.674615019560 7.53640723651707 -0.63242037323828 -1.26455323691695
2024-05-05T07:20:00.000 2278.163216830360 -4317.200835518830 4710.729221038190 7.10756993704694 0.69684165325931 -2.79340026464585
2024-05-05T07:24:00.000 3880.071964969410 -3994.495072873110 3876.163353307030 6.15979771663904 1.97601847177048 -4.11871387678907
2024-05-05T07:28:00.000 5198.763002388490 -3380.230548976760 2757.876368954160 4.76185121106949 3.11155283240169 -5.14313502134027
2024-05-05T07:32:00.000 6137.852071322610 -2519.154150784750 1437.646172431760 3.01592560765259 4.02009460897467 -5.79114806260760
2024-05-05T07:36:00.000 6628.791183066410 -1474.141729784350 12.141143938799 1.05035427963746 4.63491438306170 -6.01503041701346
2024-05-05T07:40:00.000 6636.017481953490 -321.550450506388 -1414.270436202250 -0.99011346589543 4.91115104281642 -5.79879201160835
2024-05-05T07:44:00.000 6159.547673216920 854.492879895664 -2737.334994031610 -2.95566934332525 4.82931052526570 -5.15931093552819
2024-05-05T07:48:00.000 5234.799485295980 1968.368982367860 -3860.655759313760 -4.70301204466656 4.39646291403678 -4.14469180042904
2024-05-05T07:52:00.000 3929.718139760020 2939.261978730610 -4702.728847912860 -6.10601438143176 3.64520854385568 -2.83005045100429
2024-05-05T07:56:00.000 2339.567639644260 3696.963694209150 -5202.729807986040 -7.06441881473016 2.63074640325013 -1.31148815705284
2024-05-05T08:00:00.000 579.895721241463 4186.808557046650 -5324.705925311070 -7.51031830166338 1.42657769936947 0.30108302543769
2024-05-05T08:04:00.000 -1221.764881568230 4373.449542185710 -5059.980717432880 -7.41224962989310 0.11925843430927 1.89157472676621
2024-05-05T08:08:00.000 -2934.910810693070 4243.298323476540 -4427.697152084990 -6.77703909465171 -1.19745330043345 3.34553674260498
2024-05-05T08:12:00.000 -4435.260437437450 3805.516476523500 -3473.503075250150 -5.64947924484476 -2.42878951239788 4.55779784116267
2024-05-05T08:16:00.000 -5613.615651782950 3091.487108418230 -2266.443109147970 -4.10988077325954 -3.48543152446660 5.43973249756287
2024-05-05T08:20:00.000 -6383.847850680410 2152.723731628390 -894.161358760716 -2.26912073510866 -4.28999209599691 5.92600792176848
2024-05-05T08:24:00.000 -6689.376010808210 1057.276463394350 543.372925440095 -0.26107030804445 -4.78300253380421 5.98000528772959
2024-05-05T08:28:00.000 -6507.521854879160 -115.190370649845 1941.192159739620 1.76741462442742 -4.92779049463546 5.59698546206314
2024-05-05T08:32:00.000 -5851.305219203370 -1279.255510488680 3197.100277978000 3.66761512107251 -4.71338096065362 4.80466647211831
2024-05-05T08:36:00.000 -4768.518704984940 -2350.058409830940 4219.267233451900 5.30034524047904 -4.15538213462999 3.66114843251452
2024-05-05T08:40:00.000 -3338.143759740240 -3249.557782529760 4933.008742768720 6.54648215199665 -3.29460701977490 2.25024003757971
2024-05-05T08:44:00.000 -1664.477962736830 -3912.221180818020 5286.201614719550 7.31539769965962 -2.19380385593264 0.67496786394958
2024-05-05T08:48:00.000 130.491595817016 -4289.750727853410 5253.020828230760 7.55116861441127 -0.93297541765348 -0.94984317596737
2024-05-05T08:52:00.000 1915.937839414790 -4354.553410734870 4835.797228319470 7.23645169769402 0.39637872250124 -2.50580846257509
2024-05-05T08:56:00.000 3561.634748310920 -4101.743913169880 4064.865851254360 6.39361108130839 1.69759843568574 -3.87929704033782
2024-05-05T09:00:00.000 4947.402544654970 -3549.585645092350 2996.447892832640 5.08358252327067 2.87560990272452 -4.96954944838682
2024-05-05T09:04:00.000 5971.955670943710 -2738.265053859430 1708.640367440960 3.40200129130282 3.84396482496340 -5.69622191907964
2024-05-05T09:08:00.000 6560.469029461310 -1727.002659623240 295.717333446926 1.47236893230810 4.53152124842292 -6.00574599757309
2024-05-05T09:12:00.000 6670.195305306520 -589.688533769303 -1138.862908763950 -0.56322719254106 4.88799238649876 -5.87569177353610
2024-05-05T09:16:00.000 6293.623113605820 590.636826335245 -2490.200754246770 -2.55517906460246 4.88789661993419 -5.31653051476376
2024-05-05T09:20:00.000 5458.877792843140 1727.990158402470 -3659.770703316550 -4.35803117366749 4.53228065166556 -4.37047810799328
2024-05-05T09:24:00.000 4227.395953408300 2739.788892786770 -4562.639437156980 -5.84135449803080 3.84816908839164 -3.10778678374940
2024-05-05T09:28:00.000 2689.167275209200 3552.817071023010 -5133.536050328330 -6.89897522416986 2.88602747446425 -1.62095378613659
2024-05-05T09:32:00.000 956.046370211593 4108.390292349580 -5331.367510405350 -7.45581788510911 1.71571877035504 -0.01775478409266
2024-05-05T09:36:00.000 -846.312704351449 4366.421823052010 -5141.987709027530 -7.47253153627703 0.42145019811470 1.58632512210514
2024-05-05T09:40:00.000 -2587.353269007160 4308.190943721370 -4579.117136738640 -6.94783636023764 -0.90392739223626 3.07584524131706
2024-05-05T09:44:00.000 -4140.824142628540 3937.683374378390 -3683.396399441160 -5.91872887505503 -2.16510512476968 4.34319679984708
2024-05-05T09:48:00.000 -5393.756131583060 3281.406644874220 -2519.603912872460 -4.45835019547276 -3.27080414987931 5.29602015241792
2024-05-05T09:52:00.000 -6254.653297571780 2386.645346053750 -1172.173971457390 -2.67157442828833 -4.14021167493483 5.86393561976415
2024-05-05T09:56:00.000 -6660.334743734740 1318.201432985700 260.794177861248 -0.68810572051729 -4.70915223364897 6.00427565636552
2024-05-05T10:00:00.000 -6580.798664990500 153.739858947899 1674.693824059910 1.34703810422730 -4.93535001043732 5.70590437731273
2024-05-05T10:04:00.000 -6021.577794939180 -1021.918827921500 2966.165104372480 3.28465808108718 -4.80184872143824 4.99028788869438
2024-05-05T10:08:00.000 -5023.368194599070 -2123.075204893470 4040.774972885610 4.98281214445928 -4.31830734457170 3.90985775249041
2024-05-05T10:12:00.000 -3658.977573028730 -3069.470229331820 4819.993464974660 6.31750030009434 -3.52008083672089 2.54382594725001
2024-05-05T10:16:00.000 -2027.906458540990 -3792.147244937280 5246.916116508250 7.19159024281699 -2.46539169941058 0.99204848036298
2024-05-05T10:20:00.000 -249.044835506307 -4238.443690467730 5290.352409816400 7.54156656607013 -1.23095340303818 -0.63236092100152
2024-05-05T10:24:00.000 1547.958466211870 -4375.776717520070 4947.046052917480 7.34179112288098 0.09361419431705 -2.21108212844828
2024-05-05T10:28:00.000 3232.058144187790 -4193.999608877080 4241.938394601330 6.60636140088381 1.41205049702709 -3.62886539066300
2024-05-05T10:32:00.000 4680.310713599930 -3706.197517592300 3226.430448093470 5.38836607470943 2.62816213067055 -4.78179636614083
2024-05-05T10:36:00.000 5786.889866287190 -2947.835501256240 1974.722457448370 3.77656159553202 3.65281841716651 -5.58501151154371
2024-05-05T10:40:00.000 6470.958488612390 -1974.237532637620 578.422292285186 1.88918185808892 4.41073158143241 -5.97928694578803
2024-05-05T10:44:00.000 6682.738139965480 -856.531216627273 -860.229520199767 -0.13484676252005 4.84636867785807 -5.93584436289350
2024-05-05T10:48:00.000 6407.216031957820 323.653611955886 -2235.998182890250 -2.14664050078321 4.92832240995219 -5.45867551552885
2024-05-05T10:52:00.000 5665.134026152500 1480.297632645390 -3448.514736075740 -3.99907602545899 4.65158563307491 -4.58398986353422
2024-05-05T10:56:00.000 4511.211890353540 2529.358548931940 -4409.658813328500 -5.55786768319008 4.03746166275295 -3.37691311289944
2024-05-05T11:00:00.000 3029.873874826340 3394.875885152890 -5049.888350495920 -6.71120779248956 3.13147891097859 -1.92608693107621
2024-05-05T11:04:00.000 1328.918830082570 4014.353332631250 -5323.082404928360 -7.37713529013578 1.99958008587831 -0.33684057702278
2024-05-05T11:08:00.000 -468.288077486130 4343.096782091100 -5209.658918932320 -7.50854441280590 0.72329950605906 1.27626738105777
2024-05-05T11:12:00.000 -2231.566374517060 4357.299646109390 -4717.865519319000 -7.09603804691676 -0.60581168276697 2.79718806504497
2024-05-05T11:16:00.000 -3833.092626691680 4055.728738848330 -3883.204474137910 -6.16860032969589 -1.89223640216031 4.11612460013164
2024-05-05T11:20:00.000 -5156.480833687500 3459.904033420280 -2766.015212419870 -4.79209048745530 -3.04299534343306 5.13713969557987
2024-05-05T11:24:00.000 -6105.189557245150 2612.695473718550 -1447.293810556800 -3.06514211247917 -3.97420910731737 5.78509606717008
2024-05-05T11:28:00.000 -6609.669141753330 1575.391874877220 -22.975857034530 -1.11278766043752 -4.61727575763651 6.01150838765336
2024-05-05T11:32:00.000 -6632.681217166530 423.341712642894 1403.009821292160 0.92241489364409 -4.92444301800588 5.79877411458957
2024-05-05T11:36:00.000 -6172.232874862160 -759.558530877812 2726.427955456220 2.89124258713648 -4.87272609272266 5.16199689287023
2024-05-05T11:40:00.000 -5261.784438677850 -1887.075454556410 3850.497964280900 4.64936148523102 -4.46574881720078 4.14777716350669
2024-05-05T11:44:00.000 -3967.742396525250 -2877.017907330540 4693.059073449430 6.06829003352142 -3.73331508309274 2.83051959885908
2024-05-05T11:48:00.000 -2384.490833116500 -3657.254415826540 5192.571520881740 7.04473374816124 -2.72888567694803 1.30656117179499
2024-05-05T11:52:00.000 -627.448067923404 -4170.928719338330 5312.546741525240 7.50770458287147 -1.52551288079844 -0.31293806099760
2024-05-05T11:56:00.000 1175.321390329540 -4380.556635390430 5044.162119761170 7.42342610635924 -0.21061036466047 -1.90998303356247
2024-05-05T12:00:00.000 2892.368244578560 -4270.738008245340 4406.893174964970 6.79761834742039 1.12028384461753 -3.36811521687802
2024-05-05T12:04:00.000 4398.365593025950 -3849.319076451150 3447.171877949760 5.67537514673922 2.37013338032483 -4.58053037438480
2024-05-05T12:08:00.000 5583.281340433780 -3146.912590490400 2235.095068652590 4.13834174625674 3.44741638114118 -5.45806309397995
2024-05-05T12:12:00.000 6360.537538751550 -2214.744803077970 859.349438617927 2.29916925479612 4.27300539993185 -5.93599830186585
2024-05-05T12:16:00.000 6673.505104994780 -1120.911137418190 -579.324815075680 0.29319883834114 4.78636570219796 -5.97929176538753
2024-05-05T12:20:00.000 6499.738248391730 54.686024734204 -1975.653473325640 -1.73193382821296 4.95029728349055 -5.58546248535304
2024-05-05T12:24:00.000 5852.537908039700 1226.319580736230 -3227.701310388260 -3.62791193025926 4.75372278415462 -4.78456749196327
2024-05-05T12:28:00.000 4779.742485184550 2308.804879240620 -4244.400965339940 -5.25705750482740 4.21212856044561 -3.63643843014543
2024-05-05T12:32:00.000 3359.941495646980 3223.708040478140 -4952.125666092240 -6.50226957541653 3.36583975922289 -2.22559162609285
2024-05-05T12:36:00.000 1696.551959132010 3904.931777185450 -5299.851422636760 -7.27489065273467 2.27666049604572 -0.65467937496998
2024-05-05T12:40:00.000 -89.727475290583 4303.330005012780 -5262.624249961720 -7.52027736994037 1.02317414800311 0.96297417031620
2024-05-05T12:44:00.000 -1869.502915133450 4390.090045674250 -4843.205005396550 -7.22097470863852 -0.30469482184870 2.51101837800733
2024-05-05T12:48:00.000 -3513.794851381710 4158.755752739330 -4071.868691307800 -6.39791763950265 -1.61160566947469 3.87781353352899
2024-05-05T12:52:00.000 -4903.173729858310 3625.764069754920 -3004.349063651940 -5.10938520114782 -2.80321100954029 4.96408028159517
2024-05-05T12:56:00.000 -5936.366151794350 2829.415411443850 -1718.002593061430 -3.44761975381940 -3.79277801872011 5.69005751172223
2024-05-05T13:00:00.000 -6537.725852522650 1827.258470276340 -306.348032096723 -1.53269241377935 -4.50765433500011 6.00171026745592
2024-05-05T13:04:00.000 -6662.944628026760 692.022571732207 1127.668893957260 0.49584551602409 -4.89482949675950 5.87510242907507
2024-05-05T13:08:00.000 -6302.531856572990 -493.657681910660 2479.246894717700 2.48931790702146 -4.92536727288062 5.31889126497004
2024-05-05T13:12:00.000 -5482.607461033840 -1643.352107209270 3649.542692138010 4.30155844230603 -4.59677614923559 4.37371534012905
2024-05-05T13:16:00.000 -4262.952237476400 -2673.234721152050 4552.995202779460 5.79997956732070 -3.93307091589008 3.10889019569945
2024-05-05T13:20:00.000 -2732.543462410010 -3508.244677323630 5123.604925637590 6.87536534175952 -2.98278849991614 1.61704508401084
2024-05-05T13:24:00.000 -1002.967441371250 -4087.541501753410 5319.701156800460 7.44958829141885 -1.81512916754236 0.00703568404171
2024-05-05T13:28:00.000 799.712955824776 -4368.871663936690 5126.911034213520 7.48080384011740 -0.51486402781971 -1.60385013409699
2024-05-05T13:32:00.000 2544.062009098450 -4331.619683926360 4559.205068628970 6.96639458662617 0.82351265797314 -3.09811500350640
2024-05-05T13:36:00.000 4102.790234575190 -3978.344463846920 3657.931901727250 5.94333992338846 2.10252711489164 -4.36646520076114
2024-05-05T13:40:00.000 5362.030784233720 -3334.672070438740 2488.894008137930 4.48594183456100 3.22859128847470 -5.31569272023373
2024-05-05T13:44:00.000 6229.762323543360 -2447.517589417690 1137.606659293310 2.70087628787196 4.11902834171006 -5.87579924805677
2024-05-05T13:48:00.000 6642.704461111010 -1381.677507776930 -296.978853818161 0.71946590701401 4.70848486983937 -6.00560757154438
2024-05-05T13:52:00.000 6571.058489147670 -215.023141896366 -1709.858196199820 -1.31243621328470 4.95407914961710 -5.69618236854665
2024-05-05T13:56:00.000 6020.637662777350 967.324705514932 -2997.828646827700 -3.24583452775809 4.83862485992241 -4.97131988988742
2024-05-05T14:00:00.000 5032.248951577950 2079.329134853340 -4067.136057069900 -4.93998418746436 4.37168080735692 -3.88537528247455
2024-05-05T14:04:00.000 3678.418128108840 3040.358960316920 -4840.284506142430 -6.27288787972224 3.58832731637132 -2.51852490686787
2024-05-05T14:08:00.000 2057.850934795610 3780.954838916000 -5261.490114286750 -7.14954170499211 2.54593451204973 -0.97036227373439
2024-05-05T14:12:00.000 288.206143273302 4247.676804686500 -5300.488706462240 -7.50783109898101 1.31983459980608 0.64727141724168
2024-05-05T14:16:00.000 -1502.306864333400 4406.803106892820 -4954.560722131140 -7.32238561829989 -0.00194156597893 2.21800015653774
2024-05-05T14:20:00.000 -3183.967559306660 4246.674479920820 -4248.680998679580 -6.60606320021105 -1.32457711203659 3.62868541938836
2024-05-05T14:24:00.000 -4634.699980822110 3778.582405605920 -3233.828637934330 -5.40944996513932 -2.55271449617843 4.77701931696036
2024-05-05T14:28:00.000 -5748.836725763440 3036.105207160890 -1983.497175205380 -3.81799335432217 -3.59710174915067 5.57885681650432
2024-05-05T14:32:00.000 -6444.882928875070 2072.852336619940 -588.541063268156 -1.94658078023488 -4.38113616500358 5.97464712274277
2024-05-05T14:36:00.000 -6671.666777065440 958.683479582163 849.366415362760 0.06856601479198 -4.84690391149541 5.93442894467377
2024-05-05T14:40:00.000 -6412.267751090020 -225.351665715232 2225.192011557700 2.08000194664363 -4.95968344517980 5.46039344395565
2024-05-05T14:44:00.000 -5685.395905099260 -1392.965592346760 3438.329298492050 3.94019341351569 -4.71087937638983 4.58702933049898
2024-05-05T14:48:00.000 -4544.024574088170 -2459.035707569840 4400.078614719230 5.51298694969970 -4.11868578310535 3.37839041605584
2024-05-05T14:52:00.000 -3071.410686647090 -3345.865398949580 5040.168070310460 6.68367071320754 -3.22635876231539 1.92299371041819
2024-05-05T14:56:00.000 -1374.937750100620 -3988.833585916250 5311.854255478250 7.36710609963638 -2.09891861351482 0.32716253087847
2024-05-05T15:00:00.000 421.742072331522 -4341.063059220180 5195.269560742670 7.51361631786134 -0.81830275592674 -1.29282023911185
2024-05-05T15:04:00.000 2187.661025541830 -4376.789416676250 4698.828213088860 7.11224656411329 0.52251814738574 -2.81891967521367
2024-05-05T15:08:00.000 3793.985714690380 -4093.255436444200 3858.663331858890 6.19171981265770 1.82590831732577 -4.13957022248949
2024-05-05T15:12:00.000 5123.403855060070 -3510.992529319270 2736.085437794600 4.81879282777667 2.99662055687920 -5.15781681635449
2024-05-05T15:16:00.000 6078.772356743690 -2672.405940442590 1413.182812674410 3.09383008363707 3.94876685856697 -5.79860783984089
2024-05-05T15:20:00.000 6590.374731174510 -1638.720306565060 -13.192356310224 1.14359125914236 4.61243590420787 -6.01479092944075
2024-05-05T15:24:00.000 6621.145571503930 -485.459394966769 -1438.624028363400 -0.88834174730564 4.93917357475720 -5.79092292858936
2024-05-05T15:28:00.000 6169.386344259330 703.201080056196 -2758.943631609520 -2.85278304047963 4.90578608135334 -5.14445606394889
2024-05-05T15:32:00.000 5268.709996674300 1840.721237619770 -3877.970786779140 -4.60653408445793 4.51581309466318 -4.12399362246429
2024-05-05T15:36:00.000 3985.299858895910 2844.559730607740 -4714.526650941520 -6.02300954868703 3.79872465712896 -2.80505900825584
2024-05-05T15:40:00.000 2412.831869661900 3642.108271491350 -5208.197219164260 -7.00098292011348 2.80726301411710 -1.28405084082842
2024-05-05T15:44:00.000 665.548431522325 4175.805333258040 -5323.488511184620 -7.47115728531979 1.61326339522461 0.32903459986603
2024-05-05T15:48:00.000 -1129.932294560530 4407.112262228970 -5052.184214410850 -7.40021971963532 0.30251096597716 1.91812833824079
2024-05-05T15:52:00.000 -2843.550907585300 4319.185797159830 -4413.884206541530 -6.79297501074174 -1.03098625508468 3.36882073911666
2024-05-05T15:56:00.000 -4350.980544146290 3918.110795375500 -3454.668177096460 -5.69218230107305 -2.29123604925492 4.57609985546626
2024-05-05T16:00:00.000 -5542.505716018930 3232.595752171200 -2243.955834104390 -4.17626375120505 -3.38682240017740 5.45167741887720
2024-05-05T16:04:00.000 -6331.047418636330 2312.072416319640 -869.662352337626 -2.35438678928133 -4.23753900743251 5.93072934639097
2024-05-05T16:08:00.000 -6658.693830206150 1223.254227837780 568.097498639566 -0.35899859640380 -4.78054797835673 5.97714826361961
2024-05-05T16:12:00.000 -6501.157306738140 45.322939042779 1964.336320379710 1.66393141912284 -4.97550642506073 5.58675512326245
2024-05-05T16:16:00.000 -5869.689564191140 -1135.904078049570 3216.973487448740 3.56612168011083 -4.80780723635949 4.78780321192441
2024-05-05T16:20:00.000 -4810.276485460850 -2234.315974177680 4234.408481980760 5.20823000144287 -4.28962505587454 3.63880866870127
2024-05-05T16:24:00.000 -3400.209917470370 -3169.860924170950 4942.291586997760 6.47039571683643 -3.45890689943868 2.22405965999246
2024-05-05T16:28:00.000 -1742.313655665520 -3874.380880328220 5288.929593868460 7.26087295521138 -2.37616749979113 0.64686293998618
2024-05-05T16:32:00.000 42.569562195223 -4296.519396560270 5248.979689087100 7.52214465267800 -1.12007347908960 -0.97779776349425
2024-05-05T16:36:00.000 1824.335767455610 -4405.430343990890 4825.276324447940 7.23500149197969 0.21814196764316 -2.53150866028298
2024-05-05T16:40:00.000 3473.028927974610 -4193.030120892960 4048.641940025690 6.41988837119307 1.54114093561635 -3.90082429580659
2024-05-05T16:44:00.000 4868.268168856760 -3674.650628905580 2975.721203973190 5.13576774122048 2.75230358931651 -4.98532030124029
2024-05-05T16:48:00.000 5908.098453162400 -2888.014691018150 1684.938992816390 3.47636045818844 3.76282727091169 -5.70508866450007
2024-05-05T16:52:00.000 6516.597110141580 -1890.537674024390 270.783277453019 1.56354219825838 4.49848751981554 -6.00709746197423
2024-05-05T16:56:00.000 6649.570683366430 -755.099245999095 -1163.208891823890 -0.46185598850084 4.90549427114630 -5.86947971739457
2024-05-05T17:00:00.000 6297.815524081330 435.400686997820 -2512.193323827660 -2.45100862021132 4.95466017502284 -5.30325707998393
2024-05-05T17:04:00.000 5487.646123770210 1594.233822413510 -3677.827764067510 -4.25865880150983 4.64341762280140 -4.35116761342894
2024-05-05T17:08:00.000 4278.703424112610 2637.248754044250 -4575.478949362060 -5.75405559278418 3.99557752498003 -3.08388411912864
2024-05-05T17:12:00.000 2759.326647316900 3488.956940915360 -5140.258687819360 -6.83014204952131 3.05898544279481 -1.59418941579709
2024-05-05T17:16:00.000 1039.989164072220 4087.860413505280 -5331.514003154020 -7.41049563280967 1.90164077336100 0.00995192365876
2024-05-05T17:20:00.000 -754.667126607380 4390.720770198000 -5135.568012641310 -7.45406290059903 0.60682013700922 1.61302254324088
2024-05-05T17:24:00.000 -2494.651935440100 4375.555176518020 -4566.594193970570 -6.95754750491576 -0.73261708907786 3.09971190782207
2024-05-05T17:28:00.000 -4053.777473724240 4043.209663671360 -3665.658297192810 -5.95584174014458 -2.02034689369626 4.36252134844541
2024-05-05T17:32:00.000 -5318.648099495080 3417.408873941370 -2497.922437572500 -4.52011601642350 -3.16314455570570 5.30934029163290
2024-05-05T17:36:00.000 -6196.898957271030 2543.221736144470 -1148.126253335730 -2.75355536892548 -4.07747143395519 5.87020925297199
2024-05-05T17:40:00.000 -6624.103422697350 1483.948133954490 285.452277820107 -0.78438204283841 -4.69594780829168 6.00306318719936
2024-05-05T17:44:00.000 -6568.691517433410 316.576002379040 1698.166380674040 1.24351656394394 -4.97265946096189 5.69729074248447
2024-05-05T17:48:00.000 -6034.433079758330 -873.860734169637 2986.735115213760 3.18143023025520 -4.88693313323309 4.97485985575771
2024-05-05T17:52:00.000 -5060.207730501460 -2000.578183529860 4056.928433329370 4.88737931896536 -4.44492581536231 3.88869805753253
2024-05-05T17:56:00.000 -3717.090750517560 -2981.450371249120 4830.529787130190 6.23672195112314 -3.67901886932141 2.51847357422979
2024-05-05T18:00:00.000 -2103.047900266550 -3745.014902589800 5251.052012355350 7.13133697456414 -2.64510320264585 0.96438968330697
2024-05-05T18:04:00.000 -335.726019682852 -4235.635109579340 5287.773409866510 7.50624397660015 -1.41833831415081 -0.66031838713803
2024-05-05T18:08:00.000 1456.065594042380 -4417.490526375900 4937.927291065740 7.33394084491335 -0.08774943687698 -2.23728171177088
2024-05-05T18:12:00.000 3141.652927887490 -4277.188242475630 4226.942110395540 6.62654226907116 1.24989415159109 -3.65133633520713
2024-05-05T18:16:00.000 4597.991531430480 -3824.799808973150 3206.656619052380 5.43516284263590 2.49701168501539 -4.79889461684241
2024-05-05T18:20:00.000 5718.675369160450 -3093.208073975510 1951.618936971470 3.84658788780220 3.56224892749096 -5.59548809066584
2024-05-05T18:24:00.000 6421.844775190090 -2135.784285047160 553.681340331106 1.97735890645193 4.36733913155950 -5.98237244108554
2024-05-05T18:28:00.000 6656.335818235150 -1022.479695720360 -884.796834396048 -0.03491507364047 4.85330306533877 -5.93132505990481
2024-05-05T18:32:00.000 6405.486265721140 165.392387825756 -2258.599306709690 -2.04222519298985 4.98504896989846 -5.44691733283063
2024-05-05T18:36:00.000 5688.241347226470 1341.243245476770 -3467.510119140420 -3.89778206596945 4.75393400993250 -4.56589110081358
2024-05-05T18:40:00.000 4557.509070817090 2419.624868282540 -4423.679803522750 -5.46709887216945 4.17795392349023 -3.35381175325729
2024-05-05T18:44:00.000 3096.019264108350 3322.435541254990 -5057.928874688400 -6.63758517281520 3.29986539902131 -1.89965130117436
2024-05-05T18:48:00.000 1410.125159036090 3984.463766311470 -5324.565655424320 -7.32601768789324 2.18362009966585 -0.30895880254524
2024-05-05T18:52:00.000 -377.904068955409 4357.922070125800 -5204.474606539910 -7.48364308062869 0.90960818183612 1.30361529669691
2024-05-05T18:56:00.000 -2138.552594219800 4415.753881114980 -4706.379338505080 -7.09916363324261 -0.43076586046591 2.82204553460984
2024-05-05T19:00:00.000 -3744.189170224350 4153.551043459170 -3866.226865673470 -6.19950242390532 -1.74122855842156 4.13675744513867
2024-05-05T19:04:00.000 -5078.112161497980 3589.959661148270 -2744.748504969120 -4.84843361468375 -2.92702844106983 5.15201614914192
2024-05-05T19:08:00.000 -6043.003062867100 2765.507606059380 -1423.270578643940 -3.14283730087292 -3.90169325920457 5.79303376908975
2024-05-05T19:12:00.000 -6568.148365233980 1739.831365262600 2.050027405255 -1.20626952706909 -4.59348806072204 6.01187393104590
2024-05-05T19:16:00.000 -6614.825751992940 587.432180489510 1427.210315290700 0.81989086447628 -4.95113134526991 5.79157608870821
2024-05-05T19:20:00.000 -6179.324809652270 -607.776496781201 2748.039263162890 2.78714183986981 -4.94798275264996 5.14774813089978
2024-05-05T19:24:00.000 -5293.288349580180 -1758.667466691600 3867.941406695680 4.55127297247160 -4.58407495339232 4.12750351535357
2024-05-05T19:28:00.000 -4021.348887506210 -2781.337782565680 4705.055712768610 5.98329663137063 -3.88605642624654 2.80568720085289
2024-05-05T19:32:00.000 -2456.299335288840 -3601.272780448340 5198.247054891580 6.97896944312896 -2.90495069293289 1.27905246318467
2024-05-05T19:36:00.000 -712.233629808333 -4158.735949000170 5311.503379328470 7.46600193755348 -1.71212906456341 -0.34107774223314
2024-05-05T19:40:00.000 1083.745421978830 -4413.059801938860 5036.492798315800 7.40889434094529 -0.39417313756043 -1.93672850337651
2024-05-05T19:44:00.000 2800.692263467460 -4345.579132238140 4393.167945169650 6.81132098422194 0.95319267980024 -3.39152752106647
2024-05-05T19:48:00.000 4313.286421225020 -3961.049304188810 3428.403247834800 5.71631796736242 2.23169437625698 -4.59888397214153
2024-05-05T19:52:00.000 5511.023251202940 -3287.392579276130 2212.667798096040 4.20359276082510 3.34775165281716 -5.47001195526585
2024-05-05T19:56:00.000 6306.397610006080 -2373.727828591740 834.915457375259 2.38398053671009 4.21942237561019 -5.94066826631591
2024-05-05T20:00:00.000 6641.461872131650 -1286.798463645630 -603.968777893651 0.39139481041998 4.78276213567877 -5.97636936072438
2024-05-05T20:04:00.000 6492.155023524830 -106.009521342431 -1998.704386851740 -1.62754828791965 4.99688730812401 -5.57519446657472
2024-05-05T20:08:00.000 5869.988828080400 1082.517383994310 -3247.478715050130 -3.52495860713392 4.84703855341936 -4.76772663016800
2024-05-05T20:12:00.000 4820.976050526540 2192.350293044760 -4259.467616305500 -5.16302972883973 4.34530949286606 -3.61426479040179
2024-05-05T20:16:00.000 3421.977649244080 3143.054643206120 -4961.389388685600 -6.42400447146853 3.52918094824207 -2.19969949824586
2024-05-05T20:20:00.000 1774.895600948430 3865.927031421450 -5302.636581501520 -7.21808458420486 2.45827043256043 -0.62690544618347
2024-05-05T20:24:00.000 -0.753551065880 4308.791468335270 -5258.715777373190 -7.48903559877883 1.20985766649064 0.99064706160523
2024-05-05T20:28:00.000 -1776.343461349110 4439.605950528830 -4832.864944419810 -7.21754288805398 -0.12649548603293 2.53661942767506
2024-05-05T20:32:00.000 -3423.192009536630 4248.716110754540 -4055.820099935170 -6.42252630312551 -1.45482515145945 3.89949240275922
2024-05-05T20:36:00.000 -4821.683847758850 3749.616412810670 -2983.729693197960 -5.16024883683819 -2.67929428567856 4.98025760784863
2024-05-05T20:40:00.000 -5869.877462423930 2978.131090600090 -1694.287041191130 -3.52099776330219 -3.71076516972687 5.69951029562912
2024-05-05T20:44:00.000 -6491.031280326620 1990.000956044620 -281.254431862926 -1.62327419877510 -4.47348300433408 6.00365952124218
2024-05-05T20:48:00.000 -6639.414611105610 856.942382085228 1152.310031001990 0.39456382510380 -4.91096785420313 5.86941053257941
2024-05-05T20:52:00.000 -6303.865507810050 -338.568207345613 2501.642031032680 2.38466267511604 -4.99065350482682 5.30598368768088
2024-05-05T20:56:00.000 -5508.703939429950 -1509.390246855340 3668.062691891440 4.20110725057535 -4.70647957266080 4.35453213555922
2024-05-05T21:00:00.000 -4311.917265050770 -2570.164902756690 4566.298582687600 5.71103176666121 -4.07923010356671 3.08486268387951
2024-05-05T21:04:00.000 -2800.819114815410 -3443.586509288540 5130.731622996310 6.80437066514237 -3.15477169633392 1.58992728551609
2024-05-05T21:08:00.000 -1085.594266708880 -4066.019866077840 5320.152174290610 7.40172392501931 -2.00042450142852 -0.02112777398661
2024-05-05T21:12:00.000 708.748132630169 -4392.077648171820 5120.687362372770 7.45963124017282 -0.70002127053965 -1.63097086173942
2024-05-05T21:16:00.000 2451.404316296110 -4397.888358810590 4546.792861804240 6.97355591374888 0.65202167844747 -3.12226164822688
2024-05-05T21:20:00.000 4015.221195509340 -4082.858523296560 3640.254417032870 5.97832076117631 1.95726513472804 -4.38593376854623
2024-05-05T21:24:00.000 5285.957633896350 -3469.814649228980 2467.250770641410 4.54617282148258 3.12018058891771 -5.32906811445411
2024-05-05T21:28:00.000 6170.752109982800 -2603.434442266240 1113.587260009630 2.78196670090042 4.05537885606854 -5.88210894907639
2024-05-05T21:32:00.000 6605.077787266650 -1547.000217515610 -321.616960822876 0.81547157811862 4.69422696851816 -6.00442530906236
2024-05-05T21:36:00.000 6557.566671453790 -377.704193253247 -1733.317428887340 -1.20855107442294 4.99020892160764 -5.68759972175161
2024-05-05T21:40:00.000 6032.266958394510 819.129928971806 -3018.396578084710 -3.14166001190440 4.92247039072158 -4.95595194794928
2024-05-05T21:44:00.000 5068.149977118540 1956.398614072170 -4083.305790879730 -4.84313062070091 4.49707179757317 -3.86431164050264
2024-05-05T21:48:00.000 3735.972271741740 2951.613948057250 -4850.860591134300 -6.19039160428765 3.74606422751809 -2.49325147451179
2024-05-05T21:52:00.000 2132.874113059570 3732.815476752700 -5265.675163835260 -7.08734521565166 2.72451292560669 -0.94270203984657
2024-05-05T21:56:00.000 375.254280742044 4243.608465879150 -5297.945643371850 -7.47042107482592 1.50627257813717 0.67534630846533
2024-05-05T22:00:00.000 -1409.539710460870 4447.068293295260 -4945.431436799640 -7.31242021971128 0.17881572389770 2.24447850844996
2024-05-05T22:04:00.000 -3092.191149048090 4328.317066143710 -4233.582353362390 -6.62422903452140 -1.16262574783912 3.65164902591862
2024-05-05T22:08:00.000 -4550.543315602750 3895.640825267630 -3213.811176729100 -5.45438747621197 -2.42133465961189 4.79478821367953
2024-05-05T22:12:00.000 -5678.368527838210 3180.043691657940 -1959.979577999190 -3.88643863270778 -3.50585533358914 5.59006718952374
2024-05-05T22:16:00.000 -6393.179787230950 2233.171906647770 -563.211653451801 -2.03354694684846 -4.33671132920185 5.97843126987742
2024-05-05T22:20:00.000 -6642.434080639680 1123.689617438210 874.670820358764 -0.03058866943733 -4.85250242731654 5.93042312940102
2024-05-05T22:24:00.000 -6407.587450670160 -67.684828914972 2248.619663455910 1.97579420576132 -5.01487030622806 5.44885297673443
2024-05-05T22:28:00.000 -5705.578477677270 -1254.125974206660 3458.161389818840 3.83847373181942 -4.81162028782088 4.56879143072733
2024-05-05T22:32:00.000 -4587.580174400570 -2349.131514250080 4414.859325853070 5.42110563538601 -4.25759582151069 3.35479809965627
2024-05-05T22:36:00.000 -3135.163523432450 -3272.893767333300 5048.817225287600 6.60826813544056 -3.39334452422837 1.89580442108246
2024-05-05T22:40:00.000 -1454.247440293950 -3958.110113788040 5313.743999552780 7.31366247464997 -2.28185241128140 0.29837187890428
2024-05-05T22:44:00.000 332.649301847132 -4354.830289232620 5190.269072218830 7.48603269439303 -1.00385951072186 -1.32109168430218
2024-05-05T22:48:00.000 2095.276327733520 -4434.051949967200 4687.315185464970 7.11258033315992 0.34783216705628 -2.84458666708044
2024-05-05T22:52:00.000 3705.057044091140 -4189.846932278160 3841.490250754350 6.22001239988035 1.67487286039326 -4.16078968156847
2024-05-05T22:56:00.000 5044.434738659640 -3639.862310849770 2714.510671276340 4.87298649829504 2.88033085131982 -5.17306026150419
2024-05-05T23:00:00.000 6015.533243474370 -2824.133012200030 1388.779235963060 3.16989881155640 3.87574201624602 -5.80679391862455
2024-05-05T23:04:00.000 6547.468550601120 -1802.218483789930 -38.645411533872 1.23592123048805 4.58796261085320 -6.01528929632436
2024-05-05T23:08:00.000 6601.683579035880 -648.793615621531 -1463.260746278470 -0.78650298210926 4.96499429332105 -5.78365750936283
2024-05-05T23:12:00.000 6174.766802918540 551.938500690475 -2780.950029447080 -2.74886702899871 4.97992902000832 -5.12993404951930
2024-05-05T23:16:00.000 5298.522222217850 1712.534561481200 -3895.721392814200 -4.50809353414150 4.63278030180427 -4.10326505084609
2024-05-05T23:20:00.000 4037.359504108580 2748.753235981970 -4726.702458871330 -5.93718279093912 3.94993628527147 -2.77960827438910
2024-05-05T23:24:00.000 2483.344249758870 3585.618019411150 -5213.875278031670 -6.93396446073410 2.98168298535943 -1.25567621665491
2024-05-05T23:28:00.000 749.391975448874 4162.701854293930 -5322.207883559250 -7.42774946899886 1.79819043370958 0.35829459440238
2024-05-05T23:32:00.000 -1038.833016275970 4438.309356193460 -5043.987704677000 -7.38352217248347 0.48450442696998 1.94615403109714
2024-05-05T23:36:00.000 -2751.784279444080 4392.379809983250 -4399.314990786540 -6.80413883611537 -0.86513649789210 3.39357075131102
2024-05-05T23:40:00.000 -4265.173775008090 4027.949754965540 -3434.739211262760 -5.73038277779969 -2.15357653616560 4.59573548900349
2024-05-05T23:44:00.000 -5468.851934239820 3371.061666407640 -2220.078146960130 -4.23871770724552 -3.28738523130370 5.46473866306467
2024-05-05T23:48:00.000 -6274.849967342540 2469.060689418010 -843.546395817010 -2.43651886068387 -4.18355689629699 5.93618329464728
2024-05-05T23:52:00.000 -6623.991805615450 1387.316712576600 594.553939924359 -0.45491437034265 -4.77594557497574 5.97450109518448
2024-05-05T23:56:00.000 -6490.445921062950 204.490240760568 1989.193252843070 1.56114013149617 -5.02065519293525 5.57615243785526
2024-05-06T00:00:00.000 -5883.730814194880 -993.247610190934 3238.403553884690 3.46389804885019 -4.89940148233893 4.77002858346818
2024-05-06T00:04:00.000 -4848.037160083070 -2118.575513453140 4250.842678304830 5.11401104404023 -4.42094608157988 3.61521144637845
2024-05-06T00:08:00.000 -3458.929279114610 -3089.466319483920 4952.529841876760 6.39100838211672 -3.62033164949347 2.19634423055786
2024-05-06T00:12:00.000 -1817.721539494640 -3835.183759463240 5292.227947062040 7.20203896479425 -2.55596657895623 0.61710801085243
2024-05-06T00:16:00.000 -44.043973358804 -4301.382217491370 5245.111541257550 7.48817737467470 -1.30520016180455 -1.00739647069131
2024-05-06T00:20:00.000 1732.825088260930 -4454.012259591470 4814.539948895030 7.22841233833498 0.04117204283964 -2.55879484109988
2024-05-06T00:24:00.000 3383.295096107210 -4281.803375580240 4031.835203775750 6.44120126542839 1.38524374634777 -3.92382263873972
2024-05-06T00:28:00.000 4786.863418599770 -3797.143581317890 2954.080450329090 5.18344347043132 2.62893497832839 -5.00234483442684
2024-05-06T00:32:00.000 5840.975354185080 -3035.280699110540 1660.060006575380 3.54697007928523 3.68102860298383 -5.71489411752563
2024-05-06T00:36:00.000 6468.667124633290 -2051.811504748090 244.489565643012 1.65187654667376 4.46427298403038 -6.00901040215898
2024-05-06T00:40:00.000 6624.322696328190 -918.591525282539 -1188.990678052790 -0.36233459714091 4.92131723183877 -5.86331389834170
2024-05-06T00:44:00.000 6297.075353509150 281.621218371485 -2535.563230423980 -2.34754838072221 5.01926498916222 -5.28944833239007
2024-05-06T00:48:00.000 5511.455377744840 1461.367465837110 -3697.062948484570 -4.15879429899759 4.75201001196444 -4.33073110524687
2024-05-06T00:52:00.000 4325.315711767310 2534.952174433970 -4589.156512857690 -5.66504607827841 4.14016203630266 -3.05828749454769
2024-05-06T00:56:00.000 2825.346132939070 3424.643683883350 -5147.356525802580 -6.75840187725041 3.22899351692264 -1.56528592459173
2024-05-06T01:00:00.000 1120.623728473290 4066.178874372120 -5331.484106540650 -7.36118051241606 2.08473556624128 0.04008885239910
2024-05-06T01:04:00.000 -665.259854054890 4413.226617016280 -5128.374237184450 -7.43070779637631 0.78970798691935 1.64221658024893
2024-05-06T01:08:00.000 -2402.941105177210 4440.596128046770 -4552.725258954640 -6.96182553172920 -0.56320502911499 3.12580104028883
2024-05-06T01:12:00.000 -3966.398232088820 4146.046791001730 -3646.095765170230 -5.98744172180489 -1.87670934697207 4.38358038387539
2024-05-06T01:16:00.000 -5241.925093509460 3550.559363693880 -2474.072253342830 -4.57678900955830 -3.05571666921849 5.32378649957755
2024-05-06T01:20:00.000 -6136.397059493200 2696.993195783160 -1121.716594659360 -2.83124111795645 -4.01411593555500 5.87695557385206
2024-05-06T01:24:00.000 -6584.219717234010 1647.135310822330 312.498334724692 -0.87746760527750 -4.68132782126226 6.00157965414285
2024-05-06T01:28:00.000 -6552.331364160200 477.280278096538 1723.866597676150 1.14174216046569 -5.00783873635619 5.68762675982357
2024-05-06T01:32:00.000 -6042.815101151490 -727.356978960142 3009.206377487520 3.07827629612505 -4.96937785459175 4.95779553109817
2024-05-06T01:36:00.000 -5092.757631883890 -1878.971851125640 4074.544422745650 4.79038599974146 -4.56869613025665 3.86555819658393
2024-05-06T01:40:00.000 -3771.453860725350 -2893.630775231350 4842.028020839010 6.15306296204821 -3.83507425116587 2.49092885759049
2024-05-06T01:44:00.000 -2175.267814246260 -3697.397812612120 5255.603978606200 7.06709092832606 -2.82201278793319 0.93440964134122
2024-05-06T01:48:00.000 -420.554599425476 -4231.698265549960 5285.060728496760 7.46606378425873 -1.60321342932084 -0.69049827575049
2024-05-06T01:52:00.000 1364.799421896560 -4457.535177447220 4928.169162699230 7.32081456597896 -0.26714315012319 -2.26546090870895
2024-05-06T01:56:00.000 3050.603322909390 -4358.308381102460 4210.862373554150 6.64145684907316 1.08909829611164 -3.67552338685662
2024-05-06T02:00:00.000 4513.795471875450 -3941.081027440980 3185.430407841810 5.47700695442472 2.36660305052224 -4.81732539045489
2024-05-06T02:04:00.000 5647.467233894250 -3236.160686922480 1926.805273976070 3.91232313242844 3.47175782341929 -5.60676416529260
2024-05-06T02:08:00.000 6368.821131832140 -2294.970683378420 527.107806822720 2.06223846711285 4.32338276163801 -5.98567838321297
2024-05-06T02:12:00.000 6625.370285925180 -1186.271293211160 -911.181912823506 0.06288052499538 4.85911461453347 -5.92646135446599
2024-05-06T02:16:00.000 6398.826402692480 8.955642657074 -2282.865257089200 -1.93871699768797 5.04013362388096 -5.43422624071281
2024-05-06T02:20:00.000 5706.354825500880 1203.561241560420 -3487.877273126480 -3.79610260849325 4.85416686683204 -4.54628959790385
2024-05-06T02:24:00.000 4599.065531786090 2310.708026177010 -4438.652548705480 -5.37460634558681 4.31595530569961 -3.32873924344724
2024-05-06T02:28:00.000 3157.993029804160 3250.186067014280 -5066.407717300600 -6.56096120423393 3.46555725851940 -1.87093637660937
2024-05-06T02:32:00.000 1488.020792378320 3954.114161835410 -5325.923224299690 -7.27075685302093 2.36497394919774 -0.27869449934793
2024-05-06T02:36:00.000 -289.724549844977 4371.673600759350 -5198.604379615480 -7.45373229303022 1.09353656148937 1.33321427424361
2024-05-06T02:40:00.000 -2046.475249325480 4472.620628833550 -4693.701373819310 -7.09678883466631 -0.25758785325398 2.84882701025278
2024-05-06T02:44:00.000 -3654.886654793650 4249.422756573740 -3847.663031953790 -6.22487726817385 -1.59134367272505 4.15871777784499
2024-05-06T02:48:00.000 -4998.074644973810 3717.895972670050 -2721.659378185040 -4.89981061069384 -2.81134522171522 5.16753440093465
2024-05-06T02:52:00.000 -5978.068365860150 2916.228359921220 -1397.348863297350 -3.21656142811028 -3.82867706300967 5.80097469018006
2024-05-06T02:56:00.000 -6523.074699938460 1902.383541993960 28.904267038214 -1.29705707201383 -4.56852799239409 6.01165876502728
2024-05-06T03:00:00.000 -6592.942581368530 749.979665623392 1453.031915649600 0.71860672182176 -4.97613969370880 5.78324374215608
2024-05-06T03:04:00.000 -6182.276825384300 -457.084479165224 2770.944429886030 2.68272723801097 -5.02117034591445 5.13193318089191
2024-05-06T03:08:00.000 -5320.914011731060 -1630.824555704100 3886.270662026440 4.45133621912523 -4.70014183645001 4.10543269116692
2024-05-06T03:12:00.000 -4071.676948063460 -2685.684925714120 4717.501159950640 5.89523638191541 -4.03659863907700 2.77902023535137
2024-05-06T03:16:00.000 -2525.668449658470 -3544.807461835590 5203.923646322320 6.90933662421919 -3.07895833699396 1.24963722209575
2024-05-06T03:20:00.000 -795.579530795193 -4145.581758578680 5309.993695860110 7.41986211016835 -1.89682577140334 -0.37119018986522
2024-05-06T03:24:00.000 992.492822557733 -4444.165278703680 5027.890837177270 7.38954206645050 -0.57605089388375 -1.96535138665403
2024-05-06T03:28:00.000 2708.171449630210 -4418.660556387070 4378.087091638240 6.82017243489217 0.78742440001800 -3.41656627772041
2024-05-06T03:32:00.000 4226.228804424010 -4070.746472462080 3407.927955094240 5.75270107460396 2.09420905446378 -4.61852368955419
2024-05-06T03:36:00.000 5435.746215835480 -3425.663359310900 2188.277052380220 4.26477364422758 3.24857389594952 -5.48279005138861
2024-05-06T03:40:00.000 6248.347525299970 -2530.452390692560 808.385743359280 2.46547825684776 4.16575208600605 -5.94559733445172
2024-05-06T03:44:00.000 6604.827392647480 -1450.522840606950 -630.696349267841 0.48726882245793 4.77844462394792 -5.97308172149083
2024-05-06T03:48:00.000 6479.563138504360 -264.786919744879 -2023.676166674150 -1.52429619812896 5.04216547113656 -5.56394102744427
2024-05-06T03:52:00.000 5882.311227787590 940.253622893815 -3268.868753452090 -3.42185625833355 4.93851272811426 -4.74930975157554
2024-05-06T03:56:00.000 4857.276895283260 2076.937688671120 -4275.705646541100 -5.06751682646442 4.47621399791127 -3.59001226842582
2024-05-06T04:00:00.000 3479.597047230090 3062.857462777580 -4971.281069745860 -6.34292901958981 3.68994664941814 -2.17139195693792
2024-05-06T04:04:00.000 1849.647359028210 3826.748498094720 -5305.454162491910 -7.15725125967380 2.63725216830860 -0.59662498820179
2024-05-06T04:08:00.000 85.716056296852 4313.468564958440 -5254.251535715700 -7.45280996908686 1.39412842138690 1.02067079106053
2024-05-06T04:12:00.000 -1684.416343066660 4487.812768650110 -4821.448833860950 -7.20857862875858 0.04978210752395 2.56417285881207
2024-05-06T04:16:00.000 -3332.476647955470 4336.981142973640 -4038.291882635910 -6.44153624904757 -1.29931890597408 3.92255689798195
2024-05-06T04:20:00.000 -4738.776966588350 3871.561995318290 -2961.380359499670 -5.20593346233477 -2.55583947385091 4.99711971292115
2024-05-06T04:24:00.000 -5800.833975236860 3124.931626237070 -1668.763348982790 -3.59015317601083 -3.62836914292508 5.70894076588795
2024-05-06T04:28:00.000 -6440.923887052060 2151.010836301420 -254.432867755742 -1.71097323456264 -4.43820495309960 6.00498089219445
2024-05-06T04:32:00.000 -6611.961952112040 1020.462858908520 1178.462787014780 0.29461199613018 -4.92546980330263 5.86256008015223
2024-05-06T04:36:00.000 -6301.152882558200 -184.443875672665 2525.223053392340 2.27971409588724 -5.05399178079966 5.29154679061050
2024-05-06T04:40:00.000 -5531.006816102890 -1375.907576041420 3687.375294658790 4.09888431798362 -4.81410536985701 4.33362069556284
2024-05-06T04:44:00.000 -4357.669194310850 -2467.074200119540 4579.966186748130 5.61905175541662 -4.22332769051842 3.05902951925509
2024-05-06T04:48:00.000 -2866.722397540620 -3378.430228077210 5137.796181591540 6.72947838175367 -3.32486053469003 1.56105735937339
2024-05-06T04:52:00.000 -1166.846223509060 -4043.573430751440 5320.121866748130 7.34950805121818 -2.18405333984692 -0.05104443628313
2024-05-06T04:56:00.000 618.084574448332 -4413.978564768010 5113.555622380270 7.43387893560175 -0.88367672046064 -1.65988654429514
2024-05-06T05:00:00.000 2357.932704734760 -4462.517844993190 4533.049805004660 6.97603626346468 0.48178914062503 -3.14810022974640
2024-05-06T05:04:00.000 3925.729695219910 -4185.473802836190 3620.874473813460 6.00880262813106 1.81289342462489 -4.40677287173227
2024-05-06T05:08:00.000 5206.936385451570 -3602.894913164570 2443.628382501580 4.60240061938756 3.01223748444928 -5.34335689359425
2024-05-06T05:12:00.000 6107.917062350300 -2757.229273215890 1087.436670406030 2.85978785554448 3.99175386468066 -5.88874799304726
2024-05-06T05:16:00.000 6562.953684939250 -1710.254084894820 -348.382736966490 0.90918739276261 4.67949003162123 -6.00287654400493
2024-05-06T05:20:00.000 6539.169593770860 -538.493633908289 -1758.734050142960 -1.10575293109459 5.02534067860841 -5.67797657457848
2024-05-06T05:24:00.000 6038.886234617420 672.524633542497 -3040.600629472100 -3.03726261160826 5.00480053441329 -4.93896783671791
2024-05-06T05:28:00.000 5099.255832940080 1834.638634429710 -4100.667921462050 -4.74471007185088 4.62050192052349 -3.84118913656577
2024-05-06T05:32:00.000 3789.266797921320 2863.527528796950 -4862.100640975210 -6.10501445321835 3.90152425607710 -2.46567042318978
2024-05-06T05:36:00.000 2204.474105200660 3684.770306278210 -5269.961753544740 -7.02108715288226 2.90070468739509 -0.91270055109821
2024-05-06T05:40:00.000 459.972427674438 4239.075840366420 -5294.965336162470 -7.42802658934451 1.69049394860459 0.70552455670076
2024-05-06T05:44:00.000 -1317.837900189090 4486.384371025510 -4935.410699158700 -7.29697724030860 0.35779025893477 2.27260583574673
2024-05-06T05:48:00.000 -3000.156397822250 4408.656636546380 -4217.266800566970 -6.63693064177360 -1.00181626098128 3.67565738393345
2024-05-06T05:52:00.000 -4464.871627358990 4011.208233961140 -3192.407476860420 -5.49440460785516 -2.29037162016560 4.81291959527105
2024-05-06T05:56:00.000 -5605.317460873270 3322.479440681720 -1935.066798063380 -3.95096835726255 -3.41429075031454 5.60100121336215
2024-05-06T06:00:00.000 -6338.113790713850 2392.151364667370 -536.621440204250 -2.11799130615303 -4.29126576295947 5.98139672656478
2024-05-06T06:04:00.000 -6609.427626386220 1287.667791053140 900.991968621470 -0.12886095989283 -4.85655672541048 5.92523406590694
2024-05-06T06:08:00.000 -6399.121924266200 89.366615061928 2272.753773065590 1.87080304548211 -5.06819884782923 5.43594139465787
2024-05-06T06:12:00.000 -5722.353490178340 -1115.440857890550 3478.367678530350 3.73442173754574 -4.91042533935208 4.54918385508218
2024-05-06T06:16:00.000 -4628.442658088090 -2238.936115592180 4429.700677701470 5.32568502456378 -4.39475807212256 3.32996943079664
2024-05-06T06:20:00.000 -3197.174178082300 -3199.242787274830 5057.247507112210 6.52854366699536 -3.55885428058036 1.86753245402731
2024-05-06T06:24:00.000 -1532.903119695060 -3926.392045255180 5315.177085801380 7.25554959197314 -2.46364237014613 0.26867658926186
2024-05-06T06:28:00.000 243.092730902360 -4367.368298383130 5184.608513471650 7.45386727530924 -1.18858622202342 -1.35017443422457
2024-05-06T06:32:00.000 2001.363838552090 -4489.909458738780 4674.947797007380 7.10864558103508 0.17379430138641 -2.87106996305918
2024-05-06T06:36:00.000 3613.620256588860 -4284.899055909400 3823.272193478960 6.24443446120781 1.52428994344336 -4.18275064802916
2024-05-06T06:40:00.000 4962.093666801970 -3767.119532414730 2691.733547608560 4.92388231587804 2.76417219288905 -5.18884319253934
2024-05-06T06:44:00.000 5948.226134994410 -2974.264405344350 1363.084884921930 3.24351775504539 3.80244467169530 -5.81515742486930
2024-05-06T06:48:00.000 6500.032281166390 -1964.234286077480 -65.383622449234 1.32688226581011 4.56280916758949 -6.01556404379189
2024-05-06T06:52:00.000 6577.507364155850 -810.860734816937 -1489.086657129380 -0.68482114596144 4.98970682296282 -5.77582655349751
2024-05-06T06:56:00.000 6175.543685813900 401.631118244746 -2803.973027336850 -2.64387309643811 5.05259519816208 -5.11454858385487
2024-05-06T07:00:00.000 5324.132944719410 1584.914444640240 -3914.250684610580 -4.40739546400590 4.74800114996207 -4.08142780113803
2024-05-06T07:04:00.000 4085.892057227980 2653.071783830300 -4739.370091096480 -5.84801042665812 4.09923991609963 -2.75290053818993
2024-05-06T07:08:00.000 2551.245844178250 3528.791445316270 -5219.740902606840 -6.86268847036237 3.15419275579342 -1.22604682704407
2024-05-06T07:12:00.000 831.732871327548 4148.825289243500 -5320.830770414290 -7.37941761879233 1.98143370655441 0.38863962405945
2024-05-06T07:16:00.000 -948.011838202782 4468.382537952900 -5035.471099229400 -7.36162425117576 0.66529715760159 1.97493091693022
2024-05-06T07:20:00.000 -2659.066087591030 4464.237626487970 -4384.294821561470 -6.81033938594354 -0.69983575133070 3.41865980691659
2024-05-06T07:24:00.000 -4177.299420287490 4136.407134932030 -3414.324791627850 -5.76431581407171 -2.01574213657441 4.61532354981463
2024-05-06T07:28:00.000 -5392.230484393200 3508.274091933050 -2195.770561542990 -4.29799830994926 -3.18706180944744 5.47739237199283
2024-05-06T07:32:00.000 -6215.095741105530 2625.083518393920 -817.134057791077 -2.51696104076861 -4.12810316848275 5.94096828435031
2024-05-06T07:36:00.000 -6585.516921475280 1550.814552233520 621.135545898251 -0.55071540409214 -4.76950298541931 5.97112811968726
2024-05-06T07:40:00.000 -6476.113701401890 363.563687537156 2014.008761897020 1.45698352265319 -5.06374384156777 5.56489796977202
2024-05-06T07:44:00.000 -5894.643517996870 -850.182873381687 3259.650436226240 3.35896233672600 -4.98890968633209 4.75173171936430
2024-05-06T07:48:00.000 -4883.460508946040 -2001.948543931090 4266.988143325960 5.01595340333722 -4.55041570023189 3.59126847483806
2024-05-06T07:52:00.000 -3516.325643779370 -3007.792530639010 4962.426385261670 6.30710352501523 -3.78035469050770 2.16852356379980
2024-05-06T07:56:00.000 -1892.921553722900 -3794.429096914700 5295.174861613790 7.13849371925711 -2.73484182588491 0.58735882944888
2024-05-06T08:00:00.000 -131.566599337364 -4304.519794769980 5240.898091378290 7.44967500638051 -1.48984700410230 -1.03696404809689
2024-05-06T08:04:00.000 1639.372431019310 -4500.798621137820 4803.458125246210 7.21779386877350 -0.13566706221502 -2.58612891675476
2024-05-06T08:08:00.000 3290.729541870800 -4368.777855260380 4014.657177838990 6.45914495957398 1.22924453829923 -3.94697755895356
2024-05-06T08:12:00.000 4701.908455047870 -3917.896746465560 2932.021712329210 5.22851412578567 2.50516186292367 -5.01961438532040
2024-05-06T08:16:00.000 5769.769170214550 -3180.943415679410 1634.696678844120 3.61575226133044 3.59848364452948 -5.72497475640947
2024-05-06T08:20:00.000 6416.322028265260 -2211.710871682290 217.661279947030 1.73931471869056 4.42888235995463 -6.01104670478071
2024-05-06T08:24:00.000 6594.581059865770 -1081.044682578640 -1215.319421248650 -0.26256355768087 4.93554160800023 -5.85714565681728
2024-05-06T08:28:00.000 6292.036451175240 128.458005866211 -2559.465324775110 -2.24271981404251 5.08196608578072 -5.27551410094504
2024-05-06T08:32:00.000 5531.420771685740 1328.634855400990 -3716.780915497200 -4.05651140945340 4.85850147043223 -4.31000408021187
2024-05-06T08:36:00.000 4368.785070940510 2432.276908902850 -4603.231789769570 -5.57264694856101 4.28261255246548 -3.03228196801068
2024-05-06T08:40:00.000 2889.131396990720 3359.453332079780 -5154.742447914220 -6.68251486610232 3.39700841659471 -1.53589170059622
2024-05-06T08:44:00.000 1200.083599205200 4043.172273079480 -5331.623332065590 -7.30722437294030 2.26611277844268 0.07071512363397
2024-05-06T08:48:00.000 -575.882022199725 4434.047199295280 -5121.241861486800 -7.40251212765895 0.97134851715480 1.67180623716721
2024-05-06T08:52:00.000 -2310.112803863150 4503.726871456390 -4538.838872145230 -6.96145477883981 -0.39439605450785 3.15214267787173
2024-05-06T08:56:00.000 -3876.852773000560 4246.916175675290 -3626.474058120790 -6.01502030474635 -1.73294806583391 4.40474572402017
2024-05-06T09:00:00.000 -5162.178777130040 3681.853973233940 -2450.147244293830 -4.63037690086940 -2.94749074433025 5.33826839619227
2024-05-06T09:04:00.000 -6072.261108696980 2849.175611435930 -1095.228006824610 -2.90694622905658 -3.94934553789711 5.88369987964047
2024-05-06T09:08:00.000 -6540.374123232830 1809.141126689720 339.616418463961 -0.96983842294168 -4.66473807590168 6.00004735376587
2024-05-06T09:12:00.000 -6532.000913776960 637.321541639028 1749.633987253210 1.03936168730857 -5.04071920738987 5.67797997830786
2024-05-06T09:16:00.000 -6047.508485920560 -580.944881740996 3031.748772128060 2.97340321246761 -5.04937653269212 4.94072473541478
2024-05-06T09:20:00.000 -5122.155213101140 -1756.860515392440 4092.217226255450 4.69064474246738 -4.68996058145531 3.84230536605533
2024-05-06T09:24:00.000 -3823.439953616000 -2804.716588504640 4853.549922373250 6.06572409579433 -3.98876247470490 2.46324663999534
2024-05-06T09:28:00.000 -2246.071825665720 -3648.160472917640 5260.152188112210 6.99858799334095 -2.99694323586384 0.90432427132330
2024-05-06T09:32:00.000 -505.017763040599 -4225.726415143590 5282.310568691550 7.42143684666866 -1.78661660935709 -0.72087145026669
2024-05-06T09:36:00.000 1272.835904861290 -4495.256381835490 4918.313846012960 7.30332532962154 -0.44561258689888 -2.29393908507064
2024-05-06T09:40:00.000 2957.848444732330 -4436.951399138210 4194.608227109080 6.65238856549116 0.92865612857694 -3.70004083551669
2024-05-06T09:44:00.000 4427.012400368710 -4054.872676582840 3163.950667606250 5.51553210034311 2.23593689060248 -4.83608877944990
2024-05-06T09:48:00.000 5572.973341110700 -3376.755962825920 1901.652235264240 3.97556121525806 3.38042867875049 -5.61842435772278
2024-05-06T09:52:00.000 6312.013608661670 -2452.068270884410 500.102349723247 2.14546638565782 4.27802154861404 -5.98934870854479
2024-05-06T09:56:00.000 6590.337306414240 -1348.385982370490 -938.067839961876 0.16000929217729 4.86290058718858 -5.92179428962284
2024-05-06T10:00:00.000 6388.076672942360 -146.353648401990 -2307.658105443880 -1.83472230673552 5.09270028530914 -5.42155799534406
2024-05-06T10:04:00.000 5720.632717218930 1066.363865925190 -3508.755602753660 -3.69280404143700 4.95159182090099 -4.52653530805987
2024-05-06T10:08:00.000 4637.300160748060 2201.587375937500 -4454.077581297890 -5.27947480842419 4.45106386449583 -3.30332295457206
2024-05-06T10:12:00.000 3217.384775035300 3177.048583117590 -5075.233939204060 -6.48085002090452 3.62847239144138 -1.84169995992100
2024-05-06T10:16:00.000 1564.245658084970 3922.240995752000 -5327.483637355800 -7.21143532456227 2.54382502908746 -0.24774877870572
2024-05-06T10:20:00.000 -202.198181930677 4383.341543117040 -5192.756867016450 -7.41943567078641 1.27531665744355 1.36362743546105
2024-05-06T10:24:00.000 -1953.981101160930 4526.946642472460 -4680.841986400770 -7.08993350035521 -0.08604024374430 2.87648188083014
2024-05-06T10:28:00.000 -3564.110094698860 4342.438813507380 -3828.706373685830 -6.24596787057021 -1.44243242168467 4.18155660331152
2024-05-06T10:32:00.000 -4915.586538042180 3842.831113932900 -2697.969849448640 -4.94737265606177 -2.69589654761669 5.18389900832128
2024-05-06T10:36:00.000 -5909.844584098450 3063.982115009800 -1370.632554082150 -3.28713967294330 -3.75514179158476 5.80967571447715
2024-05-06T10:40:00.000 -6474.050466015270 2062.183068412630 56.715171319507 -1.38548994818322 -4.54229683641349 6.01201032216382
2024-05-06T10:44:00.000 -6566.652495015480 910.174366563035 1479.907078228030 0.61872967184363 -4.99909200591414 5.77513555272733
2024-05-06T10:48:00.000 -6180.615370605990 -308.167523076707 2794.912463818440 2.57861780440505 -5.09162465629159 5.11596470538060
2024-05-06T10:52:00.000 -5343.991369303050 -1504.037340041020 3905.573774439140 4.35054759765241 -4.81297644935416 4.08276323899899
2024-05-06T10:56:00.000 -4117.807353603100 -2590.266926197660 4730.720133376640 5.80508534665121 -4.18356864747978 2.75130376053333
2024-05-06T11:00:00.000 -2591.495002431230 -3487.704994252870 5210.088081109000 6.83635260088244 -3.24933306405850 1.21893512944646
2024-05-06T11:04:00.000 -876.315006834838 -4130.950333627820 5308.659633076140 7.36937397896141 -2.07821739840064 -0.40258757937437
2024-05-06T11:08:00.000 902.731377993112 -4473.072052130530 5019.166561120130 7.36527747123215 -0.75525638642270 -1.99516935010306
2024-05-06T11:12:00.000 2615.931618700720 -4489.000534237700 4362.614776110860 6.82391715899291 0.62346358031876 -3.44263355255499
2024-05-06T11:16:00.000 4138.246453070630 -4177.394962953870 3386.842522033410 5.78422017763814 1.95745712332013 -4.63894618978253
2024-05-06T11:20:00.000 5358.454511063800 -3560.841921967600 2163.122264328650 4.32180177084414 3.14903782355453 -5.49607468073853
2024-05-06T11:24:00.000 6187.404618782650 -2684.294758656290 780.998761858892 2.54384860222636 4.11071075051774 -5.95080644722587
2024-05-06T11:28:00.000 6564.691269950470 -1611.798816443420 -658.318366202516 0.58122466503959 4.77191471876812 -5.96980930517612
2024-05-06T11:32:00.000 6463.171389778670 -421.729496176277 -2049.509587562740 -1.42158970348848 5.08457573070820 -5.55240063235540
2024-05-06T11:36:00.000 5890.875914303080 799.081763888296 -3291.021742206060 -3.31786453896498 5.02671462045152 -4.73037703038526
2024-05-06T11:40:00.000 4890.191198898690 1961.813505126450 -4292.564229536110 -4.96984155122850 4.60374068643880 -3.56509293576853
2024-05-06T11:44:00.000 3534.475336135100 2982.148777300410 -4981.616822950030 -6.25868540708766 3.84745497546564 -2.14228529807209
2024-05-06T11:48:00.000 1922.508481713290 3786.306899034010 -5308.509869954150 -7.09254981295141 2.81325027897809 -0.56542794093204
2024-05-06T11:52:00.000 171.275897309626 4316.210924244170 -5249.790497347970 -7.41232634017449 1.57579476302047 1.05174072298524
2024-05-06T11:56:00.000 -1592.353354087910 4533.510311270490 -4809.770950605830 -7.19519108855594 0.22389016835756 2.59287434214314
2024-05-06T12:00:00.000 -3240.565345407930 4422.281050391730 -4020.221722872090 -6.45617313119514 -1.14541683748559 3.94679849590732
2024-05-06T12:04:00.000 -4653.653192819160 3990.236639951950 -2938.209949468030 -5.24751728571899 -2.43331646363973 5.01511399907858
2024-05-06T12:08:00.000 -5728.643573274740 3268.324843591600 -1642.162784376410 -3.65569223638921 -3.54617430797364 5.71935721698888
2024-05-06T12:12:00.000 -6386.872631667110 2308.652689281170 -226.323541713820 -1.79565283371255 -4.40239809739963 6.00705183607560
2024-05-06T12:16:00.000 -6579.917286308450 1180.833047294050 1206.036413038930 0.19703202441964 -4.93867396834206 5.85603280201820
2024-05-06T12:20:00.000 -6293.371128198110 -33.055584877473 2550.228968717650 2.17632612803280 -5.11516288071529 5.27679854656046
2024-05-06T12:24:00.000 -5547.989928923210 -1244.536782191350 3707.953969071760 3.99715147214831 -4.91871698847550 4.31169805097523
2024-05-06T12:28:00.000 -4398.129977737860 -2365.283374554590 4594.577186533770 5.52632410796366 -4.36370046378491 3.03152797058026
2024-05-06T12:32:00.000 -2927.678083387210 -3313.613994702270 5145.335476960030 6.65244436077376 -3.49071934459691 1.52998971602141
2024-05-06T12:36:00.000 -1243.841382847190 -4020.425971831120 5320.003536455300 7.29368376236610 -2.36331569716851 -0.08338886828558
2024-05-06T12:40:00.000 530.656703627599 -4434.163977362310 5105.765825601220 7.40329983127262 -1.06332083340102 -1.69106275751781
2024-05-06T12:44:00.000 2266.442861418690 -4524.552267174360 4518.153021899720 6.97298012968211 0.31482639534388 -3.17578277848579
2024-05-06T12:48:00.000 3836.855671216290 -4284.825370723090 3599.960677726290 6.03352955971333 1.67077984111290 -4.42892368614120
2024-05-06T12:52:00.000 5127.174991844820 -3732.314513577060 2418.230052222860 4.65315878989872 2.90531630802761 -5.35835009223526
2024-05-06T12:56:00.000 6043.112446160780 -2907.275809248310 1059.412223833570 2.93290642680012 3.92783928786927 -5.89550648193201
2024-05-06T13:00:00.000 6517.862816491860 -1869.977947054070 -376.985419887182 0.99934345292323 4.66325681517185 -6.00090732476185
2024-05-06T13:04:00.000 6517.111064366590 -696.241918583972 -1785.825408149150 -1.00514585847898 5.05791925603224 -5.66743167243118
2024-05-06T13:08:00.000 6041.502584224480 528.241622730993 -3064.206086803510 -2.93349109577171 5.08373743997797 -4.92065225327668
2024-05-06T13:12:00.000 5126.403857349640 1714.318517757150 -4119.080528334980 -4.64529999487504 4.74003784332325 -3.81650636619815
2024-05-06T13:16:00.000 3839.015875402780 2775.926623837190 -4874.005495496580 -6.01724799433705 4.05298584451296 -2.43645076222092
2024-05-06T13:20:00.000 2273.232051369080 3636.265667859030 -5274.513942446540 -6.95141747534637 3.07304659161089 -0.88100813017480
2024-05-06T13:24:00.000 542.757373436337 4233.190400308780 -5291.837451714740 -7.38151454979505 1.87114024939178 0.73745149619399
2024-05-06T13:28:00.000 -1227.023049613030 4523.534238241670 -4924.819796575350 -7.27697477006703 0.53357574926163 2.30249983437854
2024-05-06T13:32:00.000 -2907.880972522650 4486.121187167320 -4199.962870496460 -6.64482688194993 -0.84369487349963 3.70135673712316
2024-05-06T13:36:00.000 -4377.801432318180 4123.334036017070 -3169.634062694360 -5.52962200428725 -2.16141917103179 4.83251886053337
2024-05-06T13:40:00.000 -5529.739646083990 3461.086624140250 -1908.471569401150 -4.01093561962322 -3.32391379444773 5.61304619473904
2024-05-06T13:44:00.000 -6279.481698574580 2547.129110715960 -508.141142199037 -2.19838619586070 -4.24606417867158 5.98495999962879
2024-05-06T13:48:00.000 -6571.971035305690 1447.701647889170 929.276231203599 -0.22384168845259 -4.85989008728105 5.92004171628856
2024-05-06T13:52:00.000 -6385.523115657140 242.764464939594 2298.767529507520 1.76818589810233 -5.11982017633981 5.42232054990046
2024-05-06T13:56:00.000 -5733.554621060020 -979.880239985976 3500.189469422480 3.63163330360737 -5.00653064120844 4.52807760194552
2024-05-06T14:00:00.000 -4663.584964068760 -2131.101490404630 4445.704308982900 5.23017031978230 -4.52827816224326 3.30288809609527
2024-05-06T14:04:00.000 -3253.669082052270 -3126.988588033800 5066.231925007550 6.44720364238513 -3.72001621312558 1.83648393247484
2024-05-06T14:08:00.000 -1606.617497343510 -3894.968930080740 5316.461198722780 7.19425381595052 -2.64065597171797 0.23595612802354
2024-05-06T14:12:00.000 157.528097344553 -4379.051334136580 5178.083735888900 7.41701070641784 -1.36860637716083 -1.38211558396703
2024-05-06T14:16:00.000 1910.175108085900 -4543.849577537930 4661.094813860180 7.09893330642998 0.00381260115956 -2.89980497538623
2024-05-06T14:20:00.000 3523.460877673620 -4377.183649045990 3803.126280700520 6.26268812476934 1.37668983542534 -4.20613660451033
2024-05-06T14:24:00.000 4879.567784356190 -3891.044133938000 2666.792906782620 4.96886917628866 2.64972541580569 -5.20517046858595
2024-05-06T14:28:00.000 5879.404828026120 -3120.811676360450 1335.195860175320 3.31204876211939 3.72953111983692 -5.82325767706424
2024-05-06T14:32:00.000 6450.004775643390 -2122.728245521060 -94.169413256599 1.41400762835875 4.53678211188588 -6.01490238992328
2024-05-06T14:36:00.000 6549.996722229220 -969.749205501561 -1516.664419452670 -0.58544640627165 5.01246226241343 -5.76649467051571
2024-05-06T14:40:00.000 6172.635429779430 253.926407646351 -2828.340919682380 -2.53948566180336 5.12246766509013 -5.09730547851339
2024-05-06T14:44:00.000 5346.116024397560 1459.155016843800 -3933.657209470150 -4.30562682132781 4.85988447515931 -4.05758884673850
2024-05-06T14:48:00.000 4131.235879164920 2558.416611282130 -4752.439351447310 -5.75630348779867 4.24497553952234 -2.72426032654459
2024-05-06T14:52:00.000 2616.707462958050 3472.136789026330 -5225.570319132980 -6.78779099875491 3.32319987076179 -1.19472008569840
2024-05-06T14:56:00.000 912.582877046406 4134.307479230480 -5319.037590813750 -7.32686805722942 2.16141934625347 0.42046985703084
2024-05-06T15:00:00.000 -857.632261095926 4497.067930768270 -5026.198952468530 -7.33524052754438 0.84313514645184 2.00505661730250
2024-05-06T15:04:00.000 -2565.702764997720 4534.042366387860 -4368.212691169620 -6.81200136131443 -0.53711181711674 3.44494010759122
2024-05-06T15:08:00.000 -4087.705408147940 4242.248070481530 -3392.593889089880 -5.79387049470901 -1.88000177128063 4.63582272484899
2024-05-06T15:12:00.000 -5312.881978131370 3642.441838403980 -2169.970896177270 -4.35330856001682 -3.08818862339284 5.49058897846087
2024-05-06T15:16:00.000 -6151.730819238080 2777.803267335760 -789.145630865292 -2.59402781552815 -4.07332900787801 5.94590069169151
2024-05-06T15:20:00.000 -6542.710221280790 1710.954052081580 649.270778033421 -0.64392770082994 -4.76282170180357 5.96740885177277
2024-05-06T15:24:00.000 -6456.949294013400 519.450021655121 2040.234569221510 1.35438206164969 -5.10565750113938 5.55280436627182
2024-05-06T15:28:00.000 -5900.484530185690 -709.918374741319 3282.049681578010 3.25446697088084 -5.07637992148629 4.73212685710468
2024-05-06T15:32:00.000 -4913.844991262090 -1887.533701087050 4283.911494953680 4.91715413189030 -4.67704367941063 3.56551520148387
2024-05-06T15:36:00.000 -3569.016414280520 -2927.570523679400 4972.615584322140 6.22115025195118 -3.93692021605783 2.13850235815018
2024-05-06T15:40:00.000 -1964.063257685600 -3754.248037863950 5297.865878675590 7.07162652299461 -2.90990315289803 0.55528320779804
2024-05-06T15:44:00.000 -215.966073781018 -4307.301038367770 5235.880697274390 7.40672189064996 -1.67061379058794 -1.06872335565529
2024-05-06T15:48:00.000 1547.861883124270 -4546.335260653320 4791.096938395800 7.20185532851671 -0.30903002190509 -2.61518378541825
2024-05-06T15:52:00.000 3198.776794386230 -4453.766471767540 3995.868101908480 6.47143652353563 1.07584091793595 -3.97115172101423
2024-05-06T15:56:00.000 4616.236137230140 -4036.172622633550 2908.198565952030 5.26825348052247 2.38287681566981 -5.03713857825880
2024-05-06T16:00:00.000 5696.664615154220 -3323.911974391860 1607.599120088680 3.68011988018643 3.51625531945819 -5.73457367863559
2024-05-06T16:04:00.000 6361.176703089580 -2368.974519147770 189.282492900998 1.82369971104192 4.39272126284352 -6.01207217012626
2024-05-06T16:08:00.000 6561.489219183180 -1241.155887292320 -1242.907859658380 -0.16429479350458 4.94812230693845 -5.84958516864162
2024-05-06T16:12:00.000 6283.483935899450 -22.840800246285 -2584.263029686790 -2.13774455091389 5.14236767290981 -5.25996976888753
2024-05-06T16:16:00.000 5548.103568617120 1197.162647014180 -3737.005385679030 -3.95248367056576 4.96231216234420 -4.28768375072503
2024-05-06T16:20:00.000 4409.553553942840 2330.201430358800 -4617.448856802850 -5.47719525583659 4.42227844710966 -3.00484674976690
2024-05-06T16:24:00.000 2951.069641127920 3294.206305055640 -5161.957620540340 -6.60263839874948 3.56237122919626 -1.50533079267849
2024-05-06T16:28:00.000 1278.722607037920 4019.506015739180 -5331.347884455630 -7.24878795400378 2.44514293482528 0.10220159038480
2024-05-06T16:32:00.000 -486.240064375018 4453.690618114230 -5113.518774316950 -7.36982010018754 1.15102568135835 1.70202889258195
2024-05-06T16:36:00.000 -2215.968852074490 4565.254351792270 -4524.223539479550 -6.95684736394463 -0.22717635969227 3.17901384224750
2024-05-06T16:40:00.000 -3785.021004811780 4345.846005251560 -3606.007812470090 -6.03876513568061 -1.59039095978618 4.42633072389787
2024-05-06T16:44:00.000 -5079.290242351970 3810.976409215420 -2425.302557298990 -4.68070634294692 -2.83997743262602 5.35292908079102
2024-05-06T16:48:00.000 -6004.300145454340 2999.084962615320 -1067.814651721490 -2.98026475390920 -3.88469816222867 5.89031462536195
2024-05-06T16:52:00.000 -6492.252416742630 1968.913688390540 367.599565388824 -1.06083340883066 -4.64770079774034 5.99815296365304
2024-05-06T16:56:00.000 -6507.183021989060 795.308607464022 1776.147854963740 0.93735129298623 -5.07254188530367 5.66769824909967
2024-05-06T17:00:00.000 -6047.755795625830 -436.259166265825 3054.853408796460 2.86781305949832 -5.12771298371962 4.92276713534412
2024-05-06T17:04:00.000 -5147.406378795210 -1636.014361754710 4110.213374423010 4.58913405693843 -4.80907310216577 3.81794242680310
2024-05-06T17:08:00.000 -3871.828814692420 -2716.509445874780 4865.102457362490 5.97559191308008 -4.13998556888367 2.43425424318429
2024-05-06T17:12:00.000 -2314.059309015730 -3599.019917539790 5264.402536207700 6.92639821651786 -3.16928622528083 0.87283601942975
2024-05-06T17:16:00.000 -587.635364613640 -4219.234727717100 5278.932546026360 7.37245121560593 -1.96749644172890 -0.75256186504145
2024-05-06T17:20:00.000 1181.618042018570 -4531.878640862280 4907.540898603480 7.28107127880302 -0.62181785453557 -2.32348606270082
2024-05-06T17:24:00.000 2864.678914131680 -4514.013731140870 4177.226285764370 6.65849079841754 0.76991174182747 -3.72522737009501
2024-05-06T17:28:00.000 4338.691979241440 -4166.766082767820 3141.235444381450 5.54959955163506 2.10619713053898 -4.85507603443663
2024-05-06T17:32:00.000 5495.959823308280 -3515.334219669240 1875.267813587210 4.03514992131648 3.28915687581590 -5.62982223252966
2024-05-06T17:36:00.000 6251.951363012520 -2607.239055213640 471.983176248170 2.22628183066086 4.23186636371733 -5.99232132630385
2024-05-06T17:40:00.000 6551.645397604100 -1508.849027863790 -965.864611043732 0.25619104460429 4.86522305434109 -5.91615683145629
2024-05-06T17:44:00.000 6373.620503618950 -300.425286785061 -2333.107390955420 -1.73017305834012 5.14330925433932 -5.40776218647030
2024-05-06T17:48:00.000 5731.512928688910 929.896325450919 -3530.014882862770 -3.58751327547081 5.04678377850825 -4.50563478262818
2024-05-06T17:52:00.000 4672.765258620310 2092.649708103970 -4469.618677571760 -5.18114957178252 4.58388118166296 -3.27686366808795
2024-05-06T17:56:00.000 3274.885331710250 3103.557241455560 -5083.946345632890 -6.39667140518248 3.78923780804204 -1.81159544798393
2024-05-06T18:00:00.000 1639.624013344490 3889.533472421050 -5328.747017441260 -7.14754544413588 2.72084968705843 -0.21614814141807
2024-05-06T18:04:00.000 -114.402931725803 4393.788292561850 -5186.481264223330 -7.38048073594631 1.45571704530679 1.39447278060988
2024-05-06T18:08:00.000 -1860.133340525030 4579.779851234280 -4667.474809729680 -7.07876002216269 0.08461761254227 2.90438987423530
2024-05-06T18:12:00.000 -3471.011551989240 4433.800941638010 -3809.190673869620 -6.26332714406415 -1.29398445922235 4.20457561176463
2024-05-06T18:16:00.000 -4829.963281301680 3966.052534928530 -2673.692767798170 -4.99192291664730 -2.58047076573627 5.20029814335803
2024-05-06T18:20:00.000 -5837.871592687760 3210.076486663410 -1343.349594135570 -3.35565791685534 -3.68112111429768 5.81816010739036
2024-05-06T18:24:00.000 -6420.921161753050 2220.504182051400 85.011635159125 -1.47306579023142 -4.51504500857733 6.01192034453203
2024-05-06T18:28:00.000 -6536.208593852400 1069.186367354190 1507.151564740130 0.51842289698284 -5.02062924171785 5.76651149907896
2024-05-06T18:32:00.000 -6175.046323188550 -160.059232708766 2819.117028882830 2.47290173527795 -5.16039424432013 5.09940797739489
2024-05-06T18:36:00.000 -5363.673787059460 -1377.628951964180 3924.965760905660 4.24711531397772 -4.92392538056111 4.05945832383910
2024-05-06T18:40:00.000 -4161.289236859380 -2494.763525009370 4743.873208247310 5.71138409963829 -4.32858984596135 2.72294691013443
2024-05-06T18:44:00.000 -2655.610558991110 -3430.063044348970 5216.040336254040 6.75915849064656 -3.41790344778059 1.18766250670394
2024-05-06T18:48:00.000 -956.395206728300 -4115.379818534780 5306.986592835300 7.31435396284794 -2.25810253437847 -0.43447181472251
2024-05-06T18:52:00.000 812.531840835710 -4500.722122469380 5009.998748954550 7.33648613534730 -0.93333008778156 -2.02536062601036
2024-05-06T18:56:00.000 2522.198964730260 -4557.862581234810 4346.627490903970 6.82344321724406 0.46020466294232 -3.46891942284759
2024-05-06T19:00:00.000 4047.824516641390 -4282.456586475440 3365.214649717720 5.81212869081862 1.82089906919720 -4.65937494668158
2024-05-06T19:04:00.000 5277.958758054850 -3694.449138325070 2137.447692139960 4.37610585038827 3.04918093604618 -5.50916337268358
2024-05-06T19:08:00.000 6122.731725791590 -2836.702147554240 753.165955202531 2.62059911961281 4.05485853235788 -5.95559199933360
2024-05-06T19:12:00.000 6520.587950758650 -1771.889968427520 -686.264607414225 0.67483402185715 4.76412195625047 -5.96597128875913
2024-05-06T19:16:00.000 6442.881528871280 -577.836229335807 -2075.524888884400 -1.31796855527014 5.12535775566310 -5.54025234340066
2024-05-06T19:20:00.000 5895.903594063460 658.323185183866 -3313.210721198460 -3.21179942541656 5.11304107527118 -4.71083764140762
2024-05-06T19:24:00.000 4920.192846774420 1846.635378849630 -4309.315987185760 -4.86906248018191 4.72927728473368 -3.53960151684935
2024-05-06T19:28:00.000 3587.286952055170 2900.914426364000 -4991.718001146930 -6.17054839653385 4.00305204751269 -2.11268594008610
2024-05-06T19:32:00.000 1994.302088818440 3744.905480599920 -5311.222423653650 -7.02346488935289 2.98756729504644 -0.53382534018274
2024-05-06T19:36:00.000 256.846818614258 4317.632870062720 -5244.903129164520 -7.36729792376669 1.75616153136915 1.08309324073636
2024-05-06T19:40:00.000 -1499.205359766110 4577.633326072690 -4797.613650461630 -7.17745474540295 0.39719769860412 2.62173721120712
2024-05-06T19:44:00.000 -3146.583823476530 4505.881219765040 -4001.647694851100 -6.46700825933363 -0.99176171294221 3.97108443117323
2024-05-06T19:48:00.000 -4565.640625972050 4107.212594353040 -2914.536091148800 -5.28610776601053 -2.31054612839894 5.03306076276693
2024-05-06T19:52:00.000 -5652.956003031780 3410.137975326530 -1615.085131405430 -3.71917934230579 -3.46322714876777 5.72958371641852
2024-05-06T19:56:00.000 -6328.968442378700 2464.964016206490 -197.809348644736 -1.87947831860825 -4.36525616010313 6.00871510975698
2024-05-06T20:00:00.000 -6543.985424668590 1340.258794961990 1233.904646249080 0.09886329223448 -4.95002291224938 5.84902376246222
2024-05-06T20:04:00.000 -6282.018182305250 117.872147135069 2575.421036227490 2.07092129701979 -5.17419952622104 5.26164354347162
2024-05-06T20:08:00.000 -5562.040662303760 -1113.104061070680 3728.636544747600 3.89214155030394 -5.02115146152081 4.28951103420577
2024-05-06T20:12:00.000 -4436.567399831070 -2262.928576922120 4609.250965298150 5.42935165854225 -4.50209789857007 3.00393936994023
2024-05-06T20:16:00.000 -2987.714753859910 -3247.804039381210 5152.939942015970 6.57052106415807 -3.65500399565106 1.49904566256822
2024-05-06T20:20:00.000 -1321.122264452640 -3995.970581203060 5320.011081176230 7.23279001348103 -2.54155749534985 -0.11535402344026
2024-05-06T20:24:00.000 441.755293724806 -4452.873472118060 5098.215371261730 7.36796873564677 -1.24258660532565 -1.72170147871400
2024-05-06T20:28:00.000 2172.416769095350 -4585.093424139110 4503.628383483280 6.96587182584032 0.14763857737404 -3.20291673543474
2024-05-06T20:32:00.000 3744.584332335890 -4382.804075360150 3579.541457633400 6.05517017878663 1.52790593369379 -4.45061356028660
2024-05-06T20:36:00.000 5043.409507021260 -3860.596904035590 2393.421272861150 4.70196757201387 2.79721003697000 -5.37301476609195
2024-05-06T20:40:00.000 5973.985858333610 -3056.513320317260 1032.039862870610 3.00534699005608 3.86238755754241 -5.90208074678912
2024-05-06T20:44:00.000 6468.443902096410 -2029.294890168580 -404.914857277152 1.09012475987226 4.64522486163199 -5.99895285832351
2024-05-06T20:48:00.000 6491.025548166060 -854.029688069778 -1812.272552281930 -0.90267956778799 5.08861512682687 -5.65711032517538
2024-05-06T20:52:00.000 6040.663684246870 383.477012055897 -3087.240630855600 -2.82686526924280 5.16089125459943 -4.90270521520107
2024-05-06T20:56:00.000 5150.874244226480 1593.107501349200 -4137.017303847800 -4.54230997490052 4.85795195074258 -3.79222743706211
2024-05-06T21:00:00.000 3887.011959801130 2687.066027844530 -4885.524772791920 -5.92537912504096 4.20300296179026 -2.40757437905679
2024-05-06T21:04:00.000 2341.266429064550 3586.187065245990 -5278.758091216990 -6.87731899471058 3.24424068829530 -0.84962207049854
2024-05-06T21:08:00.000 625.891166648687 4225.503705935780 -5288.469187938300 -7.33054169439709 2.05105445032260 0.76912235353176
2024-05-06T21:12:00.000 -1134.814713420250 4558.766449674150 -4914.044221951610 -7.25278058073570 0.70913783662051 2.33218413089887
2024-05-06T21:16:00.000 -2813.271539117760 4561.680909867070 -4182.517730017800 -6.64912564895548 -0.68524333573058 3.72691403945549
2024-05-06T21:20:00.000 -4287.627883831130 4233.699171770140 -3146.741506678600 -5.56205919889715 -2.03159552384821 4.85206920972762
2024-05-06T21:24:00.000 -5450.512619944810 3598.202336816810 -1881.761131311920 -4.06916167168547 -3.23218693092445 5.62511066871893
2024-05-06T21:28:00.000 -6216.914031810190 2700.986684032950 -479.533114600137 -2.27813625237951 -4.19912147717231 5.98859660970192
2024-05-06T21:32:00.000 -6530.561767210980 1607.080329438560 957.704040554554 -0.31934880662570 -4.86109823820439 5.91490417493725
2024-05-06T21:36:00.000 -6368.246906506160 396.049601114234 2324.938161797850 1.66380662600340 -5.16907936323705 5.40875895902242
2024-05-06T21:40:00.000 -5741.641963340440 -843.854732786707 3522.187487740790 3.52593273952151 -5.10021382444962 4.50708468181695
2024-05-06T21:44:00.000 -4696.434109307470 -2022.235490280900 4461.923116767100 5.13077334749963 -4.65954654508738 3.27602239831297
2024-05-06T21:48:00.000 -3308.888479132900 -3053.208323717140 5075.493028759100 6.36131691584043 -3.87934786898198 1.80572340387391
2024-05-06T21:52:00.000 -1680.191873258320 -3861.653994728860 5318.096867223900 7.12812098409661 -2.81647396591592 0.20356518075069
2024-05-06T21:56:00.000 70.951962916722 -4388.636991452930 5171.989287137710 7.37546195856676 -1.54811523588794 -1.41374093797310
2024-05-06T22:00:00.000 1816.907062625980 -4595.652669830720 4647.736611626090 7.08507439032183 -0.16633354890840 -2.92834338896542
2024-05-06T22:04:00.000 3430.318948287740 -4467.440131845560 3783.496691219580 6.27759517889738 1.22836851256628 -4.22954615602769
2024-05-06T22:08:00.000 4793.367551310880 -4013.167752587140 2642.332054545810 5.01144599670312 2.53412213096052 -5.22178253848284
2024-05-06T22:12:00.000 5806.445046737480 -3265.881499880890 1307.688806808650 3.37912505608522 3.65508275829184 -5.83187300475807
2024-05-06T22:16:00.000 6395.605766007240 -2280.153181128180 -122.714135603256 1.50065093939298 4.50889957664310 -6.01487935772308
2024-05-06T22:20:00.000 6518.114307511340 -1128.041445803370 -1544.158209421490 -0.48560559356603 5.03314991376200 -5.75780517039872
2024-05-06T22:24:00.000 6165.575831608900 106.303722509395 -2852.763663320680 -2.43373492820338 5.19013392934605 -5.08055766600408
2024-05-06T22:28:00.000 5364.375862574250 1332.940730614970 -3953.209183132780 -4.20167227868100 4.96951716734434 -4.03399160001441
2024-05-06T22:32:00.000 4173.468027745230 2462.772550482130 -4765.670178950560 -5.66170685546292 4.38852752568113 -2.69549253468746
2024-05-06T22:36:00.000 2679.825853062980 3413.986043618330 -5231.476305930170 -6.70938657904673 3.49017762242626 -1.16281181317733
2024-05-06T22:40:00.000 991.997395280065 4117.836198717130 -5317.137043651390 -7.27029060660213 2.33964762911656 0.45322044403067
2024-05-06T22:44:00.000 -767.681441679733 4523.427213219070 -5016.572745871530 -7.30453565716266 1.01964949131458 2.03629830734870
2024-05-06T22:48:00.000 -2471.722832897910 4601.269860334180 -4351.499229422600 -6.80932700734528 -0.37513407688886 3.47239356273802
2024-05-06T22:52:00.000 -3996.484044707620 4345.412671094060 -3369.952488523780 -5.81938901044490 -1.74433311869036 4.65746258355948
2024-05-06T22:56:00.000 -5230.998866235530 3773.996302602410 -2143.000106419740 -4.40512014759853 -2.98872089358282 5.50479420348538
2024-05-06T23:00:00.000 -6085.076345968310 2928.136213253090 -759.778557210920 -2.66836147449551 -4.01726232811828 5.95152315448185
2024-05-06T23:04:00.000 -6496.079071078740 1869.091017749840 678.900725225410 -0.73544435823057 -4.75425657262466 5.96394763183408
2024-05-06T23:08:00.000 -6433.693290114440 673.844835175110 2067.955347890600 1.25228529568173 -5.14520977351028 5.54044756440115
2024-05-06T23:12:00.000 -5902.269241404180 -570.532085400304 3305.821419149130 3.14915545798172 -5.16112533489584 4.71178202021298
2024-05-06T23:16:00.000 -4940.525511542230 -1773.318565808900 4301.991270497590 4.81627280885864 -4.80076263572074 3.53871779458739
2024-05-06T23:20:00.000 -3618.640906730240 -2846.842115013080 4983.680691394800 6.13198365697499 -4.09055220968696 2.10721374983504
2024-05-06T23:24:00.000 -2033.025967098100 -3712.883001764390 5301.115317020800 7.00062693864830 -3.08230454337189 0.52184618230310
2024-05-06T23:28:00.000 -299.253473411526 -4308.322167223770 5231.093722781950 7.35908679386734 -1.84927406105899 -1.10184437420279
2024-05-06T23:32:00.000 1456.314982987680 -4589.683761266500 4778.643013255690 7.18108962637698 -0.48094472095991 -2.64556012492329
2024-05-06T23:36:00.000 3105.649129111030 -4536.301970167040 3976.676104035370 6.47911934601501 0.92320260720089 -3.99658969616789
2024-05-06T23:40:00.000 4528.334380846960 -4151.886788233880 2883.683243540980 5.30386268290098 2.26073032188785 -5.05577938227211
2024-05-06T23:44:00.000 5620.425138884910 -3464.358636336480 1579.566373066660 3.74109886394703 3.43357203023873 -5.74507472759959
2024-05-06T23:48:00.000 6302.181517796480 -2523.887978755450 159.785540436969 1.90552157763034 4.35558720176313 -6.01369512682170
2024-05-06T23:52:00.000 6524.038720844210 -1399.215002701570 -1271.705651769830 -0.06767618818923 4.95918654071359 -5.84216526337762
2024-05-06T23:56:00.000 6270.300844413060 -172.514223153301 -2610.242400641880 -2.03337361892756 5.20074448900093 -5.24404694962263
2024-05-07T00:00:00.000 5560.139123726080 1066.776923804030 -3758.253672093770 -3.84799122797371 5.06366738848650 -4.26442006670940
2024-05-07T00:04:00.000 4445.917108085590 2228.578487706310 -4632.394940100350 -5.38018552370034 4.55913641976527 -2.97591131839336
2024-05-07T00:08:00.000 3009.107079957350 3228.710103555280 -5169.483735288190 -6.52012600478220 3.72472812339716 -1.47280255340854
2024-05-07T00:12:00.000 1354.215354882670 3994.868164158270 -5330.866030348370 -7.18671862395021 2.62119271151802 0.13600716885338
2024-05-07T00:16:00.000 -398.765737049106 4471.670541791830 -5105.014223656280 -7.33264101877871 1.32795596848894 1.73466612163332
2024-05-07T00:20:00.000 -2122.844134256550 4624.512522532950 -4508.267552558790 -6.94721974345942 -0.06222010981553 3.20809236031409
2024-05-07T00:24:00.000 -3692.978352839510 4442.044757569600 -3583.718353382870 -6.05735473140824 -1.44938393193267 4.44969747786633
2024-05-07T00:28:00.000 -4994.983158016230 3937.096363156820 -2398.271645416160 -4.72619288693936 -2.73316867641734 5.36882679543280
2024-05-07T00:32:00.000 -5933.828265339160 3145.925406490760 -1037.991716858440 -3.04937328214409 -3.81989868225587 5.89752996788928
2024-05-07T00:36:00.000 -6440.714433483910 2125.756599142570 398.045934052635 -1.14854231742649 -4.62965060760917 5.99608474111727
2024-05-07T00:40:00.000 -6478.309284434870 950.712312778303 1804.983133672750 0.83731223030173 -5.10250989085373 5.65642601675863
2024-05-07T00:44:00.000 -6043.661204475050 -293.629187792860 3079.961923633360 2.76261746352609 -5.20355275165263 4.90318320160180
2024-05-07T00:48:00.000 -5168.409178867500 -1516.573783490760 4129.767488685240 4.48647568132966 -4.92529197195098 3.79152948165025
2024-05-07T00:52:00.000 -3916.403059905010 -2628.981804806110 4877.685413104690 5.88302122795681 -4.28806610107832 2.40291581279515
2024-05-07T00:56:00.000 -2378.961365594570 -3549.788941799670 5269.099497241760 6.85059739679693 -3.33839057852833 0.83887167985448
2024-05-07T01:00:00.000 -668.152771753811 -4211.892598114830 5275.416693230700 7.31892795797906 -2.14534166746783 -0.78661383384918
2024-05-07T01:04:00.000 1091.343161087680 -4566.976386135250 4896.091367772440 7.25379071030913 -0.79547509646673 -2.35514983069370
2024-05-07T01:08:00.000 2771.228100935750 -4589.009658337670 4158.693183311500 6.65946908738531 0.61312602387495 -3.75223363573080
2024-05-07T01:12:00.000 4248.881956603590 -4276.199222267880 3116.981391317710 5.57877634884984 1.97777132293070 -4.87544152366373
2024-05-07T01:16:00.000 5416.347652045370 -3651.221938882050 1847.081988299600 4.09044552740822 3.19848297632950 -5.64202051631319
2024-05-07T01:20:00.000 6188.363906427320 -2759.661011712250 441.942683273178 2.30370469395271 4.18561056487757 -5.99549363928504
2024-05-07T01:24:00.000 6508.737736785070 -1666.666872435940 -995.557275729604 0.35002982069631 4.86678310503689 -5.91010320646883
2024-05-07T01:28:00.000 6354.522376205900 -452.114463993889 -2360.276505312150 -1.62681633180122 5.19249126319892 -5.39291592332001
2024-05-07T01:32:00.000 5737.611266307390 795.390803834039 -3552.669049739570 -3.48218280384369 5.13990731563584 -4.48308646072666
2024-05-07T01:36:00.000 4703.612846347370 1985.109920772810 -4486.098342417740 -5.08149478371818 4.71409084352456 -3.24827572407228
2024-05-07T01:40:00.000 3328.238244862280 3030.788874385930 -5093.043774228300 -6.30991720174897 3.94701484114271 -1.77903772808445
2024-05-07T01:44:00.000 1711.613057607980 3856.807291839050 -5329.788417124620 -7.07993522413241 2.89473120062209 -0.18198077862144
2024-05-07T01:48:00.000 -28.989524244293 4403.475808183090 -5179.377098728060 -7.33690536632928 1.63313230925535 1.42777588432740
2024-05-07T01:52:00.000 -1767.480233780160 4631.179974606700 -4652.724574867690 -7.06236873007326 0.25269182635707 2.93440612889964
2024-05-07T01:56:00.000 -3377.829308074760 4523.187397445070 -3787.858065081060 -6.27534722900241 -1.14743775008404 4.22907412161535
2024-05-07T02:00:00.000 -4743.013940979380 4086.939645555090 -2647.328128987440 -5.03153757941873 -2.46611602312370 5.21747342658698
2024-05-07T02:04:00.000 -5763.478694189060 3353.683483132200 -1313.874644186120 -3.42005332367258 -3.60730564352508 5.82674043417894
2024-05-07T02:08:00.000 -6364.513060913280 2376.386702819740 115.444407927052 -1.55763236690866 -4.48720846543574 6.01127317649007
2024-05-07T02:12:00.000 -6501.915761165980 1225.988020484810 1536.317862373640 0.41981475585814 -5.04085763913735 5.75666796768129
2024-05-07T02:16:00.000 -6165.398392581520 -13.768373457977 2844.883042899610 2.36737963442144 -5.22722021297739 5.08110034279475
2024-05-07T02:20:00.000 -5379.417228455770 -1252.517276967480 3945.459262196840 4.14234435494000 -5.03252722624083 4.03411032699112
2024-05-07T02:24:00.000 -4201.308064769410 -2399.970900893540 4757.623599048470 5.61512405339785 -4.47110041699821 2.69243474120655
2024-05-07T02:28:00.000 -2716.988977520070 -3372.519136738550 5222.058387432260 6.67851371594149 -3.58388702543848 1.15411757619207
2024-05-07T02:32:00.000 -1034.655844899090 -4099.282844987370 5304.827293238670 7.25516398473742 -2.43538601129171 -0.46865546299350
2024-05-07T02:34:14.000 -54.359955108955 -4377.609454801540 5181.565572437040 7.34823306261602 -1.71079938645289 -1.36758830391457
2024-05-07T02:38:14.000 1689.707357209630 -4623.593613175090 4667.896830316860 7.09665978950591 -0.32639011861668 -2.88684583080054
2024-05-07T02:42:14.000 3310.495488455420 -4532.299944747020 3812.748696410190 6.32709457756752 1.08265210196222 -4.19573822684274
2024-05-07T02:46:14.000 4689.636629905060 -4110.203839253400 2678.526134121240 5.09523705164790 2.41334083809831 -5.19808640175045
2024-05-07T02:50:14.000 5726.352421644490 -3388.007130843110 1348.177204518660 3.49111031429978 3.56806533006898 -5.81999923686260
2024-05-07T02:54:14.000 6344.973716285570 -2418.450541420330 -80.890848705385 1.63266723217150 4.46197391678623 -6.01570289428683
2024-05-07T02:58:14.000 6500.615582191250 -1272.419310899800 -1504.063385672890 -0.34321372749763 5.02971125214501 -5.77130060823047
2024-05-07T03:02:14.000 6182.453403274230 -33.629185593311 -2817.335621333090 -2.29141447401043 5.23036917592572 -5.10570311056010
2024-05-07T03:06:14.000 5414.362907618650 1207.631081849320 -3925.033161327590 -4.06974908073175 5.05038190386396 -4.06890691301945
2024-05-07T03:10:14.000 4252.907328387620 2361.179589053000 -4746.798405718020 -5.54967820422317 4.50409287690675 -2.73763991201942
2024-05-07T03:14:14.000 2782.941980057580 3343.473920531980 -5223.285625535800 -6.62529083645431 3.63204719682108 -1.20913620085162
2024-05-07T03:18:14.000 1111.320514335300 4083.521370703800 -5320.235993912730 -7.22014206625380 2.49760406209654 0.40602464061973
2024-05-07T03:22:14.000 -640.786578719595 4527.825867158580 -5030.766870380620 -7.29198141949171 1.18236161433330 1.99158877633928
2024-05-07T03:26:14.000 -2346.454906955530 4644.117231282220 -4375.802089724450 -6.83537941452104 -0.21938281236452 3.43337205855003
2024-05-07T03:30:14.000 -3881.954674314740 4423.667874889620 -3402.650169218180 -5.88230792214980 -1.60681427121825 4.62695650822163
2024-05-07T03:34:14.000 -5135.581220152890 3882.051453720240 -2181.764762000060 -4.50053350487472 -2.87943427545268 5.48506546655282
2024-05-07T03:38:14.000 -6015.798776157410 3058.198533102580 -801.818393582124 -2.78944965802456 -3.94430272843977 5.94414888824034
2024-05-07T03:42:14.000 -6458.074306730510 2011.732053597140 636.646207050130 -0.87336532314083 -4.72304881281245 5.96955654771424
2024-05-07T03:46:14.000 -6429.809345088920 818.697893108366 2028.579290404520 1.10761187495538 -5.15811314639409 5.55868692982593
2024-05-07T03:50:14.000 -5932.856342130140 -434.015359089729 3272.217114587760 3.00833984440367 -5.21727212231445 4.74134608928815
2024-05-07T03:54:14.000 -5003.405017717500 -1655.091107119490 4276.634081864330 4.68964507763164 -4.89609975436975 3.57745960956718
2024-05-07T03:58:14.000 -3709.261198387450 -2755.531789015790 4968.445665683780 6.02887361668283 -4.21815448675889 2.15230133177268
2024-05-07T04:02:14.000 -2144.785204944080 -3655.157615951440 5297.131794680290 6.92867992071314 -3.23285212890797 0.56992723856058
2024-05-07T04:06:14.000 -423.984920639914 -4288.385636113980 5238.644288007370 7.32358519277348 -2.01169057964037 -1.05441984422765
2024-05-07T04:10:14.000 1327.716571694740 -4608.962488301890 4797.139151075460 7.18455242687676 -0.64331017845375 -2.60233778989166
2024-05-07T04:14:14.000 2982.552648945440 -4593.344847276290 4004.719252599560 6.52120840477739 0.77280670308815 -3.96073414447993
2024-05-07T04:18:14.000 4419.686368712980 -4242.477899852810 2919.181753102520 5.38142206824108 2.13326896253280 -5.02989619739944
2024-05-07T04:22:14.000 5534.092701390570 -3581.836794316560 1619.886260179500 3.84834631866882 3.33833944547795 -5.73100745062372
2024-05-07T04:26:14.000 6244.382540130530 -2659.641847536440 201.962736409104 2.03460744632388 4.29943256757000 -6.01236886861316
2024-05-07T04:30:14.000 6498.915907512500 -1543.323771331280 -1230.758762647480 0.07385697246074 4.94613634019521 -5.85368239796880
2024-05-07T04:34:14.000 6279.605461266280 -314.464717060806 -2573.520949003470 -1.88977057285525 5.23164908666195 -5.26751426418843
2024-05-07T04:38:14.000 5603.110497799880 937.310089739677 -3728.426608699150 -3.71273080700917 5.13613499683442 -4.29804276998542
2024-05-07T04:42:14.000 4519.369083924010 2120.982124300060 -4611.614158169520 -5.26296515901167 4.66779664190909 -3.01721215086761
2024-05-07T04:45:00.000 3572.128653258060 2854.416942637930 -5029.058092529300 -6.11621917724641 4.14312854180447 -1.99770813868016
2024-05-07T04:49:00.000 1992.574770198800 3733.300012492860 -5319.946647912280 -6.96654951282867 3.13649101485635 -0.41179123721656
2024-05-07T04:53:00.000 268.677365761470 4341.754757385670 -5224.376042245450 -7.31191719345121 1.90315820819561 1.20333666611401
2024-05-07T04:57:00.000 -1474.673910058100 4635.733330917930 -4749.319444466870 -7.12764371382002 0.53162412223948 2.73148640258948
2024-05-07T05:01:00.000 -3111.130512715560 4593.742387668450 -3929.077350623360 -6.42634596083713 -0.87969096602736 4.06239576919971
2024-05-07T05:05:00.000 -4521.826980330760 4218.455684333210 -2822.952177543910 -5.25753301268768 -2.22895463956547 5.09921275897787
2024-05-07T05:09:00.000 -5603.958719524470 3536.686680845880 -1511.155275235670 -3.70483751032265 -3.41805309060802 5.76567028274016
2024-05-07T05:13:00.000 -6278.363368157400 2597.624824630360 -89.119347503645 -1.88052061274445 -4.35981336589352 6.01204804165979
2024-05-07T05:17:00.000 -6495.491009596820 1469.385914684170 1339.412592539240 0.08240214038876 -4.98473669672823 5.81933923670765
2024-05-07T05:21:00.000 -6239.225987922960 234.069808039948 2670.041307229100 2.04014222263969 -5.24658384685897 5.20116640611465
2024-05-07T05:25:00.000 -5528.140846413240 -1018.305403141530 3805.477622794290 3.84928685758477 -5.12601665896289 4.20274787921089
2024-05-07T05:29:00.000 -4414.087158685290 -2196.455759448290 4662.733575788380 5.37764061843926 -4.63183721411014 2.89724851569789
2024-05-07T05:33:00.000 -2978.324443334680 -3214.522775104990 5179.191675838240 6.51383184740304 -3.80016979672268 1.38018769026346
2024-05-07T05:37:00.000 -1325.512459758100 -3998.327116088960 5317.131128891520 7.17536447856263 -2.69153720968367 -0.23779286618374
2024-05-07T05:41:00.000 423.919011161910 -4490.692835665660 5066.401408124940 7.31401453755724 -1.38629418303767 -1.83892306762841
2024-05-07T05:45:00.000 2142.431215739580 -4655.580533790480 4445.164455866770 6.91917826145676 0.02078482288060 -3.30640584286901
2024-05-07T05:49:00.000 3704.604901738130 -4480.769603287740 3498.664392589100 6.01908416432315 1.42718355329098 -4.53274762299144
2024-05-07T05:53:00.000 4996.310221219400 -3978.839243625140 2296.020368894110 4.67907667246307 2.72999683896585 -5.42772413192743
2024-05-07T05:57:00.000 5923.149974842110 -3186.351899221600 925.229449588901 2.99728928323583 3.83354326005598 -5.92529028154929
2024-05-07T06:01:00.000 6417.529433274430 -2161.221617868960 -513.315434509614 1.09754626095061 4.65676148576402 -5.98891605880148
2024-05-07T06:05:00.000 6443.712545860550 -978.405974537559 -1914.326511179560 -0.88025741131866 5.13959459209248 -5.61459254250878
2024-05-07T06:09:00.000 6000.385032092310 275.717341252202 -3175.490854614170 -2.79103031791311 5.24753270324165 -4.83091094826554
2024-05-07T06:13:00.000 5120.549186802730 1509.808136468150 -4205.033479461280 -4.49570624733760 4.97388738753384 -3.69643944114853
2024-05-07T06:17:00.000 3868.832648843960 2634.274831825010 -4928.358134688280 -5.87138513687433 4.33974420771313 -2.29478877141361
2024-05-07T06:21:00.000 2336.546982898940 3567.724700350270 -5293.294701969470 -6.81982132880920 3.39183130493680 -0.72804298242418
2024-05-07T06:25:00.000 634.978169374588 4242.699998967880 -5273.654850414600 -7.27368657326486 2.19881672935948 0.89064289326467
2024-05-07T06:29:00.000 -1112.575297500460 4610.373311201040 -4870.957983214350 -7.20070151856685 0.84638867175489 2.44482813393906
2024-05-07T06:33:00.000 -2779.491888184090 4643.960927640790 -4114.290308783650 -6.60562925107143 -0.56844551969985 3.82250245934857
2024-05-07T06:37:00.000 -4244.765399496760 4340.684296088160 -3058.330712088050 -5.53032631568496 -1.94378422416618 4.92364562588923
2024-05-07T06:41:00.000 -5401.683616143250 3722.117464834880 -1779.598893187140 -4.05147652128538 -3.17977424834002 5.66741138717025
2024-05-07T06:45:00.000 -6165.673185402450 2832.825769447440 -371.074087162344 -2.27587038733148 -4.18590468633953 5.99844002424718
2024-05-07T06:49:00.000 -6480.668509720140 1737.260794718000 1064.532703553530 -0.33279289131634 -4.88805879302848 5.89156180288728
2024-05-07T06:53:00.000 -6323.386952480720 515.102828889210 2422.332410342610 1.63555323589857 -5.23428682239968 5.35397425986785
2024-05-07T06:57:00.000 -5705.147768766960 -744.598162679232 3603.044373349340 3.48489601096615 -5.19898107496784 4.42491333582681
2024-05-07T07:01:00.000 -4671.028239748650 -1950.018603196830 4520.362715345630 5.07999138587895 -4.78473925457811 3.17253842870435
2024-05-07T07:05:00.000 -3296.461116814980 -3013.314334925960 5107.282108677730 6.30462899538129 -4.02185931913154 1.68846669883132
2024-05-07T07:09:00.000 -1681.658745038790 -3857.006085107790 5320.931680662880 7.06974083911343 -2.96587830824754 0.08099991665994
2024-05-07T07:13:00.000 55.703911956310 -4419.578267705620 5145.657268554260 7.31970946040237 -1.69344664283656 -1.53276270861010
2024-05-07T07:17:00.000 1789.001844393780 -4659.899555947250 4594.129380597060 7.03597442610156 -0.29682198062656 -3.03523539873817
2024-05-07T07:21:00.000 3391.776160564910 -4560.244238746860 3706.482669153550 6.23856103641234 1.12233904233745 -4.31650233944662
2024-05-07T07:25:00.000 4746.947113196310 -4127.693389961330 2547.504931514860 4.98523460329706 2.46023990000269 -5.28234054715817
2024-05-07T07:29:00.000 5755.473561495400 -3393.719412959270 1201.969361930940 3.36764560927225 3.61869814468596 -5.86151422369039
2024-05-07T07:33:00.000 6343.746170708840 -2411.937452056100 -231.590010728851 1.50478904591050 4.51258099006009 -6.01137695570557
2024-05-07T07:37:00.000 6469.111716411370 -1254.142442130700 -1648.219801079290 -0.46607263358769 5.07652787377209 -5.72144880734969
2024-05-07T07:41:00.000 6122.978110727230 -4.918661385780 -2944.406335000500 -2.40022000823972 5.26996957367155 -5.01406774142521
2024-05-07T07:45:00.000 5331.266365810060 1244.688070066100 -4025.749509782360 -4.15659444641915 5.07991820384896 -3.94228129855557
2024-05-07T07:49:00.000 4152.243484044420 2403.897984714860 -4813.832480724280 -5.60835561250241 4.52144520319302 -2.58529092388635
2024-05-07T07:53:00.000 2672.014609755760 3388.755256918460 -5251.760185605230 -6.65163455748241 3.63591259102581 -1.04210833350397
2024-05-07T07:57:00.000 998.161450255458 4128.065992329050 -5308.063276932290 -7.21228076885099 2.48762021910202 0.57567222486459
2024-05-07T08:01:00.000 -747.982826575584 4568.364897762950 -4978.794704816570 -7.25044474001731 1.15915345783706 2.15158657405586
2024-05-07T08:05:00.000 -2439.911420666550 4677.651817244450 -4287.760051842250 -6.76309879258066 -0.25419547367632 3.57212602663680
2024-05-07T08:09:00.000 -3954.867944382110 4447.696043963370 -3284.883419209220 -5.78440923790770 -1.65074913859718 4.73439306817302
2024-05-07T08:13:00.000 -5182.602260915930 3894.752357911440 -2042.787434354800 -4.38395312540384 -2.92930973034092 5.55327534065197
2024-05-07T08:17:00.000 -6033.427674435990 3058.584738466270 -651.725709450804 -2.66259488753178 -3.99640123227594 5.96796571207087
2024-05-07T08:21:00.000 -6444.953145185470 1999.739812363310 786.905026882285 -0.74555424655041 -4.77345671279213 5.94710225815429
2024-05-07T08:25:00.000 -6386.845144056660 795.190139406814 2168.020497281040 1.22694553479965 -5.20306887636000 5.49154184004828
2024-05-07T08:29:00.000 -5863.164811700040 -467.321900009786 3390.641087579850 3.11035268787966 -5.25347978337904 4.63442988539731
2024-05-07T08:33:00.000 -4912.075336646870 -1695.768426705090 4365.386465455860 4.76684595554676 -4.92094037212522 3.43864134866027
2024-05-07T08:37:00.000 -3602.963332713250 -2800.615707667340 5021.053128436540 6.07564407667717 -4.22980722870547 1.99176153855568
2024-05-07T08:41:00.000 -2031.280568817340 -3701.360067531730 5309.765031414880 6.94159127133465 -3.23046894207713 0.39939028570320
2024-05-07T08:45:00.000 -311.565194244004 -4332.344552523110 5210.393971512720 7.30169895731578 -1.99549796421302 -1.22248644191269
2024-05-07T08:49:00.000 1430.850114567140 -4647.485752161860 4730.084032149030 7.12953343435755 -0.61446950084055 -2.75566599340741
2024-05-07T08:53:00.000 3068.884761968220 -4623.624540184640 3903.771666211320 6.43707661538654 0.81224450836510 -4.08810674808267
2024-05-07T08:57:00.000 4482.929182485080 -4262.298229798630 2791.736409856720 5.27432068002402 2.18045895707354 -5.12197525657268
2024-05-07T09:01:00.000 5569.645889964470 -3589.746267896700 1475.283234471750 3.72613024104003 3.38979019384940 -5.78103153663715
2024-05-07T09:05:00.000 6249.683374592690 -2655.068709961640 50.796016117261 1.90627231300598 4.35136882655817 -6.01671328784602
2024-05-07T09:09:00.000 6473.624955869030 -1526.608940218960 -1377.423773608190 -0.05115809864780 4.99475884857230 -5.81206621408535
2024-05-07T09:13:00.000 6225.637265184130 -286.835139779772 -2704.966385820040 -2.00226374874330 5.27343531741766 -5.18310606900377
2024-05-07T09:17:00.000 5524.477792834390 973.845452646248 -3835.082266160950 -3.80453506967642 5.16812726488523 -4.17715485773121
2024-05-07T09:21:00.000 4421.858517541320 2163.788383890420 -4685.746937872810 -5.32754957958195 4.68775320022115 -2.86873756038727
2024-05-07T09:25:00.000 2998.401829586010 3196.764222424820 -5195.495767447660 -6.46217296609701 3.86814337667533 -1.35353118253358
2024-05-07T09:29:00.000 1357.636097906960 3998.079495611230 -5327.657950701380 -7.12766461750588 2.76896793722820 0.25875887794858
2024-05-07T09:33:00.000 -381.466080046412 4509.796762675030 -5072.817365128960 -7.27673358425426 1.46936559478643 1.85201950033793
2024-05-07T09:37:00.000 -2092.910091439840 4694.778397944470 -4449.414211606780 -6.89848136098377 0.06257170372136 3.31151525723478
2024-05-07T09:41:00.000 -3652.570644167800 4539.345065825990 -3502.483734865870 -6.01935311018298 -1.35026556755808 4.53164750538632
2024-05-07T09:45:00.000 -4947.031362379850 4054.357942817120 -2300.559799118960 -4.70171185845836 -2.66696772604782 5.42334699675553
2024-05-07T09:49:00.000 -5881.809654898550 3274.610772166650 -930.909171166622 -3.04016517149695 -3.79148765950039 5.92060447042518
2024-05-07T09:53:00.000 -6388.400428977550 2256.490136502520 506.689746101813 -1.15532504837985 -4.64109925290098 5.98593004608756
2024-05-07T09:57:00.000 -6429.510855834000 1073.966451055430 1907.251024333050 0.81498139907536 -5.15300907056256 5.61377159514540
2024-05-07T10:01:00.000 -6001.936646587850 -186.836429615896 3168.377634076700 2.72634517532858 -5.28938372258611 4.83110860010468
2024-05-07T10:05:00.000 -5136.815702614920 -1434.016050387060 4197.865357438150 4.43883290038359 -5.04018800880691 3.69533794717948
2024-05-07T10:09:00.000 -3897.266656699620 -2576.670550353300 4920.497151174780 5.82750538951161 -4.42368751594294 2.28968331949426
2024-05-07T10:13:00.000 -2373.683368678700 -3531.535148895630 5283.504511506960 6.79134115319967 -3.48483441191356 0.71682062235002
2024-05-07T10:17:00.000 -677.111098840672 -4229.013479721030 5260.354592934270 7.26027618574369 -2.29187383964252 -0.90862659274830
2024-05-07T10:21:00.000 1068.809265917670 -4618.197396175220 4852.638130204910 7.19999561950810 -0.93135989184008 -2.46828766098731
2024-05-07T10:25:00.000 2736.758973974650 -4670.554788826790 4089.988265772830 6.61440131643261 0.49786591671604 -3.84823360240269
2024-05-07T10:29:00.000 4204.973601630590 -4382.071855226100 3028.016076211620 5.54566441683319 1.89153579333478 -4.94723469926098
2024-05-07T10:33:00.000 5366.177001408720 -3773.658254111550 1744.340277604680 4.07168689933654 3.14752468368061 -5.68432183623229
2024-05-07T10:37:00.000 6135.559038406430 -2889.702488839920 332.925878215256 2.30065570166771 4.17355707565989 -6.00515101986478
2024-05-07T10:41:00.000 6457.131015015740 -1794.827221455830 -1102.876647441290 0.36302334043222 4.89440608261934 -5.88639756614999
2024-05-07T10:45:00.000 6307.884107727880 -569.061693042372 -2458.059987001250 -1.59865177900492 5.25773371684351 -5.33765645958284
2024-05-07T10:49:00.000 5699.361864642340 698.163683882564 -3633.795166979940 -3.44087000487641 5.23799494385859 -4.40040156751286
2024-05-07T10:53:00.000 4676.559837830590 1914.671198847070 -4544.679742862550 -5.03007635849170 4.83787197757899 -3.14424115288444
2024-05-07T10:57:00.000 3314.367973485940 2992.255815634380 -5124.843921276810 -6.25216207014304 4.08749643913661 -1.66125822783945
2024-05-07T11:01:00.000 1711.940096508980 3852.980124806130 -5332.518372334590 -7.02011119699302 3.04169482861114 -0.05897475261472
2024-05-07T11:05:00.000 -14.493176247502 4434.624110425810 -5152.842090470360 -7.27936019061092 1.77584706462857 1.54717205654699
2024-05-07T11:09:00.000 -1739.861838769110 4695.021991138640 -4598.835849449580 -7.01121859509711 0.38075665695759 3.04157337415490
2024-05-07T11:13:00.000 -3339.072298208420 4615.058636571410 -3710.507598653300 -6.23423157556058 -1.04335168747195 4.31622007593422
2024-05-07T11:17:00.000 -4695.898531973060 4200.135252219710 -2552.122530484090 -5.00342853070198 -2.39358926151373 5.27820157957624
2024-05-07T11:21:00.000 -5711.394659327180 3479.940428509140 -1207.731513657220 -3.40700363575662 -3.57166520170557 5.85659939131699
2024-05-07T11:25:00.000 -6311.201920252400 2506.477071845290 224.801571347449 -1.56050709279514 -4.49109672622775 6.00800499272948
2024-05-07T11:29:00.000 -6451.197838850880 1350.406432770620 1640.900088212090 0.40119388577772 -5.08393577828227 5.72037577363834
2024-05-07T11:33:00.000 -6120.922070024930 95.897332231642 2937.031818726220 2.33430874870467 -5.30632750527958 5.01440983590040
2024-05-07T11:37:00.000 -5344.380741568650 -1165.602373670460 4018.415348659920 4.09721986095786 -5.14183208938951 3.94183558760692
2024-05-07T11:41:00.000 -4178.234432442310 -2342.126565991760 4806.021865249260 5.56115407673189 -4.60256013539372 2.58132080958663
2024-05-07T11:45:00.000 -2707.546593140040 -3347.936729670300 5242.333507022590 6.61958574963303 -3.72791690338971 1.03230968827352
2024-05-07T11:49:00.000 -1039.521299275490 -4109.729034558470 5295.468913245580 7.19558532597272 -2.58146489340812 -0.59228612238981
2024-05-07T11:53:00.000 704.273118066290 -4571.915534057300 4961.468103287120 7.24709572686906 -1.24641786649236 -2.17408664230246
2024-05-07T11:57:00.000 2396.689547763360 -4700.659546383360 4264.592260169410 6.76995273614448 0.18026492185169 -3.59768952732330
2024-05-07T12:01:00.000 3914.197649935630 -4486.379859711180 3255.631882065370 5.79837978524551 1.59457369234172 -4.75874512010476
2024-05-07T12:05:00.000 5145.928601449350 -3944.559640701200 2008.304740273250 4.40307673179015 2.89296194791899 -5.57178277707302
2024-05-07T12:09:00.000 6001.893788273450 -3114.702803930290 613.898033282805 2.68633079585515 3.98006795634067 -5.97682249713826
2024-05-07T12:13:00.000 6419.728795223450 -2057.472270419690 -825.471145764827 0.77458907146483 4.77609344636420 -5.94423582564473
2024-05-07T12:17:00.000 6369.348689035190 -850.172007706786 -2204.492903136480 -1.19138804733007 5.22307539688137 -5.47720270725232
2024-05-07T12:21:00.000 5855.068618269870 419.064923052612 -3422.530704615880 -3.06755788097762 5.28926872798163 -4.61117387893255
2024-05-07T12:25:00.000 4915.055052442050 1657.855327247230 -4391.036147403570 -4.71765041853801 4.97112659520908 -3.41068537424830
2024-05-07T12:29:00.000 3618.242269008130 2776.329833931670 -5039.912144464280 -6.02302559952978 4.29289156293877 -1.96392012606915
2024-05-07T12:33:00.000 2059.114731664370 3693.556299537170 -5322.399115585180 -6.89056283159318 3.30429847855855 -0.37598486143987
2024-05-07T12:37:00.000 350.822207083631 4343.234423845190 -5218.247301695740 -7.25865386881557 2.07677661511401 1.23861391713469
2024-05-07T12:41:00.000 -1382.874811226330 4678.310598667330 -4735.039861854650 -7.10093251182080 0.69838990935490 2.76372161152855
2024-05-07T12:45:00.000 -3016.316190625070 4674.296767362320 -3907.665863003730 -6.42808395613620 -0.73191416667645 4.08922718725915
2024-05-07T12:49:00.000 -4430.850684962100 4331.101786135690 -2795.950607106340 -5.28757891476161 -2.11093701019986 5.11867590681799
2024-05-07T12:53:00.000 -5523.391558186580 3673.200031534410 -1480.519476281530 -3.76101220032808 -3.33839611109412 5.77629942980634
2024-05-07T12:57:00.000 -6214.026153044270 2748.035921608130 -57.079741010389 -1.95876685805499 -4.32437930172541 6.01304290887242
2024-05-07T13:01:00.000 -6452.020460063740 1622.696772902350 1370.515471468250 -0.01217182503553 -4.99615057364557 5.81057141782067
2024-05-07T13:05:00.000 -6219.731329638730 379.071558961204 2697.917912884460 1.93613994659654 -5.30397994389882 5.18320214290181
2024-05-07T13:09:00.000 -5533.984244407580 -892.202745841221 3828.058054655270 3.74342345970636 -5.22513251188332 4.17684061584366
2024-05-07T13:13:00.000 -4444.794539420760 -2098.444031929570 4678.326111259700 5.27756094006842 -4.76537289525316 2.86528448500265
2024-05-07T13:17:00.000 -3031.624715679150 -3151.731698741400 5186.618581484610 6.42677979420587 -3.95833168014928 1.34452467524242
2024-05-07T13:21:00.000 -1397.504669253850 -3975.306823948890 5315.816646543330 7.10758633076727 -2.86277906858847 -0.27452001678328
2024-05-07T13:25:00.000 338.476729866784 -4509.101830339220 5056.420686928070 7.27039206181237 -1.55819423258606 -1.87395510107184
2024-05-07T13:29:00.000 2049.758974647180 -4714.073565201370 4427.248361676870 6.90293794510014 -0.13931412726944 -3.33708839679989
2024-05-07T13:33:00.000 3611.468739493430 -4575.091916620870 3474.137792506050 6.03149827002199 1.29052979406138 -4.55680957128038
2024-05-07T13:37:00.000 4909.531527678350 -4102.125908884930 2266.695613324290 4.71933208394537 2.62675885488800 -5.44340170566710
2024-05-07T13:41:00.000 5849.106698934870 -3329.622494810770 893.266679085495 3.06252030770836 3.77127211323325 -5.93146620793569
2024-05-07T13:45:00.000 6361.681643708340 -2314.034402645240 -545.572133211629 1.18301896795403 4.63999448526551 -5.98517847329621
2024-05-07T13:49:00.000 6410.201350436520 -1129.628318535340 -1944.521696241550 -0.78072742763622 5.16953592560925 -5.60126963948743
2024-05-07T13:53:00.000 5991.729078251330 137.100275006695 -3201.435376494010 -2.68470141930071 5.32198868916041 -4.80904048124751
2024-05-07T13:57:00.000 5137.453482426930 1393.888022997960 -4224.863394232250 -4.39033699422127 5.08741356545401 -3.66768202077327
2024-05-07T14:01:00.000 3910.135769074280 2549.488889361870 -4940.673168173660 -5.77468412302499 4.48409363745144 -2.26131482870169
2024-05-07T14:05:00.000 2399.294061348080 3520.253647965690 -5297.251154191180 -6.73893219532340 3.55654090258215 -0.69227016285877
2024-05-07T14:09:00.000 714.632105036640 4236.011926222520 -5268.997664848030 -7.21454608383775 2.37188266152535 0.92622923339438
2024-05-07T14:13:00.000 -1021.784715850800 4644.961833857630 -4858.034590220490 -7.16759938894546 1.01518840921736 2.47771648579159
2024-05-07T14:17:00.000 -2684.139272054260 4717.307916217410 -4094.036109762350 -6.60094020010822 -0.41623985914476 3.85032982510506
2024-05-07T14:21:00.000 -4151.749093926180 4447.442000768410 -3032.214697703350 -5.55436746978166 -1.81926583781537 4.94436205298027
2024-05-07T14:25:00.000 -5317.733704610460 3854.505058757690 -1749.522999350590 -4.10253052354505 -3.09202310805423 5.67949234455089
2024-05-07T14:29:00.000 -6096.863658430630 2981.189665233140 -339.230667037428 -2.35021530814270 -4.14133289933811 6.00099038262778
2024-05-07T14:33:00.000 -6431.974154280980 1890.782589637130 1095.816548612140 -0.42505666321572 -4.88991702451432 5.88437998145564
2024-05-07T14:37:00.000 -6298.324427136870 662.581437847197 2450.770351954820 1.53209593886846 -5.28248449119540 5.33757877793316
2024-05-07T14:41:00.000 -5705.505759136530 -613.927615063929 3626.550654683570 3.37781193208164 -5.28998494315581 4.40045141562100
2024-05-07T14:45:00.000 -4696.744802974720 -1845.688035034350 4537.198231066870 4.97703942141587 -4.91189222277589 3.14174861281535
2024-05-07T14:49:00.000 -3345.637914053760 -2942.931181300940 5116.189910308360 6.21326918362984 -4.17586468479115 1.65360374339189
2024-05-07T14:53:00.000 -1750.696078733420 -3825.694792135590 5321.239290452410 6.99660195430989 -3.13547080546124 0.04463656615137
2024-05-07T14:57:00.000 -28.159154567596 -4429.607997188500 5137.327711234580 7.27004836515919 -1.86626920740404 -1.56792071217430
2024-05-07T15:01:00.000 1696.417442457510 -4710.540208682020 4577.772692887620 7.01340851293462 -0.46036742819342 -3.06654665967797
2024-05-07T15:05:00.000 3297.220300621000 -4647.826500741200 3683.312173672450 6.24482305760676 0.97991220973110 -4.34162315206914
2024-05-07T15:09:00.000 4657.339374356600 -4245.864775336250 2519.235674749660 5.01996615234658 2.34931808705218 -5.29944544451173
2024-05-07T15:13:00.000 5677.395292817890 -3533.895910565730 1170.688520102020 3.42842450530370 3.54736946051054 -5.86935892446582
2024-05-07T15:17:00.000 6282.962674945500 -2563.926857939800 -263.585154350297 1.58725422841800 4.48607793247494 -6.00946033149821
2024-05-07T15:21:00.000 6430.134795184200 -1406.883653178450 -1678.597179815950 -0.36793050424303 5.09680115270833 -5.70997545602873
2024-05-07T15:25:00.000 6108.730936687320 -147.296639654525 -2970.967384684410 -2.29354023647120 5.33553181434247 -4.99394769593717
2024-05-07T15:29:00.000 5342.870169506040 1123.035228920730 -4046.593196057110 -4.04917760467526 5.18601197743171 -3.91505869373841
2024-05-07T15:33:00.000 4188.924294725470 2311.826484298220 -4827.487550526810 -5.50808500064578 4.66035885302910 -2.55297701931673
2024-05-07T15:37:00.000 2731.158057529050 3332.971035841910 -5257.282248882430 -6.56587156545373 3.79754867900569 -1.00706094090267
2024-05-07T15:41:00.000 1075.501044772240 4112.638946230710 -5305.096365747710 -7.14734935433010 2.66024192784985 0.61095472651819
2024-05-07T15:45:00.000 -658.053521169014 4594.430698048820 -4967.575302186510 -7.21109763490443 1.33018571788961 2.18467531162557
2024-05-07T15:49:00.000 -2343.911050150350 4743.319051474210 -4269.097908991280 -6.75215427172914 -0.09724014216805 3.60068980654922
2024-05-07T15:53:00.000 -3859.743711996810 4548.181372081520 -3260.120643506150 -5.80260369325693 -1.51932870728402 4.75634952054138
2024-05-07T15:57:00.000 -5095.229512495090 4022.733901398530 -2013.720818171810 -4.42997263864685 -2.83299487985366 5.56695563294953
2024-05-07T16:01:00.000 -5960.129462567240 3204.736860831120 -620.476858987960 -2.73315174014018 -3.94222863041270 5.97236309848683
2024-05-07T16:05:00.000 -6391.034022340180 2153.404202622650 818.056998768765 -0.83549710132454 -4.76541079912153 5.94189892367694
2024-05-07T16:09:00.000 -6356.191616748380 945.158808456700 2196.800534837290 1.12419589008165 -5.24171710132403 5.47709597892901
2024-05-07T16:13:00.000 -5857.965821241360 -331.980541623467 3414.941984367850 3.00227507493165 -5.33597729072997 4.61177346042468
2024-05-07T16:17:00.000 -4932.669311884780 -1584.916138656630 4383.417898879730 4.66127228834242 -5.04126718943281 3.40936321885564
2024-05-07T16:21:00.000 -3647.827980851790 -2722.330042030350 5031.475635600280 5.98020050615186 -4.37921065652515 1.95802118639694
2024-05-07T16:25:00.000 -2097.129954896800 -3661.348346531040 5311.797648673790 6.86323190638326 -3.39805834102574 0.36364308801697
2024-05-07T16:29:00.000 -393.586177128179 -4333.517900981100 5203.868278473060 7.24611158160641 -2.16901132205420 -1.25761634396750
2024-05-07T16:33:00.000 1338.638482194740 -4689.746621699330 4715.464669901870 7.10071538951896 -0.78127184651891 -2.78755467432234
2024-05-07T16:37:00.000 2973.203448494300 -4703.893978558510 3882.129225959240 6.43716413103074 0.66423938119395 -4.11438335775295
2024-05-07T16:41:00.000 4390.763511771220 -4374.739795663190 2764.658346415180 5.30336143059670 2.06200208005764 -5.14071910975764
2024-05-07T16:45:00.000 5487.738606999380 -3726.181079315070 1444.754591131480 3.78206378910926 3.30952445231397 -5.79086338753727
2024-05-07T16:49:00.000 6184.044480923980 -2805.568885720600 19.055091311749 1.98508854533893 4.31514070812564 -6.01692891114279
2024-05-07T16:53:00.000 6429.090451807210 -1680.221793494870 -1408.058456791840 0.04482408922684 5.00520415021714 -5.80269595313171
2024-05-07T16:57:00.000 6205.510076234960 -432.382541155332 -2732.268965306850 -1.89609810591841 5.32979091618859 -5.16488796279339
2024-05-07T17:01:00.000 5530.280283101160 846.952678184929 -3857.082938436390 -3.69594766092484 5.26627334602482 -4.15147005065659
2024-05-07T17:05:00.000 4453.215586205250 2064.777231343880 -4700.872776681050 -5.22448983161151 4.82053490099575 -2.83748275468045
2024-05-07T17:09:00.000 3053.068482530800 3132.832526908450 -5202.674865173530 -6.37217805052624 4.02590785721774 -1.31896229013326
2024-05-07T17:13:00.000 1431.662767112260 3973.875099245900 -5326.388460369120 -7.05731433591743 2.94023920497133 0.29417345585099
2024-05-07T17:17:00.000 -293.442827315586 4527.076615523950 -5063.200595336070 -7.23116481431737 1.64168702267630 1.88575421760115
2024-05-07T17:21:00.000 -1997.276606498500 4752.280356343820 -4432.139196436740 -6.88100782719575 0.22337597021279 3.34122787715779
2024-05-07T17:25:00.000 -3556.253963680020 4632.868621511800 -3478.776196705630 -6.03115515655803 -1.21272802145397 4.55520365444727
2024-05-07T17:29:00.000 -4856.990554983720 4177.073592074780 -2272.121925303570 -4.74188750836475 -2.56272390621675 5.43895190108056
2024-05-07T17:33:00.000 -5804.545225910460 3417.565372644290 -899.808995978805 -3.10582053131313 -3.72809479873091 5.92704007132932
2024-05-07T17:37:00.000 -6329.500479120790 2409.264304833820 538.179125390046 -1.24177572549930 -4.62317553954017 5.98272742430622
2024-05-07T17:41:00.000 -6393.234911967770 1225.416745221070 1936.832507817960 0.71405807654064 -5.18189809370215 5.60116539843662
2024-05-07T17:45:00.000 -5990.889141521030 -47.757209280314 3193.886812624520 2.61831417974127 -5.36294468239120 4.80998360370295
2024-05-07T17:49:00.000 -5151.765658623340 -1317.442292450540 4217.427835201380 4.33152725810989 -5.15301653381399 3.66720226146177
2024-05-07T17:53:00.000 -3937.107425905880 -2491.090012939810 4932.668211535230 5.72864520894176 -4.56756040535289 2.25660982028883
2024-05-07T17:57:00.000 -2435.509737914280 -3483.182851474000 5287.389764046350 6.70811365697617 -3.64930726537162 0.68127157710987
2024-05-07T18:01:00.000 -756.411539207979 -4221.420776541950 5255.669406467440 7.19878367209516 -2.46498265120803 -0.94406442386963
2024-05-07T18:05:00.000 977.825548619386 -4651.921503291750 4839.720606782820 7.16471826118315 -1.10044759151652 -2.50102829622987
2024-05-07T18:09:00.000 2640.729890469460 -4743.136836108070 4069.782959799920 6.60789520219356 0.34511148181947 -3.87584218814595
2024-05-07T18:13:00.000 4110.910928009690 -4488.225952771520 3002.008937301840 5.56846344273525 1.76624106667286 -4.96768168012521
2024-05-07T18:17:00.000 5280.959692920920 -3905.647193697420 1714.439669670110 4.12215055796783 3.05885024148541 -5.69611843562619
2024-05-07T18:21:00.000 6065.425768230540 -3037.901656677910 301.326568015969 2.37512813623832 4.12796994322793 -6.00742445498392
2024-05-07T18:25:00.000 6407.225890831910 -1948.434520832880 -1133.857865071170 0.45608646096853 4.89519131518124 -5.87901111600356
2024-05-07T18:29:00.000 6281.877532877510 -716.891906449786 -2486.160889181750 -1.49378207210649 5.30478991584596 -5.32119417146293
2024-05-07T18:33:00.000 5699.179913436110 566.864779014165 -3656.973419014050 -3.33185203257920 5.32785013452147 -4.37609765389819
2024-05-07T18:37:00.000 4702.243898803400 1809.445748651890 -4561.258647354690 -4.92486831333114 4.96396746826644 -3.11388593640174
2024-05-07T18:41:00.000 3364.068601796310 2920.744955072160 -5133.626302251590 -6.15845533901617 4.24063523018017 -1.62703195677171
2024-05-07T18:45:00.000 1782.057351039080 3820.367924430560 -5332.865249546770 -6.94471772856153 3.21073366272351 -0.02332603980102
2024-05-07T18:49:00.000 70.957383496628 4443.265839298500 -5144.716347139000 -7.22775029301213 1.94849003692118 1.58170601566511
2024-05-07T18:53:00.000 -1645.269895097910 4744.272669615070 -4582.805959950270 -6.98711615133559 0.54445832807611 3.07250947554747
2024-05-07T18:57:00.000 -3242.193645661860 4701.319133931490 -3687.709720955480 -6.23938713360961 -0.90053533399584 4.34134556977365
2024-05-07T19:01:00.000 -4603.744686767050 4317.100445282900 -2524.181249817880 -5.03739435968413 -2.28209615087379 5.29566300017306
2024-05-07T19:05:00.000 -5630.619401067230 3619.069116509870 -1176.662867806220 -3.46728836862894 -3.49958145812670 5.86501882141725
2024-05-07T19:09:00.000 -6247.642352532010 2657.626168107560 256.729698485153 -1.64283023177551 -4.46361997949798 6.00670691720147
2024-05-07T19:13:00.000 -6409.461757133260 1502.562353385090 1671.355285064830 0.30276209015496 -5.10307522219942 5.70947746926073
2024-05-07T19:17:00.000 -6104.037298999610 237.971561222138 2963.793375757540 2.22690420401231 -5.37068820243695 4.99471681107029
2024-05-07T19:21:00.000 -5353.574247313550 -1043.966030840670 4039.534159127640 3.98863883036363 -5.24674858328128 3.91479429610008
2024-05-07T19:25:00.000 -4212.835665441220 -2249.796543780410 4819.958565058290 5.45927989307424 -4.74036650427084 2.54888410414306
2024-05-07T19:29:00.000 -2765.048052388510 -3291.644254284000 5248.080082569150 6.53179150362922 -3.88859139054438 0.99692607258120
2024-05-07T19:33:00.000 -1115.748672018850 -4093.589758657420 5292.633179332900 7.12830031886028 -2.75336563867168 -0.62798136358947
2024-05-07T19:37:00.000 614.876290757241 -4597.132381231990 4950.287334626530 7.20532072301322 -1.41703755506944 -2.20751710491156
2024-05-07T19:41:00.000 2300.656405263970 -4765.416571541680 4245.902181291530 6.75676531072898 0.02340401823967 -3.62645607193445
2024-05-07T19:45:00.000 3818.547823316650 -4585.969910918090 3230.810683183130 5.81474263009649 1.46293724038260 -4.78075683225913
2024-05-07T19:49:00.000 5057.655653313270 -4071.731104743590 1979.178487640850 4.44781974030672 2.79616253923416 -5.58542188208969
2024-05-07T19:53:00.000 5927.463240076090 -3260.189151641990 582.609907290518 2.75623915110004 3.92517738548089 -5.98109156337842
2024-05-07T19:57:00.000 6364.603677363910 -2210.670427594270 -856.625368939288 0.86456809387935 4.76711261561772 -5.93886610247129
2024-05-07T20:01:00.000 6337.577097446760 -999.917465017342 -2233.237626139260 -1.08795842825879 5.26064646113641 -5.46261764738640
2024-05-07T20:05:00.000 5848.982015256690 283.675541932235 -3446.769486995990 -2.95825809036829 5.37059001644977 -4.58844267203247
2024-05-07T20:09:00.000 4935.106394330510 1546.663723154550 -4409.002577676470 -4.61046512304004 5.09020850011025 -3.38146396744506
2024-05-07T20:13:00.000 3662.981302704500 2697.401984775930 -5050.295252877710 -5.92573476261182 4.44103423025618 -1.93033317632412
2024-05-07T20:17:00.000 2125.297228864880 3652.609592685330 -5324.436153740480 -6.81024700154935 3.47072992161089 -0.34043370061981
2024-05-07T20:21:00.000 433.647510579947 4343.222445603020 -5211.769447846770 -7.20112069657010 2.24938773860514 1.27359364208431
2024-05-07T20:25:00.000 -1289.409356452510 4719.210975557430 -4720.487320247330 -7.07033182985625 0.86463325974877 2.79562652346548
2024-05-07T20:29:00.000 -2918.977455846230 4753.112793921850 -3886.058390586520 -6.42659779954100 -0.58412249693181 4.11575399614824
2024-05-07T20:33:00.000 -4336.680390770790 4442.079314005390 -2768.823094981120 -5.31531160280277 -1.99236006954114 5.13786306940692
2024-05-07T20:37:00.000 -5439.200838114830 3808.236666467990 -1449.816886746670 -3.81592614456199 -3.25770863560547 5.78671003962258
2024-05-07T20:41:00.000 -6145.893480444540 2897.275415222540 -25.023635815945 -2.03686143805937 -4.28742159818417 6.01382872301564
2024-05-07T20:45:00.000 -6404.865850980980 1775.260413429990 1401.588575321920 -0.10783199939379 -5.00557898369613 5.80164401109450
2024-05-07T20:49:00.000 -6196.960038371050 523.843005414279 2725.739429670950 1.82983483577255 -5.35908375471238 5.16520021990558
2024-05-07T20:53:00.000 -5537.241288559890 -765.765432695556 3850.597555188650 3.63414037060441 -5.32187832117596 4.15110093753147
2024-05-07T20:57:00.000 -4473.843442391510 -1999.547217930220 4693.945459952720 5.17322451757685 -4.89673450692432 2.83371125175884
2024-05-07T21:01:00.000 -3084.356439649260 -3087.583136701750 5194.186931785980 6.33496116567235 -4.11477313625758 1.30942350931879
2024-05-07T21:05:00.000 -1470.089311761520 -3950.588512640570 5314.796283077700 7.03497689411654 -3.03291524748234 -0.31054632411804
2024-05-07T21:09:00.000 251.319225240578 -4525.629111397380 5046.910713856490 7.22232105259269 -1.72967769398679 -1.90823963661771
2024-05-07T21:13:00.000 1954.389781525980 -4770.664107420210 4409.970001030560 6.88301103962125 -0.29963967824441 -3.36715273979322
2024-05-07T21:17:00.000 3514.865308909320 -4667.631495192670 3450.368188824200 6.04120184973467 1.15312512779393 -4.58051472798638
2024-05-07T21:21:00.000 4818.759934158100 -4223.863975256370 2238.175372869370 4.75792320558128 2.52233210525066 -5.45904186930741
2024-05-07T21:25:00.000 5770.799486354730 -3471.676788548800 862.081761241205 3.12716049942327 3.70743156403604 -5.93789706547371
2024-05-07T21:29:00.000 6301.555976808760 -2466.042394295300 -577.142846557089 1.26895140208390 4.62139353141779 -5.98194279571316
2024-05-07T21:33:00.000 6372.634651101440 -1280.505425714050 -1974.169565127610 -0.67982292554754 5.19749227560601 -5.58857445640663
2024-05-07T21:37:00.000 5979.446866774130 -1.657661835913 -3226.985744945680 -2.57619293874558 5.39439496756425 -4.78779720120480
2024-05-07T21:41:00.000 5151.335936075960 1277.337991267340 -4244.437911621460 -4.28214288278614 5.19893178576643 -3.63942381376871
2024-05-07T21:45:00.000 3949.154744065800 2463.603564500400 -4952.819794096980 -5.67468148652349 4.62654356389651 -2.22803866672805
2024-05-07T21:49:00.000 2460.598842461760 3471.244071973300 -5301.043177573010 -6.65434412475457 3.71950572396416 -0.65634711273707
2024-05-07T21:53:00.000 793.763809496554 4227.397552950450 -5264.108492593680 -7.15147323036576 2.54348673976262 0.96221785326662
2024-05-07T21:57:00.000 -930.565543236636 4677.320394186560 -4844.759098004600 -7.13054478174022 1.18294184670475 2.51118759393592
2024-05-07T22:01:00.000 -2587.432369603440 4788.237249997010 -4073.277004566290 -6.59253537253841 -0.26453072598065 3.87883789573259
2024-05-07T22:05:00.000 -4056.541229093520 4551.735207948270 -3005.423035022810 -5.57517537043502 -1.69464550550999 4.96581501672125
2024-05-07T22:09:00.000 -5230.887834810620 3984.526985155290 -1718.599583697970 -4.15098589397637 -3.00353948589151 5.69223762118973
2024-05-07T22:13:00.000 -6024.636944135660 3127.437883888420 -306.404072159687 -2.42284886532103 -4.09543021838698 6.00399401147753
2024-05-07T22:17:00.000 -6379.569775265030 2042.568651753240 1128.156062359960 -0.51660617724409 -4.88994696795899 5.87732559572018
2024-05-07T22:21:00.000 -6269.512641573270 808.820842117310 2480.248327980300 1.42822779855946 -5.32838438174090 5.32093243887914
2024-05-07T22:25:00.000 -5702.358411649360 -483.901682416659 3650.999472298770 3.26910865729533 -5.37836656357835 4.37545491117450
2024-05-07T22:29:00.000 -4719.476751009340 -1741.350551503640 4554.826045525100 4.87138799244671 -5.03625931934925 3.11025238473158
2024-05-07T22:33:00.000 -3392.593084129480 -2871.874858741920 5125.709653360040 6.11828880559619 -4.32715330115585 1.61795610899990
2024-05-07T22:37:00.000 -1818.464813884560 -3793.096810758370 5321.967613705610 6.91919853090143 -3.30271762092999 0.00747635761029
2024-05-07T22:41:00.000 -111.813039389024 -4437.854930596340 5129.229414460170 7.21588833072084 -2.03731566773471 -1.60386191617763
2024-05-07T22:45:00.000 1602.971717801260 -4759.047875969480 4561.461132928920 6.98648253119914 -0.62277968111707 -3.09863204648694
2024-05-07T22:49:00.000 3200.806275799290 -4733.080437713650 3659.998555618240 6.24717338941099 0.83799738018661 -4.36753794352729
2024-05-07T22:53:00.000 4565.011122506180 -4361.654501881150 2490.637818011020 5.05146525740923 2.23833407599539 -5.31729983653965
2024-05-07T22:57:00.000 5595.916282060570 -3671.766564436520 1138.905224444250 3.48676733369765 3.47548528090111 -5.87789278584452
2024-05-07T23:01:00.000 6218.288516252450 -2713.799992478070 -296.227665466475 1.66808332247287 4.45854131009572 -6.00803384129016
2024-05-07T23:05:00.000 6386.980895298890 -1557.816601807900 -1709.702061405970 -0.27052403127419 5.11555307015695 -5.69866844592483
2024-05-07T23:09:00.000 6090.239978644830 -288.283320344791 -2998.248428078980 -2.18668493528263 5.39914551489269 -4.97358507529778
2024-05-07T23:13:00.000 5350.379292552160 1002.257670698800 -4068.042937490140 -3.94069184399889 5.28976058656231 -3.88712068951619
2024-05-07T23:17:00.000 4221.874437343670 2220.028012600340 -4841.520057185530 -5.40585431596199 4.79661877316018 -2.51947763927205
2024-05-07T23:21:00.000 2787.144086813970 3276.800850171910 -5262.843355833710 -6.47730092433090 3.95637613954807 -0.97038586548385
2024-05-07T23:25:00.000 1150.452774636010 4096.149293284540 -5301.734682348150 -7.07882617591692 2.83006121400196 0.64818579221410
2024-05-07T23:29:00.000 -569.571046738947 4618.782049219500 -4955.483166630210 -7.16754572274859 1.49863102437024 2.21975525029440
2024-05-07T23:33:00.000 -2248.303116648050 4806.700598914990 -4249.102217000620 -6.73667958969092 0.05758364887483 3.63106405636234
2024-05-07T23:37:00.000 -3763.921980196780 4645.946386193050 -3233.630735515050 -5.81631058063468 -1.38937071259382 4.77975269429631
2024-05-07T23:41:00.000 -5006.122758538700 4147.735590206110 -1982.631549064350 -4.47188243205297 -2.73737548759023 5.58163694219499
2024-05-07T23:45:00.000 -5884.178800674080 3347.837474174710 -587.031451889102 -2.80020019189680 -3.88794419128516 5.97717902618013
2024-05-07T23:49:00.000 -6333.721636275390 2304.151066869860 851.421197818298 -0.92283892879117 -4.75635699627259 5.93639341510694
2024-05-07T23:53:00.000 -6321.669113529440 1092.553632207020 2227.633087663330 1.02276354624312 -5.27854207653311 5.46164295764816
2024-05-07T23:57:00.000 -5848.750827649930 -198.696969606653 3440.982249562690 2.89410465329628 -5.41602737309609 4.58754187166637
2024-05-08T00:01:00.000 -4949.434242244220 -1475.474584254660 4402.764598669850 4.55428566150258 -5.15867721853559 3.37815813251693
2024-05-08T00:05:00.000 -3689.342874548680 -2644.710226452590 5042.715613707980 5.88218047713114 -4.52535368423158 1.92208944667571
2024-05-08T00:09:00.000 -2160.377513813010 -3621.201283508940 5314.112819737840 6.78124821642414 -3.56228702749427 0.32566860387967
2024-05-08T00:13:00.000 -473.972401948889 -4333.773340811830 5197.105121438510 7.18615548851138 -2.33941721787879 -1.29483113243943
2024-05-08T00:17:00.000 1246.966405080900 -4730.399728334440 4700.132899575490 7.06720187210625 -0.94545100771596 -2.82131219586240
2024-05-08T00:21:00.000 2876.928846127830 -4781.993523870570 3859.359266810670 6.43256457544017 0.51828365957168 -4.14223173183828
2024-05-08T00:25:00.000 4296.912959713620 -4484.592731535050 2736.126925158170 5.32804915570644 1.94496694413349 -5.16057688285320
2024-05-08T00:29:00.000 5403.175831718150 -3859.771443711310 1412.568249036330 3.83430758894258 3.22996960336821 -5.80128498952086
2024-05-08T00:33:00.000 6114.964102455410 -2953.137795044910 -14.421866104804 2.06106273122171 4.27892908909397 -6.01720087126759
2024-05-08T00:37:00.000 6380.544683853040 -1830.983326244110 -1440.372365902810 0.13891755162723 5.01495878571359 -5.79278705793082
2024-05-08T00:41:00.000 6181.043308181860 -575.334430719819 -2761.049121299720 -1.79076523240521 5.38470418623661 -5.14553476849012
2024-05-08T00:45:00.000 5531.678277744740 722.221501217768 -3880.222191659380 -3.58705613656901 5.36226109522920 -4.12410886796397
2024-05-08T00:49:00.000 4480.380415711850 1967.335516381890 -4716.680247977240 -5.11996970212585 4.95055952689530 -2.80411632076816
2024-05-08T00:53:00.000 3104.029121731570 3069.750814483510 -5209.992269398730 -6.27960243510274 4.18046735051420 -1.28200872318988
2024-05-08T00:57:00.000 1502.728422546340 3949.723818444530 -5324.672321533810 -6.98336677190652 3.10813219865354 0.33204259015986
2024-05-08T01:01:00.000 -207.417884766000 4543.606799964420 -5052.558793547900 -7.18120652245984 1.81073727888626 1.92181368400278
2024-05-08T01:05:00.000 -1902.520377305130 4808.289262111320 -4413.327980197150 -6.85865507487363 0.38131357675193 3.37282407379264
2024-05-08T01:09:00.000 -3459.633075632690 4724.288105708980 -3453.153667310690 -6.03806766418349 -1.07737959734175 4.58001689500673
2024-05-08T01:13:00.000 -4765.516102089280 4297.260435896900 -2241.547655156250 -4.77760981843163 -2.45981087748955 5.45514703244460
2024-05-08T01:17:00.000 -5724.869146200130 3557.780158464520 -866.510008466747 -3.16783256409588 -3.66513892759275 5.93341092996524
2024-05-08T01:21:00.000 -6267.431522833990 2559.297354899650 571.773936955552 -1.32559797953953 -4.60481803832977 5.97880012834712
2024-05-08T01:25:00.000 -6353.307357968240 1374.334245130820 1968.266318009520 0.61448340369869 -5.20949013697118 5.58719104652219
2024-05-08T01:29:00.000 -5976.042339261450 89.192284982493 3220.860230483900 2.51015340570497 -5.43448844520675 4.78703188929227
2024-05-08T01:33:00.000 -5163.120739346020 -1202.452814368940 4237.985334822400 4.22269406077128 -5.26336399450279 3.63702712493162
2024-05-08T01:37:00.000 -3973.853238778240 -2406.462706057030 4945.330759856630 5.62719709626793 -4.70867564078714 2.22138205489195
2024-05-08T01:41:00.000 -2494.965993709450 -3435.098853788240 5291.237124955230 6.62145771994619 -3.81084322907446 0.64348366059241
2024-05-08T01:45:00.000 -834.249812125355 -4213.382300016020 5250.415729390570 7.13318566973128 -2.63511924343794 -0.98164607928802
2024-05-08T01:49:00.000 887.267761823393 -4684.510308285880 4825.749806336930 7.12497788616942 -1.26679773192547 -2.53564828777744
2024-05-08T01:53:00.000 2544.050875441460 -4813.969447994290 4048.109681350710 6.59693207918095 0.19473219378679 -3.90502287719933
2024-05-08T01:57:00.000 4015.151308823160 -4592.112579463310 2974.206069628470 5.58703877712240 1.64286010592933 -4.98925710000684
2024-05-08T02:01:00.000 5193.087144010880 -4034.982748498910 1682.540311244740 4.16889983462986 2.97144564145095 -5.70846498819384
2024-05-08T02:05:00.000 5991.835634229580 -3183.235217844460 267.670175268815 2.44667701353339 4.08286851083186 -6.00963491797146
2024-05-08T02:09:00.000 6353.279373448660 -2099.156215994670 -1166.809131042470 0.54722625856693 4.89566697991530 -5.87096788628574
2024-05-08T02:13:00.000 6251.496749766450 -862.003493130101 -2516.003641089150 -1.38974799292090 5.35076439269419 -5.30348977906793
2024-05-08T02:17:00.000 5694.561951401210 437.934447070894 -3681.529412335180 -3.22250271582426 5.41587942905671 -4.35001625101888
2024-05-08T02:21:00.000 4723.716069180800 1706.068388380870 -4578.736949774900 -4.81812066408518 5.08757109434940 -3.08135134261014
2024-05-08T02:25:00.000 3410.070771609480 2850.422289370330 -5142.756600837560 -6.06202568805770 4.39080798406060 -1.59042556006262
2024-05-08T02:29:00.000 1849.258402835770 3788.199993402340 -5332.986776491760 -6.86555723537872 3.37658687500974 0.01467857857993
2024-05-08T02:33:00.000 154.497745315686 4451.594098222650 -5135.827593369330 -7.17158471397710 2.11806473028108 1.61832740016543
2024-05-08T02:37:00.000 -1551.440448977150 4792.516089328790 -4565.561746975700 -6.95806634743711 0.70548166590651 3.10509216196016
2024-05-08T02:41:00.000 -3144.880777226070 4786.002504976350 -3663.374168791720 -6.23959991061891 -0.75973664564623 4.36748862982184
2024-05-08T02:45:00.000 -4510.024913789070 4432.106934882730 -2494.542044973020 -5.06695920730053 -2.17174966563891 5.31344608612343
2024-05-08T02:49:00.000 -5547.333290118600 3756.070765145420 -1143.895568467080 -3.52415487689893 -3.42776626230395 5.87314304766852
2024-05-08T02:53:00.000 -6180.894191339830 2806.679535088320 290.221164797858 -1.72295314837967 -4.43562981516886 6.00458519334676
2024-05-08T02:57:00.000 -6364.172245330060 1652.828878282630 1703.120649558210 0.20515410091171 -5.12103536616380 5.69731488206495
2024-05-08T03:01:00.000 -6083.567487281460 378.503667242805 2991.520268219800 2.11894722438139 -5.43335314135884 4.97343725548240
2024-05-08T03:05:00.000 -5359.469989389340 -923.414967678399 4061.214472733680 3.87823381099015 -5.34957644049503 3.88599805190988
2024-05-08T03:09:00.000 -4244.708821487130 -2158.025986942460 4834.036960692600 5.35456348370286 -4.87591766567137 2.51471401603555
2024-05-08T03:13:00.000 -2820.584352923710 -3235.364806188990 5253.550032687840 6.44054001458383 -4.04698093587835 0.95977616470832
2024-05-08T03:17:00.000 -1190.886536030330 -4076.910674083920 5289.086448430180 7.05719391655227 -2.92293976368865 -0.66552636931445
2024-05-08T03:21:00.000 525.617350349362 -4621.250096505490 4937.952347808830 7.15945613006289 -1.58534907813276 -2.24275628501504
2024-05-08T03:25:00.000 2203.768958966620 -4828.541145134540 4225.649505718340 6.73944654005031 -0.13134384413788 -3.65678763032521
2024-05-08T03:29:00.000 3721.077532340730 -4683.457973669660 3204.097232137710 5.82723037449423 1.33308780093887 -4.80393418321007
2024-05-08T03:33:00.000 4966.683774091050 -4196.419774740090 1947.939254953700 4.48914253474394 2.70072691123573 -5.59971792123909
2024-05-08T03:37:00.000 5849.582118156630 -3402.932325745780 549.123299207830 2.82334063198536 3.87106380743223 -5.98539726174053
2024-05-08T03:41:00.000 6305.450350848750 -2361.023116808020 -889.906047612387 0.95257235010266 4.75819031865629 -5.93285592254023
2024-05-08T03:45:00.000 6301.424142804160 -1146.898645386650 -2263.874888752700 -0.98546325077832 5.29747820159915 -5.44674070127103
2024-05-08T03:49:00.000 5838.425742543470 150.779671267499 -3472.523129789400 -2.84875083474902 5.45039774122130 -4.56386950405399
2024-05-08T03:53:00.000 4950.881589072460 1437.515327948860 -4427.988539513540 -4.50187147382924 5.20707239459741 -3.34998814864684
2024-05-08T03:57:00.000 3703.923452020100 2619.914690340220 -5061.125989631950 -5.82586644187316 4.58640072010581 -1.89426870393115
2024-05-08T04:01:00.000 2188.434639824290 3612.393321014090 -5326.324904676050 -6.72627414721750 3.63407501993913 -0.30244266374469
2024-05-08T04:05:00.000 514.409997102742 4343.195238302150 -5204.587164276810 -7.13910895864237 2.41892361207789 1.31072868127023
2024-05-08T04:09:00.000 -1196.868935411890 4759.392223080430 -4704.769855613180 -7.03480369804657 1.02813793518774 2.82918254126472
2024-05-08T04:13:00.000 -2821.374126727010 4830.617025833660 -3862.965037370610 -6.42020422778182 -0.43849857827284 4.14328382248397
2024-05-08T04:17:00.000 -4241.114522464280 4551.311321846440 -2740.053108016790 -5.33859483202247 -1.87519882150922 5.15734792886988
2024-05-08T04:21:00.000 -5352.645964839990 3941.293936864890 -1417.484254793200 -3.86729309040056 -3.17754524379961 5.79673554334566
2024-05-08T04:25:00.000 -6074.690322934410 3044.513571116920 8.501318731268 -2.11265629686307 -4.25014133169728 6.01367881266900
2024-05-08T04:29:00.000 -6354.257467876300 1925.990736390920 1433.852135268860 -0.20262762365203 -5.01394428512155 5.79135701784133
2024-05-08T04:33:00.000 -6170.708488972650 667.106758218054 2754.394244754890 1.72290334297910 -5.41257770379926 5.14561070467293
2024-05-08T04:37:00.000 -5537.329686278480 -640.407618183397 3873.576600512000 3.52293304084813 -5.41669846574583 4.12368425867550
2024-05-08T04:41:00.000 -4500.315074760500 -1901.243641238830 4709.601033673340 5.06592594109524 -5.02598861334824 2.80047613393844
2024-05-08T04:44:12.000 -3430.065120678230 -2814.266751140580 5132.696023305890 6.03886777337617 -4.44745898931034 1.58948168321354
2024-05-08T04:48:12.000 -1873.396202402170 -3766.115698935530 5321.954004378790 6.85403935419677 -3.43606196811558 -0.02204797025182
2024-05-08T04:52:12.000 -180.175917555724 -4443.461980432800 5122.202311087700 7.16979494357047 -2.17385106973019 -1.63245170359570
2024-05-08T04:56:12.000 1526.175458990210 -4796.794382652500 4547.884441778770 6.96270634600605 -0.75241649702274 -3.12428736654260
2024-05-08T05:00:12.000 3121.160191766870 -4800.147354947900 3640.808855234100 6.24732355215824 0.72479471847424 -4.38835754518525
2024-05-08T05:04:12.000 4488.278663681400 -4453.078874053360 2467.193487369000 5.07542443165988 2.14980228605032 -5.33170885597188
2024-05-08T05:08:12.000 5527.623781452410 -3780.816299024780 1112.894045423360 3.53271330617252 3.41801846218770 -5.88472175160981
2024-05-08T05:12:12.000 6163.347418076390 -2832.480101109610 -322.905242205900 1.73272345643535 4.43623888420067 -6.00672787252310
2024-05-08T05:16:12.000 6349.335803915550 -1677.448668145470 -1735.094592792730 -0.19190864847828 5.12994888874260 -5.68933207939380
2024-05-08T05:20:12.000 6072.575573520030 -400.144365145668 -3020.500628334510 -2.09981259548232 5.44909438258094 -4.95690880722874
2024-05-08T05:24:12.000 5353.929450730910 906.301875809122 -4085.527665783200 -3.85184664125164 5.37153332217355 -3.86430789510053
2024-05-08T05:28:12.000 4246.344696969250 2146.934740627770 -4852.955817767610 -5.32141142194274 4.90419762968581 -2.49219863114801
2024-05-08T05:32:12.000 2830.741805188560 3231.855785088410 -5267.396832210730 -6.40330377667037 4.08193834255937 -0.94066836363999
2024-05-08T05:36:12.000 1210.018040056530 4082.600564310600 -5299.084397813400 -7.02056551704455 2.96456099105001 0.67812197230207
2024-05-08T05:40:12.000 -498.348728850458 4637.622928865060 -4945.844532781760 -7.12926288445705 1.63241571672311 2.24769689728624
2024-05-08T05:44:12.000 -2170.590386796910 4856.596025125480 -4233.202843323910 -6.72121947821184 0.18101558583689 3.65497973425024
2024-05-08T05:48:12.000 -3685.374801200570 4723.314812242350 -3212.650220996340 -5.82486807308821 -1.28526213988343 4.79792287240258
2024-05-08T05:52:12.000 -4932.471774193740 4246.995572629010 -1958.116289847370 -4.50388648576922 -2.66016809696320 5.59274216082289
2024-05-08T05:56:12.000 -5820.816635757720 3461.815460067200 -560.786051429884 -2.85344240495740 -3.84326352763812 5.98041434811108
2024-05-08T06:00:12.000 -6285.321536448420 2424.584718215030 877.476751062539 -0.99351024310470 -4.74759057195566 5.93159644147856
2024-05-08T06:04:12.000 -6291.809548865310 1210.683580222490 2251.605313726580 0.93988547220879 -5.30638652235541 5.44918091290716
2024-05-08T06:08:12.000 -5839.648068673340 -91.464410023821 3461.128959364850 2.80506263004197 -5.47844070806174 4.56832525678297
2024-05-08T06:12:12.000 -4961.794750075290 -1386.942644274330 4417.630018437070 4.46557344123346 -5.25116378624067 3.35364156351024
2024-05-08T06:16:12.000 -3722.293164853260 -2581.334988499560 5051.233901151090 5.80037765397379 -4.64121903962536 1.89401901993325
2024-05-08T06:20:12.000 -2211.521642189770 -3587.604506715290 5315.663726990550 6.71237188894495 -3.69305348259553 0.29602951630101
2024-05-08T06:24:12.000 -539.573192232068 -4332.397563046370 5191.566510887210 7.13530933110872 -2.47549715485168 -1.32392680987242
2024-05-08T06:28:12.000 1171.714324076780 -4761.313172988930 4687.878522960570 7.03809957987456 -1.07677283690997 -2.84785528190959
2024-05-08T06:32:12.000 2797.517650220200 -4842.874846580090 3841.232101714510 6.42718967451924 0.40140901960898 -4.16432015532198
2024-05-08T06:36:12.000 4219.104288026740 -4570.924452350420 2713.401802974580 5.34667669127171 1.85105763981897 -5.17656962907797
2024-05-08T06:40:12.000 5332.585932686350 -3965.182229645150 1386.863597337300 3.87544798190828 3.16584788788937 -5.80995168544796
2024-05-08T06:44:12.000 6056.658217888890 -3069.882455961100 -41.244820593211 2.12167080113706 4.24915383838398 -6.01777985112855
2024-05-08T06:48:12.000 6338.696284880110 -1950.521954771210 -1466.351118808800 0.21461209348677 5.02158376694158 -5.78522072617146
2024-05-08T06:52:12.000 6158.626372368950 -688.945497187180 -2784.281037655840 -1.70551384744019 5.42715268971262 -5.13034435637324
2024-05-08T06:56:12.000 5530.255992115300 622.802827780699 -3898.996159254010 -3.49841160764604 5.43734306045788 -4.10237101731042
2024-05-08T07:00:12.000 4500.001663345210 1889.319201941720 -4729.603711474360 -5.03430597510313 5.05273055168128 -2.77739579338694
2024-05-08T07:04:12.000 3143.234182961080 3018.775381820120 -5216.097364219870 -6.20304785070512 4.30225929910812 -1.25226049137536
2024-05-08T07:08:12.000 1558.656405803430 3929.457002759230 -5323.492636067790 -6.92139784715307 3.24068729014544 0.36262601814072
2024-05-08T07:12:12.000 -138.822200673280 4555.490880144950 -5044.166064347830 -7.13825111395640 1.94448925198173 1.95096240684766
2024-05-08T07:16:12.000 -1826.226163443720 4851.450749374150 -4398.328901461940 -6.83785463170298 0.50662629024208 3.39839120473050
2024-05-08T07:20:12.000 -3381.178278710030 4795.593895299490 -3432.635391025430 -6.04097421614920 -0.96959161937351 4.60016744395050
2024-05-08T07:24:12.000 -4690.600479163720 4391.530748183130 -2216.994783476070 -4.80402124147600 -2.37739867051549 5.46840755342354
2024-05-08T07:28:12.000 -5658.939684428950 3668.160814324350 -839.707351912761 -3.21585235833431 -3.61411996991230 5.93877340207862
2024-05-08T07:32:12.000 -6215.290407434550 2677.760377582940 598.866298231667 -1.39179478116116 -4.58889490755556 5.97583798502785
2024-05-08T07:36:12.000 -6318.772351375500 1492.262152341150 1993.668274879550 0.53485739230788 -5.22986168535399 5.57616409754723
2024-05-08T07:40:12.000 -5961.651127328090 197.990161771731 3242.723776864060 2.42295268188968 -5.48973329991022 4.76874056483520
2024-05-08T07:44:12.000 -5169.934218244880 -1110.714755112380 4254.713371383010 4.13426640083134 -5.34940754661589 3.61279131420167
2024-05-08T07:48:12.000 -4001.392522053430 -2338.460915892700 4955.706909255980 5.54396528834884 -4.81922951134661 2.19302014687134
2024-05-08T07:52:12.000 -2541.240679099730 -3395.784690094550 5294.518369813650 6.54952668194893 -3.93789683848148 0.61307385867989
2024-05-08T07:56:12.000 -895.893106978737 -4205.624270730830 5246.368426481260 7.07783402955707 -2.76942115985885 -1.01193672472266
2024-05-08T08:00:12.000 814.752359965261 -4708.873202869540 4814.668994295630 7.09029272425436 -1.39851921200627 -2.56361575450151
2024-05-08T08:04:12.000 2465.962915471930 -4868.660869523430 4030.801375430620 6.58546641164702 0.07527130504053 -3.92863429511835
2024-05-08T08:08:12.000 3937.196560475000 -4673.111942900360 2951.925456815610 5.59959071915981 1.54443835894002 -5.00682991500378
2024-05-08T08:12:12.000 5120.946518650950 -4136.338960634090 1656.901276936890 4.20449235706280 2.90127377844836 -5.71870663234820
2024-05-08T08:16:12.000 5930.749130346620 -3297.506443514270 240.536315743401 2.50262094108580 4.04606613842420 -6.01176103416081
2024-05-08T08:20:12.000 6307.660522279960 -2217.969529497900 -1193.449281613640 0.61939089021680 4.89482827360938 -5.86474214114332
2024-05-08T08:24:12.000 6224.630322601330 -976.681141641027 -2540.185273618880 -1.30659574799084 5.38584395844048 -5.28935608563219
2024-05-08T08:28:12.000 5688.369518717780 335.748843675833 -3701.467568707020 -3.13442486277216 5.48424996317771 -4.32900088810091
2024-05-08T08:32:12.000 4738.613376862660 1623.803027441040 -4592.951969121100 -4.73152097482864 5.18417432501666 -3.05496154627088
2024-05-08T08:36:12.000 3444.943633096360 2794.036829477780 -5150.179813483280 -5.98317155695560 4.50854161043558 -1.56055743687006
2024-05-08T08:40:12.000 1901.551470945770 3761.755566825890 -5333.037330535520 -6.80011612284942 3.50683252220463 0.04587641280779
2024-05-08T08:44:12.000 220.407477231358 4456.963991464310 -5128.457773148260 -7.12422954712681 2.25131798578140 1.64858552264640
2024-05-08T08:48:12.000 -1476.686100906250 4829.258998953280 -4551.267780767750 -6.93215899700983 0.83208679708389 3.13217298477921
2024-05-08T08:52:12.000 -3066.687834749460 4851.409799451280 -3643.165817766640 -6.23703087737722 -0.64892533076881 4.38939652620759
2024-05-08T08:56:12.000 -4434.052519323720 4521.391999463350 -2469.858945058830 -5.08791571849024 -2.08480255493328 5.32859839689553
2024-05-08T09:00:12.000 -5479.073687302130 3862.702687585470 -1116.506426200190 -3.56707336637867 -3.37103989714229 5.88039119649050
2024-05-08T09:04:12.000 -6125.270564377000 2922.863606907080 318.333697977975 -1.78469656449114 -4.41323093647010 6.00331101423425
2024-05-08T09:08:12.000 -6325.194644546740 1770.086786812850 1729.900610775890 0.12901226823828 -5.13452921716130 5.68754698525194
2024-05-08T09:12:12.000 -6064.056185399070 488.291667903502 3015.002012740790 2.03384913760154 -5.48173382600299 4.95589471287581
2024-05-08T09:16:12.000 -5360.845235671330 -829.098539466583 4079.678669583820 3.79033738551946 -5.42933824996108 3.86198965216603
2024-05-08T09:20:12.000 -4266.874751836270 -2086.056723214070 4846.137175585780 5.27026261488788 -4.98123545474003 2.48601644599861
2024-05-08T09:24:12.000 -2861.935397559000 -3190.982194091950 5258.410002856490 6.36592998981033 -4.17014918545655 0.92852238209374
2024-05-08T09:28:12.000 -1248.429169540380 -4063.349740175150 5286.374142131320 6.99771201148337 -3.05506325012095 -0.69698517296124
2024-05-08T09:32:12.000 456.068075360256 -4639.518761868660 4927.893964057800 7.11950288115935 -1.71684996943555 -2.27214150923714
2024-05-08T09:36:12.000 2127.287691576180 -4877.332650957320 4209.005659857500 6.72200100654198 -0.25264295630127 -3.68194774294649
2024-05-08T09:40:12.000 3643.261019606320 -4759.238275733880 3182.108338663240 5.83362654113795 1.23086408934028 -4.82304298577951
2024-05-08T09:44:12.000 4893.240610365450 -4293.679927962940 1922.233998078630 4.51897793862388 2.62505426298196 -5.61139627043774
2024-05-08T09:48:12.000 5785.914286764080 -3514.589029756420 521.592938093068 2.87446133244123 3.82751102855247 -5.98884675490305
2024-05-08T09:52:12.000 6256.240376222570 -2478.931788378280 -917.246714467233 1.02119232087685 4.74995820412368 -5.92783126017178
2024-05-08T09:56:12.000 6270.293360563530 -1262.462305873090 -2289.023127377930 -0.90434146281496 5.32512621355834 -5.43361411212025
2024-05-08T10:00:12.000 5827.679245447660 45.979333970945 -3493.644672134720 -2.76105312525577 5.51189295278055 -4.54365237079492
2024-05-08T10:04:12.000 4961.329351819190 1351.107645963250 -4443.552132734450 -4.41403595441069 5.29790848295552 -3.32417303967757
2024-05-08T10:08:12.000 3734.821970412060 2558.184423126920 -5070.005805594270 -5.74432845332886 4.69994906975132 -1.86471833705237
2024-05-08T10:12:12.000 2237.542658346110 3579.822167231110 -5327.871912851250 -6.65699168757159 3.76202597969932 -0.27124846391565
2024-05-08T10:16:12.000 578.163341269403 4342.131008537420 -5198.671657264740 -7.08708266808419 2.55192163296881 1.34134777839931
2024-05-08T10:20:12.000 -1123.086745686730 4789.881695912600 -4691.797749763150 -7.00375535956118 1.15648038626796 2.85700391458852
2024-05-08T10:24:12.000 -2742.896338622280 4890.410175583820 -3843.860485662990 -6.41236197683519 -0.32412972982286 4.16625032779799
2024-05-08T10:28:12.000 -4163.616368218400 4636.031341465760 -2716.190531157190 -5.35455502804405 -1.78311934002718 5.17379382661639
2024-05-08T10:32:12.000 -5281.735446806120 4044.742716433770 -1390.581037040060 -3.90588619640817 -3.11451602177253 5.80547250352669
2024-05-08T10:36:12.000 -6015.484803729840 3159.116547275830 36.502785591717 -2.17099931272655 -4.22078765679496 6.01402247877022
2024-05-08T10:40:12.000 -6311.008536473520 2043.358460062100 1460.910229825770 -0.27644204551506 -5.02039091969587 5.78318377014495
2024-05-08T10:44:12.000 -6146.502991284230 778.658119435056 2778.514566612480 1.63898942378917 -5.45428677730021 5.12944067897475
2024-05-08T10:48:12.000 -5533.876597793840 -542.807695322689 3892.965216899400 3.43494594608309 -5.49052959153772 4.10067029786627
2024-05-08T10:52:12.000 -4517.835397245880 -1824.700266799370 4722.813751139390 4.98020294672528 -5.12655656298785 2.77234361808525
2024-05-08T10:56:12.000 -3172.505228517300 -2973.596816237460 5207.456286421850 6.16227700615608 -4.38901377032703 1.24157983781872
2024-05-08T11:00:12.000 -1595.957801471080 -3905.768515502750 5311.488388183400 6.89524912856282 -3.33152075986279 -0.38000948617840
2024-05-08T11:04:12.000 96.915771495470 -4553.223237316470 5027.242125748090 7.12570894990224 -2.03082297519607 -1.97428690657438
2024-05-08T11:08:12.000 1782.708033224230 -4868.627987674650 4375.341940403320 6.83650059247678 -0.58130925817626 -3.42499997307096
2024-05-08T11:12:12.000 3338.405362683600 -4828.781763686760 3403.278744195390 6.04814162068627 0.91146319971055 -4.62586369069094
2024-05-08T11:16:12.000 4650.371474928490 -4436.411570942910 2182.050100215410 4.81783513670299 2.33830721736246 -5.48852432650071
2024-05-08T11:20:12.000 5622.747509931220 -3720.084331023540 801.016351117315 3.23568431591259 3.59444781705334 -5.94932633655187
2024-05-08T11:24:12.000 6184.625322273620 -2732.166731606710 -638.684630062643 1.41819182966030 4.58762307215568 -5.97445838365380
2024-05-08T11:28:12.000 6295.347309039520 -1544.935178407940 -2031.690330179420 -0.50072224043302 5.24527589115136 -5.56276375629995
2024-05-08T11:32:12.000 5947.439957875300 -245.134724153968 -3276.293990486650 -2.38025933249121 5.52013058467708 -4.74560024543626
2024-05-08T11:36:12.000 5166.954909172600 1072.522218730460 -4281.956522747830 -4.08362227508167 5.39340100659502 -3.58398120295777
2024-05-08T11:40:12.000 4011.277717130910 2312.332445857400 -4975.839441632290 -5.48803131312232 4.87554257742996 -2.16339211625804
2024-05-08T11:44:12.000 2564.726702358220 3384.494293897110 -5307.908490939720 -6.49307943708940 4.00491131623164 -0.58719496853660
2024-05-08T11:48:12.000 932.356997489770 4211.462447152040 -5254.336295491120 -7.02727536889394 2.84461339351548 1.03086958992428
2024-05-08T11:52:12.000 -767.545262916945 4733.359960196860 -4819.068758438190 -7.05242034390013 1.47795189323625 2.57438043062197
2024-05-08T11:56:12.000 -2411.795161731650 4912.191412823450 -4033.542125916830 -6.56616748374629 0.00296647948349 3.93196469166924
2024-05-08T12:00:12.000 -3881.023875055650 4734.615529096780 -2954.545997149920 -5.60256008212285 -1.47408844713573 5.00495835766800
2024-05-08T12:04:12.000 -5068.250724860880 4213.056566027700 -1660.305853306760 -4.23030568163216 -2.84603049955577 5.71453147885505
2024-05-08T12:08:12.000 -5886.734475537610 3384.990364231750 -244.950676538470 -2.54838406830052 -4.01258647468589 6.00787192725037
2024-05-08T12:12:12.000 -6276.453330464040 2310.373422009090 1188.283346169500 -0.67918740011553 -4.88787860048076 5.86245248358557
2024-05-08T12:16:12.000 -6208.702172711130 1067.352561460750 2534.646914546990 1.24041040758964 -5.40725715722303 5.28835843499863
2024-05-08T12:20:12.000 -5688.294832750840 -253.495652501739 3695.683237450670 3.06975963926863 -5.53243805918889 4.32756847994932
2024-05-08T12:24:12.000 -4753.185217461300 -1555.869881594360 4586.518760297400 4.67507636575070 -5.25426456881781 3.05054412897745
2024-05-08T12:28:12.000 -3471.609108535400 -2744.833553683130 5142.083483040440 5.93935274734875 -4.59315630861318 1.55078680277717
2024-05-08T12:32:12.000 -1937.012977312170 -3733.740156275160 5321.808505383540 6.77072211539961 -3.59729370327817 -0.06230089324955
2024-05-08T12:36:12.000 -261.230425102175 -4450.481070539780 5112.510175870740 7.10868284790234 -2.33890798578964 -1.67124950370264
2024-05-08T12:40:12.000 1433.585333791600 -4842.686781739340 4529.351097404450 6.92829019377154 -0.90932932024939 -3.15870849220853
2024-05-08T12:44:12.000 3023.792477046420 -4881.568834312910 3614.798937449230 6.24218437231847 0.58744216171302 -4.41585496152896
2024-05-08T12:48:12.000 4393.256869005990 -4564.096880600070 2435.622632109340 5.10000600883828 2.04202557050122 -5.35026790002251
2024-05-08T12:52:12.000 5441.915369157240 -3913.339679060160 1078.082025576710 3.58527361345423 3.34767989711400 -5.89301013460314
2024-05-08T12:56:12.000 6093.249961520350 -2976.850579636160 -358.407492952326 1.80946669762828 4.40845060307126 -6.00415809169374
2024-05-08T13:00:12.000 6300.019114194100 -1823.147929087570 -1768.691769664180 -0.09654033893776 5.14673358116893 -5.67613103289300
2024-05-08T13:04:12.000 6047.696976584280 -536.559574004008 -3049.746598400100 -1.99277854351914 5.50919643213746 -4.93408397937609
2024-05-08T13:08:12.000 5355.363787123410 789.095640447294 -4108.308180223360 -3.74094498011343 5.47052675184340 -3.83360176134253
2024-05-08T13:12:12.000 4274.049520240280 2057.460718789670 -4867.648753616260 -5.21474166950569 5.03490555523272 -2.45592811468488
2024-05-08T13:16:12.000 2882.746275139880 3176.630139631060 -5272.977038711060 -6.30872923765425 4.23489006543888 -0.90144584240186
2024-05-08T13:20:12.000 1282.563500685840 4065.648362726710 -5295.170493316450 -6.94501046002960 3.12859976277433 0.71754828682930
2024-05-08T13:24:12.000 -410.517592051077 4660.176400583660 -4932.724610323400 -7.07821120791195 1.79557409147709 2.28452840316357
2024-05-08T13:28:12.000 -2073.835155230450 4917.003437733470 -4211.821772839150 -6.69834807399889 0.33137150881540 3.68657119987641
2024-05-08T13:32:12.000 -3586.695795396420 4817.161496259650 -3184.553550129630 -5.83180964508662 -1.15865660044744 4.82194477590882
2024-05-08T13:36:12.000 -4839.010841675880 4367.432931448000 -1925.346528169490 -4.54016481124595 -2.56654508840187 5.60742100841210
2024-05-08T13:40:12.000 -5739.339657495290 3600.053735592000 -525.732098657792 -2.91642591544110 -3.78944970077799 5.98464591109977
2024-05-08T13:44:12.000 -6221.730903987040 2570.537376701350 912.251922224319 -1.07867684874379 -4.73752182294048 5.92505938199775
2024-05-08T13:48:12.000 -6250.712698675800 1353.691280781870 2283.558605609300 0.83875663484114 -5.34084610126216 5.43233921457011
2024-05-08T13:52:12.000 -5824.007287857120 38.151703202331 3487.915482979240 2.69535371410325 -5.55488552606560 4.54236768526344
2024-05-08T13:56:12.000 -4972.719874337160 -1280.179327617190 4437.273183676510 4.35524920942015 -5.36398839994065 3.32043061351510
2024-05-08T14:00:12.000 -3758.967463207190 -2505.211750008300 5062.274976187760 5.69743330488012 -4.78216155665031 1.85599334307874
2024-05-08T14:04:12.000 -2271.259743711190 -3547.666760333540 5317.279382242510 6.62428737886877 -3.85180197921732 0.25599444973762
2024-05-08T14:08:12.000 -618.020119592316 -4331.546159563570 5183.629581622900 7.06843287677962 -2.64048961257763 -1.36299659415237
2024-05-08T14:12:12.000 1080.266045817480 -4799.614331704290 4670.975537217090 6.99730041815107 -1.23606910101144 -2.88303041643837
2024-05-08T14:16:12.000 2699.732868901830 -4917.561868544400 3816.622420425760 6.41553293693750 0.25933591957752 -4.19297408134981
2024-05-08T14:20:12.000 4122.136283300200 -4676.589763149800 2682.911215732120 5.36511437249417 1.73655691661576 -5.19661959410342
2024-05-08T14:24:12.000 5243.553097617940 -4094.159019611900 1352.746352453390 3.92274921628635 3.08727851734541 -5.81994566918573
2024-05-08T14:28:12.000 5982.124344694760 -3212.799458147710 -76.480084853908 2.19445888502000 4.21227161768461 -6.01705941006465
2024-05-08T14:32:12.000 6284.176304120340 -2096.985063679510 -1500.131860043630 0.30758923279334 5.02909191235787 -5.77390290380301
2024-05-08T14:36:12.000 6128.179316133330 -828.301797983853 -2814.156588838820 -1.59911408361364 5.47850912234597 -5.10933083646801
2024-05-08T14:40:12.000 5526.184023663990 500.691718568687 -3922.819427856960 -3.38637290996015 5.52882104212872 -4.07326866173827
2024-05-08T14:44:12.000 4522.674041202960 1793.338622568840 -4745.683064417940 -4.92484767532528 5.17767787834147 -2.74236496245177
2024-05-08T14:48:12.000 3191.058229832500 2955.911194599860 -5223.312028978040 -6.10420231300187 4.45160140839154 -1.21387135088346
2024-05-08T14:52:12.000 1628.189750448780 3904.292161830810 -5321.364572842100 -6.84045089242669 3.40358918719886 0.40164002193663
2024-05-08T14:56:12.000 -52.617972694911 4569.867352668520 -5032.870072757260 -7.08111795111385 2.10907696952171 1.98789944845170
2024-05-08T15:00:12.000 -1729.599168304560 4904.324319337840 -4378.681014228600 -6.80865343410617 0.66087959957764 3.43063705625766
2024-05-08T15:04:12.000 -3281.123044946440 4883.108727746220 -3406.050747576120 -6.04177677472838 -0.83693287932038 4.62536660344271
2024-05-08T15:08:12.000 -4594.355175413320 4507.305332644790 -2185.403997112450 -4.83478451255790 -2.27600092461032 5.48466323756452
2024-05-08T15:12:12.000 -5573.475213331490 3803.752291269570 -805.415621101969 -3.27438414237505 -3.55139302991688 5.94489114826863
2024-05-08T15:16:12.000 -6146.797068607060 2823.274806866890 633.357245727058 -1.47382139319397 -4.56943394522768 5.97136598119364
2024-05-08T15:20:12.000 -6272.201558229350 1637.083832719400 2025.838643797750 0.43530922172117 -5.25505599981876 5.56141665869852
2024-05-08T15:24:12.000 -5940.360007736240 331.558694601240 3270.221677135320 2.31312467340376 -5.55774209951664 4.74478630395423
2024-05-08T15:28:12.000 -5175.438090450600 -998.139251242871 4275.519286085430 4.02214578923017 -5.45526575931429 3.58130795525519
2024-05-08T15:32:12.000 -4033.269701893140 -2255.087085361520 4968.279994046600 5.43765329975090 -4.95523117670688 2.15631835918674
2024-05-08T15:36:12.000 -2597.153250369080 -3347.694271782730 5297.921533442540 6.45676932449188 -4.09411771317611 0.57382945193685
2024-05-08T15:40:12.000 -971.753196242730 -4196.319117781760 5240.335407353200 7.00537196463148 -2.93442548610105 -1.05084132136631
2024-05-08T15:44:12.000 724.475887447779 -4739.021093146060 4799.630653981370 7.04335137885103 -1.56029370735245 -2.59928092964421
2024-05-08T15:48:12.000 2367.847881622900 -4936.067997062010 4007.860784075980 6.56749161468203 -0.07155933418020 -3.95841311801394
2024-05-08T15:52:12.000 3838.402824738520 -4772.885272739910 2922.769057616070 5.61195971708185 1.42319769726036 -5.02853458713483
2024-05-08T15:56:12.000 5028.701167827670 -4261.231911106070 1623.669992883240 4.24637363559905 2.81446284423421 -5.73074869012720
2024-05-08T16:00:12.000 5851.819412173900 -3438.441169962950 205.668246312604 2.57103422679787 4.00001456854427 -6.01328224287228
2024-05-08T16:04:12.000 6247.857027574360 -2364.697967994060 -1227.405874355470 0.70939356235864 4.89289529800526 -5.85568230390455
2024-05-08T16:08:12.000 6188.375982595770 -1118.531318052510 -2570.762383405590 -1.20155862614740 5.42817979223348 -5.27043486624044
2024-05-08T16:12:12.000 5678.368972630070 209.092932791514 -3726.457744123400 -3.02202393229728 5.56775846150784 -4.30166119855315
2024-05-08T16:16:12.000 4755.651013597240 1521.549637523710 -4610.569049946120 -4.61998902998662 5.30278027875584 -3.02123623381682
2024-05-08T16:20:12.000 3487.823693012310 2723.620952971010 -5159.177920273040 -5.88067329333385 4.65363202811639 -1.52289214149498
2024-05-08T16:24:12.000 1967.186316583650 3728.299406505240 -5332.791463862160 -6.71415505629794 3.66785687511890 0.08478064753924
2024-05-08T16:28:12.000 304.044268550932 4462.901463707680 -5119.004552879560 -7.06109881960804 2.41656996218517 1.68595871664723
2024-05-08T16:32:12.000 -1381.116930109440 4874.156778439450 -4533.289993583720 -6.89644927248103 0.98950950491349 3.16542185603501
2024-05-08T16:36:12.000 -2966.112021165050 4931.987169218490 -3617.945026580330 -6.23126298484042 -0.51084265448040 4.41613237690293
2024-05-08T16:40:12.000 -4335.744177655710 4631.760667883910 -2439.209150243560 -5.11245822113940 -1.97614123634671 5.34681220687834
2024-05-08T16:44:12.000 -5390.137317938260 3994.806750949500 -1082.656533200740 -3.62016936057635 -3.29967426406574 5.88867221790647
2024-05-08T16:48:12.000 -6052.145934834210 3067.069455519630 352.910789324125 -1.86255892506451 -4.38437532615499 6.00106038963971
2024-05-08T16:52:12.000 -6273.174130974460 1915.870961146390 1762.682960185710 0.03208985722638 -5.15031174996933 5.67492661668516
2024-05-08T16:56:12.000 -6036.888228135520 625.017866023155 3043.591828351310 1.92492892721257 -5.54096670142928 4.93379037230205
2024-05-08T17:00:12.000 -5360.469602811250 -711.396989703363 4101.976141934920 3.67733910524575 -5.52766488384002 3.83196916032303
2024-05-08T17:04:12.000 -4293.293756314580 -1995.952149415540 4860.493221460360 5.16132441214905 -5.11147682303738 2.45027208209656
2024-05-08T17:08:12.000 -2913.215121038520 -3135.038210537570 5263.763555005630 6.26896531360577 -4.32284450293499 0.88970590631193
2024-05-08T17:12:12.000 -1320.822682614110 -4045.647760773440 5282.324372927820 6.91980884914973 -3.21909565111602 -0.73605282774915
2024-05-08T17:16:12.000 367.848785696587 -4661.347117532060 4914.724303696600 7.06632438272701 -1.88021766936765 -2.30860140128350
2024-05-08T17:20:12.000 2029.676790812860 -4937.093451706750 4187.673490564840 6.69739854487918 -0.40345540231723 -3.71308110577691
2024-05-08T17:24:12.000 3543.381233013770 -4852.577201505320 3154.177106562830 5.83944277244699 1.10357157506329 -4.84656505886497
2024-05-08T17:28:12.000 4798.390045094560 -4413.796070142310 1889.749274249450 4.55481857291386 2.53057035573822 -5.62558454579645
2024-05-08T17:32:12.000 5703.030359257960 -3652.728332414170 486.935320926620 2.93773692757797 3.77271799285818 -5.99265430374229
2024-05-08T17:36:12.000 6191.395024871640 -2625.031378351780 -951.537848129770 1.10732578334918 4.73881403590447 -5.92099446026809
2024-05-08T17:40:12.000 6228.250793911680 -1405.887853735780 -2320.443422059870 -0.80161652592953 5.35841156724694 -5.41668194520869
2024-05-08T17:44:12.000 5811.540605064470 -84.340813664406 -3519.911126973650 -2.64923293789853 5.58714756472308 -4.51790711346066
2024-05-08T17:48:12.000 4972.304651981330 1243.364816560420 -4462.767496232160 -4.30129594539254 5.40964721464540 -3.29151887839688
2024-05-08T17:52:12.000 3772.137134709390 2480.845143609120 -5080.787679769730 -5.63891285272879 4.84002353424475 -1.82751794298854
2024-05-08T17:56:12.000 2298.501773966970 3538.498631845770 -5329.445160843890 -6.56657957401101 3.92025151566173 -0.23217064263818
2024-05-08T18:00:12.000 658.348624270233 4339.816670396700 -5190.919260845780 -7.01825090061511 2.71678463969156 1.37951761160165
2024-05-08T18:04:12.000 -1029.488169915520 4826.731855213800 -4675.269875506750 -6.96149572093510 1.31599682814084 2.89152454934482
2024-05-08T18:08:12.000 -2642.673258068730 4963.728979162330 -3819.733903666850 -6.39974416892932 -0.18161250215777 4.19467415687819
2024-05-08T18:12:12.000 -4064.027495058740 4740.453808361320 -2686.187338735270 -5.37241371470856 -1.66802303195097 5.19402887487857
2024-05-08T18:16:12.000 -5189.978328114270 4172.638633054870 -1356.868163101310 -3.95290051677561 -3.03518741298868 5.81594302338588
2024-05-08T18:20:12.000 -5938.196844418470 3301.157292195700 71.464916271357 -2.24384163376541 -4.18295992730002 6.01389974739318
2024-05-08T18:24:12.000 -6253.794571385280 2189.191471848600 1494.567511516450 -0.36986650551617 -5.02681241893890 5.77250263618520
2024-05-08T18:28:12.000 -6113.515816576880 917.652637377407 2808.411937068500 1.53175287304534 -5.50450685268429 5.10898002504992
2024-05-08T18:32:12.000 -5527.509682720110 -420.787884180098 3916.920551703350 3.32170870056822 -5.58089614973018 4.07191471347349
2024-05-08T18:36:12.000 -4538.542898261010 -1728.548875721590 4739.074232059520 4.86917891471901 -5.25043832755261 2.73737413136406
2024-05-08T18:40:12.000 -3218.785712061920 -2910.318015837430 5214.837546201750 6.06149277412280 -4.53740057731828 1.20302185316613
2024-05-08T18:44:12.000 -1664.451285105320 -3879.981506967900 5309.470502418400 6.81206990970222 -3.49366520968495 -0.41929747121940
2024-05-08T18:48:12.000 11.202023168220 -4566.827839079300 5015.992493417960 7.06627445319224 -2.19492801534842 -2.01146760911936
2024-05-08T18:52:12.000 1686.034391300980 -4920.648657048520 4355.693345089310 6.80516278967816 -0.73537498387468 -3.45738236009150
2024-05-08T18:56:12.000 3237.831936388660 -4915.435850985580 3376.675691669120 6.04718394128767 0.77867968519036 -4.65107502998129
2024-05-08T19:00:12.000 4553.247598225050 -4551.391726245640 2150.448711679720 4.84737331338572 2.23649101080270 -5.50470770049316
2024-05-08T19:04:12.000 5536.182970062840 -3855.011886668260 766.740699489939 3.29360636842192 3.53105435510604 -5.95529067630382
2024-05-08T19:08:12.000 6114.967118643490 -2877.206124952170 -673.116902156916 1.50029088470810 4.56726600217252 -5.96980077505423
2024-05-08T19:12:12.000 6247.706700268850 -1689.516895541230 -2063.761106217110 -0.40047461278215 5.26941469751690 -5.54786740817905
2024-05-08T19:16:12.000 5925.312173363700 -378.733717282145 -3303.665176134920 -2.26920535384797 5.58694658774537 -4.72157881504728
2024-05-08T19:20:12.000 5171.969199502750 959.616941278832 -4302.638688472050 -3.96987475769444 5.49796924336050 -3.55260384728411
2024-05-08T19:24:12.000 4043.085488579670 2228.314892021160 -4988.333514700540 -5.37986627683183 5.01023849532917 -2.12695099555885
2024-05-08T19:28:12.000 2621.027025546080 3335.457566620230 -5311.307404815910 -6.39838516535980 4.15993885274337 -0.54829535343379
2024-05-08T19:32:12.000 1009.067526079660 4200.953681399360 -5248.382004574590 -6.95291984362702 3.00869396402182 1.06944542135551
2024-05-08T19:36:12.000 -675.986113231596 4762.125021272050 -4804.172170257720 -7.00378543601153 1.63915442789496 2.60987575418960
2024-05-08T19:40:12.000 -2312.020499239750 4978.120450686790 -4010.755486035760 -6.54675467886031 0.14957328661798 3.96181776784767
2024-05-08T19:44:12.000 -3780.261005584350 4832.894111025860 -2925.495627066270 -5.61378953862280 -1.35277307410852 5.02698183396173
2024-05-08T19:48:12.000 -4973.797341053930 4336.505353072810 -1627.079192882520 -4.27132614922506 -2.75887643266572 5.72708479622879
2024-05-08T19:52:12.000 -5805.422351445060 3524.597157188820 -209.956297164681 -2.61621618797141 -3.96590193639113 6.00994568551754
2024-05-08T19:56:12.000 -6214.170131945050 2455.961701698190 1222.493007822470 -0.76896370594135 -4.88502141851626 5.85388235153434
2024-05-08T20:00:12.000 -6169.962696131990 1208.316104910880 2565.577016398040 1.13517775971085 -5.44841756246249 5.26976822084977
2024-05-08T20:04:12.000 -5675.914085323190 -127.424184174515 3721.078555228210 2.95666820408281 -5.61461956379722 4.30032344936080
2024-05-08T20:08:12.000 -4768.071251008280 -1453.874494991220 4604.534355291730 4.56233717335590 -5.37149780536836 3.01666718609836
2024-05-08T20:12:12.000 -3512.687676643090 -2674.350203279710 5151.414710645240 5.83515027561085 -4.73692037983300 1.51274567656081
2024-05-08T20:16:12.000 -2001.306758515120 -3699.912185507350 5321.791542101970 6.68264866929012 -3.75712664618208 -0.10167689864836
2024-05-08T20:20:12.000 -344.066572497424 -4455.789197921890 5103.174838583690 7.04320007241322 -2.50322328924967 -1.70905082081763
2024-05-08T20:24:12.000 1338.251169409000 -4886.769217119680 4511.407654594130 6.89027377459733 -1.06614769219926 -3.19221266866686
2024-05-08T20:28:12.000 2922.932606022720 -4961.227427939320 3589.572822324170 6.23443349547027 0.44961695042327 -4.44267464919940
2024-05-08T20:32:12.000 4294.245388665490 -4673.526987305160 2404.962360548860 5.12306424215181 1.93327448829037 -5.36845311070496
2024-05-08T20:36:12.000 5351.988508680590 -4044.563130779580 1044.233935631800 3.63745830355744 3.27593005740782 -5.90123027327505
2024-05-08T20:40:12.000 6018.979602583140 -3120.300730583720 -392.967811518432 1.88694446265530 4.37893361415277 -6.00183976086084
2024-05-08T20:44:12.000 6246.823722204640 -1968.369722143650 -1801.440202086510 0.00052763160276 5.16156782804290 -5.66344053357349
2024-05-08T20:48:12.000 6019.450322381990 -672.979598647658 -3078.289609688160 -1.88321215519414 5.56725300037840 -4.91194270752752
2024-05-08T20:52:12.000 5354.117707049010 671.399236675116 -4130.557076860400 -3.62688677449100 5.56753586533628 -3.80360744049393
2024-05-08T20:56:12.000 4299.883129265050 1967.034192538730 -4881.965455012150 -5.10451172158696 5.16374546285977 -2.42021343390195
2024-05-08T21:00:12.000 2933.770790384510 3120.020843433200 -5278.288789107860 -6.21031075222733 4.38613544849018 -0.86257659860866
2024-05-08T21:04:12.000 1355.066063511980 4046.936510886830 -5291.053489247410 -6.86552964698597 3.29123445394305 0.75678391155033
2024-05-08T21:08:12.000 -321.799828966072 4680.681935034200 -4919.429008610200 -7.02337967176947 1.95775570006860 2.32131722073762
2024-05-08T21:12:12.000 -1975.328831368820 4975.192711754750 -4190.260470668740 -6.67209956793903 0.48130360013056 3.71824180946542
2024-05-08T21:16:12.000 -3485.527660647230 4908.759176534410 -3156.241057150360 -5.83599966311409 -1.03188604843296 4.84618509181015
2024-05-08T21:20:12.000 -4742.489011456950 4485.733391475760 -1892.299274107970 -4.57446540204838 -2.47215011477722 5.62237931453465
2024-05-08T21:24:12.000 -5654.438542819410 3736.406486993730 -490.332725720187 -2.97837166574521 -3.73433638407475 5.98915520294738
2024-05-08T21:28:12.000 -6154.579847368390 2714.971343212710 947.429308874352 -1.16374783226916 -4.72569051631819 5.91869480089072
2024-05-08T21:32:12.000 -6206.155721757870 1495.660451286030 2315.937048869690 0.73668240843638 -5.37308506969867 5.41552017337097
2024-05-08T21:36:12.000 -5805.261587083500 167.302098882766 3515.118705742520 2.58364303712875 -5.62881228406793 4.51632837948144
2024-05-08T21:40:12.000 -4981.133619056470 -1173.257783463680 4457.306051087990 4.24200179758670 -5.47415738219795 3.28708782729775
2024-05-08T21:44:12.000 -3793.924618097280 -2428.299138186050 5073.673258206340 5.59083344027175 -4.92054450720434 1.81782704404379
2024-05-08T21:48:12.000 -2330.220383200210 -3506.364099293850 5319.217170645460 6.53208146983908 -4.00836063961197 0.21581008663992
2024-05-08T21:52:12.000 -696.695807315573 -4328.867526367580 5175.975595155340 6.99735190024630 -2.80382971920768 -1.40225022493212
2024-05-08T21:56:12.000 987.604356821053 -4835.763847562260 4654.303272785800 6.95255723748639 -1.39432291828505 -2.91846817863463
2024-05-08T22:00:12.000 2599.849082645380 -4989.918410330950 3792.163835368950 6.40046781694529 0.11772581358639 -4.22203387192342
2024-05-08T22:04:12.000 4022.333711856820 -4779.878015354340 2652.460647200960 5.38086044280908 1.62199177245308 -5.21718999553367
2024-05-08T22:08:12.000 5151.132868072650 -4220.830343023920 1318.531189418940 3.96812823775351 3.00818642403807 -5.83055773770987
2024-05-08T22:12:12.000 5903.830640764610 -3353.590807291160 -111.959258776437 2.26607589225907 4.17440867623459 -6.01690686560085
2024-05-08T22:16:12.000 6225.713367656160 -2241.612907342100 -1534.272042784630 0.40021269115738 5.03517211385984 -5.76296496410629
2024-05-08T22:20:12.000 6093.800851941400 -966.215893666455 -2844.449113179580 -1.49226711779207 5.52802025715592 -5.08840094565668
2024-05-08T22:24:12.000 5518.381525545990 379.532242812751 -3947.036142733670 -3.27310863035744 5.61806413794796 -4.04387591378792
2024-05-08T22:28:12.000 4542.001349790580 1697.735089398000 -4762.037417386290 -4.81340988233136 5.30009204604755 -2.70663405627210
2024-05-08T22:32:12.000 3236.097454068910 2892.793332456930 -5230.581903486940 -6.00267571125921 4.59824322782183 -1.17435115436288
2024-05-08T22:36:12.000 1695.661739172560 3878.218593459380 -5318.976435421610 -6.75616971914278 3.56375849067380 0.44211398869965
2024-05-08T22:40:12.000 32.388766696910 4582.695159084460 -5020.948255901390 -7.02016003553150 2.27110572283387 2.02639259123061
2024-05-08T22:44:12.000 -1633.217022400310 4955.078934981560 -4358.040203316890 -6.77538537393352 0.81298008074662 3.46435251097384
2024-05-08T22:48:12.000 -3180.339689712200 4968.058237943150 -3378.145975093220 -6.03859372221296 -0.70581502013083 4.65180515572598
2024-05-08T22:52:12.000 -4496.464272314450 4620.229542965320 -2152.229469803320 -4.86192071009748 -2.17542504803094 5.50186352627986
2024-05-08T22:56:12.000 -5485.555639567850 3936.388824606310 -769.360663766224 -3.32982988739007 -3.48869471000497 5.95152449896959
2024-05-08T23:00:12.000 -6075.202410161480 2965.933396622860 669.668565345588 -1.55360421294003 -4.54912249320548 5.96684108631268
2024-05-08T23:04:12.000 -6222.122775423580 1779.350622532680 2059.744446780850 0.33687676834303 -5.27861737933427 5.54602049836643
2024-05-08T23:08:12.000 -5915.440474525760 463.046197352923 3299.234589485490 2.20317902004566 -5.62345363835489 4.71966437523756
2024-05-08T23:12:12.000 -5177.490773727250 -887.026502444968 4297.518121368570 3.90871454690539 -5.55829649470715 3.54834271087902
2024-05-08T23:16:12.000 -4062.135905954950 -2172.446113360010 4981.658838493620 5.32898739578845 -5.08800816512342 2.11789342996207
2024-05-08T23:20:12.000 -2650.736482599560 -3299.538894304070 5301.706462391400 6.36071483010369 -4.24697263547024 0.53280430347874
2024-05-08T23:24:12.000 -1046.163086800200 -4186.160352057480 5234.264188496410 6.92893937529815 -3.09627926749655 -1.09144702505365
2024-05-08T23:28:12.000 634.654983728365 -4767.610795900090 4784.161378210100 6.99214797103363 -1.71936682273092 -2.63651467858157
2024-05-08T23:32:12.000 2269.162566890640 -5001.333672393070 3984.134626537560 6.54528683709537 -0.21623954156505 -3.98956902881791
2024-05-08T23:36:12.000 3738.055926591910 -4870.067901628310 2892.529864006690 5.62041208525345 1.30353710133369 -5.05130577795153
2024-05-08T23:40:12.000 4934.029535831540 -4383.234470019250 1589.146591622020 4.28493093750471 2.72856542818524 -5.74347038039339
2024-05-08T23:44:12.000 5769.752213837060 -3576.347162789290 169.392986567109 2.63685594298509 3.95420278452670 -6.01507296767536
2024-05-08T23:48:12.000 6184.387386881070 -2508.422783724160 -1262.775284968700 0.79759601329908 4.89049881795743 -5.84637891546105
2024-05-08T23:52:12.000 6148.130029320480 -1257.581772554210 -2602.627318975360 -1.09741962998816 5.46927660412351 -5.25071772733584
2024-05-08T23:56:12.000 5664.276775903920 84.847599909253 -3752.480249876410 -2.90955066220614 5.64927479020788 -4.27299306666218
2024-05-09T00:00:12.000 4768.733573737520 1421.146000487470 -4628.840045399870 -4.50738846263202 5.41871672254693 -2.98570125115903
2024-05-09T00:04:12.000 3527.125345134220 2654.344014618290 -5168.350977739210 -5.77610852852532 4.79549732500956 -1.48307136459836
2024-05-09T00:08:12.000 2029.854831805750 3695.165453490660 -5332.178734062040 -6.62517906376458 3.82535284315562 0.12601485436739
2024-05-09T00:12:12.000 385.537928222164 4468.304881885430 -5108.622972088300 -6.99414766663219 2.57825700018082 1.72563443677758
2024-05-09T00:16:12.000 -1286.699746820340 4917.691176762730 -4513.867824319890 -6.85636463805861 1.14364618385397 3.20061912580575
2024-05-09T00:20:12.000 -2865.612073317930 5010.477732465830 -3590.875368091320 -6.22096796372956 -0.37545459504247 4.44426770141767
2024-05-09T00:24:12.000 -4236.448675067870 4739.493128943520 -2406.449901711620 -5.13274017073261 -1.86933365096780 5.36579318641481
2024-05-09T00:28:12.000 -5299.261081265470 4123.939466797390 -1046.589675206200 -3.66963075851210 -3.22924308847320 5.89708237286203
2024-05-09T00:32:12.000 -5976.307096926910 3208.195167268830 389.655786568598 -1.93765185079503 -4.35548178630795 5.99826040906534
2024-05-09T00:36:12.000 -6217.907941400610 2058.703840546250 1797.417734093230 -0.06322775450210 -5.16505575597372 5.66107455821895
2024-05-09T00:40:12.000 -6006.253796740750 759.151880661130 3073.774982640790 1.81623182228488 -5.59828047834769 4.90995961091029
2024-05-09T00:44:12.000 -5356.743289750890 -595.744953637338 4125.419204578270 3.56319069500953 -5.62343978435968 3.79998911590542
2024-05-09T00:48:12.000 -4316.773156957180 -1907.231404390140 4875.511231605880 5.05015988973124 -5.23875353124078 2.41245976925023
2024-05-09T00:52:12.000 -2962.197252668500 -3079.730165275860 5269.271971138240 6.16890118219696 -4.47229230190678 0.84875764458173
2024-05-09T00:56:12.000 -1391.750734925840 -4027.785813313400 5277.929340808990 6.83810632421168 -3.37979543357211 -0.77711965168075
2024-05-09T01:00:12.000 280.130659915582 -4682.238495876090 4900.761004489800 7.00897680542415 -2.04048645764264 -2.34678790132694
2024-05-09T01:04:12.000 1931.560559742630 -4995.220382038210 4165.166665125770 6.66862206363581 -0.55156694887572 -3.74566467781252
2024-05-09T01:08:12.000 3442.016653600690 -4943.689962585460 3124.765815217650 5.84131275911821 0.97849298018459 -4.87115737432360
2024-05-09T01:12:12.000 4701.160463245880 -4531.229621326220 1855.587400020970 4.58720240084236 2.43764551242798 -5.64033073094631
2024-05-09T01:16:12.000 5617.024674420510 -3787.903324698370 450.532116088470 2.99831964879976 3.71870127655811 -5.99647643489213
2024-05-09T01:20:12.000 6122.891295159000 -2768.075592481210 -987.516345038619 1.19168710521615 4.72765944276110 -5.91366042948474
2024-05-09T01:24:12.000 6182.238923255460 -1546.354934854800 -2353.368540804310 -0.69970086570453 5.39089602101523 -5.39872468454336
2024-05-09T01:28:12.000 5791.358775174290 -211.990225031012 -3547.374902791470 -2.53721205130873 5.66080699356948 -4.49063187963865
2024-05-09T01:32:12.000 4979.411144310400 1137.817770513780 -4482.761877306060 -4.18729944914995 5.51903857889736 -3.25693443298679
2024-05-09T01:36:12.000 3806.010988647610 2405.062655162880 -5091.853556773940 -5.53120177120669 4.97715337783415 -1.78815211798586
2024-05-09T01:40:12.000 2356.686967852490 3497.974617225760 -5330.774155453280 -6.47292002654805 4.07515666972803 -0.19089413729050
2024-05-09T01:44:12.000 736.637031557850 4337.492946324670 -5182.414405883530 -6.94540728711180 2.87829005588795 1.41968848463081
2024-05-09T01:48:12.000 -936.764552271010 4862.792268546420 -4657.550065430310 -6.91477930427780 1.47240970250616 2.92767491272342
2024-05-09T01:52:12.000 -2542.234496966180 5035.575429370310 -3794.092046652140 -6.38257442201606 -0.04161807185164 4.22412887731155
2024-05-09T01:56:12.000 -3963.170845825750 4842.896483356410 -2654.503010817820 -5.38613943297037 -1.55460815934362 5.21461832416082
2024-05-09T02:00:12.000 -5096.055641650010 4298.259593823340 -1321.464063481020 -3.99662015620856 -2.95663789480205 5.82616063382166
2024-05-09T02:04:12.000 -5858.078518214070 3440.841125651220 107.993489864262 -2.31447351054123 -4.14504445230915 6.01299789293580
2024-05-09T02:08:12.000 -6193.369494765900 2332.784200403060 1529.547593854560 -0.46234347140722 -5.03236812712574 5.76058849979887
2024-05-09T02:12:12.000 -6077.245532320240 1054.699327399660 2839.293537391040 1.42416544615901 -5.55317130722317 5.08695709215129
2024-05-09T02:16:12.000 -5518.096712239800 -300.272223401665 3941.464440975990 3.20685760471267 -5.66915448744795 4.04145757822810
2024-05-09T02:20:12.000 -4556.723107212080 -1633.357889576250 4755.520233444910 4.75552717289293 -5.37193830970240 2.70075684671434
2024-05-09T02:24:12.000 -3263.249634838140 -2847.412870077180 5222.010971892750 5.95747254211970 -4.68329409170957 1.16281801551861
2024-05-09T02:28:12.000 -1731.950433544710 -3853.957980372420 5306.844428699270 6.72529621217064 -3.65321956001002 -0.46026908993227
2024-05-09T02:32:12.000 -74.411359021314 -4579.569152162510 5003.736961042630 7.00300904561623 -2.35643207866272 -2.05024648881345
2024-05-09T02:36:12.000 1588.537491635410 -4971.200512824860 4334.681694786080 6.77000757742580 -0.88701984090556 -3.49112163095914
2024-05-09T02:40:12.000 3135.550567379000 -5000.073134789660 3348.423759043820 6.04270549613862 0.64803203536659 -4.67730245946075
2024-05-09T02:44:12.000 4453.619980166720 -4663.886308546180 2117.003401102540 4.87381705979808 2.13641211300377 -5.52148236436128
2024-05-09T02:48:12.000 5446.437305086480 -3987.105913552300 730.540389687725 3.34900995283568 3.46879336010017 -5.96132247695734
2024-05-09T02:52:12.000 6041.609233186290 -3019.227093314890 -709.422028757732 1.58061160233874 4.54729495009678 -5.96463893216377
2024-05-09T02:56:12.000 6196.044369069920 -1831.086370821630 -2097.514429683960 -0.30110710418545 5.29311316019573 -5.53189806119163
2024-05-09T03:00:12.000 5899.067257573170 -509.525441938592 -3332.398341710650 -2.15805624847743 5.65249344611944 -4.69596648809897
2024-05-09T03:04:12.000 5173.012556047830 849.117950887170 -4324.247258898150 -3.85500012394835 5.60047883792695 -3.51921039176747
2024-05-09T03:08:12.000 4071.316401507010 2146.124216403570 -5001.234437000540 -5.26954447130884 5.14218696287160 -2.08822798003746
2024-05-09T03:12:12.000 2674.389393720950 3287.526718176930 -5314.557407519930 -6.30054516925351 4.31175734421336 -0.50708890620865
2024-05-09T03:16:12.000 1083.696134839650 4190.755897835070 -5241.745503262330 -6.87461351066165 3.16941374496520 1.11011772836868
2024-05-09T03:20:12.000 -585.492658966581 4790.411519722690 -4788.139007712100 -6.95069934576063 1.79719571771766 2.64702938982228
2024-05-09T03:24:12.000 -2212.224307577660 5042.864115211140 -3986.502530594520 -6.52280025105585 0.29349080327204 3.99273893455199
2024-05-09T03:28:12.000 -3678.414048196990 4929.424513804460 -2894.803212139260 -5.62077416092047 -1.23341109405316 5.04939098214344
2024-05-09T03:32:12.000 -4877.322589576290 4457.847011936310 -1592.201243447510 -4.30885556458986 -2.67274542602610 5.73934309372150
2024-05-09T03:36:12.000 -5721.378364314220 3661.965269687440 -173.450675075720 -2.68166176227844 -3.91930055138232 6.01116963731501
2024-05-09T03:40:12.000 -6148.736568734530 2599.395877249190 1257.953394855660 -0.85767828162951 -4.88139161919363 5.84401133233858
2024-05-09T03:44:12.000 -6127.988216895160 1347.397316818810 2597.410481447230 1.02959608496127 -5.48811824733876 5.24961469555850
2024-05-09T03:48:12.000 -5660.537666533390 -2.822402800752 3746.988461013770 2.84197159619746 -5.69485291766980 4.27141859133866
2024-05-09T03:52:12.000 -4780.476141309090 -1352.839273538570 4622.664152160340 4.44694763525549 -5.48645868012027 2.98114235774594
2024-05-09T03:56:12.000 -3552.013188328590 -2604.262557459330 5160.481129356530 5.72760049810779 -4.87828628197206 1.47319226905158
2024-05-09T04:00:12.000 -2064.695109695680 -3665.905388986010 5321.157770824790 6.59092289793115 -3.91458016285510 -0.14248773401899
2024-05-09T04:04:12.000 -426.881962167773 -4460.346991072050 5092.878692356000 6.97401190788619 -2.66515230062918 -1.74828603060171
2024-05-09T04:08:12.000 1242.048480744790 -4929.533486927810 4492.166892176260 6.84856800116640 -1.22064662187213 -3.22705664069176
2024-05-09T04:12:12.000 2820.336917267440 -5039.038416944720 3562.758856081290 6.22318623632407 0.31385091611702 -4.47054102000491
2024-05-09T04:16:12.000 4192.708720304880 -4780.661453267200 2372.511564657220 5.14307284689606 1.82618088609855 -5.38726350198438
2024-05-09T04:20:12.000 5258.877621216130 -4173.151707453390 1008.506627901440 3.68722842795548 3.20533330914555 -5.90954440896498
2024-05-09T04:24:12.000 5941.039873554340 -3260.913242331530 -429.356579399601 1.96282236635861 4.34992823167036 -5.99899979346902
2024-05-09T04:28:12.000 6189.691495740820 -2110.720275784570 -1835.821703728190 0.09698244590654 5.17616467495618 -5.64966227026856
2024-05-09T04:32:12.000 5987.242806640670 -806.679941249925 -3108.146694786500 -1.77323063576058 5.62428323878862 -4.88825053610946
2024-05-09T04:36:12.000 5349.134893086240 556.082785503920 -4153.704575677960 -3.51137882593778 5.66275216743010 -3.77172529475296
2024-05-09T04:40:12.000 4322.449824460900 1878.474122319340 -4896.705179835810 -4.99182695017590 5.29012339807434 -2.38246054691239
2024-05-09T04:44:12.000 2982.229472091710 3064.626629307630 -5283.537413327660 -6.10852473193911 4.53445853110766 -0.82172864310954
2024-05-09T04:48:12.000 1425.904126106540 4028.713551215880 -5286.429609711160 -6.78195285779226 3.45080171459864 0.79769550795083
2024-05-09T04:52:12.000 -233.710864464982 4700.958152882300 -4905.280401963140 -6.96407623473223 2.11707506351383 2.35928953467723
2024-05-09T04:56:12.000 -1876.374330018890 5032.522406093180 -4167.632681347750 -6.64142172916175 0.62888904265677 3.75049818420897
2024-05-09T05:00:12.000 -3382.898790134210 4999.017475366220 -3126.798765539450 -5.83626060840748 -0.90674186882378 4.87036557376596
2024-05-09T05:04:12.000 -4643.666517534160 4602.401857080620 -1858.206048539690 -4.60574781069880 -2.37855682474560 5.63672060571063
2024-05-09T05:08:12.000 -5566.650701261210 3871.040894702290 -454.088478935538 -3.03849536940751 -3.67913542648305 5.99263588002812
2024-05-09T05:12:12.000 -6084.270820011920 2857.810284907650 983.175062587696 -1.24840192786838 -4.71294396338213 5.91108881939851
2024-05-09T05:16:12.000 -6158.512435867130 1636.334930587040 2348.578408340000 0.63360112215940 -5.40376820996954 5.39742642835352
2024-05-09T05:20:12.000 -5783.829407746930 295.586284433851 3542.291685768580 2.46963712307527 -5.70076500232690 4.48914287356150
2024-05-09T05:24:12.000 -4987.541155020770 -1066.708655392630 4477.062077930930 4.12545398116989 -5.58223684583871 3.25284414571369
2024-05-09T05:28:12.000 -3827.744235811180 -2351.262169166480 5084.604815856740 5.48035559558729 -5.05689307073566 1.77897775074087
2024-05-09T05:32:12.000 -2389.004263239990 -3464.466218670170 5320.549654200170 6.43581659795016 -4.16304786918329 0.17514392121672
2024-05-09T05:36:12.000 -776.150055683016 -4325.171246597460 5167.614772221670 6.92243064063152 -2.96551659729859 -1.44189234649791
2024-05-09T05:40:12.000 893.294621226476 -4870.515524477130 4636.828755072440 6.90442494146841 -1.55104577598115 -2.95432373888966
2024-05-09T05:44:12.000 2497.559522495270 -5060.521405103560 3766.801129002480 6.38248810341512 -0.02247959992985 -4.25149280696406
2024-05-09T05:48:12.000 3919.491131195140 -4881.107461393060 2621.021618871170 5.39423627612379 1.50853659963085 -5.23804384722022
2024-05-09T05:52:12.000 5055.180684347800 -4345.232715694610 1283.289127940690 4.01182039817173 2.92970508867809 -5.84118371005616
2024-05-09T05:56:12.000 5821.705300959890 -3492.036664450580 -148.431795826261 2.33689826166911 4.13656097257390 -6.01646791123222
2024-05-09T06:00:12.000 6163.339401828280 -2383.970043724570 -1569.307402163770 0.49297266038144 5.04060739876177 -5.75149934816455
2024-05-09T06:04:12.000 6055.657997735270 -1102.093717738290 -2875.484057206200 -1.38433499766394 5.57622878787865 -5.06673346181840
2024-05-09T06:08:12.000 5507.186746396560 260.025383870141 -3971.796841370720 -3.15784106234634 5.70543271067574 -4.01357603118082
2024-05-09T06:12:12.000 4558.518746933920 1603.275989012050 -4778.704291705200 -4.69913482755510 5.42016768850721 -2.66990138514390
2024-05-09T06:16:12.000 3279.095104902630 2830.220079394380 -5237.926472357290 -5.89761041553441 4.74225538740709 -1.13387033514257
2024-05-09T06:20:12.000 1762.009358589120 3852.047766534720 -5316.452105568470 -6.66782155279378 3.72126329820267 0.48336020681905
2024-05-09T06:24:12.000 117.282973081431 4594.815158908260 -5008.740738602580 -6.95489759701605 2.43076601724378 2.06533678644518
2024-05-09T06:28:12.000 -1535.928022130690 5004.622492746080 -4337.051726634460 -6.73799968958286 0.96329272632238 3.49813702098890
2024-05-09T06:32:12.000 -3077.723182212510 5051.455290359160 -3349.916609020540 -6.03186369475879 -0.57573472436714 4.67799335318492
2024-05-09T06:36:12.000 -4395.990041367380 4731.452833442910 -2118.824555449930 -4.88640460189019 -2.07504065914695 5.51853758292988
2024-05-09T06:40:12.000 -5394.557563613910 4067.384814429390 -733.228729365262 -3.38385979337201 -3.42531991267017 5.95743994478671
2024-05-09T06:44:12.000 -6000.354557944580 3107.199278713460 705.882927871055 -1.63334061451725 -4.52745308111233 5.96161869749110
2024-05-09T06:48:12.000 -6168.929855009730 1920.616409146840 2093.402869924930 0.23726297547769 -5.30028918194529 5.53007138327154
2024-05-09T06:52:12.000 -5887.827088559670 594.036020196645 3327.887373729570 2.09092505980769 -5.68689409241133 4.69415998320804
2024-05-09T06:56:12.000 -5177.525974965730 -775.845497974313 4319.089865513300 3.79197989136109 -5.65893282231246 3.51521357211198
2024-05-09T07:00:12.000 -4089.863714610310 -2089.179012018760 4994.605906008670 5.21638688998019 -5.21856994374311 2.07958363539606
2024-05-09T07:04:12.000 -2704.153401990150 -3250.263579594120 5305.106536343960 6.26055684133871 -4.39793612784362 0.49203019039686
2024-05-09T07:08:12.000 -1121.377308585710 -4174.470964254160 5227.874147345060 6.84857627795171 -3.25661089528278 -1.13176757902036
2024-05-09T07:12:12.000 543.139545938505 -4794.349641612970 4768.435689501730 6.93750014619739 -1.87728361474357 -2.67352959320971
2024-05-09T07:16:12.000 2168.033480618670 -5064.508684245000 3960.191016208200 6.52029500067460 -0.36008207617621 -4.02061733778135
2024-05-09T07:20:12.000 3634.681697079530 -4965.006917176060 2862.082699493960 5.62678811842965 1.18430318997436 -5.07412219152034
2024-05-09T07:24:12.000 4835.913821788680 -4502.942638988520 1554.388300735040 4.32208720180922 2.64264881038595 -5.75634176205573
2024-05-09T07:28:12.000 5683.992067412010 -3712.031121592400 132.853093114157 2.70203602979744 3.90778104627372 -6.01694325781053
2024-05-09T07:32:12.000 6117.178789011510 -2650.152055929500 -1298.420803358500 0.88606297687718 4.88683757742838 -5.83710743428929
2024-05-09T07:36:12.000 6104.313987170250 -1395.008830733240 -2634.770257658380 -0.99214126606032 5.50855316509143 -5.23097654095088
2024-05-09T07:40:12.000 5646.986687802950 -38.266227918547 -3778.762860202140 -2.79512492253129 5.72852468485262 -4.24419037369159
2024-05-09T07:44:12.000 4779.179807569050 1321.287733162580 -4647.326684146570 -4.39208010321514 5.53207096996260 -2.94993788137108
2024-05-09T07:48:12.000 3564.515097569360 2584.975510321880 -5177.674737861180 -5.66824311277469 4.93466484364157 -1.44294452781007
2024-05-09T07:52:12.000 2091.453547597390 3661.294552649270 -5331.639614917440 -6.53251926869165 3.98019225197806 0.16757955030028
2024-05-09T07:56:12.000 466.873508711409 4472.359443542390 -5098.239835353910 -6.92332441734698 2.73754821872221 1.76559372004940
2024-05-09T08:00:12.000 -1191.516579954220 4959.358348911810 -4494.385476508630 -6.81249936410189 1.29589600709284 3.23601508480245
2024-05-09T08:04:12.000 -2763.482034234730 5086.730346371480 -3563.709902830850 -6.20730886920550 -0.24124640192035 4.47250952958326
2024-05-09T08:08:12.000 -4134.793744503280 4844.795437345840 -2373.574513917420 -5.15033912747546 -1.76294774132909 5.38484678583445
2024-05-09T08:12:12.000 -5205.475725093900 4250.632171535630 -1010.390627217600 -3.71720868441120 -3.15846870454501 5.90554869426063
2024-05-09T08:16:12.000 -5897.214076422260 3347.057218000490 426.539142928449 -2.01177991773936 -4.32545756321828 5.99545414678902
2024-05-09T08:20:12.000 -6159.280363597560 2199.631653627840 1832.289253542640 -0.15860708487646 -5.17798714339333 5.64722762966737
2024-05-09T08:24:12.000 -5972.383186466830 891.877839836347 3104.091969318410 1.70656856480521 -5.65327800779826 4.88607810927375
2024-05-09T08:28:12.000 -5350.114679455110 -480.891767234494 4148.967069017470 3.44722242590555 -5.71646446011946 3.76781282599702
2024-05-09T08:32:12.000 -4337.890137730630 -1818.612304303810 4890.576196813010 4.93633199642206 -5.36301048660783 2.37438723583750
2024-05-09T08:36:12.000 -3009.537282709110 -3023.796708078460 5274.770110926580 6.06555255319507 -4.61875604053716 0.80759047406531
2024-05-09T08:40:12.000 -1461.866575153700 -4008.613812588210 5273.469035826010 6.75282028646931 -3.53779841008548 -0.81844381220293
2024-05-09T08:44:12.000 192.352648125094 -4701.220566567040 4886.663469876760 6.94798408479775 -2.19848294434397 -2.38528367798894
2024-05-09T08:48:12.000 1832.527318513210 -5050.958365646870 4142.453475631680 6.63639875946442 -0.69798464596723 -3.77852198374350
2024-05-09T08:52:12.000 3338.959723154020 -5032.093024901560 3095.089118394950 5.84020839751083 0.85437149340370 -4.89597509946774
2024-05-09T08:56:12.000 4601.601741802070 -4645.815258169280 1821.105280052790 4.61726753902193 2.34492502348949 -5.65531291647309
2024-05-09T09:00:12.000 5528.216118939040 -3920.268817957330 413.754083070005 3.05727521980981 3.66415908515489 -6.00050093115740
2024-05-09T09:04:12.000 6051.281052119720 -2908.530564460000 -1023.900510648130 1.27517759738861 4.71517586919610 -5.90636683471772
2024-05-09T09:08:12.000 6133.020833241060 -1684.647469790810 -2386.689531230860 -0.59772988502374 5.42127958012211 -5.38065269650709
2024-05-09T09:12:12.000 5768.097617154060 -338.044199071422 -3575.191404711250 -2.42420149987505 5.73177363890117 -4.46311470621350
2024-05-09T09:16:12.000 4983.778648130510 1033.168016988680 -4503.034972201570 -4.07147301012930 5.62534082975556 -3.22197279011499
2024-05-09T09:20:12.000 3837.673092667940 2329.409492294580 -5103.091759740340 -5.42095838560097 5.11100637360631 -1.74828220653795
2024-05-09T09:24:12.000 2413.329942094590 3456.790894875250 -5332.139765810670 -6.37625329698599 4.22678765242714 -0.14898695938704
2024-05-09T09:28:12.000 814.140440550148 4333.735196352300 -5173.780094789120 -6.86928672855814 3.03663458537598 1.46060949229705
2024-05-09T09:32:12.000 -844.020105606748 4896.690958933000 -4639.511717397220 -6.86465402892596 1.62596092918809 2.96463690669873
2024-05-09T09:36:12.000 -2440.960729548630 5104.630742128090 -3767.934894641160 -6.36205800225814 0.09602297022399 4.25440359814577
2024-05-09T09:40:12.000 -3860.701918085750 4942.061170855810 -2622.109850079010 -5.39676208900302 -1.44287826670144 5.23599431705174
2024-05-09T09:44:12.000 -4999.819102697640 4420.289164138910 -1285.172096100050 -4.03761374542216 -2.87899946983774 5.83707202090073
2024-05-09T09:48:12.000 -5775.044373052200 3576.817123316540 145.556087250214 -2.38281969566810 -4.10717597185912 6.01259576719551
2024-05-09T09:52:12.000 -6129.540379690230 2472.773529207050 1565.639260675830 -0.55307539159965 -5.03698270836110 5.74879797280125
2024-05-09T09:56:12.000 -6037.238313894280 1188.490726894220 2871.265779115710 1.31759140761667 -5.59988712671252 5.06462924385291
2024-05-09T10:00:12.000 -5504.805229951960 -182.431308896475 3966.969025044750 3.09215317383075 -5.75454685581342 4.01022136204057
2024-05-09T10:04:12.000 -4571.106121919700 -1540.054177234790 4772.682064716160 4.64101685896538 -5.48976458986198 2.66289896915021
2024-05-09T10:08:12.000 -3304.257183885370 -2785.436793413630 5229.567383448280 5.85146082013740 -4.82493399404186 1.12113029587126
2024-05-09T10:12:12.000 -1796.600804739670 -3827.815895840250 5304.245113793830 6.63549456382853 -3.80837801000485 -0.50268472593366
2024-05-09T10:16:12.000 -157.994911047210 -4591.165580108760 4991.182377546750 6.93600570077169 -2.51383796562455 -2.09028959513988
2024-05-09T10:20:12.000 1492.117976592980 -5019.693573954260 4313.095501362440 6.73070364710464 -1.03520938314420 -3.52587681919868
2024-05-09T10:24:12.000 3033.334788404730 -5081.934720876780 3319.389021477520 6.03400653034192 0.51985760010996 -4.70423762708736
2024-05-09T10:28:12.000 4353.079853477300 -4773.153937000650 2082.646920954280 4.89640295657738 2.03760266992148 -5.53862689168294
2024-05-09T10:32:12.000 5354.932137133660 -4115.815804509750 693.373832307535 3.40124654628265 3.40658263314848 -5.96745975725508
2024-05-09T10:36:12.000 5965.834371320120 -3157.991809274960 -746.685520416392 1.65866297180785 4.52622384754621 -5.95929768963958
2024-05-09T10:40:12.000 6141.549405359600 -1969.790789699990 -2132.148118865680 -0.20290719231565 5.31467699914447 -5.51546183949523
2024-05-09T10:44:12.000 5869.854876108760 -638.068621389628 -3361.872272681020 -2.04685827235568 5.71508527934286 -4.66967878739776
2024-05-09T10:48:12.000 5171.238718876300 740.091388283824 -4346.419422591980 -3.73895238320683 5.69952841338856 -3.48502230435134
2024-05-09T10:52:12.000 4097.125321242680 2064.543158976230 -5014.495975793370 -5.15714417340947 5.27044288906819 -2.04861079189445
2024-05-09T10:56:12.000 2725.911003736440 3239.311337521370 -5317.942229662530 -6.19998174924960 4.45984580534201 -0.46489406770797
2024-05-09T11:00:12.000 1157.189794207940 4179.390694199790 -5234.994706146300 -6.79318966723820 3.32652711831701 1.15188275565208
2024-05-09T11:04:12.000 -495.357062367361 4816.690196606630 -4771.717683407330 -6.89427630351206 1.95186153059055 2.68535807745673
2024-05-09T11:08:12.000 -2111.973241564440 5104.835515227730 -3961.578273062590 -6.49543396739898 0.43444728753303 4.02483571859866
2024-05-09T11:12:12.000 -3575.299214241820 5022.540077156000 -2863.164574419220 -5.62442016752316 -1.11641763595963 5.07289720223371
2024-05-09T11:16:12.000 -4778.802989983110 4575.291501817530 -1556.134633970270 -4.34327636622043 -2.58824490655382 5.75250896210223
2024-05-09T11:20:12.000 -5634.583507817780 3795.141034390810 -135.570609186391 -2.74433827238521 -3.87352294772862 6.01301353303804
2024-05-09T11:24:12.000 -6079.931326391350 2738.544416330610 1294.885135086930 -0.94399417638545 -4.87769663238288 5.83429504072979
2024-05-09T11:28:12.000 -6082.119030918810 1482.331162369180 2630.675601983120 0.92594313368722 -5.52669949189050 5.22895245563594
2024-05-09T11:32:12.000 -5640.884338549270 118.041039255033 3774.121240747200 2.72848657285091 -5.77279544256010 4.24128885144269
2024-05-09T11:36:12.000 -4788.420464230790 -1254.856475623180 4641.642998360690 4.33184997323676 -5.59801078183605 2.94374224260274
2024-05-09T11:40:12.000 -3586.937873297460 -2536.286954938610 5169.881897054140 5.61922368826420 -5.01525392434403 1.43126557685370
2024-05-09T11:44:12.000 -2124.035125150550 -3632.865226127690 5320.258661012240 6.49706755409400 -4.06696270404237 -0.18585786566422
2024-05-09T11:48:12.000 -506.312724125735 -4464.627049487190 5081.722470320640 6.90146854190542 -2.82187799177331 -1.78984990664350
2024-05-09T11:52:12.000 1148.315650050860 -4970.810046673600 4471.565432260200 6.80266556743993 -1.37034138145643 -3.26371642735368
2024-05-09T11:56:12.000 2719.145446908640 -5114.297661673050 3534.222908462610 6.20732103424895 0.18208778385625 -4.49959638464645
2024-05-09T12:00:12.000 4091.456764726820 -4884.415495448500 2338.134363473420 5.15844681720145 1.72193666509971 -5.40658905484249
2024-05-09T12:04:12.000 5164.979617227110 -4297.838677421390 970.806678349730 3.73276843180551 3.13620648591875 -5.91773941157994
2024-05-09T12:08:12.000 5861.383413402470 -3397.444391035280 -467.619236121792 2.03524329743735 4.32095764250603 -5.99546846664766
2024-05-09T12:12:12.000 6130.130823290730 -2249.144250724420 -1871.849712248220 0.19099381329475 5.18944837001626 -5.63468775445324
2024-05-09T12:16:12.000 5952.162906387510 -936.919050489521 -3139.312665717580 -1.66447968005455 5.67877458881228 -4.86296896801588
2024-05-09T12:20:12.000 5341.142009905640 443.494673688775 -4177.752639667520 -3.39578511783657 5.75445606770288 -3.73806722262187
2024-05-09T12:24:12.000 4342.176640838090 1791.721733444280 -4911.916259121030 -4.87785014911665 5.41241157640770 -2.34292717251525
2024-05-09T12:28:12.000 3028.272241097080 3010.024213656500 -5288.834602463580 -6.00455150910296 4.67844431920474 -0.77913295229944
2024-05-09T12:32:12.000 1494.930092764120 4010.230346197370 -5281.436246910440 -6.69556729393548 3.60596511294573 0.84034241587274
2024-05-09T12:36:12.000 -146.705361291412 4719.925592783500 -4890.350795193770 -6.90154224030114 2.27208538515950 2.39894804346973
2024-05-09T12:40:12.000 -1777.691861271780 5087.535038120060 -4143.832440171590 -6.60722947991984 0.77241768860344 3.78430521552753
2024-05-09T12:44:12.000 -3279.679327786530 5086.041810460850 -3095.843347954410 -5.83288075842377 -0.78513870378931 4.89581520493120
2024-05-09T12:48:12.000 -4543.381545307860 4715.071449683510 -1822.340840604270 -4.63343022275564 -2.28775738708552 5.65192691778493
2024-05-09T12:52:12.000 -5476.559895898270 4001.120147434800 -415.927762486355 -3.09525906420609 -3.62574128916883 5.99643505172756
2024-05-09T12:56:12.000 -6010.905800914110 2995.793393112300 1020.841294561030 -1.33016479760190 -4.70088602883759 5.90319311702732
2024-05-09T13:00:12.000 -6107.187809669170 1772.131030803180 2382.992168668780 0.53282036935273 -5.43393494001284 5.37837661842865
2024-05-09T13:04:12.000 -5758.251142052890 419.269518281272 3570.922245123060 2.35717172953272 -5.77091450886596 4.46029009569048
2024-05-09T13:08:12.000 -4989.544240340670 -964.170150009548 4497.793277023810 4.00947166720942 -5.68720347482597 3.21627138167286
2024-05-09T13:12:12.000 -3857.163686738810 -2277.346002289150 5095.897995312680 5.36926372923365 -5.18898134336763 1.73738889496585
2024-05-09T13:16:12.000 -2443.683893788470 -3424.553920344670 5321.563766296650 6.33768147943986 -4.31258383612465 0.13160497513135
2024-05-09T13:20:12.000 -852.107315942462 -4322.161869382980 5158.269316818350 6.84433067486833 -3.12163705387402 -1.48414177080959
2024-05-09T13:24:12.000 801.583932200615 -4904.634837687590 4617.817490676450 6.85205720234369 -1.70245383519991 -2.99211314235373
2024-05-09T13:28:12.000 2396.781236426200 -5129.310092009570 3739.541779438490 6.35977405925456 -0.15821882546457 -4.28202014794964
2024-05-09T13:32:12.000 3817.018150832280 -4979.588795822810 2587.536266175910 5.40293495678506 1.39835217916068 -5.25908294446759
2024-05-09T13:36:12.000 4958.535486640160 -4466.264774651090 1246.052334265230 4.05140638164000 2.85312091374563 -5.85122372725378
2024-05-09T13:40:12.000 5738.007356004930 -3626.828825447670 -186.683280694804 2.40454945371734 4.09918536865752 -6.01484511453724
2024-05-09T13:44:12.000 6098.772019209790 -2522.723050392720 -1605.778302535730 0.58377296411241 5.04517559555742 -5.73838740390175
2024-05-09T13:48:12.000 6015.012801189830 -1234.719276754430 -2907.525947011220 -1.27700618215287 5.62241218459601 -5.04317559139325
2024-05-09T13:52:12.000 5493.507031479360 143.171976418689 -3997.103274754920 -3.04184099146324 5.78987986898710 -3.98135818147281
2024-05-09T13:56:12.000 4572.871722470520 1510.692370193490 -4795.473977833550 -4.58296681879995 5.53673581311611 -2.63142147267245
2024-05-09T14:00:12.000 3320.492140063680 2768.641883488550 -5244.989325682150 -5.78980559957006 4.88249723975313 -1.09195172053677
2024-05-09T14:04:12.000 1827.471228298480 3825.964051148800 -5313.337101799410 -6.57631990051035 3.87500086349151 0.52576428713630
2024-05-09T14:08:12.000 202.066441835011 4606.130279185580 -4995.686797996630 -6.88636444197635 2.58677344702451 2.10526499826245
2024-05-09T14:12:12.000 -1437.967058983660 5052.508269160160 -4314.999178506050 -6.69738120642394 1.11016896000420 3.53274317311412
2024-05-09T14:16:12.000 -2973.676695553650 5132.411073342250 -3320.456758735630 -6.02207734102468 -0.44871483166198 4.70472903594597
2024-05-09T14:20:12.000 -4293.389806748820 4839.565717628880 -2084.098519366680 -4.90817398600285 -1.97713476195914 5.53541456469704
2024-05-09T14:24:12.000 -5300.836413055790 4194.763138733570 -695.766821026640 -3.43563049216564 -3.36367035955341 5.96322345621279
2024-05-09T14:28:12.000 -5922.301062910280 3244.543920057340 743.348083053542 -1.71134008246424 -4.50655153556532 5.95585839158767
2024-05-09T14:32:12.000 -6112.195950864490 2057.906835907250 2128.133721386450 0.13868196584093 -5.32164245644404 5.51318741999303
2024-05-09T14:36:12.000 -5856.516269041220 721.254772936047 3357.345794146730 1.97894777223379 -5.74895974666311 4.66737302466213
2024-05-09T14:40:12.000 -5173.887927454340 -667.981042663988 4341.112048348890 3.67473977748249 -5.75716498526766 3.48040868496694
2024-05-09T14:44:12.000 -4114.146658518770 -2008.538598147460 5007.563845037610 5.10237462899884 -5.34581575491448 2.03931519578895
2024-05-09T14:48:12.000 -2754.575440220870 -3202.730953692610 5308.036568794210 6.15807561739052 -4.54489296538265 0.44924933621288
2024-05-09T14:52:12.000 -1194.254126585010 -4163.507239814340 5220.549572587290 6.76506783478664 -3.41252378483430 -1.17391213225217
2024-05-09T14:56:12.000 453.117267994596 -4820.748144163250 4751.389287194610 6.87900606364086 -2.03083270393468 -2.71189459171115
2024-05-09T15:00:12.000 2067.423281134550 -5126.357736558760 3934.679202699440 6.49110604943357 -0.50016087653983 -4.05235762792862
2024-05-09T15:04:12.000 3530.827441351560 -5057.829293209250 2829.987567560760 5.62912453723544 1.06785189013486 -5.09691058189171
2024-05-09T15:08:12.000 4736.417699893480 -4620.007073165260 1518.072461780510 4.35586173737438 2.55831637487260 -5.76851370645819
2024-05-09T15:12:12.000 5596.158024195520 -3844.840326138140 94.982827174818 2.76486101637972 3.86171250832695 -6.01765591376943
2024-05-09T15:16:12.000 6047.475002307180 -2789.058203957290 -1335.079082133840 0.97340155436073 4.88241318301647 -5.82636898893902
2024-05-09T15:20:12.000 6057.890831617090 -1529.914927859130 -2667.553421789210 -0.88666298086754 5.54610479565252 -5.20962927067218
2024-05-09T15:24:12.000 5627.294768561900 -159.367511288959 -3805.305692302120 -2.67921229489438 5.80531122701672 -4.21386609719123
2024-05-09T15:28:12.000 4787.712900746470 1222.792662910750 -4665.734315757900 -4.27423099915963 5.64252220604243 -2.91288342085699
2024-05-09T15:32:12.000 3600.698456288510 2516.248176359740 -5186.646691630840 -5.55709132801867 5.07076559475531 -1.40184279521119
2024-05-09T15:36:12.000 2152.686439876750 3627.333783706390 -5330.555524525920 -6.43620780103026 4.13204524804927 0.20977358200553
2024-05-09T15:40:12.000 548.719914418686 4475.636634120360 -5087.197135674460 -6.84891025555645 2.89411334743033 1.80590583558750
2024-05-09T15:44:12.000 -1094.996500352840 4999.630641944430 -4474.176410260520 -6.76536653500241 1.44572915044763 3.27163354657115
2024-05-09T15:48:12.000 -2659.281586848210 5161.048045198570 -3535.777243252640 -6.19081783012779 -0.10911168595560 4.50085630339626
2024-05-09T15:52:12.000 -4030.449495802200 4947.719436927520 -2339.930508357890 -5.16563762361603 -1.65814765530347 5.40378402211719
2024-05-09T15:56:12.000 -5108.534320798700 4374.645710992910 -973.484565600785 -3.76323845569039 -3.08859658582049 5.91362608000527
2024-05-09T16:00:12.000 -5814.698713059670 3483.109549751820 464.014880534108 -2.08522947216040 -4.29562390676949 5.99209650647341
2024-05-09T16:04:12.000 -6097.163453590440 2337.790102536060 1867.601852671170 -0.25410034367394 -5.19037449014946 5.63265996292136
2024-05-09T16:08:12.000 -5935.148144040960 1022.059210116530 3134.657204951320 1.59598338719370 -5.70695352615574 4.86132476495197
2024-05-09T16:12:12.000 -5340.433986263460 -368.179316207208 4172.539259818100 3.32957805137119 -5.80746927897878 3.73464153917457
2024-05-09T16:16:12.000 -4356.445392415010 -1731.580064802000 4905.413864289770 4.82010442981551 -5.48470219750153 2.33523020785373
2024-05-09T16:20:12.000 -3054.966866325160 -2968.788254415110 5279.777801912110 5.95919858989640 -4.76230125889701 0.76533116619487
2024-05-09T16:24:12.000 -1530.848607148460 -3989.643519286560 5268.268508458460 6.66410556481065 -3.69272326198221 -0.86073202330133
2024-05-09T16:28:12.000 104.855982032538 -4719.667007309940 4871.622445333160 6.88334659524641 -2.35345361721177 -2.42448844858501
2024-05-09T16:32:12.000 1732.895439072660 -5105.471918601530 4118.669562279700 6.60053702159802 -0.84174753545784 -3.81172318596472
2024-05-09T16:36:12.000 3234.462686807680 -5118.707354261080 3064.305603950970 5.83578259582544 0.73226387575980 -4.92074660885297
2024-05-09T16:40:12.000 4499.873768065100 -4758.226219201920 1785.576720970510 4.64463409900748 2.25337322175589 -5.66983767097914
2024-05-09T16:44:12.000 5436.698260102180 -4050.294506300750 376.083866679559 3.11447831652291 3.60981606290247 -6.00371541849314
2024-05-09T16:48:12.000 5976.679341717180 -3046.709895125500 -1060.955109180800 1.35808407764917 4.70198607135804 -5.89805993646815
2024-05-09T16:52:12.000 6080.813998583150 -1820.929339051120 -2420.425007465480 -0.49515539485412 5.45017944123430 -5.36147932534647
2024-05-09T16:56:12.000 5742.131622686800 -462.521759030951 -3603.159323411950 -2.30944506178697 5.80064204932915 -4.43452753542224
2024-05-09T17:00:12.000 4985.980261551890 929.540487489697 -4523.217428808040 -3.95294283653828 5.72915897520172 -3.18607792066764
2024-05-09T17:04:12.000 3867.906768384060 2254.157908570600 -5114.038503436340 -5.30731869855791 5.24221138669759 -1.70767716298759
2024-05-09T17:08:12.000 2469.413937632430 3415.377008494570 -5333.064968144590 -6.27579286546415 4.37584173608164 -0.10657920783802
2024-05-09T17:12:12.000 892.008951494298 4329.158337358230 -5164.613585169980 -6.78931352247550 3.19267920665334 1.50179189154044
2024-05-09T17:16:12.000 -750.015880210794 4929.269019838980 -4620.905822712470 -6.81098706085855 1.77764470692405 3.00165082867011
2024-05-09T17:20:12.000 -2337.641965956220 5171.970560175720 -3741.210860367530 -6.33856035387495 0.23223612576948 4.28463030476658
2024-05-09T17:24:12.000 -3755.548289204260 5039.223877083790 -2589.176517511950 -5.40505422885816 -1.33208207643116 5.25717691973291
2024-05-09T17:28:12.000 -4900.432602915430 4540.167443716940 -1248.413361006900 -4.07709772123209 -2.80164745081893 5.84755657569487
2024-05-09T17:32:12.000 -5688.618895124440 3710.660006047080 183.456385764106 -2.45069925381311 -4.06885555191896 6.01156599857545
2024-05-09T17:36:12.000 -6062.345109541680 2610.821776632280 1601.913609344910 -0.64446932660635 -5.04048099983475 5.73636031784092
2024-05-09T17:40:12.000 -5994.149178490450 1320.673656144500 2903.266618802660 1.20932753968919 -5.64496643463983 5.04167148253505
2024-05-09T17:44:12.000 -5488.943338351430 -65.755455143582 3992.356882377240 2.97490970333334 -5.83789166509648 3.97840678415147
2024-05-09T17:48:12.000 -4583.615303973690 -1447.385757888080 4789.597005711540 4.52326291613509 -5.60525781341059 2.62454967929958
2024-05-09T17:52:12.000 -3344.233479119390 -2723.525290276380 5236.778502737700 5.74171971218016 -4.96419097083323 1.07912017953921
2024-05-09T17:56:12.000 -1861.141387683590 -3801.182822760950 5301.243055057700 6.54179678526435 -3.96131808205111 -0.54526550748613
2024-05-09T18:00:12.000 -242.393129749322 -4601.771633197770 4978.201014408580 6.86524040132518 -2.66931692519524 -2.13036485150218
2024-05-09T18:04:12.000 1394.024028387530 -5066.778899104010 4291.092119911300 6.68803445074630 -1.18186170277044 -3.56052396034907
2024-05-09T18:08:12.000 2928.705657419310 -5162.077755415670 3289.982738605400 6.02256006270063 0.39271056888884 -4.73089938505470
2024-05-09T18:12:12.000 4249.564274390160 -4880.524340988640 2048.002101134640 4.91707928365170 1.93925290147143 -5.55535229271223
2024-05-09T18:16:12.000 5260.108273740640 -4242.589739651120 656.037941383360 3.45256335155766 3.34422367873902 -5.97302227935135
2024-05-09T18:20:12.000 5886.652059484430 -3294.930957877830 -783.971262470025 1.73688904796682 4.50438928057707 -5.95332876097496
2024-05-09T18:24:12.000 6083.813223987150 -2106.920708572100 -2166.656919786880 -0.10351455792615 5.33492118720497 -5.49843774174700
2024-05-09T18:28:12.000 5837.797552485370 -765.412596763124 -3391.089383096910 -1.93357637820222 5.77588354556409 -4.64287994172739
2024-05-09T18:32:12.000 5167.214661513000 631.785835426001 -4368.223216207410 -3.62005329882549 5.79641020791361 -3.45042382604899
2024-05-09T18:36:12.000 4121.443675162770 1983.137418979240 -5027.307653603990 -5.04130698865345 5.39635852312467 -2.00872599363500
2024-05-09T18:40:12.000 2776.811345322800 3190.709050575510 -5320.829098231570 -6.09565250710272 4.60562005236438 -0.42256950806280
2024-05-09T18:44:12.000 1230.978863708270 4167.106306948440 -5227.733571347740 -6.70794131343701 3.48155363522415 1.19361836593098
2024-05-09T18:48:12.000 -404.031846219996 4841.595345234980 -4754.810611093030 -6.83427317785380 2.10485538430435 2.72351865866048
2024-05-09T18:52:12.000 -2009.730349690440 5165.096270109220 -3936.221808921460 -6.46501355100249 0.57428068545717 4.05665653824731
2024-05-09T18:56:12.000 -3469.549617389590 5113.744321445130 -2831.169211363160 -5.62578800349459 -0.99997472942083 5.09605736800387
2024-05-09T19:00:12.000 -4677.204688910750 4690.763674790710 -1519.802425592470 -4.37628562797929 -2.50368803000805 5.76525025437964
2024-05-09T19:04:12.000 -5544.487874155610 3926.444653513550 -97.542478049975 -2.80661615659095 -3.82694066356320 6.01430927836094
2024-05-09T19:08:12.000 -6007.869824616010 2876.108343075680 1331.833660738930 -1.03108963716478 -4.87242488619565 5.82405958679820
2024-05-09T19:12:12.000 -6033.326183468140 1616.134952416180 2663.851474178540 0.82031283817587 -5.56311762212299 5.20794226302543
2024-05-09T19:16:12.000 -5618.913094319450 238.337244031160 3801.107503739790 2.61195674283741 -5.84825200279355 4.21104304312560
2024-05-09T19:20:12.000 -4794.882071496780 -1156.834382097790 4660.481053688780 4.21288875327264 -5.70703737248652 2.90649392990342
2024-05-09T19:24:12.000 -3621.377698946130 -2467.686574981810 5179.208822751440 5.50645668516940 -5.14991089141596 1.38975466905198
2024-05-09T19:28:12.000 -2183.965246887970 -3598.693840950700 5319.419568259740 6.39871601363117 -4.21747011294256 -0.22853533924434
2024-05-09T19:32:12.000 -587.380392512612 -4467.397556498790 5070.815864684690 6.82477136427976 -2.97734218325062 -1.83056003381115
2024-05-09T19:36:12.000 1052.027276207460 -5010.351427192280 4451.419013360090 6.75330863804845 -1.51941630319864 -3.29954468902932
2024-05-09T19:40:12.000 2614.676049270100 -5187.748409394680 3506.324731470440 6.18891906244153 0.05032212567599 -4.52797360415941
2024-05-09T19:44:12.000 3986.443088130860 -4986.431420552730 2304.533772012820 5.17234293423313 1.61711850468625 -5.42543853099247
2024-05-09T19:48:12.000 5067.100367774100 -4420.989530261980 933.970921125783 3.77796356006329 3.06597666004828 -5.92569171202488
2024-05-09T19:52:12.000 5777.796988696920 -3532.759773295830 -504.993685299161 2.10841905218875 4.29043356963046 -5.99198187724348
2024-05-09T19:56:12.000 6066.945670127970 -2386.769654537330 -1907.033447858550 0.28678491009012 5.20083750620724 -5.62003201424718
2024-05-09T20:00:12.000 5913.993462210840 -1066.835229937160 -3169.737885884640 -1.55309099372789 5.73123368523887 -4.83821068293348
2024-05-09T20:04:12.000 5330.768541300560 330.738507058604 -4201.195729616920 -3.27696455897659 5.84411536685666 -3.70499351312118
2024-05-09T20:08:12.000 4360.345509210570 1704.313038987820 -4926.655355583050 -4.76026698113881 5.53267946371816 -2.30390543400650
2024-05-09T20:12:12.000 3073.654939281260 2954.292521566080 -5293.774332298070 -5.89673630380207 4.82053940165992 -0.73698738301644
2024-05-09T20:16:12.000 1564.223047347390 3990.197026142170 -5276.185907344620 -6.60533713482394 3.75953451890112 0.88260543892515
2024-05-09T20:20:12.000 -58.533611947123 4737.010570074950 -4875.248059171310 -6.83540068702667 2.42594497853812 2.43829162943141
2024-05-09T20:24:12.000 -1677.032953668780 5140.455924118810 -4119.925658869140 -6.56993726556358 0.91536542015108 3.81788219101039
2024-05-09T20:28:12.000 -3173.820317874900 5170.906963957290 -3064.821137362800 -5.82709533639741 -0.66351154216203 4.92115998218203
2024-05-09T20:32:12.000 -4439.980351603860 4825.663580342650 -1786.423341720440 -4.65957831406885 -2.19630935038083 5.66711800039744
2024-05-09T20:36:12.000 -5383.097397563160 4129.343469932020 -377.707365776536 -3.15141901009652 -3.57115902875712 6.00030189127959
2024-05-09T20:40:12.000 -5934.133980839850 3132.271829078160 1058.584228985890 -1.41225721922934 -4.68708189190233 5.89535918781821
2024-05-09T20:44:12.000 -6052.656655018620 1906.903579334820 2417.496423058880 0.43069659006635 -5.46186253444143 5.35938377121889
2024-05-09T20:48:12.000 -5729.905420965750 542.508985429319 3599.659863948950 2.24241503548314 -5.83849748722358 4.43152406135573
2024-05-09T20:52:12.000 -4989.431107269610 -861.437398111185 4518.659780924380 3.89038026076500 -5.78946306224315 3.17985567728858
2024-05-09T20:56:12.000 -3885.289650652130 -2202.596055402770 5107.371654492000 5.25446306079784 -5.31849147415907 1.69601097207580
2024-05-09T21:00:12.000 -2498.006263582300 -3383.231832928860 5322.812243856550 6.23551627240401 -4.45993841027226 0.08829791038501
2024-05-09T21:04:12.000 -928.675112869435 -4317.280940374130 5149.210722701020 6.76225100491816 -3.27610709617603 -1.52619534742730
2024-05-09T21:08:12.000 708.347352708671 -4936.559797480090 4599.127875438250 6.79609611411099 -1.85282367680908 -3.02982751121407
2024-05-09T21:12:12.000 2293.685194713490 -5195.724650929970 3712.597779956030 6.33408155548533 -0.29348945576260 -4.31267486270638
2024-05-09T21:16:12.000 3711.601998279680 -5075.646565183860 2554.310774327680 5.40940862084436 1.28812165882718 -5.28046071951582
2024-05-09T21:20:12.000 4858.502974562110 -4584.942101398320 1208.970601975330 4.08950750631993 2.77600738656540 -5.86178125181417
2024-05-09T21:24:12.000 5650.653402432400 -3759.451816403080 -224.911716272395 2.47145176891064 4.06079316994728 -6.01377934489429
2024-05-09T21:28:12.000 6030.459245480730 -2659.605905454050 -1642.352462015340 0.67457022795923 5.04827651370316 -5.72574692128522
2024-05-09T21:32:12.000 5970.708341529200 -1365.878564112660 -2939.760340526280 -1.16896145686507 5.66670084849622 -5.01987304087399
2024-05-09T21:36:12.000 5476.423099986830 27.282773494940 -4022.628869959690 -2.92443842824137 5.87205271991135 -3.94909377737496
2024-05-09T21:40:12.000 4584.234412556880 1418.491905729170 -4812.408054295600 -4.46476392166891 5.65075525504802 -2.59251853626748
2024-05-09T21:44:12.000 3359.457829308990 2706.812940456000 -5252.063649692430 -5.67938121630735 5.02002065090426 -1.04918294103382
2024-05-09T21:48:12.000 1891.197332767570 3798.968815241760 -5309.989467984890 -6.48165954282540 4.02597955319059 0.56931611963435
2024-05-09T21:52:12.000 285.921038615587 4615.888895217010 -4982.107854920540 -6.81429846272031 2.74020225214837 2.14645977884901
2024-05-09T21:56:12.000 -1340.063351021760 5098.263018073330 -4292.118982111760 -6.65307757207108 1.25487648681113 3.56858020249212
2024-05-09T22:00:12.000 -2868.812565449690 5210.784780984530 -3289.888170632620 -6.00872991242481 -0.32326019187803 4.73256548279693
2024-05-09T22:04:12.000 -4189.155261792680 4944.804526906640 -2048.022942791660 -4.92672966946802 -1.88008741330617 5.55317869131465
2024-05-09T22:08:12.000 -5204.766503387380 4319.155136909060 -656.784589376525 -3.48470824555385 -3.30207045181060 5.96951086805556
2024-05-09T22:12:12.000 -5841.344840065750 3378.992834304740 782.397741357347 -1.78745461452964 -4.48485636551968 5.95011481583570
2024-05-09T22:16:12.000 -6052.222664533870 2192.586504759900 2164.389059187790 0.04099974015367 -5.34142019572357 5.49578418165029
2024-05-09T22:20:12.000 -5821.881056147920 846.329979590326 3388.145440670330 1.86676520737725 -5.80872009973340 4.63959585306023
2024-05-09T22:24:12.000 -5167.106917341200 -561.633685632911 4364.203010096860 3.55623391728930 -5.85250460488259 3.44433941992344
2024-05-09T22:28:12.000 -4135.706204895020 -1928.664043936090 5021.259321340380 4.98613675918339 -5.46972903003948 1.99757785820184
2024-05-09T22:32:12.000 -2802.913918342850 -3155.140673189620 5311.343155197030 6.05251830808603 -4.68838119074949 0.40494894136221
2024-05-09T22:36:12.000 -1265.862959224840 -4151.673173568520 5213.241514460230 6.67789818680213 -3.56518755283708 -1.21752466776938
2024-05-09T22:40:12.000 363.448969248332 -4845.544859694740 4734.016934329590 6.81660497812352 -2.18156083553286 -2.75163643481097
2024-05-09T22:44:12.000 1966.231676294770 -5185.992302708900 3908.525894127820 6.45807559545934 -0.63796150234134 -4.08534980867337
2024-05-09T22:48:12.000 3425.500883223180 -5147.957052965220 2796.974085788530 5.62791945958599 0.95310218143908 -5.12072282026573
2024-05-09T22:52:12.000 4634.660526245480 -4734.048441626740 1480.627021369370 4.38663098389507 2.47501730751882 -5.78141712835675
2024-05-09T22:56:12.000 5505.416822157090 -3974.458853871760 55.848430432461 2.82531137891551 3.81600468504135 -6.01873904491209
2024-05-09T23:00:12.000 5974.372862519520 -2924.774412107850 -1373.033398474880 1.05904066906418 4.87760132635558 -5.81550480114346
2024-05-09T23:04:12.000 6007.754438952150 -1661.821806026900 -2701.538163045900 -0.78209560669069 5.58245301762109 -5.18761911271012
2024-05-09T23:08:12.000 5603.771391422770 -277.853914256590 -3832.825482379270 -2.56337092056283 5.88010570139229 -4.18233082239472
2024-05-09T23:12:12.000 4792.501938958060 1126.343501943330 -4684.764466274220 -4.15557410199849 5.75023538676446 -2.87410359871402
2024-05-09T23:16:12.000 3633.439885895740 2448.831553129660 -5195.777400182400 -5.44422676589138 5.20350856640557 -1.35862458947924
2024-05-09T23:20:12.000 2210.996321544510 3593.827756972480 -5329.089622540970 -6.33729719927219 4.28016495808479 0.25432961696606
2024-05-09T23:24:12.000 628.365787384586 4478.451612233060 -5075.199077494720 -6.77109600450113 3.04681735294242 1.84857748018371
2024-05-09T23:28:12.000 -999.787181553408 5038.532719133800 -4452.479441568890 -6.71427366106625 1.59191468699385 3.30929168460992
2024-05-09T23:32:12.000 -2555.406410967970 5233.179823772910 -3505.925587860410 -6.17013505263975 0.01993026004194 4.53072816533035
2024-05-09T23:36:12.000 -3925.435908714460 5047.810836013450 -2304.074287514490 -5.17690233778431 -1.55561775084637 5.42363658671630
2024-05-09T23:40:12.000 -5010.004761105260 4495.391576807250 -934.223714270581 -3.80568656496497 -3.02006030758625 5.92196257018602
2024-05-09T23:44:12.000 -5729.816031809860 3615.696075637360 503.819344419564 -2.15581218561673 -4.26609336985343 5.98824917060736
2024-05-09T23:48:12.000 -6032.108360173270 2472.544279032040 1905.032207195050 -0.34776811374495 -5.20193906204375 5.61685093692975
2024-05-09T23:52:12.000 -5894.687174312330 1149.161688906850 3166.974007721280 1.48594424078942 -5.75877213717756 4.83479536652646
2024-05-09T23:56:12.000 -5327.553684033400 -258.001421721296 4197.397045738240 3.21120189514072 -5.89583131200737 3.69939846250596
2024-05-10T00:00:12.000 -4372.104800426900 -1646.374889087470 4921.017922260580 4.70211265073693 -5.60316393579227 2.29381494959315
2024-05-10T00:04:12.000 -3098.035833907460 -2914.774093387880 5284.998223457390 5.85016911263387 -4.90216841042198 0.72075466966923
2024-05-10T00:08:12.000 -1598.207314962140 -3970.758631837620 5262.741253181660 6.57196320848553 -3.84382084721384 -0.90516617998195
2024-05-10T00:12:12.000 18.102303083287 -4737.299772251180 4855.773242358940 6.81486416838567 -2.50480976516065 -2.46555174775131
2024-05-10T00:16:12.000 1633.067917585660 -5158.349976750470 4093.666689899460 6.56073702343262 -0.98229423845446 -3.84647640179845
2024-05-10T00:20:12.000 3128.838574209880 -5202.975377438650 3031.979416348120 5.82757338583989 0.61283744456977 -4.94663638290032
2024-05-10T00:24:12.000 4396.157282943910 -4867.730760879040 1748.302995591790 4.66865464482870 2.16378238834853 -5.68492131744631
2024-05-10T00:28:12.000 5342.468626681860 -4177.041304506770 336.604052674246 3.16903725968234 3.55660985921839 -6.00691157432637
2024-05-10T00:32:12.000 5898.828305330770 -3181.438509231980 -1099.748004317480 1.43916209979820 4.68908404441442 -5.88917655701386
2024-05-10T00:36:12.000 6025.021208135780 -1953.798251183730 -2455.691968845160 -0.39354695269029 5.47846829255488 -5.34116079610153
2024-05-10T00:40:12.000 5712.456273752050 -583.844307575654 -3632.319024348820 -2.19474000173176 5.86797068366941 -4.40426462587809
2024-05-10T00:44:12.000 4984.576457918740 828.589991856382 -4544.137292862370 -3.83349161342407 5.83055136440681 -3.14809987875478
2024-05-10T00:48:12.000 3894.871986132510 2180.908971682330 -5125.189776016370 -5.19179747924698 5.37024989776995 -1.66474493430715
2024-05-10T00:52:12.000 2522.791783129650 3375.138034957560 -5333.627704990040 -6.17253977537983 4.52121477139856 -0.06181203363614
2024-05-10T00:56:12.000 967.936834898850 4324.847177324210 -5154.537664197210 -6.70579816863546 3.34488608266187 1.54514299285480
2024-05-10T01:00:12.000 -657.036428621108 4961.202701902730 -4600.911965763960 -6.75326776419147 1.92563809911404 3.04043738987462
2024-05-10T01:04:12.000 -2234.347477798330 5237.837526776850 -3712.748633494580 -6.31085842037137 0.36529926340008 4.31597714876989
2024-05-10T01:08:12.000 -3649.439068338500 5134.252008987830 -2554.321093951630 -5.40945513460458 -1.22361980390142 5.27877802254798
2024-05-10T01:12:12.000 -4799.231069321710 4657.462140575810 -1209.710305204240 -4.11335804151440 -2.72569275022193 5.85781871348158
2024-05-10T01:16:12.000 -5599.711001174460 3841.700670650330 223.176985005296 -2.51627721070917 -4.03097309998576 6.00973187439895
2024-05-10T01:20:12.000 -5992.242522734870 2746.074001144260 1639.747528033950 -0.73464858382039 -5.04348425428497 5.72257102060111
2024-05-10T01:24:12.000 -5948.003845490850 1450.289927770240 2936.450743113930 1.10107680566976 -5.68864237199550 5.01696062033387
2024-05-10T01:28:12.000 -5470.170134266220 48.785013755891 4018.481469883300 2.85645650139791 -5.91909426176115 3.94466303676201
2024-05-10T01:32:12.000 -4593.625332092660 -1356.280032205620 4806.785196092480 4.40335073006209 -5.71815766282724 2.58426815903608
2024-05-10T01:36:12.000 -3382.307390061410 -2662.515805010340 5243.794495872770 5.62920775350636 -5.10054594554107 1.03513457057084
2024-05-10T01:40:12.000 -1924.500195902020 -3774.722690244290 5297.569173117300 6.44488344479272 -4.11109759103349 -0.58982182559136
2024-05-10T01:44:12.000 -326.423206565139 -4611.776946356310 4964.091485445240 6.79094692204435 -2.82155710849135 -2.17223557274536
2024-05-10T01:48:12.000 1295.441363130160 -5112.501217584340 4267.565033900430 6.64180565925092 -1.32542761876691 -3.59665575613413
2024-05-10T01:52:12.000 2822.755027341000 -5240.147357056750 3258.740663770080 6.00775247480736 0.26837487445081 -4.75866205674570
2024-05-10T01:56:12.000 4143.955347472630 -4985.200864018570 2011.315545299660 4.93471498607894 1.84321777797412 -5.57267191072218
2024-05-10T02:00:12.000 5162.517913113680 -4366.196122978270 616.587847491050 3.50133960130626 3.28346535783310 -5.97858676403971
2024-05-10T02:04:12.000 5804.170487314820 -3428.421951172770 -823.297053581084 1.81324707956083 4.48327001442023 -5.94674015472973
2024-05-10T02:08:12.000 6022.426295329330 -2240.544719627290 -2202.985024062830 -0.00516708551606 5.35493009525183 -5.48019998839718
2024-05-10T02:12:12.000 5801.945316925660 -889.423295442671 -3421.766691195360 -1.82043696089820 5.83547749580805 -4.61431349144521
2024-05-10T02:16:12.000 5159.476314708130 526.410550220048 -4391.006696775330 -3.50033384116008 5.89114824649501 -3.41361400016001
2024-05-10T02:20:12.000 4142.363283818780 1904.043864625530 -5040.532609897400 -4.92365441951347 5.51929544297240 -1.96637082165177
2024-05-10T02:24:12.000 2824.866004234820 3143.628602506050 -5323.530312933700 -5.98854941597165 4.74783618281254 -0.37776285851792
2024-05-10T02:28:12.000 1302.689099984610 4155.451645223820 -5219.714235267480 -6.61910904111657 3.63276647544539 1.23759976774648
2024-05-10T02:32:12.000 -313.855584837596 4866.223592437010 -4736.658301967500 -6.77016777398662 2.25416536115220 2.76346447199984
2024-05-10T02:36:12.000 -1907.625997795030 5224.241528684140 -3909.262568517230 -6.43032943827951 0.71086103804218 4.08964754704244
2024-05-10T02:40:12.000 -3362.932032161910 5203.138957403580 -2797.377256162720 -5.62310972316136 -0.88600963412267 5.11965447637581
2024-05-10T02:44:12.000 -4573.838799223110 4803.947369852370 -1481.654858500950 -4.40591363947175 -2.42062322698779 5.77772644561157
2024-05-10T02:48:12.000 -5451.928176940430 4055.223770171710 -57.835270961923 -2.86650959818360 -3.78084399820188 6.01475213573517
2024-05-10T02:52:12.000 -5932.912353741780 3011.145375632440 1370.193503078740 -1.11700365058170 -4.86670222673784 5.81246989086239
2024-05-10T02:56:12.000 -5981.506653796300 1747.619601369270 2698.070319795660 0.71459014500094 -5.59827865147525 5.18524640774914
2024-05-10T03:00:12.000 -5594.080018387530 356.697105084217 3828.710326755990 2.49417798193276 -5.92180090607970 4.17894888004057
2024-05-10T03:04:12.000 -4798.904881359000 -1060.227250476610 4679.484606444910 4.09168528230392 -5.81366341532519 2.86737838415892
2024-05-10T03:08:12.000 -3654.001689538540 -2399.889857339380 5188.263659358770 5.39080051914219 -5.28190898225555 1.34645417927550
2024-05-10T03:12:12.000 -2242.816139286800 -3564.671966755710 5317.882262327560 6.29716734211703 -4.36518715251470 -0.27298819100657
2024-05-10T03:16:12.000 -668.155382607742 -4469.630318558720 5058.783409351890 6.74472317761860 -3.12987947615604 -1.87304216177802
2024-05-10T03:20:12.000 955.214483996843 -5048.649118162660 4429.738387428670 6.70051606564726 -1.66557427466776 -3.33696689058565
2024-05-10T03:24:12.000 2508.867550951880 -5259.279177307010 3476.552614450770 6.16720658428957 -0.07876056222582 -4.55756127193550
2024-05-10T03:28:12.000 3879.333763765380 -5085.929810196440 2268.826802685670 5.18327835791748 1.51457292043562 -5.44499412032006
2024-05-10T03:32:12.000 4966.473176844660 -4541.140322292340 894.931221281797 3.82070738116483 2.99746841721064 -5.93372661997602
2024-05-10T03:36:12.000 5690.952807227340 -3664.748277242060 -544.506507641912 2.17983328297910 4.26088017314239 -5.98786442132006
2024-05-10T03:40:12.000 6000.179709807980 -2520.939281942840 -1944.122525592970 0.38166105580365 5.21230863950876 -5.60407850511668
2024-05-10T03:44:12.000 5872.133715022300 -1193.392015742370 -3201.688898309200 -1.44169025908230 5.78280107748326 -4.81161067975213
2024-05-10T03:48:12.000 5316.823111062760 221.012253910780 -4225.671513357480 -3.15716369143235 5.93192597881614 -3.66968006868003
2024-05-10T03:52:12.000 4375.295488677960 1619.384813550270 -4941.862864994540 -4.64072783404072 5.65024559754766 -2.26245819488504
2024-05-10T03:56:12.000 3116.400188600930 2900.311064593880 -5298.599909687250 -5.78604315013528 4.95929527190962 -0.69245540269874
2024-05-10T04:00:12.000 1631.666305688930 3971.069475708150 -5270.281839221360 -6.51146462117134 3.90947129043744 0.92693843118996
2024-05-10T04:04:12.000 28.725325252247 4754.131911567180 -4859.053827004280 -6.76515038373672 2.57625690630119 2.47918180267598
2024-05-10T04:08:12.000 -1576.282607794300 5192.608856195500 -4094.633547104110 -6.52845670289902 1.05520859677716 3.85234394801463
2024-05-10T04:12:12.000 -3066.898131551340 5254.339384716950 -3032.287773193900 -5.81747319970944 -0.54427971889178 4.94667004171612
2024-05-10T04:16:12.000 -4334.675327664330 4934.352533862880 -1749.035793458700 -4.68261138225282 -2.10635657278008 5.68181278342348
2024-05-10T04:20:12.000 -5287.104939311530 4255.426715576280 -338.205085779177 -3.20553180569588 -3.51705193465616 6.00312645571341
2024-05-10T04:24:12.000 -5854.493030337490 3266.613553404830 1097.312137631580 -1.49358894053900 -4.67279297639858 5.88612763009950
2024-05-10T04:28:12.000 -5995.234216782790 2039.758708444670 2452.626260305010 0.32799608533844 -5.48847413309230 5.33883047039876
2024-05-10T04:32:12.000 -5698.962176015700 664.225107830712 3628.649507436290 2.12580920520505 -5.90416294331921 4.40123451603617
2024-05-10T04:36:12.000 -4987.290123581130 -759.726890380745 4539.430905175120 3.76845969653374 -5.88949870217809 3.14207161190597
2024-05-10T04:40:12.000 -3912.148832222560 -2128.312926610560 5118.443884617420 5.13620780247077 -5.44562483064650 1.65346480864344
2024-05-10T04:44:12.000 -2551.927459490080 -3341.805553002250 5323.405757290720 6.12965904360090 -4.60493783131113 0.04403786992275
2024-05-10T04:48:12.000 -1005.717180548270 -4311.743252210960 5139.285520060510 6.67662282475948 -3.42832145157116 -1.56908131383928
2024-05-10T04:52:12.000 613.821964308505 -4967.292352590980 4579.377238474430 6.73690106653345 -2.00098406930146 -3.06833330758603
2024-05-10T04:56:12.000 2188.564974229410 -5260.429169394670 3684.417994960820 6.30551369098704 -0.42669032585789 -4.34397275467517
2024-05-10T05:00:12.000 3603.522772479290 -5169.535053066660 2519.725101612460 5.41346000904533 1.17960633440348 -5.30220120494308
2024-05-10T05:04:12.000 4755.301708961020 -4701.100105511800 1170.490114174940 4.12585464377413 2.70007471719789 -5.87228710936417
2024-05-10T05:08:12.000 5559.806159556370 -3889.349683083870 -264.474175209249 2.53742824615297 4.02290664471197 -6.01223128638692
2024-05-10T05:12:12.000 5958.539892652500 -2793.735445785960 -1680.101177149390 0.76535138061948 5.05110190630402 -5.71227293001847
2024-05-10T05:16:12.000 5922.903555483750 -1494.445046466380 -2972.933699508870 -1.06001873000925 5.70993388808773 -4.99545341885898
2024-05-10T05:20:12.000 5456.159394232200 -86.355325864669 -4048.798309093370 -2.80527304683168 5.95244269083583 -3.91550227509598
2024-05-10T05:24:12.000 4592.939182459140 1328.035649803900 -4829.654222350540 -4.34398692444770 5.76236022419833 -2.55220717918296
2024-05-10T05:28:12.000 3396.468714523770 2646.089980420160 -5259.118233795750 -5.56568985191942 5.15467500430411 -1.00508627499207
2024-05-10T05:32:12.000 1953.821676082950 3772.364801132770 -5306.331055292050 -6.38319218157262 4.17392941831373 0.61393793265611
2024-05-10T05:36:12.000 369.625540427871 4625.328833973400 -4968.009363800320 -6.73817325803387 2.89080571372414 2.18830169380560
2024-05-10T05:40:12.000 -1241.345570749400 5143.078161253230 -4268.621112188190 -6.60486324551039 1.39728142503480 3.60459083800994
2024-05-10T05:44:12.000 -2762.250858447680 5287.752574780850 -3258.713934584980 -5.99198972393903 -0.19936038034193 4.76013197824502
2024-05-10T05:48:12.000 -4082.505405178230 5048.369180381010 -2011.455391386960 -4.94275572191519 -1.78369753104640 5.57027443727565
2024-05-10T05:52:12.000 -5105.816245576790 4441.825411294310 -617.505363986251 -3.53247290963719 -3.24023007501061 5.97488139631087
2024-05-10T05:56:12.000 -5757.347650241410 3511.874084254680 821.516127088414 -1.86353931712417 -4.46213625864781 5.94342041064260
2024-05-10T06:00:12.000 -5989.347796695980 2326.027055274000 2200.495205997710 -0.05786312693781 -5.35950821616998 5.47753295315708
2024-05-10T06:04:12.000 -5784.762774354880 970.632845391233 3418.612101821290 1.75229418249047 -5.86632090052881 4.61114804889385
2024-05-10T06:08:12.000 -5158.509284066010 -455.511215187886 4386.826287332320 3.43449917745242 -5.94549424964011 3.40783716140706
2024-05-10T06:12:12.000 -4156.298461911650 -1848.457992126740 5034.419089989040 4.86613414273229 -5.59139244980045 1.95568759148761
2024-05-10T06:16:12.000 -2851.209795260930 -3106.703708156650 5314.097148789120 5.94307908187217 -4.82983592983965 0.36064674438955
2024-05-10T06:20:12.000 -1338.340628735800 -4138.537083346700 5205.390386846590 6.58707290413038 -3.71609864138135 -1.26107393184167
2024-05-10T06:24:12.000 272.092812477775 -4868.652076914970 4716.112397103700 6.75107227788609 -2.33079753503526 -2.79136650123701
2024-05-10T06:28:12.000 1862.675183164450 -5243.603896497470 3881.834412519710 6.42254341244649 -0.77448306708134 -4.11839049710003
2024-05-10T06:32:12.000 3317.286981146570 -5235.794526100440 2763.406452391330 5.62485870952320 0.83928454302295 -5.14463327248473
2024-05-10T06:36:12.000 4529.642320731230 -4845.625264630980 1442.603900378920 4.41614273683357 2.39221189128632 -5.79438670721360
2024-05-10T06:40:12.000 5411.192432570730 -4101.566746974100 16.141015665678 2.88520400471477 3.77014948901988 -6.01970757694720
2024-05-10T06:44:12.000 5897.755579707890 -3058.103009608170 -1411.517587012590 1.14497006777516 4.87192183247456 -5.80440925858747
2024-05-10T06:48:12.000 5954.271677416710 -1791.629910590740 -2735.983540556270 -0.67642203553790 5.61727525174102 -5.16526149300915
2024-05-10T06:52:12.000 5577.259578461270 -394.681460642499 -3860.706081282540 -2.44564851079660 5.95277161108938 -4.15031500654796
2024-05-10T06:56:12.000 4794.844195432900 1030.984453213760 -4704.031751034950 -4.03430996839620 5.85537304567524 -2.83477959119157
2024-05-10T07:00:12.000 3664.433240060750 2381.851681801220 -5205.011629894200 -5.32817535506473 5.33341541636133 -1.31485620412487
2024-05-10T07:04:12.000 2268.372670524240 3560.065467765630 -5327.603719124510 -6.23481143106637 4.42538232860504 0.29934910977809
2024-05-10T07:08:12.000 707.963096466285 4480.334332609310 -5063.090332792490 -6.68952834375902 3.19684407011488 1.89153235164191
2024-05-10T07:12:12.000 -903.733442674976 5075.916419111350 -4430.629774595430 -6.65954952185774 1.73594024473530 3.34701017444637
2024-05-10T07:16:12.000 -2449.866502037120 5303.360030352480 -3475.931825456490 -6.14630356217314 0.14754131615595 4.56046883469810
2024-05-10T07:20:12.000 -3818.085844861460 5145.701593867250 -2268.120752357620 -5.18574505630825 -1.45372436723994 5.44326049305800
2024-05-10T07:24:12.000 -4908.658460287110 4613.883499018740 -894.926992192102 -3.84657250336216 -2.95132842432069 5.93001815088842
2024-05-10T07:28:12.000 -5641.859271597940 3746.179966527810 543.587952958379 -2.22585084172316 -4.23550014369444 5.98410621185479
2024-05-10T07:32:12.000 -5963.977285829370 2605.534996847750 1942.370352943630 -0.44192473206698 -5.21178628991670 5.60086637308163
2024-05-10T07:36:12.000 -5851.372042081610 1274.974237700550 3199.161047088200 1.37456607697512 -5.80837333973689 4.80811173148361
2024-05-10T07:40:12.000 -5312.235321433230 -148.526528816625 4222.084375258650 3.09069758168840 -5.98154093002637 3.66397890166926
2024-05-10T07:44:12.000 -4385.926404512890 -1561.203228308580 4936.415964906720 4.58127665607931 -5.71874930091320 2.25230543416876
2024-05-10T07:48:12.000 -3140.006281630530 -2860.108683455400 5290.002528606010 5.73788024352300 -5.03924962869154 0.67616648250866
2024-05-10T07:52:12.000 -1665.267958964300 -3950.583005680140 5256.990586446890 6.47644816360944 -3.99238958572619 -0.94966144457624
2024-05-10T07:56:12.000 -69.154846019404 -4753.076087547870 4839.678085075860 6.74311274883388 -2.65399786986520 -2.50673785426986
2024-05-10T08:00:12.000 1531.988629484150 -5208.904193263180 4068.386946432890 6.51800698535041 -1.12113234250971 -3.88135831716250
2024-05-10T08:04:12.000 3021.318933305890 -5284.578264334480 2999.346216855630 5.81695937794168 0.49452798745555 -4.97266047569680
2024-05-10T08:08:12.000 4290.038927339620 -4974.377421516060 1710.683087401380 4.69085712430824 2.07467400549614 -5.70019617768167
2024-05-10T08:12:12.000 5245.467437200890 -4300.895740563630 296.732494962879 3.22232733093263 3.50318377986884 -6.01027081726703
2024-05-10T08:16:12.000 5817.976568022180 -3313.428635256310 -1138.954420983820 1.51963468129001 4.67510753936577 -5.88030778624671
2024-05-10T08:20:12.000 5966.177261697820 -2084.285695922300 -2491.359790037660 -0.29174728053242 5.50487890878307 -5.32072238998191
2024-05-10T08:24:12.000 5679.872541197240 -703.319031187259 -3661.834521087180 -2.07904194387836 5.93275562301348 -4.37374837688155
2024-05-10T08:28:12.000 4980.593480125410 728.815333342275 -4565.334613081490 -3.71230136288090 5.92891898847942 -3.10971832574127
2024-05-10T08:32:12.000 3919.755489968180 2108.072117909910 -5136.506394353410 -5.07389890634981 5.49498759951839 -1.62129011816910
2024-05-10T08:36:12.000 2574.714978296930 3334.506589486780 -5334.217709878930 -6.06647336658459 4.66320872141084 -0.01642228978405
2024-05-10T08:40:12.000 1043.118843082870 4319.336991431290 -5144.330502957260 -6.61920805207643 3.49378056909034 1.58918424169234
2024-05-10T08:44:12.000 -564.047487295495 4991.174684974700 -4580.620779791310 -6.69236410153576 2.07063202761221 3.07990981389403
2024-05-10T08:48:12.000 -2130.286042366230 5301.083545532310 -3683.828664290560 -6.28006182178105 0.49590607543204 4.34796823090770
2024-05-10T08:52:12.000 -3541.851023894400 5226.153252967480 -2518.859448378290 -5.41104525520944 -1.11689784635698 5.30096837931595
2024-05-10T08:56:12.000 -4695.924283786580 4771.308237293670 -1170.269576273270 -4.14722613762332 -2.65066749455256 5.86857671810654
2024-05-10T09:00:12.000 -5508.180536351640 3969.173223198700 263.733774235452 -2.57994020133726 -3.99313500103796 6.00819949848524
2024-05-10T09:04:12.000 -5919.125938404380 2877.867079697590 1678.455052912830 -0.82351213033413 -5.04552745655370 5.70878602148106
2024-05-10T09:08:12.000 -5898.612946958320 1576.795304171300 2970.473707920860 0.99342996736712 -5.73039332263346 4.99194626039262
2024-05-10T09:12:12.000 -5448.097828772780 160.780943925287 4045.327966812990 2.73784013497139 -5.99751343549577 3.91023663525777
2024-05-10T09:16:12.000 -4600.479061065490 -1266.953899889690 4824.485919038060 4.28238780426537 -5.82749012167584 2.54295229129169
2024-05-10T09:20:12.000 -3417.592912257550 -2602.358789333630 5251.054943042040 5.51468599508576 -5.23280470261014 0.98998992769714
2024-05-10T09:24:12.000 -1985.653730569300 -3748.111104823350 5293.868062008790 6.34516509209802 -4.25668185189125 -0.63546359679989
2024-05-10T09:28:12.000 -408.987728606975 -4620.650848258960 4949.707677673380 6.71333265467910 -2.96987452793783 -2.21507584303178
2024-05-10T09:32:12.000 1197.487704896250 -5156.215679922190 4243.552486034410 6.59196981063744 -1.46567555464393 -3.63356059541310
2024-05-10T09:36:12.000 2716.563388128730 -5315.519388432510 3226.857465213480 5.98936428730892 0.14642876606855 -4.78694113929211
2024-05-10T09:40:12.000 4037.287027229050 -5086.734348822640 1973.895239186560 4.94915775580407 1.74849045253697 -5.59025529560917
2024-05-10T09:44:12.000 5063.174837206540 -4486.482698690640 576.365229495150 3.54756150747770 3.22287902857128 -5.98421460088710
2024-05-10T09:48:12.000 5719.415838347590 -3558.681365300830 -863.382651490066 1.88785076562674 4.46125200023425 -5.93996950995629
2024-05-10T09:52:12.000 5958.457590970930 -2371.275740342590 -2239.996867331140 0.09238645956374 5.37302992228030 -5.46151747893210
2024-05-10T09:56:12.000 5763.446632142950 -1011.104698134620 -3452.998738087150 -1.70704368140597 5.89232638301522 -4.58513690130814
2024-05-10T10:00:12.000 5149.269607204370 422.633491837503 -4414.186328711340 -3.37941149289125 5.98258341516342 -3.37609556511641
2024-05-10T10:04:12.000 4161.199262675770 1825.713354666540 -5053.974192950160 -4.80403446461878 5.63861306983683 -1.92323387845151
2024-05-10T10:08:12.000 2871.377948716790 3096.425567353310 -5326.253344555120 -5.87894525988753 4.88632499511821 -0.33211504437024
2024-05-10T10:12:12.000 1373.496601924810 4142.784856110560 -5211.505837009550 -6.52747863942801 3.78031183105406 1.28250016893810
2024-05-10T10:16:12.000 -223.890855811129 4888.978025345340 -4718.089780566680 -6.70312094701401 2.39998933049162 2.80437167425997
2024-05-10T10:20:12.000 -1805.022102655470 5280.719099075600 -3881.657046298170 -6.39268403422559 0.84434925605147 4.12358627184412
2024-05-10T10:24:12.000 -3255.115583500690 5289.189699933160 -2762.718927946200 -5.61758641607952 -0.77455991719728 5.14412333776431
2024-05-10T10:28:12.000 -4468.618825623370 4913.267532124500 -1442.448709290390 -4.43294337086056 -2.33935703520212 5.79092464372676
2024-05-10T10:32:12.000 -5356.924555438550 4179.801020450980 -16.920746622394 -2.92408162669443 -3.73575679972712 6.01568801806471
2024-05-10T10:36:12.000 -5854.985720184800 3141.843748725140 1409.833602103660 -1.20086204842784 -4.86108191796017 5.80095803198813
2024-05-10T10:40:12.000 -5926.266923361240 1874.871014517580 2733.519025884270 0.61053752296617 -5.63243076599472 5.16203792939702
2024-05-10T10:44:12.000 -5565.494390083610 471.208346667240 3857.344688204950 2.37746471664839 -5.99315466508712 4.14571664864468
2024-05-10T10:48:12.000 -4799.009165420530 -966.803030306736 4699.176876402820 3.97077261064533 -5.91695005276404 2.82655124309069
2024-05-10T10:52:12.000 -3682.751864364270 -2334.347356738780 5197.540216558260 5.27444388551995 -5.40954093844634 1.30101526958409
2024-05-10T10:56:12.000 -2298.099376446290 -3531.763525632250 5316.032201319880 6.19375585356588 -4.50784396978743 -0.31969116800871
2024-05-10T11:00:12.000 -745.941006338531 -4471.732243569840 5045.923179456040 6.66176624184178 -3.27720075936962 -1.91751528113553
2024-05-10T11:04:12.000 860.600190008122 -5085.596414082230 4406.803733328680 6.64409760832986 -1.80685403596853 -3.37592892316898
2024-05-10T11:08:12.000 2404.332788602620 -5328.371238017990 3445.220482555150 6.14146539612196 -0.20372061169024 -4.58814575339019
2024-05-10T11:12:12.000 3772.518685534250 -5182.130481413830 2231.392402661350 5.19014344213453 1.41500810208506 -5.46495349164397
2024-05-10T11:16:12.000 4865.195785885540 -4657.440371640610 854.133923837285 3.85971021261510 2.93056389720745 -5.94162044809973
2024-05-10T11:20:12.000 5602.632905718250 -3792.670421897870 -585.684107447941 2.24814518511708 4.23152602715782 -5.98311982557049
2024-05-10T11:24:12.000 5931.291319473720 -2651.163989476220 -1982.671595060090 0.47428994952680 5.22257764814834 -5.58705899679365
2024-05-10T11:28:12.000 5827.737543404920 -1316.450826692640 -3234.801060022390 -1.33145818569555 5.83187840007231 -4.78361452547707
2024-05-10T11:32:12.000 5300.202977863010 114.058879307774 -4250.952273207750 -3.03734644440642 6.01624828694140 -3.63282482301700
2024-05-10T11:36:12.000 4387.706659984540 1536.313290182520 -4957.501516696790 -4.52011360813645 5.76372861542845 -2.21944678583465
2024-05-10T11:40:12.000 3156.964255595990 2847.165640506750 -5303.479931931100 -5.67348970937222 5.09366485570622 -0.64634601323695
2024-05-10T11:44:12.000 1697.445623061290 3951.708081605900 -5264.051441957190 -6.41517342319882 4.05490964823708 0.97286216801832
2024-05-10T11:48:12.000 114.948866999693 4769.944290670020 -4842.153071330280 -6.69210565358433 2.72213136314351 2.52164464203335
2024-05-10T11:52:12.000 -1475.862101680620 5242.412505175610 -4068.268670865730 -6.48390901807905 1.19086406929728 3.88825917366978
2024-05-10T11:56:12.000 -2959.551646690450 5334.473180117520 -2998.359370444540 -5.80465421242028 -0.42873445220231 4.97339660113741
2024-05-10T12:00:12.000 -4228.174678214110 5038.941987361900 -1710.001917744240 -4.70243790530561 -2.01934878736862 5.69735961569975
2024-05-10T12:04:12.000 -5189.163792961910 4376.815565494640 -296.909285957951 -3.25660912331406 -3.46492778316566 6.00630962586259
2024-05-10T12:08:12.000 -5772.211664563820 3395.913038161710 1137.853264428300 -1.57220524736897 -4.65940325586593 5.87668312691675
2024-05-10T12:12:12.000 -5934.567892947340 2167.498782504380 2489.438880232760 0.22758945233327 -5.51477139842752 5.31738584601785
2024-05-10T12:16:12.000 -5664.289392382540 781.059754244578 3659.018444096820 2.01092736241196 -5.96817606457242 4.36930315270530
2024-05-10T12:20:12.000 -4981.098340373520 -662.331435411354 4561.101599137900 3.64744042084990 -5.98647457835312 3.10196604271557
2024-05-10T12:24:12.000 -3934.860738181890 -2057.455790962640 5129.799967068910 5.01783443068967 -5.56843778839037 1.60814641833363
2024-05-10T12:28:12.000 -2601.867474930190 -3302.636959213710 5323.590893712120 6.02250088896144 -4.74457846747756 -0.00315631282294
2024-05-10T12:32:12.000 -1079.245445183840 -4307.101101577540 5128.269904324830 6.58840805259566 -3.57465089780872 -1.61463980530818
2024-05-10T12:36:12.000 522.054462386864 -4997.512706369010 4557.969385978490 6.67406346179911 -2.14341626408914 -3.10882927353919
2024-05-10T12:40:12.000 2085.250008928220 -5323.327162819360 3654.203484683260 6.27272381617058 -0.55491032632147 -4.37641299970819
2024-05-10T12:44:12.000 3496.216117900230 -5260.553506144010 2482.937088689340 5.41320618554996 1.07492342467173 -5.32420467939444
2024-05-10T12:48:12.000 4651.874688739800 -4813.634194742920 1129.840722901400 4.15825449345925 2.62656093761400 -5.88227082917737
2024-05-10T12:52:12.000 5467.866725772960 -4015.223768735090 -306.000474475130 2.60017257829358 3.98593773780789 -6.00951943078284
2024-05-10T12:56:12.000 5884.865348429140 -2923.800659593300 -1719.468169813510 0.85389125692896 5.05335493775361 -5.69711773260793
2024-05-10T13:00:12.000 5872.945863081610 -1619.249995077010 -3007.281333063300 -0.95213182242048 5.75124968605553 -4.96904854672172
2024-05-10T13:04:12.000 5433.637787486450 -196.830428008658 -4075.651190181510 -2.68592946243002 6.02981244806420 -3.87984463158051
2024-05-10T13:08:12.000 4599.565557840810 1239.917818224890 -4847.100281954890 -4.22192493150912 5.87016921945538 -2.50996325011359
2024-05-10T13:12:12.000 3431.817182148270 2586.739681876180 -5265.942318507680 -5.44988526951222 5.28514126262191 -0.95934343751156
2024-05-10T13:16:12.000 2015.351263031040 3746.110427262200 -5302.076923096910 -6.28216036176807 4.31757238448439 0.65997363010537
2024-05-10T13:20:12.000 452.879645252234 4634.084771310120 -4952.996565949880 -6.65927021985162 3.03712554158309 2.23138670976206
2024-05-10T13:24:12.000 -1142.400274679500 5186.198757947450 -4243.933351247390 -6.55379843433908 1.53557255315029 3.64163778781696
2024-05-10T13:28:12.000 -2654.781340841350 5362.077281637760 -3226.137217018000 -5.97244937277991 -0.07920882846633 4.78841804926538
2024-05-10T13:32:12.000 -3974.295509668420 5148.461829376780 -1973.358243770000 -4.95617164809624 -1.69042904646220 5.58770649575446
2024-05-10T13:36:12.000 -5004.709428654220 4560.371808058070 -576.663235988982 -3.57788175104514 -3.18066124841624 5.98017893492264
2024-05-10T13:40:12.000 -5670.669974109350 3640.213933590690 862.121571958249 -1.93764722681618 -4.44058726906587 5.93616156553430
2024-05-10T13:44:12.000 -5923.382731993670 2454.790073492870 2237.896346628660 -0.15530459002172 -5.37755718174924 5.45825142731882
2024-05-10T13:48:12.000 -5744.286579704880 1090.413903978640 3450.072753936110 1.63863538907959 -5.92265894417155 4.58121970163618
2024-05-10T13:52:12.000 -5146.439695154670 -353.457842437689 4410.031298870670 3.31287059730895 -6.03598158633333 3.36938959893870
2024-05-10T13:56:12.000 -4173.495691200180 -1771.581029968780 5047.650143961660 4.74536076798325 -5.70941784100598 1.91153028298222
2024-05-10T14:00:12.000 -2896.406416232870 -3060.609524951000 5316.367827311520 5.83194987906756 -4.96675701280846 0.31403133568025
2024-05-10T14:04:12.000 -1408.233870886290 -4126.577790279230 5196.521006588770 6.49364013764928 -3.86189599886688 -1.30671122373848
2024-05-10T14:08:12.000 182.591591152595 -4891.694712367520 4696.750225804670 6.68210414217113 -2.47491317136264 -2.83262335894280
2024-05-10T14:12:12.000 1760.083027326460 -5299.985372907780 3853.408574538530 6.38310206449195 -0.90650821072912 -4.15219339158643
2024-05-10T14:16:12.000 3209.093835540210 -5321.441096274390 2728.016041841000 5.61792368387609 0.72893007010985 -5.16851335626032
2024-05-10T14:20:12.000 4423.768934079080 -4954.333653669790 1402.856405522330 4.44230949390335 2.31155398208973 -5.80659795774974
2024-05-10T14:24:12.000 5315.414440166170 -4225.458231321550 -25.044414193107 2.94266025735083 3.72506213435106 -6.01941905183466
2024-05-10T14:28:12.000 5819.127931750300 -3188.187252895390 -1451.133662634840 1.22955873788853 4.86572318122188 -5.79171202712076
2024-05-10T14:32:12.000 5898.600972039820 -1918.460984891740 -2771.153463473230 -0.57087100167633 5.65041530837234 -5.14114908009965
2024-05-10T14:36:12.000 5548.678973178180 -509.050543306199 -3888.896840183370 -2.32683745319919 6.02285310448948 -4.11663676279956
2024-05-10T14:40:12.000 4795.503353995260 937.386421891839 -4723.235394995120 -3.91095525105874 5.95733175048898 -2.79402440616757
2024-05-10T14:44:12.000 3694.337075929240 2315.830187955910 -5213.877073526640 -5.20932496874529 5.45986039562477 -1.26998346268734
2024-05-10T14:48:12.000 2325.380763510670 3526.425019530640 -5325.527703804530 -6.12918627131358 4.56713738374608 0.34511141103114
2024-05-10T14:52:12.000 787.946165235049 4481.528340476840 -5050.245693604420 -6.60486623223094 3.34359591554872 1.93498683574563
2024-05-10T14:56:12.000 -806.578181452821 5111.854904452910 -4407.940887161480 -6.60197544531956 1.87694604525925 3.38509844702075
2024-05-10T15:00:12.000 -2342.578912680070 5371.407735220900 -3445.025807336050 -6.11994481177016 0.27246949011669 4.59043134360578
2024-05-10T15:04:12.000 -3708.429253100320 5240.874977564050 -2231.231683772290 -5.19248717442287 -1.35398064691418 5.46283381121806
2024-05-10T15:08:12.000 -4804.573152779950 4729.227796063540 -854.743231236949 -3.88598321781017 -2.88400938588686 5.93773370491143
2024-05-10T15:12:12.000 -5550.891161538880 3873.271180774780 584.136327884592 -2.29507864114723 -4.20553163349895 5.97940848765506
2024-05-10T15:16:12.000 -5892.714312924970 2735.089410401690 1980.324613870190 -0.53589769164994 -5.22135054666893 5.58407107373626
2024-05-10T15:20:12.000 -5804.961751831810 1397.533777898920 3231.743467689720 1.26269895497753 -5.85673461209815 4.78041201049273
2024-05-10T15:24:12.000 -5294.017892122450 -41.900512111531 4246.901501214130 2.96904825284432 -6.06514232741817 3.62735131605216
2024-05-10T15:28:12.000 -4397.206242991470 -1478.282472390460 4951.634157206430 4.45861655359069 -5.83148949537554 2.20943979408828
2024-05-10T15:32:12.000 -3179.948933795510 -2806.940773535400 5294.494719301810 5.62314538703948 -5.17293373660715 0.63019428462339
2024-05-10T15:36:12.000 -1730.949160667500 -3931.045927208630 5250.411193047090 6.37800395020609 -4.13723766120504 -0.99538378231523
2024-05-10T15:40:12.000 -155.778715844929 -4768.585685601610 4822.494439744260 6.66809170399635 -2.79942071744752 -2.54883062520324
2024-05-10T15:44:12.000 1430.735773915240 -5258.326728032520 4041.854786904020 6.47187358971078 -1.25659879378992 -3.91669096151601
2024-05-10T15:48:12.000 2912.823691849670 -5364.323056153990 2965.410113035280 5.80311572309486 0.37885111198927 -4.99865068613917
2024-05-10T15:52:12.000 4182.226088375640 -5078.649310981280 1671.829283814310 4.71036304046810 1.98720676739081 -5.71493108141284
2024-05-10T15:56:12.000 5146.225791353480 -4422.115978410930 255.809750188264 3.27382148792370 3.45027439203560 -6.01267592223345
2024-05-10T16:00:12.000 5734.582838304460 -3442.788264053700 -1178.952428091720 1.59940061068748 4.66060204686141 -5.87025045659771
2024-05-10T16:04:12.000 5904.758576290320 -2212.385582472920 -2527.518554555130 -0.18950704040956 5.52981753802619 -5.29899363364112
2024-05-10T16:08:12.000 5644.955076494820 -820.853176934923 -3691.534590106930 -1.96179746444249 5.99532685487869 -4.34199269626072
2024-05-10T16:12:12.000 4974.762624092060 630.384489638679 -4586.438746267540 -3.58864730123201 6.02456971967686 -3.07028018525636
2024-05-10T16:16:12.000 3943.466704539760 2035.893248882500 -5147.505126105400 -4.95287907449228 5.61677008323981 -1.57702423534986
2024-05-10T16:20:12.000 2626.264564621890 3293.821899470070 -5334.328551716290 -5.95692962678013 4.80227340035157 0.02950150034215
2024-05-10T16:24:12.000 1118.771208646120 4313.096141769020 -5133.549298381710 -6.52912291434593 3.63999676920548 1.63348078469883
2024-05-10T16:28:12.000 -469.784435229865 5019.819624661770 -4559.720187087760 -6.62830587175759 2.21334372639857 3.11944713594298
2024-05-10T16:32:12.000 -2024.253363859870 5362.503721944340 -3654.294668932920 -6.24662070737438 0.62464059384261 4.37993327629355
2024-05-10T16:36:12.000 -3431.725606785230 5315.836892975150 -2482.808955657340 -5.41058358984622 -1.01154326033990 5.32295647494460
2024-05-10T16:40:12.000 -4589.673672342260 4882.686279055500 -1130.318569735780 -4.17978638490230 -2.57633315314316 5.87888362982086
2024-05-10T16:44:12.000 -5413.499188153130 4094.109225052550 304.667663156834 -2.64322362359964 -3.95517068106463 6.00603930346649
2024-05-10T16:48:12.000 -5842.883759898390 3007.242713265390 1717.384088888510 -0.91294485334893 -5.04672526452767 5.69433681186473
2024-05-10T16:52:12.000 -5846.336536611240 1701.164020699400 3004.553538902940 0.88437235220587 -5.77065933956311 4.96622881642946
2024-05-10T16:56:12.000 -5423.567071471000 271.069434522951 4072.061674127300 2.61709215083690 -6.07385611710698 3.87510555722383
2024-05-10T17:00:12.000 -4605.464551043460 -1178.779720289450 4841.909359085920 4.15865654328196 -5.93430762452601 2.50098475096757
2024-05-10T17:04:12.000 -3451.733899658440 -2542.721206532710 5257.894909099490 5.39694135473365 -5.36234773533590 0.94431007185062
2024-05-10T17:08:12.000 -2046.465858094830 -3721.365158839210 5289.632993976090 6.24201896350983 -4.39956422445140 -0.68151401676315
2024-05-10T17:12:12.000 -492.032864719693 -4628.759533236960 4934.711036459600 6.63233749441721 -3.11566184903109 -2.25815428702428
2024-05-10T17:16:12.000 1098.270139748880 -5198.594244434190 4218.893635996360 6.53901696921876 -1.60372557271892 -3.67049948026270
2024-05-10T17:20:12.000 2608.413833979320 -5389.088099911740 3194.349775767570 5.96835423689545 0.02615134441723 -4.81500850801877
2024-05-10T17:24:12.000 3928.111284124610 -5186.139939498970 1935.927588411080 4.96167165347501 1.65478351943389 -5.60740751111581
2024-05-10T17:28:12.000 4960.961177673470 -4604.482703359200 535.726327115986 3.59271571906540 3.16257789457692 -5.98918706942914
2024-05-10T17:32:12.000 5631.650948518970 -3686.681137050370 -903.711241973541 1.96236153257207 4.43872733013627 -5.93243501827198
2024-05-10T17:36:12.000 5891.571680769970 -2499.959712024820 -2277.066564825060 0.19080020465877 5.38988143820192 -5.44207070427049
2024-05-10T17:40:12.000 5722.342306392000 -1131.116882202970 -3484.110246826500 -1.59193024730018 5.94729201142464 -4.55524096789363
2024-05-10T17:44:12.000 5136.963764130600 320.010137474207 -4437.082823535300 -3.25600916654782 6.07163992031012 -3.33795454698145
2024-05-10T17:48:12.000 4178.603587997740 1747.929309314380 -5066.999113387590 -4.68137323476175 5.75528348155772 -1.87960473380824
2024-05-10T17:52:12.000 2917.232951181840 3049.121547621160 -5328.458289488220 -5.76596453734940 5.02210329555350 -0.28612034040213
2024-05-10T17:56:12.000 1444.473065546610 4129.381777818800 -5202.716640338180 -6.43238911443755 3.92531288384667 1.32757540436788
2024-05-10T18:00:12.000 -132.943884601183 4910.426873393760 -4698.918159616720 -6.63279817998204 2.54364881603370 2.84529145731484
2024-05-10T18:04:12.000 -1700.700652169550 5335.433343600430 -3853.463388995450 -6.35223464570304 0.97619823276791 4.15739556680852
2024-05-10T18:08:12.000 -3144.985180209340 5373.149917691370 -2727.516583886430 -5.60991117374889 -0.66418993207012 5.16835212415554
2024-05-10T18:12:12.000 -4360.653281320400 5020.315108228020 -1402.774617593210 -4.45854592649038 -2.25849894786780 5.80371006835356
2024-05-10T18:16:12.000 -5258.939056731110 4302.108986181480 24.335357312953 -2.98115807024202 -3.69020602806754 6.01600120333256
2024-05-10T18:20:12.000 -5774.091046538580 3270.493315824120 1449.658090799490 -1.28534952168754 -4.85410839428157 5.78879036316848
2024-05-10T18:24:12.000 -5868.344953377200 2000.485450925750 2769.006936575440 0.50475202629892 -5.66453911548019 5.13828888872210
2024-05-10T18:28:12.000 -5534.764200548540 584.634462854935 3885.910007531560 2.25802826750049 -6.06200073727688 4.11213925858067
2024-05-10T18:32:12.000 -4797.717987519310 -873.833827933437 4718.743369958090 3.84637404861021 -6.01752967332589 2.78559235082678
2024-05-10T18:36:12.000 -3711.011494528810 -2268.611311515000 5206.691113584010 5.15409098960127 -5.53452132528427 1.25572469410192
2024-05-10T18:40:12.000 -2353.874230111810 -3498.058717111930 5314.129671847300 6.08622335172323 -4.64817544567895 -0.36593972248653
2024-05-10T18:44:12.000 -825.180273379400 -4472.541308928540 5033.144771742560 6.57497665762645 -3.42272927399847 -1.96135207647705
2024-05-10T18:48:12.000 763.679878340486 -5120.892375189050 4384.111095224200 6.58445070539972 -1.94695018966131 -3.41421170946143
2024-05-10T18:52:12.000 2296.813028120370 -5395.604423326190 3414.288386102490 6.11332503603447 -0.32813163035693 -4.61810451852812
2024-05-10T18:56:12.000 3662.256844983770 -5276.414428281850 2194.495553684960 5.19557692926799 1.31537804199889 -5.48439343100937
2024-05-10T19:00:12.000 4760.255987495170 -4771.914900150800 813.984481527319 3.89836114139541 2.86296792435596 -5.94912642998339
2024-05-10T19:04:12.000 5510.697462587110 -3919.005892791470 -626.143217097676 2.31719880138376 4.20088748825298 -5.97818677693906
2024-05-10T19:08:12.000 5859.090796748960 -2780.164420774350 -2020.484332420320 0.56867861071489 5.23114715355659 -5.57007676408715
2024-05-10T19:12:12.000 5780.551075436250 -1438.724144669060 -3267.207917726100 -1.21868085253508 5.87901447688607 -4.75582384340113
2024-05-10T19:16:12.000 5281.472537168210 7.404885560594 -4275.588470467510 -2.91444995537696 6.09846783296698 -3.59625161692634
2024-05-10T19:20:12.000 4398.792024444020 1453.020236643440 -4972.564826185050 -4.39605951797694 5.87498855559915 -2.17673300615793
2024-05-10T19:24:12.000 3197.055971976150 2793.267405164790 -5307.861100182100 -5.55730241661396 5.22586517355776 -0.60057369101432
2024-05-10T19:28:12.000 1763.624942309480 3931.097396315900 -5257.405221122750 -6.31528323235585 4.19840778234941 1.01843124315710
2024-05-10T19:32:12.000 202.408755957049 4784.086958208430 -4824.923374367210 -6.61573347209164 2.86647237368541 2.56373866395330
2024-05-10T19:36:12.000 -1373.465052274500 5290.241672192460 -4041.660940069850 -6.43655521381428 1.32552725320014 3.92383877976775
2024-05-10T19:40:12.000 -2849.634111960580 5412.467165126030 -2964.261774700100 -5.78971898756008 -0.31355998660135 4.99983908629329
2024-05-10T19:44:12.000 -4118.697046247050 5141.379890930800 -1670.860354991740 -4.72101237092055 -1.93207634471972 5.71268345904377
2024-05-10T19:48:12.000 -5088.050291494250 4496.191407904740 -255.552907037041 -3.30730753516776 -3.41190250632435 6.00931176012501
2024-05-10T19:52:12.000 -5686.776748379590 3523.500230653350 1178.412167227490 -1.65137686719127 -4.64440874398411 5.86707176516091
2024-05-10T19:56:12.000 -5870.998686396050 2293.986478267480 2526.236359911260 0.12565426364629 -5.53886252480280 5.29584099487553
2024-05-10T20:00:12.000 -5627.192310468680 897.229514142055 3689.363663521670 1.89360091167190 -6.02953204334626 4.33741329047707
2024-05-10T20:04:12.000 -4973.166793572280 -564.934883657079 4582.781354886510 3.52319882803964 -6.08061010822956 3.06209133722243
2024-05-10T20:08:12.000 -3956.676703914950 -1985.923963148460 5141.239312673900 4.89568808081082 -5.68852770011024 1.56320847101651
2024-05-10T20:12:12.000 -2651.853354639300 -3262.184008720660 5323.965867197380 5.91133679938376 -4.88189526541679 -0.04985149319987
2024-05-10T20:16:12.000 -1153.770454862680 -4300.681068522360 5117.571602008480 6.49633517937984 -3.71922003130185 -1.65965007748232
2024-05-10T20:20:12.000 428.419017261166 -5025.611487408780 4537.002833484900 6.60787397855955 -2.28474281427663 -3.14886885939599
2024-05-10T20:24:12.000 1979.346901832310 -5383.913409921850 3624.516699153510 6.23731501102669 -0.68264107374574 -4.40860218126577
2024-05-10T20:28:12.000 3385.791601827980 -5349.210706211960 2446.705026528020 5.41115833888959 0.97016935961245 -5.34622882456903
2024-05-10T20:32:12.000 4544.996771172250 -4923.889453651440 1089.711716298690 4.18967132227336 2.55243151709137 -5.89252018763120
2024-05-10T20:36:12.000 5372.336455932620 -4139.029742026570 -347.091998947061 2.66273385213822 3.94783820199072 -6.00724186839402
2024-05-10T20:40:12.000 5807.646219190040 -3052.121724347120 -1758.515016857690 0.94298374478141 5.05404931322161 -5.68245545835333
2024-05-10T20:44:12.000 5819.656947091050 -1742.732022281040 -3041.420190228560 -0.84303016138752 5.79062320804467 -4.94306214751422
2024-05-10T20:48:12.000 5408.146849756230 -306.487186094187 -4102.376330192230 -2.56480270498999 6.10493655149523 -3.84442526973126
2024-05-10T20:52:12.000 4603.707656635740 1152.052820962310 -4864.441292771750 -4.09762047970051 5.97552411017137 -2.46764751942270
2024-05-10T20:56:12.000 3465.268626006140 2527.033788459490 -5272.597389420210 -5.33143042452534 5.41300183484659 -0.91314590694636
2024-05-10T21:00:12.000 2075.663570988060 3718.868362898420 -5297.510707651620 -6.17813487482951 4.45858622206527 0.70672225658455
2024-05-10T21:04:12.000 535.661886707340 4641.239577016870 -4937.480709874400 -6.57717368483210 3.18099538743262 2.27533137591983
2024-05-10T21:08:12.000 -1043.154489473490 5227.173147011310 -4218.530813639400 -6.49952639773494 1.67180919830159 3.67957484548302
2024-05-10T21:12:12.000 -2546.261578745540 5433.829615455450 -3192.635160685030 -5.94990412077350 0.03946544345389 4.81755906200586
2024-05-10T21:16:12.000 -3864.354101416640 5245.703567894800 -1934.143113196890 -4.96692762858262 -1.59798408938621 5.60586270199411
2024-05-10T21:20:12.000 -4901.291404020890 4675.963044096300 -534.563224205404 -3.62116923446190 -3.12112369546784 5.98589900683470
2024-05-10T21:24:12.000 -5581.258381982770 3765.685889230800 904.041145219224 -2.01037579026473 -4.41828552263261 5.92893009123223
2024-05-10T21:28:12.000 -5854.454046798060 2580.960639643790 2276.562566829060 -0.25223449275524 -5.39405949907266 5.43853410058930
2024-05-10T21:32:12.000 -5700.840018977860 1208.067371817820 3482.645069462510 1.52450115531515 -5.97668754523667 4.55047491985757
2024-05-10T21:36:12.000 -5131.628670916910 -252.901547636556 4434.124631463790 3.18983593896117 -6.12354461202575 3.32990606118009
2024-05-10T21:40:12.000 -4188.393534645340 -1695.441314385150 5061.503422592890 4.62232176973774 -5.82408375272311 1.86621647343277
2024-05-10T21:44:12.000 -2939.938484552230 -3014.427121751950 5318.979753861900 5.71782763217972 -5.10021931863461 0.26624630877990
2024-05-10T21:48:12.000 -1477.242336925300 -4113.724361820720 5187.718985699490 6.39676338782252 -4.00447951713376 -1.35345845191923
2024-05-10T21:52:12.000 93.126658556651 -4913.121121301790 4677.198259350870 6.60956191552624 -2.61625578636332 -2.87490922577566
2024-05-10T21:56:12.000 1656.683819357240 -5354.151426852010 3824.554348790870 6.34024910104486 -1.03631929915019 -4.18695785064629
2024-05-10T22:00:12.000 3099.315221878940 -5404.410784157960 2691.982696704080 5.60795541222341 0.62018514576013 -5.19320304139890
2024-05-10T22:04:12.000 4315.647434229620 -5060.057284692530 1362.292279749140 4.46600212979924 2.23185837541877 -5.81944175762854
2024-05-10T22:08:12.000 5216.863728198360 -4346.209746866580 -67.168629678384 2.99821695237562 3.68029423073159 -6.01949027590178
2024-05-10T22:12:12.000 5737.343673716020 -3315.142569719320 -1491.728065346850 1.31286706949407 4.85909642186826 -5.77897120175115
2024-05-10T22:16:12.000 5839.549393019150 -2042.358628788870 -2807.237870548430 -0.46590584237969 5.68235856388143 -5.11653932688641
2024-05-10T22:20:12.000 5516.659619816490 -620.864349176833 -3917.823583807550 -2.20792439448297 6.09098055910722 -4.08196139430145
2024-05-10T22:24:12.000 4792.833884278790 845.785522933662 -4742.876715150200 -3.78678077738367 6.05660679869525 -2.75179201834718
2024-05-10T22:28:12.000 3721.197420712260 2251.085641928540 -5222.775723589280 -5.08891462844409 5.58301807177783 -1.22322979749639
2024-05-10T22:32:12.000 2379.808377167420 3493.219778182830 -5322.994928953700 -6.02126498283009 4.70519494969976 0.39304673849916
2024-05-10T22:36:12.000 865.983647586012 4482.242082121620 -5036.414036761710 -6.51723110894497 3.48646690904512 1.98063098872060
2024-05-10T22:40:12.000 -710.593251615512 5146.392788685140 -4383.764774043890 -6.54094989216875 2.01421781157938 3.42512977361052
2024-05-10T22:44:12.000 -2235.601041085520 5437.211335537400 -3412.216841999170 -6.08991995867189 0.39415708245865 4.62188815297665
2024-05-10T22:48:12.000 -3598.209318203480 5333.113555540160 -2192.144449530060 -5.19566395538874 -1.25672635412431 5.48336699719809
2024-05-10T22:52:12.000 -4699.103763008850 4841.143411916710 -812.204457625427 -3.92215611508442 -2.81829559154706 5.94577331421924
2024-05-10T22:56:12.000 -5457.822041072150 3996.669774934080 627.027932707778 -2.36161383188596 -4.17612316402713 5.97427114393807
2024-05-10T23:00:12.000 -5818.805099655800 2860.957667943970 2020.422298130920 -0.62808310985136 -5.23029419379934 5.56607750681923
2024-05-10T23:04:12.000 -5755.610691804540 1516.689936424250 3266.109392742160 1.15147985964579 -5.90338994143033 4.75094276321557
2024-05-10T23:08:12.000 -5272.840950875680 61.844319463476 4273.030239750070 2.84693170879124 -6.14612715514209 3.58860549907457
2024-05-10T23:12:12.000 -4405.750963562240 -1397.522490082750 4967.624617620510 4.33455903947670 -5.94085662422905 2.16421208594505
2024-05-10T23:16:12.000 -3217.599946429980 -2755.049289854680 5299.183075519560 5.50612522610558 -5.30266492626800 0.58182684571952
2024-05-10T23:20:12.000 -1794.981053425830 -3911.803549526080 5243.472603010180 6.27653474830440 -4.27792944332124 -1.04331254452895
2024-05-10T23:24:12.000 -241.537715915915 -4783.407161752610 4804.456063539650 6.58961742378203 -2.94085895463469 -2.59284134365556
2024-05-10T23:28:12.000 1329.496890698690 -5306.145982886480 4014.046458077860 6.42214457418737 -1.38845324624506 -3.95359823675165
2024-05-10T23:32:12.000 2803.488255127680 -5441.659181699000 2929.874543189290 5.78579395988220 0.26623991714582 -5.02572814775187
2024-05-10T23:36:12.000 4072.779933846280 -5179.863934715610 1631.184513303710 4.72678250791136 1.90205110331873 -5.73017108902624
2024-05-10T23:40:12.000 5044.680052790090 -4539.824470307390 213.044290537242 3.32283326445323 3.39883364087071 -6.01500870125104
2024-05-10T23:44:12.000 5648.370955273370 -3568.390886691410 -1220.704867875750 1.67737548999508 4.64665632923881 -5.85952646087684
2024-05-10T23:48:12.000 5840.180249811860 -2336.712265392340 -2565.199789467760 -0.08831242471521 5.55431786812090 -5.27600440714519
2024-05-10T23:52:12.000 5606.721643894060 -934.844427755456 -3722.388498479070 -1.84479670741989 6.05641508558030 -4.30843960854158
2024-05-10T23:56:12.000 4965.660544375260 535.019497703298 -4608.213544237130 -3.46437518331750 6.11774658614378 -3.02863709158855
2024-05-11T00:00:12.000 3964.158333362770 1966.079457541200 -5158.611744992250 -4.83038118970810 5.73521345911916 -1.53030702234067
2024-05-11T00:04:12.000 2675.251108138160 3254.619146192480 -5333.950215186800 -5.84506550947973 4.93737313191304 0.07791065588631
2024-05-11T00:08:12.000 1192.506571687460 4307.346445415760 -5121.699494623980 -6.43600419284917 3.78197054696193 1.68009101272845
2024-05-11T00:12:12.000 -376.641031352775 5047.935673937110 -4537.241265875080 -6.56067474397695 2.35186633987687 3.16086228621282
2024-05-11T00:16:12.000 -1918.451955726770 5422.439356189240 -3622.810010585100 -6.20941847013540 0.74966134772528 4.41310453231492
2024-05-11T00:20:12.000 -3320.944875335000 5403.234119366560 -2444.604073659760 -5.40655407121520 -0.90911378070937 5.34544012373393
2024-05-11T00:24:12.000 -4481.966410730110 4991.189894063970 -1088.175829563110 -4.20928744057092 -2.50394945539790 5.88900777808764
2024-05-11T00:28:12.000 -5316.713737931550 4215.824216066680 347.672687479822 -2.70418514042504 -3.91814382517887 6.00305211703036
2024-05-11T00:32:12.000 -5764.085822126610 3133.302211963890 1758.107870013450 -1.00097140070453 -5.04776779980222 5.67842635849051
2024-05-11T00:36:12.000 -5791.295589788020 1822.387928080980 3040.016635262600 0.77562037526514 -5.80966516732470 4.93858452789248
2024-05-11T00:40:12.000 -5396.336804878060 378.628718931767 4099.685592280920 2.49551395785706 -6.14804094315460 3.83783655559948
2024-05-11T00:44:12.000 -4608.059994274100 -1092.737083539480 4859.701724678140 4.03323008070794 -6.03833378158228 2.45681071441121
2024-05-11T00:48:12.000 -3483.969537846390 -2484.483257659270 5264.566270584580 5.27687892432281 -5.48859634169731 0.89636269472906
2024-05-11T00:52:12.000 -2105.991828292840 -3695.177163893670 5284.688923227960 6.13604527049089 -4.53875358877608 -0.72976701096831
2024-05-11T00:56:12.000 -574.518327744679 -4636.519203252010 4918.506007928440 6.54815905850174 -3.25764001201305 -2.30316762305124
2024-05-11T01:00:12.000 998.834679328010 -5239.723091692500 4192.604170879870 6.48281461565901 -1.73810692532881 -3.70901666559553
2024-05-11T01:04:12.000 2499.277492108450 -5460.557883963980 3159.883388485320 5.94420454329785 -0.09075841127089 -4.84420232607935
2024-05-11T01:08:12.000 3817.224196807910 -5282.701933367490 1895.800813808290 4.97131686816056 1.56386870734301 -5.62508913174147
2024-05-11T01:12:12.000 4856.397934039040 -4719.064689431890 492.878462454552 3.63545139941392 3.10423405395200 -5.99404363586722
2024-05-11T01:16:12.000 5541.028707516760 -3810.910702542310 -946.143594156051 2.03509034491742 4.41716231402036 -5.92414574107993
2024-05-11T01:20:12.000 5821.489903480350 -2624.767791780660 -2315.986608611670 0.28818445528494 5.40664703224674 -5.42126948489823
2024-05-11T01:24:12.000 5677.892492744920 -1247.403254095740 -3516.679342756960 -1.47702120708594 6.00109047899154 -4.52344234773085
2024-05-11T01:28:12.000 5121.368678024920 220.704510289843 -4460.927133345380 -3.13192703549019 6.15847271704032 -3.29749629762811
2024-05-11T01:32:12.000 4192.992320941200 1672.813446174320 -5080.385865418290 -4.55710718014707 5.86880168209205 -1.83345045526351
2024-05-11T01:36:12.000 2960.564711132920 3003.643794053760 -5330.417897826880 -5.65050046936827 5.15406544407432 -0.23763082357914
2024-05-11T01:40:12.000 1513.616250346770 4116.843233247780 -5193.112354499400 -6.33406503100117 4.06618562815971 1.37486187724735
2024-05-11T01:44:12.000 -42.991262417477 4931.753296309720 -4678.455288246760 -6.55877448713425 2.68326518168571 2.88794363726981
2024-05-11T01:48:12.000 -1596.458864642510 5389.097312646950 -3823.635908224340 -6.30791159244915 1.10442352713482 4.19229702738531
2024-05-11T01:52:12.000 -3034.022000620590 5455.280801608870 -2690.507302698460 -5.59858042589008 -0.55663661621204 5.19293187907373
2024-05-11T01:56:12.000 -4251.046748073450 5124.976664674030 -1361.293470768380 -4.48113073032334 -2.17944777195653 5.81616541921007
2024-05-11T02:00:12.000 -5158.693165700250 4421.720677603430 67.249533188804 -3.03612000588306 -3.64543881743390 6.01541629200432
2024-05-11T02:04:12.000 -5690.553461856900 3396.377993172370 1490.864585748790 -1.36878575444928 -4.84693151099947 5.77524394368521
2024-05-11T02:08:12.000 -5807.662092420850 2123.492909253860 2805.502546536850 0.39890159960911 -5.69555668399783 5.11282248186274
2024-05-11T02:12:12.000 -5501.414161047160 695.810201863029 3915.045542885840 2.13750764017111 -6.12898605284528 4.07665181117990
2024-05-11T02:16:12.000 -4794.178502688290 -782.591386857033 4738.416359951030 3.72001217939123 -6.11565533942711 2.74271866363623
2024-05-11T02:20:12.000 -3737.564236186720 -2203.967764516750 5215.492309789810 5.03123937672250 -5.65669833101610 1.20853576344969
2024-05-11T02:24:12.000 -2408.577008601760 -3464.741725472980 5311.416936780820 5.97593144213608 -4.78543190984883 -0.41413481608331
2024-05-11T02:28:12.000 -904.032760939822 -4472.968368472420 5019.088156144450 6.48523926850156 -3.56493485483856 -2.00711306693907
2024-05-11T02:32:12.000 666.422356406384 -5154.998581264480 4359.702958264750 6.52174851945201 -2.08368078564349 -3.45417757873384
2024-05-11T02:36:12.000 2188.229942703860 -5460.859592721580 3381.285965764280 6.08222721890752 -0.44938163956459 -4.64931346772587
2024-05-11T02:40:12.000 3550.252951639210 -5368.005904177200 2155.292820645070 5.19833415298501 1.21850944256925 -5.50452715134884
2024-05-11T02:44:12.000 4652.976128061420 -4883.100975228730 771.440960644681 3.93472289230624 2.79753785017541 -5.95664851344415
2024-05-11T02:48:12.000 5415.935654794500 -4041.629164955380 -668.909921445742 2.38451772351312 4.17158023504515 -5.97251728276685
2024-05-11T02:52:12.000 5783.729054151530 -2905.252767098640 -2060.340598687110 0.66203778542677 5.24002120548878 -5.55164719743530
2024-05-11T02:56:12.000 5730.053770676730 -1557.145989327250 -3301.239675621600 -1.10611126251378 5.92534183538430 -4.72601401865439
2024-05-11T03:00:12.000 5259.486028585520 -95.725521562477 -4301.310399800900 -2.79087729304279 6.17877249619672 -3.55723935258507
2024-05-11T03:04:12.000 4406.892567828780 1372.669423761840 -4988.100333861110 -4.27042449707840 5.98334659709411 -2.13138072157523
2024-05-11T03:08:12.000 3234.649232137810 2741.516817478490 -5312.081383454880 -5.43864980474455 5.35439667473479 -0.55221597215509
2024-05-11T03:12:12.000 1827.990949530060 3911.698603723700 -5250.012687586180 -6.21218452753920 4.33784073745327 1.06625594360369
2024-05-11T03:16:12.000 288.890473445886 4798.458242929490 -4806.468136399940 -6.53566144969995 3.00675599513284 2.60753834670664
2024-05-11T03:20:12.000 -1271.135231978560 5337.366146053890 -4013.499891555290 -6.38537466046121 1.45652397073384 3.96042533009160
2024-05-11T03:24:12.000 -2738.889662841960 5488.954813768760 -2928.460341788070 -5.77121843488655 -0.20135563263005 5.02653156119361
2024-05-11T03:28:12.000 -4007.601605891220 5241.708883475900 -1630.043211823320 -4.73662207473439 -1.84681662095981 5.72753414286950
2024-05-11T03:32:12.000 -4984.714599854490 4613.104260837500 -212.708911651760 -3.35597922501166 -3.35981288461797 6.01124910933990
2024-05-11T03:36:12.000 -5598.766720737120 3648.527162433370 1220.148540515630 -1.72965375697662 -4.62929674536758 5.85596821690892
2024-05-11T03:40:12.000 -5804.785326798330 2418.061795257820 2563.821547314770 0.02339412816381 -5.56187202670549 5.27257813174787
2024-05-11T03:44:12.000 -5587.669455058480 1011.337340477880 3720.075068879530 1.77480895592597 -6.08909635677847 4.30375374056405
2024-05-11T03:48:12.000 -4963.271022916460 -469.107562352860 4604.407533078300 3.39662260797075 -6.17245211389290 3.02050282425495
2024-05-11T03:52:12.000 -3977.165234751190 -1915.366038736070 5152.231938652270 4.77062809114397 -5.80598628631821 1.51672173086518
2024-05-11T03:56:12.000 -2701.245202809600 -3222.053622398420 5323.543716222350 5.79703298715791 -5.01644371606339 -0.09792707237275
2024-05-11T04:00:12.000 -1228.448588470360 -4293.910842166550 5105.757163296930 6.40121063975864 -3.86094203210128 -1.70595238685128
2024-05-11T04:04:12.000 333.917237384016 -5052.666464460380 4514.618664883010 6.53879082441281 -2.42314954997807 -3.19011006398914
2024-05-11T04:08:12.000 1871.905009086920 -5442.763283182680 3593.151822856800 6.19920905281590 -0.80756383304209 -4.44173288468416
2024-05-11T04:12:12.000 3273.217068099750 -5435.498226906160 2408.619572834360 5.40675339956585 0.86784729181147 -5.36874809162316
2024-05-11T04:16:12.000 4435.464511752820 -5031.255659908210 1047.676547223400 4.21927035228210 2.48016501665444 -5.90270189080524
2024-05-11T04:20:12.000 5273.796913714930 -4259.588503344430 -390.000222535738 2.72418436884183 3.91082542151545 -6.00428969740547
2024-05-11T04:24:12.000 5727.249024857780 -3177.044871018230 -1799.152606674150 1.03178648289632 5.05489732159714 -5.66660615162530
2024-05-11T04:28:12.000 5763.221605640720 -1862.896090007320 -3076.815716985930 -0.73337773502692 5.82917724876764 -4.91549668855894
2024-05-11T04:32:12.000 5379.741489002490 -413.138220659921 -4129.944723812760 -2.44229436705909 6.17828693344386 -3.80716524350891
2024-05-11T04:36:12.000 4605.365188124080 1066.663939960220 -4882.170214271390 -3.97112913340149 6.07826565313732 -2.42341323190531
2024-05-11T04:40:12.000 3496.848413360610 2469.094506307390 -5279.192089018620 -5.21006971461980 5.53761057045128 -0.86516877291625
2024-05-11T04:44:12.000 2134.875233612410 3692.569476068610 -5292.495127662310 -6.07062282310744 4.59605481835177 0.75489609383135
2024-05-11T04:48:12.000 618.221919114760 4648.493171410170 -4921.236129652250 -6.49130622355655 3.32144053947603 2.32016068725434
2024-05-11T04:52:12.000 -943.228885267611 5267.476562850800 -4192.258309042900 -6.44157190069346 1.80511145430426 3.71780331951885
2024-05-11T04:56:12.000 -2436.226601758450 5504.293451972100 -3158.263393700960 -5.92413863105957 0.15596763006461 4.84640956673620
2024-05-11T05:00:12.000 -3752.219520412580 5341.249934007130 -1894.193355891280 -4.97532639254991 -1.50674798782108 5.62321073946772
2024-05-11T05:04:12.000 -4795.246932239050 4789.684110049690 -491.964395782698 -3.66322455848240 -3.06183677983893 5.99049900662352
2024-05-11T05:08:12.000 -5489.068330448950 3889.340017392820 946.175310344922 -2.08306876532662 -4.39530993397471 5.92048647145109
2024-05-11T05:12:12.000 -5782.879609020420 2705.575141681540 2315.158921538370 -0.35029367996485 -5.40908366071537 5.41768295524012
2024-05-11T05:16:12.000 -5655.148388523720 1324.594378018370 3514.896310809120 1.40818720951628 -6.02866032088185 4.51878169015447
2024-05-11T05:20:12.000 -5115.203163012100 -152.936623012652 4457.698347072090 3.06377231782855 -6.20876051272638 3.28973793948086
2024-05-11T05:24:12.000 -4202.464905104840 -1619.324982301790 5074.706202493490 4.49581723229601 -5.93638930153658 1.82047258457611
2024-05-11T05:28:12.000 -2983.490830848740 -2967.710782438290 5320.859154181680 5.60017202551037 -5.23141387313454 0.21819764390703
2024-05-11T05:32:12.000 -1547.093051465330 -4099.813161417830 5178.132562094590 6.29662407372818 -4.14497304339531 -1.40039607383951
2024-05-11T05:36:12.000 2.096367184045 -4933.006976174790 4656.812795929790 6.53427786505317 -2.75564648798957 -2.91742591885724
2024-05-11T05:40:12.000 1551.129843655930 -5406.318953748810 3794.807900788620 6.29521763356315 -1.16427491506468 -4.22196048155310
2024-05-11T05:44:12.000 2986.923769217840 -5484.968140883510 2655.005563527110 5.59633807335259 0.51301116079709 -5.21808362820134
2024-05-11T05:48:12.000 4204.575020808400 -5163.041734053100 1320.756543379590 4.48853013653958 2.15326950969785 -5.83229568767589
2024-05-11T05:52:12.000 5115.153639976380 -4464.040022282630 -110.231954283825 3.05324153757178 3.63590342703961 -6.01928262625763
2024-05-11T05:56:12.000 5652.362103822890 -3439.181811275100 -1533.166784042000 1.39638599569802 4.85205008063955 -5.76572444879471
2024-05-11T06:00:12.000 5777.436610424730 -2163.538433610590 -2844.020064712160 -0.36002323039602 5.71306561386370 -5.09121921677523
2024-05-11T06:04:12.000 5481.884667398400 -730.353355376168 -3947.255900948430 -2.08737179950550 6.15708421835186 -4.04640951331938
2024-05-11T06:08:12.000 4787.885580859950 755.944818355379 -4762.803424325450 -3.66028957615648 6.15322508046924 -2.70861200177143
2024-05-11T06:12:12.000 3746.406556713950 2187.405510416810 -5231.735573336620 -4.96561825846383 5.70307133972279 -1.17558069108110
2024-05-11T06:16:12.000 2433.331132801120 3460.303362697170 -5320.328028728070 -5.91003328874042 4.83994640085290 0.44168819356794
2024-05-11T06:20:12.000 943.941925995074 4482.463167111480 -5022.313953927980 -6.42607006727168 3.62619234942837 2.02667597578590
2024-05-11T06:24:12.000 -613.846049881353 5179.738366841680 -4359.267829991820 -6.47650208245332 2.14885912790659 3.46519491595076
2024-05-11T06:28:12.000 -2127.089455721190 5501.278832564660 -3379.116986490130 -6.05693873207365 0.51396641108852 4.65308253174852
2024-05-11T06:32:12.000 -3485.826489368640 5423.267418745290 -2152.855021530570 -5.19658591937476 -1.16048044900269 5.50343704363990
2024-05-11T06:36:12.000 -4591.031450443500 4950.846102472090 -769.590923765426 -3.95694553731192 -2.75262475989662 5.95322362349276
2024-05-11T06:40:12.000 -5361.946522925840 4117.962963519790 669.849215580878 -2.42786325607337 -4.14580958746427 5.96855325789784
2024-05-11T06:44:12.000 -5742.145383466810 2985.026093714330 2060.328734187090 -0.72097700402683 -5.23763283799481 5.54765102517293
2024-05-11T06:48:12.000 -5703.779390925510 1634.503598636480 3300.191062650320 1.03873401621636 -5.94784940793274 4.72112467401177
2024-05-11T06:52:12.000 -5249.643596876540 164.834269649819 4298.802418266850 2.72251996808408 -6.22444614618907 3.54961594774388
2024-05-11T06:56:12.000 -4412.907454106840 -1316.848274588080 4983.223847461530 4.20758303433901 -6.04737676207008 2.11894692307491
2024-05-11T07:00:12.000 -3254.601240727230 -2702.569326731130 5303.487506772060 5.38592765625229 -5.42965719788932 0.53352771577971
2024-05-11T07:04:12.000 -1859.127673835910 -3891.340409954580 5236.165361386350 6.17190973267152 -4.41610614461899 -1.09118976442472
2024-05-11T07:08:12.000 -328.143503865078 -4796.441090258100 4786.056409126510 6.50823910869552 -3.08009920955119 -2.63684321663666
2024-05-11T07:12:12.000 1226.764959323370 -5351.693633433050 3985.874083272260 6.36995548929108 -1.51848683449895 -3.99053338889273
2024-05-11T07:16:12.000 2692.133661118630 -5516.343577535150 2893.962865296500 5.76655382186995 0.15496533847625 -5.05289439634231
2024-05-11T07:20:12.000 3960.917577036060 -5278.170916586810 1590.133868752690 4.74179921642644 1.81767679955530 -5.74556129078612
2024-05-11T07:24:12.000 4940.436986742120 -4654.520057789850 169.842556152297 3.37091390904237 3.34745072972096 -6.01741858034560
2024-05-11T07:28:12.000 5559.307320066990 -3691.071828383230 -1262.895328686170 1.75501800155692 4.63188769184553 -5.84874485666946
2024-05-11T07:32:12.000 5772.750175903570 -2458.416346548700 -2603.290553734040 0.01321832898953 5.57716244643146 -5.25282969921763
2024-05-11T07:36:12.000 5565.799949334000 -1046.700617801730 -3753.590899275480 -1.72677539303182 6.11512285826991 -4.27456136798178
2024-05-11T07:40:12.000 4954.192462748160 441.145740152500 -4630.239427124500 -3.33844275002131 6.20796348084651 -2.98651233000099
2024-05-11T07:44:12.000 3982.952265711630 1896.997631716640 -5169.841215575450 -4.70566690488298 5.85032917778210 -1.48300782412958
2024-05-11T07:48:12.000 2722.922033703080 3215.325685124650 -5333.547475673510 -5.73059922884734 5.06897328676705 0.12695564538845
2024-05-11T07:52:12.000 1265.582958647910 4300.663599562790 -5109.671435320760 -6.34003231176350 3.92046841183698 1.72733084270653
2024-05-11T07:56:12.000 -283.457676873901 5074.317140947960 -4514.441573672010 -6.49010617190692 2.48723165430004 3.20283081077468
2024-05-11T08:00:12.000 -1811.915486690870 5479.947710241800 -3590.884523657820 -6.16939939289212 0.87211020237069 4.44672237252038
2024-05-11T08:04:12.000 -3208.788555233540 5487.675956156750 -2405.862362290690 -5.40003282157696 -0.80849318740191 5.36827672811349
2024-05-11T08:08:12.000 -4372.338851188610 5096.403884128360 -1045.423241582080 -4.23674929884871 -2.43253815125732 5.89938352928301
2024-05-11T08:12:12.000 -5217.576476226400 4334.124852404330 391.326736189249 -2.76361136958168 -3.88115546418340 6.00012362979072
2024-05-11T08:16:12.000 -5682.642171256010 3256.060696125150 1799.469073905650 -1.08810569299386 -5.04782875803470 5.66237082123928
2024-05-11T08:20:12.000 -5733.476614701030 1940.657833228350 3076.060014456350 0.66708500631473 -5.84678455289208 4.91059295582047
2024-05-11T08:24:12.000 -5366.355306933970 483.787826297959 4127.772648415310 2.37348684623721 -6.21950017457846 3.79993082497486
2024-05-11T08:28:12.000 -4608.102596039050 -1008.346292309790 4877.774415234810 3.90658307603630 -6.13887912619676 2.41178198143637
2024-05-11T08:32:12.000 -3514.039246383630 -2426.998210813520 5271.306826731800 5.15483236230975 -5.61089891980395 0.84754214952999
2024-05-11T08:36:12.000 -2163.900649653780 -3668.780268342640 5279.613374284660 6.02752505418854 -4.67393787335062 -0.77881957502459
2024-05-11T08:40:12.000 -656.042696464607 -4643.131721516170 4901.984807161770 6.46108695208899 -3.39584938744206 -2.34891008389956
2024-05-11T08:44:12.000 899.642495470142 -5278.858545953700 4165.841883799530 6.42356184284754 -1.86926255340976 -3.74809251180375
2024-05-11T08:48:12.000 2389.660315367950 -5529.357379273530 3124.834730862290 5.91712054660723 -0.20528317618422 -4.87375729129406
2024-05-11T08:52:12.000 3705.191263586570 -5376.137063614180 1855.025524012690 4.97839847929923 1.47435399771299 -5.64296134620858
2024-05-11T08:56:12.000 4750.138458975000 -4830.305119179660 449.355395722210 3.67617902718572 3.04628417998346 -5.99892657530525
2024-05-11T09:00:12.000 5448.303238163300 -3931.823881929810 -989.230492337443 2.10645159105906 4.39498992204853 -5.91564271086952
2024-05-11T09:04:12.000 5749.066545554450 -2746.529566336500 -2355.477986167790 0.38497624435149 5.42177633513463 -5.40000288112742
2024-05-11T09:08:12.000 5631.061477007380 -1361.146451192830 -3549.688199222540 -1.36185560121824 6.05237118425888 -4.49102621301325
2024-05-11T09:12:12.000 5103.547744518590 123.254773954167 -4485.049118005270 -3.00682425369138 6.24213147500074 -3.25630768299266
2024-05-11T09:16:12.000 4205.479779084740 1598.734977420400 -5093.864764191220 -4.43118499675290 5.97871001654874 -1.78648653794876
2024-05-11T09:20:12.000 3002.450540853230 2958.306636582320 -5332.268217151790 -5.53293311179260 5.28220100479179 -0.18827163904866
2024-05-11T09:24:12.000 1581.851754532990 4103.518025883830 -5183.181751489290 -6.23338417679467 4.20317752154532 1.42308225976788
2024-05-11T09:28:12.000 46.638277976558 4951.369534395950 -4657.439327620960 -6.48224766590894 2.81910503041824 2.93153955981870
2024-05-11T09:32:12.000 -1491.931526661670 5440.183543055980 -3793.034516389220 -6.26104227545236 1.22923475764568 4.22808700472208
2024-05-11T09:36:12.000 -2922.168907247740 5534.079013208900 -2652.523418806130 -5.58478031831442 -0.45192868309328 5.21828465402636
2024-05-11T09:40:12.000 -4139.977488367470 5225.708032805180 -1318.671548588360 -4.50142087884493 -2.10250684329008 5.82922591306763
2024-05-11T09:44:12.000 -5056.455868362420 4536.995043807480 111.423070944008 -3.08896549748363 -3.60193602268003 6.01518760540530
2024-05-11T09:48:12.000 -5604.538011525970 3517.739322281790 1533.367840234410 -1.45029565887418 -4.84000418402427 5.76161807066858
2024-05-11T09:52:12.000 -5744.077185187550 2242.059990328560 2843.210242828360 0.29462463241810 -5.72561403444959 5.08672741157974
2024-05-11T09:56:12.000 -5464.845475574270 802.924607103994 3945.174467674130 2.01801773691847 -6.19377076618282 4.03997741747299
2024-05-11T10:00:12.000 -4787.253492250840 -694.737786053114 4758.736466013250 3.59397638095072 -6.21038600767253 2.69815489360471
2024-05-11T10:04:12.000 -3760.760426142360 -2141.766222432020 5224.491543620780 4.90778762213756 -5.77441895246176 1.15933819075758
2024-05-11T10:08:12.000 -2460.193266665710 -3432.705218690030 5308.414562287000 5.86399082313345 -4.91755261628978 -0.46432450346074
2024-05-11T10:12:12.000 -980.305896594542 -4473.416601807680 5004.296091032630 6.39296931419413 -3.70187294452294 -2.05456450080252
2024-05-11T10:16:12.000 571.058293606481 -5187.892761873450 4334.201895532570 6.45590216413468 -2.21547280831358 -3.49541754653089
2024-05-11T10:20:12.000 2080.737533454740 -5523.800484392970 3346.942331155670 6.04763195675682 -0.56644902741582 -4.68130530826078
2024-05-11T10:24:12.000 3438.489709371540 -5456.410083759310 2114.623934893320 5.19756296893068 1.12467754702442 -5.52492814840731
2024-05-11T10:28:12.000 4545.120218152200 -4990.533263759590 727.422158436460 3.96786005114097 2.73377579955982 -5.96399944043327
2024-05-11T10:32:12.000 5319.882460809100 -4160.264547637570 -713.064205527469 2.44913336616257 4.14254358705875 -5.96628313307734
2024-05-11T10:36:12.000 5706.513326779260 -3026.458761169310 -2101.404964117780 0.75344549234590 5.24775686373775 -5.53229525994439
2024-05-11T10:40:12.000 5677.345733313300 -1672.116693279440 -3336.223700038040 -0.99453489589980 5.96925009628892 -4.69501987173085
2024-05-11T10:44:12.000 5235.174179029460 -196.109256086118 -4327.684067614190 -2.66727421526909 6.25568974541056 -3.51692533952196
2024-05-11T10:48:12.000 4412.785085786580 1294.173147531610 -5003.968220014750 -4.14387872851645 6.08770922885159 -2.08467313203467
2024-05-11T10:52:12.000 3270.335872035770 2690.615133622640 -5316.303299656620 -5.31843278068709 5.47857796833650 -0.50245690824644
2024-05-11T10:56:12.000 1890.885257968410 3892.082165284910 -5242.281114909560 -6.10705559558734 4.47277024840001 1.11551315231035
2024-05-11T11:00:12.000 374.427557782562 4811.530358330070 -4787.328245982930 -6.45324121037439 3.14255577870310 2.65277514824663
2024-05-11T11:04:12.000 -1169.155620502920 5382.138526896730 -3984.320129875350 -6.33160827779153 1.58327688632828 3.99834054559269
2024-05-11T11:08:12.000 -2627.856371710840 5562.125933381790 -2891.343172655530 -5.74999273479497 -0.09290311755425 5.05435123469933
2024-05-11T11:12:12.000 -3895.557117231070 5337.904874350930 -1587.677553856200 -4.74947931896117 -1.76456792712266 5.74317492100683
2024-05-11T11:16:12.000 -4879.781656524310 4725.271019790370 -168.178098648279 -3.40202443135176 -3.30979941020580 6.01353622498491
2024-05-11T11:20:12.000 -5508.551811493550 3768.433187683700 1263.593227510100 -1.80550337477763 -4.61520786007236 5.84466939254836
2024-05-11T11:24:12.000 -5735.815997515990 2536.911711658660 2602.988684486580 -0.07671686284699 -5.58469795914915 5.24843734517219
2024-05-11T11:28:12.000 -5544.921514382080 1120.427509578940 3752.068982227900 1.65774379424621 -6.14708461202979 4.26847752374546
2024-05-11T11:32:12.000 -4949.812919947900 -377.744960846708 4626.848406513230 3.27109073968243 -6.26127903467703 2.97666202990269
2024-05-11T11:36:12.000 -3993.940796383120 -1848.387716094510 5163.441135020210 4.64574968163494 -5.91910427636510 1.46754162779450
2024-05-11T11:40:12.000 -2747.005979478980 -3184.321591522620 5322.668046684820 5.68182688307860 -5.14555423863455 -0.14883000068044
2024-05-11T11:44:12.000 -1299.856130233010 -4288.153277673870 5092.836942080690 6.30399450809461 -3.99666270547402 -1.75478903512261
2024-05-11T11:48:12.000 242.061863520900 -5079.293433941440 4490.596136009100 6.46666368096280 -2.55566290577007 -3.23321624865495
2024-05-11T11:52:12.000 1766.303249294190 -5499.841142515800 3559.795742959430 6.15749749630921 -0.92726268050185 -4.47592259721844
2024-05-11T11:56:12.000 3161.591094389160 -5518.882357454690 2368.387036179780 5.39858430781298 0.76966382309997 -5.39150889578710
2024-05-11T12:00:12.000 4325.995755889240 -5134.887843693060 1003.526305545700 4.24531480571945 2.41064809007148 -5.91239249975978
2024-05-11T12:04:12.000 5174.522515778340 -4375.935758624760 -434.830746037706 2.78257677169047 3.87502391648394 -6.00023794214965
2024-05-11T12:08:12.000 5645.472438238880 -3297.655250421650 -1841.386501986840 1.11832268236735 5.05539202505516 -5.64916611863364
2024-05-11T12:12:12.000 5704.978202262400 -1979.009210268440 -3113.382527457760 -0.62500563136633 5.86592821011944 -4.88601447266827
2024-05-11T12:16:12.000 5349.348061391210 -516.323629078021 -4158.205080146970 -2.32000483310536 6.24860728968049 -3.76786852839104
2024-05-11T12:20:12.000 4605.103690239960 983.897110624230 -4900.111135913210 -3.84386308472384 6.17707458846117 -2.37725088904014
2024-05-11T12:24:12.000 3526.791060895790 2412.767804527690 -5285.562789559060 -5.08719208967040 5.65779721641346 -0.81548403745952
2024-05-11T12:28:12.000 2192.872187257090 3666.790256481840 -5286.866825161030 -5.96114760057667 4.72886774979452 0.80461110612030
2024-05-11T12:32:12.000 700.073499610309 4655.138134979240 -4904.026829212880 -6.40320539565279 3.45716996326065 2.36637644773689
2024-05-11T12:36:12.000 -843.456043054572 5306.049594096570 -4164.712761628340 -6.38123600980890 1.93381018233950 3.75719725674791
2024-05-11T12:40:12.000 -2325.762739140960 5571.959634192940 -3122.377081371020 -5.89592516977575 0.26823233533316 4.87608952703849
2024-05-11T12:44:12.000 -3639.071282992410 5433.054260417080 -1852.576700722890 -4.98131018438751 -1.41909635500415 5.64098931228169
2024-05-11T12:48:12.000 -4687.619733234190 4898.909821536300 -447.650258776273 -3.70296770038440 -3.00519530559351 5.99505264581018
2024-05-11T12:52:12.000 -5394.768862945960 4008.003627372790 989.949050877346 -2.15372110928662 -4.37378496250459 5.91145948010382
2024-05-11T12:56:12.000 -5708.753902176260 2825.003168022800 2355.192520700930 -0.44672296036185 -5.42428206070262 5.39572607598636
2024-05-11T13:00:12.000 -5606.569021564930 1436.053236395790 3548.255888216400 1.29303557868335 -6.07945685122445 4.48545281232281
2024-05-11T13:04:12.000 -5095.680405224190 -57.590482094846 4481.925689285900 2.93826035512450 -6.29141223192893 3.24742769226336
2024-05-11T13:08:12.000 -4213.400418851550 -1547.051815846700 5088.004967361860 4.36905900828567 -6.04482863013648 1.77227663601069
2024-05-11T13:12:12.000 -3024.071894455860 -2923.778274054570 5322.236855014610 5.48139273461871 -5.35769123072157 0.16766261794103
2024-05-11T13:16:12.000 -1614.354767350730 -4087.412070194300 5167.474148433570 6.19441171402784 -4.27985953785906 -1.44953400813150
2024-05-11T13:20:12.000 -86.952061588581 -4953.038023569340 4634.897782903790 6.45604528564571 -2.88938901715896 -2.96150380868856
2024-05-11T13:24:12.000 1446.777677354090 -5457.341101426770 3763.255962059240 6.24671903560061 -1.28722918499287 -4.25769451449224
2024-05-11T13:28:12.000 2874.887345746250 -5563.300143286600 2616.146162947220 5.58120482138498 0.40977209736380 -5.24286750074330
2024-05-11T13:32:12.000 4093.056973101480 -5263.018527909790 1277.453964844380 4.50797776314754 2.07723571965713 -5.84431703781175
2024-05-11T13:36:12.000 5012.345926507000 -4578.423697641590 -154.797354617715 3.10594340728037 3.59261927938740 -6.01773388972747
2024-05-11T13:40:12.000 5565.834664394220 -3559.680264062110 -1575.740929426960 1.47852242994158 4.84468746677883 -5.75079150193626
2024-05-11T13:44:12.000 5713.576451767580 -2281.414058700520 -2881.512113967750 -0.25441876559116 5.74215694380552 -5.06407698546529
2024-05-11T13:48:12.000 5445.428552761930 -837.054866233240 -3976.967698399410 -1.96601567598256 6.22054917748008 -4.00912662586077
2024-05-11T13:52:12.000 4781.562203391120 668.165184049074 -4782.620281717290 -3.53208595904397 6.24648602529479 -2.66394489594262
2024-05-11T13:56:12.000 3770.733949115110 2124.927921413670 -5240.268717144290 -4.83997250738417 5.81938015157769 -1.12679086756593
2024-05-11T14:00:12.000 2486.577047309800 3427.677680088160 -5317.006289580290 -5.79617877147497 4.97088957340574 0.49110780155572
2024-05-11T14:04:12.000 1022.251546397360 4482.073060812970 -5007.401464562410 -6.33233527364171 3.76222677465261 2.07327832480835
2024-05-11T14:08:12.000 -516.151989056801 5211.609898696270 -4333.842405920410 -6.40968046738633 2.28001636897793 3.50567514906820
2024-05-11T14:12:12.000 -2017.090518692030 5563.072903649060 -3345.010474826200 -6.02183845084749 0.63063446808608 4.68449458600724
2024-05-11T14:16:12.000 -3371.488516020710 5510.457711025530 -2112.541880666970 -5.19575813108694 -1.06680294583554 5.52341906969486
2024-05-11T14:20:12.000 -4480.644928815930 5057.058406329330 -726.011534493852 -3.99050772326273 -2.68875936942548 5.96029541794656
2024-05-11T14:24:12.000 -5263.521913745260 4235.432537195970 713.515174554417 -2.49336973552109 -4.11643876039167 5.96219363478079
2024-05-11T14:28:12.000 -5662.817057169570 3105.166642474990 2100.891030469120 -0.81363097558196 -5.24487362522302 5.52830243212754
2024-05-11T14:32:12.000 -5649.287756913660 1748.542411391730 3334.681853340380 0.92567851932462 -5.99114170185640 4.69018358392001
2024-05-11T14:36:12.000 -5223.922092649190 264.448141217842 4324.688416797710 2.59726974595307 -6.30061538922615 3.50927786656672
2024-05-11T14:40:12.000 -4417.810227524470 -1238.925481375840 4998.592118676140 4.07919258743276 -6.15086302237412 2.07217598258136
2024-05-11T14:44:12.000 -3289.756977614640 -2652.023974490780 5307.196223358780 5.26375415372232 -5.55291533566929 0.48373072509293
2024-05-11T14:48:12.000 -1921.959761892390 -3871.856354206120 5227.923674626090 6.06485309165045 -4.55009929868520 -1.14036470909205
2024-05-11T14:52:12.000 -414.065869041235 -4809.427334200730 4766.453499408850 6.42404531857488 -3.21504803675075 -2.68174932171284
2024-05-11T14:56:12.000 1124.013084712410 -5396.203026265560 3956.344014142430 6.31476428915962 -1.64463352491180 -4.02784366605654
2024-05-11T15:00:12.000 2580.045209939410 -5589.148289035560 2856.670625682370 5.74442703994272 0.04675327616010 -5.07987282351835
2024-05-11T15:04:12.000 3847.679178601170 -5373.989959234420 1547.813260082160 4.75441304610194 1.73526957667373 -5.76022490717024
2024-05-11T15:08:12.000 4834.335809258840 -4766.400778871800 125.596643600038 3.41742478284095 3.29682634548256 -6.01870741257323
2024-05-11T15:12:12.000 5468.125377323110 -3810.895691429180 -1305.831429009070 1.83207949951521 4.61672134455835 -5.83661746253124
2024-05-11T15:16:12.000 5703.190030567960 -2577.487684451810 -2641.791725616030 0.11523503033196 5.59856387563833 -5.22823693008262
2024-05-11T15:20:12.000 5522.987668592660 -1156.376582303230 -3784.871645822060 -1.60726316184847 6.17153912083894 -4.23936445535864
2024-05-11T15:24:12.000 4941.295690832080 348.826522722236 -4652.054829322140 -3.21019122653838 6.29530808496932 -2.94331541336364
2024-05-11T15:28:12.000 4000.947908171080 1828.739842030650 -5180.638281840840 -4.57806193779440 5.96227719404359 -1.43494055620682
2024-05-11T15:32:12.000 2770.526789658890 3176.089654546810 -5332.566736004310 -5.61297596209758 5.19739359019975 0.17644715451999
2024-05-11T15:36:12.000 1339.349343049640 4293.298419484300 -5096.996893231470 -6.24098080839393 4.05601829735348 1.77470814094695
2024-05-11T15:40:12.000 -188.887452168463 5099.350805671320 -4490.985548939160 -6.41684416071148 2.62000648690254 3.24477041234375
2024-05-11T15:44:12.000 -1703.404093697230 5535.532051207870 -3558.321019610370 -6.12718237309671 0.99235784172063 4.48020767840767
2024-05-11T15:48:12.000 -3094.196523321360 5569.722822685450 -2366.535366499980 -5.39188230056418 -0.70956927575392 5.39079117688919
2024-05-11T15:52:12.000 -4259.962831076340 5198.897570488470 -1002.192070433730 -4.26326179734795 -2.36209912505147 5.90919259783567
2024-05-11T15:56:12.000 -5115.564247104780 4449.574765695720 435.303864033105 -2.82294341266527 -3.84429458630890 5.99650116197800
2024-05-11T16:00:12.000 -5598.397265428940 3376.029374208280 1840.982254090280 -1.17592297269931 -5.04726459584886 5.64557949638178
2024-05-11T16:04:12.000 -5673.101922771160 2056.378691494800 3112.072506709690 0.55719925750777 -5.88251794733519 4.88182409454857
2024-05-11T16:08:12.000 -5334.214455063290 586.816462291787 4155.642498636930 2.24951803860919 -6.28887452004967 3.76125070387412
2024-05-11T16:12:12.000 -4606.516807337010 -925.516972788752 4895.448630177400 3.77747146175166 -6.23680216041209 2.36602700755101
2024-05-11T16:16:12.000 -3543.119952093140 -2370.402706202890 5277.486683507580 5.02995462001099 -5.73026259921530 0.79810020908912
2024-05-11T16:20:12.000 -2221.524389429310 -3642.550703021140 5273.843926686690 5.91600601255509 -4.80607381915923 -0.82834941647648
2024-05-11T16:24:12.000 -737.999966907261 -4649.184838863010 4884.680164867110 6.37106288055979 -3.53108375406483 -2.39491336108222
2024-05-11T16:28:12.000 799.330992891617 -5316.751057920730 4138.264363637840 6.36156976553468 -1.99774126626460 -3.78716058935249
2024-05-11T16:32:12.000 2278.314088284720 -5596.332497860750 3089.007557155930 5.88772679698119 -0.31767469559875 -4.90301684764172
2024-05-11T16:36:12.000 3590.945202725420 -5467.319940258900 1813.574915618380 4.98377947401557 1.38625038795736 -5.66027284845728
2024-05-11T16:40:12.000 4641.346204505200 -4939.055612592130 405.321511376237 3.71597413699547 2.98888220240131 -6.00301025995490
2024-05-11T16:44:12.000 5352.927639397300 -4050.227736839690 -1032.619759363190 2.17777815231710 4.37242962465774 -5.90622787849169
2024-05-11T16:48:12.000 5674.094686721340 -2865.979862645780 -2395.052775026290 0.48263685944909 5.43566635270292 -5.37783428884460
2024-05-11T16:52:12.000 5581.990020084680 -1472.966153098610 -3582.570210546880 -1.24500350354563 6.10167680129312 -4.45777072071763
2024-05-11T16:56:12.000 5083.980096845410 27.184077223020 -4508.858510085920 -2.87932302494302 6.32326959848923 -3.21442105411077
2024-05-11T17:00:12.000 4216.859599158500 1525.388197630840 -5106.883823381510 -4.30237205655682 6.08577863803982 -1.73899602899014
2024-05-11T17:04:12.000 3043.960423769480 2913.004332028230 -5333.555778072750 -5.41219788526306 5.40741006881998 -0.13858692439023
2024-05-11T17:08:12.000 1650.479594535770 4089.540274649320 -5172.636459051710 -6.12951347487000 4.33740657010916 1.47141316000141
2024-05-11T17:12:12.000 137.402945592144 4969.713113257340 -4635.807223537580 -6.40277080887931 2.95257642521993 2.97504064453032
2024-05-11T17:16:12.000 -1385.619415816030 5489.489440413980 -3761.858388376670 -6.21174400609209 1.35218905498801 4.26364096440120
2024-05-11T17:20:12.000 -2808.022710162000 5610.716264520350 -2614.035107551070 -5.56917991669096 -0.34851791761404 5.24327923386975
2024-05-11T17:24:12.000 -4026.264341458750 5324.048711675860 -1275.653186643950 -4.52060997201871 -2.02614943412066 5.84172817492130
2024-05-11T17:28:12.000 -4951.415100740580 4649.845862262940 155.832712703998 -3.14162288974277 -3.55810335608024 6.01420892468431
2024-05-11T17:32:12.000 -5515.797591563050 3636.865309256100 1575.923829361240 -1.53264953900957 -4.83186107592265 5.74724695393431
2024-05-11T17:36:12.000 -5678.088245132860 2358.773493310330 2880.806607007770 0.18853360931889 -5.75373499116593 5.06002197527227
2024-05-11T17:40:12.000 -5426.412202444390 908.715695649874 3975.068893589980 1.89588544138001 -6.25611623066871 4.00289352786413
2024-05-11T17:44:12.000 -4779.174687989120 -607.582297087256 4778.746568008060 3.46468417893131 -6.30237757144744 2.65337927344057
2024-05-11T17:48:12.000 -3783.636543070340 -2079.594109152050 5233.163053779210 4.78069732747980 -5.88935282078784 1.11021713444219
2024-05-11T17:52:12.000 -2512.375408466610 -3400.052255055980 5305.138510603110 5.74836764498573 -5.04712276070408 -0.51415435717087
2024-05-11T17:56:12.000 -1057.998700420540 -4472.685031174730 4989.338442741820 6.29731841179098 -3.83668615848433 -2.10149444614190
2024-05-11T18:00:12.000 473.525560387164 -5219.158950422350 4308.671220682590 6.38723437482373 -2.34567213125127 -3.53605739611258
2024-05-11T18:04:12.000 1970.486130584510 -5584.800920558380 3312.715256635880 6.01096035891002 -0.68251933211791 -4.71268795987212
2024-05-11T18:08:12.000 3323.571545124570 -5542.711467485090 2074.214470784160 5.19559299842258 1.03119693372055 -5.54474391987922
2024-05-11T18:12:12.000 4433.940106861480 -5095.857620158140 683.800410161536 4.00079654347821 2.66970032089346 -5.97078956680136
2024-05-11T18:16:12.000 5220.583299324920 -4276.948505958900 -756.696846229683 2.51459602089337 4.11253636988999 -5.95959366995565
2024-05-11T18:20:12.000 5626.368815055810 -3146.010526636810 -2141.858872286840 0.84661537557170 5.25401077030288 -5.51266226016489
2024-05-11T18:24:12.000 5622.219177139520 -1785.838815296660 -3370.548948163900 -0.88050320953689 6.01127352708816 -4.66389961275055
2024-05-11T18:28:12.000 5209.094176850370 -295.738222660557 -4353.383385619470 -2.54073692872133 6.33038232957502 -3.47660244535877
2024-05-11T18:32:12.000 4417.657636005190 1215.865403751070 -5019.174520366820 -4.01405473270231 6.18961152225911 -2.03808841833402
2024-05-11T18:36:12.000 3305.811526276500 2639.306150008650 -5319.909897676900 -5.19479075383877 5.60028817365501 -0.45295442640747
2024-05-11T18:40:12.000 1954.385998622270 3871.483515847130 -5234.010430201500 -5.99857739768488 4.60541575425222 1.16439238442980
2024-05-11T18:44:12.000 461.341982774912 4823.116074966970 -4767.753563630930 -6.36778998231328 3.27647051019431 2.69752892583033
2024-05-11T18:48:12.000 -1065.132735763130 5425.036322168060 -3954.826827384380 -6.27535208174222 1.70869938157107 4.03573740342493
2024-05-11T18:52:12.000 -2514.266689740900 5633.181042207320 -2854.039162757200 -5.72701652788227 0.01487851746152 5.08164026693697
2024-05-11T18:56:12.000 -3780.638206705920 5431.903898138460 -1545.247886934640 -4.76143705515332 -1.68232404593295 5.75832511127398
2024-05-11T19:00:12.000 -4771.859858086850 4835.326087288440 -123.699080733991 -3.44802435714157 -3.25904535036769 6.01534363890783
2024-05-11T19:04:12.000 -5415.449720817730 3886.503951385900 1306.877467594010 -1.88225221635668 -4.59957133733786 5.83296713302639
2024-05-11T19:08:12.000 -5664.288104496600 2654.385168589660 2641.917524117970 -0.17866561731260 -5.60527224520108 5.22406821287387
2024-05-11T19:12:12.000 -5500.165264786020 1228.746103958260 3783.800377080110 1.53794809455685 -6.20233001325978 4.23324179576640
2024-05-11T19:16:12.000 -4935.090136910520 -286.467088115691 4649.073155086920 3.14213492824222 -6.34717762370125 2.93316343188399
2024-05-11T19:20:12.000 -4010.333233302570 -1780.800112688110 5174.546713706650 4.51699074541949 -6.02942007305852 1.41895449305246
2024-05-11T19:24:12.000 -2793.334720211950 -3145.351619292710 5321.858937416520 5.56264305577703 -5.27226225421908 -0.19891710688902
2024-05-11T19:28:12.000 -1372.759696214090 -4280.650185071650 5080.197261587400 6.20308893865753 -4.13058883651889 -1.80268346162801
2024-05-11T19:32:12.000 147.896474321217 -5103.827267059800 4467.075915693100 6.39148754446941 -2.68707404281435 -3.27544617140814
2024-05-11T19:36:12.000 1657.758916687950 -5554.641893246200 3527.128291969560 6.11358491705657 -1.04652140314969 -4.50945876345823
2024-05-11T19:40:12.000 3046.602628002600 -5599.959311563300 2328.964454808250 5.38912035741458 0.67129561402161 -5.41391827378742
2024-05-11T19:44:12.000 4212.963163948250 -5236.330457100800 960.234369797681 4.27097764027871 2.34033909273630 -5.92203143367547
2024-05-11T19:48:12.000 5071.700379380960 -4490.349024816870 -478.825462499793 2.84147065074077 3.83790783984588 -5.99642173653990
2024-05-11T19:52:12.000 5560.359823232500 -3416.697318025800 -1882.867446144050 1.20609848935431 5.05416344102896 -5.63215904845324
2024-05-11T19:56:12.000 5643.773208502830 -2094.008846992030 -3149.313477454750 -0.51477551283538 5.90062871868693 -4.85705501417560
2024-05-11T20:00:12.000 5316.499218011460 -618.914932049785 -4185.955169827460 -2.19538695936020 6.31667161229531 -3.72906548771854
2024-05-11T20:04:12.000 4602.984262569780 901.167549836561 -4917.639129834160 -3.71396939713729 6.27350400881184 -2.33137694173263
2024-05-11T20:08:12.000 3555.534299741450 2355.894720446150 -5291.556807707800 -4.96146393770882 5.77551355291701 -0.76582492580117
2024-05-11T20:12:12.000 2250.370411387890 3639.874915944000 -5280.845015193000 -5.84870782080398 4.85926768388242 0.85448479911820
2024-05-11T20:16:12.000 782.137728788817 4660.092041897370 -4886.368422893650 -6.31216583403757 3.59071933815472 2.41288500604612
2024-05-11T20:20:12.000 -742.784576237944 5342.456344425080 -4136.638272574460 -6.31815276045003 2.06076414218446 3.79695662413510
2024-05-11T20:24:12.000 -2213.782377291270 5637.108106748740 -3085.867330829040 -5.86532964306643 0.37932144829483 4.90619092393009
2024-05-11T20:28:12.000 -3523.886267968890 5522.135582477350 -1810.237799477370 -4.98536523678833 -1.33195543192029 5.65914377994157
2024-05-11T20:32:12.000 -4577.566575649560 5005.378071570710 -402.541072324494 -3.74142363496148 -2.94833407655747 5.99982728033640
2024-05-11T20:36:12.000 -5297.818832047230 4124.046378827200 1034.543316184570 -2.22379280945427 -4.35133628295399 5.90240189976305
2024-05-11T20:40:12.000 -5631.929870014490 2942.124060462140 2396.002858867780 -0.54335446814712 -5.43778605004262 5.37344291843441
2024-05-11T20:44:12.000 -5555.443772594040 1545.699034133370 3582.286408111360 1.17681164252971 -6.12785673638111 4.45159278796518
2024-05-11T20:48:12.000 -5073.965143908640 36.586259715320 4506.683594202750 2.81089232057234 -6.37111675068527 3.20449134164495
2024-05-11T20:52:12.000 -4222.674157790870 -1475.196147607740 5101.682136938840 4.23975629002466 -6.15000161245625 1.72344817378143
2024-05-11T20:56:12.000 -3063.669199359510 -2879.474065619970 5323.845317714950 5.35954272694986 -5.48071830935903 0.11653935388089
2024-05-11T21:00:12.000 -1681.402865101340 -4073.893028249190 5156.912587026270 6.08890650030886 -4.41180736422230 -1.49920338186087
2024-05-11T21:04:12.000 -176.573633440345 -4971.301257546730 4612.957377076710 6.37459907369732 -3.02068272233069 -3.00607785538902
2024-05-11T21:08:12.000 1341.118494707010 -5506.076682752850 3731.558238667940 6.19535045743529 -1.40830505932712 -4.29394092229916
2024-05-11T21:12:12.000 2760.914015186870 -5638.965986852900 2577.020728122680 5.56372540753920 0.30780710281384 -5.26814073019439
2024-05-11T21:16:12.000 3979.112137891060 -5360.094971100860 1233.769609906660 4.52568431997670 2.00188750040236 -5.85680695754758
2024-05-11T21:20:12.000 4906.760510912940 -4689.813048142140 -199.842982945403 3.15746146862374 3.54941467745133 -6.01650981257841
2024-05-11T21:24:12.000 5476.316509198870 -3677.247175450890 -1618.843170718970 1.56007572063125 4.83672269982064 -5.73592291778333
2024-05-11T21:28:12.000 5646.656320427850 -2396.583193198930 -2919.508402706970 -0.14881599956810 5.76997222631816 -5.03665881995933
2024-05-11T21:32:12.000 5405.977368065180 -941.438211359720 -4007.070591953310 -1.84411850079138 6.28205274603147 -3.97116802701101
2024-05-11T21:36:12.000 4772.439222786060 582.154293852114 -4802.617236372640 -3.40279499322475 6.33714345161502 -2.61819788212472
2024-05-11T21:40:12.000 3792.587995509950 2063.528546861710 -5248.675591811620 -4.71269494483827 5.93256153958867 -1.07653232588106
2024-05-11T21:44:12.000 2537.806835272710 3395.330022184190 -5313.167597645650 -5.68014692827905 5.09831735346997 0.54227788844399
2024-05-11T21:48:12.000 1099.127518684320 4481.091866035180 -4991.544637642520 -6.23594706241472 3.89458575451101 2.12165146212146
2024-05-11T21:52:12.000 -419.212823022325 5242.019286057030 -4307.065745606360 -6.33988405271602 2.40764509966257 3.54773922622379
2024-05-11T21:56:12.000 -1907.116333506820 5622.608459399110 -3309.212744331020 -5.98367210788140 0.74424290828075 4.71713554987120
2024-05-11T22:00:12.000 -3256.453219231720 5594.735104166460 -2070.291922739370 -5.19200579299274 -0.97549703712869 5.54420831644928
2024-05-11T22:04:12.000 -4368.890094046480 5159.884422025950 -680.362638092784 -4.02142177477902 -2.62643630027993 5.96763706590650
2024-05-11T22:08:12.000 -5163.145867806050 4349.268528740930 759.236906363409 -2.55671577635838 -4.08755733441059 5.95543780044113
2024-05-11T22:12:12.000 -5581.111167687720 3221.693060828590 2143.333147120130 -0.90493963566677 -5.25147196163983 5.50790255507377
2024-05-11T22:16:12.000 -5592.209832969850 1859.249408874550 3370.733735681820 0.81301107505184 -6.03274105541115 4.65766457078355
2024-05-11T22:20:12.000 -5195.636149725550 361.252705361203 4351.715622734290 2.47149006610552 -6.37415900548235 3.46705672688186
2024-05-11T22:24:12.000 -4420.370323192040 -1163.082906645190 5014.620771813000 3.94947832536262 -6.25092268783794 2.02330796772351
2024-05-11T22:28:12.000 -3322.981494397560 -2602.661318772300 5311.057981706100 5.13948604271623 -5.67217800820479 0.43184013341534
2024-05-11T22:32:12.000 -1983.442713279620 -3852.568191135790 5219.350827940250 5.95508008794222 -4.67993316798986 -1.19146085817452
2024-05-11T22:36:12.000 -499.336836570206 -4821.628545781780 4746.086797495920 6.33680170351743 -3.34601905778865 -2.72833696241070
2024-05-11T22:40:12.000 1021.165745957650 -5439.014283256590 3925.681240515750 6.25644410415086 -1.76717949324255 -4.06653142676784
2024-05-11T22:44:12.000 2467.125836278740 -5659.449935017670 2817.964761386680 5.71933837797979 -0.05838669232271 -5.10778504772325
2024-05-11T22:48:12.000 3732.942643399620 -5466.654908649220 1503.915868838040 4.76446214066751 1.65519612408313 -5.77531876293693
2024-05-11T22:52:12.000 4726.182349720790 -4874.664508215680 79.729987093378 3.46189132104347 3.24771755071790 -6.01992817739038
2024-05-11T22:56:12.000 5374.467187541080 -3926.844554812850 -1350.306314546580 1.90765854256974 4.60216834051386 -5.82386503847271
2024-05-11T23:00:12.000 5630.869981439320 -2692.658927584630 -2681.614059864190 0.21637807096226 5.61954681692720 -5.20246342157663
2024-05-11T23:04:12.000 5477.284243270650 -1262.381888293960 -3817.128837381670 -1.48795976001239 6.22646466901317 -4.20248801771011
2024-05-11T23:08:12.000 4925.541800658960 259.696674223103 -4674.393064737450 -3.08144633871970 6.38014336099764 -2.89803729626594
2024-05-11T23:12:12.000 4016.290643968030 1762.956379317510 -5191.425783470720 -4.44924704277097 6.07080363405654 -1.38454824547329
2024-05-11T23:16:12.000 2815.856503152980 3138.420602394160 -5331.008494546010 -5.49341902097126 5.32173233119688 0.22831246462119
2024-05-11T23:20:12.000 1411.382965666100 4286.473317717200 -5083.187816404420 -6.13935838029820 4.18713908646780 1.82431364345878
2024-05-11T23:24:12.000 -95.369003189965 5123.854676302120 -4465.908494468170 -6.34052071541163 2.74837179672143 3.28848507459761
2024-05-11T23:28:12.000 -1595.181877751250 5589.573765493240 -3523.784988772040 -6.08172318539154 1.10863720314619 4.51483079284282
2024-05-11T23:32:12.000 -2979.125233703530 5649.363673052930 -2325.044632947040 -5.38062209868535 -0.61382368938619 5.41376351364048
2024-05-11T23:36:12.000 -4146.407626154740 5298.338647476050 -956.766962761635 -4.28709451682770 -2.29385496245763 5.91880266477619
2024-05-11T23:40:12.000 -5011.796768510870 4561.571818999920 481.350154185345 -2.88018369366266 -3.80854658037284 5.99202858104468
2024-05-11T23:44:12.000 -5511.986934700500 3492.421244203150 1884.282993856350 -1.26245389784413 -5.04660122658119 5.62730802944148
2024-05-11T23:48:12.000 -5610.372430196840 2168.693022789190 3149.460011356620 0.44758458931974 -5.91696189453100 4.85113676304822
2024-05-11T23:52:12.000 -5299.778860347270 686.871563765870 4184.399697812480 2.12480478599902 -6.35598238637264 3.72047333601173
2024-05-11T23:56:12.000 -4602.910514118480 -845.026539334212 4913.499219152280 3.64686099007201 -6.33173456389589 2.31811557193705
2024-05-12T00:00:12.000 -3570.611238719240 -2315.356289731320 5283.519838572610 4.90300113345913 -5.84605180685805 0.74647472725560
2024-05-12T00:04:12.000 -2278.115858080150 -3616.957241904200 5267.417395703240 5.80193440952877 -4.93422356484331 -0.87991103910675
2024-05-12T00:08:12.000 -819.577434343537 -4654.903729491610 4866.266437056170 6.27820103122014 -3.66227495655513 -2.44263719794944
2024-05-12T00:12:12.000 698.712379573252 -5353.359468221430 4109.205009902790 6.29672785753233 -2.12236849550513 -3.82761468232431
2024-05-12T00:16:12.000 2165.990147638090 -5661.137280380100 3051.416130135890 5.85562048302878 -0.42657308107183 -4.93321631073769
2024-05-12T00:20:12.000 3475.102260573490 -5555.564064077220 1770.201491094900 4.98674104952527 1.30100654468541 -5.67795368731748
2024-05-12T00:24:12.000 4530.429434685530 -5044.283661179820 359.347550692003 3.75381960694549 2.93345272873703 -6.00687244864096
2024-05-12T00:28:12.000 5255.030883392270 -4164.754998634200 -1077.828774189860 2.24776441712647 4.35084429303341 -5.89603874143274
2024-05-12T00:32:12.000 5596.356842060570 -2981.443714645720 -2436.196340690210 0.57960402979613 5.44948420079950 -5.35435215812161
2024-05-12T00:36:12.000 5530.068023376890 -1580.947849289860 -3616.645447836150 -1.12815514432258 6.14981444616049 -4.42271286815727
2024-05-12T00:40:12.000 5061.647897769410 -65.460616162733 -4533.382103865010 -2.75109484282798 6.40215139525435 -3.17037391339134
2024-05-12T00:44:12.000 4225.740661036990 1454.807691182190 -5120.074680546580 -4.17207243339876 6.18964164508413 -1.68918074103924
2024-05-12T00:48:12.000 3083.416147346060 2869.608245169960 -5334.458889019260 -5.28925252314818 5.52870578973304 -0.08663166775264
2024-05-12T00:52:12.000 1717.662234172720 4076.480414792340 -5161.192538178840 -6.02280907654378 4.46738687522152 1.52172166695683
2024-05-12T00:56:12.000 227.452690347729 4987.953642802880 -4612.853993235660 -6.32008066421800 3.08184086623461 3.02005885533154
2024-05-12T01:00:12.000 -1279.227677944090 5537.724997418880 -3729.071218888530 -6.15909028861213 1.47136927256844 4.30006294320097
2024-05-12T01:04:12.000 -2693.013201522030 5685.471484937460 -2573.813713487460 -5.55047366893474 -0.24804898445123 5.26842802321957
2024-05-12T01:08:12.000 -3911.010813560610 5419.922126319700 -1230.942546218840 -4.53731166934349 -1.95171314811091 5.85375847190024
2024-05-12T01:12:12.000 -4844.333433737790 4759.894415132300 201.757466626634 -3.19262267138076 -3.51513896718870 6.01223712969823
2024-05-12T01:16:12.000 -5424.733942134220 3753.107132011360 1619.703147284370 -1.61432614672715 -4.82354459742411 5.73146057187776
2024-05-12T01:20:12.000 -5609.733435942360 2472.760508578570 2919.248624957320 0.08212484778713 -5.78072650051297 5.03160955595134
2024-05-12T01:24:12.000 -5385.801653154270 1012.156291605340 4005.381896516080 1.77251124620766 -6.31647880181215 3.96398524581454
2024-05-12T01:28:12.000 -4769.314849979920 -522.223875438998 4798.745975656200 3.33339829210294 -6.39179829715773 2.60686408652819
2024-05-12T01:32:12.000 -3805.264665884800 -2018.556416908640 5241.412499622510 4.65120979644522 -6.00136319356667 1.05939303779140
2024-05-12T01:36:12.000 -2563.906787263410 -3367.796201102190 5301.029235128430 5.63018324957433 -5.17346954135371 -0.56570499816896
2024-05-12T01:40:12.000 -1135.668514963700 -4471.546051417990 4973.142043438880 6.19900361157241 -3.96804929985259 -2.15005054845609
2024-05-12T01:44:12.000 375.376114329399 -5249.186387426910 4281.541652520160 6.31593174544959 -2.47243074648701 -3.57804734834797
2024-05-12T01:48:12.000 1859.009908436730 -5643.760820005030 3276.612732769020 5.97188664512985 -0.79537568637757 -4.74501313764451
2024-05-12T01:52:12.000 3206.891230971530 -5626.244031019920 2031.761036260410 5.19155341926655 0.94053722326794 -5.56500730856615
2024-05-12T01:56:12.000 4320.543852500380 -5197.807211745100 638.095523655510 4.03203460216031 2.60780846974097 -5.97744353007245
2024-05-12T02:00:12.000 5118.715494676590 -4389.833533551690 -802.305262247024 2.57883404376835 4.08384763750755 -5.95214306414988
2024-05-12T02:04:12.000 5543.429968151200 -3261.569598026010 -2184.032020827520 0.93915244764730 5.26053927072363 -5.49166822703894
2024-05-12T02:08:12.000 5564.224592915510 -1895.633720910620 -3406.204915283900 -0.76644864064473 6.05246850324095 -4.63091570264496
2024-05-12T02:12:12.000 5180.235806427010 -391.772993177394 -4379.917798273610 -2.41346830656945 6.40313812457505 -3.43404268707990
2024-05-12T02:16:12.000 4420.013190447530 1140.563010918130 -5034.652264617310 -3.88278259795008 6.28856403110140 -1.98907649950524
2024-05-12T02:20:12.000 3339.205417859430 2590.192391854940 -5323.207294661920 -5.06897717935285 5.71825215921575 -0.40108765865997
2024-05-12T02:24:12.000 2016.402757255290 3852.120441696750 -5224.895027335180 -5.88731324671491 4.73387182848892 1.21533111257482
2024-05-12T02:28:12.000 547.495949724140 4834.919605134500 -4746.898912860950 -6.27914223925180 3.40616628367764 2.74381948079021
2024-05-12T02:32:12.000 -961.085554908970 5467.174137897610 -3923.761890329520 -6.21580799786777 1.83024983069072 4.07400815863107
2024-05-12T02:36:12.000 -2399.883047645740 5702.621981651960 -2815.039650280370 -5.70095995919710 0.11947129749369 5.10908357376960
2024-05-12T02:40:12.000 -3664.243188579810 5523.638487679310 -1501.171153099480 -4.77085207349596 -1.60227008118334 5.77293408491679
2024-05-12T02:44:12.000 -4661.947646099210 4942.724577777250 -77.772163112670 -3.49231711543403 -3.20936570806078 6.01605768351845
2024-05-12T02:48:12.000 -5320.065433477170 4001.794556448910 1351.294165447450 -1.95830615121940 -4.58388605859941 5.81975417877905
2024-05-12T02:52:12.000 -5590.444187262180 2769.215463447700 2681.587266898090 -0.28101958150159 -5.62478725232270 5.19797908025670
2024-05-12T02:56:12.000 -5453.310572820080 1334.774509487180 3815.851465086750 1.41678009719154 -6.25573117099335 4.19623366176668
2024-05-12T03:00:12.000 -4918.693779683430 -196.960348078337 4671.196477968340 3.01104357371551 -6.43062066105358 2.88795182374954
2024-05-12T03:04:12.000 -4025.628681609110 -1714.342776926640 5185.161055587200 4.38562075543446 -6.13689357949294 1.36883397819329
2024-05-12T03:08:12.000 -2839.216845251860 -3106.806098172380 5320.208506512600 5.44070718705119 -5.39595498739987 -0.25040093712038
2024-05-12T03:12:12.000 -1445.866023727590 -4272.831115662090 5066.388326523840 6.09953911039281 -4.26135549833273 -1.85192032946649
2024-05-12T03:16:12.000 52.908581796769 -5127.274002356390 4442.075528870300 6.31379139164094 -2.81524405636675 -3.31889570904374
2024-05-12T03:20:12.000 1547.806676697880 -5607.590517231930 3492.722028353060 6.06733139068670 -1.16269273247718 -4.54389612784021
2024-05-12T03:24:12.000 2929.683451721590 -5678.487518508310 2287.640969779300 5.37766556871386 0.57561799775236 -5.43676057270799
2024-05-12T03:28:12.000 4097.577865079450 -5334.645116051750 915.004335676599 4.29513514968688 2.27213423641742 -5.93153117171848
2024-05-12T03:32:12.000 4966.235198189850 -4601.221715090400 -524.649401448935 2.89947137433284 3.80208977699272 -5.99183915334405
2024-05-12T03:36:12.000 5472.474091071950 -3532.004355251940 -1925.926562052720 1.29369404894441 5.05323923868533 -5.61385187219583
2024-05-12T03:40:12.000 5579.838018392230 -2205.326100573450 -3186.459328586520 -0.40400815426505 5.93457922991691 -4.82639077496276
2024-05-12T03:44:12.000 5281.134568178310 -718.130897417440 -4214.476135211970 -2.06952017264489 6.38293717616710 -3.68829476111389
2024-05-12T03:48:12.000 4598.732218775930 821.264629027303 -4935.453435642830 -3.58214006778014 6.36718279391616 -2.28347222790391
2024-05-12T03:52:12.000 3582.686859684770 2301.094400633210 -5297.365088733600 -4.83316614859405 5.88974809090222 -0.71429860111035
2024-05-12T03:56:12.000 2306.960982660750 3614.143405952180 -5274.231892452870 -5.73317691228343 4.98581285916308 0.90582937254819
2024-05-12T04:00:12.000 864.072692056892 4665.303634940510 -4867.831900448190 -6.21778069285009 3.72047480151997 2.46029452802007
2024-05-12T04:04:12.000 -641.440967247589 5378.258506279620 -4107.545325535590 -6.25179567708684 2.18438454669957 3.83698205157955
2024-05-12T04:08:12.000 -2100.388141669760 5700.938820176000 -3048.352908319550 -5.83189318842750 0.48784902593854 4.93590918678416
2024-05-12T04:12:12.000 -3406.696711253470 5609.397849391320 -1767.053965838040 -4.98738150001945 -1.24641467374283 5.67638364212073
2024-05-12T04:16:12.000 -4465.135693135620 5109.768083973500 -356.850443091666 -3.77883236060679 -2.89202179855134 6.00335525763053
2024-05-12T04:20:12.000 -5198.370966585290 4238.007515310310 1079.401954751250 -2.29392191688043 -4.32837790320324 5.89198535740426
2024-05-12T04:24:12.000 -5552.756153259330 3057.398929590520 2436.757185809460 -0.64115314645674 -5.44986838671363 5.34987595982971
2024-05-12T04:28:12.000 -5502.369286929810 1653.925728090190 3615.975730896490 1.05844693427428 -6.17416220185874 4.41665422968221
2024-05-12T04:32:12.000 -5050.911753184070 129.896903602277 4530.876499844780 2.68063063651016 -6.44837023671083 3.16077957428440
2024-05-12T04:36:12.000 -4231.354057465200 -1403.603149398940 5114.640108649560 4.10720302971266 -6.25261889049553 1.67409835291997
2024-05-12T04:40:12.000 -3103.460741338750 -2834.820719882360 5324.635445624830 5.23443417327965 -5.60122827052091 0.06509951928648
2024-05-12T04:44:12.000 -1749.393950023920 -4059.437690658650 5145.470599557440 5.98047328455644 -4.54138656009516 -1.54909751793448
2024-05-12T04:48:12.000 -267.777225517183 -4988.073234282320 4590.080439170380 6.29076991793274 -3.14970582427250 -3.05090211876204
2024-05-12T04:52:12.000 1233.370041755900 -5552.783133908080 3698.862499810440 6.14212517476580 -1.52720059758088 -4.33041847702098
2024-05-12T04:56:12.000 2644.466262633600 -5712.111846299420 2536.852396813030 5.54487718464031 0.20772953891975 -5.29354217272419
2024-05-12T05:00:12.000 3862.418842380520 -5454.257225173510 1189.039246917260 4.54249386114266 1.92788472212115 -5.86916988463470
2024-05-12T05:04:12.000 4798.284758070180 -4798.055388212890 -245.867393396010 3.20871305993908 3.50678907913255 -6.01486257163975
2024-05-12T05:08:12.000 5383.920877099020 -3791.627219015390 -1662.793799213890 1.64199529209705 4.82849631129891 -5.72039397320486
2024-05-12T05:12:12.000 5577.021161864200 -2508.736063314550 -2958.170525744810 -0.04222793265287 5.79662575604883 -5.00838829448221
2024-05-12T05:16:12.000 5364.122586535420 -1043.188554051820 -4037.616499522770 -1.72061237777762 6.34154587726624 -3.93222005774676
2024-05-12T05:20:12.000 4761.367642472200 498.204230910855 -4822.811529582230 -3.27132962229771 6.42506486803828 -2.57141233829123
2024-05-12T05:24:12.000 3813.074982105690 2003.464593347170 -5257.039503880670 -4.58276602697358 6.04246979214963 -1.02533097431377
2024-05-12T05:28:12.000 2588.353302062000 3363.494107239940 -5309.086046044260 -5.56109044428828 5.22221598968528 0.59414583561450
2024-05-12T05:32:12.000 1176.073059447220 4479.783715194350 -4975.318838693250 -6.13635003181602 4.02355131922609 2.17035929071284
2024-05-12T05:36:12.000 -321.442795894265 5271.342999823490 -4279.890072055990 -6.26701185042708 2.53240000902982 3.58972467395067
2024-05-12T05:40:12.000 -1795.621235393720 5680.457742746310 -3273.075740303580 -5.94287274449161 0.85574967566002 4.74937418506200
2024-05-12T05:44:12.000 -3139.341016269270 5676.932146487700 -2027.830433336270 -5.18629023831738 -0.88534664470575 5.56434769630217
2024-05-12T05:48:12.000 -4254.690473130710 5260.481649809810 -634.680683396672 -4.05128518535422 -2.56418325706425 5.97416835688771
2024-05-12T05:52:12.000 -5060.204154919230 4460.979725529000 804.798584980464 -2.62010330108748 -4.05777438111754 5.94792103493144
2024-05-12T05:56:12.000 -5496.965488231820 3336.405876273690 2185.453288634520 -0.99722139476318 -5.25639795903821 5.48691058162719
2024-05-12T06:00:12.000 -5533.024816370050 1968.626562627280 3406.341526010170 0.69855058498686 -6.07200238680532 4.62472342034717
2024-05-12T06:04:12.000 -5165.766060113100 457.348071035325 4378.223053580550 2.34315595421738 -6.44491287997304 3.42464001321794
2024-05-12T06:08:12.000 -4422.029864490420 -1087.261222309340 5030.119308811050 3.81669325700670 -6.34809434238262 1.97453908823437
2024-05-12T06:12:12.000 -3356.064153229060 -2552.641891034300 5314.434666167900 5.01202237254521 -5.78870475329155 0.38019753644608
2024-05-12T06:16:12.000 -2045.536433083070 -3831.996185197000 5210.359194787280 5.84227336910038 -4.80729757343263 -1.24226399726983
2024-05-12T06:20:12.000 -585.900613619723 -4831.994263442380 4725.369368006980 6.24694748188125 -3.47486654481486 -2.77466312094403
2024-05-12T06:24:12.000 916.467013277384 -5479.524636188560 3894.722766930260 6.19609076008616 -1.88798098278688 -4.10502329581963
2024-05-12T06:28:12.000 2351.938814093200 -5727.088451876670 2778.995767980770 5.69280612078742 -0.16225888138030 -5.13563638132622
2024-05-12T06:32:12.000 3615.655519510610 -5556.413713719620 1459.755984299820 4.77358074253429 1.57586002759998 -5.79044411533371
2024-05-12T06:36:12.000 4615.313071894820 -4979.927922972610 33.598522794219 3.50592660278348 3.19861454240132 -6.02111985779513
2024-05-12T06:40:12.000 5278.059765487190 -4039.894879618940 -1395.031722601990 1.98339690552233 4.58676533075377 -5.81103354506120
2024-05-12T06:44:12.000 5555.909185459980 -2805.231089931470 -2721.661356567330 0.31826537117404 5.63889485101491 -5.17654709349437
2024-05-12T06:48:12.000 5429.186219006040 -1366.264644261470 -3849.565121394750 -1.36736062455393 6.27906905497108 -4.16536332571105
2024-05-12T06:52:12.000 4907.766336265720 172.059148572334 -4696.837601424570 -2.95089456980524 6.46207858825376 -2.85240988140038
2024-05-12T06:56:12.000 4030.098055199660 1697.921450421780 -5202.226683249770 -4.31820782881006 6.17606288168580 -1.33373540825070
2024-05-12T07:00:12.000 2860.219647753640 3100.690262531000 -5329.359474111890 -5.37137154448580 5.44261689537246 0.28061999730850
2024-05-12T07:04:12.000 1483.069959409800 4278.756995356680 -5069.185948113700 -6.03508077332354 4.31485075758599 1.87431193441769
2024-05-12T07:08:12.000 -1.556385300367 5146.685584942030 -4440.555274310630 -6.26154125016381 2.87367830170068 3.33249578412558
2024-05-12T07:12:12.000 -1486.047681484130 5641.279375268840 -3488.915954687770 -6.03380968282452 1.22248981326838 4.54963735532345
2024-05-12T07:16:12.000 -2862.597512639880 5726.178666958890 -2283.186684224910 -5.36730505191842 -0.51971811354723 5.43684284411923
2024-05-12T07:20:12.000 -4030.959138190260 5394.661169207170 -910.956475653241 -4.30934619763270 -2.22639780433573 5.92845030951449
2024-05-12T07:24:12.000 -4905.819840789530 4670.374110324870 527.774564432339 -2.93639301085376 -3.77262655772999 5.98745342615648
2024-05-12T07:28:12.000 -5423.199143384170 3605.779520402590 1927.925199074310 -1.34862402837478 -5.04479284391506 5.60885003091838
2024-05-12T07:32:12.000 -5545.254197510910 2278.349076642520 3187.132769951110 0.33771802034921 -5.94943396443654 4.82014913996522
2024-05-12T07:36:12.000 -5263.085374587010 784.836537822315 4213.348777631560 1.99924485017432 -6.42033256202158 3.67921374784794
2024-05-12T07:40:12.000 -4597.328114321850 -765.880102121378 4931.612624815910 3.51474751475087 -6.42324626974438 2.26964031109651
2024-05-12T07:44:12.000 -3596.558718189710 -2260.784494348690 5289.487661442550 4.77398019592381 -5.95808549465834 0.69435706189082
2024-05-12T07:48:12.000 -2333.705699301110 -3590.934890824290 5260.815085904610 5.68545120265726 -5.05864499505252 -0.93191539180507
2024-05-12T07:52:12.000 -900.755184395222 -4659.325341739910 4847.574671246200 6.18276146808722 -3.78999820823685 -2.49075991607631
2024-05-12T07:56:12.000 597.872827022133 -5387.895458928250 4079.786055798800 6.22932639443147 -2.24405877858449 -3.86833353223429
2024-05-12T08:00:12.000 2052.855834470720 -5723.256731201810 3013.417389725160 5.82119242527677 -0.53333218658511 -4.96355988805866
2024-05-12T08:04:12.000 3357.939976898820 -5640.716554438130 1726.395300316770 4.98780738697439 1.21700970906850 -5.69570864450570
2024-05-12T08:08:12.000 4417.796782406490 -5146.227411672620 312.931672004497 3.79025702996212 2.87837997441334 -6.01072540587153
2024-05-12T08:12:12.000 5155.139804740050 -4276.024237547500 -1123.457220528590 2.31685108346712 4.32865873570442 -5.88565716812196
2024-05-12T08:16:12.000 5516.483523834850 -3093.915617973400 -2477.691853962630 0.67631339890924 5.46169890141050 -5.33051227556888
2024-05-12T08:20:12.000 5476.030002894040 -1686.428385645710 -3650.973688650450 -1.01089618997894 6.19549680715152 -4.38719442749987
2024-05-12T08:24:12.000 5037.371083399830 -156.276563935006 -4558.036297206460 -2.62186039863243 6.47791821235888 -3.12576819051211
2024-05-12T08:28:12.000 4232.980638057800 1385.250118253300 -5133.251875418080 -4.04027347851055 6.28993987610861 -1.63872593109944
2024-05-12T08:32:12.000 3121.633186629610 2826.347608847390 -5335.185653270440 -5.16448459037778 5.64620226481635 -0.03395512245150
2024-05-12T08:36:12.000 1784.065924532510 4062.630418510020 -5149.389214762970 -5.91411437303128 4.59347350395399 1.57282996002534
2024-05-12T08:40:12.000 317.215416743744 5004.475765613490 -4589.345102622850 -6.23528979963997 3.20730965679636 3.06589853581845
2024-05-12T08:44:12.000 -1172.614453881220 5583.369541470500 -3695.534950692690 -6.10431427983590 1.58711041959449 4.33726765166948
2024-05-12T08:48:12.000 -2577.279222666870 5756.875104893950 -2532.665105771940 -5.52971307491572 -0.15044836463876 5.29427022165053
2024-05-12T08:52:12.000 -3794.554415944980 5511.841413738770 -1185.154588521720 -4.55208563022542 -1.87940300017339 5.86633721181616
2024-05-12T08:56:12.000 -4735.599972449190 4865.581254230960 248.865580573122 -3.24180505296975 -3.47342324507529 6.01057304570340
2024-05-12T09:00:12.000 -5331.596778464400 3864.810946632370 1664.691440856320 -1.69432586752444 -4.81540552364649 5.71555461569373
2024-05-12T09:04:12.000 -5538.937100136810 2582.313250286340 2958.813455251870 -0.02291642093547 -5.80667455385246 5.00259629036263
2024-05-12T09:08:12.000 -5342.474287838020 1111.561860101570 4036.613023617470 1.65003386278531 -6.37456575694165 3.92398234142676
2024-05-12T09:12:12.000 -4756.594823862840 -440.210776997640 4819.344901653100 3.20237021790348 -6.47775436575589 2.55880986605620
2024-05-12T09:16:12.000 -3824.068038686120 -1959.903469097680 5249.859887890470 4.52113934452021 -6.10887960636064 1.00681293337500
2024-05-12T09:20:12.000 -2612.863535193180 -3336.763805298120 5296.702783343070 5.51051250811809 -5.29472482579007 -0.61890915143612
2024-05-12T09:24:12.000 -1211.211935688720 -4470.391554928250 4956.365078231450 6.09848109492239 -4.09425746149531 -2.19996880996042
2024-05-12T09:28:12.000 278.757225408593 -5277.996675877990 4253.546191172820 6.24190190416736 -2.59440681574090 -3.62103927516895
2024-05-12T09:32:12.000 1748.368645358300 -5700.443596980740 3239.451415135920 5.92978506123949 -0.90424590105301 -4.77793340161680
2024-05-12T09:36:12.000 3090.313188175720 -5706.677913162500 1988.157060207080 5.18449178092420 0.85269010571642 -5.58545094838892
2024-05-12T09:40:12.000 4206.557449609620 -5296.142572451130 591.238302126477 4.06055935594919 2.54739894646835 -5.98395226424751
2024-05-12T09:44:12.000 5015.660152374030 -4498.910324985670 -848.992810119494 2.64084898971691 4.05528251034567 -5.94422610539301
2024-05-12T09:48:12.000 5458.850062839290 -3373.453237265540 -2227.136769367700 1.03016361247894 5.26584948417158 -5.46991707770234
2024-05-12T09:52:12.000 5504.323837266980 -2002.193739217670 -3442.584151176040 -0.65306035252778 6.09125098775381 -4.59697570633159
2024-05-12T09:56:12.000 5149.415885115470 -485.264630366697 -4406.933421538850 -2.28601135402982 6.47259838423737 -3.39043094619914
2024-05-12T10:00:12.000 4420.540853428760 1066.938320615010 -5050.350713299690 -3.75061720446382 6.38364410685056 -1.93894814994678
2024-05-12T10:04:12.000 3371.050218438300 2541.781347182870 -5326.450503597640 -4.94176412776532 5.83199755615291 -0.34804617198187
2024-05-12T10:08:12.000 2077.249709000520 3832.426636255440 -5215.437295903790 -5.77431696338844 4.85796570402077 1.26749792992993
2024-05-12T10:12:12.000 632.923566708855 4845.343386905660 -4725.402422695750 -6.18853964151272 3.53150982900318 2.79136199453633
2024-05-12T10:16:12.000 -857.274734342995 5506.911599290590 -3891.762450515980 -6.15414642404824 1.94768949100760 4.11345597562902
2024-05-12T10:20:12.000 -2285.214276230380 5768.729245592140 -2774.840339799840 -5.67268700571489 0.22043522713655 5.13754072423774
2024-05-12T10:24:12.000 -3547.027971266910 5611.249122893450 -1455.683280157280 -4.77804291125169 -1.52513821497154 5.78827360173155
2024-05-12T10:28:12.000 -4550.689759037260 5045.399027290800 -30.301612174627 -3.53446191232469 -3.16174724846042 6.01712922341953
2024-05-12T10:32:12.000 -5222.830396804940 4111.982195675450 1397.281417936200 -2.03230009348347 -4.56927301559571 5.80638137800557
2024-05-12T10:36:12.000 -5514.268675199220 2878.823307934460 2722.709913815990 -0.38144440760576 -5.64418450580353 5.17105028621270
2024-05-12T10:40:12.000 -5403.692895146210 1435.774764617630 3849.068037622090 1.29723684839205 -6.30760716362373 4.15768066142466
2024-05-12T10:44:12.000 -4899.203604012070 -111.943418269888 4694.039402846820 2.88105492543401 -6.51111087937596 2.84059138384391
2024-05-12T10:48:12.000 -4037.647777960920 -1651.501317781670 5195.923715542380 4.25462934562683 -6.24005388751472 1.31614415709813
2024-05-12T10:52:12.000 -2881.844706587860 -3070.699864213010 5318.070555308590 5.31816939566369 -5.51422457558520 -0.30454866094471
2024-05-12T10:56:12.000 -1515.992018260890 -4266.069516146900 5051.483767531360 5.99432371295959 -4.38613687947613 -1.90349032279832
2024-05-12T11:00:12.000 -39.604992970421 -5150.339498565610 4415.492178833390 6.23359410319327 -2.93750812446076 -3.36404766661730
2024-05-12T11:04:12.000 1439.659298519130 -5658.803555221330 3456.412035921030 6.01805565465676 -1.27356003067792 -4.57930083850942
2024-05-12T11:08:12.000 2813.809785074230 -5754.122768298710 2244.271675006870 5.36296106014875 0.48420720093382 -5.45982454492181
2024-05-12T11:12:12.000 3982.461808389050 -5429.202340835920 867.757151774638 4.31612221864832 2.20682276757102 -5.94058696562355
2024-05-12T11:16:12.000 4860.315916057610 -4707.827024235950 -572.313243784431 2.95466573148281 3.76760871426661 -5.98623884302886
2024-05-12T11:20:12.000 5383.531037752170 -3642.910599241790 -1970.522507252430 1.37909794378623 5.05209829142856 -5.59404824062513
2024-05-12T11:24:12.000 5514.412500837340 -2312.476212131840 -3224.737910424530 -0.29463859708005 5.96682191298889 -4.79388542219620
2024-05-12T11:28:12.000 5244.050382776740 -813.751933785280 -4243.667882251300 -1.94415756788602 6.44618751401426 -3.64555677519595
2024-05-12T11:32:12.000 4592.746162325170 744.110938843016 -4953.473258759860 -3.44994905109419 6.45690363932679 -2.23368258268776
2024-05-12T11:36:12.000 3608.273931572690 2248.020803144620 -5302.943334783690 -4.70386993039311 5.99946933757823 -0.66102128572843
2024-05-12T11:40:12.000 2362.278705623080 3589.012689171350 -5266.980744273330 -5.61623313546879 5.10751910002782 0.95882493659588
2024-05-12T11:44:12.000 945.110453315397 4669.934754422750 -4848.275555316710 -6.12169797188575 3.84525776915183 2.50922577616594
2024-05-12T11:48:12.000 -540.561704428259 5412.288527323450 -4077.090113509550 -6.18353198181087 2.30308552028010 3.87831735526635
2024-05-12T11:52:12.000 -1986.979482155630 5761.853036688680 -3009.200893286710 -5.79638735810729 0.59181567347602 4.96659701394724
2024-05-12T11:56:12.000 -3288.983449631680 5692.722841168680 -1722.050237547450 -4.98723447364889 -1.16477009787110 5.69415445041637
2024-05-12T12:00:12.000 -4351.657727938490 5209.396292910760 -309.276668640012 -3.81406736816990 -2.83862980990943 6.00686228459492
2024-05-12T12:04:12.000 -5097.371032157590 4346.648790757060 1126.067926069770 -2.36204029013817 -4.30713097174194 5.88096095064398
2024-05-12T12:08:12.000 -5471.575043289660 3167.099189522640 2479.101228599810 -0.73717797054226 -5.46234106383031 5.32509807112849
2024-05-12T12:12:12.000 -5446.899469897360 1756.656793066950 3650.890527437990 0.94151852212969 -6.21940086903050 4.37989695720855
2024-05-12T12:16:12.000 -5025.174429386250 218.149874529067 4555.790249500790 2.55129948905256 -6.52303318208240 3.11470303152745
2024-05-12T12:20:12.000 -4237.210196156820 -1336.269708456270 5127.710925199390 3.97486497266016 -6.35121392701986 1.62209576612936
2024-05-12T12:24:12.000 -3140.472467043350 -2793.313311306560 5324.894279201570 5.10872297585911 -5.71652175506978 0.01099442501328
2024-05-12T12:28:12.000 -1814.863691439410 -4046.772185252270 5132.892791757010 5.87047574202325 -4.66498367262069 -1.60129748546849
2024-05-12T12:32:12.000 -356.946330980122 -5005.176339780440 4565.595460809920 6.20448401455564 -3.27267884504919 -3.09730571813459
2024-05-12T12:36:12.000 1126.993846354770 -5598.435388256600 3664.286900181660 6.08591586037717 -1.64069149635986 -4.36759209389820
2024-05-12T12:40:12.000 2528.652002573560 -5783.029379774020 2494.741970259110 5.52293720516822 0.11195773305918 -5.31877159382755
2024-05-12T12:44:12.000 3745.649137684660 -5545.321739603990 1142.499592614660 4.55653909839996 1.85678920873203 -5.88063296205371
2024-05-12T12:48:12.000 4689.136221451340 -4902.682722685940 -293.419451686059 3.25779511565640 3.46555693837683 -6.01179832998637
2024-05-12T12:52:12.000 5290.424961226850 -3902.241703058780 -1707.885364584400 1.72256041967526 4.82013717325728 -5.70309286655521
2024-05-12T12:56:12.000 5506.073629609390 -2617.325004983770 -2997.526949767710 0.06395785594197 5.82176570334030 -4.97820344834840
2024-05-12T13:00:12.000 5320.973222745700 -1141.879652713770 -4068.402810912260 -1.59657469087377 6.39839090550909 -3.89143408344719
2024-05-12T13:04:12.000 4749.228606576270 416.571918517998 -4842.832472041260 -3.13853882405183 6.50951443901835 -2.52304077685476
2024-05-12T13:08:12.000 3832.884141012280 1944.820711447430 -5264.891214651740 -4.45096360109431 6.14843240671580 -0.97290939118135
2024-05-12T13:12:12.000 2638.702033024700 3332.110006394620 -5304.242438582710 -5.43996218654265 5.34203208291826 0.64689893612525
2024-05-12T13:16:12.000 1253.314908322520 4477.948705952390 -4958.145324103790 -6.03473537820907 4.14846135055753 2.21974360803404
2024-05-12T13:20:12.000 -222.909858739826 5299.181225293740 -4251.624657566860 -6.19227644656686 2.65324137372193 3.63221373361481
2024-05-12T13:24:12.000 -1682.938743888430 5735.917053154700 -3235.758463918290 -5.90041211688876 0.96367340311430 4.78184605245218
2024-05-12T13:28:12.000 -3020.676526797210 5755.943096496120 -1984.173662733140 -5.17921273029004 -0.79820682664609 5.58437576392775
2024-05-12T13:32:12.000 -4138.654700570380 5357.258720328580 -587.867588773956 -4.08013719436763 -2.50418260069892 5.98028296291473
2024-05-12T13:36:12.000 -4955.218638375960 4568.439874868080 851.352125532241 -2.68277197030058 -4.02928697209649 5.93965269523450
2024-05-12T13:40:12.000 -5410.645604726330 3446.694138296710 2228.345348004840 -1.08915260221962 -5.26145873605106 5.46485485665920
2024-05-12T13:44:12.000 -5471.629839879670 2073.687208010430 3442.436337362070 0.58404709822605 -6.11024071892989 4.59047970093917
2024-05-12T13:48:12.000 -5133.739971040850 549.507975421236 4404.870472875820 2.21439255468509 -6.51351497365743 3.38063722042612
2024-05-12T13:52:12.000 -4421.692290385510 -1014.729026400760 5045.353241678790 3.68300132443034 -6.44205630664003 1.92401106418343
2024-05-12T13:56:12.000 -3387.428451284340 -2505.032661927800 5317.124197044880 4.88315090033854 -5.90115510375897 0.32683227298095
2024-05-12T14:00:12.000 -2106.304740109740 -3812.778440461500 5200.291856417140 5.72760316830897 -4.92998508658691 -1.29454965081193
2024-05-12T14:04:12.000 -671.641958991597 -4842.559531656860 4703.273926776750 6.15478023291418 -3.59886721378831 -2.82198631968417
2024-05-12T14:08:12.000 811.997232590662 -5519.108613812130 3862.220005486110 6.13314604618795 -2.00433765929807 -4.14388960696432
2024-05-12T14:12:12.000 2236.357002475590 -5792.831301366410 2738.473382795330 5.66373119154919 -0.26256300942563 -5.16319302637457
2024-05-12T14:16:12.000 3497.405412691350 -5643.559147342250 1414.189107912090 4.78057122107275 1.49889354330653 -5.80466845692142
2024-05-12T14:20:12.000 4503.051834708160 -5082.166461649260 -13.670967918537 3.54854891932694 3.15057231363936 -6.02100576816565
2024-05-12T14:24:12.000 5180.023708661390 -4149.820613095770 -1440.549244332320 2.05859850323628 4.57114157337312 -5.79665054919841
2024-05-12T14:28:12.000 5479.305470851110 -2914.876303887620 -2762.116597212120 0.42057196486519 5.65684175025509 -5.14901389032690
2024-05-12T14:32:12.000 5379.658092614250 -1467.680124342670 -3882.034397301600 -1.24542512764003 6.32928897706611 -4.12676689580630
2024-05-12T14:36:12.000 4888.975050452130 86.229661074236 -4718.995245659410 -2.81826445942717 6.54095595543003 -2.80560235952265
2024-05-12T14:40:12.000 4043.453873449390 1633.910257554110 -5212.500349243120 -4.18459216623569 6.27790105675347 -1.28210800730399
2024-05-12T14:44:12.000 2904.779160211680 3063.149903640220 -5327.033485588490 -5.24655238843543 5.56002273400664 0.33335670265215
2024-05-12T14:48:12.000 1555.606507906620 4270.417197337750 -5054.446754372120 -5.92818896617525 4.43929443648759 1.92441080198934
2024-05-12T14:52:12.000 93.688044988972 5168.146241922870 -4414.463037218920 -6.18034594726776 2.99603721055231 3.37644066361584
2024-05-12T14:56:12.000 -1375.006297989420 5690.950693776490 -3453.339218425340 -5.98415920842892 1.33376962408794 4.58424021897390
2024-05-12T15:00:12.000 -2743.806344010500 5800.400338323890 -2240.693531300230 -5.35276223723123 -0.42765851761662 5.45950571306261
2024-05-12T15:04:12.000 -3913.024566680000 5487.988822868420 -864.641003508459 -4.33099882020015 -2.16020599775447 5.93743812517702
2024-05-12T15:08:12.000 -4797.300706783210 4775.980729740350 574.531065623203 -2.99271945875718 -3.73712619299519 5.98212046128410
2024-05-12T15:12:12.000 -5331.969668988700 3715.938975221610 1971.710470276790 -1.43549164297913 -5.04258166478953 5.58956512645229
2024-05-12T15:16:12.000 -5477.924864230290 2385.008735349000 3224.742805748710 0.22663756513077 -5.98062831962475 4.78828749467460
2024-05-12T15:20:12.000 -5224.525513715540 880.209698961000 4242.022168275030 1.87203042528940 -6.48260666526313 3.63705528538658
2024-05-12T15:24:12.000 -4590.325497835820 -688.745310854740 4949.234714322750 3.38058220203499 -6.51202755702665 2.22028114307818
2024-05-12T15:28:12.000 -3621.615362131560 -2207.510586725060 5294.759994787030 4.64261988304386 -6.06693430212294 0.64143051817260
2024-05-12T15:32:12.000 -2388.986424179200 -3565.411624953880 5253.340691239510 5.56648946642806 -5.17962731779582 -0.98456268083651
2024-05-12T15:36:12.000 -982.219481759220 -4663.411278104460 4827.886085656610 6.08485519048181 -3.91424474716446 -2.53926557026952
2024-05-12T15:40:12.000 496.166850837161 -5421.286340988520 4049.318401496810 6.15958863672198 -2.36253930234118 -3.90909574055148
2024-05-12T15:44:12.000 1938.328311480800 -5783.523166727370 2974.401476638770 5.78474399362306 -0.63744690495236 -4.99359444683679
2024-05-12T15:48:12.000 3238.954428276500 -5723.474035523310 1681.688130898620 4.98733742016871 1.13484285476823 -5.71280694868314
2024-05-12T15:52:12.000 4303.048848871910 -5245.455811972710 265.809328904169 3.82582977563150 2.82412265484161 -6.01363035125301
2024-05-12T15:56:12.000 5053.024437890390 -4384.512066598720 -1169.543532640960 2.38591243012981 4.30622017874486 -5.87418033371952
2024-05-12T16:00:12.000 5434.481354057500 -3203.785336847260 -2519.377539503150 0.77383389661506 5.47268840209510 -5.30555229620345
2024-05-12T16:04:12.000 5420.153415573840 -1789.706775631630 -3685.230137740370 -0.89203845791050 6.23910173961503 -4.35063302559323
2024-05-12T16:08:12.000 5011.722289638600 -245.468412957483 -4582.388339356050 -2.49037005253233 6.55098649706328 -3.08029805690995
2024-05-12T16:12:12.000 4239.447696865250 1316.618383431820 -5145.946680245420 -3.90577109201342 6.38716125976716 -1.58764021322820
2024-05-12T16:16:12.000 3159.758753715190 2783.256084451720 -5335.310641359840 -5.03678189651247 5.76051706312843 0.01907875093012
2024-05-12T16:20:12.000 1851.084274251700 4048.201112962150 -5136.931514961660 -5.80251078568080 4.71654645950697 1.62401927429385
2024-05-12T16:24:12.000 408.260164911384 5019.741355803360 -4565.194481579270 -6.14790058270492 3.33017863513481 3.11156773168032
2024-05-12T16:28:12.000 -1064.158724461490 5627.193081598560 -3661.416308608200 -6.04748647246829 1.70074974825702 4.37416098245100
2024-05-12T16:32:12.000 -2459.281749745040 5826.018832929290 -2491.025842745880 -5.50749976251845 -0.05437613090100 5.31964838991629
2024-05-12T16:36:12.000 -3675.564173772430 5601.222093989110 -1139.012311889060 -4.56608291719315 -1.80785212298285 5.87823503045510
2024-05-12T16:40:12.000 -4624.246339085500 4968.657777855300 296.141642201670 -3.29106751678479 -3.43152914293173 6.00806754395494
2024-05-12T16:44:12.000 -5235.968685333570 3974.058481687450 1709.648368759290 -1.77531561540479 -4.80619069278857 5.69885267433492
2024-05-12T16:48:12.000 -5465.988519169470 2689.759146505210 2998.169190971590 -0.12977099430189 -5.83081151888619 4.97290717183833
2024-05-12T16:52:12.000 -5297.511341174180 1209.365179754020 4067.492419774480 1.52510685994452 -6.43028388235108 3.88346489134067
2024-05-12T16:56:12.000 -4742.885663994410 -359.178198147987 4839.488318619710 3.06842441789139 -6.56093315314581 2.51042088784293
2024-05-12T17:00:12.000 -3842.620330173070 -1901.540913905960 5257.802434877790 4.38787903158525 -6.21347049859544 0.95416190473749
2024-05-12T17:04:12.000 -2662.339322823010 -3305.330321495170 5291.884119478720 5.38766326957578 -5.41318187740947 -0.67195286661712
2024-05-12T17:08:12.000 -1288.008212694910 -4468.197946193700 4939.153730654710 5.99506038220129 -4.21796868690802 -2.24957188851428
2024-05-12T17:12:12.000 180.245108447582 -5305.218606232090 4225.208202608660 6.16546527695693 -2.71432074641928 -3.66359065062550
2024-05-12T17:16:12.000 1635.329387266360 -5755.107825943620 3202.066913316050 5.88590928167933 -1.01162467174119 -4.81030299324128
2024-05-12T17:20:12.000 2971.002443194550 -5784.814361876190 1944.472573460820 5.17643696863364 0.76566800081713 -5.60525713938003
2024-05-12T17:24:12.000 4089.702423836570 -5392.067458286080 544.463635054172 4.08895910677273 2.48708736272115 -5.98973992371704
2024-05-12T17:28:12.000 4909.816929366980 -4605.645375427120 -895.425477163651 2.70364954389125 4.02606109089026 -5.93561556642301
2024-05-12T17:32:12.000 5371.768290555650 -3483.234655003140 -2269.832673861970 1.12274223185522 5.26983292202086 -5.44758502835702
2024-05-12T17:36:12.000 5442.374138506850 -2107.042872284320 -3478.431686361100 -0.53749498115603 6.12811473759741 -4.56259387461404
2024-05-12T17:40:12.000 5117.127154287520 -577.569734251428 -4433.329178189440 -2.15591543387082 6.53962586351419 -3.34653308108728
2024-05-12T17:44:12.000 4420.276446825680 993.872501348339 -5065.384038531640 -3.61548093958902 6.47597079631123 -1.88873253412060
2024-05-12T17:48:12.000 3402.835409551320 2493.254410418860 -5329.030413909480 -4.81145216620289 5.94290879740958 -0.29510731361206
2024-05-12T17:52:12.000 2138.775482383100 3811.950520328910 -5205.364514406530 -5.65830242832357 4.97938212140641 1.31936489447529
2024-05-12T17:56:12.000 719.720886157300 4854.385892964640 -4703.383892073350 -6.09523571364895 3.65457521462348 2.83844088653137
2024-05-12T18:00:12.000 -751.504271665415 5544.787655235810 -3859.365150135710 -6.09030573136352 2.06343249631016 4.15233627850339
2024-05-12T18:04:12.000 -2168.147291143980 5832.648821500810 -2734.387570769990 -5.64296259741287 0.32038285006970 5.16537502148895
2024-05-12T18:08:12.000 -3427.159242958350 5696.513534773620 -1410.093137331640 -4.78455508749578 -1.44829828433319 5.80297092134708
2024-05-12T18:12:12.000 -4436.710806758430 5145.758523493990 17.111078225823 -3.57674102643319 -3.11354476449962 6.01751619449570
2024-05-12T18:16:12.000 -5123.013359317020 4220.107636377350 1443.056290749400 -2.10731914128509 -4.55314892119578 5.79242834650107
2024-05-12T18:20:12.000 -5435.865558181790 2986.831886608560 2763.506917973900 -0.48379363421568 -5.66127430656529 5.14377612132806
2024-05-12T18:24:12.000 -5352.411329778400 1535.798891086920 3881.911435248800 1.17494520096979 -6.35664379662853 4.11908912943059
2024-05-12T18:28:12.000 -4878.788132016380 -27.187984300741 4716.541903512360 2.74770197501882 -6.58853977375452 2.79352950291018
2024-05-12T18:32:12.000 -4049.600609994340 -1588.190327265830 5206.453782542900 4.11989440827557 -6.34023723694797 1.26405786445814
2024-05-12T18:36:12.000 -2925.314223015160 -3033.448504542060 5315.880783848490 5.19187003693537 -5.62988417950445 -0.35780391384101
2024-05-12T18:40:12.000 -1587.827303787310 -4257.606629042740 5036.765323545970 5.88570473956563 -4.50892379698615 -1.95400522435698
2024-05-12T18:44:12.000 -134.568703424669 -5171.308727768780 4389.346808768550 6.15066758623983 -3.05848051518007 -3.40818527057576
2024-05-12T18:48:12.000 1328.506099948020 -5707.695564071780 3420.762249811700 5.96689478172571 -1.38384449309764 -4.61388493653929
2024-05-12T18:52:12.000 2694.587529032830 -5827.381893091280 2201.729622701990 5.34729198321534 0.39267536112351 -5.48232108348267
2024-05-12T18:56:12.000 3863.879975466150 -5521.495420854460 821.441068509835 4.33709695858645 2.14070810776798 -5.94935350483549
2024-05-12T19:00:12.000 4751.036988415800 -4812.433926579620 -619.014465043734 3.01073195246612 3.73173620324629 -5.98066547695039
2024-05-12T19:04:12.000 5291.529600411600 -3752.214547955240 -2014.196561351730 1.46612669741307 5.04906295844958 -5.57455180011564
2024-05-12T19:08:12.000 5446.396503759310 -2418.524016514930 -3262.195513465520 -0.18301352313969 5.99682451869117 -4.76189689973978
2024-05-12T19:12:12.000 5204.972171174670 -908.831239238284 -4272.173068913710 -1.81611710103761 6.50702570691287 -3.60339520717360
2024-05-12T19:16:12.000 4585.438318781320 666.906922284762 -4970.935106935490 -3.31485537723905 6.54410540885620 -2.18437056152846
2024-05-12T19:20:12.000 3633.253086940910 2194.285921123770 -5308.065022847960 -4.57154811126346 6.10664677344274 -0.60812296585792
2024-05-12T19:24:12.000 2417.714120079870 3562.626590919450 -5259.354659056160 -5.49629571367488 5.22684727915829 1.01152137635620
2024-05-12T19:28:12.000 1026.964547204930 4672.777894915360 -4828.407209332920 -6.02281526071400 3.96801309575441 2.55792979836660
2024-05-12T19:32:12.000 -438.235486506220 5444.106275248830 -4046.369731827020 -6.11284737277238 2.42030481090186 3.91949541467557
2024-05-12T19:36:12.000 -1871.603949555050 5820.274762644430 -2969.808604153010 -5.75898039175329 0.69493762267237 4.99723112264854
2024-05-12T19:40:12.000 -3168.919289951300 5773.437917156170 -1676.813038046750 -4.98581635803826 -1.08324913049600 5.71191674901292
2024-05-12T19:44:12.000 -4235.610930308090 5306.468754932490 -261.468378500083 -3.84875394914009 -2.78467633147939 6.01037827399772
2024-05-12T19:48:12.000 -4993.751968931020 4452.950810052000 1172.963688663850 -2.43029043020695 -4.28462081312666 5.86987266163475
2024-05-12T19:52:12.000 -5387.895058313430 3274.852535805840 2521.650319500510 -0.83408061973968 -5.47281953854238 5.30018352466632
2024-05-12T19:56:12.000 -5389.231662465310 1857.994534392500 3685.974102900780 0.82297778684415 -6.26205061746526 4.34298259860975
2024-05-12T20:00:12.000 -4997.703575176980 305.687451427510 4580.837891706360 2.41972492479887 -6.59467096993285 3.06850611330904
2024-05-12T20:04:12.000 -4241.934053690080 -1268.900289273640 5140.894079002410 3.83978466640151 -6.44662128124760 1.57002989304997
2024-05-12T20:08:12.000 -3177.053232282550 -2751.016327102010 5325.256172702940 4.97995351362728 -5.82877849324374 -0.04312644697475
2024-05-12T20:12:12.000 -1880.643570651440 -4032.630008214690 5120.415788541740 5.75740623520250 -4.78591857918456 -1.65350731734324
2024-05-12T20:16:12.000 -447.137372140193 -5020.226004171480 4541.203711275440 6.11538491313518 -3.39352676922588 -3.14377676736561
2024-05-12T20:20:12.000 1018.973889571650 -5641.592368199250 3629.772896228610 6.02735788270407 -1.75262424892237 -4.40495990276303
2024-05-12T20:24:12.000 2410.700116540230 -5851.148229768540 2452.633236175020 5.49924270519954 0.01716040908761 -5.34431100695609
2024-05-12T20:28:12.000 3626.391244683930 -5633.420835880050 1095.874062391840 4.56940038188501 1.78611103017151 -5.89250062211576
2024-05-12T20:32:12.000 4577.277865003450 -5004.315367375990 -341.151107707935 3.30621695166340 3.42414016969212 -6.00908416557033
2024-05-12T20:36:12.000 5194.125774047130 -4009.981554714080 -1753.222788921660 1.80299801347749 4.81096467769541 -5.68597677965080
2024-05-12T20:40:12.000 5432.351191954720 -2723.311388836440 -3037.143595395980 0.17050042479627 5.84544886082216 -4.94794055116367
2024-05-12T20:44:12.000 5275.188524127210 -1238.395455268330 -4099.392336123820 -1.47173186066977 6.45313847098119 -3.85024370677320
2024-05-12T20:48:12.000 4734.699778211140 336.541242866373 -4862.917129947070 -3.00451082340943 6.59129879052959 -2.47390584451569
2024-05-12T20:52:12.000 3850.650860807390 1887.081227993270 -5272.577828155650 -4.31750336408086 6.25126645696542 -0.91934848700629
2024-05-12T20:56:12.000 2687.457431740250 3300.835339086520 -5298.927251558130 -5.31675573887373 5.45838174483005 0.70102686329095
2024-05-12T21:00:12.000 1329.504841733510 4475.375364901010 -4940.164311015050 -5.93070750139928 4.26982082138692 2.27052674006636
2024-05-12T21:04:12.000 -124.822188383042 5325.447863727090 -4222.230169858920 -6.11492875777628 2.77074447382277 3.67595596993693
2024-05-12T21:08:12.000 -1570.071050603860 5789.058575871500 -3197.040414532730 -5.85534589170896 1.06875803097797 4.81531791481642
2024-05-12T21:12:12.000 -2901.218831812030 5832.034284411090 -1938.911286361300 -5.16969424600694 -0.71321789899665 5.60509680306812
2024-05-12T21:16:12.000 -4021.269042562890 5450.697685779950 -539.333363246961 -4.10681782010032 -2.44547326847789 5.98663600564907
2024-05-12T21:20:12.000 -4848.418174304390 4672.375188638160 899.618892984467 -2.74378108439081 -4.00105306027747 5.93106955596545
2024-05-12T21:24:12.000 -5322.196717834170 3553.522811983030 2272.807618282520 -1.18014596066760 -5.26572512085267 5.44192824538832
2024-05-12T21:28:12.000 -5407.976571945140 2175.603253027500 3479.834946501610 0.46967357130435 -6.14665398587520 4.55490892746718
2024-05-12T21:32:12.000 -5099.519834589060 639.073908858669 4432.472910847140 2.08500657781477 -6.57938217305703 3.33507028980423
2024-05-12T21:36:12.000 -4419.391301930650 -944.038206711401 5061.143993497500 3.54800715398118 -6.53251087270362 1.87175841434971
2024-05-12T21:40:12.000 -3417.221706038570 -2458.356993823460 5319.956437944830 4.75232381261239 -6.00961306299837 0.27176529510889
2024-05-12T21:44:12.000 -2166.035682213440 -3793.518534991460 5189.973745626620 5.61048052621004 -5.04860174494044 -1.34839813071388
2024-05-12T21:48:12.000 -756.967380675718 -4852.127429777530 4680.572985477440 6.05992348585523 -3.71901293051689 -2.87069648449360
2024-05-12T21:52:12.000 707.293693225096 -5556.816394205890 3828.805238088290 6.06751824975361 -2.11724435870025 -4.18391827680564
2024-05-12T21:56:12.000 2119.918650949160 -5855.928321142150 2696.797506936260 5.63217959509291 -0.35994156255079 -5.19157178654347
2024-05-12T22:00:12.000 3377.747326933850 -5727.439905401230 1367.316735914410 4.78546179371122 1.42414318003920 -5.81933741623812
2024-05-12T22:04:12.000 4388.930468346730 -5180.700906824620 -62.305266290449 3.58950292046786 3.10396673500038 -6.02092857078676
2024-05-12T22:08:12.000 5079.777603026110 -4255.800024804600 -1487.380849544040 2.13255862163126 4.55606921284583 -5.78179210001239
2024-05-12T22:12:12.000 5400.250029078190 -3020.563609396870 -2803.708565234720 0.52211219875041 5.67432142820792 -5.12048092628014
2024-05-12T22:16:12.000 5327.555258805220 -1565.375554198520 -3915.339974164040 -1.12374352622541 6.37799699824020 -4.08667105900502
2024-05-12T22:20:12.000 4867.612396651390 3.633373433253 -4741.574656386700 -2.68534596580779 6.61729293216497 -2.75685973618182
2024-05-12T22:24:12.000 4054.376583606070 1572.407510547210 -5222.693443840300 -4.05010417538488 6.37626609890340 -1.22825628821341
2024-05-12T22:28:12.000 2947.190059735380 3027.195922002060 -5324.075345006750 -5.12023780176453 5.67326600216551 0.38843773823218
2024-05-12T22:32:12.000 1626.425915975180 4262.608415563600 -5038.519647436590 -5.81920352698971 4.55915623654350 1.97674170673648
2024-05-12T22:36:12.000 187.778350656959 5189.027026205680 -4386.694256637530 -6.09659120195180 3.11379569693666 3.42218595300743
2024-05-12T22:40:12.000 -1264.471734452900 5738.978299298550 -3415.723368460280 -5.93171417986519 1.44085566204552 4.62004269446039
2024-05-12T22:44:12.000 -2624.850464969190 5872.059920437930 -2195.953048416960 -5.33546929775071 -0.33901095458457 5.48270302347059
2024-05-12T22:48:12.000 -3794.295976698670 5578.049480685710 -816.029570966062 -4.35018382241723 -2.09644855629298 5.94629506176994
2024-05-12T22:52:12.000 -4687.446018135860 4877.871482770560 623.467474612990 -3.04703920786203 -3.70290342240236 5.97594535083263
2024-05-12T22:56:12.000 -5239.002166914390 3822.232346768510 2017.389010204760 -1.52105986408232 -5.04032179995939 5.56876423132175
2024-05-12T23:00:12.000 -5408.650720025520 2487.971469727090 3263.824325635180 0.11596044172297 -6.01047946144071 4.75446465682141
2024-05-12T23:04:12.000 -5184.037258103310 972.342623274985 4271.671585127970 1.74431052143786 -6.54246742716399 3.59276412584673
2024-05-12T23:08:12.000 -4581.601970880180 -614.168674581855 4967.312566079340 3.24522678410831 -6.59757224823649 2.16871679064473
2024-05-12T23:12:12.000 -3645.306161020010 -2155.933463390480 5299.957243768150 4.50950680199269 -6.17187022879996 0.58631869587924
2024-05-12T23:16:12.000 -2443.381366195230 -3540.589870729000 5245.290730091550 5.44530021402976 -5.29629830927703 -1.03916313399572
2024-05-12T23:20:12.000 -1063.368890184610 -4667.157729103870 4807.193296510350 5.98446487902084 -4.03418786019363 -2.58938523274366
2024-05-12T23:24:12.000 394.174793312770 -5453.332136872780 4017.498304651980 6.08735285699009 -2.47696483694711 -3.95113900475397
2024-05-12T23:28:12.000 1822.928839194800 -5841.519236954520 2933.776559111450 5.74593543162551 -0.73794289745343 -5.02446286024984
2024-05-12T23:32:12.000 3118.562698843190 -5803.172254648420 1635.237322660470 4.98480730011437 1.05558659726307 -5.73018516422275
2024-05-12T23:36:12.000 4186.454019358080 -5341.033573508200 216.943413264390 3.85981587928613 2.77185812070012 -6.01626199271888
2024-05-12T23:40:12.000 4948.746772490480 -4488.988352344340 -1217.246564419810 2.45392758168204 4.28478916549414 -5.86192048431069
2024-05-12T23:44:12.000 5350.129763499210 -3309.526859410570 -2562.430119854650 0.87084258110705 5.48362808681705 -5.27929720437722
2024-05-12T23:48:12.000 5361.869227170030 -1889.002173146600 -3720.485202896220 -0.77314854067438 6.28153778765096 -4.31231002683881
2024-05-12T23:52:12.000 4983.742925709670 -331.093574979986 -4607.272637465240 -2.35826470435329 6.62176588062993 -3.03273103894691
2024-05-12T23:56:12.000 4243.803802711640 1250.881857057790 -5158.647327806780 -3.77005413827976 6.48110394963635 -1.53429559902792
2024-05-13T00:00:12.000 3196.136575743950 2742.174817891160 -5334.900967785460 -4.90726742127670 5.87078607214261 0.07431915549321
2024-05-13T00:04:12.000 1916.856362774030 4034.756565871720 -5123.439128784360 -5.68856882903176 4.83518899401468 1.67713903132336
2024-05-13T00:08:12.000 498.665732357563 5034.917508568800 -4539.595794219500 -6.05781189634814 3.44858675538255 3.15871305431155
2024-05-13T00:12:12.000 -955.670033606809 5669.898293523150 -3625.574188128930 -5.98781373425362 1.81036005430070 4.41184968565349
2024-05-13T00:16:12.000 -2340.587698452620 5893.170657072550 -2447.558621456620 -5.48266112742698 0.03849269983411 5.34511062687285
2024-05-13T00:20:12.000 -3555.304722230000 5687.962159250490 -1091.098529797850 -4.57797190413285 -1.73848384257724 5.88959673222522
2024-05-13T00:24:12.000 -4511.198175736350 5068.701055659120 344.995205008904 -3.33892582771948 -3.39071700475246 6.00449169415604
2024-05-13T00:28:12.000 -5138.408481144070 4080.146397180090 1755.869713826370 -1.85573631641800 -4.79694639159771 5.68063325921863
2024-05-13T00:32:12.000 -5391.074660310880 2794.185395229040 3038.386321470650 -0.23692164533852 -5.85382044043720 4.94140968920258
2024-05-13T00:36:12.000 -5250.757424098190 1304.540810177140 4098.785805082860 1.39902494915511 -6.48390475297961 3.84106739444494
2024-05-13T00:40:12.000 -4727.746720080130 -280.187382688552 4859.606649313290 2.93268693623437 -6.64137589454266 2.46025090626845
2024-05-13T00:44:12.000 -3860.216598722200 -1844.510292107070 5265.298118017420 4.25250985592605 -6.31490048951986 0.89976593723297
2024-05-13T00:48:12.000 -2711.383632555060 -3274.424584488560 5286.202535175790 5.26256569584533 -5.52810837104853 -0.72670359425676
2024-05-13T00:52:12.000 -1364.923369381260 -4465.653395728120 4920.688857335530 5.88931816283566 -4.33793550855977 -2.30069164106908
2024-05-13T00:56:12.000 81.064765730844 -5331.192514160270 4195.289141609960 6.08680822728499 -2.83054186121445 -3.70733537814900
2024-05-13T01:00:12.000 1521.120327359070 -5807.662521948750 3162.861015114450 5.84008572004463 -1.11553915714530 -4.84347312547876
2024-05-13T01:04:12.000 2850.088369974170 -5860.056092831850 1898.829874829290 5.16671834778607 0.68167543193730 -5.62538598282964
2024-05-13T01:08:12.000 3970.883603713180 -5484.450625982980 495.719255334693 4.11603196941100 2.42909748197576 -5.99529382603615
2024-05-13T01:12:12.000 4801.737429658020 -4708.388644273080 -943.702311615260 2.76551829538115 3.99823387762753 -5.92619292121353
2024-05-13T01:16:12.000 5282.282696358160 -3588.816842797600 -2314.110918211340 1.21486697436843 5.27413886641390 -5.42389476174760
2024-05-13T01:20:12.000 5377.971933373150 -2207.750905130980 -3515.475715964460 -0.42187407527434 6.16416123553123 -4.52636698846963
2024-05-13T01:24:12.000 5082.464846667420 -666.068547544628 -4460.431054735940 -2.02521415606470 6.60468601173528 -3.30041966021003
2024-05-13T01:28:12.000 4417.852063531920 924.008452614104 -5080.564654962180 -3.47915998651842 6.56524708079680 -1.83611286419280
2024-05-13T01:32:12.000 3432.818504726220 2447.088774696460 -5331.183573926610 -4.67934916593977 6.04991899933486 -0.23982817460443
2024-05-13T01:36:12.000 2198.995917903940 3792.830345503870 -5194.334668278930 -5.53995461906924 5.09638722245067 1.37326920205110
2024-05-13T01:40:12.000 805.822622946684 4863.707759120150 -4679.978463728180 -5.99922664155819 3.77315178077198 2.88703793746556
2024-05-13T01:44:12.000 -645.761774332677 5581.894849657340 -3825.293469925660 -6.02364566086378 2.17499143132187 4.19207601783800
2024-05-13T01:48:12.000 -2050.440669613470 5894.872816814740 -2692.142161701760 -5.61054405213130 0.41686344391829 5.19332899268611
2024-05-13T01:52:12.000 -3306.053230852420 5779.370948995800 -1362.767748213450 -4.78883462619434 -1.37388167282856 5.81709060600544
2024-05-13T01:56:12.000 -4321.041596174340 5243.269485936980 66.051145877257 -3.61751222649515 -3.06659277800163 6.01677094723068
2024-05-13T02:00:12.000 -5021.249938295220 4325.227515575880 1490.030580121180 -2.18174380831148 -4.53708515000764 5.77690659217076
2024-05-13T02:04:12.000 -5355.491084597970 3091.953276259750 2805.095186753980 -0.58652385696961 -5.67734198914089 5.11470380615187
2024-05-13T02:08:12.000 -5299.354591267090 1633.292017859120 3915.105574714880 1.05142975247632 -6.40376598412323 4.07864185272733
2024-05-13T02:12:12.000 -4856.976793098380 55.585586659355 4738.954598058060 2.61244158934062 -6.66334445818281 2.74469151089725
2024-05-13T02:16:12.000 -4060.668187943580 -1526.174875115780 5216.489745970890 3.98286363866995 -6.43737262922665 1.21037125677847
2024-05-13T02:20:12.000 -2968.464955357080 -2996.732985496490 5312.827837248580 5.06319912151791 -5.74227732728139 -0.41255059506367
2024-05-13T02:24:12.000 -1659.902000927980 -4248.871170498440 5020.832034406410 5.77480849816383 -4.62824711322176 -2.00595172708905
2024-05-13T02:28:12.000 -230.306671966846 -5191.161433698770 4361.662303813150 6.06556661895702 -3.17592177668787 -3.45356137487239
2024-05-13T02:32:12.000 1216.077792760260 -5754.641446059230 3383.318673314210 5.91376309744070 -1.49079279683281 -4.64932593135604
2024-05-13T02:36:12.000 2573.655995895070 -5897.939953411360 2157.243765308340 5.32999345482371 0.30406499140514 -5.50519329554360
2024-05-13T02:40:12.000 3743.248011365680 -5610.454309352450 773.158215450225 4.35687064870780 2.07691392770488 -5.95791636336147
2024-05-13T02:44:12.000 4639.478167692860 -4913.245362047060 -667.557233002367 3.06609997089901 3.69734511341842 -5.97425324225011
2024-05-13T02:48:12.000 5197.149868925080 -3857.487363940750 -2059.441546213240 1.55303185150928 5.04649126680008 -5.55365668327264
2024-05-13T02:52:12.000 5376.040838693930 -2520.562176154100 -3300.833254924320 -0.07094796646806 6.02617517806288 -4.72807141130625
2024-05-13T02:56:12.000 5163.727057037940 -1000.193292425310 -4301.379512756770 -1.68707913581690 6.56608231386863 -3.55910616714950
2024-05-13T03:00:12.000 4576.269491873400 592.863170450288 -4988.573357849840 -3.17821227315614 6.62847191095955 -2.13284954098509
2024-05-13T03:04:12.000 3656.807867023320 2142.924510608900 -5312.844582263440 -4.43714032424043 6.21014789575507 -0.55315089083114
2024-05-13T03:08:12.000 2472.284423661100 3537.664983480960 -5250.931112402700 -5.37381085925431 5.34201692426777 1.06589983416611
2024-05-13T03:12:12.000 1108.600960333620 4676.032668243280 -4807.403195486790 -5.92112162932131 4.08656082127698 2.60774470628031
2024-05-13T03:16:12.000 -335.446656210825 5475.363346598850 -4014.326134549020 -6.03935474116292 2.53369371460953 3.96111439584011
2024-05-13T03:20:12.000 -1755.124707649450 5877.297148603660 -2929.072117259490 -5.71909564680458 0.79495409978546 5.02760656130607
2024-05-13T03:24:12.000 -3047.225537191930 5852.121554760360 -1630.367371520580 -4.98252856221560 -1.00385485572830 5.72882634451627
2024-05-13T03:28:12.000 -4117.580157482180 5401.137714763130 -212.712606668066 -3.88239388614485 -2.73167442518535 6.01260599952314
2024-05-13T03:32:12.000 -4888.015049301330 4556.765186108860 1220.466656790090 -2.49848732148538 -4.26187642269051 5.85727413255374
2024-05-13T03:36:12.000 -5302.206805609900 3380.304548636990 2564.436696437730 -0.93194514975681 -5.48200740534868 5.27373318051545
2024-05-13T03:40:12.000 -5329.900228408150 1957.446487781760 3720.942411532610 0.70254361994412 -6.30257554406035 4.30469444579650
2024-05-13T03:44:12.000 -4969.115154219910 391.913604700642 4605.473599164770 2.28555623409290 -6.66370408705850 3.02121087324018
2024-05-13T03:48:12.000 -4246.212023524140 -1202.183064105530 5153.433506367000 3.70175388387696 -6.53917408789613 1.51713730915797
2024-05-13T03:52:12.000 -3213.905091528350 -2708.678975868930 5324.808556308800 4.84821874078382 -5.93815459852993 -0.09781422427830
2024-05-13T03:56:12.000 -1947.373245140590 -4017.769572372100 5107.013291115620 5.64169939279558 -4.90409040632787 -1.70614230019231
2024-05-13T04:00:12.000 -538.851419169930 -5033.904776718500 4515.789828437440 6.02415189764884 -3.51169194493563 -3.19063821894685
2024-05-13T04:04:12.000 908.976262970763 -5682.748262677030 3594.154621191610 5.96714841232322 -1.86202749877474 -4.44260116336926
2024-05-13T04:08:12.000 2290.429323071730 -5916.697007234470 2409.376008595460 5.47434921858066 -0.07546890856477 -5.36991930731499
2024-05-13T04:12:12.000 3504.587175601580 -5718.499917524880 1048.122499117490 4.58159522731651 1.71697483768208 -5.90410115144524
2024-05-13T04:16:12.000 4462.787115579860 -5102.650079573080 -389.904996556535 3.35458685880999 3.38346830563954 -6.00578538315368
2024-05-13T04:20:12.000 5095.252269595700 -4114.352810162950 -1799.412353122120 1.88396824607690 4.80162674806054 -5.66803554560547
2024-05-13T04:24:12.000 5356.250459883060 -2826.081764879460 -3077.390590034890 0.27813833050529 5.86802936586343 -4.91666488173990
2024-05-13T04:28:12.000 5227.351639175430 -1332.066593909590 -4130.752306054190 -1.34528032650948 6.50590638332648 -3.80791189422758
2024-05-13T04:32:12.000 4718.560401298520 258.782830470672 -4883.092442052920 -2.86841867230844 6.67031675250252 -2.42360720707434
2024-05-13T04:36:12.000 3867.348761059360 1830.873662129390 -5280.087591912610 -4.18160312965675 6.35073143511847 -0.86474630013054
2024-05-13T04:40:12.000 2735.768102952940 3270.240358056120 -5293.216041591920 -5.19080660526194 5.57106182093826 0.75591659157887
2024-05-13T04:44:12.000 1405.929209164040 4472.604729561890 -4921.651809411870 -5.82380424192198 4.38761411903336 2.32165708014779
2024-05-13T04:48:12.000 -25.822750779303 5350.713980006970 -4192.275199521530 -6.03485970347997 2.88517723590385 3.71960103527588
2024-05-13T04:52:12.000 -1455.682956673550 5840.551531981470 -3157.831642588720 -5.80796756040103 1.17155224391740 4.84831352543730
2024-05-13T04:56:12.000 -2779.759123386580 5906.042768702330 -1893.313038274350 -5.15851150411366 -0.62952629897524 5.62501220442099
2024-05-13T05:00:12.000 -3901.589476053550 5541.878028878930 -490.684279421822 -4.13276917643211 -2.38694347881412 5.99199542855791
2024-05-13T05:04:12.000 -4739.270141104350 4774.131708788120 947.762565702015 -2.80506039527234 -3.97199691572870 5.92153276989708
2024-05-13T05:08:12.000 -5231.572233590960 3658.477367850880 2316.935854600320 -1.27228741092214 -5.26829153643426 5.41820790043272
2024-05-13T05:12:12.000 -5342.521304481720 2276.143121193030 3516.733293612750 0.35334354489363 -6.18065322895964 4.51875849524065
2024-05-13T05:16:12.000 -5064.056139700830 727.902510195237 4459.467344355830 1.95294328260179 -6.64239712254413 3.28920538658231
2024-05-13T05:20:12.000 -4416.545706371230 -873.385097190514 5076.296102662710 3.40993738224184 -6.62004214076735 1.81953000907812
2024-05-13T05:24:12.000 -3447.217629372240 -2411.032021415520 5322.179472246290 4.61839790247390 -6.11529050321706 0.21690168228904
2024-05-13T05:28:12.000 -2226.686359666610 -3772.972380931250 5179.107755964310 5.49053010787707 -5.16471261901202 -1.40195565650209
2024-05-13T05:32:12.000 -843.830817292884 -4859.848114243010 4657.392995773860 5.96277797320830 -3.83698930321648 -2.91913805396148
2024-05-13T05:36:12.000 600.579257333451 -5592.195748818690 3794.968850471890 6.00023813589043 -2.22832888819040 -4.22373243925919
2024-05-13T05:40:12.000 2001.145609815500 -5916.315473564090 2654.741054566320 5.59956907900318 -0.45597027503012 -5.21983705144777
2024-05-13T05:44:12.000 3255.561642666500 -5808.347573872490 1320.084463802820 4.78979073095850 1.35021004772014 -5.83391692562461
2024-05-13T05:48:12.000 4272.206440569810 -5276.151262029340 -111.264816695163 3.63040799195540 3.05742678145287 -6.02064661686457
2024-05-13T05:52:12.000 4976.986528050360 -4358.784222552750 -1534.482096380390 2.20704242328130 4.54020184287491 -5.76668831423949
2024-05-13T05:56:12.000 5318.839213423560 -3123.543902340790 -2845.506054844030 0.62470239346253 5.69020854585847 -5.09165669240315
2024-05-13T06:00:12.000 5273.405730226510 -1660.834350156360 -3948.771866896000 -1.00054233646509 6.42438342612434 -4.04620730783270
2024-05-13T06:04:12.000 4844.621631514490 -77.359354151029 -4764.188342280510 -2.55047401223280 6.69071456194034 -2.70772310921258
2024-05-13T06:08:12.000 4064.181573541260 1511.757717920270 -5232.825431210860 -3.91333689683885 6.47132484543586 -1.17401769701472
2024-05-13T06:12:12.000 2989.054248225210 2991.274258056600 -5320.970640324120 -4.99145917207821 5.78301091400815 0.44383381479631
2024-05-13T06:16:12.000 1697.302525729960 4253.997333878220 -5022.387128948500 -5.70767532112585 4.67561949137435 2.02924059833215
2024-05-13T06:20:12.000 282.528603390372 5208.334240436650 -4358.699970984690 -6.01038850847122 3.22857963895634 3.46792571762178
2024-05-13T06:24:12.000 -1152.723873563810 5784.799432482660 -3377.902740974080 -5.87714541396691 1.54567508285588 4.65569257410316
2024-05-13T06:28:12.000 -2504.229048186040 5941.067073896340 -2151.053599444940 -5.31654692705730 -0.25180145335194 5.50568384733316
2024-05-13T06:32:12.000 -3673.575620571220 5665.219260624580 -767.315253288832 -4.36828641045086 -2.03322768224289 5.95489818522216
2024-05-13T06:36:12.000 -4575.411909776330 4976.860308715980 672.439923586022 -3.10089896511315 -3.66822026206244 5.96947982067129
2024-05-13T06:40:12.000 -5143.828408396630 3925.845868869670 2063.042466109540 -1.60684558966736 -5.03671746352060 5.54774404505349
2024-05-13T06:44:12.000 -5337.290737222640 2588.666511800290 3302.827945324500 0.00451233438884 -6.03825028021385 4.72040431349414
2024-05-13T06:48:12.000 -5141.708348606630 1062.792013987790 4301.176665771610 1.61531167815034 -6.59954887136056 3.54816441249644
2024-05-13T06:52:12.000 -4571.407164639050 -540.539250386448 4985.174110920220 3.10808341946966 -6.67980527135501 2.11688948233159
2024-05-13T06:56:12.000 -3668.000773443250 -2104.480152607270 5304.888658612600 4.37425911957615 -6.27331559717175 0.53104423216269
2024-05-13T07:00:12.000 -2497.311491613660 -3515.061300644600 5236.936977363390 5.32184702554788 -5.40956503947099 -1.09392884570659
2024-05-13T07:04:12.000 -1144.597194544600 -4669.408107690870 4786.156231239720 5.88183361858176 -4.15098970630396 -2.63966935717808
2024-05-13T07:08:12.000 291.585346535676 -5483.180345118400 3985.303130546910 6.01306871425469 -2.58872678086586 -3.99326581411812
2024-05-13T07:12:12.000 1706.478084936000 -5896.758822647980 2892.765802627530 5.70541654141356 -0.83647550888600 -5.05535064087004
2024-05-13T07:16:12.000 2996.758779900290 -5879.733963530090 1588.395874948390 4.98097735276905 0.97753245664908 -5.74758550111876
2024-05-13T07:20:12.000 4068.180649854280 -5433.281233376040 167.686150928971 3.89286908846975 2.71999224255875 -6.01885793292203
2024-05-13T07:24:12.000 4842.610316759440 -4590.152446101220 -1265.313273864580 2.52139924737707 4.26278259428948 -5.84946408235217
2024-05-13T07:28:12.000 5263.849087106280 -3412.215477428180 -2605.783725617240 0.96782003681722 5.49300015653944 -5.25272279995022
2024-05-13T07:32:12.000 5301.712381730120 -1985.727352487070 -3755.953108578020 -0.65376564879178 6.32154503902635 -4.27357409998825
2024-05-13T07:36:12.000 4954.068088201110 -414.817390352641 -4632.259460134810 -2.22518276192204 6.68943325488577 -2.98465657556393
2024-05-13T07:40:12.000 4246.749743573500 1186.238311564160 -5171.319770870490 -3.63295775183823 6.57146203952511 -1.48037521106217
2024-05-13T07:44:12.000 3231.468244261300 2701.292494477350 -5334.316959910360 -4.77612633389521 5.97721749159266 0.13020043062207
2024-05-13T07:48:12.000 1981.988421638100 4020.574716485930 -5109.612348236410 -5.57287771507795 4.94989413146025 1.73094655373912
2024-05-13T07:52:12.000 588.861952319857 5048.423080317580 -4513.498587262030 -5.96589862911295 3.56320420754884 3.20652888332800
2024-05-13T07:56:12.000 -846.952795901918 5710.066905752520 -3589.078224026080 -5.92632910575423 1.91658612297049 4.45015592623244
2024-05-13T08:00:12.000 -2221.240372962320 5957.044820387320 -2403.297707389820 -5.45610542318026 0.12859802350767 5.37111557548602
2024-05-13T08:04:12.000 -3433.995946503320 5770.851747138360 -1042.274127094120 -4.58827904560424 -1.67110205883950 5.90137936553716
2024-05-13T08:08:12.000 -4396.736135055370 5164.523581473330 394.836923279246 -3.38531826418219 -3.35098261175260 6.00111527994271
2024-05-13T08:12:12.000 -5039.098715215060 4181.883707726210 1803.084981295880 -1.93485249297082 -4.78767490762448 5.66225330170628
2024-05-13T08:16:12.000 -5314.129807230240 2894.408021066530 3079.514431487820 -0.34304452026146 -5.87563032108531 4.90937288054719
2024-05-13T08:20:12.000 -5201.771164797570 1395.939137370880 4130.811491628170 1.27358008692069 -6.53517960369876 3.79771567149450
2024-05-13T08:24:12.000 -4710.283538008360 -204.273643575087 4880.180348413840 2.79704505027781 -6.71834148475313 2.40875828077278
2024-05-13T08:28:12.000 -3875.548341504090 -1789.602579260460 5272.911962206930 4.11652733273088 -6.41191480696672 0.84393096969508
2024-05-13T08:32:12.000 -2758.397873703140 -3244.513873919300 5280.306686415610 5.13614726629150 -5.63813839191785 -0.78275544458065
2024-05-13T08:36:12.000 -1440.194300623000 -4462.919936719310 4901.723778101510 5.78170718183526 -4.45299623973799 -2.35288832913900
2024-05-13T08:40:12.000 -16.973315807971 -5355.839456878730 4164.645306287660 6.00585935907859 -2.94226239677324 -3.75186256150923
2024-05-13T08:44:12.000 1407.470299333950 -5857.901779542870 3122.782477736720 5.79173694314694 -1.21578184741824 -4.87708143396843
2024-05-13T08:48:12.000 2729.130130087710 -5932.234999913490 1852.251658960510 5.15454646989085 0.60020889290650 -5.64561280660641
2024-05-13T08:52:12.000 3851.463211022770 -5573.315811590100 446.047099754250 4.14093447008997 2.37236973759463 -6.00069377158289
2024-05-13T08:56:12.000 4692.586789385830 -4807.465245331580 -992.837360178974 2.82567625350797 3.97038084250429 -5.91634030317110
2024-05-13T09:00:12.000 5191.387558499840 -3690.892502052660 -2359.112547728430 1.30590798237664 5.27714581128089 -5.39951984189260
2024-05-13T09:04:12.000 5311.988344196860 -2305.404126155260 -3553.058702687040 -0.30659443823686 6.19778478580935 -4.48931040527499
2024-05-13T09:08:12.000 5046.225268727810 -752.199777291928 -4487.864722205060 -1.89415531823611 6.66649309275741 -3.25341441691933
2024-05-13T09:12:12.000 4414.006366307110 855.659698635394 -5095.858111517810 -3.34192638117301 6.65071629418466 -1.78256494977148
2024-05-13T09:16:12.000 3461.647489285470 2401.482025129200 -5333.223348795350 -4.54596059818725 6.15280359953675 -0.18359228801144
2024-05-13T09:20:12.000 2258.397840867670 3773.262177022500 -5182.956918940630 -5.42012118558414 5.20915188578451 1.42817524772942
2024-05-13T09:24:12.000 891.476399462677 4871.564207170070 -4655.981929090090 -5.90162345120237 3.88752116674175 2.93664498587075
2024-05-13T09:28:12.000 -540.075677797852 5616.553694099520 -3790.393545889760 -5.95532212370093 2.28260680255649 4.23277379491610
2024-05-13T09:32:12.000 -1932.387249609270 5953.755697742070 -2648.851371711900 -5.57643630250019 0.50988196669969 5.22211819706515
2024-05-13T09:36:12.000 -3184.197334627200 5858.134559294990 -1314.220246123230 -4.79145353772452 -1.30224945095110 5.83183730637494
2024-05-13T09:40:12.000 -4204.228558354270 5336.110493749290 116.331108905693 -3.65665009040642 -3.02164327730810 6.01635592075066
2024-05-13T09:44:12.000 -4917.948199141310 4425.303888452890 1538.371297175880 -2.25450383758882 -4.52210182343782 5.76124097504616
2024-05-13T09:48:12.000 -5273.175321543770 3191.907834838530 2847.940139102170 -0.68757985765637 -5.69331123375773 5.08484600892922
2024-05-13T09:52:12.000 -5243.971437989900 1725.804884269670 3949.288101093290 0.92941656027921 -6.44941715195185 4.03675350302622
2024-05-13T09:56:12.000 -4832.516502690040 133.901165206543 4761.939031136370 2.47833647088714 -6.73526889185356 2.69383749513097
2024-05-13T10:00:12.000 -4068.874340136070 -1467.759013368430 5226.560657326270 3.84640142164233 -6.53025323613697 1.15427296474025
2024-05-13T10:04:12.000 -3008.716500410730 -2962.454051857570 5309.215662831430 4.93423711666911 -5.84930618977587 -0.46976767459462
2024-05-13T10:08:12.000 -1729.259679963630 -4241.205643592000 5003.781139398840 5.66270416493237 -4.74165076613995 -2.06002204243131
2024-05-13T10:12:12.000 -323.710223561376 -5210.657509168140 4332.416017746190 5.97852120872208 -3.28748235619743 -3.50049072526176
2024-05-13T10:16:12.000 1105.449884530830 -5799.874903828700 3344.018444124600 5.85815434047953 -1.59240306307087 -4.68566383579944
2024-05-13T10:20:12.000 2453.888478804600 -5965.618765097670 2110.769223566470 5.30991406465173 0.21976905130790 -5.52827665450662
2024-05-13T10:24:12.000 3623.103468748030 -5695.657525896600 722.912888198704 4.37383265902718 2.01606631201832 -5.96606323134124
2024-05-13T10:28:12.000 4527.756932608650 -5009.776815419860 -717.894906363348 3.11890703261160 3.66436886860303 -5.96687597742666
2024-05-13T10:32:12.000 5102.040897768590 -3958.328324855250 -2106.191661102270 1.63780825028915 5.04376235942073 -5.53132590560831
2024-05-13T10:36:12.000 5304.516945300330 -2618.393871198390 -3340.588442861190 0.03962117897201 6.05381868799887 -4.69248456548479
2024-05-13T10:40:12.000 5121.046313906740 -1087.925781571170 -4331.263440614010 -1.55875932326388 6.62209319752996 -3.51294909089401
2024-05-13T10:44:12.000 4565.585466130130 521.596817506128 -5006.445394748290 -3.04153913383785 6.70885441326759 -2.07951328331462
2024-05-13T10:48:12.000 3678.924374759040 2093.308110022950 -5317.430921158730 -4.30215686619066 6.30907389364019 -0.49643197225734
2024-05-13T10:52:12.000 2525.602244222250 3513.302147783790 -5241.902107473010 -5.25037314295223 5.45224386747458 1.12196240467658
2024-05-13T10:56:12.000 1189.247559139700 4678.676691787830 -4785.401004281650 -5.81820729603131 4.20000097985657 2.65914186891472
2024-05-13T11:00:12.000 -233.325575545346 5504.783253920050 -3980.925789084440 -5.96439825471991 2.64201805162865 4.00411302054447
2024-05-13T11:04:12.000 -1638.936274345090 5931.303681542340 -2886.685489931520 -5.67754181729879 0.89025995597315 5.05903144392008
2024-05-13T11:08:12.000 -2925.399782438160 5926.729366197400 -1582.070478061590 -4.97739011265505 -0.92853034064016 5.74633936919906
2024-05-13T11:12:12.000 -3998.958869261770 5490.862769608710 -162.027424401183 -3.91408643857132 -2.68179058648444 6.01486834581841
2024-05-13T11:16:12.000 -4781.219810045730 4655.022853253450 1269.835275718000 -2.56473904111068 -4.24109478377401 5.84410086377507
2024-05-13T11:20:12.000 -5214.997304790780 3479.884848025840 2608.871825849970 -1.02790661116296 -5.49182638661424 5.24603838919617
2024-05-13T11:24:12.000 -5268.606471082280 2051.053032527100 3757.176674924490 0.58386075375735 -6.34222473191445 4.26446289735952
2024-05-13T11:28:12.000 -4938.180543885250 472.700390398617 4630.831662028560 2.15278633518354 -6.73021849511713 2.97136714810774
2024-05-13T11:32:12.000 -4247.873630460400 -1140.111036652460 5166.038436158950 3.56455152207865 -6.62765430619665 1.46136104227623
2024-05-13T11:36:12.000 -3248.027459873880 -2669.840114740370 5323.722578041480 4.71655383863832 -6.04209311995682 -0.15542104608171
2024-05-13T11:40:12.000 -2011.471264538310 -4004.983328010040 5092.309413323990 5.52508741913639 -5.01593877196340 -1.76130867406749
2024-05-13T11:44:12.000 -628.266901895343 -5048.105784835960 4488.554604092810 5.93108178162482 -3.62338243251431 -3.23924369885655
2024-05-13T11:48:12.000 800.756128127196 -5722.928697040640 3556.406411332840 5.90448479390986 -1.96551406453655 -4.48106722655395
2024-05-13T11:52:12.000 2171.309471910810 -5979.970386406710 2363.903430958630 5.44675667504304 -0.16325071109916 -5.39542966475215
2024-05-13T11:56:12.000 3383.292807818580 -5800.304894781500 998.276503911471 4.59119373846715 1.65127041885721 -5.91482122529817
2024-05-13T12:00:12.000 4348.223917303370 -5197.077527749780 -440.466320757791 3.40074267726541 3.34463388065834 -6.00100049127934
2024-05-13T12:04:12.000 4995.845146097290 -4214.572315292400 -1846.993772205250 1.96334503101785 4.79248719836589 -5.64815873015644
2024-05-13T12:08:12.000 5279.324070031860 -2924.841160677300 -3118.535348567410 0.38495307924243 5.88926815004349 -4.88324536510089
2024-05-13T12:12:12.000 5178.587952195950 -1422.212869621490 -4162.493869307240 -1.21884946260255 6.55600937277235 -3.76346241769357
2024-05-13T12:16:12.000 4701.577708951590 183.783610969896 -4903.165867666750 -2.73163727817680 6.74567776682260 -2.37142355545835
2024-05-13T12:20:12.000 3883.435180398860 1776.467479491320 -5287.086657649070 -4.04451173376307 6.44594628589990 -0.80863139407005
2024-05-13T12:24:12.000 2783.781740961930 3240.391396201140 -5286.670547959590 -5.06347216472281 5.67923637661159 0.81201014223545
2024-05-13T12:28:12.000 1482.391776469320 4469.485829190370 -4902.043845090760 -5.71551078881419 4.50081822431490 2.37376611355891
2024-05-13T12:32:12.000 73.541906350831 5374.535877154550 -4161.016991054600 -5.95346152174726 2.99509330026957 3.76398277037533
2024-05-13T12:36:12.000 -1340.622397017050 5889.546625657370 -3117.183179839480 -5.75936351538277 1.27012575675161 4.88169673419665
2024-05-13T12:40:12.000 -2657.348355934960 5976.604266206510 -1846.229208615910 -5.14624172219882 -0.54947482345218 5.64492361792775
2024-05-13T12:44:12.000 -3780.713372315740 5628.829641288150 -440.595326671137 -4.15774573616686 -2.33125189768363 5.99696780994384
2024-05-13T12:48:12.000 -4628.702202978400 4871.102651028240 997.200228707368 -2.86546494540675 -3.94469528337955 5.91116396414417
2024-05-13T12:52:12.000 -5139.340359843070 3758.375958705990 2362.109068730580 -1.36375082762613 -5.27134738138322 5.39325709540990
2024-05-13T12:56:12.000 -5275.321513487760 2371.664965465590 3554.338998733630 0.23749060121918 -6.21384735802419 4.48102401383676
2024-05-13T13:00:12.000 -5026.760955894570 812.066421033098 4486.743073325010 1.82110009216193 -6.70327005046861 3.24138800919740
2024-05-13T13:04:12.000 -4411.862102517020 -806.726286509542 5091.230587537220 3.27167938527097 -6.70414796962551 1.76513386090971
2024-05-13T13:08:12.000 -3475.477678472180 -2366.744403897230 5323.665527559190 4.48380594904627 -6.21646338182688 0.15991844003240
2024-05-13T13:12:12.000 -2285.821816900230 -3754.280681756420 5167.025696979620 5.36938716018251 -5.27552937608673 -1.45733649982168
2024-05-13T13:16:12.000 -929.535528271516 -4868.109807399020 4632.626374025330 5.86386197467887 -3.94942374892811 -2.96880654708534
2024-05-13T13:20:12.000 494.542619014680 -5626.822924755110 3759.340961997990 5.93076631369352 -2.33428067133615 -4.26401245611041
2024-05-13T13:24:12.000 1882.508023009560 -5974.820563716880 2610.875650150120 5.56468958097073 -0.54778426682094 -5.24778183061772
2024-05-13T13:28:12.000 3132.993348412230 -5886.511956296450 1271.207666140460 4.79212915218040 1.27919018197914 -5.84748376798566
2024-05-13T13:32:12.000 4154.684233671470 -5368.333212307980 -161.567587065417 3.66987511475570 3.01234975001307 -6.01890113759480
2024-05-13T13:36:12.000 4873.135990317680 -4458.320958547020 -1582.536803693580 2.28081127530095 4.52436866952387 -5.74982799087744
2024-05-13T13:40:12.000 5236.294374687690 -3223.232293115300 -2887.819646003260 0.72739427982215 5.70478473391661 -5.06098143132399
2024-05-13T13:44:12.000 5218.245543757960 -1753.457833211350 -3982.289625834430 -0.87643214586378 6.46833038364677 -4.00404548207214
2024-05-13T13:48:12.000 4820.920019829340 -156.204903939196 -4786.512715669130 -2.41404087961713 6.76089101638428 -2.65717697189828
2024-05-13T13:52:12.000 4073.707529225160 1452.413558457470 -5242.374331431550 -3.77457765906841 6.56267237003770 -1.11874594512556
2024-05-13T13:56:12.000 3031.141845818890 2955.744274197420 -5317.083498091100 -4.86053955371789 5.88890881287154 0.49985767176829
2024-05-13T14:00:12.000 1768.901486282670 4244.866665188990 -5005.360543313810 -5.59417249778408 4.78836362836884 2.08207046603236
2024-05-13T14:04:12.000 378.437602677650 5226.255732827090 -4329.753935271410 -5.92253658077993 3.33987676335507 3.51382480384046
2024-05-13T14:08:12.000 -1039.464775167400 5828.433761634990 -3339.112473564410 -5.82128495628302 1.64732862592907 4.69131887152691
2024-05-13T14:12:12.000 -2381.828981179410 6007.187067215770 -2105.223247093680 -5.29669812506686 -0.16721029696216 5.52834576634618
2024-05-13T14:16:12.000 -3550.909275817450 5748.967884389110 -717.784063401256 -4.38594028001002 -1.97180904876731 5.96288729840163
2024-05-13T14:20:12.000 -4461.384024401640 5072.101729774900 722.059263499140 -3.15479071885184 -3.63445325278790 5.96221882022431
2024-05-13T14:24:12.000 -5046.712915808080 4025.605291281060 2109.128087904740 -1.69302703321277 -5.03305923334477 5.52572746757606
2024-05-13T14:28:12.000 -5264.126639905350 2685.646041993990 3342.006077473500 -0.10767606186268 -6.06492330713601 4.68520742904071
2024-05-13T14:32:12.000 -5097.790599863830 1149.909094402430 4330.570628948500 1.48525706771274 -6.65455287545739 3.50231964009922
2024-05-13T14:36:12.000 -4559.917289133600 -469.636850854924 5002.618527801670 2.96955311071906 -6.75910340807548 2.06377438259834
2024-05-13T14:40:12.000 -3689.768509626890 -2054.965392585600 5309.098282849980 4.23733933048731 -6.37116051050638 0.47454258752718
2024-05-13T14:44:12.000 -2550.740805849130 -3490.550231406460 5227.590565247270 5.19653517941550 -5.51879830722704 -1.14969992281376
2024-05-13T14:48:12.000 -1225.784348341250 -4671.683241896480 4763.925222437600 5.77723659189228 -4.26360707707608 -2.69060087973806
2024-05-13T14:52:12.000 188.559229766479 -5512.072813393310 3951.812818209710 5.93679369658050 -2.69657541893213 -4.03558597067063
2024-05-13T14:56:12.000 1589.127378635430 -5950.173589625380 2850.469320933630 5.66305675938755 -0.93173139278149 -5.08596579655010
2024-05-13T15:00:12.000 2873.650436867380 -5953.794098569290 1540.391441424310 4.97565852490922 0.90178885919315 -5.76424164858019
2024-05-13T15:04:12.000 3948.311479819160 -5522.613516567990 117.491986926198 3.92502330470487 2.66923977240715 -6.02034111999597
2024-05-13T15:08:12.000 4734.751358519510 -4688.278818502840 -1314.024136163530 2.58872132299559 4.24069634669462 -5.83570373464469
2024-05-13T15:12:12.000 5175.901386275760 -3512.021989109240 -2649.458663769630 1.06540944772881 5.50116887265975 -5.22478624300562
2024-05-13T15:16:12.000 5240.124928104280 -2079.979320049610 -3791.423105755700 -0.53303795034466 6.35938652187247 -4.23356310021579
2024-05-13T15:20:12.000 4923.359514971600 -496.678778189839 -4656.964798547350 -2.09016926182905 6.75421877035796 -2.93551052048439
2024-05-13T15:24:12.000 4249.176993756940 1122.707029088010 -5183.484830319460 -3.49353218685899 6.65849881263981 -1.42564939430997
2024-05-13T15:28:12.000 3266.867401095520 2660.702175221850 -5333.068560517140 -4.64247053817322 6.08018676207264 0.18658364576948
2024-05-13T15:32:12.000 2047.789618296260 4005.865295665420 -5095.037313849250 -5.45472891369434 5.06128048588561 1.78494756193655
2024-05-13T15:36:12.000 680.281664846930 5060.647058176940 -4486.638313443130 -5.87186572415106 3.67487934913233 3.25429822470185
2024-05-13T15:40:12.000 -736.560694504752 5748.299794824500 -3551.847539375420 -5.86320875935124 2.02030878878035 4.48827439256066
2024-05-13T15:44:12.000 -2099.884639309790 6018.446471942860 -2358.370616142510 -5.42841361119296 0.21677048414302 5.39672019188649
2024-05-13T15:48:12.000 -3310.473265875990 5850.896703124520 -992.912587777741 -4.59803104538690 -1.60485295332212 5.91248889224186
2024-05-13T15:52:12.000 -4280.008081508950 5257.344543137600 445.027747747738 -3.43185667647117 -3.31139824060668 5.99687963984312
2024-05-13T15:56:12.000 -4937.646537504840 4280.697238025710 1850.440577242800 -2.01483620585830 -4.77763031332335 5.64300170835237
2024-05-13T16:00:12.000 -5235.327803819990 2991.992784891730 3120.575226820930 -0.45065717227345 -5.89584900350901 4.87648804053918
2024-05-13T16:04:12.000 -5151.343367487630 1485.170353307010 4162.573769410710 1.14618392065414 -6.58413651931546 3.75358438077172
2024-05-13T16:08:12.000 -4691.894561398840 -129.896821230737 4900.317909177220 2.65907049739113 -6.79241245755332 2.35662448828943
2024-05-13T16:12:12.000 -3890.546154936360 -1735.495017598560 5279.960875265550 3.97797817032718 -6.50573282432361 0.78766878771817
2024-05-13T16:16:12.000 -2805.700690107500 -3214.627493602220 5273.768097093090 5.00714417318949 -5.74493768726924 -0.83903337892924
2024-05-13T16:20:12.000 -1516.355239136370 -4459.451185218390 4882.085808972280 5.67170087414097 -4.56498883930456 -2.40510324271189
2024-05-13T16:24:12.000 -116.436076912496 -5379.053029095370 4133.350069116460 5.92286945265251 -3.05126128582575 -3.79619118373606
2024-05-13T16:28:12.000 1291.961429578890 -5906.118292152180 3082.129731765210 5.74184063213970 -1.31387115397526 -4.91025190894592
2024-05-13T16:32:12.000 2606.014666051150 -6001.956415348210 1805.228941270310 5.14144912156514 0.52019254134541 -5.66519861148559
2024-05-13T16:36:12.000 3729.746689735890 -5659.473112898690 396.108927428150 4.16562513788140 2.31625307264745 -6.00525711625177
2024-05-13T16:40:12.000 4581.178800137360 -4903.795970542000 -1042.028177193480 2.88635864082218 3.94223625644961 -5.90559595441893
2024-05-13T16:44:12.000 5098.440732509880 -3790.397312988750 -2403.959997074110 1.39812203639518 5.27899563608617 -5.37430126305965
2024-05-13T16:48:12.000 5244.300529906720 -2400.859060698920 -3590.296278504580 -0.18961171366766 6.22947334879001 -4.45150740661994
2024-05-13T16:52:12.000 5008.744275127830 -836.680057222837 -4514.789954650540 -1.76095781499602 6.72570331323023 -3.20580963682169
2024-05-13T16:56:12.000 4409.472161384410 788.282755222412 -5110.522021009180 -3.20225503452329 6.73316547195608 -1.72860567984906
2024-05-13T17:00:12.000 3490.391493344270 2356.094894351100 -5334.557995782440 -4.41000764687081 6.25248188382788 -0.12714391521812
2024-05-13T17:04:12.000 2318.327908061390 3753.148248604940 -5170.849595140150 -5.29777583348752 5.31879246201073 1.48307155945854
2024-05-13T17:08:12.000 978.235439847532 4878.161498418660 -4631.282612919090 -5.80175084025242 3.99911120333761 2.98604496923342
2024-05-13T17:12:12.000 -432.788393225381 5649.350028734460 -3754.861654068530 -5.88517385592999 2.38799966690593 4.27309510441720
2024-05-13T17:16:12.000 -1812.365130044090 6010.319303339290 -2605.034224308420 -5.54109974039169 0.60132869620030 5.25040727479856
2024-05-13T17:20:12.000 -3060.150274310800 5934.289937846410 -1265.282897567560 -4.79344708127454 -1.23142185481266 5.84593343422947
2024-05-13T17:24:12.000 -4085.153420999480 5426.267128756690 166.823619809195 -3.69585008130229 -2.97648432877392 6.01513659360507
2024-05-13T17:28:12.000 -4812.492930339890 4522.877843426750 1586.732453921720 -2.32811902421348 -4.50581929074226 5.74480840946903
2024-05-13T17:32:12.000 -5189.010375980710 3289.786430002580 2890.642358834630 -0.79030438605678 -5.70706848071027 5.05440784781431
2024-05-13T17:36:12.000 -5187.229328661470 1816.858453822860 3983.218553135780 0.80500229621193 -6.49218823430598 3.99455334476943
2024-05-13T17:40:12.000 -4807.343616989310 211.496755821435 4784.632449782620 2.34127446163401 -6.80395648332701 2.64296426806568
2024-05-13T17:44:12.000 -4077.125159099850 -1409.273211599970 5236.374823652240 3.70663562137356 -6.61984407562538 1.09849092106185
2024-05-13T17:48:12.000 -3049.814889674980 -2927.342078524910 5305.464889518540 4.80194787208933 -5.95332288256783 -0.52632562964225
2024-05-13T17:52:12.000 -1800.230402429980 -4232.047750227910 4986.778078799640 5.54759773386384 -4.85260283471223 -2.11323145166673
2024-05-13T17:56:12.000 -419.379790775561 -5228.153296808330 4303.430945766460 5.88907026932241 -3.39727719836878 -3.54652853133947
2024-05-13T18:00:12.000 992.067269074285 -5842.773346366950 3305.184340993930 5.80090211828821 -1.69299439894979 -4.72119740411262
2024-05-13T18:04:12.000 2331.074036349990 -6030.808827570710 2064.937561615600 5.28905294354089 0.13573377896695 -5.55069558164488
2024-05-13T18:08:12.000 3499.831397890570 -5778.403603995930 673.447973133320 4.39090546600563 1.95469527609258 -5.97374469600882
2024-05-13T18:12:12.000 4413.036100494490 -5104.066027688440 -767.371848929659 3.17265555506191 3.63013466128013 -5.95929994096925
2024-05-13T18:16:12.000 5004.252619396220 -4057.306325266850 -2152.066098913610 1.72429712902980 5.03916458858133 -5.50906852228176
2024-05-13T18:20:12.000 5230.801645094820 -2714.861838850890 -3379.512327135170 0.15249961530995 6.07920314987905 -4.65717442593548
2024-05-13T18:24:12.000 5076.775106898570 -1174.869334363210 -4360.395508103190 -1.42778350249008 6.67559003637060 -3.46715431670471
2024-05-13T18:28:12.000 4553.970706381590 450.490792871065 -5023.652204238650 -2.90204072968551 6.78652273442257 -2.02653588162588
2024-05-13T18:32:12.000 3700.798097869670 2043.191381135360 -5321.441500559340 -4.16429158398149 6.40524764371938 -0.44010129066472
2024-05-13T18:36:12.000 2579.359252730500 3487.795065647140 -5232.392367373610 -5.12415989229015 5.55988940804194 1.17762189096158
2024-05-13T18:40:12.000 1270.970772090930 4679.598678137900 -4763.016229313370 -5.71278497159724 4.31124522346171 2.71012400021975
2024-05-13T18:44:12.000 -129.576916636814 5532.020609547160 -3947.240609355970 -5.88738557167842 2.74872249431932 4.04672555742064
2024-05-13T18:48:12.000 -1520.691720527850 5982.817887613620 -2844.098804388780 -5.63448752157124 0.98462473509005 5.09012954772839
2024-05-13T18:52:12.000 -2801.237982381320 5998.710155924500 -1533.646085333510 -4.97143531184288 -0.85338995319735 5.76358160557306
2024-05-13T18:56:12.000 -3877.887148557700 5578.004326465470 -111.271920453349 -3.94562660450918 -2.63135505184273 6.01691406263998
2024-05-13T19:00:12.000 -4672.013925134430 4750.926217705870 1319.221886119220 -2.63148779478352 -4.21894438662910 5.83071001796327
2024-05-13T19:04:12.000 -5125.579690792080 3577.534536043780 2653.276636483170 -1.12505904391945 -5.49950347047917 5.21816616563017
2024-05-13T19:08:12.000 -5205.467539860190 2143.321884746510 3793.348950724740 0.46336013420832 -6.37909975482514 4.22415389457131
2024-05-13T19:12:12.000 -4905.905013152360 552.870647953882 4656.127154455590 2.01765287212248 -6.79354931867384 2.92159953971066
2024-05-13T19:16:12.000 -4248.812867525750 -1077.872752772460 5178.614882169520 3.42458032445706 -6.71284593307494 1.40578685483971
2024-05-13T19:20:12.000 -3282.121709680160 -2630.066027226530 5322.669365296730 4.58192647120815 -6.14295872491551 -0.21272880459182
2024-05-13T19:24:12.000 -2076.245215248910 -3990.572066411060 5077.715542053620 5.40561441624229 -5.12514780790142 -1.81614279907725
2024-05-13T19:28:12.000 -719.004922020053 -5060.118345699140 4461.502432544670 5.83552680556876 -3.73302734462552 -3.28759665220559
2024-05-13T19:32:12.000 690.680361197660 -5760.503153279000 3518.883100307620 5.83988848367197 -2.06756973528948 -4.51943962709805
2024-05-13T19:36:12.000 2049.945674439060 -6040.367621401100 2318.654963016010 5.41785685794314 -0.25020853868238 -5.42104359514531
2024-05-13T19:40:12.000 3259.509094697940 -5879.108312439910 948.608816611940 4.60004305572159 1.58578122324310 -5.92580335587921
2024-05-13T19:44:12.000 4231.053958130010 -5288.527295384240 -490.919970514050 3.44666780070053 3.30538149437888 -5.99652485824835
2024-05-13T19:48:12.000 4893.834049250380 -4311.988387160420 -1894.537353637040 2.04296372190090 4.78231510677164 -5.62853029526202
2024-05-13T19:52:12.000 5199.902277864260 -3021.119135624040 -3159.682901303920 0.49242065847602 5.90885628531001 -4.84990289437998
2024-05-13T19:56:12.000 5127.529624460570 -1510.344420853080 -4194.228601925750 -1.09140700910255 6.60388608939834 -3.71884289894127
2024-05-13T20:00:12.000 4682.581140596150 110.204679673155 -4923.154118319120 -2.59353574254162 6.81832540811519 -2.31874296791375
2024-05-13T20:04:12.000 3897.859488879770 1722.779018821110 -5293.836999831800 -3.90580504821547 6.53802990562347 -0.75166108615044
2024-05-13T20:08:12.000 2830.556213211660 3210.470380302010 -5279.643180842680 -4.93423671071742 5.78399738996280 0.86915801653778
2024-05-13T20:12:12.000 1558.098688706250 4465.466965250920 -4881.692443684360 -5.60510230276663 4.61057862930534 2.42697807477292
2024-05-13T20:16:12.000 172.673604112253 5396.655799675780 -4128.759448772100 -5.86984724616952 3.10182015612994 3.80937740950393
2024-05-13T20:20:12.000 -1225.265911681720 5936.131428487290 -3075.310189159690 -5.70859218603714 1.36602126727634 4.91593481117919
2024-05-13T20:24:12.000 -2534.139968520980 6044.190412074500 -1797.742935692670 -5.13196579746933 -0.47143419436800 5.66544266009956
2024-05-13T20:28:12.000 -3658.585476571110 5712.423363408790 -389.004698116225 -4.18098237038564 -2.27669747608182 6.00214123168638
2024-05-13T20:32:12.000 -4516.517537890770 4964.559413751460 1048.131928742300 -2.92459459196276 -3.91755234063743 5.90051913342833
2024-05-13T20:36:12.000 -5045.253288654990 3854.844477989940 2408.649155484860 -1.45451987324425 -5.27353116446502 5.36752772036174
2024-05-13T20:40:12.000 -5206.178110528800 2464.092242381270 3593.073722349140 0.12166104798532 -6.24512146648466 4.44211713995273
2024-05-13T20:44:12.000 -4987.592588641360 893.709146307097 4514.840552052960 1.68867073728963 -6.76130591780609 3.19218802251890
2024-05-13T20:48:12.000 -4405.516134553390 -741.810910158598 5106.638186404360 3.13224810561516 -6.78465073363830 1.70924599540384
2024-05-13T20:52:12.000 -3502.425724536930 -2323.275813535610 5325.268078245460 4.34748045552810 -6.31360116556137 0.10147337110172
2024-05-13T20:56:12.000 -2344.115000062810 -3735.428083403560 5154.722838556530 5.24610589055550 -5.38227477929913 -1.51406019965999
2024-05-13T21:00:12.000 -1014.936687712760 -4875.256601688760 4607.333913230280 5.76263107665384 -4.05802152302784 -3.01966569618054
2024-05-13T21:04:12.000 388.255359714570 -5659.462836190460 3722.920538799150 5.85902296677172 -2.43681626665706 -4.30532239728210
2024-05-13T21:08:12.000 1763.095368143570 -6030.580179251920 2566.000823562620 5.52773985769665 -0.63673833625280 -5.27648624341841
2024-05-13T21:12:12.000 3009.191561560490 -5961.327486320880 1221.174096120960 4.79272999162440 1.21032831397568 -5.86151280124407
2024-05-13T21:16:12.000 4035.553155879590 -5456.737168944140 -213.095410087496 3.70794251135615 2.96867601482978 -6.01724215952448
2024-05-13T21:20:12.000 4767.378122976150 -4553.847581566150 -1631.779694312100 2.35350185119013 4.50903565811512 -5.73256397572074
2024-05-13T21:24:12.000 5151.626869566650 -3318.911175346670 -2931.164288427350 0.82937564993976 5.71884903840864 -5.02939982866325
2024-05-13T21:28:12.000 5160.837386031360 -1842.317993769170 -4016.559940384690 -0.75265558842729 6.51073493031222 -3.96046819092265
2024-05-13T21:32:12.000 4794.938926873740 -231.782624627441 -4809.193729275260 -2.27752833621363 6.82848849380772 -2.60476674829297
2024-05-13T21:36:12.000 4081.028369900090 1395.602691156600 -5251.791173059920 -3.63526375667076 6.65050676677452 -1.06128753623383
2024-05-13T21:40:12.000 3071.220621349030 2921.813752815790 -5312.514953816780 -4.72853422699264 5.99057227108572 0.55824211589756
2024-05-13T21:44:12.000 1838.817750399520 4236.256357756740 -4987.092251462790 -5.47904305069173 4.89640726737395 2.13714896859021
2024-05-13T21:48:12.000 473.109178920620 5243.554003014860 -4299.069594862700 -5.83262376234009 3.44641293264526 3.56157990826472
2024-05-13T21:52:12.000 -926.911268815460 5870.338198273800 -3298.204453172300 -5.76308906381365 1.74459466284243 4.72822774592541
2024-05-13T21:56:12.000 -2259.564978444580 6070.607003411740 -2057.043309345290 -5.27447433824508 -0.08627748370015 5.55165601863582
2024-05-13T22:00:12.000 -3427.821348188210 5829.247518613970 -665.829091209913 -4.40134801651383 -1.91310238268659 5.97083095959383
2024-05-13T22:04:12.000 -4346.427375299240 5163.358051824430 773.999189789823 -3.20672921849484 -3.60223599427143 5.95413138565667
2024-05-13T22:08:12.000 -4948.260875709860 4121.173039716960 2157.244612422380 -1.77781083981673 -5.02955074248379 5.50216289416797
2024-05-13T22:12:12.000 -5189.378314986830 2778.566458342190 3382.780706795410 -0.21922567655048 -6.09036579244043 4.64797704820199
2024-05-13T22:16:12.000 -5052.228121128550 1233.407854050920 4361.039389189180 1.35509446362289 -6.70714914176075 3.45419790998537
2024-05-13T22:20:12.000 -4546.879170497440 -401.655774472932 5020.571717562930 2.83033877383110 -6.83501506040958 2.00822964172287
2024-05-13T22:24:12.000 -3710.217629257370 -2007.455559892400 5313.233625846710 4.09919496115030 -6.46479448016612 0.41565387090680
2024-05-13T22:28:12.000 -2603.206665971040 -3466.969830926340 5217.625775410540 5.06951011956148 -5.62336870547898 -1.20759194979404
2024-05-13T22:32:12.000 -1306.459054119600 -4673.759680110920 4740.608946929330 5.67063502048004 -4.37153752236367 -2.74330012085773
2024-05-13T22:36:12.000 85.549891096672 -5539.664879295520 3916.857339947110 5.85841804137178 -2.79996623892629 -4.07928529550735
2024-05-13T22:40:12.000 1471.293327442470 -6001.268616679790 2806.435996586920 5.61865403480504 -1.02299909211599 -5.11743738761711
2024-05-13T22:44:12.000 2749.592522789730 -6024.663062389410 1490.517360561770 4.96852645244998 0.82927787270124 -5.78114410495816
2024-05-13T22:48:12.000 3827.101748944270 -5608.088826442380 65.441368346603 3.95574876837722 2.62078683792041 -6.02147491529618
2024-05-13T22:52:12.000 4625.258167443200 -4782.118248984460 -1364.438598747950 2.65502158992389 4.21987565714096 -5.82101990825357
2024-05-13T22:56:12.000 5086.122137030530 -3607.373315832740 -2694.547501357510 1.16237662176416 5.50945677484193 -5.19536699634743
2024-05-13T23:00:12.000 5176.605269673390 -2169.893460983270 -3827.890168031010 -0.41251886897013 6.39612063963148 -4.19157809588940
2024-05-13T23:04:12.000 4890.723364877030 -574.615952293063 -4682.149443649260 -1.95490394003767 6.81667930583523 -2.88405182658377
2024-05-13T23:08:12.000 4249.794553351950 1062.406853915060 -5195.550543980650 -3.35337168545763 6.74210936306509 -1.36844921197719
2024-05-13T23:12:12.000 3300.694846252290 2622.409814605350 -5331.129719766120 -4.50755958123502 6.17886081230122 0.24537771545734
2024-05-13T23:16:12.000 2112.379842520360 3992.357278796020 -5079.222906755260 -5.33484847923342 5.16788202498502 1.84108463892344
2024-05-13T23:20:12.000 770.954882389234 5072.900139770200 -4458.081258581210 -5.77570939394840 3.78164564989523 3.30369105899563
2024-05-13T23:24:12.000 -626.377996680753 5785.420214728860 -3512.616592689790 -5.79778666669643 2.11950742403483 4.52728270002387
2024-05-13T23:28:12.000 -1978.193831843080 6077.737209436480 -2311.319933840260 -5.39852918945251 0.30119887747692 5.42247303193256
2024-05-13T23:32:12.000 -3186.125623961420 5928.050745056510 -941.473594262518 -4.60592319093475 -1.54132552814404 5.92307530084251
2024-05-13T23:36:12.000 -4162.067906177440 5346.757374167690 497.097085897911 -3.47704842394880 -3.27340157587241 5.99151093794902
2024-05-13T23:40:12.000 -4834.730953169280 4375.867594064490 1899.333400236080 -2.09409130570026 -4.76793724075930 5.62206219997046
2024-05-13T23:44:12.000 -5154.971098268230 3086.004531285380 3162.718946915150 -0.55825134181724 -5.91513448948493 4.84154499004898
2024-05-13T23:48:12.000 -5099.447147206170 1571.192383053280 4194.906398487400 1.01806061486264 -6.63104466726111 3.70728338816120
2024-05-13T23:52:12.000 -4672.278877481850 -58.136471058807 4920.508193176640 2.51985638151663 -6.86363585575162 2.30234259373596
2024-05-13T23:56:12.000 -3904.651087244540 -1683.242880145780 5286.547179099090 3.83791479373239 -6.59607089025031 0.72926261229141
2024-05-14T00:00:12.000 -2852.496667115090 -3185.693675922180 5266.261198910040 4.87644521925138 -5.84771489583938 -0.89735263620155
2024-05-14T00:04:12.000 -1592.433939109050 -4455.929249306460 4861.022151939220 5.55987503864850 -4.67268155523024 -2.45906396582709
2024-05-14T00:08:12.000 -216.250266468037 -5401.179258532160 4100.256666642850 5.83811903188616 -3.15598014863226 -3.84186905491438
2024-05-14T00:12:12.000 1175.697117683080 -5952.241786511970 3039.409111487060 5.69033491436756 -1.40789995094107 -4.94430069886264
2024-05-14T00:16:12.000 2481.776450089240 -6068.667115744010 1755.996961538880 5.12691063331777 0.44371075159650 -5.68507075042718
2024-05-14T00:20:12.000 3606.587281278980 -5741.863982570560 343.969274302284 4.18909780276317 2.26285394882039 -6.00946732636911
2024-05-14T00:24:12.000 4468.070003572210 -4995.831118124660 -1093.258823347220 2.94612562997798 3.91575127409583 -5.89386471755064
2024-05-14T00:28:12.000 5003.617364438950 -3885.347857636920 -2450.539880974230 1.48979126349284 5.28132826563359 -5.34751435041526
2024-05-14T00:32:12.000 5174.653297473110 -2491.793670518920 -3628.825856865140 -0.07276726562019 6.26038683257541 -4.41161999711458
2024-05-14T00:36:12.000 4969.323731361310 -916.979330427644 -4542.458787379750 -1.62745030017028 6.78286506889030 -3.15574882580686
2024-05-14T00:40:12.000 4403.132356821350 724.448971550757 -5125.316022986170 -3.06176319073920 6.81237698575610 -1.67203354993116
2024-05-14T00:44:12.000 3517.591708112430 2313.355970735870 -5335.402221536270 -4.27269555406305 6.34798891484132 -0.06817749463199
2024-05-14T00:48:12.000 2377.102801563200 3734.603942899160 -5157.684555723170 -5.17356248704749 5.42368954255934 1.54013483837172
2024-05-14T00:52:12.000 1064.334208981040 4885.167527034260 -4605.068720862560 -5.69965936618113 4.10583794129110 3.03706015508297
2024-05-14T00:56:12.000 -325.606046293216 5681.412780909440 -3717.508481920640 -5.81264194030986 2.48880994309835 4.31433186894335
2024-05-14T01:00:12.000 -1691.877933708310 6065.131559296160 -2559.270726668780 -5.50344891873562 0.68894684110305 5.27882562168932
2024-05-14T01:04:12.000 -2935.122101601650 6007.900319601270 -1214.456453024210 -4.79350467217484 -1.16334186248024 5.85944431649315
2024-05-14T01:08:12.000 -3964.702489780780 5513.361657931590 218.992216858530 -3.73372229531638 -2.93288158078667 6.01274329632446
2024-05-14T01:12:12.000 -4705.432096484190 4617.162659170290 1636.426971108670 -2.40116599447533 -4.48987598929636 5.72672531259549
2024-05-14T01:16:12.000 -5103.199098680230 3384.434327241130 2934.242416939830 -0.89325504784341 -5.72001784710591 5.02202465621315
2024-05-14T01:20:12.000 -5128.980257145290 1904.999430914690 4017.562366342830 0.67967765104079 -6.53314139708089 3.95027861324177
2024-05-14T01:24:12.000 -4780.954372342340 286.721764283037 4807.243430799790 2.20274037279689 -6.86999786294691 2.59007397271680
2024-05-14T01:28:12.000 -4084.552320600890 -1352.455116578800 5245.635711567030 3.56511204664724 -6.70626364890867 1.04079264777956
2024-05-14T01:32:12.000 -3090.519166291120 -2893.091152199380 5300.706982029210 4.66787248721311 -6.05379098919327 -0.58475964613320
2024-05-14T01:36:12.000 -1871.231013416560 -4222.855793986260 4968.325055873670 5.43074039936541 -4.95966024915075 -2.16822907708003
2024-05-14T01:40:12.000 -515.496740629751 -5244.657502986850 4272.597411794670 5.79790150140317 -3.50303623349035 -3.59406205068792
2024-05-14T01:44:12.000 877.839097298579 -5883.724022164170 3264.197731133780 5.74206905505454 -1.78970333386239 -4.75774975070632
2024-05-14T01:48:12.000 2207.061530485820 -6093.163137073530 2016.777181190070 5.26684675216555 0.05517948726084 -5.57354801825893
2024-05-14T01:52:12.000 3375.070688704660 -5857.548417839040 621.631394662053 4.40690729564294 1.89617749677311 -5.98116168915123
2024-05-14T01:56:12.000 4296.609347699330 -5194.174907547130 -819.046652584989 3.22567942115644 3.59783104985234 -5.95071281503183
2024-05-14T02:00:12.000 4904.630962213620 -4151.773486342190 -2199.813277154930 1.81045372385781 5.03535572957327 -5.48513319857052
2024-05-14T02:04:12.000 5155.222542283650 -2806.781557345630 -3419.841555380770 0.26546313230267 6.10410127293115 -4.61967401790669
2024-05-14T02:08:12.000 5030.713084002490 -1257.537855362450 -4390.361815713500 -1.29627610101847 6.72729732061145 -3.41882756056048
2024-05-14T02:12:12.000 4540.749663502660 383.081621456024 -5041.068346269400 -2.76153368031632 6.86118945955985 -1.97092046593641
2024-05-14T02:16:12.000 3721.367153924280 1995.925610050330 -5325.039678258570 -4.02491710483577 6.49742269245622 -0.38127793567644
2024-05-14T02:20:12.000 2632.230389225930 3464.097729910030 -5221.918285623930 -4.99598569421961 5.66292889911704 1.23535198654986
2024-05-14T02:24:12.000 1352.319551631940 4681.196706721100 -4739.241753592060 -5.60509186078928 4.41772896982314 2.76255197396919
2024-05-14T02:28:12.000 -25.643128787993 5558.819800510530 -3911.906962024440 -5.80802667387066 2.85097092513471 4.09003374476787
2024-05-14T02:32:12.000 -1401.717688107630 6032.901763506010 -2799.791309307600 -5.58928889770110 1.07523620321562 5.12114313934111
2024-05-14T02:36:12.000 -2675.878725108710 6068.476478554720 -1483.607879067330 -4.96376378448845 -0.78097858098490 5.78003148915654
2024-05-14T02:40:12.000 -3755.283058662970 5662.423878984980 -59.164096836442 -3.97613028187389 -2.58240387668123 6.01760682084730
2024-05-14T02:44:12.000 -4561.125019971660 4843.904793381180 1369.589426941100 -2.69802852563983 -4.19700480641472 5.81561200275718
2024-05-14T02:48:12.000 -5034.533334615490 3672.356089746290 2698.231447417920 -1.22287420497020 -5.50618756291710 5.18845106608073
2024-05-14T02:52:12.000 -5140.961563472240 2233.123218998360 3829.633523415840 0.34135990703547 -6.41401661707986 4.18207076410077
2024-05-14T02:56:12.000 -4872.698692904880 631.126873424368 4681.129131921190 1.88043492787822 -6.85425958250522 2.87023185972558
2024-05-14T03:00:12.000 -4249.364537867010 -1016.861002583900 5190.542967317990 3.28221630108341 -6.79497414496226 1.34886843869069
2024-05-14T03:04:12.000 -3316.408916812660 -2590.757191797010 5320.677118573470 4.44490582301084 -6.24058372884322 -0.27112521139488
2024-05-14T03:08:12.000 -2141.755283505870 -3975.842887944410 5061.942702256240 5.28404694178132 -5.23107068161341 -1.87190561775605
2024-05-14T03:12:12.000 -810.935675885658 -5071.018474980310 4433.062015968230 5.73825343205955 -3.83934356858162 -3.33675372950534
2024-05-14T03:16:12.000 579.041533590070 -5796.175923626710 3479.807324870670 5.77392024641393 -2.16641826783845 -4.55836026231852
2024-05-14T03:20:12.000 1926.729483069200 -6098.135268007490 2271.768190576540 5.38793472430047 -0.33435787207705 -5.44680059661933
2024-05-14T03:24:12.000 3133.681289076960 -5954.681671239830 897.327863827351 4.60832912144342 1.52245172003049 -5.93643039776344
2024-05-14T03:28:12.000 4111.765013835650 -5376.330367469480 -542.841290378007 3.49253966063481 3.26740116074484 -5.99120418574211
2024-05-14T03:32:12.000 4789.752902255760 -4405.575633920510 -1943.298309726900 2.12303676224298 4.77237704015127 -5.60767714363362
2024-05-14T03:36:12.000 5118.576897837910 -3113.640979745110 -3201.718231294360 0.60081249871768 5.92760653075037 -4.81505454949746
2024-05-14T03:40:12.000 5074.840255274560 -1595.048117673100 -4226.466506799220 -0.96262445920082 6.64987067873883 -3.67254634301868
2024-05-14T03:44:12.000 4662.322849722500 39.481113002352 -4943.238946090390 -2.45370660177977 6.88812218574518 -2.26438278037566
2024-05-14T03:48:12.000 3911.477475158850 1671.164524990860 -5300.298905413760 -3.76503432377846 6.62649691429190 -0.69319662511037
2024-05-14T03:52:12.000 2877.056075069860 3181.696848684220 -5272.010438028010 -4.80264889277913 5.88472132288314 0.92742210578602
2024-05-14T03:56:12.000 1634.115079954280 4461.620683178030 -4860.530726447600 -5.49221995880159 4.71632902429347 2.48076605914517
2024-05-14T04:00:12.000 272.698576471196 5418.032358602970 -4095.621625993400 -5.78388187455567 3.20498873887527 3.85478371341128
2024-05-14T04:04:12.000 -1108.491015627050 5981.207332944010 -3032.618568881280 -5.65583599743776 1.45914395865254 4.94965410359060
2024-05-14T04:08:12.000 -2409.104554411720 6109.725452813120 -1748.619608028780 -5.11632711084828 -0.39509856800189 5.68498533551271
2024-05-14T04:12:12.000 -3534.406005330520 5793.694741839430 -337.046555344514 -4.20372575246018 -2.22270235946972 6.00608505512463
2024-05-14T04:16:12.000 -4402.270172621250 5055.693850885980 1099.128631155310 -2.98411442296138 -3.88986503974948 5.88861737512702
2024-05-14T04:20:12.000 -4949.296718840680 3949.244269918680 2454.964615682400 -1.54649735035737 -5.27417334903231 5.34066341164227
2024-05-14T04:24:12.000 -5135.546531751790 2554.921329999390 3631.335946623280 0.00387812665765 -6.27406242041029 4.40229333532686
2024-05-14T04:28:12.000 -4947.483436902160 974.379433973907 4542.279219813870 1.55366819014627 -6.81652230935219 3.14237702267944
2024-05-14T04:32:12.000 -4398.887443188090 -677.170650060644 5121.280208259450 2.98997178141381 -6.86220595701509 1.65305456436934
2024-05-14T04:36:12.000 -3529.772207453970 -2279.378279756660 5326.058050426550 4.20837383764461 -6.40784526868956 0.04292902116448
2024-05-14T04:40:12.000 -2403.437002581150 -3715.474327987700 5141.599565685410 5.12040098519385 -5.48633095342036 -1.57077150613457
2024-05-14T04:44:12.000 -1101.880068028420 -4880.685672694350 4581.225536876630 5.65956983036525 -4.16416016502052 -3.07051252534329
2024-05-14T04:48:12.000 280.062828789661 -5689.821322479000 3685.688759277130 5.78607542494329 -2.53712984406945 -4.34659244802130
2024-05-14T04:52:12.000 1641.554500998750 -6083.570899678830 2520.327310570070 5.49011441732624 -0.72386112375660 -5.30512961666283
2024-05-14T04:56:12.000 2883.149806926420 -6032.992924401950 1170.369557949510 4.79306163809917 1.14277371040623 -5.87534412204530
2024-05-14T05:00:12.000 3914.166328140250 -5541.769342746490 -265.318423287480 3.74616894703365 2.92549476921087 -6.01515595423838
2024-05-14T05:04:12.000 4659.460860080670 -4645.995000943760 -1681.597980546520 2.42682608624496 4.49327585123431 -5.71473510450463
2024-05-14T05:08:12.000 5065.003143408190 -3411.421790087150 -2974.933633315280 0.93240002745344 5.73158618536576 -4.99712757364400
2024-05-14T05:12:12.000 5101.768750006720 -1928.435764883070 -4051.075370980200 -0.62745018103365 6.55092645704631 -3.91610079245275
2024-05-14T05:16:12.000 4767.684324501530 -305.240424937827 -4831.928257093910 -2.13923514817540 6.89314133095684 -2.55155632404064
2024-05-14T05:20:12.000 4087.537616370180 1340.135775443820 -5261.077378525950 -3.49390241123962 6.73485791445222 -1.00311617167694
2024-05-14T05:24:12.000 3111.000920278410 2888.349503020030 -5307.665796263070 -4.59430907520502 6.08845494678272 0.61714140839346
2024-05-14T05:28:12.000 1908.979756049450 4227.205569532610 -4968.453887130450 -5.36162322918894 5.00073952399452 2.19245079860630
2024-05-14T05:32:12.000 568.567410849059 5259.567873785590 -4268.001127791020 -5.74053340245893 3.54969199622753 3.60922772607633
2024-05-14T05:36:12.000 -813.087216842422 5910.263083673030 -3256.971558384820 -5.70307388936506 1.83935574908025 4.76477097405492
2024-05-14T05:40:12.000 -2135.652142495060 6131.551945381460 -2008.646502111820 -5.25093149096605 -0.00694664203970 5.57444555924296
2024-05-14T05:44:12.000 -3302.835312679130 5906.787262066340 -613.794267299624 -4.41600608694191 -1.85498203088899 5.97815885178980
2024-05-14T05:48:12.000 -4229.473732059660 5251.868049168690 825.868330606767 -3.25862390724940 -3.56949573984996 5.94544262905840
2024-05-14T05:52:12.000 -4847.884010675240 4214.229695162970 2205.163831780570 -1.86320565079273 -5.02464495387697 5.47813462324690
2024-05-14T05:56:12.000 -5112.913572867490 2869.402520796910 3423.254162419180 -0.33188092652893 -6.11365663401400 4.61033545215611
2024-05-14T06:00:12.000 -5005.269188232690 1315.424402948930 4391.114786332530 1.22337125327889 -6.75690518989878 3.40573322104757
2024-05-14T06:04:12.000 -4532.870364495210 -334.415239927960 5038.070372017220 2.68916487862586 -6.90765263984930 1.95253326068557
2024-05-14T06:08:12.000 -3730.191312160350 -1959.885724414730 5316.896188199110 3.95892519866322 -6.55507903876903 0.35673848468471
2024-05-14T06:12:12.000 -2655.704720932730 -3442.536094153710 5207.183765487720 4.94040673986219 -5.72470033842128 -1.26549955534550
2024-05-14T06:16:12.000 -1387.643665020200 -4674.234298635320 4716.812197563410 5.56215941618746 -4.47649315323553 -2.79600537965089
2024-05-14T06:20:12.000 -18.378660711703 -5564.987502165910 3881.424969792170 5.77851937007083 -2.90079636328485 -4.12294597465554
2024-05-14T06:24:12.000 1352.223710028760 -6049.547949432800 2761.938920718800 5.57314417019746 -1.11229113688020 -5.14885592123263
2024-05-14T06:28:12.000 2624.078869381510 -6092.319656889890 1440.189131107510 4.96064966476472 0.75808748524831 -5.79801547525393
2024-05-14T06:32:12.000 3704.288031978210 -5690.124348429760 12.950782769085 3.98597239402025 2.57286803253854 -6.02249614548316
2024-05-14T06:36:12.000 4514.074418066110 -4872.506839949110 -1415.247802039190 2.72112287334709 4.19859603118676 -5.80607747033184
2024-05-14T06:40:12.000 4994.648712024950 -3699.503304739970 -2739.955052154250 1.25951634488622 5.51630246695042 -5.16557231845251
2024-05-14T06:44:12.000 5111.478774356810 -2257.042589487410 -3864.573383307900 -0.29144558348943 6.43051812775593 -4.14911596919962
2024-05-14T06:48:12.000 4856.657366341790 -650.440679122779 -4707.422293049470 -1.81872042954864 6.87606392595254 -2.83200811773177
2024-05-14T06:52:12.000 4249.241893190910 1003.412364235660 -5207.557215222480 -3.21198414103569 6.82211559955175 -1.31061223046451
2024-05-14T06:56:12.000 3333.671107960820 2584.516737689320 -5328.975858204000 -4.37124061601888 6.27361694698456 0.30482702970787
2024-05-14T07:00:12.000 2176.469611399160 3978.288924129180 -5063.037983504550 -5.21345434222880 5.27044662809553 1.89784808465950
2024-05-14T07:04:12.000 861.498807955169 5083.640223920390 -4429.014228831660 -5.67798961666185 3.88456007417446 3.35361599650489
2024-05-14T07:08:12.000 -515.951736353298 5820.154497875290 -3472.761999454970 -5.73083766020230 2.21533043541443 4.56670598126501
2024-05-14T07:12:12.000 -1855.906882828030 6133.911749666230 -2263.558874141530 -5.36724556545876 0.38294824325182 5.44853182213669
2024-05-14T07:16:12.000 -3060.866754115450 6001.543669802170 -889.265726195890 -4.61259244332362 -1.47964618965963 5.93383500282064
2024-05-14T07:20:12.000 -4042.941135930380 5432.176717279570 549.952100897548 -3.52116544556992 -3.23628948221131 5.98609150343018
2024-05-14T07:24:12.000 -4730.394315097240 4466.965902154450 1948.967679839270 -2.17248312426926 -4.75800141366688 5.60081145491638
2024-05-14T07:28:12.000 -5073.017541870180 3176.136724547940 3205.499902208880 -0.66525129031528 -5.93307089726386 4.80603316312302
2024-05-14T07:32:12.000 -5045.846325403860 1653.786465775240 4227.701846414140 0.89023303569556 -6.67553309341225 3.66009109814885
2024-05-14T07:36:12.000 -4650.936282407880 10.905377183814 4940.915423955290 2.38050760527445 -6.93138400382760 2.24693890420652
2024-05-14T07:40:12.000 -3917.124755332250 -1632.771234586340 5293.077081865020 3.69718398207672 -6.68213216760649 0.66973834482017
2024-05-14T07:44:12.000 -2897.880913270710 -3157.462524724110 5258.446453686740 4.74460460481922 -5.94586447796641 -0.95664090082781
2024-05-14T07:48:12.000 -1667.419178584800 -4451.995852937430 4839.437050331810 5.44654948534832 -4.77577297395263 -2.51382540592295
2024-05-14T07:52:12.000 -315.366770053257 -5421.830631063390 4066.479047837260 5.75158771009388 -3.25651140135818 -3.88808939127181
2024-05-14T07:56:12.000 1059.685173924320 -5995.974925400250 2995.909150930370 5.63694245200058 -1.49853788058810 -4.97859929725764
2024-05-14T08:00:12.000 2357.347200559450 -6132.293559862120 1705.957096561070 5.11059108140847 0.36958359399058 -5.70493795737344
2024-05-14T08:04:12.000 3482.838410549430 -5820.743750257040 291.047989734794 4.21104931944452 2.21065470422471 -6.01346199434071
2024-05-14T08:08:12.000 4354.047564392360 -5084.208154762040 -1145.189340565640 3.00473181055203 3.88928227164426 -5.88165983002884
2024-05-14T08:12:12.000 4907.656134694630 -3976.783520912020 -2497.675534778220 1.58077407446843 5.28245269605719 -5.32001704799681
2024-05-14T08:16:12.000 5103.769814873870 -2579.639651567130 -3667.724985137420 0.04394522818636 6.28899569094038 -4.37090981787134
2024-05-14T08:20:12.000 4928.697204582450 -994.849433337210 -4570.292776682080 -1.49357308634127 6.83687609765186 -3.10481270007189
2024-05-14T08:24:12.000 4395.725288630650 662.210933459509 -5140.063114594910 -2.92050867183970 6.88783557674794 -1.61457576024733
2024-05-14T08:28:12.000 3543.940295777740 2271.264262095010 -5335.987882019020 -4.13437498132931 6.43938653219615 -0.00833267551896
2024-05-14T08:32:12.000 2435.282049370040 3715.698686929640 -5144.049202159700 -5.04824267079667 5.52431836401694 1.59808130042552
2024-05-14T08:36:12.000 1150.107901532960 4890.785080244970 -4578.176587141100 -5.59642112256938 4.20830863063566 3.08891473842489
2024-05-14T08:40:12.000 -218.469400626264 5711.093309283840 -3679.285723071920 -5.73893495972211 2.58563738601463 4.35631762710086
2024-05-14T08:44:12.000 -1571.154106064200 6116.660983967650 -2512.473820581780 -5.46462633137597 0.77307921863352 5.30784890807267
2024-05-14T08:48:12.000 -2809.579291044280 6077.470003311190 -1162.473328398210 -4.79241384902194 -1.09806988086345 5.87337357002681
2024-05-14T08:52:12.000 -3843.457813736120 5595.833084280590 272.389218776460 -3.77040069345383 -2.89130521206717 6.01050291926224
2024-05-14T08:56:12.000 -4597.275682440950 4706.448004372580 1687.337592746190 -2.47288277086521 -4.47499997654411 5.70835166682418
2024-05-14T09:00:12.000 -5015.960599573620 3473.969591620230 2978.922299060680 -0.99479216142857 -5.73280668505558 4.98879005242090
2024-05-14T09:04:12.000 -5068.970006645090 1988.227730718080 4052.713879816500 0.55569649131621 -6.57257378648512 3.90459660312815
2024-05-14T09:08:12.000 -4752.503808923310 357.565631873054 4830.264338799560 2.06533035187974 -6.93312562123221 2.53528799966886
2024-05-14T09:12:12.000 -4089.699331152970 -1299.153316269810 5254.810700828060 3.42424284541758 -6.78841428683808 0.98090313536861
2024-05-14T09:16:12.000 -3128.868802565480 -2861.196639887420 5295.335466888580 4.53373629913439 -6.14894334430338 -0.64533498768325
2024-05-14T09:20:12.000 -1939.980885820990 -4214.674349311780 4948.785267159840 5.31309432068659 -5.06091797497990 -2.22499233153742
2024-05-14T09:24:12.000 -609.626623935126 -5260.776366665270 4240.313226723070 5.70534372392493 -3.60304377498481 -3.64284634410571
2024-05-14T09:28:12.000 765.203253279846 -5922.964837885830 3221.529532991850 5.68135968711642 -1.88120793266809 -4.79496160190932
2024-05-14T09:32:12.000 2084.150146480560 -6152.673617997110 1966.850375354820 5.24245746029817 -0.02119878796547 -5.59645814226644
2024-05-14T09:36:12.000 3250.872720228550 -5933.005023198930 568.099323496560 4.42064762753866 1.84048372437004 -5.98811331470078
2024-05-14T09:40:12.000 4180.213851616330 -5280.091674088810 -872.269727528014 3.27655701548219 3.56688104149690 -5.94120157194859
2024-05-14T09:44:12.000 4804.556432404810 -4241.912331749340 -2248.838488394440 1.89475467106665 5.03132455628616 -5.45988490469041
2024-05-14T09:48:12.000 5078.801750122980 -2894.614012647060 -3461.099722113890 0.37707472678173 6.12723596714709 -4.58060924620347
2024-05-14T09:52:12.000 4983.560543970030 -1336.703594252390 -4420.870788159950 -1.16548148158683 6.77595888085483 -3.36887248689521
2024-05-14T09:56:12.000 4526.340222246530 318.329831075587 -5058.639345024580 -2.62115522482644 6.93191769291386 -1.91370719681132
2024-05-14T10:00:12.000 3740.769956905200 1950.295943592800 -5328.413801863060 -3.88525717540730 6.58506654347258 -0.32089396872473
2024-05-14T10:04:12.000 2684.040367579840 3440.900714690630 -5210.851049807610 -4.86723824989803 5.76107309024497 1.29459108071417
2024-05-14T10:08:12.000 1432.769863046980 4682.097296029370 -4714.520680578050 -5.49662007071469 4.51915448902673 2.81640696264716
2024-05-14T10:12:12.000 77.604544900737 5583.710219381890 -3875.305219052860 -5.72767876928367 2.94823534977076 4.13457389746478
2024-05-14T10:16:12.000 -1283.168513641350 6079.917891353870 -2753.952367390850 -5.54289820221231 1.16121842628860 5.15310303760408
2024-05-14T10:20:12.000 -2550.632901301160 6134.135498872470 -1431.857664924310 -4.95469442272723 -0.71255030701617 5.79701877422234
2024-05-14T10:24:12.000 -3632.437983817830 5741.885522500810 -5.274288243542 -4.00509147140228 -2.53652145029261 6.01833570060159
2024-05-14T10:28:12.000 -4449.610547877100 4931.315412610480 1421.680673375160 -2.76290524457775 -4.17704920140903 5.79997282957710
2024-05-14T10:32:12.000 -4942.448438207350 3761.283551805650 2744.701011280710 -1.31891705855348 -5.51357149451645 5.15752039138987
2024-05-14T10:36:12.000 -5074.984523486710 2317.038166973100 3867.054914649710 0.22117109799450 -6.44813148156807 4.13805578805441
2024-05-14T10:40:12.000 -4837.603569174290 703.887384769690 4706.729156095800 1.74484276096414 -6.91251745676827 2.81634587247041
2024-05-14T10:44:12.000 -4247.679374169230 -960.564127600467 5202.417024833330 3.14109587432658 -6.87306023310753 1.28907550821274
2024-05-14T10:48:12.000 -3348.232043093470 -2555.015301457180 5317.928927895620 4.30848060692385 -6.33273864371598 -0.33242938860899
2024-05-14T10:52:12.000 -2204.763491251960 -3963.243300077830 5044.755623676420 5.16217854386558 -5.33059542459395 -1.93017174842923
2024-05-14T10:56:12.000 -900.544098913295 -5082.473747008520 4402.696025026810 5.63981946671738 -3.93906925215244 -3.38762818417116
2024-05-14T11:00:12.000 469.365262508717 -5830.867149659440 3438.500431825230 5.70615657721429 -2.25915171350992 -4.59809450693132
2024-05-14T11:04:12.000 1804.998248853080 -6153.564699548520 2222.563456297610 5.35586989685032 -0.41339358769071 -5.47247708284955
2024-05-14T11:08:12.000 3008.808849652750 -6026.850540784950 843.844283244075 4.61439114879440 1.46284208668098 -5.94619724006469
2024-05-14T11:12:12.000 3992.911758558590 -5460.024677547800 -596.681510111343 3.53633153224559 3.23154987326894 -5.98439733459155
2024-05-14T11:16:12.000 4685.648450047300 -4494.747727035010 -1993.560307127250 2.20140640025705 4.76285890215742 -5.58486710230348
2024-05-14T11:20:12.000 5036.883029183230 -3201.846776086760 -3244.750259383280 0.70805154047339 5.94512987885360 -4.77799874431629
2024-05-14T11:24:12.000 5021.581982667200 -1675.909458918740 -4259.164862659370 -0.83435539901218 6.69318147585899 -3.62403058772784
2024-05-14T11:28:12.000 4641.445231211660 -28.183408955880 -4963.272931039730 -2.31379500994477 6.95412875159553 -2.20801664864894
2024-05-14T11:32:12.000 3924.552270745020 1621.610567553060 -5306.268979513100 -3.62375768686827 6.71050263148445 -0.63305998113862
2024-05-14T11:36:12.000 2923.160133468210 3153.865763642920 -5263.517857550470 -4.67037154725339 5.98062565150622 0.98709364963228
2024-05-14T11:40:12.000 1709.909527836220 4457.536375912140 -4838.198801613210 -5.37858895284455 4.81709397003526 2.53573113345671
2024-05-14T11:44:12.000 372.683183123418 5437.973029469410 -4061.063444289620 -5.69715773406902 3.30319340082932 3.90107901892962
2024-05-14T11:48:12.000 -991.573025704849 6023.683396409110 -2988.337872778460 -5.60230669530790 1.54758534978163 4.98387674324158
2024-05-14T11:52:12.000 -2283.739567845500 6171.602177115630 -1697.837379565650 -5.09990070358237 -0.32285840595059 5.70460747560278
2024-05-14T11:56:12.000 -3409.698343401200 5870.422117195160 -283.463557297094 -4.22559262528564 -2.17194173613162 6.00964926329258
2024-05-14T12:00:12.000 -4287.275461347470 5141.643305254610 1151.598118913800 -3.04270209475045 -3.86424034310579 5.87583174113176
2024-05-14T12:04:12.000 -4852.371077053920 4038.120855175610 2502.485314459270 -1.63756436023102 -5.27555759625842 5.31245667384385
2024-05-14T12:08:12.000 -5063.729647226700 2640.214836860640 3670.428283788400 -0.11301008868284 -6.30234653212262 4.36068170624925
2024-05-14T12:12:12.000 -4905.984993654830 1049.849287169560 4570.066381994110 1.41944038092882 -6.86959792625306 3.09035674568042
2024-05-14T12:16:12.000 -4390.716598007260 -617.039919072177 5135.707643281770 2.84816771987557 -6.93616630780247 1.59443182446079
2024-05-14T12:20:12.000 -3555.510541326500 -2238.973619252260 5326.051763256540 4.06933037935841 -6.49725316191685 -0.01798973398075
2024-05-14T12:24:12.000 -2461.199151842560 -3697.732087945500 5127.146071647960 4.99419709423452 -5.58462630163359 -1.62949442707975
2024-05-14T12:28:12.000 -1187.462761361480 -4886.893841432830 4553.381439325140 5.55534986120939 -4.26424480129280 -3.12268125243995
2024-05-14T12:32:12.000 172.885646740987 -5719.543633422060 3646.505156797650 5.71145543836138 -2.63181878248275 -4.38833615512406
2024-05-14T12:36:12.000 1520.597912733700 -6134.679903302350 2472.689936713930 5.45061963900793 -0.80630908367330 -5.33339725516486
2024-05-14T12:40:12.000 2757.253491792430 -6101.814763442270 1117.783495014170 4.79166292497100 1.07850572652095 -5.88806915391933
2024-05-14T12:44:12.000 3792.554326752360 -5623.353316071320 -318.995529115350 3.78306213538223 2.88406520350381 -6.01147970086592
2024-05-14T12:48:12.000 4551.060860433650 -4734.459622210590 -1732.447286219340 2.49935905442718 4.47771985437247 -5.69500270188978
2024-05-14T12:52:12.000 4977.783881746310 -3500.382767630380 -3019.261683741350 1.03529761074546 5.74303388628612 -4.96286809450742
2024-05-14T12:56:12.000 5042.157614945770 -2011.468019505400 -4085.688576406650 -0.50169607299857 6.58859608452211 -3.86991095205878
2024-05-14T13:00:12.000 4740.087859050400 -376.334015205404 -4854.357153402260 -1.99984157548244 6.95436481621928 -2.49683260360223
2024-05-14T13:04:12.000 4094.015648492500 1286.138211496860 -5269.741949663110 -3.35108980881571 6.81524011789857 -0.94383479907713
2024-05-14T13:08:12.000 3151.114610994860 2855.375229039110 -5301.980826269820 -4.45855105862681 6.18220462948334 0.67673133712296
2024-05-14T13:12:12.000 1979.825265340160 4217.659675543970 -4948.849823720430 -5.24284911458618 5.10101985951331 2.24816920157703
2024-05-14T13:16:12.000 665.001070133677 5274.135259073310 -4235.889780111010 -5.64737191428991 3.64911074547086 3.65710832284915
2024-05-14T13:20:12.000 -698.063883770634 5947.849596263220 -3214.664930935760 -5.64225911478867 1.93058065243295 4.80132128480751
2024-05-14T13:24:12.000 -2010.380708610460 6189.373706325950 -1959.212771611360 -5.22687323851349 0.06943391224975 5.59691086241064
2024-05-14T13:28:12.000 -3176.408234624870 5980.592831143480 -560.837576746081 -4.43049937894067 -1.79897801900860 5.98487277579838
2024-05-14T13:32:12.000 -4111.074815318930 5336.242629481830 878.484941842261 -3.31061820102799 -3.53796437488217 5.93590749493355
2024-05-14T13:36:12.000 -4746.107692248870 4302.987142404240 2253.596941693490 -1.94888117394455 -5.01986951621496 5.45301420253626
2024-05-14T13:40:12.000 -5035.137754677080 2956.045373760440 3463.958351163060 -0.44498827786130 -6.13593734201033 4.57143855301867
2024-05-14T13:44:12.000 -4957.126387524420 1393.619701273100 4421.100377585790 1.09102876974735 -6.80457456883065 3.35584910339247
2024-05-14T13:48:12.000 -4517.851446632810 -270.374059201221 5055.126547173000 2.54716301131536 -6.97721659222793 1.89533355526438
2024-05-14T13:52:12.000 -3749.379813690770 -1914.675216686200 5319.759666987270 3.81761224212425 -6.64147423743550 0.29638888632667
2024-05-14T13:56:12.000 -2707.688771830950 -3419.455028835670 5195.626098153550 4.81009269661432 -5.82157878534778 -1.32458495703718
2024-05-14T14:00:12.000 -1468.625235847840 -4674.955987802660 4691.664981487480 5.45229457986067 -4.57676493568924 -2.84945714180757
2024-05-14T14:04:12.000 -122.456082996811 -5589.457792266280 3844.527138234610 5.69709851815022 -2.99722757599744 -4.16681380090484
2024-05-14T14:08:12.000 1232.637804869930 -6095.997470204470 2715.992704975760 5.52612486989290 -1.19790580431751 -5.17992772300631
2024-05-14T14:12:12.000 2497.711783763520 -6157.387054101950 1388.561207234300 4.95151400387171 0.68949326172741 -5.81399740436776
2024-05-14T14:16:12.000 3580.375469535350 -5769.102822222410 -40.574092804507 4.01544796265224 2.52623849078684 -6.02223282647493
2024-05-14T14:20:12.000 4401.686097813980 -4959.685314546450 -1466.755304191100 2.78709939231349 4.17730546771778 -5.78964185032240
2024-05-14T14:24:12.000 4902.021442764590 -3788.577692622440 -2785.693309265530 1.35720847159945 5.52189378160788 -5.13423838718168
2024-05-14T14:28:12.000 5045.409659781460 -2341.567532682880 -3901.229449582330 -0.16918195961698 6.46261265713995 -4.10523891342315
2024-05-14T14:32:12.000 4821.997918919670 -724.293758504873 -4732.358403958250 -1.68084487146195 6.93236550382425 -2.77881684660299
2024-05-14T14:36:12.000 4248.544255866120 945.587321115083 -5218.989848046710 -3.06858110961214 6.89857177428335 -1.25195444966230
2024-05-14T14:40:12.000 3367.004020660930 2546.918384089770 -5326.093300417310 -4.23279635189927 6.36468430472310 0.36474623481031
2024-05-14T14:44:12.000 2241.415599373730 3963.643883704130 -5046.054128763560 -5.09007091582039 5.36948984366453 1.95473609459932
2024-05-14T14:48:12.000 953.333602717719 5093.000714697030 -4399.147331472560 -5.57866592369032 3.98432056641497 3.40345049098062
2024-05-14T14:52:12.000 -403.904605855312 5852.801661926120 -3432.146065138220 -5.66274108246592 2.30842435893883 4.60588978599434
2024-05-14T14:56:12.000 -1731.779222585280 6187.409966315390 -2215.120894870680 -5.33528098125960 0.46255086736133 5.47411176503629
2024-05-14T15:00:12.000 -2933.662873466690 6071.939038222030 -836.528985991535 -4.61907793590866 -1.41928648306882 5.94384703103852
2024-05-14T15:04:12.000 -3921.894717330000 5514.303535089890 603.135412466354 -3.56569188144434 -3.19948581048285 5.97978667416758
2024-05-14T15:08:12.000 -4624.303055948320 4554.809653833470 1998.714701363740 -2.25181821377315 -4.74745573501869 5.57864861684909
2024-05-14T15:12:12.000 -4989.587292310960 3263.266299762730 3248.172165024690 -0.77359830272006 -5.94952007304143 4.76959736078760
2024-05-14T15:16:12.000 -4991.129473545680 1733.835631026150 4260.171709525560 0.76075669070148 -6.71771065514085 3.61202129871049
2024-05-14T15:20:12.000 -4628.905518224320 78.040708425884 4960.798938521480 2.23925377503423 -6.99616259726389 2.19077522150251
2024-05-14T15:24:12.000 -3929.387265713870 -1583.439754377480 5298.921651880790 3.55440852084541 -6.76482246041948 0.60963109753056
2024-05-14T15:28:12.000 -2943.546138051500 -3129.539475293430 5249.829355694300 4.61073511436929 -6.04048826968177 -1.01631462652565
2024-05-14T15:32:12.000 -1743.154244272150 -4447.527298724270 4816.986887558570 5.33136913873824 -4.87540092065016 -2.56871728079690
2024-05-14T15:36:12.000 -415.647138720517 -5441.146047398670 4031.838474721940 5.66347416868021 -3.35387679947385 -3.93415107096145
2024-05-14T15:40:12.000 942.174996983736 -6037.676802884130 2951.621341826210 5.58236468568349 -1.58658412800701 -5.01243987522790
2024-05-14T15:44:12.000 2231.191739268850 -6193.355448778590 1655.271362524690 5.09357105736983 0.29728352956849 -5.72408193218884
2024-05-14T15:48:12.000 3357.261083096660 -5896.728999373370 237.684405934299 4.23286281113512 2.15934702990725 -6.01649946785692
2024-05-14T15:52:12.000 4238.235205490680 -5169.600687253840 -1197.319140012120 3.06379050544434 3.86267020076522 -5.86841181929460
2024-05-14T15:56:12.000 4810.080813646600 -4065.390000590890 -2544.762658436980 1.67275668689450 5.28244425233339 -5.29151126103193
2024-05-14T16:00:12.000 5031.568539295490 -2665.036822460100 -3706.342918822150 0.16211384497414 6.31558405663188 -4.32927782623801
2024-05-14T16:04:12.000 4887.150140174290 -1070.847333058520 -4597.642687567260 -1.35785892999188 6.88814422822149 -3.05311959047675
2024-05-14T16:08:12.000 4387.869060995460 601.125695683115 -5154.167291193800 -2.77718975618798 6.96007953166352 -1.55655230109301
2024-05-14T16:12:12.000 3570.348239193000 2229.521595627670 -5335.820806847870 -3.99390576601736 6.52734613241003 0.05185588072057
2024-05-14T16:16:12.000 2494.030678212910 3696.319152762530 -5129.607861985950 -4.92085026870066 5.62157160063473 1.65613033870955
2024-05-14T16:20:12.000 1236.923844253340 4895.153413490060 -4550.481590462820 -5.49134459757138 4.30774300021091 3.14064308464070
2024-05-14T16:24:12.000 -109.898159241582 5738.857905779250 -3640.314081339070 -5.66382465353747 2.67996296841443 4.39799154310609
2024-05-14T16:28:12.000 -1448.719401683430 6165.746836845740 -2465.021748490730 -5.42490091382814 0.85533603656914 5.33639825616553
2024-05-14T16:32:12.000 -2682.166923435710 6144.238285101230 -1109.974993687610 -4.79090971016756 -1.03385893930814 5.88659434442375
2024-05-14T16:36:12.000 -3720.313902893820 5675.376050554870 326.103216303852 -3.80727177447615 -2.84969190034036 6.00735131958520
2024-05-14T16:40:12.000 -4487.351233827830 4792.951997035800 1738.343000944620 -2.54550768048880 -4.45895540319560 5.68907209374196
2024-05-14T16:44:12.000 -4927.254437708650 3561.122864891250 3023.495952907190 -1.09791221318172 -5.74346551195743 4.95480094799696
2024-05-14T16:48:12.000 -5007.946180799240 2069.678965875290 4087.605912588380 0.42953934074402 -6.60914762363397 3.85840449499031
2024-05-14T16:52:12.000 -4723.616448333900 427.378979561686 4852.933559171890 1.92530808235753 -6.99293014227972 2.48025345949372
2024-05-14T16:56:12.000 -4095.071696357460 -1246.058904639150 5263.616024897130 3.28051197053164 -6.86708681997314 0.92112510653687
2024-05-14T17:00:12.000 -3168.133724622290 -2828.692356698310 5289.665708053090 4.39676278887033 -6.24082522341503 -0.70544075168754
2024-05-14T17:04:12.000 -2010.293755250610 -4205.152518242480 4929.089000341660 5.19293358658852 -5.15938867989741 -2.28106831820391
2024-05-14T17:08:12.000 -705.861975784752 -5274.960160092420 4208.051207530840 5.61080914751779 -3.70090713419196 -3.69084660926206
2024-05-14T17:12:12.000 650.068250180451 -5959.842625497620 3179.073629976950 5.61936323127462 -1.97130114255085 -4.83138723296211
2024-05-14T17:16:12.000 1958.521313146040 -6209.575085600170 1917.318663998430 5.21754728486167 -0.09695297244470 -5.61863061840959
2024-05-14T17:20:12.000 3123.930903997130 -6005.805028589700 515.130001413290 4.43468733206773 1.78455745999752 -5.99441763910405
2024-05-14T17:24:12.000 4061.243338163720 -5363.511769674030 -924.794755427950 3.32853696862718 3.53485256764691 -5.93122653397970
2024-05-14T17:28:12.000 4702.258809451250 -4329.895944031630 -2297.081309699390 1.98085529298400 5.02556210376415 -5.43439706073259
2024-05-14T17:32:12.000 5000.650682220400 -2980.767252424220 -3501.540925911160 0.49095628721405 6.14815460977424 -4.54148714119320
2024-05-14T17:36:12.000 4935.254918345610 -1414.769050410950 -4450.564278688250 -1.03218194426035 6.82202052875258 -3.31897496020059
2024-05-14T17:40:12.000 4511.392987333010 254.014774715615 -5075.420617429710 -2.47816743301047 6.99974413049453 -1.85665989468108
2024-05-14T17:44:12.000 3760.261921336180 1904.392894970580 -5331.053372590640 -3.74300857193692 6.66973309583014 -0.26079807825995
2024-05-14T17:48:12.000 2736.543125603740 3416.728187768950 -5199.131306928300 -4.73607284775191 5.85638285392745 1.35343483755902
2024-05-14T17:52:12.000 1514.458040088860 4681.383434719570 -4689.254216667470 -5.38605319234039 4.61813011945013 2.86977055133520
2024-05-14T17:56:12.000 182.538635136316 5606.464489422290 -3838.280840318900 -5.64570411073295 3.04362413144938 4.17859335811985
2024-05-14T18:00:12.000 -1162.608307159330 6124.431535579470 -2707.817885413920 -5.49545358434520 1.24604621262887 5.18452685057949
2024-05-14T18:04:12.000 -2423.202077814530 6197.107702311650 -1379.937943307970 -4.94522631559261 -0.64450290941595 5.81349531140113
2024-05-14T18:08:12.000 -3507.384575290370 5818.667297241400 48.663711874373 -4.03424785436742 -2.49017612901532 6.01855778082555
2024-05-14T18:12:12.000 -4336.007350067540 5016.271183870090 1473.701601565300 -2.82859336348585 -4.15568558883916 5.78387096227490
2024-05-14T18:16:12.000 -4848.543525151160 3848.200029778230 2791.002441356890 -1.41638409448458 -5.51867941962014 5.12625354949910
2024-05-14T18:20:12.000 -5007.599897595220 2399.578496127670 3904.253552086730 0.09897691099948 -6.47925811234690 4.09393669510441
2024-05-14T18:24:12.000 -4801.642981091660 776.045539073981 4732.114441689290 1.60676440369987 -6.96738365886065 2.76262697815560
2024-05-14T18:28:12.000 -4245.769628318250 -904.040343206339 5214.144948865650 2.99714526358564 -6.94768606370004 1.22968557482657
2024-05-14T18:32:12.000 -3380.526372806580 -2518.242837057940 5315.157295728630 4.16914131937389 -6.42170159167605 -0.39312348318781
2024-05-14T18:36:12.000 -2268.923062473390 -3948.906096903550 5027.708632888450 5.03760591397237 -5.42746510087499 -1.98770687658092
2024-05-14T18:40:12.000 -991.898043882974 -5091.636338396040 4372.642784300480 5.53917463134412 -4.03683345773043 -3.43782189219645
2024-05-14T18:44:12.000 357.490569798357 -5862.880972067870 3397.650730084620 5.63684851959352 -2.35063875149328 -4.63732502997394
2024-05-14T18:48:12.000 1680.781179411640 -6206.101502864180 2173.907349275850 5.32294779972934 -0.49188081413692 -5.49789977841792
2024-05-14T18:52:12.000 2881.322177171270 -6096.079388180060 790.941690217318 4.62023118548790 1.40307887978544 -5.95594455628231
2024-05-14T18:56:12.000 3871.462575483840 -5540.897415937070 -649.959939237301 3.58048843600937 3.19487956943315 -5.97776284474280
2024-05-14T19:00:12.000 4579.095198732810 -4581.364668635450 -2043.315156397920 2.28061692083897 4.75194687810116 -5.56231696680507
2024-05-14T19:04:12.000 4952.988728832690 -3287.896943491440 -3287.337394659400 0.81650227050803 5.96073091999790 -4.74118603832877
2024-05-14T19:08:12.000 4966.447116500090 -1755.131192198780 -4291.465328773340 -0.70461841473344 6.73413431592577 -3.57564131066975
2024-05-14T19:12:12.000 4619.062693567950 -94.817259055764 -4982.911589298530 -2.17226828915736 7.01742694843234 -2.15152239121638
2024-05-14T19:16:12.000 3936.523448345340 1572.397696253970 -5311.776779310170 -3.48075236754799 6.79148163209407 -0.57251046149941
2024-05-14T19:20:12.000 2968.586104539040 3125.625047203150 -5254.442752392170 -4.53628588923779 6.07333743630794 1.04733829622276
2024-05-14T19:24:12.000 1785.463955928850 4452.277615774780 -4815.136379353330 -5.26312595123285 4.91471693167775 2.59133758957960
2024-05-14T19:28:12.000 472.862553226026 5456.016964002510 -4025.622477466300 -5.60865697276961 3.39856602096071 3.94799302987167
2024-05-14T19:32:12.000 -874.051165524560 6063.642853823650 -2943.032969851330 -5.54716159056441 1.63371264346367 5.01865331182226
2024-05-14T19:36:12.000 -2157.404905052370 6230.481169006420 -1645.915206197780 -5.08204646456563 -0.25227588480362 5.72461101756012
2024-05-14T19:40:12.000 -3283.713569694880 5943.854052644890 -228.684405209601 -4.24635408046715 -2.12198695794425 6.01329171062203
2024-05-14T19:44:12.000 -4170.787847568140 5224.210991696040 1205.238454414400 -3.10060437793046 -3.83851744548199 5.86274109851485
2024-05-14T19:48:12.000 -4753.843518874560 4123.758024485940 2551.053704820280 -1.72842090372013 -5.27583923658360 5.28354019387340
2024-05-14T19:52:12.000 -4990.326005064680 2722.657225700030 3710.360919945510 -0.23024503559591 -6.32851500891995 4.31808742314907
2024-05-14T19:56:12.000 -4863.043340544000 1123.082929793310 4598.441398366870 1.28437464165367 -6.91968277997059 3.03722682878701
2024-05-14T20:00:12.000 -4381.361547707430 -558.341279129786 5150.453685108960 2.70504601990131 -7.00646949433461 1.53469371349706
2024-05-14T20:04:12.000 -3580.434774979540 -2199.078549849560 5326.105129385320 3.92853521318532 -6.58269741544267 -0.07993577357748
2024-05-14T20:08:12.000 -2518.602040362200 -3679.550955353980 5112.521715236670 4.86599506997236 -5.67902692362248 -1.68911147124881
2024-05-14T20:12:12.000 -1273.173661585120 -4891.762914784550 4525.168846407130 5.44910276807214 -4.36076442934219 -3.17560809520102
2024-05-14T20:16:12.000 65.110944092376 -5747.129670432670 3606.783775081700 5.63497931800950 -2.72343848891634 -4.43073172429877
2024-05-14T20:20:12.000 1398.632818235970 -6182.987407531890 2424.378865110700 5.40958032620054 -0.88631175789470 -5.36214613083400
2024-05-14T20:24:12.000 2630.024171435680 -6167.330137951050 1064.427436472400 4.78910132755435 1.01600385738065 -5.90110964828685
2024-05-14T20:28:12.000 3669.369197777720 -5701.290797974200 -373.488597109917 3.81910395523889 2.84368083006424 -6.00784843251609
2024-05-14T20:32:12.000 4440.918144380500 -4819.128483143270 -1784.080350672640 2.57133656343756 4.46234639227378 -5.67495177718978
2024-05-14T20:36:12.000 4888.724200242600 -3585.611581858720 -3064.249488795430 1.13792696062238 5.75376580769600 -4.92788601492949
2024-05-14T20:40:12.000 4980.670291390210 -2091.050165333650 -4120.736099245480 -0.37597415242103 6.62462340642060 -3.82256159244104
2024-05-14T20:44:12.000 4710.637409589200 -444.483514343915 -4876.893185786610 -1.86022661542789 7.01302237270746 -2.44055243282595
2024-05-14T20:48:12.000 4098.727769575140 1234.367327190440 -5278.098954245520 -3.20775410059607 6.89223411453642 -0.88266571453316
2024-05-14T20:52:12.000 3189.629324340960 2823.730012740380 -5295.506908763540 -4.32191613775168 6.27188782539538 0.73840589465604
2024-05-14T20:56:12.000 2049.327250980960 4208.407967740730 -4927.962174856800 -5.12282882059771 5.19680240200281 2.30587761966924
2024-05-14T21:00:12.000 760.429211611771 5287.901830212970 -4202.051640511140 -5.55264863940293 3.74396746121910 3.70665574992843
2024-05-14T21:04:12.000 -583.643966835591 5983.574027979900 -3170.288907102280 -5.57968232725673 2.01758964525320 4.83904024513513
2024-05-14T21:08:12.000 -1885.281639863280 6244.396171468840 -1907.494542667670 -5.20100383718502 0.14225444276733 5.61998954455518
2024-05-14T21:12:12.000 -3049.723145313370 6050.843889774980 -505.526165770942 -4.44322906571188 -1.74567102831754 5.99153644481936
2024-05-14T21:16:12.000 -3992.009354011270 5416.547035910660 933.353339422335 -3.36100722041143 -3.50798075737671 5.92555524487364
2024-05-14T21:20:12.000 -4643.326096434370 4387.467055393320 2303.997996106980 -2.03338444607563 -5.01526016293889 5.42637961212178
2024-05-14T21:24:12.000 -4956.145035523520 3038.535086367940 3506.202418587190 -0.55751351403720 -6.15703405683805 4.53052359589071
2024-05-14T21:28:12.000 -4907.695613868320 1468.096662923800 4452.105430597960 0.95872902046939 -6.84984685062954 3.30368126829356
2024-05-14T21:32:12.000 -4501.586142144830 -209.344811930654 5072.630883688930 2.40476423494689 -7.04330765974052 1.83569032020407
2024-05-14T21:36:12.000 -3767.472325634320 -1871.532421461580 5322.490317064780 3.67543791783970 -6.72352822974052 0.23368378145502
2024-05-14T21:40:12.000 -2758.837566517860 -3397.337448993100 5183.401294415800 4.67848754166688 -5.91367343265073 -1.38574585536299
2024-05-14T21:44:12.000 -1549.116283251960 -4675.483527174360 4665.394307582970 5.34088172517943 -4.67222412113069 -2.90463425091560
2024-05-14T21:48:12.000 -226.428949614337 -5612.601156131680 3806.139704824600 5.61403608433453 -3.08907514559499 -4.21199006726566
2024-05-14T21:52:12.000 1112.766658632080 -6140.072414960900 2668.307356901450 5.47752269654203 -1.27942726693529 -5.21174705381505
2024-05-14T21:56:12.000 2370.700612436590 -6219.186643613270 1335.087244357350 4.94099633009494 0.62421451322340 -5.83012663619293
2024-05-14T22:00:12.000 3455.520885449070 -5844.125974564640 -95.911162829477 4.04382608457125 2.48200577441161 -6.02154015594977
2024-05-14T22:04:12.000 4288.126332485740 -5042.456026479720 -1519.901203817250 2.85225735677229 4.15736368772754 -5.77218700471537
2024-05-14T22:08:12.000 4808.057042061620 -3873.060983379360 -2832.757049790320 1.45433623468306 5.52764488877522 -5.10132752452098
2024-05-14T22:12:12.000 4977.899345369170 -2421.615045052860 -3938.773556619750 -0.04721120085492 6.49359357907094 -4.05931360704288
2024-05-14T22:16:12.000 4785.864140395260 -794.087669600500 -4757.648676164630 -1.54295087214270 6.98630628395223 -2.72324854681230
2024-05-14T22:20:12.000 4246.416806933690 891.113813760683 -5230.184206198160 -2.92481756848899 6.97151809984203 -1.19077131163438
2024-05-14T22:24:12.000 3399.041652965880 2511.713789662110 -5322.370228558310 -4.09358237011109 6.45133956213491 0.42712087318449
2024-05-14T22:28:12.000 2305.299035359450 3950.260345811830 -5027.668222318550 -4.96552079353386 5.46355988936090 2.01381142907229
2024-05-14T22:32:12.000 1044.431267290100 5102.399180517140 -4367.414819706230 -5.47781495890910 4.07894552482161 3.45491023328586
2024-05-14T22:36:12.000 -292.202784005517 5884.286514906190 -3389.361339608080 -5.59294106485870 2.39672669958449 4.64596357174797
2024-05-14T22:40:12.000 -1607.586571038300 6238.679525844510 -2164.390233418250 -5.30163310700894 0.53811571677956 5.49984288822056
2024-05-14T22:44:12.000 -2806.011130599030 6139.256011089100 -781.547820955096 -4.62409345251983 -1.36193598282893 5.95331567711611
2024-05-14T22:48:12.000 -3800.084717056710 5592.763650665480 658.354459931794 -3.60906501841416 -3.16454402000268 5.97227943317860
2024-05-14T22:52:12.000 -4517.221052244420 4638.697009686460 2050.133352477690 -2.33043584797827 -4.73743451663208 5.55467699326750
2024-05-14T22:56:12.000 -4905.060889477260 3346.483498601100 3292.030016582300 -0.88180845477610 -5.96509377542376 4.73096691139779
2024-05-14T23:00:12.000 -4935.357390664730 1810.332630631170 4293.280326153820 0.63082335562436 -6.75781545505504 3.56163535817094
2024-05-14T23:04:12.000 -4605.978651105660 142.234791816196 4980.763062223270 2.09716847217911 -7.05795684530936 2.13227922921044
2024-05-14T23:08:12.000 -3940.981419316060 -1536.239490092820 5304.287443345060 3.41058006471110 -6.84376128085622 0.54721116189311
2024-05-14T23:12:12.000 -2988.816997900350 -3102.768148617310 5240.196980215870 4.47563408920355 -6.13074280027685 -1.07810751984082
2024-05-14T23:16:12.000 -1818.806893193060 -4443.123043869370 4793.055092458060 5.21484579724329 -4.97039925370119 -2.62535870243934
2024-05-14T23:20:12.000 -516.163626901143 -5459.415290431310 3995.346113910570 5.57407218428692 -3.44664947485268 -3.98154343767473
2024-05-14T23:24:12.000 824.130913991012 -6077.255546583460 2905.223657860930 5.52659642848786 -1.67030218679186 -5.04707262050626
2024-05-14T23:28:12.000 2104.231303671950 -6251.320869176530 1602.362267872670 5.07548645710758 0.22870856478228 -5.74337123743537
2024-05-14T23:32:12.000 3230.642816714600 -5968.829021347910 182.141776971843 4.25378556131927 2.11084331739640 -6.01902658389112
2024-05-14T23:36:12.000 4121.196746734290 -5250.567347728960 -1251.430577186890 3.12221012338488 3.83773815009382 -5.85404117715474
2024-05-14T23:40:12.000 4711.158316536490 -4149.311617346130 -2593.493353459470 1.76436948632649 5.28289546660622 -5.26131854298644
2024-05-14T23:44:12.000 4957.965470222000 -2745.794683995310 -3746.139478678070 0.28020294736811 6.34132420956301 -4.28547963786309
2024-05-14T23:48:12.000 4844.220130984100 -1142.568666145810 -4625.609385179310 -1.22190094428826 6.93724242621593 -2.99894352835754
2024-05-14T23:52:12.000 4378.734134320770 543.647372998759 -5168.276687724300 -2.63323686938021 7.02894932888838 -1.49595619224733
2024-05-14T23:56:12.000 3595.679072189040 2190.456225526850 -5335.054539518590 -3.85238716707548 6.61098336183772 0.11446597931732
2024-05-15T00:00:12.000 2552.004362087170 3678.503412176950 -5114.029655958150 -4.79200073672228 5.71394822856648 1.71620098301991
2024-05-15T00:04:12.000 1323.349668476880 4899.893770438470 -4521.229693010940 -5.38454336036021 4.40218510714707 3.19382594736500
2024-05-15T00:08:12.000 -1.282490226139 5765.824338224130 -3599.520765682050 -5.58684265864886 2.76961793135034 4.44039095576876
2024-05-15T00:12:12.000 -1325.796285135030 6213.002752594970 -2415.667542930070 -5.38339540976629 0.93373230537503 5.36490013673273
2024-05-15T00:16:12.000 -2553.878094275970 6208.378637859550 -1055.669236974380 -4.78799046393041 -0.97241024397124 5.89909885270435
2024-05-15T00:20:12.000 -3596.014729801380 5751.769848734740 381.385415749392 -3.84325275678778 -2.80965092773665 6.00293658680993
2024-05-15T00:24:12.000 -4376.131376205040 4876.077300977570 1790.558968163750 -2.61786643025264 -4.44325282147492 5.66810363105278
2024-05-15T00:28:12.000 -4837.265970358210 3644.956722946920 3068.838735077660 -1.20139797302299 -5.75330100738640 4.91884969567991
2024-05-15T00:32:12.000 -4945.793639572790 2148.137421843210 4122.780350445670 0.30248193530833 -6.64383938322269 3.81014129616801
2024-05-15T00:36:12.000 -4693.870783280260 494.756577739956 4875.397964603810 1.78398107897990 -7.05003930165956 2.42324529803694
2024-05-15T00:40:12.000 -4099.920284192400 -1194.685202946840 5271.751539952780 3.13533796197007 -6.94253086960151 0.85943527611147
2024-05-15T00:44:12.000 -3207.214944179920 -2797.080381573220 5282.868875992630 4.25841325444531 -6.32903053524825 -0.76744272156339
2024-05-15T00:48:12.000 -2080.743614613150 -4195.591093560480 4907.822896562920 5.07146826636426 -5.25379630986419 -2.33890286656247
2024-05-15T00:52:12.000 -802.538748397113 -5288.107894543880 4173.835474999640 5.51505604839040 -3.79457621454559 -3.74025619440271
2024-05-15T00:56:12.000 534.218081971107 -5994.692388168820 3134.384383297660 5.55632029615485 -2.05736544034885 -4.86871764204997
2024-05-15T01:00:12.000 1831.951416870380 -6263.524845257150 1865.407121793990 5.19179838494508 -0.16907780770213 -5.64110523392909
2024-05-15T01:04:12.000 2995.867621814360 -6074.854676570570 459.790444170717 4.44806279176447 1.73160311739862 -6.00032288189245
2024-05-15T01:08:12.000 3941.015679136060 -5442.577471658520 -979.506553879850 3.38005429393750 3.50484239837299 -5.92012570335427
2024-05-15T01:12:12.000 4598.620587633220 -4413.181678596540 -2347.159409637650 2.06673325681637 5.02060798543219 -5.40713112714154
2024-05-15T01:16:12.000 4921.138362422100 -3062.185716874910 -3543.327839307170 0.60488778605270 6.16856188641338 -4.50008407435368
2024-05-15T01:20:12.000 4885.636257562780 -1488.385774225900 -4481.012562099850 -0.89852223270337 6.86621583817594 -3.26647255806083
2024-05-15T01:24:12.000 4495.259435009710 193.546837559312 -5092.314976033920 -2.33447839205670 7.06444581114014 -1.79690728232440
2024-05-15T01:28:12.000 3778.782384825310 1861.455644325330 -5333.171745400410 -3.59966499264850 6.75023729561491 -0.19817369257726
2024-05-15T01:32:12.000 2788.382567564560 3394.436780462250 -5186.330895218530 -4.60344385071115 5.94688494133074 1.41437392907606
2024-05-15T01:36:12.000 1595.869788774530 4681.365303731390 -4662.477887841560 -5.27375146952036 4.71211898277083 2.92458704762916
2024-05-15T01:40:12.000 287.625117297896 5628.742557168770 -3799.488058028720 -5.56192718135973 3.13430663291561 4.22329754713288
2024-05-15T01:44:12.000 -1041.476355198030 6167.414256601120 -2659.846231662680 -5.44634328265433 1.32685444608907 5.21584254825392
2024-05-15T01:48:12.000 -2294.834811644830 6257.705210675690 -1326.297391149710 -4.93442466363942 -0.57941403582168 5.82913179869437
2024-05-15T01:52:12.000 -3381.137147365730 5892.513380103440 104.049505914589 -4.06261944903249 -2.44553185081949 6.01737353326046
2024-05-15T01:56:12.000 -4221.100231006260 5098.039977445940 1526.782013549720 -2.89416240618849 -4.13470608797870 5.76597098761324
2024-05-15T02:00:12.000 -4753.393637857930 3931.991185789640 2837.908023356250 -1.51446021974640 -5.52292484910044 5.09302425582993
2024-05-15T02:04:12.000 -4939.197121368460 2479.325467873800 3941.582668425660 -0.02446794372425 -6.50852752838629 4.04785555725645
2024-05-15T02:08:12.000 -4765.019366145140 845.954096476185 4757.171055043090 1.46701082673401 -7.01960509410420 2.70706592194450
2024-05-15T02:12:12.000 -4243.626562489200 -849.061035851943 5225.129562113080 2.85133450557353 -7.01913049315004 1.16868739403085
2024-05-15T02:16:12.000 -3413.029438598160 -2482.214385778890 5311.282567760020 4.02802554914258 -6.50721013555152 -0.45521898157824
2024-05-15T02:20:12.000 -2333.682664297610 -3934.460902277460 5009.238535736910 4.91156392073200 -5.52068671515903 -2.04651454931215
2024-05-15T02:24:12.000 -1084.169038491900 -5099.795352636060 4340.880052096580 5.43734567851317 -4.13080483676985 -3.48910064031225
2024-05-15T02:28:12.000 244.442945805382 -5892.986546201010 3354.871914596720 5.56658563048537 -2.43842917756961 -4.67726881074011
2024-05-15T02:32:12.000 1555.193724183080 -6255.886576688900 2123.212530840470 5.28935013816997 -0.56707593749665 -5.52350405739872
2024-05-15T02:36:12.000 2752.342540415390 -6161.840774905190 736.029937191331 4.62573122470184 1.34594304450356 -5.96525342826858
2024-05-15T02:40:12.000 3748.483051836030 -5617.780337355380 -705.065450672972 3.62468051219156 3.15988932931783 -5.97006139609644
2024-05-15T02:44:12.000 4471.065226748180 -4663.723986075060 -2094.578536263210 2.36023433383320 4.74156531949677 -5.53820523065063
2024-05-15T02:48:12.000 4867.756404671660 -3369.707106038640 -3331.013294882820 0.92569381775732 5.97564684440574 -4.70246027782753
2024-05-15T02:52:12.000 4910.189382244950 -1830.424541474070 -4324.368863211890 -0.57382850915693 6.77318275884491 -3.52514854825302
2024-05-15T02:56:12.000 4595.846693200850 -158.116518680712 -5002.646580992600 -2.02939022751642 7.07770576987444 -2.09294802800091
2024-05-15T03:00:12.000 3948.020162479900 1525.681822553480 -5316.908183366610 -3.33610580869332 6.86855307780484 -0.51013916929125
2024-05-15T03:04:12.000 3013.964623845720 3098.873996140340 -5244.607451604710 -4.40029626694225 6.16163914892012 1.10892029634555
2024-05-15T03:08:12.000 1861.444627500810 4447.439045850430 -4791.068233628680 -5.14565149690003 5.00791732170991 2.64763975183961
2024-05-15T03:12:12.000 573.943761477509 5473.465005329510 -3989.089771035460 -5.51824359386347 3.48996292634498 3.99493012301078
2024-05-15T03:16:12.000 -755.203185552971 6102.143819313660 -2896.709499364470 -5.49043250050276 1.71669219750591 5.05279965844922
2024-05-15T03:20:12.000 -2029.433444951430 6287.277526934090 -1593.193547145920 -5.06322770582086 -0.18372754291260 5.74345756709925
2024-05-15T03:24:12.000 -3155.949306138370 6014.858073705780 -173.423074447774 -4.26690003209607 -2.07286451241312 6.01548497316709
2024-05-15T03:28:12.000 -4052.561530212820 5304.297795999940 1259.002265642320 -3.15905799318116 -3.81241251357896 5.84814594275791
2024-05-15T03:32:12.000 -4653.799052239390 4207.140970761720 2599.397022646990 -1.82056406993116 -5.27464465330758 5.25324919514321
2024-05-15T03:36:12.000 -4915.793604245340 2803.306404584630 3749.766439539390 -0.34940536062966 -6.35236310787502 4.27436156687864
2024-05-15T03:40:12.000 -4819.497971125640 1195.150230582580 4626.056986387070 1.14690399837036 -6.96693439840962 2.98330688975449
2024-05-15T03:44:12.000 -4372.002815341080 -500.102419458771 5164.287297818360 2.55938293989812 -7.07374930936625 1.47445435341183
2024-05-15T03:48:12.000 -3605.951006911900 -2158.913345187660 5325.154168688910 3.78536482475780 -6.66511469510374 -0.14215832571877
2024-05-15T03:52:12.000 -2577.118798431780 -3660.389477394590 5096.843159563920 4.73586332048584 -5.77055132492601 -1.74889001803818
2024-05-15T03:56:12.000 -1360.387126641250 -4894.979707791660 4495.865448562880 5.34155684205585 -4.45455011370496 -3.22868112126953
2024-05-15T04:00:12.000 -44.404142575237 -5772.421177519920 3565.942361821370 5.55779256306096 -2.81247072647281 -4.47320044980265
2024-05-15T04:04:12.000 1274.813183719040 -6228.417449218480 2374.942828648340 5.36827314476937 -0.96406150919022 -5.39084815823509
2024-05-15T04:08:12.000 2500.914096277180 -6229.488340819810 1009.986969116370 4.78658094359218 0.95518874616065 -5.91383487841490
2024-05-15T04:12:12.000 3544.354551483130 -5775.567381967250 -428.952122391567 3.85554773265915 2.80410970726369 -6.00359783034617
2024-05-15T04:16:12.000 4329.085191769820 -4900.054921342380 -1836.507415934210 2.64405629479211 4.44682922641147 -5.65405425752655
2024-05-15T04:20:12.000 4798.184670934550 -3667.253864838290 -3109.805948620050 1.24156019274050 5.76333615653537 -4.89188086810678
2024-05-15T04:24:12.000 4917.976288918110 -2167.447007354260 -4156.091706420180 -0.24897415572980 6.65848663913039 -3.77408711220072
2024-05-15T04:28:12.000 4680.316235292550 -510.073812437707 -4899.465482056710 -1.71909501667950 7.06864895172150 -2.38315228278098
2024-05-15T04:32:12.000 4102.957083301480 1184.343444763810 -5286.239595966860 -3.06271556144477 6.96552967902946 -0.82053393324708
2024-05-15T04:36:12.000 3228.088682855570 2792.891273467850 -5288.619524645560 -4.18342772926004 6.35749635019027 0.80073524491974
2024-05-15T04:40:12.000 2119.229368664960 4198.981591098420 -4906.551694314880 -5.00088694152379 5.28855563283346 2.36382843821047
2024-05-15T04:44:12.000 856.708903477935 5300.576870193770 -4167.687082431340 -5.45612560862153 3.83528071456893 3.75599844715162
2024-05-15T04:48:12.000 -467.977534404040 6017.447240356480 -3125.478661046040 -5.51564110915739 2.10184684625737 4.87621535671908
2024-05-15T04:52:12.000 -1758.637669679930 6297.022542868460 -1855.503204629080 -5.17412855310582 0.21331718473395 5.64228645462035
2024-05-15T04:56:12.000 -2921.315867260360 6118.414612379070 -450.148541812972 -4.45551709961242 -1.69294496652947 5.99727780584644
2024-05-15T05:00:12.000 -3871.203100158500 5494.175306615930 988.069185112326 -3.41168574618197 -3.47741792964309 5.91434439045159
2024-05-15T05:04:12.000 -4538.948055143650 4469.523068884080 2354.061410472470 -2.11876467661864 -5.00915554028279 5.39905127499366
2024-05-15T05:08:12.000 -4875.821661970380 3119.060097459100 3547.959172918840 -0.67136756101368 -6.17580926227932 4.48905745772435
2024-05-15T05:12:12.000 -4857.304769243030 1541.251167092200 4482.514065750130 0.82467150726802 -6.89212460864840 3.25117173336318
2024-05-15T05:16:12.000 -4484.824059110700 -148.873007831931 5089.492806901710 2.26031037453477 -7.10608807907502 1.77599495247170
2024-05-15T05:20:12.000 -3785.568490389430 -1828.148638244780 5324.587174427940 3.53119199811068 -6.80227322955292 0.17107476722346
2024-05-15T05:24:12.000 -2810.467420102900 -3374.200865865840 5170.573436475850 4.54500357033334 -6.00262037195793 -1.44675382447852
2024-05-15T05:28:12.000 -1630.497923828190 -4674.270464088870 4638.560097619390 5.22796472825614 -4.76483384350582 -2.95963935135393
2024-05-15T05:32:12.000 -331.597368644293 -5633.366146338200 3767.231494058940 5.52994132126026 -3.17847924479477 -4.25698075634046
2024-05-15T05:36:12.000 991.507914169861 -6181.244017633210 2620.140833182500 5.42833821038354 -1.35902420598737 -5.24343108299091
2024-05-15T05:40:12.000 2242.204421753590 -6277.690062352820 1281.160141510040 4.93021801182499 0.56026595999480 -5.84613988622672
2024-05-15T05:44:12.000 3329.143980736890 -5915.625418899440 -151.662208868445 4.07214970621683 2.43829303443532 -6.02062218140624
2024-05-15T05:48:12.000 4173.059273461450 -5121.695197746430 -1573.393745821930 2.91760140379279 4.13696247131722 -5.75440500801896
2024-05-15T05:52:12.000 4712.660358168770 -3954.238586863580 -2880.077825583670 1.55190498089570 5.53197745550360 -5.06799389342002
2024-05-15T05:56:12.000 4909.093500417310 -2498.804815150040 -3976.461685144080 0.07545043352820 6.52227915597162 -4.01286484752127
2024-05-15T06:00:12.000 4748.628003159940 -861.669861908687 -4782.945506905040 -1.40413641842051 7.03718544990391 -2.66707134601484
2024-05-15T06:04:12.000 4243.432198783240 838.047007639202 -5241.235050338960 -2.77994502261074 7.04085305609920 -1.12895243676190
2024-05-15T06:08:12.000 3430.500837469640 2477.003934745530 -5318.353850366610 -3.95317070449747 6.53403761783083 0.49010158098070
2024-05-15T06:12:12.000 2368.899563887330 3936.402531649780 -5008.854085249960 -4.83970767621029 5.55356711162702 2.07338865233551
2024-05-15T06:16:12.000 1135.551753189270 5110.369526497630 -4335.151529170450 -5.37569012857803 4.16973650588365 3.50671769230702
2024-05-15T06:20:12.000 -180.178812392214 5913.483136843350 -3345.982767973790 -5.52193840216463 2.48174368672000 4.68622184335072
2024-05-15T06:24:12.000 -1482.801507321880 6286.960665486410 -2113.037953315210 -5.26694912290094 0.61115748164252 5.52562412300877
2024-05-15T06:28:12.000 -2677.541752441690 6203.081256181670 -725.947680479895 -4.62825829627309 -1.30624413601810 5.96270433876770
2024-05-15T06:32:12.000 -3677.272948475950 5667.453769063890 714.149075718787 -3.65176457783957 -3.13022878908232 5.96448840484497
2024-05-15T06:36:12.000 -4409.003851981360 4718.800514301170 2102.039601365810 -2.40862567620126 -4.72691111365303 5.53027217471646
2024-05-15T06:40:12.000 -4819.325357167740 3426.161672064270 3336.253310694590 -0.98981936159923 -5.97914123753222 4.69173547014882
2024-05-15T06:44:12.000 -4878.353304320500 1883.778882279850 4326.584203053130 0.50086880912427 -6.79537382109433 3.51043312047902
2024-05-15T06:48:12.000 -4581.862248387000 204.107828023417 5000.712171998610 1.95473381491934 -7.11624940701083 2.07288220635166
2024-05-15T06:52:12.000 -3951.513604182350 -1490.434517398930 5309.431699761280 3.26604543361036 -6.91855939045693 0.48399287808420
2024-05-15T06:56:12.000 -3033.230213985130 -3076.364572040400 5230.168286713170 4.33955797716210 -6.21663428189151 -1.14056747226136
2024-05-15T07:00:12.000 -1893.859801333150 -4438.042521537930 4768.582557963760 5.09715657067031 -5.06111177052834 -2.68252292777919
2024-05-15T07:04:12.000 -616.376816906857 -5476.023437590240 3958.214776687280 5.48337871161149 -3.53556942750476 -4.02922043415805
2024-05-15T07:08:12.000 706.078206913455 -6114.335885409700 2858.145407176200 5.46954144657679 -1.75093320022907 -5.08177907623357
2024-05-15T07:12:12.000 1976.967582680410 -6306.159700925800 1548.776654826470 5.05625947955640 0.16226130066853 -5.76255968675711
2024-05-15T07:16:12.000 3103.472475580400 -6037.412664938270 125.966045923324 4.27377852330147 2.06345469387780 -6.02128434724048
2024-05-15T07:20:12.000 4003.409190983560 -5327.877833880380 -1306.083001635510 3.17992117362535 3.81283311909433 -5.83916271399542
2024-05-15T07:24:12.000 4611.351484705450 -4229.712584530140 -2642.617871888480 1.85558185708146 5.28219427543937 -5.23042614751047
2024-05-15T07:28:12.000 4883.424622527470 -2823.438350415860 -3786.149737852640 0.39824135335817 6.36486235832611 -4.24088994605366
2024-05-15T07:32:12.000 4800.377610202030 -1211.810583602150 -4653.592131499390 -1.08568904154046 6.98328591148505 -2.94391772535823
2024-05-15T07:36:12.000 4368.777716579220 487.834776565171 -5182.195396268920 -2.48879635531721 7.09413131264046 -1.43449267384628
2024-05-15T07:40:12.000 3620.322490468920 2152.119682102390 -5333.888986622290 -3.71026067440947 6.69053869526844 0.17795054256771
2024-05-15T07:44:12.000 2609.439751038740 3660.406989797170 -5097.841863431560 -4.66252610690326 5.80201818588590 1.77714291932037
2024-05-15T07:48:12.000 1409.389317177900 4903.311298718440 -4491.165244389160 -5.27709117110895 4.49229600731351 3.24781638258264
2024-05-15T07:52:12.000 107.107779347214 5790.454079629950 -3557.734602252890 -5.50917214321517 2.85519583622001 4.48347836820855
2024-05-15T07:56:12.000 -1202.928861702910 6256.998062551430 -2365.174706811550 -5.34116458390609 1.00854292679814 5.39392152065049
2024-05-15T08:00:12.000 -2425.464404971910 6268.476917785150 -1000.124029026450 -4.78428122650056 -0.91386156295629 5.91191917990689
2024-05-15T08:04:12.000 -3471.383679274710 5823.520637723440 437.950601694239 -3.87828187287045 -2.77168968041930 5.99854093508694
2024-05-15T08:08:12.000 -4264.324112485440 4954.180639662140 1844.009398067900 -2.68904894143753 -4.42857865063924 5.64668677166095
2024-05-15T08:12:12.000 -4746.388747932370 3723.674118228130 3115.246654983100 -1.30357013296071 -5.76287723715347 4.88193734949014
2024-05-15T08:16:12.000 -4882.433850543890 2221.706820165460 4158.728150197830 0.17673940053684 -6.67688794186837 3.76042563019989
2024-05-15T08:20:12.000 -4662.616795212870 557.808333631395 4898.234943542110 1.64380811111846 -7.10409150254183 2.36437460845811
2024-05-15T08:24:12.000 -4103.027278906530 -1146.739891092260 5279.786246214500 2.99091007269348 -7.01358655310136 0.79571613747943
2024-05-15T08:28:12.000 -3244.446498600110 -2767.719461943490 5275.499009783140 4.12020507471957 -6.41190340729727 -0.83129461300360
2024-05-15T08:32:12.000 -2149.382194852860 -4186.945081867070 4885.585988100850 4.94955742327957 -5.34249731368654 -2.39818492493512
2024-05-15T08:36:12.000 -897.573932122887 -5300.805544649810 4138.357804162920 5.41834050186068 -3.88265646620752 -3.79063202522993
2024-05-15T08:40:12.000 419.724098123068 -6027.813180707710 3088.263975353230 5.49187977620474 -2.13844001007680 -4.90648213935231
2024-05-15T08:44:12.000 1706.364119944750 -6314.668172414100 1812.023431052930 5.16436510485718 -0.23727689574926 -5.66350086439511
2024-05-15T08:48:12.000 2868.368817613660 -6140.313730214190 403.048806674710 4.45966661622494 1.68124143913817 -6.00574508789070
2024-05-15T08:52:12.000 3820.929035055650 -5517.600799085970 -1035.459336136060 3.42984264935578 3.47597506596687 -5.90817032863729
2024-05-15T08:56:12.000 4494.730738917360 -4492.333419562630 -2398.235330758100 2.15109841636214 5.01527141084463 -5.37870437426008
2024-05-15T09:00:12.000 4841.056381708630 -3139.740288245330 -3585.809043356340 0.71770866392882 6.18713181554489 -4.45734010043571
2024-05-15T09:04:12.000 4835.239403555900 -1558.726542702230 -4511.825772263930 -0.76549055758990 6.90740826797284 -3.21257997521805
2024-05-15T09:08:12.000 4478.248169327740 135.528386348852 -5109.240194373620 -2.19101289515714 7.12531273488827 -1.73576440114489
2024-05-15T09:12:12.000 3796.406121347810 1819.974400821740 -5334.988494782150 -3.45627571566753 6.82633503290474 -0.13416969879264
2024-05-15T09:16:12.000 2839.358870817380 3372.497998202710 -5172.901083747520 -4.47059629068311 6.03263577339859 1.47666334472708
2024-05-15T09:20:12.000 1676.486620104140 4680.536219746090 -4634.754259585580 -5.16109498518907 4.80119311444491 2.98068508883420
2024-05-15T09:24:12.000 392.021570389387 5649.035744918020 -3759.460164436500 -5.47762757131376 3.22016741335858 4.26910847032331
2024-05-15T09:28:12.000 -920.885153687062 6207.293052653670 -2610.403038299480 -5.39650635780560 1.40320455829118 5.24800171045718
2024-05-15T09:32:12.000 -2166.808289219630 6314.200883544000 -1271.026727920420 -4.92268747811193 -0.51813683746968 5.84523001766892
2024-05-15T09:36:12.000 -3254.983704985690 5961.443114480410 161.122800164395 -4.08986860301241 -2.40383787894847 6.01619536308639
2024-05-15T09:40:12.000 -4105.991161211920 5174.303934522320 1581.486184338420 -2.95838305032590 -4.11564987887852 5.74751231200309
2024-05-15T09:44:12.000 -4657.688302228150 4009.960598269140 2886.222848792630 -1.61094098054670 -5.52784211464691 5.05855438288753
2024-05-15T09:48:12.000 -4869.832041699090 2553.266625970910 3979.939919304280 -0.14614681053042 -6.53695241456328 3.99985214106211
2024-05-15T09:52:12.000 -4727.010997698470 910.453195352722 4782.726314157320 1.32898127953259 -7.06936987182454 2.64904452677316
2024-05-15T09:56:12.000 -4239.708702317530 -798.709728594997 5235.978240818160 2.70700962861728 -7.08652585910136 1.10490701645883
2024-05-15T10:00:12.000 -3443.460509350510 -2449.666140314640 5306.598926144730 3.88784407581825 -6.58726258640412 -0.52007228581626
2024-05-15T10:04:12.000 -2396.237985317830 -3922.067689043840 4989.344191235500 4.78567432271063 -5.60757296413583 -2.10762108457640
2024-05-15T10:08:12.000 -1174.290269870520 -5108.451912598010 4307.230067338880 5.33493241920818 -4.21827120907724 -3.54191660062510
2024-05-15T10:12:12.000 133.331708161093 -5922.070504540240 3309.938703328260 5.49516528354830 -2.52015908950409 -4.71789941122366
2024-05-15T10:16:12.000 1431.213311432750 -6303.299094238490 2070.299262284610 5.25419710266605 -0.63715956511165 -5.54896762449040
2024-05-15T10:20:12.000 2624.567927228760 -6224.157125307740 679.021472681166 4.62946637056160 1.29258158735575 -5.97371203504209
2024-05-15T10:24:12.000 3626.275860483450 -5690.498435585600 -761.991861066091 3.66706583944899 3.12708749235869 -5.96092993927247
2024-05-15T10:28:12.000 4363.392446813640 -4741.595261684420 -2147.263530552300 2.43822949900854 4.73168887167127 -5.51221982437296
2024-05-15T10:32:12.000 4782.530296019300 -3447.109284973840 -3375.625292939800 1.03360432759963 5.98941144070313 -4.66159637746501
2024-05-15T10:36:12.000 4853.681490790520 -1901.769598930630 -4357.686218961940 -0.44388686264581 6.80959386506291 -3.47248502347225
2024-05-15T10:40:12.000 4572.231561233740 -218.246768205939 -5022.294089866000 -1.88691136137235 7.13420367652680 -2.03239617787751
2024-05-15T10:44:12.000 3959.061944580190 1481.134733024540 -5321.508650949280 -3.19155794881762 6.94112860832085 -0.44604206376703
2024-05-15T10:48:12.000 3058.883160744770 3073.155103187190 -5233.852081132450 -4.26426875630905 6.24499906475981 1.17202381208115
2024-05-15T10:52:12.000 1936.984052458780 4442.413575209560 -4765.740388467050 -5.02806529982972 5.09593570764811 2.70524263668686
2024-05-15T10:56:12.000 674.617344920491 5489.473045847060 -3951.018944617600 -5.42765281889597 3.57613785536088 4.04286776940229
2024-05-15T11:00:12.000 -636.706291014944 6137.976741365440 -2848.655048464980 -5.43340453090157 1.79471685526466 5.08754295010875
2024-05-15T11:04:12.000 -1901.721014462380 6340.280401534730 -1538.651221272990 -5.04392893142522 -0.11954735674525 5.76244340598776
2024-05-15T11:08:12.000 -3028.300708230010 6081.123025680470 -116.370526313352 -4.28673096138270 -2.02719387672108 6.01728021538585
2024-05-15T11:12:12.000 -3934.256727454560 5378.958766695370 1314.395041146630 -3.21662481170743 -3.78854823206216 5.83260557158444
2024-05-15T11:16:12.000 -4553.445988526200 4284.718463095140 2649.078841209290 -1.91167493357765 -5.27435186258897 5.22148303236227
2024-05-15T11:20:12.000 -4840.687241884420 2878.109355344000 3790.094292223100 -0.46739631441914 -6.37562489793376 4.22864806218482
2024-05-15T11:24:12.000 -4775.093304246850 1261.701214112000 4654.062007346130 1.01061070046411 -7.01200905468927 2.92695670102249
2024-05-15T11:28:12.000 -4361.521856191270 -446.667095212346 5177.899413802780 2.41470860492399 -7.13729715855544 1.41160533181184
2024-05-15T11:32:12.000 -3630.143893570360 -2122.489917377050 5323.361216511120 3.64285413624087 -6.74245120688926 -0.20689447313966
2024-05-15T11:36:12.000 -2634.217030454960 -3643.622207338600 5079.766079498320 4.60582815346754 -5.85602281605322 -1.81072965364829
2024-05-15T11:40:12.000 -1446.240406129240 -4899.088629398410 4464.757967232550 5.23343078168960 -4.54199865454590 -3.28303022310459
2024-05-15T11:44:12.000 -152.767675403751 -5797.128568666210 3523.100383797240 5.47949753726881 -2.89564104971574 -4.51604232828540
2024-05-15T11:48:12.000 1151.841532442650 -6271.965422864460 2323.522816444390 5.32559381245382 -1.03694971462334 -5.41904651170481
2024-05-15T11:52:12.000 2372.323269024540 -6288.761735407080 953.773914436555 4.78273844537621 0.89782402571651 -5.92534279579343
2024-05-15T11:56:12.000 3419.567393531960 -5846.316459918620 -485.835449741056 3.89090220590125 2.76643028661139 -5.99765475559055
2024-05-15T12:00:12.000 4217.259537707840 -4977.194155790950 -1889.908500573110 2.71605813920749 4.43157691179181 -5.63117098963279
2024-05-15T12:04:12.000 4707.540414066740 -3745.233627252680 -3155.847695508390 1.34499107540432 5.77163512630827 -4.85382847088148
2024-05-15T12:08:12.000 4855.191433211880 -2240.646275917070 -4191.458089298190 -0.12167255778412 6.68979560876061 -3.72373250292227
2024-05-15T12:12:12.000 4650.028674319780 -573.202143617132 -4921.634051033700 -1.57725260945931 7.12076383923916 -2.32420081201411
2024-05-15T12:16:12.000 4107.422851801890 1135.861385745380 -5293.653823325290 -2.91672990593156 7.03473630040611 -0.75727928173059
2024-05-15T12:20:12.000 3267.014805176640 2762.584543008820 -5280.786449224930 -4.04401026479627 6.43882938005810 0.86379346654598
2024-05-15T12:24:12.000 2189.798457979900 4189.061018682390 -4884.053391464320 -4.87822483687593 5.37605429358958 2.42225128860137
2024-05-15T12:28:12.000 953.797521692665 5311.751428293800 -4132.146213037210 -5.35913716875427 3.92248099856753 3.80560512067844
2024-05-15T12:32:12.000 -351.416618040563 6048.867461380700 -3079.461742246520 -5.45134704401669 2.18232187937110 4.91336356362738
2024-05-15T12:36:12.000 -1631.064386798430 6346.355900245900 -1802.355294047620 -5.14722183142979 0.28120985827040 5.66419168930397
2024-05-15T12:40:12.000 -2792.000163220310 6182.026974409200 -393.746335315187 -4.46799516968712 -1.64257817315693 6.00232589067695
2024-05-15T12:44:12.000 -3749.544874836180 5567.389213272070 1043.608417502860 -3.46262457520302 -3.44825757496689 5.90214427734964
2024-05-15T12:48:12.000 -4433.783335057350 4546.965800019680 2404.677676298670 -2.20443123584219 -5.00328377603654 5.37047790678498
2024-05-15T12:52:12.000 -4794.783278423220 3195.060228532630 3589.949167346510 -0.78552373515868 -6.19362996332031 4.44618140165990
2024-05-15T12:56:12.000 -4806.270683505410 1610.248169542580 4512.793365410540 0.69030043457224 -6.93229324019831 3.19706152460001
2024-05-15T13:00:12.000 -4467.501104654780 -91.919214110207 5105.829685392690 2.11547372082281 -7.16566667969205 1.71462820909239
2024-05-15T13:04:12.000 -3803.208695053700 -1787.399831274430 5325.768837919030 3.38645666525037 -6.87690178248731 0.10692329836389
2024-05-15T13:08:12.000 -2861.771291758410 -3352.627567762250 5156.494757547210 4.41092000736611 -6.08679829129425 -1.50898716562414
2024-05-15T13:12:12.000 -1711.720316974040 -4673.434818677020 4610.240209490530 5.11424672714778 -4.85242664129214 -3.01534325099418
2024-05-15T13:16:12.000 -436.822124545048 -5653.331057774670 3726.743438965450 5.44486278435074 -3.26317673652683 -4.30205116451495
2024-05-15T13:20:12.000 869.947552452838 -6220.574643024320 2570.452269030760 5.37813069168841 -1.43472676854395 -5.27456128002527
2024-05-15T13:24:12.000 2113.178026090030 -6333.553347577690 1225.914255592160 4.91860204676833 0.49902689536905 -5.86103661816229
2024-05-15T13:28:12.000 3202.081776065310 -5983.996929667920 -208.415995403628 4.10004381428748 2.39592808071605 -6.01822375850612
2024-05-15T13:32:12.000 4057.262620972660 -5197.648586920490 -1627.507528412650 2.98302053436826 4.11653033025710 -5.73495150752709
2024-05-15T13:36:12.000 4616.618626185480 -4032.296865941280 -2927.614038475060 1.65010124012425 5.53497941995509 -5.03298292643799
2024-05-15T13:40:12.000 4839.855509186190 -2573.332847254630 -4013.981860031530 0.19924532764424 6.54852532810850 -3.96493154691472
2024-05-15T13:44:12.000 4711.281016475440 -927.278213245829 -4807.756419973220 -1.26380564012563 7.08482710756111 -2.60974167866227
2024-05-15T13:48:12.000 4240.729807915630 786.113783829564 -5251.569574924170 -2.63334383410911 7.10648427043499 -1.06637426229693
2024-05-15T13:52:12.000 3462.661662525460 2442.517381057540 -5313.487430107900 -3.81102766493387 6.61290737747423 0.55343439473906
2024-05-15T13:56:12.000 2433.592778940290 3921.867971021360 -4989.151532139220 -4.71241166290729 5.63994581549658 2.13295867253345
2024-05-15T14:00:12.000 1228.070653304760 5116.833550934820 -4302.027972666600 -5.27251542933998 4.25725351031218 3.55831904971071
2024-05-15T14:04:12.000 -66.559722928151 5940.436612078810 -3301.813333777830 -5.45034570902641 2.56391316818662 4.72609628354553
2024-05-15T14:08:12.000 -1356.332700792870 6332.381892310230 -2061.015444301920 -5.23210860031394 0.68194610976376 5.55077218064044
2024-05-15T14:12:12.000 -2547.402253886540 6263.606062612880 -669.861836712588 -4.63270775038411 -1.25192155489213 5.97120031800971
2024-05-15T14:16:12.000 -3552.919702640130 5738.634634582720 770.201795162181 -3.69523875942984 -3.09630139363393 5.95571941384486
2024-05-15T14:20:12.000 -4299.475658826800 4795.410915807160 2153.965587624400 -2.48793182673588 -4.71586545673391 5.50485399659111
2024-05-15T14:24:12.000 -4732.573950427650 3502.585437989370 3380.252280548780 -1.09915914066780 -5.99172639501727 4.65149879731128
2024-05-15T14:28:12.000 -4820.669786321930 1954.427206299140 4359.427568832070 0.36944293987513 -6.83060695080612 3.45827556000865
2024-05-15T14:32:12.000 -4557.433542880900 263.829110915992 5019.983588903690 1.81072249055990 -7.17151567739686 2.01264438205356
2024-05-15T14:36:12.000 -3962.115622166710 -1445.994137750770 5313.716214658600 3.11991970462135 -6.98986233736844 0.42010373886072
2024-05-15T14:40:12.000 -3078.085711493580 -3050.453285309520 5219.145039811870 4.20199123039953 -6.29878838010735 -1.20346430381991
2024-05-15T14:44:12.000 -1969.689720985540 -4432.551309070210 4743.046155078450 4.97817721058688 -5.14807831540300 -2.73982020683082
2024-05-15T14:48:12.000 -717.649383120434 -5491.349063294740 3920.029682823120 5.39163577406011 -3.62102798329936 -4.07667461234226
2024-05-15T14:52:12.000 586.751518190300 -6149.367807796470 2810.108932294920 5.41175877201404 -1.82869201950309 -5.11591463812405
2024-05-15T14:56:12.000 1848.299724956950 -6358.355840215010 1494.407988999980 5.03668053818357 0.09785667900210 -5.78086426048385
2024-05-15T15:00:12.000 2974.864935497010 -6102.985380555970 69.251626583881 4.29386144026712 2.01706074128510 -6.02240971633874
2024-05-15T15:04:12.000 3884.264730627290 -5402.077053025500 -1360.988587994380 3.23821820428300 3.78776977926966 -5.82306730075409
2024-05-15T15:08:12.000 4510.385551786680 -4307.170415976230 -2691.706418180300 1.94784239411031 5.28026706338580 -5.19835444414456
2024-05-15T15:12:12.000 4808.024105286600 -2898.551535957840 -3825.853561298710 0.51772037581247 6.38621243260441 -4.19524462576073
2024-05-15T15:16:12.000 4756.060688110620 -1279.140870059020 -4681.039941153400 -0.94773233601569 7.02640533895207 -2.88805356826779
2024-05-15T15:20:12.000 4358.786128456850 433.169247532606 -5195.408162030180 -2.34246150122572 7.15590946711713 -1.37244924888944
2024-05-15T15:24:12.000 3645.390176882730 2114.084003196320 -5331.913393526170 -3.56622464603940 6.76649702761321 0.24171631713175
2024-05-15T15:28:12.000 2667.743520817730 3641.756069517010 -5080.812788088890 -4.53128434470173 5.88660462761613 1.83806554801299
2024-05-15T15:32:12.000 1496.688258999140 4905.382205779390 -4460.298909917880 -5.16818694162797 4.57933150247517 3.30151016533926
2024-05-15T15:36:12.000 217.048549943447 5813.064534110880 -3515.241055855000 -5.43054119834500 2.93825371821294 4.52608688543555
2024-05-15T15:40:12.000 -1078.340244263480 6298.444606792190 -2314.110419786400 -5.29846366618449 1.08148798125765 5.42228099799232
2024-05-15T15:44:12.000 -2295.273003784410 6325.677831661650 -944.194375693372 -4.78057981960475 -0.85630519994101 5.92383471787373
2024-05-15T15:48:12.000 -3345.044940579010 5892.267837410350 494.660630423598 -3.91390156156071 -2.73360437261291 5.99309157431761
2024-05-15T15:52:12.000 -4151.024608304080 5029.443322863790 1897.356756748450 -2.76143091414395 -4.41269423196417 5.62428718307935
2024-05-15T15:56:12.000 -4654.373563768490 3799.955898725340 3161.336022068740 -1.40748126129493 -5.77031811815576 4.84422546833397
2024-05-15T16:00:12.000 -4818.405513827680 2293.440824296920 4194.194849846670 0.04886068657282 -6.70711094687578 3.71015288907778
2024-05-15T16:04:12.000 -4631.238984237730 619.766074612313 4920.486764769180 1.50124854270219 -7.15483168292721 2.30521293422031
2024-05-15T16:08:12.000 -4106.597536522200 -1099.065212727250 5287.208319274500 2.84401099833588 -7.08115055025096 0.73206474594801
2024-05-15T16:12:12.000 -3282.722145864200 -2737.804839857260 5267.573089521550 3.97966965680249 -6.49144920625781 -0.89476291371108
2024-05-15T16:16:12.000 -2219.582547095640 -4176.990818912380 4862.910997291510 4.82569128617304 -5.42826585347423 -2.45688105557778
2024-05-15T16:20:12.000 -994.579558819151 -5311.555966449170 4102.600624953480 5.32019925755602 -3.96836688242007 -3.84028676233182
2024-05-15T16:24:12.000 302.989659229647 -6058.498074015450 3042.047275615300 5.42662360112388 -2.21783867007918 -4.94345223632161
2024-05-15T16:28:12.000 1578.421006583840 -6363.067575243160 1758.739520657260 5.13680050508632 -0.30459946111041 -5.68505839629622
2024-05-15T16:32:12.000 2738.569126801550 -6202.921426101630 346.611396267182 4.47186124957430 1.63087911476784 -6.01030832154372
2024-05-15T16:36:12.000 3698.769325125220 -5589.881110885890 -1090.911794920820 3.48092278516378 3.44622709368810 -5.89546026057479
2024-05-15T16:40:12.000 4389.147222936390 -4569.045107327490 -2448.650613843560 2.23729700551950 5.00831569001263 -5.34970073299464
2024-05-15T16:44:12.000 4759.764646337000 -3215.320107312050 -3627.513061951690 0.83269381990184 6.20346299907829 -4.41420165861996
2024-05-15T16:45:00.000 4792.750302456810 -2912.994765943110 -3833.968369753300 0.54138941482621 6.39034344932258 -4.18601114822504
2024-05-15T16:49:00.000 4746.951107248450 -1292.080566490430 -4686.667415011710 -0.92034393748957 7.03472548253692 -2.87668690839305
2024-05-15T16:53:00.000 4356.499537217000 422.671334135006 -5198.133939342770 -2.31334114897454 7.16781340038707 -1.35978177838947
2024-05-15T16:57:00.000 3650.088676312300 2106.787279431010 -5331.533941184340 -3.53748726760026 6.78110645191876 0.25476522246385
2024-05-15T17:01:00.000 2679.083195050320 3638.187842117250 -5077.350642988080 -4.50502159235927 5.90287789582571 1.85055892775990
2024-05-15T17:05:00.000 1513.840940849630 4905.797400885610 -4453.991851052290 -5.14629185878446 4.59604435723090 3.31257636731514
2024-05-15T17:09:00.000 238.774040096450 5817.422610882470 -3506.535175612070 -5.41456467295922 2.95420464393093 4.53488229683855
2024-05-15T17:13:00.000 -1053.614959243420 6306.423654830850 -2303.634673497680 -5.28959793288254 1.09552534798769 5.42814148895632
2024-05-15T17:17:00.000 -2269.345330804240 6336.691660895810 -932.710798254077 -4.77949297053220 -0.84520737523590 5.92632075655612
2024-05-15T17:21:00.000 -3319.805944057440 5905.507563592360 506.314812099533 -3.92069217489747 -2.72626736461967 5.99201597132141
2024-05-15T17:25:00.000 -4128.316421926140 5043.935388445970 1908.329523453040 -2.77559803966254 -4.40965630954731 5.61971413635297
2024-05-15T17:29:00.000 -4635.852775444540 3814.638388130550 3170.822079705560 -1.42799631808415 -5.77177763817400 4.83648821104454
2024-05-15T17:33:00.000 -4805.424073453650 2307.242315398340 4201.500440800720 0.02349288160087 -6.71294720218942 3.69983520133878
2024-05-15T17:37:00.000 -4624.743883030560 631.677400218935 4925.080171904370 1.47290042682223 -7.16464577989980 2.29305160773298
2024-05-15T17:41:00.000 -4107.059432167050 -1089.913511347950 5288.746901105120 2.81473908247627 -7.09418889524129 0.71893031117999
2024-05-15T17:45:00.000 -3290.107023805300 -2732.074063288950 5265.940235250100 3.95159876739032 -6.50674257856848 -0.90789170149316
2024-05-15T17:49:00.000 -2233.356176797340 -4175.090245542220 4858.227598764890 4.80084562797250 -5.44470336469409 -2.46900452305514
2024-05-15T17:53:00.000 -1013.740627965230 -5313.625620174110 4095.221071731500 5.30044104949819 -3.98481441849163 -3.85050145829375
2024-05-15T17:57:00.000 279.852462061173 -6064.391126071990 3032.516042506090 5.41344588338817 -2.23304495100326 -4.95106109396990
2024-05-15T18:01:00.000 1553.009146514100 -6372.345195341550 1747.752642639280 5.13113174205352 -0.31742296798182 -5.68950545604192
2024-05-15T18:05:00.000 2712.741015581630 -6214.895409465780 334.971515975957 4.47407872908981 1.62137138989579 -6.01127072850833
2024-05-15T18:09:00.000 3674.406913786860 -5603.666124486750 -1102.353676648910 3.49084233880045 3.44073510567159 -5.89285103193703
2024-05-15T18:13:00.000 4368.024264175480 -4583.624751111760 -2459.051583735580 2.25421031169461 5.00722964416570 -5.34369116246646
2024-05-15T18:17:00.000 4743.418419642750 -3229.619461416550 -3636.103988840890 0.85533482499102 6.20686564783623 -4.40521621518361
2024-05-15T18:21:00.000 4773.783284779280 -1640.666308991190 -4547.928575331440 -0.60344859297212 6.95342385670485 -3.14716325072091
2024-05-15T18:25:00.000 4457.443676190780 67.468488157346 -5128.517458497960 -2.01636666546032 7.19426151420676 -1.66181981103114
2024-05-15T18:29:00.000 3817.757532167000 1770.728035003590 -5336.023628422780 -3.28177374370645 6.91320210463609 -0.05700994140835
2024-05-15T18:33:00.000 2901.297773104230 3345.623169644120 -5155.585329875550 -4.30892864767470 6.13105100162604 1.55150337803539
2024-05-15T18:37:00.000 1774.497088315300 4677.951726199660 -4600.299303026470 -5.02400063552934 4.90395132421165 3.04780668919657
2024-05-15T18:41:00.000 518.967390597972 5670.878404909140 -3710.315557310740 -5.37506013701501 3.31970986235229 4.32365290732349
2024-05-15T18:45:00.000 -774.235440269651 6251.901414894640 -2550.087543276650 -5.33586449274175 1.49220744193445 5.28596359404965
2024-05-15T18:49:00.000 -2011.103518338300 6378.244319815370 -1203.893713112070 -4.90832662277129 -0.44616306256636 5.86370357392938
2024-05-15T18:53:00.000 -3101.526223120300 6040.188754089630 230.185225412128 -4.12285621440369 -2.35401537501980 6.01368987883025
2024-05-15T18:57:00.000 -3965.934492558810 5261.978107701960 1647.431599586000 -3.03639282722266 -4.09151359736331 5.72420373384263
2024-05-15T19:01:00.000 -4541.221890384490 4100.155302403910 2944.234385660590 -1.72832284298867 -5.53108790918129 5.01615372279605
2024-05-15T19:05:00.000 -4785.437940614520 2639.406948826310 4025.783795241630 -0.29441007211432 -6.56727938167672 3.94148458995736
2024-05-15T19:09:00.000 -4680.848654548280 986.268199502108 4813.066907993330 1.16058907060418 -7.12456613303445 2.57901349492436
2024-05-15T19:13:00.000 -4235.160904951620 -738.742610519443 5248.617201529090 2.53073062368281 -7.16258878747422 1.02833012936979
2024-05-15T19:17:00.000 -3480.883144059310 -2409.917253283570 5300.634601570590 3.71650660918003 -6.67865859078173 -0.59756076746254
2024-05-15T19:21:00.000 -2472.929977375760 -3905.443319906490 4965.246195314040 4.63177902924699 -5.70771844572237 -2.18032233246272
2024-05-15T19:25:00.000 -1284.677741492210 -5116.191112485970 4266.792304400920 5.20975990378787 -4.31992008511538 -3.60454840084727
2024-05-15T19:29:00.000 -2.705281380225 -5953.642958311330 3256.140225457730 5.40791303394898 -2.61589865310732 -4.76592407194386
2024-05-15T19:33:00.000 1279.461632620110 -6356.433185897800 2007.091226327810 5.21130743043528 -0.71999645659222 -5.57888018279669
2024-05-15T19:37:00.000 2468.197031561800 -6295.002136285820 611.037033931388 4.63409254224489 1.22874323645152 -5.98336117903495
2024-05-15T19:41:00.000 3476.714834820450 -5773.900572623490 -829.774158986302 3.71883788758366 3.08692198911503 -5.94960607961387
2024-05-15T19:45:00.000 4231.565739787720 -4831.485472767960 -2209.880246212380 2.53332925742254 4.71811156195629 -5.48076477047877
2024-05-15T19:49:00.000 4678.057245081410 -3536.951123664000 -3428.496476578100 1.16505055783683 6.00338576217333 -4.61234485140882
2024-05-15T19:53:00.000 4784.176211657460 -1985.031552808560 -4396.951033520700 -0.28573210838929 6.85012267809121 -3.40903718863539
2024-05-15T19:57:00.000 4542.741013338790 -288.873368763417 -5045.073005040830 -1.71365365545679 7.19830942571351 -1.95928641666950
2024-05-15T20:01:00.000 3971.709135473720 1428.264655858800 -5326.105090688110 -3.01581640931397 7.02408561249648 -0.36855084872146
2024-05-15T20:05:00.000 3112.722343942180 3041.859936744260 -5219.881619812550 -4.09883773349804 6.34072127497448 1.24832540145005
2024-05-15T20:09:00.000 2028.076747304310 4434.924252452210 -4734.153066152840 -4.88493514851769 5.19737017678642 2.77485389333706
2024-05-15T20:13:00.000 796.329221062707 5506.270517448440 -3904.042505009640 -5.31717321304737 3.67585066045012 4.10071016426094
2024-05-15T20:17:00.000 -493.225618497918 6177.764029194850 -2789.645124370280 -5.36358161312461 1.88540509629547 5.12935264318671
2024-05-15T20:21:00.000 -1746.901642117240 6400.076845811730 -1471.859123539570 -5.01984362608231 -0.04451965528720 5.78507469807139
2024-05-15T20:25:00.000 -2873.394843470500 6156.483328081850 -46.641013906473 -4.31008813741384 -1.97330121611518 6.01895165189208
2024-05-15T20:29:00.000 -3790.511927208990 5464.321040102680 1381.968016790370 -3.28572191660896 -3.75956368301775 5.81305942164373
2024-05-15T20:33:00.000 -4431.313410099270 4373.833394744730 2709.543194484800 -2.02159435764131 -5.27224880295373 5.18216308934098
2024-05-15T20:37:00.000 -4749.064291570350 2964.470129330130 3839.027930628840 -0.61016464832532 -6.40053746373408 4.17247437511307
2024-05-15T20:41:00.000 -4720.652268756540 1339.009859251350 4687.892737497870 0.84541793226304 -7.06205182827312 2.85805305544698
2024-05-15T20:45:00.000 -4348.232136330910 -384.032986707225 5194.168560771990 2.23906323725960 -7.20880303731270 1.33506646241432
2024-05-15T20:49:00.000 -3658.988203387430 -2079.090972414640 5320.900393914890 3.46952869768601 -6.83026595712332 -0.28548859935810
2024-05-15T20:53:00.000 -2703.109606993000 -3622.626396471600 5058.768551960490 4.44745841787420 -5.95375805337996 -1.88565739266117
2024-05-15T20:57:00.000 -1550.175424905880 -4902.034968882710 4426.772829820120 5.10157986749010 -4.64256669445019 -3.34879948905185
2024-05-15T21:01:00.000 -284.169979385020 -5823.815730113480 3470.917764733560 5.38387096627374 -2.99168894548352 -4.56785430986358
2024-05-15T21:05:00.000 1002.570029825220 -6320.452589190380 2260.976279823120 5.27323166031283 -1.12146075808332 -5.45307127727145
2024-05-15T21:09:00.000 2216.097903884270 -6355.519244370330 885.456420518160 4.77751123785914 0.83102165674713 -5.93912240040415
2024-05-15T21:13:00.000 3267.814991889520 -5926.473576635380 -554.917093821913 3.93316641086979 2.72225613415075 -5.99019893611341
2024-05-15T21:17:00.000 4081.070975018100 -5064.901624385950 -1954.689092038440 2.80269518050631 4.41320359407886 -5.60301376289177
2024-05-15T21:21:00.000 4596.862159723430 -3834.105009622950 -3211.583715534120 1.46962576758636 5.78035983610033 -4.80708361791277
2024-05-15T21:25:00.000 4778.094317913150 -2324.218619045140 -4234.078299328770 0.03181226110435 6.72495929518010 -3.66184918849702
2024-05-15T21:29:00.000 4612.122140098100 -645.402244286764 -4948.027382146830 -1.40615069882273 7.17978962175333 -2.25168398044976
2024-05-15T21:33:00.000 4111.454245082320 1080.276489030620 -5301.882204522710 -2.74047865450554 7.11331521809410 -0.67932918044808
2024-05-15T21:37:00.000 3312.683702919940 2727.640727255610 -5270.216214608490 -3.87540138055476 6.53120339561596 0.94154373367926
2024-05-15T21:41:00.000 2273.779519048350 4177.273936563860 -4855.413749453660 -4.72951098933384 5.47546765759741 2.49416414972915
2024-05-15T21:45:00.000 1069.984700573250 5323.942493368960 -4087.478091194520 -5.24109983942589 4.02166162478591 3.86643950285755
2024-05-15T21:49:00.000 -211.465945714210 6084.108631766760 -3021.981457810950 -5.37256938011945 2.27405545710319 4.95863720424455
2024-05-15T21:53:00.000 -1477.525143758220 6402.041720522860 -1736.223670419390 -5.11345252449608 0.35880553923263 5.69055723113153
2024-05-15T21:57:00.000 -2636.040063392060 6254.063968440230 -323.771702483582 -4.48172473902978 -1.58474015867869 6.00777865842860
2024-05-15T22:01:00.000 -3602.520485114420 5650.500778192980 1112.320397633390 -3.52290996396813 -3.41436799549020 5.88621839418809
2024-05-15T22:05:00.000 -4306.411417097110 4635.080016227540 2467.095743991520 -2.30692678878849 -4.99571437059985 5.33427848253873
2024-05-15T22:09:00.000 -4696.365789184240 3281.767424616890 3641.506199955000 -0.92284726738178 -6.21285609573287 4.39244596648456
2024-05-15T22:13:00.000 -4744.010050216590 1689.239665504340 4549.741850971440 0.52818191573912 -6.97698965075443 3.12979772434030
2024-05-15T22:17:00.000 -4445.948145233830 -26.404251277760 5125.487443858010 1.94044081330869 -7.23257624202861 1.63868132084649
2024-05-15T22:21:00.000 -3823.942003926470 -1740.129465194260 5326.710174176580 3.21125672841717 -6.96110496067580 0.02786427551545
2024-05-15T22:25:00.000 -2923.289624331750 -3327.042749227190 5138.665681529680 4.24832967304822 -6.18220931763376 -1.58540312142921
2024-05-15T22:29:00.000 -1809.543438256870 -4671.401638585910 4574.942941280320 4.97615028838826 -4.95206805940637 -3.08361012715124
2024-05-15T22:33:00.000 -563.817817730522 -5674.985296429810 3676.545698504620 5.34134716723455 -3.35971233186471 -4.35718168175456
2024-05-15T22:37:00.000 723.045466496063 -6264.311908494420 2509.022420307050 5.31677823725048 -1.52109542551114 -5.31244454479181
2024-05-15T22:41:00.000 1957.093492655310 -6396.163207452700 1157.757311933950 4.90390652843346 0.42907834424582 -5.87886521271907
2024-05-15T22:45:00.000 3048.215071412190 -6060.905017932830 -278.300749949858 4.13311338639232 2.34744877175747 -6.01471715078148
2024-05-15T22:49:00.000 3916.855901840310 -5283.243814019440 -1694.006732556810 3.06141671417593 4.09305842019995 -5.71042240228201
2024-05-15T22:53:00.000 4499.917451307060 -4120.338765642840 -2985.870715235930 1.76803381467462 5.53817571604972 -4.98925314851084
2024-05-15T22:57:00.000 4755.364298979090 -2657.416942508830 -4059.750150354140 0.34808486735923 6.57810160664347 -3.90523627159883
2024-05-15T23:01:00.000 4665.152233134720 -1001.298526747660 -4837.711187082940 -1.09491317603054 7.13860123149628 -2.53846692741253
2024-05-15T23:05:00.000 4236.322558092550 727.526935909057 -5263.542161404760 -2.45667321517795 7.18053803628880 -0.98871319620728
2024-05-15T23:09:00.000 3500.308487787160 2403.614642378580 -5306.615470919180 -3.63937772184707 6.70189436943891 0.63186444009006
2024-05-15T23:13:00.000 2510.580214529530 3905.477813388430 -4963.932825642100 -4.55822250361861 5.73742060912052 2.20648163776036
2024-05-15T23:17:00.000 1338.828275243070 5124.152224748750 -4260.296137020820 -5.14700976153948 4.35615095497807 3.62156253241243
2024-05-15T23:21:00.000 69.935702454632 5970.941423902980 -3246.608832470550 -5.36268565123927 2.65705984562879 4.77442981201234
2024-05-15T23:25:00.000 -1204.015582404620 6383.871830747420 -1996.368148015450 -5.18874387265909 0.76261306871678 5.58064586544553
2024-05-15T23:29:00.000 -2390.353489756820 6332.359253152860 -600.493351508907 -4.63689465227523 -1.18961107839069 5.98042682942383
2024-05-15T23:33:00.000 -3402.593422228530 5819.670985621030 839.221361342934 -3.74674833750331 -3.05687399317626 5.94360362655397
2024-05-15T23:37:00.000 -4166.857666604590 4882.858152121940 2217.591742264730 -2.58309631603402 -4.70220114311985 5.47230639304526
2024-05-15T23:41:00.000 -4627.372761632140 3590.098822711750 3433.842053887980 -1.23106839676872 -6.00484562238991 4.60092946272265
2024-05-15T23:45:00.000 -4750.595169994740 2035.650969479260 4399.083487761450 0.21043763766175 -6.86959714987969 3.39344855917977
2024-05-15T23:49:00.000 -4527.619017794950 332.848054414361 5042.833709975130 1.63629231456065 -7.23362539570646 1.93826662766334
2024-05-15T23:53:00.000 -3974.739615525430 -1394.220453013790 5318.096325177290 2.94287565333601 -7.07056856560505 0.34148901023425
2024-05-15T23:57:00.000 -3132.216302141290 -3019.691293375840 5204.715932329010 4.03526025726529 -6.39209735909973 -1.28062897112435
2024-05-16T00:01:00.000 -2061.368011795650 -4425.019239482960 4710.838065363610 4.83393526586147 -5.24715960768526 -2.80991857133937
2024-05-16T00:05:00.000 -840.170357784549 -5507.556911405640 3872.360596075870 5.28042660749151 -3.71854665949513 -4.13462113296914
2024-05-16T00:09:00.000 442.339964820684 -6188.067976442910 2750.430140380460 5.34165393607427 -1.91744898656247 -5.15742506830963
2024-05-16T00:13:00.000 1692.533057097370 -6416.646725893890 1427.064095540230 5.01272878226907 0.02434975268779 -5.80282440341332
2024-05-16T00:17:00.000 2819.094264049200 -6176.546283896780 -0.833241759395 4.31777950053736 1.96407913708151 -6.02315067165117
2024-05-16T00:21:00.000 3739.835630236530 -5485.494677743830 -1428.686253626270 3.30822556064303 3.75910630344055 -5.80256045387963
2024-05-16T00:25:00.000 4387.803826952030 -4394.326709190320 -2752.069065740560 2.05877098088305 5.27795276784657 -5.15811002341633
2024-05-16T00:29:00.000 4716.189010520000 -2983.074727205960 -3874.469216794150 0.66144315251221 6.41031607825552 -4.13819948725932
2024-05-16T00:33:00.000 4701.626552761280 -1354.876487257670 -4714.356993775710 -0.78168032845124 7.07507052632749 -2.81839527402800
2024-05-16T00:37:00.000 4345.691366251840 371.717565253238 -5210.997090073130 -2.16611149951252 7.22554780352383 -1.29527951953234
2024-05-16T00:41:00.000 3674.581207002760 2071.369190601990 -5328.639978641680 -3.39233120831317 6.85204998716383 0.32077180824483
2024-05-16T00:45:00.000 2737.108584059360 3620.876025190940 -5058.916333941050 -4.37243392707498 5.98191013456844 1.91326242489966
2024-05-16T00:49:00.000 1601.203188780030 4907.859699562450 -4421.365917052500 -5.03590279503408 4.67748311665607 3.36741548709314
2024-05-16T00:53:00.000 349.139951672446 5838.728194487000 -3462.100129884730 -5.33443123097769 3.03215257883120 4.57784623676803
2024-05-16T00:57:00.000 -928.258964798125 6345.450506392340 -2250.639262123710 -5.24558816321839 1.16436324441598 5.45607407143352
2024-05-16T01:01:00.000 -2138.118399027980 6390.641246441250 -875.032110622371 -4.77489054046410 -0.79044507312990 5.93717616517258
2024-05-16T01:05:00.000 -3192.274318818400 5970.503567210240 564.456673185013 -3.95591867331390 -2.68953091357045 5.98499831003393
2024-05-16T01:09:00.000 -4013.802269872620 5115.307190956510 1962.684809156030 -2.84820579318642 -4.39359043087136 5.59538835315392
2024-05-16T01:13:00.000 -4542.753297733410 3887.246064588000 3217.437099081080 -1.53275525902004 -5.77762639321713 4.79671884245236
2024-05-16T01:17:00.000 -4740.579504645960 2375.832588350310 4237.001241020510 -0.10575900533750 -6.74038071681311 3.64755607404644
2024-05-16T01:21:00.000 -4592.927654073630 691.272469426775 4946.909747709930 1.32861119081921 -7.21173334377361 2.23210474928559
2024-05-16T01:25:00.000 -4110.622505280490 -1043.659698943960 5295.344821381980 2.66602589129614 -7.15761188533111 0.65370440892944
2024-05-16T01:29:00.000 -3328.792052744800 -2702.551144275000 5256.831427510340 3.80944040149813 -6.58187163506170 -0.97278092311723
2024-05-16T01:33:00.000 -2304.322064377110 -4164.446295498360 4834.048644551050 4.67563599850099 -5.52590866658096 -2.52893983933072
2024-05-16T01:37:00.000 -1111.798260697230 -5322.596417202180 4057.695364825360 5.20125942428068 -4.06605152046292 -3.90109951356203
2024-05-16T01:41:00.000 161.856514748519 -6092.262909143970 2984.352998263960 5.34749522130774 -2.30834942831200 -4.98855416663413
2024-05-16T01:45:00.000 1423.679842725510 -6417.017873213230 1692.455140864930 5.10321324859244 -0.38126946858443 -5.71108664863432
2024-05-16T01:49:00.000 2581.506505191100 -6273.041788844420 276.582140835379 4.48621428186945 1.57361418981553 -6.01528835460353
2024-05-16T01:53:00.000 3550.828476921580 -5670.989055816130 -1159.554951730940 3.54210963562696 3.41246941382437 -5.87899707137746
2024-05-16T01:57:00.000 4261.095433145650 -4655.179694772380 -2510.876677355270 2.34082792691716 5.00043595754614 -5.31302386719206
2024-05-16T02:01:00.000 4660.906262892580 -3300.169900540760 -3678.767242341030 0.97094009454197 6.22196898204734 -4.36000663306277
2024-05-16T02:05:00.000 4721.667688995220 -1705.064356547120 -4578.317736240220 -0.46730033244947 6.98926483457138 -3.09071533246757
2024-05-16T02:09:00.000 4439.488864345500 13.905693344665 -5144.416196689580 -1.86956891372361 7.24815049547305 -1.59825540613261
2024-05-16T02:13:00.000 3835.256246483800 1731.880204672330 -5336.275929647100 -3.13491208233587 6.98119261821035 0.00900802275946
2024-05-16T02:17:00.000 2952.986137499030 3324.304770400920 -5140.183612766710 -4.17260939718150 6.20826015822400 1.61513894185427
2024-05-16T02:21:00.000 1856.637174742460 4675.719563065360 -4570.377924566530 -4.90810123884159 4.98483745350242 3.10442861682795
2024-05-16T02:25:00.000 625.609925774916 5687.918614224730 -3668.065238475570 -5.28802600833800 3.39845179037861 4.36914218307623
2024-05-16T02:29:00.000 -650.832005591522 6287.008590430150 -2498.599665754860 -5.28409113026369 1.56310979985421 5.31698139402244
2024-05-16T02:33:00.000 -1879.917869189830 6428.906345479260 -1146.936394179840 -4.89565876693402 -0.38822810474547 5.87798709074944
2024-05-16T02:37:00.000 -2972.121789837840 6102.767061640000 288.447475567759 -4.15028600168810 -2.31325423357688 6.01021683887573
2024-05-16T02:41:00.000 -3847.759344076230 5331.969254677300 1702.743117911200 -3.10198009154480 -4.07087533873599 5.70324367656611
2024-05-16T02:45:00.000 -4442.921751527780 4172.519320410720 2992.563309193840 -1.82735479494755 -5.53208247293130 4.97929480186389
2024-05-16T02:49:00.000 -4714.221950983450 2708.920892975350 4063.624042521290 -0.41970058239493 -6.58990911214119 3.89148527699819
2024-05-16T02:53:00.000 -4641.950840475330 1047.891075328020 4837.689681045790 1.01822753830470 -7.16730772206838 2.51952951622123
2024-05-16T02:57:00.000 -4231.440630108230 -689.497034637265 5258.248786898960 2.38175065303372 -7.22236811442832 0.96364658282385
2024-05-16T03:01:00.000 -3512.617788381400 -2376.643498846730 5294.581606708090 3.57185923759349 -6.75116667833303 -0.66280368476492
2024-05-16T03:05:00.000 -2537.784141251060 -3890.571208948430 4943.931170996900 4.50213467054067 -5.78758895721374 -2.24150671806180
2024-05-16T03:09:00.000 -1377.882244048000 -5120.771686445610 4231.722748870120 5.10458836181632 -4.40112312146865 -3.65728668066810
2024-05-16T03:13:00.000 -117.434946646492 -5977.264633774600 3209.827403728630 5.33479505469105 -2.69239482493080 -4.80629739015781
2024-05-16T03:17:00.000 1151.579143488690 -6397.279754904890 1952.884931409520 5.17547218121641 -0.78616645595160 -5.60386131521748
2024-05-16T03:21:00.000 2336.472167203850 -6350.004618504570 552.888907003202 4.63810488884924 1.17765278007927 -5.99101533448147
2024-05-16T03:25:00.000 3350.732656912410 -5838.977928952770 -887.608420174674 3.76237694522819 3.05455651349185 -5.93935770826693
2024-05-16T03:29:00.000 4120.479330939440 -4901.840816913910 -2263.169857289040 2.61315484310136 4.70674492341849 -5.45337559626456
2024-05-16T03:33:00.000 4589.921445269290 -3607.425593641420 -3473.345781776310 1.27530677132036 6.01375070080827 -4.56982983548428
2024-05-16T03:37:00.000 4725.368436499640 -2050.477318097940 -4430.082993566400 -0.15308623012376 6.88139494367342 -3.35450364284610
2024-05-16T03:41:00.000 4517.502860994870 -344.526657037329 -5064.066180954610 -1.56825480780694 7.24813638962713 -1.89672139676565
2024-05-16T03:45:00.000 3981.848384022030 1386.440830836690 -5329.570004664930 -2.86818554238540 7.08879036412504 -0.30250775160780
2024-05-16T03:49:00.000 3157.494768850370 3016.887916196170 -5207.563134969750 -3.95960573748524 6.41559904245465 1.31299955675798
2024-05-16T03:53:00.000 2104.239694780170 4428.611697192610 -4706.954900583680 -4.76417545797615 5.27705409318250 2.83341764267578
2024-05-16T03:57:00.000 898.360762945961 5519.087884915880 -3863.954229046710 -5.22368193682020 3.75461571051677 4.14891498630700
2024-05-16T04:01:00.000 -372.733995802826 6208.800178472860 -2739.589431635470 -5.30418377859699 1.95754006054322 5.16369817456664
2024-05-16T04:05:00.000 -1616.709185193400 6447.099223342970 -1415.488762812680 -4.99890271255745 0.01575916888782 5.80301661958162
2024-05-16T04:09:00.000 -2742.983448874090 6216.107388630370 11.920663632636 -4.32923856886360 -1.92920846387140 6.01916602769884
2024-05-16T04:13:00.000 -3669.405500205930 5532.246801802220 1438.444139313440 -3.34363906942393 -3.73491029272577 5.79557771626108
2024-05-16T04:17:00.000 -4328.362423863860 4445.145517330130 2759.814902619660 -2.11404868453365 -5.26884943860010 5.14825817358520
2024-05-16T04:21:00.000 -4671.799482145170 3034.010596033120 3879.430716744900 -0.73046241696894 -6.41861076059743 4.12465700754831
2024-05-16T04:25:00.000 -4674.742359928910 1401.746927158900 4715.498803303030 0.70603042496221 -7.10034707059961 2.79989110188650
2024-05-16T04:29:00.000 -4337.051397002010 -332.659047671858 5206.991200135500 2.09082777197798 -7.26463065446480 1.27077191838395
2024-05-16T04:33:00.000 -3683.359761924710 -2042.824829536590 5318.014537382610 3.32331638235162 -6.89956504894250 -0.35130430306303
2024-05-16T04:37:00.000 -2761.250754351960 -3604.111063896400 5040.380309673390 4.31399843589485 -6.03147246240845 -1.94825153431768
2024-05-16T04:41:00.000 -1637.820001285080 -4902.607896289110 4394.201783902420 4.99069058537845 -4.72292293610211 -3.40367472521884
2024-05-16T04:45:00.000 -394.890739036041 -5843.390973503900 3426.510913126610 5.30362445415102 -3.06870161287943 -4.61100627628217
2024-05-16T04:49:00.000 876.869747158575 -6357.534534562140 2207.946183348870 5.22940008667926 -1.18943216938201 -5.48133011538996
2024-05-16T04:53:00.000 2084.586087170930 -6407.321138037640 827.658959589923 4.77319404026322 0.77706576053611 -5.95032564283918
2024-05-16T04:57:00.000 3140.064160818480 -5989.149557851900 -613.253058362100 3.96862907602113 2.68612830231518 -5.98345838339147
2024-05-16T05:01:00.000 3966.370831452890 -5133.839216645580 -2009.293703310540 2.87531291379010 4.39746406285829 -5.57885118280241
2024-05-16T05:05:00.000 4503.539953376900 -3904.249387925000 -3258.462892813290 1.57406158369206 5.78609487755060 -4.76726177588530
2024-05-16T05:09:00.000 4712.910368611910 -2390.443415839510 -4269.800295872830 0.16042640108570 6.75167031441369 -3.60926585184146
2024-05-16T05:13:00.000 4579.784417484020 -702.885815734362 -4969.975324109660 -1.26271794753188 7.22547269083788 -2.19018261586517
2024-05-16T05:17:00.000 4114.282168510890 1035.708168246970 -5308.441444055610 -2.59264996704135 7.17459406321438 -0.61337555249182
2024-05-16T05:21:00.000 3350.444626805740 2699.209446618400 -5260.888993836670 -3.73388332103320 6.60356891249884 1.00717060373114
2024-05-16T05:25:00.000 2343.718150731740 4167.018327071920 -4830.856993840550 -4.60450764591938 5.55364515835637 2.55466908445912
2024-05-16T05:29:00.000 1167.021033272770 5332.584355243910 -4049.464733915530 -5.14166794622941 4.10001306627346 3.91738520717327
2024-05-16T05:33:00.000 -94.381946631425 6111.007686293060 -2973.267435083570 -5.30596540839651 2.34691733053028 4.99631952382926
2024-05-16T05:37:00.000 -1348.910289074680 6445.229033869350 -1680.343142422010 -5.08455497129411 0.42084084428661 5.71222525121058
2024-05-16T05:41:00.000 -2505.252692263060 6310.375424601280 -264.788990255051 -4.49262547482772 -1.53807135430281 6.01178507120736
2024-05-16T05:45:00.000 -3479.077919028890 5715.825091329640 1170.094944731140 -3.57285728950810 -3.38637204382478 5.87220892616600
2024-05-16T05:49:00.000 -4199.313423861550 4704.665818340240 2519.439891447380 -2.39235413609875 -4.98842332431524 5.30331155728819
2024-05-16T05:53:00.000 -4613.428140394840 3350.548734441790 3684.595968054050 -1.03752377215986 -6.22680114290723 4.34676520758411
2024-05-16T05:57:00.000 -4691.286624693140 1752.217129513730 4580.429264800440 0.39261366868492 -7.01110918145752 3.07276796476641
2024-05-16T06:01:00.000 -4427.290807709200 26.198580838218 5141.541132471060 1.79386345278138 -7.28438991996790 1.57451726142258
2024-05-16T06:05:00.000 -3840.716873144820 -1701.725059896350 5326.973584001870 3.06437893234830 -7.02689564939551 -0.03876269565352
2024-05-16T06:09:00.000 -2974.272883619100 -3305.634748957340 5123.122479174450 4.11188439409308 -6.25718447607616 -1.64969474941258
2024-05-16T06:13:00.000 -1891.011592636410 -4668.545829929160 4544.722505029260 4.86011826229224 -5.03074420279092 -3.14087920514778
2024-05-16T06:17:00.000 -669.815016125971 -5690.879820702200 3633.850627889480 5.25422657718418 -3.43632924452687 -4.40323015011118
2024-05-16T06:21:00.000 600.269595154804 -6297.782083910240 2456.968102678860 5.26493813543018 -1.59003957214417 -5.34391197979362
2024-05-16T06:25:00.000 1826.516596456910 -6444.742738716600 1100.142851977310 4.89112948953214 0.37288943617625 -5.89344388329353
2024-05-16T06:29:00.000 2919.375882448120 -6121.015952046080 -337.264085093040 4.16026814801889 2.30812610127152 -6.01129918772737
2024-05-16T06:33:00.000 3799.149787357650 -5350.477545165790 -1749.998033350210 3.12647021578169 4.07336827287653 -5.68923144348912
2024-05-16T06:37:00.000 4401.923463244330 -4189.790551650050 -3034.790777033920 1.86623745862603 5.53949180481919 -4.95188641508186
2024-05-16T06:41:00.000 4684.217596518420 -2724.028525022250 -4098.026366489930 0.47223125494430 6.60030312374511 -3.85444814366521
2024-05-16T06:45:00.000 4626.021348270180 -1060.225801233490 -4862.549933984110 -0.95389479709288 7.18004080352709 -2.47795906111315
2024-05-16T06:49:00.000 4232.039078003930 680.562828850806 -5273.126310454260 -2.30907567003549 7.23817958738121 -0.92286824466289
2024-05-16T06:53:00.000 3531.161498788490 2372.015114255520 -5300.227518956030 -3.49595911921711 6.77149535662655 0.69831434198730
2024-05-16T06:57:00.000 2574.302626846350 3891.509951605700 -4942.005459576170 -4.42939212769191 5.81383903097238 2.26874170894300
2024-05-16T07:01:00.000 1430.774688604400 5128.784135590610 -4224.387534583460 -5.04206626419504 4.43378165934273 3.67509539324695
2024-05-16T07:05:00.000 183.421423142700 5993.784167051360 -3199.301244119620 -5.28923282162628 2.73026219277513 4.81530497709467
2024-05-16T07:09:00.000 -1077.242753491620 6423.211328240400 -1941.079358219540 -5.15214943615558 0.82603551296570 5.60586866278352
2024-05-16T07:13:00.000 -2259.515082148670 6385.270665854790 -541.229502857923 -4.63980807638559 -1.14063266153041 5.98811572815115
2024-05-16T07:17:00.000 -3277.198517420760 5882.232786561060 898.147035464028 -3.78891343127818 -3.02591456065096 5.93308904110227
2024-05-16T07:21:00.000 -4056.012722702050 4950.459475733340 2271.863932791530 -2.66144527951007 -4.69140322443924 5.44427850593188
2024-05-16T07:25:00.000 -4539.129507614200 3657.785610232210 3479.478450656570 -1.33991933238479 -6.01492178370161 4.55743206560076
2024-05-16T07:29:00.000 -4691.366272769430 2098.479081447190 4432.733686381090 0.07897777198549 -6.89975652252036 3.33767484515561
2024-05-16T07:33:00.000 -4501.708909890310 386.238555886867 5062.026209729640 1.49179248805684 -7.28162177777494 1.87429988182861
2024-05-16T07:37:00.000 -3984.029314754800 -1354.146993274180 5321.420583423690 2.79583188493915 -7.13286923517305 0.27404121653777
2024-05-16T07:41:00.000 -3176.028936361280 -2995.844711219710 5191.933034875020 3.89637531890202 -6.46420453555299 -1.34658211354626
2024-05-16T07:45:00.000 -2136.508799776640 -4419.138162176000 4682.888989807030 4.71335032508067 -5.32384834655578 -2.86957714366478
2024-05-16T07:49:00.000 -941.158707397504 -5520.075018296700 3831.292601017420 5.18693943559670 -3.79425329935473 -4.18361774799155
2024-05-16T07:53:00.000 322.874766703969 -6218.083796198570 2699.250550573540 5.28211463592591 -1.98667309593852 -5.19217084898517
2024-05-16T07:57:00.000 1563.317320714080 -6461.990894951930 1369.520785452870 4.99151967410174 -0.03338356031570 -5.82078858582362
2024-05-16T08:01:00.000 2689.573730948480 -6233.933612945640 -60.533255273962 4.33645983613911 1.92206980861336 -6.02304155714486
2024-05-16T08:05:00.000 3619.478663196050 -5550.762225458500 -1486.176283881880 3.36544345467361 3.73584005670461 -5.78436955743215
2024-05-16T08:09:00.000 4285.415209014020 -4462.749321931430 -2803.147284142360 2.15037471510514 5.27508536981920 -5.12320836940415
2024-05-16T08:13:00.000 4639.265789379600 -3049.700671139330 -3915.417014268350 0.78074666267200 6.42807525877003 -4.08920755508002
2024-05-16T08:17:00.000 4655.801196822920 -1414.873383077470 -4742.206726166290 -0.64343374736967 7.11222208741445 -2.75890068604866
2024-05-16T08:21:00.000 4334.312865070700 322.707622421497 -5223.732213345430 -2.01906538124031 7.27939294235538 -1.22958197788940
2024-05-16T08:25:00.000 3698.476061781640 2036.902409217810 -5325.333030035050 -3.24723436129371 6.91865158358802 0.38795511998084
2024-05-16T08:29:00.000 2794.527998297440 3603.441073813910 -5039.788528023420 -4.23986380038229 6.05635559356738 1.97712440377444
2024-05-16T08:33:00.000 1687.960672532120 4908.685224649190 -4387.777293244410 -4.92547779057042 4.75426941629271 3.42332213377712
2024-05-16T08:37:00.000 458.921927654306 5857.697792378910 -3416.463621653760 -5.25414996651178 3.10563431196233 4.62172062582868
2024-05-16T08:41:00.000 -803.432837817169 6381.116141998240 -2196.251909122340 -5.20126908465076 1.22916535421802 5.48466578833972
2024-05-16T08:45:00.000 -2007.325056519750 6440.336452626260 -815.841907454245 -4.76979142727869 -0.73905950715378 5.94835830655559
2024-05-16T08:49:00.000 -3065.029530486820 6030.527873381570 624.140224298230 -3.99040160703026 -2.65537147419448 5.97788062435951
2024-05-16T08:53:00.000 -3899.356308017220 5181.201334060490 2018.491556558490 -2.91971832435010 -4.37912482508471 5.57038083143843
2024-05-16T08:57:00.000 -4449.412356382800 3954.138082114930 3265.258155417960 -1.63603729836722 -5.78380491757243 4.75558315679794
2024-05-16T09:01:00.000 -4675.105570264890 2438.805987673940 4273.303110715550 -0.23328280560018 -6.76664295708534 3.59328665853250
2024-05-16T09:05:00.000 -4560.053292861270 745.718836283311 4969.000890229670 1.18613460415403 -7.25608264885436 2.16868081093627
2024-05-16T09:09:00.000 -4112.706724165000 -1001.707425960820 5301.575277973810 2.51895016395572 -7.21673083664240 0.58576813811077
2024-05-16T09:13:00.000 -3365.661304184170 -2676.132938487780 5246.714676441450 3.66840342273637 -6.65140998791164 -1.04022301913488
2024-05-16T09:17:00.000 -2373.282701742780 -4155.468876346980 4808.309950776780 4.55088214561777 -5.60083488160875 -2.59087003822723
2024-05-16T09:21:00.000 -1207.817771462080 -5331.708921072390 4018.217735102900 5.10190835442924 -4.14095893178281 -3.95295041755204
2024-05-16T09:25:00.000 45.791417133858 -6118.806395780960 2934.031210577190 5.28082698356844 -2.37781748240876 -5.02651346437768
2024-05-16T09:29:00.000 1296.052705235550 -6459.073220584560 1634.979385729660 5.07412700179380 -0.44028286239691 -5.73237969599146
2024-05-16T09:33:00.000 2451.653661570980 -6327.570167060910 216.164163661147 4.49687260748102 1.52931434940243 -6.01836367322871
2024-05-16T09:37:00.000 3428.259378324650 -5734.053234608200 -1218.491206551040 3.59178360589968 3.38607302264910 -5.86365977355361
2024-05-16T09:41:00.000 4154.793993156850 -4722.224285474030 -2564.025793079810 2.42588562127597 4.99385604352949 -5.28044141818587
2024-05-16T09:45:00.000 4578.665076233530 -3366.357496763310 -3722.262189029510 1.08516074010406 6.23564168365144 -4.31265018638211
2024-05-16T09:49:00.000 4669.525174645740 -1765.622665427290 -4609.020873321720 -0.33223346654019 7.02223182653508 -3.03213837306851
2024-05-16T09:53:00.000 4421.286643484030 -36.640019161272 -5160.137144150100 -1.72354547338210 7.29813002752758 -1.53273168641579
2024-05-16T09:57:00.000 3852.344908146260 1695.023118773770 -5335.900603783770 -2.98865392905913 7.04458391721327 0.07681970682591
2024-05-16T10:01:00.000 3004.130875321590 3303.813461426480 -5123.743078800140 -4.03680502405062 6.28040710921698 1.68040038679188
2024-05-16T10:05:00.000 1938.118057300460 4673.065215876780 -4539.052572769260 -4.79264868063138 5.06040415586444 3.16245683394888
2024-05-16T10:09:00.000 731.501492245841 5703.250985035940 -3624.111089775360 -5.20129216302183 3.47185390545054 4.41570034949843
2024-05-16T10:13:00.000 -528.225819852399 6319.158135027250 -2445.202273528620 -5.23239013682748 1.62898813755202 5.34862953158028
2024-05-16T10:17:00.000 -1749.510885409770 6475.473949655990 -1087.980845085100 -4.88274801213558 -0.33468543534669 5.89236112703030
2024-05-16T10:21:00.000 -2843.396954735990 6160.309073969170 348.655962498951 -4.17714223312625 -2.27589720594728 6.00621791306311
2024-05-16T10:25:00.000 -3730.089288404650 5396.247509612650 1759.802010300930 -3.16667923040093 -4.05244314045220 5.68115005743375
2024-05-16T10:29:00.000 -4344.872456855790 4238.803005150530 3042.292900114880 -1.92515832769948 -5.53389568852132 4.94067942009458
2024-05-16T10:33:00.000 -4642.926194129840 2772.344311808590 4102.372002095660 -0.54347894128996 -6.61177920058586 3.83914406427981
2024-05-16T10:37:00.000 -4602.592250160370 1103.810810080100 4862.601591189900 0.87748702591233 -7.20757498429336 2.45728521527125
2024-05-16T10:41:00.000 -4226.877476397970 -645.163912074897 5267.487218324880 2.23430673978632 -7.27805791211690 0.89608222732286
2024-05-16T10:45:00.000 -3543.172643939890 -2347.123706466550 5287.460569235310 3.42842738923949 -6.81816302807947 -0.73072218579651
2024-05-16T10:49:00.000 -2601.236082672500 -3878.007704400670 4920.971791023400 4.37309395320402 -5.86104052004127 -2.30475128306293
2024-05-16T10:53:00.000 -1469.623754487910 -5126.087070103260 4194.621787899970 4.99933095894160 -4.47577586829447 -3.71115557933410
2024-05-16T10:57:00.000 -230.788958079952 -6000.105654374030 3161.325999656360 5.26106058822422 -2.76290390119871 -4.84684715963793
2024-05-16T11:01:00.000 1024.883851970630 -6436.033426923960 1896.558636018450 5.13872711027632 -0.84746192164978 -5.62812173483510
2024-05-16T11:05:00.000 2205.703609721740 -6401.913799712940 492.880896032848 4.64112755181034 1.12998459540564 -5.99726081821419
2024-05-16T11:09:00.000 3225.474948387790 -5900.333941314950 -946.902449494785 3.80500167244086 3.02398218096403 -5.92720814389880
2024-05-16T11:13:00.000 4009.924728415490 -4968.248830119940 -2317.424190664520 2.69230971326594 4.69548168214643 -5.42380431949785
2024-05-16T11:17:00.000 4502.195732345370 -3674.119073368770 -3518.626625174260 1.38522843401990 6.02265953398170 -4.52509648365415
2024-05-16T11:21:00.000 4666.930368792120 -2112.655498144620 -4463.132590816020 -0.02044534179191 6.90989482785847 -3.29794268673870
2024-05-16T11:25:00.000 4492.665603389440 -397.700455446096 -5082.531392907580 -1.42261059441284 7.29422968679987 -1.83249219126442
2024-05-16T11:29:00.000 3992.463068531500 1346.127202796160 -5332.162431553200 -2.72021889753999 7.14922675719366 -0.23525219890951
2024-05-16T11:33:00.000 3202.811765305970 2992.372986936930 -5194.125157514880 -3.82016231981647 6.48600619357352 1.37854100325729
2024-05-16T11:37:00.000 2180.971621162830 4421.676155517540 -4678.461448657560 -4.64342755309287 5.35223249450030 2.89258501443012
2024-05-16T11:41:00.000 1000.933280793470 5530.211068193820 -3822.458760476920 -5.13040192359668 3.82899333036394 4.19742804776373
2024-05-16T11:45:00.000 -251.770970058251 6237.127963721280 -2688.098114702290 -5.24514781925036 2.02565539128523 5.19796217031337
2024-05-16T11:49:00.000 -1486.145469696290 6490.520216062020 -1357.750360122530 -4.97842462076955 0.07265471036445 5.82048998330330
2024-05-16T11:53:00.000 -2612.311448517180 6271.411525314700 71.696045045188 -4.34881525151546 -1.88768410238174 6.01855486907483
2024-05-16T11:57:00.000 -3548.122821463000 5595.360875527540 1495.890295198170 -3.40182929908758 -3.71173942658054 5.77689631997313
2024-05-16T12:01:00.000 -4225.283286437290 4511.438747423670 2810.732823018300 -2.20662850370024 -5.26568775212048 5.11286799314568
2024-05-16T12:05:00.000 -4594.413581534730 3098.623591059310 3920.094843655890 -0.85068055790610 -6.43568275385846 4.07510271080466
2024-05-16T12:09:00.000 -4628.672475279780 1459.951084657610 4742.919599294780 0.56687158861500 -7.13635508632742 2.73976804313090
2024-05-16T12:13:00.000 -4325.648659794360 -285.119262901697 5219.148187085520 1.94286310536311 -7.31694453213939 1.20447602626072
2024-05-16T12:17:00.000 -3707.446034285730 -2009.422378300150 5314.002768388200 3.17735070428495 -6.96433256193143 -0.41891949038002
2024-05-16T12:21:00.000 -2819.060543445450 -3587.275780621750 5020.480399663080 4.18063978253529 -6.10391884688632 -2.01221222687997
2024-05-16T12:25:00.000 -1725.142819206410 -4903.561417679580 4359.868398061170 4.87960663943773 -4.79782109892533 -3.45924989304354
2024-05-16T12:29:00.000 -505.372234467990 -5862.076346850870 3380.263898226540 5.22290614332085 -3.14068361099314 -4.65409841130418
2024-05-16T12:33:00.000 751.279481796776 -6392.623664112070 2153.180976617210 5.18499286103691 -1.25331948666236 -5.50878162023579
2024-05-16T12:37:00.000 1953.054558589110 -6456.304838369080 768.395759818645 4.76840539242439 0.72586419854874 -5.96013394442936
2024-05-16T12:41:00.000 3012.208940782210 -6048.519626616480 -672.673205084152 4.00387759280414 2.65130090150878 -5.97496024926014
2024-05-16T12:45:00.000 3851.556459155550 -5199.336660989980 -2064.534262151210 2.94807607871935 4.38154617650585 -5.55274562352141
2024-05-16T12:49:00.000 4410.185862030660 -3971.166241623730 -3305.511507461620 1.67903938135496 5.79026028307730 -4.72553605329977
2024-05-16T12:53:00.000 4647.869601211690 -2453.961306306900 -4305.263551534440 0.28994325773271 6.77566992220134 -3.55504595604931
2024-05-16T12:57:00.000 4547.838557033200 -758.416594484317 -4991.316082791240 -1.11813727296158 7.26763846612115 -2.12743214899579
2024-05-16T13:01:00.000 4117.791267652460 992.189238304706 -5314.147464736300 -2.44359035073016 7.23192210351173 -0.54662391401788
2024-05-16T13:05:00.000 3389.172594164470 2670.863953443770 -5250.573463445930 -3.59125513666087 6.67192041699834 1.07313331528740
2024-05-16T13:09:00.000 2414.852338745460 4155.908086738660 -4805.273728598290 -4.47873765404584 5.62802821136898 2.61518603811674
2024-05-16T13:13:00.000 1265.386089649880 5339.498399883380 -4010.447845049800 -5.04189567949023 4.17489480827680 3.96813249167548
2024-05-16T13:17:00.000 24.063096863919 6135.394549030540 -2923.624826902540 -5.23941831228648 2.41673906109156 5.03356417036296
2024-05-16T13:21:00.000 -1218.987256319300 6485.250110816830 -1623.675952485360 -5.05603665592813 0.48052130926422 5.73314414500651
2024-05-16T13:25:00.000 -2373.289539585640 6363.065652219000 -205.231159911115 -4.50425618874781 -1.49281798043033 6.01481047010995
2024-05-16T13:29:00.000 -3354.669275426990 5777.301962173430 1228.196879436870 -3.62379168002038 -3.35885242976382 5.85712169380719
2024-05-16T13:33:00.000 -4091.498953742920 4770.406438968780 2571.839967378660 -2.47885993097939 -4.98061646924686 5.27116853917936
2024-05-16T13:37:00.000 -4530.035266075540 3415.730005812900 3727.456161830790 -1.15328132089181 -6.23922984132505 4.29988613693340
2024-05-16T13:41:00.000 -4638.363836107690 1812.071046870190 4610.599668352150 0.25599424851621 -7.04279166427744 3.01454859643398
2024-05-16T13:45:00.000 -4408.681893946680 76.359333868740 5156.802012919100 1.64627935914160 -7.33299666026363 1.50925583493696
2024-05-16T13:49:00.000 -3857.772403508650 -1664.920798635340 5326.199622832230 2.91658141003520 -7.08891377710916 -0.10631017880581
2024-05-16T13:53:00.000 -3025.740116471720 -3284.876636306790 5106.355253087440 3.97467210042501 -6.32805507530992 -1.71460427048189
2024-05-16T13:57:00.000 -1973.129295545210 -4665.341776676840 4513.175974214740 4.74346413307271 -5.10526376137360 -3.19836282834505
2024-05-16T14:01:00.000 -776.595108307546 -5705.461249214550 3589.831319441480 5.16662238664860 -3.50912192610566 -4.44904958858023
2024-05-16T14:05:00.000 476.616337398688 -6329.095490956660 2403.697794564530 5.21279821948226 -1.65582922543624 -5.37470824758988
2024-05-16T14:09:00.000 1695.015976451690 -6490.521772487180 1041.523677228060 4.87827931177554 0.31886124624210 -5.90694694870139
2024-05-16T14:13:00.000 2789.632011566670 -6177.951566384100 -396.937030940854 4.18767476854556 2.26974059744534 -6.00652746936271
2024-05-16T14:17:00.000 3680.647095774740 -5414.460919856930 -1806.358994497240 3.19216771520010 4.05337747858952 -5.66658465971566
2024-05-16T14:21:00.000 4303.329718471400 -4256.205946272100 -3083.731863741920 1.96543166372673 5.53933921990775 -4.91309219980355
2024-05-16T14:25:00.000 4612.747251151800 -2788.081330050240 -4135.998391403360 0.59767551330025 6.62003377483683 -3.80239883396294
2024-05-16T14:29:00.000 4586.903603675390 -1117.281521800360 -4886.812234278030 -0.81139149726793 7.21826907111919 -2.41645649523421
2024-05-16T14:33:00.000 4228.135500987520 634.639393465286 -5281.933142995370 -2.15992592812920 7.29215943713012 -0.85635236686454
2024-05-16T14:37:00.000 3562.762015268180 2340.555920650310 -5292.944448799470 -3.35105504949629 6.83731095865743 0.76507619261610
2024-05-16T14:41:00.000 2639.106859790620 3876.790960885000 -4919.151429688810 -4.29928854474364 5.88667202332001 2.33095376106633
2024-05-16T14:45:00.000 1524.063236152400 5131.856494692220 -4187.598905392340 -4.93625444335244 4.50828515693388 3.72831103817030
2024-05-16T14:49:00.000 298.400450584263 6014.380112345100 -3151.213060829520 -5.21538265786584 2.80087767000856 4.85566502638170
2024-05-16T14:53:00.000 -948.931134468304 6459.763979921360 -1885.162791268690 -5.11556615556629 0.88758502303662 5.63032346081718
2024-05-16T14:57:00.000 -2127.189833491450 6435.057328906880 -481.555520816993 -4.64315743212389 -1.09255636673743 5.99476914840557
2024-05-16T15:01:00.000 -3150.477384581370 5941.589164437490 957.217802796391 -3.83198623117407 -2.99472020062346 5.92144674034884
2024-05-16T15:05:00.000 -3944.114224540190 5015.038229377570 2326.017761466530 -2.74114482646852 -4.67934042763457 5.41519348322872
2024-05-16T15:09:00.000 -4450.199768937470 3722.862981630980 3524.758357700050 -1.45045294954359 -6.02285288263994 4.51301996263830
2024-05-16T15:13:00.000 -4631.875809957720 2159.301481048030 4465.828792642170 -0.05432190802010 -6.92705042561582 3.28116592540448
2024-05-16T15:17:00.000 -4475.990471923910 438.378778714687 5080.517571331210 1.34537179969594 -7.32623650983041 1.80987080229145
2024-05-16T15:21:00.000 -3993.968535460450 -1314.482158711600 5323.971662410010 2.64692111854362 -7.19159474603328 0.20645272582091
2024-05-16T15:25:00.000 -3220.915097451010 -2971.555890947690 5178.376155895630 3.75585353456154 -6.53283599922126 -1.41241206568497
2024-05-16T15:29:00.000 -2213.073121535630 -4412.013559733130 4654.224249065520 4.59150574815960 -5.39737101903723 -2.92887306023090
2024-05-16T15:33:00.000 -1043.817755817120 -5530.645472346120 3789.621558802730 5.09265674002470 -3.86728769997677 -4.23203585369561
2024-05-16T15:37:00.000 201.608018216963 -6245.592444118730 2647.631461371430 5.22229364648069 -2.05393188747823 -5.22614180370865
2024-05-16T15:41:00.000 1432.299620148360 -6504.452742638260 1311.743942781870 4.97058728363072 -0.08997254093930 -5.83781494075056
2024-05-16T15:45:00.000 2558.384410922900 -6288.277314439880 -120.225457527762 4.35597557931735 1.88024250685944 -6.02188792710392
2024-05-16T15:49:00.000 3497.713837515930 -5613.056887502180 -1543.411089006370 3.42397782330858 3.71181432197888 -5.76517959195962
2024-05-16T15:53:00.000 4181.976455577520 -4528.486576179110 -2853.745035484600 2.24361749224383 5.27059631723814 -5.08743903706356
2024-05-16T15:57:00.000 4561.708545861780 -3114.123514633930 -3955.695811275780 0.90185610236947 6.44344923131012 -4.03951828827572
2024-05-16T16:01:00.000 4609.785526178890 -1473.320112974140 -4769.246134534020 -0.50330628365821 7.14635194659035 -2.69893784286560
2024-05-16T16:05:00.000 4323.195457545800 274.472402178329 -5235.576103897380 -1.87015989394598 7.32984239742978 -1.16367596269979
2024-05-16T16:09:00.000 3723.063846933660 2002.376194295500 -5321.116826321290 -3.10041550886799 6.98174469970977 0.45507649845119
2024-05-16T16:13:00.000 2853.026424436870 3585.120539576100 -5019.799805369890 -4.10581915865121 6.12747659451008 2.04065033640731
2024-05-16T16:17:00.000 1776.110286957630 4907.877721112250 -4353.436021751010 -4.81393259549353 4.82819222198045 3.47867352084753
2024-05-16T16:21:00.000 570.310795971891 5874.425458954510 -3370.229769907160 -5.17322318317724 3.17693426300457 4.66486630686800
2024-05-16T16:25:00.000 -676.909958907958 6414.109484979280 -2141.455684397110 -5.15684096108389 1.29257519620458 5.51242343741983
2024-05-16T16:29:00.000 -1874.866016915630 6487.130164053330 -756.455957177615 -4.76504790224759 -0.68815724254058 5.95859258189908
2024-05-16T16:33:00.000 -2936.258018772350 6087.667584982460 683.783609893556 -4.02569242075567 -2.62056662130258 5.96978293046165
2024-05-16T16:37:00.000 -3783.632318773330 5244.503398772660 2074.038137180590 -2.99250078667218 -4.36287714376307 5.54454874960271
2024-05-16T16:41:00.000 -4355.155607853200 4018.984933539900 3312.653847104520 -1.74106469269946 -5.78724943127532 4.71390683589877
2024-05-16T16:45:00.000 -4609.185705189090 2500.478133514130 4309.092949542840 -0.36295853882419 -6.78949732566957 3.53885048124152
2024-05-16T16:49:00.000 -4527.284588392930 799.727994965350 4990.583808348380 1.04123029653867 -7.29669005904416 2.10545439016478
2024-05-16T16:53:00.000 -4115.495658824220 -959.289743849739 5307.391717826320 2.36935386700710 -7.27213200920405 0.51842120038651
2024-05-16T16:57:00.000 -3403.826189577370 -2648.396590258150 5236.368868882220 3.52500435881043 -6.71762356386532 -1.10673139444303
2024-05-16T17:01:00.000 -2444.059581038960 -4144.453639342810 4782.589596004640 4.42419312429895 -5.67311771817207 -2.65170710932059
2024-05-16T17:05:00.000 -1306.046828545080 -5338.244251707020 3979.021243826590 5.00123513115734 -4.21402785588780 -4.00373302840147
2024-05-16T17:09:00.000 -72.718910581987 -6142.433464740910 2884.231655049030 5.21352499170048 -2.44630465722519 -5.06354343188151
2024-05-16T17:13:00.000 1165.912974320000 -6498.082577266710 1578.227429266240 5.04511306222190 -0.49920177254287 -5.75292904540873
2024-05-16T17:17:00.000 2319.387235881730 -6379.135347978410 156.618862831797 4.50827133931238 1.48424333944870 -6.02095593121817
2024-05-16T17:21:00.000 3303.521797985990 -5794.432945404440 -1276.474484186560 3.64273596914378 3.35813705289049 -5.84813363734172
2024-05-16T17:25:00.000 4046.685667790050 -4787.036588287360 -2616.211356182580 2.51265881649415 4.98507983207706 -5.24795260825935
2024-05-16T17:29:00.000 4495.069741116870 -3430.896935365310 -3764.842025158410 1.20140106570538 6.24668022565966 -4.26558002165682
2024-05-16T17:33:00.000 4616.528139169010 -1825.200022838530 -4638.886875644370 -0.19505881659441 7.05229015721018 -2.97389869800138
2024-05-16T17:37:00.000 4402.731080181510 -86.929891434705 -5175.098758986390 -1.57546390762797 7.34498948626135 -1.46752470546318
2024-05-16T17:41:00.000 3869.561446488220 1657.664408277850 -5334.844887950070 -2.84045857334928 7.10482264714698 0.14428958290448
2024-05-16T17:45:00.000 3055.844875440150 3282.081707457980 -5106.706578836340 -3.89927217671543 6.34958687545451 1.74529838472024
2024-05-16T17:49:00.000 2020.550274935110 4668.504018844530 -4507.221526588900 -4.67575464842634 5.13342781617759 3.22009584418299
2024-05-16T17:53:00.000 838.645869868380 5716.139060913050 -3579.743722193430 -5.11349975118011 3.54334133689678 4.46188941530649
2024-05-16T17:57:00.000 -404.161296359998 6348.489528949790 -2391.476341943380 -5.18003941087526 1.69369145089030 5.37993176243785
2024-05-16T18:01:00.000 -1617.545907427020 6519.041761885840 -1028.778067617170 -4.86966517993233 -0.28148505254422 5.90640729129541
2024-05-16T18:05:00.000 -2713.125849683720 6214.864579598580 409.033632176450 -4.20424488364137 -2.23808281814728 6.00188287163185
2024-05-16T18:09:00.000 -3610.974864002890 5457.755889694020 1816.942533965350 -3.23198730199925 -4.03265179107542 5.65867161554669
2024-05-16T18:13:00.000 -4245.570583872320 4302.749894205960 3092.011611444720 -2.02395063360572 -5.53347896904682 4.90169058862656
2024-05-16T18:17:00.000 -4570.654290824860 2834.055409880120 4141.027334492450 -0.66855903830978 -6.63069641585352 3.78650593932039
2024-05-16T18:21:00.000 -4562.602348452090 1158.793678062210 4887.366342950980 0.73518623347126 -7.24438365302728 2.39488503350640
2024-05-16T18:25:00.000 -4222.082255364660 -600.906960778759 5276.556736438090 2.08510557082671 -7.33008782388380 0.82849228482809
2024-05-16T18:29:00.000 -3573.927849708450 -2316.812877161680 5280.178678783960 3.28318973906056 -6.88163875403854 -0.79855755203246
2024-05-16T18:33:00.000 -2665.307160707500 -3863.849557177900 4897.879239893700 4.24239820548620 -5.93135844111838 -2.36786074641995
2024-05-16T18:37:00.000 -1562.344277095160 -5129.121888470560 4157.416738364170 4.89275599764175 -4.54785768044915 -3.76493638955507
2024-05-16T18:41:00.000 -345.387388047479 -6020.121794525420 3112.732466653460 5.18644760084160 -2.83146284244352 -4.88738530101156
2024-05-16T18:45:00.000 896.788920504898 -6471.570986235870 1840.130881001480 5.10155366158826 -0.90744323263838 -5.65247156010730
2024-05-16T18:49:00.000 2073.474058146650 -6450.366843036370 432.743741110943 4.64404940469597 1.08299290685916 -6.00362453846978
2024-05-16T18:53:00.000 3098.764115332120 -5958.154748009520 -1006.344547875020 3.84778659985382 2.99338223103335 -5.91508576699932
2024-05-16T18:57:00.000 3897.978830341520 -5031.213682454100 -2371.813475485550 2.77180374153510 4.68347017749807 -5.39408098997764
2024-05-16T19:01:00.000 4413.172831103620 -3737.638867040530 -3563.977513359300 1.49558205137385 6.03006855267800 -4.47996622255289
2024-05-16T19:05:00.000 4607.305558544460 -2172.108873658130 -4496.123695337950 0.11268053823746 6.93616255625738 -3.24070353077128
2024-05-16T19:09:00.000 4466.762866525860 -448.765635983764 -5100.738540015420 -1.27644021069787 7.33743257057781 -1.76727341687968
2024-05-16T19:13:00.000 4002.145699270760 1307.155966016390 -5334.224068257140 -2.57165771863829 7.20618121098202 -0.16673909591948
2024-05-16T19:17:00.000 3247.351058064770 2968.308679427900 -5179.843547102280 -3.68002379160265 6.55250898236523 1.44539664382737
2024-05-16T19:21:00.000 2257.105577449500 4414.232030242520 -4648.818838325680 -4.52187606210483 5.42337152502709 2.95295579811149
2024-05-16T19:25:00.000 1103.111543098060 5539.873958211680 -3779.553862965850 -5.03623861886642 3.89953494920342 4.24689288705348
2024-05-16T19:29:00.000 -130.987310489768 6263.129333821660 -2635.004869155780 -5.18520956267464 2.09042732422880 5.23287271837296
2024-05-16T19:33:00.000 -1355.544335931530 6530.891928651000 -1298.298484889520 -4.95703704181409 0.12689741229457 5.83822198767854
2024-05-16T19:37:00.000 -2481.384876673900 6323.139870781960 133.185421448921 -4.36751637718143 -1.84784967846186 6.01768182776277
2024-05-16T19:41:00.000 -3426.395185811720 5654.627103446480 1554.921162037640 -3.45933122431109 -3.68913013944163 5.75740167329290
2024-05-16T19:45:00.000 -4121.624427268850 4573.892405636910 2862.978492056790 -2.29878118857136 -5.26188503506115 5.07617194535980
2024-05-16T19:49:00.000 -4516.380236212790 3159.697716939010 3961.729993585540 -0.97076405811300 -6.45090528677779 4.02393608672413
2024-05-16T19:53:00.000 -4581.946080403280 1515.189032314600 4770.904909114660 0.42765629151888 -7.16945424634132 2.67787629463785
2024-05-16T19:57:00.000 -4313.629967417370 -239.733678465674 5231.440990760780 1.79460618823701 -7.36544517827202 1.13640966672410
2024-05-16T20:01:00.000 -3731.020288902360 -1977.184733053190 5309.717390179610 3.03081181173029 -7.02473747459300 -0.48815651694041
2024-05-16T20:05:00.000 -2876.523426513970 -3570.535187242850 4999.944512744070 4.04650495597841 -6.17186811722146 -2.07756856032369
2024-05-16T20:09:00.000 -1812.316409888870 -4903.543325105980 4324.594230690470 4.76767512277583 -4.86837814318048 -3.51596205785004
2024-05-16T20:13:00.000 -615.901866551866 -5878.787726676910 3332.836860184030 5.14140875819488 -3.20867423555893 -4.69802948103071
2024-05-16T20:17:00.000 625.469013879943 -6424.845743841330 2097.083059310860 5.13994169139904 -1.31380133610110 -5.53666921942484
2024-05-16T20:21:00.000 1821.167778805490 -6501.691583679560 707.742436847617 4.76313190055639 0.67732311496109 -5.96998168408707
2024-05-16T20:25:00.000 2883.894900304460 -6103.751818979990 -733.439760278928 4.03872862436621 2.61830244838588 -5.96604063337161
2024-05-16T20:29:00.000 3736.190208801190 -5260.375109360160 -2120.956651033190 3.02045589984802 4.36644540476039 -5.52569434543225
2024-05-16T20:33:00.000 4316.186893193270 -4033.562277113020 -3353.455206791970 1.78362447849669 5.79411328794461 -4.68237293299018
2024-05-16T20:37:00.000 4582.087694312770 -2513.172577508730 -4341.221468587690 0.41905072274542 6.79818998546981 -3.49893659147730
2024-05-16T20:41:00.000 4515.053716980120 -810.138063063140 -5012.655061583260 -0.97395324788211 7.30714757043496 -2.06246025022603
2024-05-16T20:45:00.000 4120.376673550340 951.710063734459 -5319.295087215030 -2.29481616519435 7.28552655556648 -0.47748420756215
2024-05-16T20:49:00.000 3426.932034859490 2644.559091228240 -5239.123994764130 -3.44870130079610 6.73570482270591 1.14146574181378
2024-05-16T20:53:00.000 2485.033648689490 4145.668529492860 -4778.020924006290 -4.35275532293449 5.69730045135904 2.67773848014302
2024-05-16T20:57:00.000 1362.882911482890 5346.037941564050 -3969.338984100170 -4.94163409086465 4.24458737646748 4.02033730482483
2024-05-16T21:01:00.000 141.786832330741 6158.200319051040 -2871.623414464290 -5.17215156829422 2.48177514234224 5.07156421346950
2024-05-16T21:05:00.000 -1089.598200134710 6522.629640714570 -1564.554248216900 -5.02669509166978 0.53619304841013 5.75410690178532
2024-05-16T21:09:00.000 -2241.656593203490 6412.270678159700 -143.294845948386 -4.51502072356945 -1.45054217980592 6.01714920238710
2024-05-16T21:13:00.000 -3230.386704271420 5834.729283524900 1288.421413465200 -3.67390890999845 -3.33300815178300 5.84059049517161
2024-05-16T21:17:00.000 -3983.636500637050 4831.877889550990 2625.941006288130 -2.56475538709506 -4.97295862332009 5.23700259595389
2024-05-16T21:21:00.000 -4446.486164922800 3476.787812503340 3771.488656658060 -1.26876690320207 -6.25032528710990 4.25067931959452
2024-05-16T21:25:00.000 -4585.255056137720 1868.273565442860 4641.372393289300 0.11937740750851 -7.07192059690228 2.95392927348832
2024-05-16T21:29:00.000 -4389.905140883290 123.605393892021 5172.085429065180 1.49854946929299 -7.37803465793509 1.44158456768177
2024-05-16T21:33:00.000 -3874.710386173300 -1630.069148975900 5324.888651515280 2.76850436365475 -7.14652744838985 -0.17607029118883
2024-05-16T21:37:00.000 -3077.175854675220 -3264.952402363730 5088.563830105010 3.83703265969998 -6.39408524936777 -1.78134338594890
2024-05-16T21:41:00.000 -2055.325854361910 -4661.800942220010 4480.216699023330 4.62634083873550 -5.17492092155157 -3.25726189381098
2024-05-16T21:45:00.000 -883.562747089253 -5718.559524407460 3544.111629205210 5.07859000005880 -3.57726561278317 -4.49583044690221
2024-05-16T21:49:00.000 352.680717472968 -6357.862574044610 2348.563523685580 5.16029901109299 -1.71746661338754 -5.40588812916356
2024-05-16T21:53:00.000 1563.159297764200 -6532.850538476760 981.022922081210 4.86518291905802 0.26816796807614 -5.92021634932596
2024-05-16T21:57:00.000 2659.491559856250 -6230.756194704890 -458.366458313694 4.21498810832597 2.23367808872262 -6.00096003593175
2024-05-16T22:01:00.000 3561.736881431320 -5473.885397212200 -1864.222101578400 3.25785364509871 4.03461211835868 -5.64261495156150
2024-05-16T22:05:00.000 4204.328624216040 -4317.911484330750 -3133.797820960590 2.06462880755033 5.53920447725968 -4.87248816460483
2024-05-16T22:09:00.000 4540.869008450330 -2847.573719677580 -4174.611466330100 0.72311442795796 6.63849151169208 -3.74815388590281
2024-05-16T22:13:00.000 4547.378177405430 -1170.236617048780 -4911.160036977310 -0.66887378936143 7.25395425406876 -2.35254998536477
2024-05-16T22:17:00.000 4223.834589086080 592.065689187109 -5290.243050793730 -2.01069293874657 7.34245349915564 -0.78742517583424
2024-05-16T22:21:00.000 3594.002990405870 2311.449098459270 -5284.608597095240 -3.20590286897978 6.89856398583339 0.83401788009895
2024-05-16T22:25:00.000 2703.633266241850 3863.264722503620 -4894.769034895220 -4.16875623014720 5.95446157766046 2.39492199964832
2024-05-16T22:29:00.000 1617.200363154090 5134.891916452020 -4148.933612693970 -4.82981692333945 4.57767365073633 3.78262835065728
2024-05-16T22:33:00.000 413.393417575947 6033.759723210540 -3101.078812870020 -5.14080919113072 2.86686391692044 4.89633274750019
2024-05-16T22:37:00.000 -820.438356283068 6494.089859701840 -1827.216921738620 -5.07833897785090 0.94539398245098 5.65434926370445
2024-05-16T22:41:00.000 -1994.551020823130 6481.850147986800 -420.032147045325 -4.64605995910839 -1.04710204692689 6.00036960521287
2024-05-16T22:45:00.000 -3023.369727598790 5997.470093156330 1017.819090281730 -3.87491004372936 -2.96490424725129 5.90821321135189
2024-05-16T22:49:00.000 -3831.830567905430 5075.968343669500 2381.268338885410 -2.82100462899049 -4.66733191348393 5.38411449342729
2024-05-16T22:53:00.000 -4360.961087120890 3784.439178500960 3570.629148281330 -1.56146302359446 -6.02951264061445 4.46642875257506
2024-05-16T22:57:00.000 -4572.230585336500 2217.067461845770 4498.995403970590 -0.18840722805843 -6.95197702510185 3.22254759432058
2024-05-16T23:01:00.000 -4450.320356747770 488.125187805718 5098.589657215440 1.19808201040648 -7.36774296708393 1.74345097590028
2024-05-16T23:05:00.000 -4004.153108786840 -1276.395206002100 5325.635890536520 2.49725983948774 -7.24664025471880 0.13696137953615
2024-05-16T23:09:00.000 -3266.206009214490 -2947.901046643680 5163.495189377950 3.61474919827694 -6.59730604383250 -1.47995307366906
2024-05-16T23:13:00.000 -2290.163400793630 -4404.492818638200 4623.865587974220 4.46924385823345 -5.46652473954871 -2.98952183991886
2024-05-16T23:17:00.000 -1147.074184114060 -5539.775857097700 3745.984559691660 4.99821020854691 -3.93602911329495 -4.28136123206229
2024-05-16T23:21:00.000 79.733841643291 -6270.658337780050 2593.887062773430 5.16252989152243 -2.11716437218215 -5.26051839836196
2024-05-16T23:25:00.000 1300.702436851900 -6543.566384115000 1251.813761340370 4.94981866542729 -0.14309255343801 -5.85465837317073
2024-05-16T23:29:00.000 2426.661281754840 -6338.535383980860 -181.953522561619 4.37569488623087 1.84104890796568 -6.01993780110363
2024-05-16T23:33:00.000 3375.463997523160 -5670.758821368430 -1602.419154509570 3.48271453445299 3.68934835872962 -5.74460715415407
2024-05-16T23:37:00.000 4078.099755510920 -4589.399357810110 -2905.721171166790 2.33704208456283 5.26646073896526 -5.04977218999801
2024-05-16T23:41:00.000 4483.752399635920 -3173.792062382900 -3996.844602605750 1.02311065994467 6.45787548612190 -3.98751269761164
2024-05-16T23:45:00.000 4563.402259161640 -1527.398413894420 -4796.565862043400 -0.36305876725720 7.17821670267447 -2.63640968793797
2024-05-16T23:49:00.000 4311.743615127970 229.910191651927 -5247.077846744080 -1.72107880369925 7.37679441607265 -1.09519501864619
2024-05-16T23:53:00.000 3747.374185853400 1970.561551935730 -5315.964900244140 -2.95328672547897 7.04037433756319 0.52452794694104
2024-05-16T23:57:00.000 2911.343978606970 3568.361649977110 -4998.370874789220 -3.97127682918892 6.19355752351754 2.10601162331819
2024-05-17T00:01:00.000 1864.216137902750 4907.400625017570 -4317.291219454570 -4.70175831321157 4.89696606087075 3.53519349558682
2024-05-17T00:05:00.000 681.817073366729 5890.278305715880 -3322.003980801960 -5.09158492572649 3.24342183481202 4.70839733000790
2024-05-17T00:09:00.000 -550.097698642920 6445.164496213990 -2084.673000490730 -5.11172134052967 1.35200721521570 5.53976051471306
2024-05-17T00:13:00.000 -1741.971577420730 6531.167564325720 -695.269699497899 -4.75980661450424 -0.64005369891034 5.96772406238603
2024-05-17T00:17:00.000 -2806.969154664050 6141.536124424990 744.895798701867 -4.06081645291010 -2.58723665274739 5.96004086313573
2024-05-17T00:21:00.000 -3667.402412841890 5304.346423511530 2130.611123351530 -3.06555134514042 -4.34673217351995 5.51671208108828
2024-05-17T00:25:00.000 -4260.508285602170 4080.502850039990 3360.573958198580 -1.84676650498185 -5.78953943330983 4.67008810600608
2024-05-17T00:29:00.000 -4543.072983986750 2559.229981533990 4344.892019204160 -0.49359087747490 -6.81012655071233 3.48228437289293
2024-05-17T00:33:00.000 -4494.575087238770 851.456129353588 5011.687589057190 0.89522095671372 -7.33426048658548 2.04030683452800
2024-05-17T00:37:00.000 -4118.605211798310 -918.361952916721 5312.293256368330 2.21872039870763 -7.32402371984780 0.44935544138819
2024-05-17T00:41:00.000 -3442.529059713300 -2621.269695299830 5224.712658429290 3.38085439667862 -6.78001241728831 -1.17482515560295
2024-05-17T00:45:00.000 -2515.518358255830 -4133.095890297250 4755.198405339990 4.29704339620233 -5.74131182855419 -2.71393619404268
2024-05-17T00:49:00.000 -1405.040688259550 -5343.444743838340 3937.861627273690 4.90032817014959 -4.28296540370942 -4.05552638260297
2024-05-17T00:53:00.000 -192.021722865223 -6163.759887079030 2832.287319462980 5.14622715093000 -2.51091755680448 -5.10106598439801
2024-05-17T00:57:00.000 1035.009723420860 -6533.916681879870 1519.282643053770 5.01633102765796 -0.55474072959441 -5.77337481300271
2024-05-17T01:01:00.000 2186.434453437100 -6426.796720160180 94.986032792257 4.52006924309237 1.44181424918577 -6.02276634206688
2024-05-17T01:05:00.000 3178.209306408880 -5850.392947422960 -1336.277474641570 3.69421528092131 3.33182152829812 -5.83117518573212
2024-05-17T01:09:00.000 3938.137188484010 -4847.180487587950 -2669.806793881880 2.60001594765822 4.97673153530853 -5.21350660381708
2024-05-17T01:13:00.000 4411.173898580880 -3490.818757831190 -3808.314612950000 1.31821701178011 6.25685994406459 -4.21618649292930
2024-05-17T01:17:00.000 4563.365654866920 -1880.523093612760 -4669.062569376690 -0.05733189226975 7.08018461345923 -2.91316475603713
2024-05-17T01:21:00.000 4384.142343397730 -133.631813386531 -5189.775061930000 -1.42682386323053 7.38848929557849 -1.39989069566377
2024-05-17T01:25:00.000 3886.886465544210 1622.966125268550 -5332.954084107710 -2.69162891638750 7.16074841049664 0.21386437308596
2024-05-17T01:29:00.000 3107.831277455130 3261.902502776230 -5088.393594190840 -3.76101109461205 6.41392197612478 1.81173946153117
2024-05-17T01:33:00.000 2103.437938713430 4664.316596284660 -4473.827562605060 -4.55807548674030 5.20155657398762 3.27856216182357
2024-05-17T01:37:00.000 946.430101857491 5728.268054209400 -3533.708656162330 -5.02498078293134 3.61035730167549 4.50811745311576
2024-05-17T01:41:00.000 -279.304808306126 6376.082590563690 -2336.165150136820 -5.12716939244818 1.75476390184735 5.41052882894915
2024-05-17T01:45:00.000 -1484.698340343320 6560.132865877170 -968.236128403149 -4.85636222268716 -0.23075306293592 5.91913387974704
2024-05-17T01:49:00.000 -2581.967701024250 6266.515586922610 470.380009803105 -4.23155178289360 -2.20134908096939 5.99581864140623
2024-05-17T01:53:00.000 -3491.081417546400 5516.267926745970 1874.611528625910 -3.29799257753112 -4.01255613125908 5.63428737053211
2024-05-17T01:57:00.000 -4145.715574134840 4363.928882186600 3141.803466990170 -2.12392105268085 -5.53149496620313 4.86084974838269
2024-05-17T02:01:00.000 -4498.166088823730 2893.500053606050 4179.338174153240 -0.79524842965328 -6.64707082273356 3.73226652200715
2024-05-17T02:05:00.000 -4522.811526799350 1212.198694719510 4911.438741599290 0.59107657175295 -7.27803908186720 2.33119075713663
2024-05-17T02:09:00.000 -4217.919973367170 -557.425738297062 5284.665464866870 1.93413940811627 -7.37864103796358 0.75996151875565
2024-05-17T02:13:00.000 -3605.708825860920 -2286.435615476350 5271.748408694150 3.13648744973035 -6.94161600938185 -0.86703336081453
2024-05-17T02:17:00.000 -2730.693600952060 -3848.797967166120 4873.507709987670 4.11077985285374 -5.99828244379082 -2.43143470213418
2024-05-17T02:21:00.000 -1656.532897672580 -5130.459987407100 4118.837215463190 4.78581358273060 -4.61664715676747 -3.81902660086946
2024-05-17T02:25:00.000 -461.485566774864 -6037.680132888150 3062.719852083320 5.11191310929643 -2.89699956348590 -4.92797737504987
2024-05-17T02:29:00.000 767.253125800546 -6503.982703508800 1782.313668705360 5.06478838923226 -0.96493025805095 -5.67650016082948
2024-05-17T02:33:00.000 1939.942199450490 -6495.186171139260 371.344634653958 4.64770945372414 1.03770792650977 -6.00925306324508
2024-05-17T02:37:00.000 2970.959217734880 -6012.047472971300 -1066.830366809970 3.89154949432620 2.96350544373910 -5.90190115267019
2024-05-17T02:41:00.000 3785.192696825360 -5090.203435960790 -2426.962024118630 2.85242228433672 4.67111844366517 -5.36306257033262
2024-05-17T02:45:00.000 4323.589893148320 -3797.393907833590 -3609.757465077770 1.60713466109096 6.03607248825435 -4.43339258143413
2024-05-17T02:49:00.000 4547.409595084190 -2228.257642797180 -4529.189198750940 0.24700700398315 6.96000959069180 -3.18197359519679
2024-05-17T02:53:00.000 4440.874693769870 -497.218233952436 -5118.672841691040 -1.12909753438211 7.37731961870174 -1.70067731642169
2024-05-17T02:57:00.000 4012.120475664800 1269.913830565790 -5335.712588503720 -2.42194793556740 7.25913886846602 -0.09713187225241
2024-05-17T03:01:00.000 3292.458736175050 2944.968267234580 -5164.776511239080 -3.53873240018618 6.61470219520671 1.51290138634175
2024-05-17T03:05:00.000 2334.079390114110 4406.486791880900 -4618.300868841700 -4.39923576982464 5.49035677439402 3.01342261323703
2024-05-17T03:09:00.000 1206.371590958970 5548.300677724600 -3735.813968293390 -4.94116569374508 3.96649907811537 4.29593763846847
2024-05-17T03:13:00.000 -8.935896544225 6287.138542924400 -2581.233420364830 -5.12465168546084 2.15252728185021 5.26690870215579
2024-05-17T03:17:00.000 -1223.573679527760 6568.767875803670 -1238.424847331740 -4.93546026500472 0.17966475049872 5.85471864523883
2024-05-17T03:21:00.000 -2349.112439892240 6372.172065452790 194.780775839507 -4.38660742367536 -1.80821987123360 6.01545255393360
2024-05-17T03:25:00.000 -3303.479860697410 5711.291397779630 1613.740952172270 -3.51773831232614 -3.66555284204053 5.73664382220340
2024-05-17T03:29:00.000 -4017.047228607940 4634.105776712790 2914.732217023010 -2.39226389465562 -5.25606467107529 5.03841062226877
2024-05-17T03:33:00.000 -4437.795462187730 3219.122141572850 4002.650196226240 -1.09256888942614 -6.46326927958594 3.97198630811336
2024-05-17T03:37:00.000 -4535.122423742870 1569.531131320310 4798.032144808340 0.28641756959596 -7.19920671734821 2.61559057329425
2024-05-17T03:41:00.000 -4302.006512330130 -194.424278456100 5242.823103910270 1.64431802821479 -7.41050837043903 1.06827314107329
2024-05-17T03:45:00.000 -3755.451466701230 -1944.210208304810 5304.532813762470 2.88249403244273 -7.08183941444593 -0.55724025516476
2024-05-17T03:49:00.000 -2935.216981221360 -3552.301038524590 4978.563040279730 3.91107191375618 -6.23683620213776 -2.14265324922113
2024-05-17T03:53:00.000 -1900.956304443160 -4901.361404621910 4288.544194764230 4.65508672160125 -4.93632872262480 -3.57237031379600
2024-05-17T03:57:00.000 -727.982716026671 -5892.761851149110 3284.711912493860 5.05983519796730 -3.27451972375688 -4.74162257370171
2024-05-17T04:01:00.000 498.143872994248 -6453.878307854030 2040.365272515060 5.09524182556308 -1.37265960403292 -5.56423002171271
2024-05-17T04:05:00.000 1687.884968661860 -6543.573232112040 646.560495917052 4.75847655308289 0.62974805522878 -5.97937210810169
2024-05-17T04:09:00.000 2754.358477308500 -6155.354319388710 -794.605852925279 4.07440891403491 2.58534449780686 -5.95652723896160
2024-05-17T04:13:00.000 3619.821303443000 -5317.888464285890 -2177.630888161490 3.09382407235448 4.35043690121637 -5.49800488734289
2024-05-17T04:17:00.000 4221.434283873250 -4092.759568115400 -3401.492563184490 1.88927913212567 5.79616298162291 -4.63852504940377
2024-05-17T04:21:00.000 4515.814260485680 -2569.723054983670 -4377.105755845110 0.54927356826919 6.81804915035581 -3.44213703418314
2024-05-17T04:25:00.000 4482.047689418690 -859.921566307604 -5033.760786257520 -0.82864049263747 7.34332395968316 -1.99685476191730
2024-05-17T04:29:00.000 4123.007524565870 912.308873245817 -5324.072684667130 -2.14496476032990 7.33533499769943 -0.40785051960745
2024-05-17T04:33:00.000 3464.986336433620 2618.388410911750 -5227.210826490240 -3.30514218044684 6.79547386913356 1.21006722604092
2024-05-17T04:37:00.000 2555.741817117080 4134.609482340430 -4750.272906068290 -4.22585150569120 5.76270061663045 2.74028146103482
2024-05-17T04:41:00.000 1461.112176132980 5350.883591408280 -3927.772199698540 -4.84059854040271 4.31092820980414 4.07224745472285
2024-05-17T04:45:00.000 260.399093148835 6178.599627642380 -2819.259957623350 -5.10437236533462 2.54425343214466 5.10907808424163
2024-05-17T04:49:00.000 -959.232122890015 6557.097353676890 -1505.200293691720 -4.99712383895582 0.59022979642114 5.77448293085505
2024-05-17T04:53:00.000 -2109.022698199320 6458.293166401350 -81.276336698854 -4.52581205926250 -1.40886247437891 6.01882710712459
2024-05-17T04:57:00.000 -3105.144368932910 5888.968667568250 1348.571178157320 -3.72435727101926 -3.30663196380049 5.82344789186256
2024-05-17T05:01:00.000 -3874.925703872070 4890.401227606070 2679.832589238770 -2.65122398249985 -4.96385886623920 5.20230763574707
2024-05-17T05:05:00.000 -4362.242781752620 3535.344304141580 3815.186255057040 -1.38494660091647 -6.25914140898385 4.20094851717301
2024-05-17T05:09:00.000 -4531.631513785540 1922.619088228840 4671.689205157540 -0.01804662196427 -7.09798325889780 2.89284753209084
2024-05-17T05:13:00.000 -4370.821119645050 169.800204459372 5186.824716988300 1.34991004651811 -7.41949350578446 1.37364775431098
2024-05-17T05:17:00.000 -3891.561141699630 -1595.386386119670 5322.987587804310 2.61952706841945 -7.20041621264708 -0.24597063873075
2024-05-17T05:21:00.000 -3128.727673085720 -3244.307120309160 5070.155765930660 3.69861001922045 -6.45645636428358 -1.84816177188494
2024-05-17T05:25:00.000 -2137.805410718530 -4656.689292168940 4446.632323442100 4.50862213340832 -5.24119341358958 -3.31613648816531
2024-05-17T05:29:00.000 -990.928074595546 -5729.332244613980 3497.790076267130 4.99019566323095 -3.64254553711788 -4.54244470034565
2024-05-17T05:33:00.000 228.289208404464 -6383.700577210370 2292.877181388410 5.10767418671182 -1.77694792949514 -5.43683683070513
2024-05-17T05:37:00.000 1430.837328589750 -6571.821138506040 920.029117869039 4.85211323764893 0.21888732132455 -5.93321616767338
2024-05-17T05:41:00.000 2528.894460093700 -6279.961997672260 -520.210302723911 4.24232918408931 2.19816499081264 -5.99498725849981
2024-05-17T05:45:00.000 3442.377222740570 -5529.705276683610 -1922.384250261450 3.32358401432429 4.01533322716878 -5.61810220219695
2024-05-17T05:49:00.000 4104.895466035480 -4376.261616256790 -3184.021556082020 2.16392860716965 5.53751936252854 -4.83125682089855
2024-05-17T05:53:00.000 4468.589155952140 -2904.196528495080 -4213.225400705090 0.84870496378584 6.65447616621464 -3.69323009298905
2024-05-17T05:57:00.000 4507.493616883680 -1221.010259704000 -4935.340643314190 -0.52615618927832 7.28640857383057 -2.28793156524593
2024-05-17T06:01:00.000 4219.224244269530 550.829946006670 -5298.216079887660 -1.86125859269272 7.38899096694442 -0.71779596958245
2024-05-17T06:05:00.000 3624.974337035380 2282.736640844440 -5275.770406268080 -3.06063259851138 6.95573899628554 0.90363253713790
2024-05-17T06:09:00.000 2767.908846096810 3849.133226852050 -4869.730127530100 -4.03817171925075 6.01804276938407 2.45948763836569
2024-05-17T06:13:00.000 1710.095857539950 5136.325878546380 -4109.483110415180 -4.72335062939888 4.64301380730581 3.83741794866077
2024-05-17T06:17:00.000 528.152347893282 6050.612823089880 -3050.062755072280 -5.06619830466858 2.92923103563539 4.93733556030907
2024-05-17T06:21:00.000 -692.166423830133 6525.092761751010 -1768.325677285280 -5.04103102132824 1.00021430025663 5.67856607058691
2024-05-17T06:25:00.000 -1862.101708025230 6524.694069998790 -357.538795745191 -4.64876689721922 -1.00385376311556 6.00597280982223
2024-05-17T06:29:00.000 -2896.377794398700 6048.980926211280 1079.357761489530 -3.91740142863263 -2.93635030567303 5.89468507562530
2024-05-17T06:33:00.000 -3719.531309460000 5132.361042534840 2437.345861048740 -2.90020814697287 -4.65544244423318 5.35241720450322
2024-05-17T06:37:00.000 -4271.526126314830 3841.591409537550 3617.139035253790 -1.67163875741075 -6.03510483175204 4.41888606023657
2024-05-17T06:41:00.000 -4512.173251162580 2270.810405032600 4532.530740953080 -0.32154696409289 -6.97461301013493 3.16263396003057
2024-05-17T06:45:00.000 -4424.013913869630 534.548328985945 5116.694103365100 1.05168192419574 -7.40572460295666 1.67556906985777
2024-05-17T06:49:00.000 -4013.514077383320 -1240.661305603020 5326.989409816630 2.34824727249644 -7.29719750213459 0.06611603487279
2024-05-17T06:53:00.000 -3310.553971181280 -2925.454689647170 5148.009209773240 3.47399130794206 -6.65680731263177 -1.54858451878528
2024-05-17T06:57:00.000 -2366.264675109880 -4396.971564307370 4592.675526400500 4.34700919574105 -5.53063936944972 -3.05095217913729
2024-05-17T07:01:00.000 -1249.378977022210 -5547.732737754930 3701.372921348670 4.90342403616899 -4.00011031604931 -4.33109459997578
2024-05-17T07:05:00.000 -41.307647195535 -6293.522322411150 2539.118497212970 5.10214225005053 -2.17655592282625 -5.29490383453676
2024-05-17T07:09:00.000 1169.768196469680 -6579.684603502290 1190.897532082050 4.92827384643966 -0.19347786655059 -5.87119566063498
2024-05-17T07:13:00.000 2295.404035205740 -6385.287786249780 -244.563547396671 4.39456640032629 1.80335887720451 -6.01742091390749
2024-05-17T07:17:00.000 3253.478385015950 -5724.751182628240 -1662.140053656980 3.54063483561533 3.66706511759932 -5.72319889446964
2024-05-17T07:21:00.000 3974.305269021920 -4646.721139514420 -2958.184566434020 2.42978624120520 5.26116377339921 -5.01108587787717
2024-05-17T07:25:00.000 4405.739758697310 -3230.293754110970 -4038.228728221480 1.14389202508395 6.46997366165748 -3.93444368462772
2024-05-17T07:29:00.000 4516.871492454350 -1578.980738759070 -4823.866267625890 -0.22310704233861 7.20686334389363 -2.57282986098697
2024-05-17T07:33:00.000 4300.086142081290 186.991671928252 -5258.313443152280 -1.57220408608017 7.41990560263597 -1.02571133307739
2024-05-17T07:37:00.000 3771.430706614350 1939.419688660330 -5310.312849284660 -2.80636933150581 7.09479615663445 0.59493005576151
2024-05-17T07:41:00.000 2969.348170844020 3551.241003478070 -4976.218342520230 -3.83702257009161 6.25524907282877 2.17227801637863
2024-05-17T07:45:00.000 1951.932856683790 4905.504304945210 -4280.217400295170 -4.58991350782324 4.96135712176676 3.59251347128395
2024-05-17T07:49:00.000 792.858338653409 5903.685164557120 -3272.673604754590 -5.01023943066529 3.30577258562756 4.75258340350215
2024-05-17T07:53:00.000 -423.809657706546 6472.831925938620 -2026.652501796970 -5.06679262928256 1.40776701741108 5.56754212021065
2024-05-17T07:57:00.000 -1609.629025305690 6571.009444620450 -632.768432393143 -4.75458895634239 -0.59499578728592 5.97704670630079
2024-05-17T08:01:00.000 -2678.203968025870 6190.562107416180 807.328007489369 -4.09565540531852 -2.55622966258208 5.95012350558821
2024-05-17T08:05:00.000 -3551.573748903480 5358.894101947410 2188.400381892330 -3.13784669721755 -4.33198478369467 5.48815981800468
2024-05-17T08:09:00.000 -4166.020696511280 4136.532195534350 3409.465377576100 -1.95122503646864 -5.79199729270091 4.62494422226044
2024-05-17T08:13:00.000 -4476.773579809910 2612.619817139540 4381.276215331610 -0.62259723117246 -6.82951489667991 3.42384244921174
2024-05-17T08:17:00.000 -4461.256617720960 898.298263152312 5032.870216065180 0.75106726359436 -7.36908804667610 1.97284618076531
2024-05-17T08:21:00.000 -4120.660567441900 -881.479075078033 5316.691508713950 2.06988311020209 -7.37166985214083 0.37780726041231
2024-05-17T08:25:00.000 -3479.787939324470 -2597.016487158240 5211.976191551570 3.23811555077585 -6.83697063806702 -1.24517560126467
2024-05-17T08:29:00.000 -2585.255320335060 -4123.224280321290 4726.246610787740 4.17079040956941 -5.80347568578749 -2.77788096302424
2024-05-17T08:33:00.000 -1502.161128436600 -5348.668604359540 3894.808703433750 4.79978360249852 -4.34583284972133 -4.10836584855772
2024-05-17T08:37:00.000 -309.431951985965 -6183.700747930830 2778.284100061090 5.07872778107455 -2.56995348870027 -5.13891424969040
2024-05-17T08:41:00.000 905.887622104854 -6567.137169671130 1458.284233233620 4.98683694641220 -0.60569441687818 -5.79346277312917
2024-05-17T08:45:00.000 2055.042265544720 -6470.899477319180 31.458477554551 4.53077065751932 1.40263087544317 -6.02362598412485
2024-05-17T08:49:00.000 3054.162560856600 -5902.193590859360 -1397.685315669530 3.74434259234654 3.30724279677763 -5.81276628592046
2024-05-17T08:53:00.000 3830.510514047440 -4902.942892641740 -2724.609904381850 2.68588491657972 4.96848414204468 -5.17722672087667
2024-05-17T08:57:00.000 4327.844595460470 -3546.532875593730 -3852.528818693920 1.43359098347025 6.26551221914441 -4.16478232130186
2024-05-17T09:01:00.000 4510.445172576830 -1932.176756601620 -4699.498563717830 0.07914685687786 7.10518379392125 -2.85045824353214
2024-05-17T09:05:00.000 4365.519589440390 -177.482967935963 -5204.253065605210 -1.27925271965382 7.42812320619835 -1.33040968927927
2024-05-17T09:09:00.000 3903.931769050990 1590.105327138030 -5330.436613420950 -2.54379163828007 7.21213618770426 0.28516238687302
2024-05-17T09:13:00.000 3159.304352052770 3242.413801143430 -5069.057490235140 -3.62370818316692 6.47327545976688 1.87975417635910
2024-05-17T09:17:00.000 2185.586393449530 4659.590403045680 -4439.054772136600 -4.44130574473491 5.26445240986360 3.33840191722350
2024-05-17T09:21:00.000 1053.274114871430 5738.597301382670 -3486.002346045110 -4.93721263487875 3.67215218052314 4.55539084908993
2024-05-17T09:25:00.000 -155.539965070300 6400.653079136870 -2278.980038345630 -5.07478782455996 1.81091292453432 5.44175220114859
2024-05-17T09:29:00.000 -1353.015859198350 6597.086486714190 -905.731972382485 -4.84317195641935 -0.18433254572657 5.93195183244985
2024-05-17T09:33:00.000 -2451.953119890380 6313.098621311010 533.639525929821 -4.25856251324408 -2.16801968677386 5.98925312562259
2024-05-17T09:37:00.000 -3372.205245923860 5569.023792921510 1933.998442883720 -3.36322812694196 -3.99475493296428 5.60876955095001
2024-05-17T09:41:00.000 -4046.630499778580 4418.956612177520 3192.960163676780 -2.22260093710337 -5.53046947589882 4.81819577383737
2024-05-17T09:45:00.000 -4426.077934489240 2946.747323461550 4218.498500183310 -0.92016254807558 -6.66282722622981 3.67556030160181
2024-05-17T09:49:00.000 -4482.955927172910 1259.762816994990 4935.710667325000 0.44902861404369 -7.30934452215589 2.26459575912455
2024-05-17T09:53:00.000 -4213.183084387310 -519.018016832781 5292.252366068150 1.78532284289442 -7.42315809308453 0.68837000768763
2024-05-17T09:57:00.000 -3636.421229069880 -2259.974531906740 5262.079161801450 2.99168448572418 -6.99604530639050 -0.93835170903747
2024-05-17T10:01:00.000 -2794.621160414180 -3836.200553259810 4847.286027517880 3.98047617145813 -6.05868693708133 -2.49719091997975
2024-05-17T10:05:00.000 -1749.029826366290 -5132.649534818420 4077.997214040690 4.67950542886012 -4.67873370292901 -3.87433992940447
2024-05-17T10:09:00.000 -575.815353210701 -6054.527256131590 3010.273049114530 5.03740669707783 -2.95632710588724 -4.96879011180363
2024-05-17T10:13:00.000 639.435959379297 -6534.308384032710 1722.122759281430 5.02760353070115 -1.01724955370591 -5.69982942012955
2024-05-17T10:17:00.000 1807.987989145510 -6536.844942232840 307.833195738826 4.65064245855215 0.99615525702535 -6.01343705841170
2024-05-17T10:21:00.000 2844.536248302870 -6062.075896860950 -1129.010091556490 3.93443286912864 2.93573104397358 -5.88669562569200
2024-05-17T10:25:00.000 3673.574596588490 -5145.033807677350 -2483.272845151880 2.93216120551710 4.65912522329419 -5.32967887895439
2024-05-17T10:29:00.000 4234.975782281690 -3853.105440056140 -3656.115965533800 1.71791840400305 6.04077604415115 -4.38436313608671
2024-05-17T10:33:00.000 4488.317768909150 -2280.853245552190 -4562.259049785130 0.38073088942551 6.98112606463748 -3.12095393511438
2024-05-17T10:37:00.000 4415.663373087500 -542.909284972874 -5136.102186023140 -0.98221879521736 7.41341129356344 -1.63215894645801
2024-05-17T10:41:00.000 4022.665615660770 1234.441892629830 -5336.287331374970 -2.27269246649372 7.30769707852617 -0.02602671396014
2024-05-17T10:45:00.000 3338.012864885970 2922.301015916810 -5148.477504342490 -3.39803707851949 6.67218641271635 1.58157246248749
2024-05-17T10:49:00.000 2411.335105893420 4398.265466798080 -4586.306910498510 -4.27736664384293 5.55250258307553 3.07475490857395
2024-05-17T10:53:00.000 1309.711721308550 5555.091951368100 -3690.433740881230 -4.84699183687609 4.02868095331367 4.34546794088514
2024-05-17T10:57:00.000 112.974698769393 6308.397753377750 -2525.758380871110 -5.06501478035792 2.21017365018408 5.30097939047559
2024-05-17T11:01:00.000 -1091.956806205300 6602.894132954610 -1176.893046724510 -4.91471030562017 0.22858712788578 5.87081033837580
2024-05-17T11:05:00.000 -2217.361462624560 6416.626649241060 257.882109039076 -4.40624366406138 -1.77159045710874 6.01234977943224
2024-05-17T11:09:00.000 -3181.174621349560 5762.791228953330 1673.800100421330 -3.57634077360992 -3.64382462029567 5.71455203993042
2024-05-17T11:13:00.000 -3913.084348217820 4688.863383500500 2967.358554684130 -2.48558093662738 -5.25080978591684 4.99893908017122
2024-05-17T11:17:00.000 -4359.734347879210 3273.114241560600 4043.989808668890 -1.21378551183536 -6.47485001735039 3.91796491810464
2024-05-17T11:21:00.000 -4488.640186382150 1618.801638529500 4825.044976478760 0.14608404908233 -7.22673044541299 2.55095549344449
2024-05-17T11:25:00.000 -4290.484776082560 -153.480210211105 5253.517013257550 1.49509986201686 -7.45194149851195 0.99775584294763
2024-05-17T11:29:00.000 -3779.720397344590 -1914.581934694010 5298.111905180940 2.73528216559752 -7.13411574504255 -0.62846987477406
2024-05-17T11:33:00.000 -2993.501902321780 -3536.140757430470 4955.488688130220 3.77653948259616 -6.29611466799178 -2.20933945342086
2024-05-17T11:37:00.000 -1989.018647376070 -4899.845632805850 4250.508828889810 4.54298685958978 -4.99835623100581 -3.62958403040376
2024-05-17T11:41:00.000 -839.419357284566 -5906.021684050030 3234.513653435950 4.97835317644930 -3.33488700140563 -4.78514593657197
2024-05-17T11:45:00.000 371.452425278164 -6480.989858004240 1981.694533996700 5.05038863623703 -1.42703078588287 -5.59087340590639
2024-05-17T11:49:00.000 1555.186606365400 -6582.621018832360 583.727257307290 4.75359218557136 0.58524638979784 -5.98721423028900
2024-05-17T11:53:00.000 2625.357572605070 -6203.568592272380 -857.000663465125 4.10992805826368 2.55392440631971 -5.94506632615736
2024-05-17T11:57:00.000 3503.967287657540 -5371.833076409100 -2235.036701248610 3.16719263000590 4.33439825461403 -5.46815730549523
2024-05-17T12:01:00.000 4127.222091369050 -4148.578351713240 -3449.743231899280 1.99515654337257 5.79668574797861 -4.59256655777407
2024-05-17T12:05:00.000 4450.161207173120 -2623.413125013160 -4412.727135940120 0.67992677894385 6.83517444674940 -3.38350034607952
2024-05-17T12:09:00.000 4449.782569545650 -907.612902210331 -5054.208693313840 -0.68277136247216 7.37589798146225 -1.92981488789048
2024-05-17T12:13:00.000 4126.514417612540 874.069721393482 -5327.903548363350 -1.99456720163818 7.38105735265294 -0.33725283193154
2024-05-17T12:17:00.000 3504.028769481980 2592.381684728150 -5214.176182910740 -3.16123073888930 6.85106909299947 1.27918378890269
2024-05-17T12:21:00.000 2627.482694308370 4122.727106460790 -4721.317969952520 -4.09894209567771 5.82406861504023 2.80304259451251
2024-05-17T12:25:00.000 1560.330950457730 5353.965431596830 -3884.974466638190 -4.73992273032869 4.37347754722408 4.12413924411231
2024-05-17T12:29:00.000 379.880173169093 6196.367031858270 -2765.704389799200 -5.03721953920809 2.60332708878180 5.14626744655314
2024-05-17T12:33:00.000 -828.170505342901 6588.192633445980 -1444.778485486980 -4.96836671222588 0.64155455793167 5.79415294036659
2024-05-17T12:37:00.000 -1975.908647016190 6500.399485473530 -18.395230137646 -4.53757194865150 -1.36898903458183 6.01952640143917
2024-05-17T12:41:00.000 -2979.658070277660 5938.969752361820 1409.323093231720 -3.77576678754835 -3.28111817408729 5.80510821695686
2024-05-17T12:45:00.000 -3766.185959275690 4944.607506694660 2734.013921308170 -2.73851319852174 -4.95453478341808 5.16622430623226
2024-05-17T12:49:00.000 -4278.143405177720 3589.771169719630 3858.827818377450 -1.50174163266406 -6.26662756074988 4.14973307826014
2024-05-17T12:53:00.000 -4478.275886537460 1973.281658842700 4701.584195443600 -0.15589797285796 -7.12166003191958 2.83022015700078
2024-05-17T12:57:00.000 -4352.088052090960 212.999404391061 5200.775153624700 1.20100278452994 -7.45763515897297 1.30421633389856
2024-05-17T13:01:00.000 -3908.810201602660 -1562.809724672570 5319.960605605000 2.47042488441809 -7.25024943534827 -0.31715261155667
2024-05-17T13:05:00.000 -3180.690613531980 -3224.731689850690 5050.356629966240 3.56019764547547 -6.51429389925745 -1.91588489354825
2024-05-17T13:09:00.000 -2220.687492786020 -4651.534924153480 4411.500170919220 4.39094293754663 -5.30280824295568 -3.37539314508223
2024-05-17T13:13:00.000 -1098.689305194630 -5738.977463643620 3449.896120005050 4.90181910790392 -3.70351333341669 -4.58888210971858
2024-05-17T13:17:00.000 103.504811915103 -6407.457233534110 2235.727771345700 5.05506404961078 -1.83286285616622 -5.46704899143322
2024-05-17T13:21:00.000 1298.133893848320 -6607.983949542820 857.812449911012 4.83914101536677 0.17203864980983 -5.94497254241335
2024-05-17T13:25:00.000 2397.962530676250 -6325.937451002760 -582.935995591647 4.26998122188625 2.16373560824990 -5.98745550169989
2024-05-17T13:29:00.000 3322.787297145280 -5582.195302063960 -1981.034321362010 3.38987244068381 3.99580144302823 -5.59189179538130
2024-05-17T13:33:00.000 4005.395440109430 -4431.498282332720 -3234.326513266920 2.26403229492071 5.53430811708666 -4.78836381348460
2024-05-17T13:37:00.000 4396.461580257040 -2958.204607077730 -4251.542640608940 0.97530150339500 6.66787409786310 -3.63684258785513
2024-05-17T13:41:00.000 4468.016551167180 -1269.889441006910 -4958.909596302800 -0.38233514225476 7.31550016568232 -2.22216458492096
2024-05-17T13:45:00.000 4215.288032281310 510.620309218893 -5305.345153660550 -1.71072295767059 7.43171115448993 -0.64739013839177
2024-05-17T13:49:00.000 3656.871538819950 2254.114496969040 -5265.948800902730 -2.91438722730268 7.00898571342072 0.97363189256864
2024-05-17T13:53:00.000 2833.315576157060 3834.170130899150 -4843.662867422370 -3.90688342645191 6.07792335834640 2.52405875193284
2024-05-17T13:57:00.000 1804.242595531530 5136.089611793240 -4069.034960697950 -4.61660044363797 4.70507936104448 3.89196692840269
2024-05-17T14:01:00.000 644.180504562736 6065.067232595300 -2998.132723985410 -4.99170598219064 2.98882586958164 4.97786598039678
2024-05-17T14:05:00.000 -562.694537874135 6553.112653132320 -1708.670371508590 -5.00417191498515 1.05298190605920 5.70199645080305
2024-05-17T14:09:00.000 -1728.596104481080 6564.174106356210 -294.506277476484 -4.65221541650564 -0.96168581404147 6.01050192747728
2024-05-17T14:13:00.000 -2768.545201381240 6097.004365356980 1141.162115134430 -3.96094633583771 -2.90776050598776 5.87998890646251
2024-05-17T14:17:00.000 -3606.673412211260 5185.396696668230 2493.408135432520 -2.98069002461197 -4.64251326136735 5.31955098356710
2024-05-17T14:21:00.000 -4181.853387541490 3895.747959019070 3663.359088710570 -1.78318004778137 -6.03873907178416 4.37023547617961
2024-05-17T14:25:00.000 -4452.204005040230 2322.128840288500 4565.524217027440 -0.45603263727348 -6.99446735099729 3.10174195240661
2024-05-17T14:29:00.000 -4398.114323528000 579.293972707274 5134.048180066070 0.90398062894776 -7.44031020022881 1.60694267852756
2024-05-17T14:33:00.000 -4023.580815613930 -1205.746483156480 5327.447169607220 2.19806283700695 -7.34404729734568 -0.00519783437607
2024-05-17T14:37:00.000 -3355.862489341200 -2902.927472677400 5131.547682779240 3.33230044626464 -6.71255509473653 -1.61740733298938
2024-05-17T14:41:00.000 -2443.512492720140 -4388.486693218430 4560.501313519030 4.22416730249769 -5.59119084132568 -3.11226326140774
2024-05-17T14:45:00.000 -1352.934757347280 -5553.916334977680 3655.844431038800 4.80837576134461 -4.06105754907389 -4.38037789553517
2024-05-17T14:49:00.000 -163.618017575034 -6313.939818840860 2483.578386405950 5.04187097262328 -2.23349862579458 -5.32853882493798
2024-05-17T14:53:00.000 1037.638050205790 -6612.867709746470 1129.422582158880 4.90721941628972 -0.24227020361232 -5.88671024958189
2024-05-17T14:57:00.000 2163.112984869770 -6428.844353636980 -307.460840698704 4.41428912300878 1.76622884385521 -6.01369656230849
2024-05-17T15:01:00.000 3130.698222534440 -5775.540886892510 -1721.853793232560 3.59967896783830 3.64428302964272 -5.70056516261159
2024-05-17T15:05:00.000 3870.008106962170 -4701.081239202910 -3010.355938502440 2.52381799198365 5.25437644858977 -4.97126235183118
2024-05-17T15:09:00.000 4327.542286694910 -3284.301091814170 -4079.063954549740 1.26602248451747 6.47968579450064 -3.88038409641441
2024-05-17T15:13:00.000 4470.481419070700 -1628.732006235760 -4850.406636605450 -0.08180324365423 7.23241383336143 -2.50849093078816
2024-05-17T15:17:00.000 4288.884588208560 145.102694489662 -5268.636695710350 -1.42206898337649 7.45947368721868 -0.95572223735573
2024-05-17T15:21:00.000 3796.227410907510 1908.430024346650 -5303.661636797520 -2.65835492256293 7.14549886254692 0.66554435067520
2024-05-17T15:25:00.000 3028.328861819700 3533.390126658290 -4953.052260866030 -3.70190812417718 6.31335564113042 2.23845637938288
2024-05-17T15:29:00.000 2040.798312230450 4902.062680065750 -4242.184308869340 -4.47750995963681 5.02258722596309 3.64947272266411
2024-05-17T15:33:00.000 905.134697750720 5914.861593590230 -3222.498687717740 -4.92874425320140 3.36559509248653 4.79618500262580
2024-05-17T15:37:00.000 -296.298895235772 6497.748591716750 -1967.951414805360 -5.02209938186250 1.46173906821240 5.59453833042631
2024-05-17T15:41:00.000 -1476.155901983660 6607.780451395190 -569.804549669078 -4.74989549304895 -0.55076228869487 5.98533556469743
2024-05-17T15:45:00.000 -2548.469789022100 6236.464900209660 869.956665875457 -4.13132137175012 -2.52481337993824 5.93906270434442
2024-05-17T15:49:00.000 -3435.015561752470 5410.567215175670 2246.120653018220 -3.21131708232859 -4.31560297998961 5.45857134460194
2024-05-17T15:53:00.000 -4071.125177637480 4190.205874783740 3458.064872246850 -2.05718253507783 -5.79179767685740 4.57899554820309
2024-05-17T15:57:00.000 -4410.461040905120 2664.388518241440 4417.214558598820 -0.75337354733689 -6.84549898439549 3.36492651740967
2024-05-17T16:01:00.000 -4428.372585213940 944.396297679707 5053.534312883780 0.60496820948049 -7.40006536988025 1.90527128571351
2024-05-17T16:05:00.000 -4123.623320194300 -844.400171342205 5320.595931706420 1.91908231258796 -7.41539832935139 0.30658338682189
2024-05-17T16:09:00.000 -3518.408635253800 -2571.660399117880 5198.872937317130 3.09359193344690 -6.89035449446301 -1.31481654479936
2024-05-17T16:13:00.000 -2656.738416120050 -4111.463361435120 4697.126895843360 4.04315086621056 -5.86269319917904 -2.84090436334024
2024-05-17T16:17:00.000 -1601.298935047720 -5351.388417097910 3851.819623374540 4.69838204648423 -4.40654493585726 -4.16021564682249
2024-05-17T16:21:00.000 -428.992887856106 -6200.724430789150 2724.580916543750 5.01098240378925 -2.62771026961314 -5.17579727156778
2024-05-17T16:25:00.000 774.630135464116 -6597.243986025670 1397.809155217760 4.95771093664872 -0.65630614203122 -5.81266659964805
2024-05-17T16:29:00.000 1921.672481119070 -6511.923431839990 -31.353477263180 4.54240080199593 1.36282143243451 -6.02378358572737
2024-05-17T16:33:00.000 2928.419872227650 -5951.176337185580 -1458.238702227680 3.79588310686553 3.28113780873927 -5.79390790934516
2024-05-17T16:37:00.000 3721.578141961190 -4956.342035459300 -2778.482505556050 2.77356673185644 4.95801864135908 -5.14075534813277
2024-05-17T16:41:00.000 4243.671125495870 -3600.476727877710 -3895.790530003910 1.55096153527236 6.27146943115149 -4.11337449724731
2024-05-17T16:45:00.000 4457.158768196370 -1982.750196106310 -4728.994291613540 0.21758543928786 7.12713760210321 -2.78784582093164
2024-05-17T16:49:00.000 4346.986416741340 -221.018485272562 -5217.825407194630 -1.12985338456442 7.46446354311145 -1.26113410106967
2024-05-17T16:53:00.000 3921.482715555950 1556.763578930280 -5327.078124639950 -2.39433052059578 7.26021717289565 0.35613119885414
2024-05-17T16:57:00.000 3211.640783619830 3221.671738166200 -5048.973592022740 -3.48505829520270 6.52954075411225 1.94732223408277
2024-05-17T17:01:00.000 2268.881647029810 4652.921999623260 -4403.654626004480 -4.32353581177123 5.32473755532730 3.39769392000909
2024-05-17T17:05:00.000 1161.456456353940 5746.434218472430 -3437.804640560700 -4.84884929161589 3.73199326163016 4.60208574710117
2024-05-17T17:09:00.000 -30.344113414478 6422.356563953740 -2221.446019391070 -5.02224221797663 1.86591753119374 5.47237128946996
2024-05-17T17:13:00.000 -1219.917485648110 6631.001088291390 -843.022122585947 -4.83025557908170 -0.13820339567906 5.94418389977184
2024-05-17T17:17:00.000 -2320.627944920240 6356.678891522380 596.963924061833 -4.28616110894970 -2.13407427318369 5.98209406860966
2024-05-17T17:21:00.000 -3252.194836411030 5619.043397001130 1993.310317679820 -3.42934837945890 -3.97535407106091 5.58269260156711
2024-05-17T17:25:00.000 -3946.657738436300 4471.742530210190 3243.919632104920 -2.32243903553309 -5.52694343077712 4.77510096248853
2024-05-17T17:29:00.000 -4353.407409409570 2998.446055191790 4257.379503019320 -1.04646260540376 -6.67534420609133 3.61862547290660
2024-05-17T17:33:00.000 -4442.874425088180 1306.614896003660 4959.677748641540 0.30540609361905 -7.33697126800979 2.19801116433879
2024-05-17T17:37:00.000 -4208.616022092970 -480.419149352404 5299.563295446790 1.63479818221916 -7.46389123533984 0.61700784356967
2024-05-17T17:41:00.000 -3667.711177550550 -2232.437040118740 5252.211637256030 2.84522624429576 -7.04692753314846 -1.00926195732999
2024-05-17T17:45:00.000 -2859.499074030800 -3821.732729734950 4820.977388471930 3.84875565462309 -6.11606537870315 -2.56245022072040
2024-05-17T17:49:00.000 -1842.769454587450 -5132.321417365110 4037.185130036120 4.57219746012961 -4.73846240906635 -3.92920892488142
2024-05-17T17:53:00.000 -691.567666211590 -6068.376391892100 2957.947455836620 4.96240580625892 -3.01401059309641 -5.00928382547704
2024-05-17T17:57:00.000 510.133411859996 -6561.326270641890 1662.109849198990 4.99036875520637 -1.06862987541332 -5.72300127211363
2024-05-17T18:01:00.000 1674.578180973670 -6575.056357128780 244.522766295437 4.65385707764733 0.95482553083578 -6.01757352122369
2024-05-17T18:05:00.000 2716.757103925430 -6108.689993963940 -1190.983522496880 3.97784764265506 2.90746815122560 -5.87148193013758
2024-05-17T18:09:00.000 3560.746637444150 -5196.649036538010 -2539.369471841780 3.01256930494003 4.64596052328458 -5.29622255567844
2024-05-17T18:13:00.000 4145.318824578510 -3905.963906216910 -3702.228222901290 1.82941101068801 6.04364307470058 -4.33512858310472
2024-05-17T18:17:00.000 4428.350697040300 -2331.109240481020 -4595.010655267540 0.51513232025984 6.99981547335127 -3.05952537829158
2024-05-17T18:21:00.000 4389.730586494880 -586.906883539892 -5153.082305111210 -0.83473915062219 7.44655095747175 -1.56294937818029
2024-05-17T18:25:00.000 4032.625991358880 1199.895232582730 -5336.217742149870 -2.12289375606498 7.35282406558503 0.04598245781310
2024-05-17T18:29:00.000 3383.108676888120 2899.696395647870 -5131.309334020200 -3.25682692020779 6.72595458077559 1.65119335209237
2024-05-17T18:33:00.000 2488.255446602320 4389.205711757600 -4553.223000430830 -4.15498515863840 5.61090490713000 3.13695349942956
2024-05-17T18:37:00.000 1412.839546462450 5560.174039456640 -3643.775393380820 -4.75230695405017 4.08739753745417 4.39569243347434
2024-05-17T18:41:00.000 234.793095845870 6327.173965346080 -2468.863923302840 -5.00489217375638 2.26486286100736 5.33552102950590
2024-05-17T18:45:00.000 -960.314050149376 6633.904805110570 -1113.866719088420 -4.89345538275027 0.27524135896880 5.88702732545694
2024-05-17T18:49:00.000 -2085.467096732070 6457.531541208080 322.456139182119 -4.42542219866816 -1.73628822996797 6.00893366030626
2024-05-17T18:53:00.000 -3058.628576766880 5810.546763085500 1735.199560853170 -3.63459038503499 -3.62237238440242 5.69166723801354
2024-05-17T18:57:00.000 -3808.810413178590 4739.948796696380 3021.080945432650 -2.57866774196791 -5.24466656625280 4.95824562341681
2024-05-17T19:01:00.000 -4281.326854241920 3323.789664205620 4086.099872335890 -1.33492710520519 -6.48438557470324 3.86249474337055
2024-05-17T19:05:00.000 -4441.803552135650 1665.370608076300 4852.465569708210 0.00573674260306 -7.25118827862797 2.48476715715693
2024-05-17T19:09:00.000 -4278.629395085630 -114.398650882877 5264.249703165420 1.34570916396399 -7.48950174377967 0.92573816308639
2024-05-17T19:13:00.000 -3803.721608357870 -1885.826343439740 5291.387652452050 2.58769369939925 -7.18208787263981 -0.70103302060695
2024-05-17T19:17:00.000 -3051.625390645170 -3519.807876341030 4931.815851442440 3.64151569730667 -6.35103429155480 -2.27714756253922
2024-05-17T19:21:00.000 -2077.040730275970 -4897.134314668580 4211.633677343200 4.43038846012971 -5.05626055097535 -3.68769165137406
2024-05-17T19:25:00.000 -950.925275824916 -5917.143082948830 3183.288237200050 4.89646626663148 -3.39154262833929 -4.82931441528953
2024-05-17T19:29:00.000 244.610233301058 -6505.144759468390 1921.880005897450 5.00526759413627 -1.47832219531181 -5.61784931693915
2024-05-17T19:33:00.000 1422.290021200980 -6618.058111984340 519.708368506982 4.74856713083714 0.54311060694287 -5.99506191153833
2024-05-17T19:37:00.000 2496.127532605370 -6247.697979987700 -920.533482563757 4.14530819742477 2.52406209314072 -5.93318455535721
2024-05-17T19:41:00.000 3387.843461392550 -5421.434705110500 -2293.423300872890 3.24035640819298 4.31893189438765 -5.43742372841554
2024-05-17T19:45:00.000 4032.679551278750 -4200.042175041410 -3498.707193944490 2.10072414621775 5.79673091421261 -4.54526526503065
2024-05-17T19:49:00.000 4384.085937858850 -2672.993197365190 -4448.685535343990 0.81012545144746 6.85072486217362 -3.32308371742652
2024-05-17T19:53:00.000 4416.971796511740 -951.704964090666 -5074.524800109430 -0.53746519080023 7.40579868746548 -1.86066903423719
2024-05-17T19:57:00.000 4129.338137936110 838.666234413285 -5331.070398746500 -1.84473375030534 7.42311701634863 -0.26434850735180
2024-05-17T20:01:00.000 3542.262987700410 2568.228401329450 -5199.918482575470 -3.01777918442319 6.90217421805667 1.35060115990236
2024-05-17T20:05:00.000 2698.327280156560 4111.550826033550 -4690.621552994580 -3.97229846364524 5.88043568649585 2.86777987429197
2024-05-17T20:09:00.000 1658.618024058870 5356.533671889210 -3840.021620476730 -4.63926778543421 4.43094045133729 4.17747009310777
2024-05-17T20:13:00.000 498.453869103597 6212.436902635420 -2709.726907732160 -4.96985340973259 2.65769238956101 5.18423537669630
2024-05-17T20:17:00.000 -697.942498147295 6616.538568261950 -1381.828777448690 -4.93921120414476 0.68886579211371 5.81391585960050
2024-05-17T20:21:00.000 -1843.512491138530 6538.903310684550 46.945606212607 -4.54876813754979 -1.33216799087141 6.01955135897559
2024-05-17T20:25:00.000 -2854.737114619780 5984.782821332780 1472.275229758020 -3.82649455695922 -3.25736529828640 5.78528946256868
2024-05-17T20:29:00.000 -3657.851115628450 4994.386030675980 2789.963213093650 -2.82517253510181 -4.94543850653884 5.12805933465196
2024-05-17T20:33:00.000 -4194.317096140290 3639.895858537190 3903.689894164790 -1.61806748364784 -6.27286653229237 4.09608040178165
2024-05-17T20:37:00.000 -4425.092058341000 2020.098127429120 4732.096305658590 -0.29334830509081 -7.14282671937673 2.76501037230732
2024-05-17T20:41:00.000 -4333.432577136830 253.094043360526 5214.715963031820 1.05247399687630 -7.49213017488842 1.23218734636955
2024-05-17T20:45:00.000 -3926.054727620510 -1532.347107662510 5316.325162448270 2.32160923557202 -7.29553747313275 -0.39068683816526
2024-05-17T20:49:00.000 -3232.597070563790 -3206.116193390740 5029.431703775190 3.42193591393138 -6.56713743620623 -1.98555114651354
2024-05-17T20:53:00.000 -2303.486510541490 -4646.129930375640 4374.828541356480 4.27334719126012 -5.35937316730647 -3.43615070654335
2024-05-17T20:57:00.000 -1206.350536161820 -5747.180023541660 3400.163723931760 4.81350640709535 -3.75964313931603 -4.63629009814258
2024-05-17T21:01:00.000 -21.164855565137 -6428.667773555900 2176.584439314150 5.00251719986325 -1.88447890587339 -5.49757808569520
2024-05-17T21:05:00.000 1165.563663886990 -6640.664646608330 793.604982476439 4.82626807521782 0.12865346207668 -5.95639361083732
2024-05-17T21:09:00.000 2267.192124469900 -6367.715913817710 -647.498673730700 4.29775727395895 2.13177822860736 -5.97898185578985
2024-05-17T21:13:00.000 3203.382057707430 -5630.027411502510 -2041.225269367170 3.45621424039786 3.97761555032867 -5.56416091814764
2024-05-17T21:17:00.000 3906.076071127080 -4481.902132827530 -3285.744165543720 2.36403847361149 5.53119109804911 -4.74343736159577
2024-05-17T21:21:00.000 4324.471075485760 -3007.517106227960 -4290.434916048970 1.10163708885266 6.68002837691258 -3.57803900837130
2024-05-17T21:25:00.000 4428.597068633750 -1314.529501530580 -4982.445774649810 -0.23890993068773 7.34204278034297 -2.15377825211726
2024-05-17T21:29:00.000 4211.304256183040 473.891408580628 -5311.809530316460 -1.56064901425629 7.47068991359067 -0.57437572735818
2024-05-17T21:33:00.000 3688.616273821340 2227.957994316630 -5254.861780983280 -2.76853833643202 7.05757904131115 1.04599295788369
2024-05-17T21:37:00.000 2898.488092614920 3820.481183647290 -4815.812113986650 -3.77586556499619 6.13258259463387 2.59054281307449
2024-05-17T21:41:00.000 1898.113547628020 5135.849834208280 -4026.427436696910 -4.50992683447778 4.76181719118669 3.94769803115758
2024-05-17T21:45:00.000 759.931907559911 6078.281837379880 -2943.858873029550 -4.91715880100435 3.04352447409170 5.01875273544313
2024-05-17T21:49:00.000 -433.478199601708 6578.810728835610 -1646.679537789450 -4.96720364991165 1.10168027914956 5.72501587394764
2024-05-17T21:53:00.000 -1595.320337592190 6600.484084124750 -229.321414976024 -4.65557867084144 -0.92248712762462 6.01393460490731
2024-05-17T21:57:00.000 -2640.929063785360 6141.288379617280 1204.778014016730 -4.00446408760823 -2.88090786816709 5.86355742892537
2024-05-17T22:01:00.000 -3494.034801868430 5234.443669721550 2550.801713909150 -3.06122765783627 -4.62990379060087 5.28445355886477
2024-05-17T22:05:00.000 -4092.428813325170 3946.014496143810 3710.341187834680 -1.89492002743174 -6.04125408216729 4.31911953425249
2024-05-17T22:09:00.000 -4392.548500420360 2369.974485611510 4598.687511839280 -0.59083747028519 -7.01202913687707 3.03840699922045
2024-05-17T22:13:00.000 -4372.600305876730 621.225968246399 5150.993157314520 0.75602954088981 -7.47172878935626 1.53593572559402
2024-05-17T22:17:00.000 -4034.072163171170 -1172.793538488340 5326.935770001750 2.04780961579711 -7.38698072362130 -0.07877592076022
2024-05-17T22:21:00.000 -3401.591742430870 -2881.346033803200 5113.605732326020 3.19069670623373 -6.76380109042616 -1.68818844531014
2024-05-17T22:25:00.000 -2521.143800815240 -4379.832590356330 4526.429485590900 4.10155836124790 -5.64701123175839 -3.17507783461146
2024-05-17T22:29:00.000 -1456.794276753630 -5558.796723661250 3608.117320464600 4.71375568146721 -4.11731756946766 -4.43065474544558
2024-05-17T22:33:00.000 -286.116497123522 -6331.958858884340 2425.673684171630 4.98211482463715 -2.28605914318586 -5.36254250158246
2024-05-17T22:37:00.000 905.443453149350 -6642.670725188210 1065.576679094790 4.88666334960488 -0.28731792457692 -5.90190616905793
2024-05-17T22:41:00.000 2030.866561887580 -6468.229372867040 -372.570896595862 4.43441550522565 1.73190374549151 -6.00897728077483
2024-05-17T22:45:00.000 3008.045986338220 -5821.622148311510 -1783.466513151770 3.65901103969972 3.62314844894295 -5.67632604455093
2024-05-17T22:49:00.000 3765.889903601000 -4750.488187972630 -3063.974472743790 2.61798113628517 5.24795977714073 -4.92929343559287
2024-05-17T22:53:00.000 4249.534660829460 -3333.429657386890 -4120.778925892670 1.38811286254713 6.48839863981231 -3.82376981866364
2024-05-17T22:57:00.000 4424.252809313280 -1674.010908699100 -4877.183735174730 0.05931542473722 7.25558111972326 -2.44138667293004
2024-05-17T23:01:00.000 4277.793170016100 106.958813352109 -5278.533701298000 -1.27216074169589 7.49540287819928 -0.88301635243083
2024-05-17T23:05:00.000 3821.083905222420 1880.187233594370 -5295.963436388990 -2.51051496961776 7.19157739236380 0.73856977063530
2024-05-17T23:09:00.000 3087.342949115370 3517.099146762450 -4928.322484594310 -3.56683690386861 6.36627802399795 2.30649790039269
2024-05-17T23:13:00.000 2129.699683323450 4898.914905827880 -4202.221850652380 -4.36504258913760 5.07852028289241 3.70759215797850
2024-05-17T23:17:00.000 1017.477702860500 5925.093995202030 -3170.214704100590 -4.84706121498635 3.42049459922076 4.84010997850598
2024-05-17T23:21:00.000 -168.670275175938 6520.636481729580 -1907.163613171000 -4.97719076638142 1.51166543251269 5.62103956674088
2024-05-17T23:25:00.000 -1342.525294972170 6641.690085137080 -504.957588789356 -4.74510822933374 -0.50939344088008 5.99244912772821
2024-05-17T23:29:00.000 -2418.578893330450 6278.972506026800 934.117368809280 -4.16710081329578 -2.49496272460388 5.92626976229913
2024-05-17T23:33:00.000 -3318.357885656980 5458.630968962650 2304.907670738600 -3.28515067595638 -4.29944477597794 5.42686801575784
2024-05-17T23:37:00.000 -3976.244685057270 4240.370711170220 3507.197470258020 -2.16371225904293 -5.79055886248481 4.53074831845485
2024-05-17T23:41:00.000 -4344.314576845460 2713.034929711070 4453.128110498020 -0.88483111568950 -6.85932149022868 3.30369919308849
2024-05-17T23:45:00.000 -4395.819531861970 987.996060654426 5073.639140809430 0.45820904490033 -7.42806618541230 1.83555165465403
2024-05-17T23:49:00.000 -4127.054839459120 -809.036992902876 5323.442609547490 1.76782808168122 -7.45561709394357 0.23334106405293
2024-05-17T23:53:00.000 -3557.565392437540 -2547.122677884050 5184.239096768040 2.94896079544184 -6.93977130345240 -1.38636711326131
2024-05-17T23:57:00.000 -2728.748024831570 -4099.520594003660 4666.046336249320 3.91567786590045 -5.91757668101538 -2.90556555730928
2024-05-18T00:01:00.000 -1700.897887386410 -5352.869598411960 3806.531038503840 4.59735359934754 -4.46283690773741 -4.21321870936475
2024-05-18T00:05:00.000 -548.903878927203 -6215.470315129010 2668.372690947700 4.94378508392920 -2.68127083159973 -5.21322316803092
2024-05-18T00:09:00.000 643.168823905314 -6624.117381441030 1334.780755101910 4.92923811584285 -0.70318791752890 -5.83171471063073
2024-05-18T00:13:00.000 1788.256864782190 -6548.902527991310 -96.587411023542 4.55468169262034 1.32598431282255 -6.02299822794840
2024-05-18T00:17:00.000 2802.780349673260 -5995.522409267790 -1520.896851669180 3.84799884712126 3.25694929580570 -5.77336423201417
2024-05-18T00:21:00.000 3612.870030844760 -5004.795904091700 -2833.980203495730 2.86167335875352 4.94817970351896 -5.10200465395399
2024-05-18T00:25:00.000 4159.802834608990 -3649.490272353800 -3940.077205756970 1.66857721679493 6.27666254797126 -4.05927403080377
2024-05-18T00:29:00.000 4404.216237619400 -2028.747483965100 -4758.841880397410 0.35610814589740 7.14691431109308 -2.72236060653691
2024-05-18T00:33:00.000 4328.803191241360 -260.659273557901 -5231.063292914230 -0.98047297990900 7.49732844127649 -1.18905563672832
2024-05-18T00:37:00.000 3939.377843303220 1526.350519295590 -5322.751130396200 -2.24488319728359 7.30378890825960 0.42953207881027
2024-05-18T00:41:00.000 3264.324789228750 3202.693952005640 -5027.406442048600 -3.34635871759652 6.58068828133891 2.01671090786114
2024-05-18T00:45:00.000 2352.546001118210 4646.766471457390 -4366.425872783930 -4.20564402200883 5.37979868910639 3.45802283998536
2024-05-18T00:49:00.000 1270.038628011830 5753.566644718230 -3387.632810502590 -4.76036582443544 3.78699562966517 4.64895083599275
2024-05-18T00:53:00.000 95.272411894657 6442.284479409170 -2161.997740717620 -4.96964772820611 1.91690076900689 5.50233379754110
2024-05-18T00:57:00.000 -1086.402092254390 6662.311863766410 -778.644313382517 -4.81744118463197 -0.09490249953480 5.95504906457102
2024-05-18T01:01:00.000 -2188.940358389530 6397.141006941890 661.563517641455 -4.31412560259925 -2.10156897201768 5.97306569192702
2024-05-18T01:05:00.000 -3131.945135016930 5665.771088125470 2053.410882276820 -3.49613098868454 -3.95595989629737 5.55447123006524
2024-05-18T01:09:00.000 -3846.642837292780 4521.398470255490 3295.145505335080 -2.42325981891883 -5.52209870153776 4.72983193363892
2024-05-18T01:13:00.000 -4280.964244734330 3047.461280719370 4296.020471380150 -1.17399061846931 -6.68551762391760 3.55966372640355
2024-05-18T01:17:00.000 -4403.322381437490 1351.441840706040 4982.946185049140 0.16052415591038 -7.36149744993249 2.12965440989443
2024-05-18T01:21:00.000 -4204.865100994690 -443.041665105592 5305.790248328880 1.48317749906710 -7.50108289868899 0.54420698158175
2024-05-18T01:25:00.000 -3700.039997171410 -2205.248401139990 5240.950703190640 2.69804846782104 -7.09411518446070 -1.08132792391171
2024-05-18T01:29:00.000 -2925.525007377530 -3806.717740863300 4793.023210382050 3.71684635728125 -6.16967226797757 -2.62865997112563
2024-05-18T01:33:00.000 -1937.645880379680 -5130.535480200810 3994.530724707530 4.46515024081332 -4.79440436451852 -3.98473812319635
2024-05-18T01:37:00.000 -808.355120160254 -6079.880103253890 2903.669788487050 4.88796740642197 -3.06813362825922 -5.05000193679632
2024-05-18T01:41:00.000 379.960719717794 -6585.202532156170 1600.156772628850 4.95394314009945 -1.11698209204220 -5.74583555927365
2024-05-18T01:45:00.000 1540.516297051520 -6609.490150728380 179.424182804706 4.65806597896635 0.91571965832304 -6.02078057363148
2024-05-18T01:49:00.000 2588.578409258720 -6151.116583986940 -1254.458180369780 4.02235522010662 2.88036645909293 -5.85483321945010
2024-05-18T01:53:00.000 3447.782488548930 -5243.937619323860 -2596.576729933160 3.09406515062595 4.63278331172037 -5.26096999318200
2024-05-18T01:57:00.000 4055.777355939940 -3954.642125570190 -3748.990180826750 1.94189921132273 6.04530070860069 -4.28387352466548
2024-05-18T02:01:00.000 4368.721913616550 -2377.617984201510 -4627.916678856750 0.65039616048032 7.01611726328219 -2.99602448334797
2024-05-18T02:05:00.000 4364.325875695000 -627.859045418991 -5169.734683948670 -0.68654016379240 7.47625657306627 -1.49182972652855
2024-05-18T02:09:00.000 4043.275052347430 1167.467447639480 -5335.403763325060 -1.97246236278680 7.39372030336019 0.11951927051504
2024-05-18T02:13:00.000 3429.040874125780 2878.139047374080 -5113.096593604360 -3.11501753165032 6.77510607312381 1.72175649844751
2024-05-18T02:17:00.000 2566.148149928740 4380.089478629470 -4518.949997301770 -4.03207864332450 5.66480686353042 3.19941087777282
2024-05-18T02:21:00.000 1517.050233419540 5564.179566861280 -3595.946540478690 -4.65724177754605 4.14218101332486 4.44550986751184
2024-05-18T02:25:00.000 357.759986353451 6344.036224448180 -2410.971529593870 -4.94461615789674 2.31657460830896 5.36904482683868
2024-05-18T02:29:00.000 -827.531264027788 6662.434924259990 -1050.145373668490 -4.87245006688296 0.32017285328927 5.90178080227537
2024-05-18T02:33:00.000 -1952.546502999310 6495.699527192850 387.346479425257 -4.44529424406002 -1.70139604573784 6.00386785475551
2024-05-18T02:37:00.000 -2935.269704930120 5855.620311017670 1796.520536796670 -3.69391444170246 -3.60006440952245 5.66717120854034
2024-05-18T02:41:00.000 -3704.021522464660 4788.695971808250 3074.359288524020 -2.67315652946339 -5.23654618348043 4.91613812908387
2024-05-18T02:45:00.000 -4202.775396591400 3372.710362832620 4127.460651302850 -1.45775024351251 -6.49108227363573 3.80590986623706
2024-05-18T02:49:00.000 -4395.249485341470 1710.932348575430 4878.917862139660 -0.13643950736497 -7.27233454197085 2.41786879375767
2024-05-18T02:53:00.000 -4267.484676405020 -75.509255518486 5273.883498274230 1.19462322320364 -7.52362007901559 0.85333076241422
2024-05-18T02:57:00.000 -3828.800404167320 -1856.444417669750 5283.503141370660 2.43877935116006 -7.22672025512060 -0.77373227822900
2024-05-18T03:01:00.000 -3111.078452911750 -3502.078286131680 4906.968959770730 3.50575274210939 -6.40288877857606 -2.34495439375670
2024-05-18T03:05:00.000 -2166.486164923840 -4892.324083161250 4171.593550576230 4.31774676922391 -5.11137685417425 -3.74571763963793
2024-05-18T03:09:00.000 -1063.792810316500 -5925.534899278230 3130.934073445370 4.81509933858122 -3.44576477691332 -4.87326814291464
2024-05-18T03:13:00.000 116.577459761701 -6526.037750872300 1861.003098569890 4.96101411378662 -1.52762879802033 -5.64446262923798
2024-05-18T03:17:00.000 1288.431271993670 -6649.831577259980 454.746188880697 4.74455660845639 0.50227909675234 -6.00226427933388
2024-05-18T03:21:00.000 2366.191769897800 -6287.963998605040 -984.823994352020 4.18180631494035 2.49454167221802 -5.92042754052172
2024-05-18T03:25:00.000 3271.286087028900 -5467.209109736880 -2352.338464903760 3.31465138653139 4.30282122174729 -5.40566262278097
2024-05-18T03:29:00.000 3937.964638872000 -4247.952796735230 -3547.938698145920 2.20732992550144 5.79513122419975 -4.49682330880225
2024-05-18T03:33:00.000 4318.077152523330 -2719.533648256790 -4484.634623239890 0.94127420579322 6.86366879579891 -3.26152214738891
2024-05-18T03:37:00.000 4384.441759147470 -993.482480108035 -5094.565839026170 -0.39132427062874 7.43229232213771 -1.79047808286456
2024-05-18T03:41:00.000 4132.626171112540 804.685430726851 -5333.737959943750 -1.69420546402157 7.46118870167993 -0.19064067508203
2024-05-18T03:45:00.000 3581.115839746990 2544.500059539100 -5185.011499386890 -2.87372878045193 6.94902023298326 1.42244750070434
2024-05-18T03:49:00.000 2769.924450215210 4099.786201246390 -4659.224778845330 -3.84513994807267 5.93269097372510 2.93250433582482
2024-05-18T03:53:00.000 1757.764887709260 5357.588741321750 -3794.424801202710 -4.53825334492527 4.48487191761012 4.23036147721789
2024-05-18T03:57:00.000 617.945572326273 6226.244381563410 -2653.249345557980 -4.90236698618745 2.70937961232790 5.22146290295344
2024-05-18T04:01:00.000 -566.796920868250 6642.100237901160 -1318.582161809140 -4.91017697668994 0.73453029241536 5.83274221598763
2024-05-18T04:05:00.000 -1710.255187311280 6574.368420490190 112.343327638334 -4.56032816711649 -1.29578551026778 6.01853663291406
2024-05-18T04:09:00.000 -2729.082444172670 6027.598159103430 1535.045235457990 -3.87790929859177 -3.23288400397946 5.76454896218433
2024-05-18T04:13:00.000 -3548.971792901890 5041.454797905470 2845.525839163900 -2.91269351255561 -4.93469008051345 5.08910054139188
2024-05-18T04:17:00.000 -4110.160581590150 3687.811314621370 3947.987684044130 -1.73531222171529 -6.27659293281332 4.04175150980029
2024-05-18T04:21:00.000 -4371.805776540500 2065.399426563620 4761.905422150240 -0.43178170352555 -7.16076107400330 2.69934992702456
2024-05-18T04:25:00.000 -4314.913137468700 292.498117423201 5227.881269290190 0.90296608190817 -7.52305349950172 1.15998674396005
2024-05-18T04:29:00.000 -3943.653696300660 -1501.710428012140 5311.892395710860 2.17197872282238 -7.33722460048488 -0.46425058862512
2024-05-18T04:33:00.000 -3285.022249967460 -3186.476802687520 5007.713985031800 3.28313387896527 -6.61653179712037 -2.05515273458164
2024-05-18T04:37:00.000 -2386.891371722660 -4638.908964876360 4337.391702767480 4.15557732514209 -5.41281372644282 -3.49673992076449
2024-05-18T04:41:00.000 -1314.615090163690 -5752.872853241960 3349.719916605320 4.72538100316508 -3.81314971180800 -4.68342444311061
2024-05-18T04:45:00.000 -146.356658732613 -6446.810454459210 2116.799458381790 4.95043333225444 -1.93407704439806 -5.52780354622934
2024-05-18T04:49:00.000 1032.596801877870 -6669.870680783820 728.833656659606 4.81393559772485 0.08662163474032 -5.96745106860231
2024-05-18T04:53:00.000 2136.145244291070 -6405.795580488690 -712.519442197307 4.32598585641558 2.10029120738493 -5.96998607575561
2024-05-18T04:57:00.000 3083.798444017340 -5674.170240651180 -2101.733701699750 3.52292216163734 3.95887808626343 -5.53579008523443
2024-05-18T05:01:00.000 3806.655377973330 -4528.870464646300 -3337.314558231500 2.46432105904766 5.52651584126822 -4.69778579476133
2024-05-18T05:05:00.000 4252.434903246820 -3053.879773044690 -4329.298472523470 1.22815815055523 6.68971344292382 -3.51844668928420
2024-05-18T05:09:00.000 4389.166324028290 -1356.909297651790 -5005.760427155120 -0.09538082753801 7.36534200518509 -2.08459102719278
2024-05-18T05:13:00.000 4207.322674557280 438.574898059267 -5317.864856744100 -1.41057534095848 7.50588238049659 -0.50060877356420
2024-05-18T05:17:00.000 3720.345178529980 2202.260916871340 -5243.196334136740 -2.62283757328925 7.10204686787648 1.11900597117430
2024-05-18T05:21:00.000 2963.598529197820 3806.244565962420 -4787.246434915220 -3.64507392031536 6.18303137243249 2.65750102876230
2024-05-18T05:25:00.000 1991.863391820070 5134.073905212520 -3983.015657012220 -4.40350993710297 4.81457964388275 4.00369536914781
2024-05-18T05:29:00.000 875.500628933172 6089.065260250540 -2888.740902683980 -4.84286552310707 3.09477935770488 5.05971195330896
2024-05-18T05:33:00.000 -304.502869361514 6601.335601165400 -1583.848228170970 -4.93046173572014 1.14766427603952 5.74793459555661
2024-05-18T05:37:00.000 -1462.330191329040 6633.066961281480 -163.342517708107 -4.65906221465486 -0.88516974987950 6.01706578238432
2024-05-18T05:41:00.000 -2513.603114712000 6181.514208328830 1269.085234685470 -4.04789606893205 -2.85490099520707 5.84657425951894
2024-05-18T05:45:00.000 -3381.641325417770 5279.365298830180 2608.730225780030 -3.14147758212488 -4.61701452950069 5.24861085456743
2024-05-18T05:49:00.000 -4003.156215155870 3992.352800520490 3757.653253829330 -2.00616466790888 -6.04240884706178 4.26703116801173
2024-05-18T05:53:00.000 -4332.901155579480 2414.352632737940 4631.918729109480 -0.72495829079732 -7.02710078297997 2.97387992762503
2024-05-18T05:57:00.000 -4346.921897496940 660.421228789432 5167.713374447050 0.60880567093985 -7.49958239489873 1.46372222040138
2024-05-18T06:01:00.000 -4044.232641301430 -1141.624658292170 5325.930141376700 1.89820413170513 -7.42561455967965 -0.15337239752541
2024-05-18T06:05:00.000 -3446.848193440650 -2860.472092230750 5094.952509236960 3.04962739035070 -6.81043139163225 -1.75976277463279
2024-05-18T06:09:00.000 -2598.192723298430 -4370.772810727270 4491.487630030540 3.97931442507927 -5.69823293668045 -3.23840433293153
2024-05-18T06:13:00.000 -1560.011254158220 -5562.210991773410 3559.438912068550 4.61927071940427 -4.16941002406061 -4.48109587197846
2024-05-18T06:17:00.000 -407.961678703188 -6347.598802456210 2366.817010021960 4.92231999150719 -2.33522269174892 -5.39639800362065
2024-05-18T06:21:00.000 773.876373212989 -6669.398235906060 1000.846676532280 4.86594296082456 -0.32998447891839 -5.91669705324300
2024-05-18T06:25:00.000 1899.196434071450 -6504.097786330130 -438.439061609983 4.45427902283296 1.69886075423178 -6.00360524207931
2024-05-18T06:29:00.000 2885.895839493400 -5864.021339763470 -1845.647823472350 3.71798974403457 3.60208767107258 -5.65116713080359
2024-05-18T06:33:00.000 3662.183782335110 -4796.347868151690 -3117.919729544410 2.71176071094468 5.24035726001356 -4.88625552959976
2024-05-18T06:37:00.000 4171.847805899710 -3379.430902208700 -4162.558832322460 1.50982319452694 6.49483475967152 -3.76605358476001
2024-05-18T06:41:00.000 4378.252001933780 -1716.818121706700 -4903.763046995100 0.20003470527129 7.27560006769134 -2.37320654359850
2024-05-18T06:45:00.000 4266.826444445650 70.451072616878 -5287.983394619260 -1.12272188902677 7.52755968632101 -0.80931231978985
2024-05-18T06:49:00.000 3845.937978399610 1852.626379553130 -5287.588668571840 -2.36327755078335 7.23351205085280 0.81251035005308
2024-05-18T06:53:00.000 3146.189857159220 3500.468422023860 -4902.708331883880 -3.43253148480212 6.41485715733677 2.37534667147764
2024-05-18T06:57:00.000 2218.239359412950 4894.381901007870 -4161.199802240240 -4.25340958482496 5.13012961731959 3.76635698594561
2024-05-18T07:01:00.000 1129.260189972700 5932.931662938100 -3116.738977112900 -4.76618560828961 3.47134225707568 4.88448396013541
2024-05-18T07:05:00.000 -41.784235622275 6540.212014708110 -1845.103778813560 -4.93297672387052 1.55802909037951 5.64775847172684
2024-05-18T07:09:00.000 -1209.778507262640 6671.505774027460 -438.815052720684 -4.74077685223152 -0.47096212465803 5.99953344014699
2024-05-18T07:13:00.000 -2289.634474624130 6316.766315351390 999.525971822383 -4.20291239339394 -2.46731208380250 5.91308460776017
2024-05-18T07:17:00.000 -3202.586742134140 5501.565365687520 2364.789073507550 -3.35844199399260 -4.28449632926142 5.39426592457040
2024-05-18T07:21:00.000 -3882.051204102980 4285.261135468950 3557.146357110100 -2.26913427456240 -5.78929227157738 4.48108452341251
2024-05-18T07:25:00.000 -4278.529780552160 2756.577217344920 4489.462239327720 -1.01469914917301 -6.87174284269669 3.24060539167980
2024-05-18T07:29:00.000 -4363.203510727730 1027.002488702000 5093.672913661980 0.31335886424959 -7.45319938698801 1.76364086339027
2024-05-18T07:33:00.000 -4129.954983358820 -777.405133897691 5325.681163655310 1.61851081950650 -7.49155331710293 0.15787616725843
2024-05-18T07:37:00.000 -3595.752925267190 -2525.154677922620 5168.497643719110 2.80601105615067 -6.98388126506056 -1.45980364342954
2024-05-18T07:41:00.000 -2799.428504849240 -4088.807611696670 4633.467779730590 3.78951348379794 -5.96668646660080 -2.97157685751328
2024-05-18T07:45:00.000 -1798.907005445930 -5354.188320523060 3759.493094253330 4.49717078875455 -4.51338570136416 -4.26695741251284
2024-05-18T07:49:00.000 -667.084851665288 -6228.729873261540 2610.317879398230 4.87690269420886 -2.72963225113363 -5.25072560420506
2024-05-18T07:53:00.000 513.448931590175 -6648.370217316380 1269.960086693870 4.90055437564531 -0.74588261130066 -5.85025023551353
2024-05-18T07:57:00.000 1656.478498489190 -6582.407313855450 -163.432226688297 4.56631820180608 1.29205389350521 -6.02122687511206
2024-05-18T08:01:00.000 2678.576043427690 -6035.868533835820 -1584.877789046960 3.89909254328321 3.23420142973945 -5.75142422469658
2024-05-18T08:05:00.000 3505.318880721570 -5049.092746681740 -2890.427296775630 2.94851304869264 4.93819711378383 -5.06156434184704
2024-05-18T08:09:00.000 4076.776528411060 -3694.568650755100 -3984.891543597560 1.78486531590803 6.28018272860420 -4.00338291370944
2024-05-18T08:13:00.000 4351.803495901360 -2071.366209267820 -4788.791713294940 0.49336336347379 7.16378767850461 -2.65513651374908
2024-05-18T08:17:00.000 4310.850242255920 -297.730396554135 -5243.997869029860 -0.83233412141175 7.52640672363615 -1.11533915530210
2024-05-18T08:21:00.000 3957.201302541940 1497.519494230920 -5317.740867816550 -2.09671565166936 7.34295540063520 0.50445743864343
2024-05-18T08:25:00.000 3316.623679360400 3184.190157531740 -5004.806765834280 -3.20899263225185 6.62704143367483 2.08748386285884
2024-05-18T08:29:00.000 2435.503949239460 4639.905163169640 -4327.854607508180 -4.08907400255690 5.42985933091925 3.51952874968439
2024-05-18T08:33:00.000 1377.611016656500 5758.795443088050 -3335.871034758380 -4.67306813256045 3.83705833041282 4.69669150981398
2024-05-18T08:37:00.000 219.625450711666 6459.156301224390 -2100.793829713850 -4.91795765013863 1.96326740081676 5.53278205562465
2024-05-18T08:41:00.000 -954.321575195407 6689.527033892830 -712.451214130728 -4.80513814656152 -0.05560052978057 5.96591466513406
2024-05-18T08:45:00.000 -2058.756740080150 6432.645140869500 727.915684259448 -4.34213679618088 -2.07222739423397 5.96350470244258
2024-05-18T08:49:00.000 -3013.143115237190 5706.900008725240 2115.063664901780 -3.56238128353874 -3.93870667360274 5.52509956440782
2024-05-18T08:53:00.000 -3747.868795068600 4565.087584131070 3347.566537892870 -2.52287898849251 -5.51813613782316 4.68273534084072
2024-05-18T08:57:00.000 -4209.393414489580 3090.477132250830 4335.340219316560 -1.29967640220570 -6.69503592118240 3.49825346024050
2024-05-18T09:01:00.000 -4364.143046844650 1390.624220493650 5006.252485654550 0.01793686474419 -7.38371889655166 2.05844216382128
2024-05-18T09:05:00.000 -4200.901241245510 -410.555524988295 5311.346398725000 1.33409041294870 -7.53430440131087 0.46841195336040
2024-05-18T09:09:00.000 -3731.558184228730 -2181.813749023760 5228.322687335300 2.55324722124983 -7.13585841395278 -1.15612641816963
2024-05-18T09:13:00.000 -2990.224220797630 -3794.025851121030 4763.122014387520 3.58682383776844 -6.21691746077241 -2.69690223197262
2024-05-18T09:17:00.000 -2030.813932520020 -5129.510818852690 3949.550871202630 4.35938861366246 -4.84380221651000 -4.04137581003011
2024-05-18T09:21:00.000 -923.198353597554 -6090.616965227680 2846.917610518750 4.81421947785229 -3.11616084996558 -5.09086252107678
2024-05-18T09:25:00.000 251.829760604079 -6606.956919451110 1535.804146123710 4.91765079029730 -1.16021678275649 -5.76792815659874
2024-05-18T09:29:00.000 1408.470093673090 -6640.731221040630 112.194621612170 4.66193684961377 0.88037624851501 -6.02252538320404
2024-05-18T09:33:00.000 2462.283997996000 -6189.633771582800 -1319.641780709080 4.06613189975929 2.85543187552442 -5.83615747946631
2024-05-18T09:37:00.000 3336.496997477320 -5287.002952929980 -2654.960017076370 3.17459885913561 4.62005162565408 -5.22333913888241
2024-05-18T09:41:00.000 3967.668195508120 -3999.194311552910 -3796.339188560020 2.05331808900069 6.04572439504360 -4.23012913969707
2024-05-18T09:45:00.000 4310.265107882370 -2420.478064049730 -4660.825390235430 0.78456579766979 7.02972417158508 -2.93018346148825
2024-05-18T09:49:00.000 4339.832546804700 -665.948414455268 -5185.868530759760 -0.53942216148716 7.50219132581335 -1.41872921028480
2024-05-18T09:53:00.000 4054.568454383390 1136.913645903330 -5333.641141294660 -1.82319467987754 7.43020408146834 0.19467164026453
2024-05-18T09:57:00.000 3475.318848217000 2857.346800132210 -5093.585198995050 -2.97453642840328 6.81946258881150 1.79362438520566
2024-05-18T10:01:00.000 2644.049671825870 4370.561536044300 -4483.103651160770 -3.91064547474847 5.71372790151320 3.26284303996098
2024-05-18T10:05:00.000 1620.905921127310 5566.575302016270 -3546.358513458590 -4.56370888458736 4.19200317597566 4.49588575063712
2024-05-18T10:09:00.000 480.012947515829 6358.130095108160 -2351.243032129640 -4.88577781224843 2.36364146698105 5.40264916098569
2024-05-18T10:13:00.000 -695.777893934568 6687.146561407550 -984.626032483584 -4.85259878190088 0.36104170760396 5.91613264134482
2024-05-18T10:17:00.000 -1820.878927281910 6529.173445667960 453.874860539500 -4.46585782140365 -1.66967970444241 5.99786735704518
2024-05-18T10:21:00.000 -2813.269502771420 5895.373704608410 1859.194819422890 -3.75342475186853 -3.57977336031600 5.64125032087832
2024-05-18T10:25:00.000 -3600.570823433930 4831.790089221400 3128.594729969460 -2.76727311083121 -5.22916665325683 4.87216050790482
2024-05-18T10:29:00.000 -4125.399016052910 3415.966491404290 4169.278461424130 -1.57959604939003 -6.49710779866756 3.74703582231449
2024-05-18T10:33:00.000 -4349.574536019460 1751.172582298880 4905.237730930100 -0.27715483040811 -7.29127790836245 2.34838540129774
2024-05-18T10:37:00.000 -4256.828376650950 -41.231389668369 5282.758769928410 1.04530507614090 -7.55405279397096 0.77833765296915
2024-05-18T10:41:00.000 -3853.924324875990 -1830.628846951480 5274.266597909290 2.29174469957798 -7.26636022393321 -0.84873825522488
2024-05-18T10:45:00.000 -3170.146373847730 -3486.595720917560 4880.286274378590 3.37163911252253 -6.44883755403896 -2.41443083747528
2024-05-18T10:49:00.000 -2255.204946564280 -4888.301050608720 4129.421714558080 4.20627745212718 -5.16035882589459 -3.80451312567008
2024-05-18T10:53:00.000 -1175.711722067790 -5933.288003651270 3076.375979179850 4.73442987519598 -3.49432666529418 -4.91706035006182
2024-05-18T10:57:00.000 -10.387019467614 -6545.046475821410 1798.070037072630 4.91708288672642 -1.57231157924122 -5.67003168394796
2024-05-18T11:01:00.000 1155.689507810070 -6678.780061345520 388.061940374889 4.74065360216772 0.46462643400008 -6.00777787812654
2024-05-18T11:05:00.000 2237.382261770490 -6324.827611875870 -1050.377828557350 4.21828643208239 2.46663749624776 -5.90556627518629
2024-05-18T11:09:00.000 3155.842833133510 -5509.389236101040 -2411.983052462600 3.38888006996584 4.28668720924856 -5.37160021669410
2024-05-18T11:13:00.000 3844.354354249150 -4292.464545432390 -3597.351660462720 2.31393228078592 5.79196568966867 -4.44616312885641
2024-05-18T11:17:00.000 4253.178606125000 -2763.206350678560 -4520.265081077250 1.07246796699810 6.87380126424217 -3.19803590116898
2024-05-18T11:21:00.000 4353.034730929550 -1033.181202409350 -5113.877455307390 -0.24513784468283 7.45509045316994 -1.71880462880001
2024-05-18T11:25:00.000 4137.038360049980 771.830694051835 -5335.381489239400 -1.54373412449259 7.49509310221350 -0.11596748802040
2024-05-18T11:29:00.000 3621.050500438440 2520.882877758420 -5168.903881486460 -2.72999936944610 6.99162407196940 1.49482750431150
2024-05-18T11:33:00.000 2842.484111826820 4087.126125170040 -4626.536946132120 -3.71865875559029 5.98082067700696 2.99746252198854
2024-05-18T11:37:00.000 1857.671200371800 5356.783003018790 -3747.512395611820 -4.43823478022916 4.53490240724244 4.28321416435010
2024-05-18T11:41:00.000 737.932536696117 6237.300174523380 -2595.506250047170 -4.83606585906452 2.75758682272844 5.25829448431283
2024-05-18T11:45:00.000 -435.454220293242 6664.155791073760 -1254.212175682230 -4.88243031503809 0.77743376272242 5.85079167048755
2024-05-18T11:49:00.000 -1577.114034326780 6605.767886341200 178.643963584655 -4.57317948668475 -1.26130395200687 6.01647456306606
2024-05-18T11:53:00.000 -2603.830888280650 6066.003254159680 1598.434911558450 -3.93039506533526 -3.20934008266541 5.74249671005818
2024-05-18T11:57:00.000 -3440.714073544850 5084.021089359170 2901.368459698340 -3.00095393423466 -4.92376153489138 5.04864369966864
2024-05-18T12:00:00.000 -3906.443729289540 4099.308128563290 3744.055642001140 -2.15604446422793 -5.97982328539667 4.28226234601334
