CCSDS_OEM_VERS = 2.0
CREATION_DATE  = 2024-06-05T16:07:04.352
ORIGINATOR     = NASA/JSC/FOD/TOPO

META_START
OBJECT_NAME          = ISS
OBJECT_ID            = 1998-067-A
CENTER_NAME          = Earth
REF_FRAME            = EME2000
TIME_SYSTEM          = UTC
START_TIME           = 2024-06-05T10:00:00.000
USEABLE_START_TIME   = 2024-06-05T10:00:00.000
USEABLE_STOP_TIME    = 2024-06-20T10:00:00.000
STOP_TIME            = 2024-06-20T10:00:00.000
META_STOP

COMMENT Source: This file was produced by the TOPO office within FOD at JSC.
COMMENT Units are in kg and m^2
COMMENT MASS=460824.00
COMMENT DRAG_AREA=1693.50
COMMENT DRAG_COEFF=2.40
COMMENT SOLAR_RAD_AREA=0.00
COMMENT SOLAR_RAD_COEFF=0.00
COMMENT Orbits start at the ascending node epoch
COMMENT ISS first asc. node: EPOCH = 2024-06-05T11:13:34.858 $ ORBIT = 1673 $ LAN(DEG) = -49.39398
COMMENT ISS last asc. node : EPOCH = 2024-06-20T08:35:25.054 $ ORBIT = 1904 $ LAN(DEG) = -98.34096
COMMENT Begin sequence of events
COMMENT TRAJECTORY EVENT SUMMARY:
COMMENT 
COMMENT |       EVENT        |       TIG        | ORB |   DV    |   HA    |   HP    |
COMMENT |                    |       GMT        |     |   M/S   |   KM    |   KM    |
COMMENT |                    |                  |     |  (F/S)  |  (NM)   |  (NM)   |
COMMENT =============================================================================
COMMENT  CFT_Launch            157:14:52:15.000             0.0     415.7     412.1
COMMENT                                                    (0.0)   (224.5)   (222.5)
COMMENT 
COMMENT  CFT_Dock              158:16:15:56.000             0.0     415.7     411.7
COMMENT                                                    (0.0)   (224.5)   (222.3)
COMMENT 
COMMENT  GMT 160 Cygnus Reboo  160:15:52:00.000             1.1     415.7     411.2
COMMENT                                                    (3.6)   (224.5)   (222.0)
COMMENT 
COMMENT  CFT_Undock            166:06:45:00.000             0.0     417.6     412.0
COMMENT                                                    (0.0)   (225.5)   (222.5)
COMMENT 
COMMENT  GMT167 Reboost        167:04:10:00.000             1.4     417.9     411.6
COMMENT                                                    (4.6)   (225.7)   (222.2)
COMMENT 
COMMENT =============================================================================
COMMENT End sequence of events
2024-06-05T10:00:00.000 836.486972079492 4370.438079922050 5127.792166067430 -7.47380870414837 -0.46940989216134 1.61782594934600
2024-06-05T10:04:00.000 -965.846078234714 4100.250192316550 5324.375720649080 -7.45395793447530 -1.76834845923448 0.01042803366064
2024-06-05T10:08:00.000 -2697.952480293270 3531.949660553130 5132.747381212530 -6.89215419136819 -2.93861194130194 -1.59759490714037
2024-06-05T10:12:00.000 -4233.866475532110 2706.822449928170 4566.829986579060 -5.82889422898583 -3.89555412624725 -3.08964101542622
2024-06-05T10:16:00.000 -5461.746312730660 1684.766771177480 3667.722397895910 -4.34073434259574 -4.56963186679906 -4.35717670977065
2024-06-05T10:20:00.000 -6291.973569631910 540.048531787683 2500.829537707390 -2.53530949248292 -4.91139829241303 -5.30741990553895
2024-06-05T10:24:00.000 -6663.794040005410 -644.013770674115 1151.223269452840 -0.54410305628863 -4.89541978655122 -5.87033695782621
2024-06-05T10:28:00.000 -6549.932267067690 -1781.135996940210 -282.527329699798 1.48712939847665 -4.52262163432764 -6.00426625984130
2024-06-05T10:32:00.000 -5958.710494640920 -2788.452439266540 -1695.632022881060 3.40940505961815 -3.82040109792794 -5.69939187797569
2024-06-05T10:36:00.000 -4933.441713180240 -3592.663288423410 -2984.877359551960 5.08202418312255 -2.84054511711115 -4.97857045846177
2024-06-05T10:40:00.000 -3549.118373091830 -4135.423502401320 -4056.278380055600 6.38333531093267 -1.65504359112775 -3.89528399108824
2024-06-05T10:44:00.000 -1906.746543227280 -4377.534209379620 -4831.936406788620 7.21947830564913 -0.35043930904515 -2.52920068017264
2024-06-05T10:48:00.000 -125.857601190980 -4301.671349498950 -5255.606621523260 7.53077444130450 0.97866362167183 -0.97993704370432
2024-06-05T10:52:00.000 1664.176826547050 -3913.499226920340 -5296.617476810700 7.29527313853878 2.23639773290533 0.64027367419390
2024-06-05T10:56:00.000 3333.382939651740 -3241.193343820100 -4951.975828775030 6.52990974299488 3.33210148608234 2.21432824725805
2024-06-05T11:00:00.000 4760.427968088610 -2333.440612250030 -4246.583381269160 5.28937921976685 4.18649510286172 3.62820620566949
2024-06-05T11:04:00.000 5841.316264894290 -1256.026614216210 -3231.543063480370 3.66269956904870 4.73722838655566 4.77887665079349
2024-06-05T11:08:00.000 6496.981609401560 -87.193053405871 -1980.611718875240 1.76744473491188 4.94352096451443 5.58176538825320
2024-06-05T11:12:00.000 6679.231330879390 1087.975912426550 -584.968175194157 -0.25819899688192 4.78961613405681 5.97726526040936
2024-06-05T11:16:00.000 6374.492544448900 2183.810663410630 853.433052588483 -2.26579246590313 4.28643509965782 5.93582470410576
2024-06-05T11:20:00.000 5604.916702512010 3120.406728784860 2229.421546700580 -4.10798075529659 3.47080692999710 5.46039131939921
2024-06-05T11:24:00.000 4426.750642399160 3829.548549875300 3442.439705362680 -5.64982020398762 2.40268042351870 4.58618420289461
2024-06-05T11:28:00.000 2926.096290988030 4259.731170016760 4403.989480764380 -6.77902805529000 1.16043800707592 3.37778060213796
2024-06-05T11:32:00.000 1212.446396465540 4379.869721189120 5044.087775603970 -7.41408803150023 -0.16523522119340 1.92387593789700
2024-06-05T11:36:00.000 -589.400957979084 4181.443663057970 5316.265188352630 -7.50963986851340 -1.47813275935175 0.33048908912369
2024-06-05T11:40:00.000 -2348.394346969930 3679.002594036620 5200.813954426220 -7.05917143057388 -2.68333235864973 -1.28670268702269
2024-06-05T11:44:00.000 -3936.625971456330 2909.067746493220 4706.139980067180 -6.09522471096143 -3.69370001504269 -2.81046078597470
2024-06-05T11:48:00.000 -5238.488364316380 1927.532302489020 3868.163293057900 -4.68719389641390 -4.43588888221712 -4.13006460776956
2024-06-05T11:52:00.000 -6159.020181345150 805.698209740917 2747.818871872930 -2.93680497337091 -4.85563849578854 -5.14901947570119
2024-06-05T11:56:00.000 -6630.907582116530 -374.824144167361 1426.755236595050 -0.97137457947300 -4.92188499393292 -5.79237186998371
2024-06-05T12:00:00.000 -6619.552406144820 -1528.039122903050 1.418885046958 1.06545112615734 -4.62943174978785 -6.01254399907859
2024-06-05T12:04:00.000 -6125.750229657760 -2569.898968714940 -1424.019780246720 3.02424229261652 -3.99967264712912 -5.79325202599632
2024-06-05T12:08:00.000 -5185.682331686800 -3424.557765645460 -2745.422649181540 4.76151924691617 -3.07907755264599 -5.15101826434914
2024-06-05T12:12:00.000 -3868.136142480490 -4029.962475897860 -3866.419511279320 6.15073845778620 -1.93534344233811 -4.13358172169598
2024-06-05T12:16:00.000 -2269.292433976110 -4342.334973383630 -4705.463754189090 7.09152101791731 -0.65208290146330 -2.81588251393432
2024-06-05T12:20:00.000 -505.567314835577 -4339.246091998820 -5201.680263311840 7.51653799551995 0.67752946996576 -1.29412889859571
2024-06-05T12:24:00.000 1294.874313473370 -4021.103624481720 -5319.135853253070 7.39571047425417 1.95748584574535 0.32128865190781
2024-06-05T12:28:00.000 3001.306475296400 -3411.030061027470 -5049.314028773980 6.73782806539020 3.09556210650005 1.91360210734657
2024-06-05T12:32:00.000 4489.732414966190 -2553.207020977520 -4411.700459480430 5.58988960733988 4.00949788180974 3.36755911349778
2024-06-05T12:36:00.000 5651.751346818230 -1509.782759618930 -3452.464231423740 4.03418245707363 4.63272947578413 4.57735491429777
2024-06-05T12:40:00.000 6402.441200163460 -356.494101847278 -2241.268177854150 2.18299819043404 4.91931307382386 5.45422337623363
2024-06-05T12:44:00.000 6686.694687324640 822.756617484700 -866.343997783631 0.17103645262382 4.84764607622711 5.93323617787807
2024-06-05T12:48:00.000 6483.455055481170 1942.021121904160 571.907541391497 -1.85441166391742 4.42243511745608 5.97861127048236
2024-06-05T12:52:00.000 5807.431425804260 2919.665550921050 1968.326248189020 -3.74453576707523 3.67477819094869 5.58680224236730
2024-06-05T12:56:00.000 4708.037375951780 3684.470807314150 3220.845993418890 -5.36085881828344 2.65972438625346 4.78691562006793
2024-06-05T13:00:00.000 3265.624419607510 4180.862529112390 4238.059160899050 -6.58559742418783 1.45174898377050 3.63804804925869
2024-06-05T13:04:00.000 1585.462908800550 4372.915607172540 4945.893059300400 -7.33011754214911 0.13908072685897 2.22461268712035
2024-06-05T13:08:00.000 -210.043389739355 4246.877583103610 5292.936034757030 -7.54107601434665 -1.18288016809736 0.64983046468893
2024-06-05T13:12:00.000 -1990.282380949600 3812.058100373120 5254.043058241110 -7.20370783864251 -2.41849289286920 -0.97194970683910
2024-06-05T13:16:00.000 -3625.809170580130 3100.085759506760 4832.059633384590 -6.34242707943258 -3.47846000564944 -2.52315338317757
2024-06-05T13:20:00.000 -4997.603377595750 2162.646635286700 4057.624383594770 -5.01922289575405 -4.28591531905248 -3.89110179631088
2024-06-05T13:24:00.000 -6005.649335273230 1067.822026337600 2987.035198939470 -3.32960750771545 -4.78192382595677 -4.97591481207787
2024-06-05T13:28:00.000 -6576.272336061740 -104.764742749388 1698.286343089280 -1.39633461830538 -4.92988980112357 -5.69784876989739
2024-06-05T13:32:00.000 -6667.674399445610 -1269.719456750930 285.442551658084 0.63936972979588 -4.71867259687564 -6.00362345656626
2024-06-05T13:36:00.000 -6273.123188726720 -2342.152020172180 -1148.261846048080 2.62832949193214 -4.16362156789310 -5.87061407245644
2024-06-05T13:40:00.000 -5421.522428244800 -3243.962333777270 -2498.069097475910 4.42471664115303 -3.30562786320307 -5.30888604142481
2024-06-05T13:44:00.000 -4175.212558290590 -3909.625783776060 -3665.500361098730 5.89750266077188 -2.20786827664367 -4.36027312910709
2024-06-05T13:48:00.000 -2625.223315825160 -4290.959623949170 -4565.590341768940 6.94008651791875 -0.95072879108741 -3.09478609433634
2024-06-05T13:52:00.000 -884.465990917043 -4360.524311826770 -5133.007598186370 7.47771508062081 0.37440279176214 -1.60495228987064
2024-06-05T13:56:00.000 920.525753792638 -4113.476754109190 -5326.652198820290 7.47221571813947 1.67173003043637 0.00105321095098
2024-06-05T14:00:00.000 2658.694024520870 -3567.820068178350 -5132.501109285380 6.92421124709955 2.84776947363358 1.60707573306040
2024-06-05T14:04:00.000 4203.781643412530 -2763.079398479630 -4564.568199011930 5.87285416354331 3.81764224310674 3.09695660855536
2024-06-05T14:08:00.000 5443.333738394130 -1757.536644359660 -3663.956205482690 4.39342156274903 4.51085924373306 4.36243080410487
2024-06-05T14:12:00.000 6286.841895442030 -624.138127928298 -2496.027579049720 2.59252569453988 4.87647856661331 5.31083563308274
2024-06-05T14:16:00.000 6672.453136402240 554.704917340364 -1145.804759051090 0.60097300744482 4.88712393562381 5.87207077355111
2024-06-05T14:20:00.000 6571.700016451080 1693.106783514950 288.160305064497 -1.43556671539816 4.54147726361096 6.00430067554752
2024-06-05T14:24:00.000 5991.757868681030 2708.054104554680 1701.048333474520 -3.36765198459893 3.86466016507456 5.69749087977198
2024-06-05T14:28:00.000 4974.977610606480 3525.573292137890 2989.564755075700 -5.05349247797680 2.90641269991951 4.97433597725288
2024-06-05T14:32:00.000 3595.699907583690 4086.215360711760 4059.639094438310 -6.37004111274191 1.73720493121266 3.88842730103010
2024-06-05T14:36:00.000 1954.617404710880 4349.370546410270 4833.323852385720 -7.22199737992816 0.44252189855145 2.51961844049465
2024-06-05T14:40:00.000 171.307966641988 4296.110870093590 5254.388013813030 -7.54814896635706 -0.88353370698064 0.96789246198620
2024-06-05T14:44:00.000 -1624.471092138680 3930.459610272560 5292.291996450880 -7.32533943079647 -2.14493899355407 -0.65392867433490
2024-06-05T14:48:00.000 -3302.136330966330 3279.036906505360 4944.310509443140 -6.56982098424690 -3.25050969606414 -2.22825747631811
2024-06-05T14:52:00.000 -4739.622011435300 2389.134020944690 4235.700461072920 -5.33592926146667 -4.12015339964627 -3.64081365196001
2024-06-05T14:52:15.000 -4818.979303595890 2326.992996230840 4180.483374901870 -5.24479006955819 -4.16511942022649 -3.72128912804494
2024-06-05T14:56:15.000 -5887.007007599540 1254.825895718890 3145.670940438390 -3.60084309315709 -4.71506262423170 -4.84942508344072
2024-06-05T15:00:15.000 -6526.256203445650 91.282016776614 1881.113675165060 -1.69346818830158 -4.92185175291360 -5.62399257680392
2024-06-05T15:04:15.000 -6689.914922588420 -1078.899352718910 479.097035342982 0.33804553851989 -4.76999350344035 -5.98780614246335
2024-06-05T15:08:15.000 -6365.979770124290 -2170.437884851210 -957.937599870794 2.34480198311012 -4.27053981989977 -5.91401802413432
2024-06-05T15:12:15.000 -5578.189208735400 -3103.833095085370 -2324.989077247350 4.17975389897627 -3.46028870161012 -5.40827659368064
2024-06-05T15:16:15.000 -4384.225168979370 -3811.237977537580 -3522.289892095550 5.70889759581447 -2.39891682814275 -4.50825018541069
2024-06-05T15:20:15.000 -2871.333302737290 -4241.416660537000 -4462.665349946330 6.82139915063013 -1.16424178064506 -3.28046163013070
2024-06-05T15:24:15.000 -1149.769919758320 -4363.384812315570 -5077.839060261200 7.43740866685963 0.15386570758611 -1.81482406657406
2024-06-05T15:28:15.000 655.297119182370 -4168.516121919740 -5323.248548915860 7.51314278515430 1.46007587780173 -0.21783502291883
2024-06-05T15:32:15.000 2412.800080754700 -3671.052316795580 -5181.130159008000 7.04344401740135 2.66024186783633 1.39499014802712
2024-06-05T15:36:15.000 3995.104851985020 -2907.045274753600 -4661.734220034240 6.06190672286117 3.66779589794448 2.90703367349033
2024-06-05T15:40:15.000 5287.097806944160 -1931.816702286060 -3802.637957348780 4.63873755085118 4.40964501342386 4.20851465800433
2024-06-05T15:44:15.000 6194.496333463200 -816.086411657618 -2666.165417558880 2.87639182359154 4.83138115178711 5.20424550193494
2024-06-05T15:48:15.000 6650.816160680390 359.053601799519 -1335.011854936000 0.90272518238892 4.90157267567638 5.82075433662476
2024-06-05T15:52:15.000 6622.419782422030 1508.014827373530 93.700029966124 -1.13805999487640 4.61448829517304 6.01211709818090
2024-06-05T15:56:15.000 6111.174517095920 2547.022281000690 1515.550226308500 -3.09621331898722 3.99092399715418 5.76390716465557
2024-06-05T16:00:15.000 5154.384910957940 3400.345615178680 2826.592466505000 -4.82809558688173 3.07666795984897 5.09445798411252
2024-06-05T16:04:15.000 3821.990310455550 4005.898460053700 3931.082159388500 -6.20711428991277 1.93890033324080 4.05332055207010
2024-06-05T16:08:15.000 2211.290894502530 4319.775981807080 4748.529606887760 -7.13325189911670 0.66093589843934 2.71718220975284
2024-06-05T16:12:15.000 439.684193804694 4319.363120339060 5219.510247723790 -7.53996862118969 -0.66423958431785 1.18376137289076
2024-06-05T16:16:15.000 -1363.918325433780 4004.846981511490 5309.852206868860 -7.39830712799233 -1.94070642681260 -0.43549001775645
2024-06-05T16:20:15.000 -3068.354551090060 3399.133707787380 5013.010401123020 -6.71858699853224 -3.07614476807154 -2.02312268574956
2024-06-05T16:24:15.000 -4549.615851540020 2546.201535264970 4350.529691290240 -5.54974418911541 -3.98831280632924 -3.46389030682561
2024-06-05T16:28:15.000 -5699.761327604540 1507.977404903900 3370.542735031250 -3.97602903655142 -4.61075463767376 -4.65276476784959
2024-06-05T16:32:15.000 -6434.788025741340 359.942026618053 2144.395936643120 -2.11153326513433 -4.89772760124530 -5.50254315574491
2024-06-05T16:36:15.000 -6700.883530039790 -814.312700495361 761.547189657641 -0.09227153505297 -4.82784739342653 -5.95050148411263
2024-06-05T16:40:15.000 -6478.536760957700 -1929.203013848380 -676.963403834988 1.93375298006952 -4.40607684551380 -5.96353498869375
2024-06-05T16:44:15.000 -5784.050901005500 -2903.499925533710 -2066.007577739140 3.81802636867015 -3.66348750857301 -5.54088292802472
2024-06-05T16:48:15.000 -4668.300478813030 -3666.338745490510 -3304.175155971030 5.42280888626032 -2.65481879095603 -4.71407938243299
2024-06-05T16:52:15.000 -3212.864335935420 -4162.414582581670 -4301.263860579820 6.63156754003335 -1.45412189365647 -3.54432996932008
2024-06-05T16:56:15.000 -1523.881714964650 -4355.939990775100 -4984.836472333470 7.35734228903061 -0.14894346066573 -2.11747127988510
2024-06-05T17:00:15.000 275.784327271848 -4233.110842696050 -5305.361064845870 7.54845934702382 1.16618466145532 -0.53735065075426
2024-06-05T17:04:15.000 2055.434455019780 -3802.976731477840 -5239.644559587980 7.19157587482403 2.39645078483767 1.08168227093227
2024-06-05T17:08:15.000 3685.846007294070 -3096.731063814780 -4792.416735910280 6.31225984016731 3.45316902191586 2.62260644038845
2024-06-05T17:12:15.000 5048.461602124710 -2165.510596295170 -3996.014723413300 4.97334859902667 4.25978697966269 3.97369661203134
2024-06-05T17:16:15.000 6043.911690334640 -1076.821129731480 -2908.179923315160 3.27107863357153 4.75729962706166 5.03625359732491
2024-06-05T17:20:15.000 6599.327683024190 90.245592121175 -1608.028433565300 1.32878233333226 4.90881304127116 5.73200960856703
2024-06-05T17:24:15.000 6673.841738879600 1250.721630564080 -190.378143923518 -0.71181589553403 4.70262389741270 6.00926712392600
2024-06-05T17:28:15.000 6261.773667279180 2320.000731370750 1241.183342610050 -2.70106441247711 4.15349248837726 5.84717796515405
2024-06-05T17:32:15.000 5393.161959675840 3220.127305486830 2581.989618085330 -4.49293019838455 3.30172943393343 5.25768560609101
2024-06-05T17:36:15.000 4131.506787848830 3885.585816033320 3734.098830041790 -5.95638534057132 2.20998385730782 4.28446593368495
2024-06-05T17:40:15.000 2568.962053775930 4268.086862103850 4613.512013294580 -6.98510516120098 0.95821160554888 2.99923657029601
2024-06-05T17:44:15.000 819.466821815454 4340.013440200260 5156.263201945100 -7.50494492047466 -0.36234079607108 1.49615106596658
2024-06-05T17:48:15.000 -989.636843722811 4096.322074080940 5322.969390817110 -7.47890869741345 -1.65598616695349 -0.11537758650469
2024-06-05T17:52:15.000 -2726.799614301670 3554.790777784710 5101.552975752600 -6.90905542409691 -2.82927845065506 -1.71853133744109
2024-06-05T17:56:15.000 -4265.655057085510 2754.734551416940 4508.072364746520 -5.83631978248327 -3.79723260263529 -3.19699456566862
2024-06-05T18:00:15.000 -5494.103082299830 1754.232778248620 3585.630702688820 -4.33799863129622 -4.48942183849979 -4.44307050524161
2024-06-05T18:04:15.000 -6322.462771566660 625.999122022651 2401.355340080780 -2.52257874409990 -4.85507390266515 -5.36547509738357
2024-06-05T18:08:15.000 -6690.116938292970 -547.839106400097 1041.614621493380 -0.52234068257494 -4.86705920123805 -5.89620206805614
2024-06-05T18:12:15.000 -6570.112558382980 -1681.737413768650 -394.259582273781 1.51621936434411 -4.52428342317635 -5.99598898907459
2024-06-05T18:16:15.000 -5971.248302511550 -2693.064781778530 -1801.319737695540 3.44359977500982 -3.85195482907081 -5.65761720583745
2024-06-05T18:20:15.000 -4937.412554613320 -3508.225768139980 -3076.807924864280 5.11878148858469 -2.89968221329292 -4.90641377258987
2024-06-05T18:24:15.000 -3544.229276077090 -4068.074276247350 -4127.757313519090 6.41995576278394 -1.73743823855300 -3.79806036870283
2024-06-05T18:28:15.000 -1893.352794886420 -4332.165996513620 -4877.769884330290 7.25329994643591 -0.45009606317378 -2.41401898734707
2024-06-05T18:32:15.000 -104.933670944326 -4281.575366878950 -5272.469922701560 7.55931687257065 0.86899668582964 -0.85517708622844
2024-06-05T18:36:15.000 1691.104930229080 -3920.135533358570 -5283.295422533350 7.31646514359072 2.12464789660962 0.76551947412168
2024-06-05T18:40:15.000 3364.359458419350 -3274.086926874800 -4909.451675253240 6.54225314132798 3.22637812099708 2.33095189270050
2024-06-05T18:44:15.000 4793.209855857190 -2390.207788908430 -4177.960829353250 5.29198984808730 4.09448723546476 3.72774202541350
2024-06-05T18:48:15.000 5873.529352641780 -1332.545163945860 -3141.823956014150 3.65537443782708 4.66564892838977 4.85406169062350
2024-06-05T18:52:15.000 6526.292891496500 -177.898748476664 -1876.346270625550 1.75074319348619 4.89761027171182 5.62704762648267
2024-06-05T18:56:15.000 6703.528333264280 989.693120698491 -473.780919323664 -0.28302049238787 4.77277757330798 5.98931301323650
2024-06-05T19:00:15.000 6392.037303630620 2085.122574974280 963.412078288934 -2.29689095366638 4.29991614689365 5.91377321410848
2024-06-05T19:04:15.000 5614.473564620120 3028.516325140990 2330.154792944870 -4.14303091537210 3.51363143295319 5.40587655013316
2024-06-05T19:08:15.000 4427.678480752300 3751.170147134500 3526.576772954120 -5.68624419527747 2.47177749072337 4.50325861705044
2024-06-05T19:12:15.000 2918.376533298670 4200.605895802950 4465.410939991590 -6.81424948792951 1.25079962198327 3.27258100866846
2024-06-05T19:16:15.000 1196.662206020680 4344.331042872400 5078.342482673270 -7.44567148139896 -0.06025955205195 1.80405528798311
2024-06-05T19:20:15.000 -612.098905017680 4172.087993458900 5320.867742908460 -7.53532626189500 -1.36626194509719 0.20470854685534
2024-06-05T19:24:15.000 -2376.360872487420 3696.501005867020 5175.420297604830 -7.07711608426024 -2.57280985401239 -1.40938808403117
2024-06-05T19:28:15.000 -3967.821813356250 2952.107520367140 4652.559802223720 -6.10399002416795 -3.59269033244073 -2.92124055594252
2024-06-05T19:32:15.000 -5270.593718828820 1992.925103497940 3790.242675906440 -4.68592650477557 -4.35174944728287 -4.22086602668177
2024-06-05T19:36:15.000 -6189.610347132350 888.643765609763 2651.192284866930 -2.92551151828170 -4.79438299875139 -5.21313821502229
2024-06-05T19:40:15.000 -6657.654758759600 -280.377415987932 1318.443149148030 -0.95084963616145 -4.88786419585167 -5.82500974946866
2024-06-05T19:44:15.000 -6640.422719628130 -1428.957723797810 -110.672706722952 1.09356621280412 -4.62506844552154 -6.01120244640641
2024-06-05T19:48:15.000 -6139.176564205950 -2473.384622414570 -1531.698403016190 3.05777094837361 -4.02529541780483 -5.75805069577157
2024-06-05T19:52:15.000 -5190.659941519530 -3337.623297278600 -2840.826525661310 4.79795542363408 -3.13279239153363 -5.08456453163671
2024-06-05T19:56:15.000 -3864.290896368360 -3958.917282639700 -3942.591807917440 6.18736664337237 -2.01323609360356 -4.04076159017379
2024-06-05T20:00:15.000 -2256.901316673150 -4292.335101890410 -4756.860103954300 7.12567304967087 -0.74849187558874 -2.70349686192211
2024-06-05T20:04:15.000 -485.529351826974 -4313.914582387190 -5224.564722869200 7.54572380213715 0.56962613178278 -1.17036624284939
2024-06-05T20:08:15.000 1321.101806890160 -4022.268057053780 -5311.845147107100 7.41778164091329 1.84592965373511 0.44745025648191
2024-06-05T20:12:15.000 3031.809128219320 -3438.598268840650 -5012.377746637340 6.75116689038084 2.98842544707267 2.03297606181949
2024-06-05T20:16:15.000 4522.286675209430 -2605.172769960570 -4347.807956624950 5.59354673870924 3.91456616950124 3.47144755951856
2024-06-05T20:20:15.000 5683.987924286110 -1582.361881055590 -3366.266674695230 4.02788507515040 4.55693726846753 4.65820663150108
2024-06-05T20:24:15.000 6432.005940714190 -444.397674619832 -2139.041598097910 2.16716160642219 4.86817899712408 5.50612037574125
2024-06-05T20:28:15.000 6711.422421878360 725.929851507123 -755.546220419994 0.14682536724864 4.82487046152045 5.95230950629236
2024-06-05T20:32:15.000 6501.551158471540 1843.323337105130 683.174351992143 -1.88511398514472 4.42973264547042 5.96343148599093
2024-06-05T20:36:15.000 5817.599965168520 2826.301846991850 2071.930857812630 -3.77949767141289 3.71165658141435 5.53852219002566
2024-06-05T20:40:15.000 4709.558094751830 3603.256809469120 3309.220408810240 -5.39751039742112 2.72347163297615 4.70905836494457
2024-06-05T20:44:15.000 3258.419067404550 4117.726140869490 4304.754546060240 -6.62122053046375 1.53772959734189 3.53637173872476
2024-06-05T20:48:15.000 1570.086998157130 4332.469970459160 4986.063430448120 -7.36218662357012 0.24102950632331 2.10660232993633
2024-06-05T20:52:15.000 -232.462776299402 4232.076101391880 5303.670617878860 -7.56735008062066 -1.07244596847029 0.52402321951337
2024-06-05T20:56:15.000 -2018.115139169060 3823.971900279950 5234.554071328560 -7.22226542852117 -2.30766780469200 -1.09647336947161
2024-06-05T21:00:15.000 -3657.025712093820 3137.828518437190 4783.746009305670 -6.35188311213200 -3.37537570026368 -2.63737570780393
2024-06-05T21:04:15.000 -5029.909644644990 2223.434076867100 3983.974862722190 -5.01877302831346 -4.19813493912641 -3.98671458651681
2024-06-05T21:08:15.000 -6036.645682476920 1147.188524866070 2893.389480521150 -3.31919287154195 -4.71581683675736 -5.04591335783117
2024-06-05T21:12:15.000 -6603.636799796950 -12.625740800400 1591.452251040580 -1.37666486238628 -4.89019629067626 -5.73706938005381
2024-06-05T21:16:15.000 -6689.346813458330 -1171.523198384080 173.209157460193 0.66682177646191 -4.70818340873616 -6.00910312913872
2024-06-05T21:20:15.000 -6287.484692239360 -2245.037915422520 -1257.691568640270 2.66140899716538 -4.18307722254935 -5.84192150316172
2024-06-05T21:24:15.000 -5427.515218680120 -3154.992075407380 -2596.702222755330 4.46094226239852 -3.35362284346670 -5.24816439607822
2024-06-05T21:28:15.000 -4172.400484107090 -3835.269804662420 -3746.142728597750 5.93420310482290 -2.28091524816303 -4.27199579382446
2024-06-05T21:32:15.000 -2613.813510688350 -4236.624121973710 -4622.367444637500 6.97459597901685 -1.04349676574854 -2.98540463854880
2024-06-05T21:36:15.000 -865.288611381528 -4330.154045895470 -5161.786338341880 7.50754607484211 0.26868836911192 -1.48243285498519
2024-06-05T21:40:15.000 946.079072373541 -4109.263118351810 -5325.331211038410 7.49518794165717 1.56081226405328 0.12784072490775
2024-06-05T21:44:15.000 2688.758230511990 -3590.041205766100 -5101.155824860800 6.93858350891858 2.73973781019119 1.72896827748006
2024-06-05T21:48:15.000 4236.144229373920 -2810.093398492540 -4505.450405217360 5.87750929487881 3.72032396117798 3.20508279398762
2024-06-05T21:52:15.000 5475.603628962730 -1825.904115059600 -3581.344496037420 4.38799638945465 4.43131975180314 4.44888943879286
2024-06-05T21:56:15.000 6316.627938909240 -708.866654581205 -2395.916125248850 2.57737064433620 4.82050924157321 5.36930722330598
2024-06-05T22:00:15.000 6697.532633820610 459.798590450597 -1035.474025616940 0.57713767892331 4.85879190000143 5.89822279010770
2024-06-05T22:04:15.000 6590.184577456520 1594.939657688760 400.661248410555 -1.46633346784667 4.54279155310901 5.99610018451144
2024-06-05T22:08:15.000 6002.262546215540 2613.770073235360 1807.487397916470 -3.40295341249747 3.89551266926414 5.65549285286491
2024-06-05T22:12:15.000 4976.728197643490 3442.037964793790 3082.156613206640 -5.09069239026679 2.96458869476957 4.90165052549259
2024-06-05T22:16:15.000 3588.567464828300 4019.514942360460 4131.615348443890 -6.40640430081252 1.81845754686396 3.79037229340548
2024-06-05T22:20:15.000 1939.129319642900 4304.360569699000 4879.426840422940 -7.25483385772148 0.54091580567217 2.40339145776331
2024-06-05T22:24:15.000 148.605476340890 4276.064839944510 5271.258648693440 -7.57507124694633 -0.77516581360336 0.84201218779599
2024-06-05T22:28:15.000 -1652.729318505100 3936.832711322480 5278.706781936600 -7.34443754262335 -2.03449643069090 -0.78030717903006
2024-06-05T22:32:15.000 -3333.892658846540 3311.357586581290 4901.252756474600 -6.57968900193256 -3.14604295055508 -2.34598176004416
2024-06-05T22:36:15.000 -4772.558133886990 2445.040905299150 4166.297481431630 -5.33583114402201 -4.02927059384863 -3.74128648046763
2024-06-05T22:40:15.000 -5863.863810270800 1400.783039863470 3127.262399567750 -3.70260257172354 -4.61976572383272 -4.86440266609620
2024-06-05T22:44:15.000 -6528.086079541290 254.512517379491 1859.825849478480 -1.79855094574913 -4.87409273076662 -5.63286198725332
2024-06-05T22:48:15.000 -6716.595972761260 -910.300387869913 456.481855422645 0.23731029669649 -4.77328992781435 -5.98992874837667
2024-06-05T22:52:15.000 -6415.572118158560 -2008.769482632380 -980.228561158643 2.25577449842126 -4.32464134964846 -5.90920264935749
2024-06-05T22:56:15.000 -5647.088406581960 -2960.884290418920 -2345.320812170350 4.10886435207983 -3.56122879071896 -5.39687308974748
2024-06-05T23:00:15.000 -4467.431710554300 -3697.430826750440 -3539.178438831750 5.66129361572309 -2.53933418683220 -4.49114138127228
2024-06-05T23:04:15.000 -2962.803180393690 -4165.043867871260 -4474.884735496480 6.80055992926984 -1.33386303244604 -3.25889681279446
2024-06-05T23:08:15.000 -1242.859003572140 -4330.003709757710 -5084.502064919390 7.44483670446660 -0.03258422738323 -1.79036626910325
2024-06-05T23:12:15.000 567.349032694830 -4180.548501156310 -5323.867983109330 7.54829307636365 1.27039709300335 -0.19222784525310
2024-06-05T23:16:15.000 2336.374215733510 -3727.607488438210 -5175.646568365630 7.10371419053599 2.48116645989571 1.41993469433600
2024-06-05T23:20:15.000 3935.729848226310 -3003.988132497160 -4650.524200363750 6.14284889343501 3.51235973798145 2.92952048763640
2024-06-05T23:24:15.000 5249.049106325040 -2062.076730392960 -3786.492387080590 4.73442600221025 4.28913203189990 4.22690296657315
2024-06-05T23:28:15.000 6180.492905554770 -970.170828265436 -2646.237723941140 2.97985311255681 4.75457914549857 5.21718261974942
2024-06-05T23:32:15.000 6661.820784406340 192.380382177193 -1312.731627309390 1.00637550337786 4.87411197138917 5.82730321581549
2024-06-05T23:36:15.000 6657.552582783600 1340.907448595620 116.730293460615 -1.04188981668934 4.63834009382118 6.01176089285596
2024-06-05T23:40:15.000 6167.777827621530 2391.650787146260 1537.650936299560 -3.01454529409558 4.06425592706391 5.75654218224246
2024-06-05T23:44:15.000 5228.250210542230 3268.003652231760 2846.124556998970 -4.76677572469610 3.19406710602149 5.08054361566111
2024-06-05T23:48:15.000 3907.676878876880 3906.189046695260 3946.582569493600 -6.17050395279890 2.09177071468515 4.03384149440997
2024-06-05T23:52:15.000 2302.524180505370 4259.917247130910 4758.826382005080 -7.12390304610837 0.83812326399940 2.69356379863269
2024-06-05T23:56:15.000 529.812979238860 4303.670756012880 5223.812351933290 -7.55844505243883 -0.47561356938039 1.15773340561578
2024-06-06T00:00:15.000 -1281.439903958140 4034.434194768550 5307.813405535550 -7.44319097126306 -1.75429440337463 -0.46196324339956
2024-06-06T00:04:15.000 -2999.511349866550 3471.835992076770 5004.767377404010 -6.78664805422104 -2.90545372664717 -2.04802804634076
2024-06-06T00:08:15.000 -4499.413211629530 2656.725054484460 4336.683304318110 -5.63607915447870 -3.84574906330661 -3.48538918464845
2024-06-06T00:12:15.000 -5671.860910763840 1648.278986173650 3352.108260106860 -4.07442289352847 -4.50669006510273 -4.66926153660776
2024-06-06T00:16:15.000 -6431.246333860850 519.806137414628 2122.727804847860 -2.21489773758442 -4.83977317102472 -5.51283575967354
2024-06-06T00:20:15.000 -6721.997057936600 -646.534713955889 738.229494523368 -0.19311095445278 -4.82026620290043 -5.95387955240030
2024-06-06T00:24:15.000 -6522.805908564710 -1765.746007736160 -700.233525103896 1.84280234625915 -4.44944384043389 -5.95975794275857
2024-06-06T00:28:15.000 -5848.294220497020 -2756.285640143760 -2087.535665554620 3.74353531475881 -3.75465125719304 -5.53023617053494
2024-06-06T00:32:15.000 -4747.893409137280 -3546.110764886800 -3322.401732626090 5.37017092595230 -2.78717190471118 -4.69739301684263
2024-06-06T00:36:15.000 -3302.062409600690 -4077.959000077880 -4314.884332810800 6.60466777403114 -1.61805118564722 -3.52287107694964
2024-06-06T00:40:15.000 -1616.221679527710 -4313.437607930350 -4992.886652719400 7.35822991398286 -0.33247424246066 -2.09278564385659
2024-06-06T00:44:15.000 187.008346280237 -4235.672718065890 -5307.271828776220 7.57708925975821 0.97648362512802 -0.51117798822288
2024-06-06T00:48:15.000 1976.668906863610 -3850.420232133240 -5235.279621750040 7.24585215476049 2.21443086474283 1.10749899389643
2024-06-06T00:52:15.000 3622.801111838930 -3185.596743016490 -4782.080719308620 6.38817310997094 3.29211488178616 2.64624963889072
2024-06-06T00:56:15.000 5005.686634811340 -2289.319807390030 -3980.440312712490 5.06531484240554 4.13142839324643 3.99343912224233
2024-06-06T01:00:15.000 6024.469291450670 -1226.548005882640 -2888.482544370050 3.37235161187477 4.67099826868068 5.05065537891904
2024-06-06T01:04:15.000 6604.569841240280 -74.484042332363 -1585.629311835050 1.43195570247572 4.87086019483418 5.73997734318506
2024-06-06T01:08:15.000 6703.317105594090 1083.002914231710 -166.904612717499 -0.61429563756211 4.71582486233699 6.01019417557671
2024-06-06T01:12:15.000 6313.248644147890 2161.527249839650 1264.016419675100 -2.61637890723055 4.21685014504967 5.84092906483805
2024-06-06T01:16:15.000 5462.793043303250 3082.443654906240 2602.492910781930 -4.42723212893715 3.41054429701395 5.24462432041392
2024-06-06T01:20:15.000 4214.139831680990 3778.699053665340 3750.733192162680 -5.91437425124476 2.35622442519937 4.26547502502163
2024-06-06T01:24:15.000 2658.525088702000 4199.741257702650 4625.009908394870 -6.96969886032796 1.13118204500438 2.97568860045116
2024-06-06T01:28:15.000 909.414294641349 4315.140540795410 5161.734543166000 -7.51714617890127 -0.17525494633321 1.46978925323259
2024-06-06T01:32:15.000 -905.848584200570 4116.690536227760 5321.970948800390 -7.51770698207694 -1.46834328394696 -0.14259036260783
2024-06-06T01:36:15.000 -2655.246643893630 3618.900454599900 5094.128870928350 -6.97159824011363 -2.65462270444864 -1.74451855022434
2024-06-06T01:40:15.000 -4211.529388876470 2857.923770458490 4494.761842827170 -5.91813993034173 -3.64821293356087 -3.21975001339956
2024-06-06T01:44:15.000 -5461.354542750510 1889.001352245960 3567.420172413370 -4.43325224088966 -4.37689392471286 -4.46089193139187
2024-06-06T01:48:15.000 -6313.510303929000 782.539662117205 2379.595149674090 -2.62443016983105 -4.78728823383480 -5.37705275195794
2024-06-06T01:52:15.000 -6705.667462581770 -380.935942445508 1017.911451019630 -0.62343819778149 -4.84902951267211 -5.90072248763171
2024-06-06T01:56:15.000 -6609.098740636190 -1516.651455216250 -418.166930208522 1.42320677746508 -4.55736752895195 -5.99316449693435
2024-06-06T02:00:15.000 -6030.905624987930 -2541.853747738080 -1823.688346337160 3.36540737459364 -3.93379846526631 -5.64771051296757
2024-06-06T02:04:15.000 -5013.472845988650 -3381.947982167840 -3096.022717070450 5.06112075662692 -3.02434621237749 -4.89021185346154
2024-06-06T02:08:15.000 -3631.224892416200 -3975.973051140620 -4142.448265155250 6.38704911410843 -1.89583740279585 -3.77681036483343
2024-06-06T02:12:15.000 -1985.010968203210 -4280.995093757270 -4886.915062261200 7.24760803073116 -0.63070025400757 -2.38934658885577
2024-06-06T02:16:15.000 -194.616455108512 -4275.106918015200 -5275.460883088640 7.58138880258958 0.67936943836590 -0.82886039310843
2024-06-06T02:20:15.000 1609.916026095240 -3958.872870488620 -5279.952067964870 7.36474107004614 1.93987365447506 0.79168398923456
2024-06-06T02:24:15.000 3297.565338045820 -3355.227422767130 -4900.029941347500 6.61319387978854 3.05996000621160 2.35514255031457
2024-06-06T02:28:15.000 4745.652963498350 -2507.849934696450 -4163.143723206480 5.38036530341497 3.95859221209250 3.74823946161748
2024-06-06T02:32:15.000 5848.634575608320 -1478.120788852540 -3122.684479198540 3.75469367461467 4.57018818243882 4.86935848920550
2024-06-06T02:36:15.000 6525.828556196220 -340.801692125952 -1854.276765227150 1.85375917218316 4.84956508619922 5.63601865718157
2024-06-06T02:40:15.000 6727.475469411380 821.335576157592 -450.388981423006 -0.18385433498870 4.77563953119462 5.99128624090655
2024-06-06T02:44:15.000 6438.595742284070 1923.575929057380 986.415290633147 -2.20878056992629 4.35346664947092 5.90858207216764
2024-06-06T02:48:15.000 5680.195725765740 2885.549552468850 2351.084017294470 -4.07242603800797 3.61395695130271 5.39388093819401
2024-06-06T02:52:15.000 4507.715945657290 3637.186955360830 3543.887597694910 -5.63827441367464 2.61149105085613 4.48527297545964
2024-06-06T02:56:15.000 3006.851770134360 4123.883837407800 4477.807833281980 -6.79232073298590 1.41969805346196 3.24986353287209
2024-06-06T03:00:15.000 1287.105703191180 4310.432328226670 5084.882327632700 -7.45128346722618 0.12552247715718 1.77827079186337
2024-06-06T03:04:15.000 -526.278674090084 4183.456821346630 5321.041883086320 -7.56799153332847 -1.17711853426983 0.17777527809999
2024-06-06T03:08:15.000 -2301.398926910730 3752.293398968290 5169.195030670950 -7.13438419806765 -2.39399630268315 -1.43544030069538
2024-06-06T03:12:15.000 -3909.160591306760 3048.271900470640 4640.388324956790 -6.18174716548071 -3.43711311336776 -2.94442064467861
2024-06-06T03:16:15.000 -5232.512804079470 2122.489931974100 3773.032748101600 -4.77865490430853 -4.23069400000918 -4.23941267981291
2024-06-06T03:20:15.000 -6174.925620274980 1042.202875492710 2630.225360204070 -3.02657451845710 -4.71671682407897 -5.22570508216959
2024-06-06T03:24:15.000 -6667.503899217070 -113.993397459202 1295.274271124940 -1.05300271625600 -4.85932820673657 -5.83068758518968
2024-06-06T03:28:15.000 -6674.179359917200 -1261.876353243990 -134.338597667657 0.99770862906113 -4.64784286838908 -6.00965514383085
2024-06-06T03:32:15.000 -6194.476127471590 -2317.804288644120 -1554.139492871860 2.97520326828831 -4.09778039739193 -5.74946350360491
2024-06-06T03:36:15.000 -5263.567269167830 -3204.914681033260 -2860.427182719030 4.73469491113305 -3.24974888728373 -5.06964070130916
2024-06-06T03:40:15.000 -3949.581151488720 -3858.794945485100 -3957.962948548860 6.14808184245848 -2.16617115532588 -4.02066651184713
2024-06-06T03:44:15.000 -2348.429036590110 -4232.140930225700 -4766.934581664900 7.11331149534175 -0.92625400503901 -2.67972575389886
2024-06-06T03:48:15.000 -576.674285924184 -4298.077482750000 -5228.665072867980 7.56127100727040 0.38001152806860 -1.14465704234736
2024-06-06T03:52:15.000 1236.954786179090 -4051.977995824800 -5309.725416346600 7.46020927382435 1.65831638902928 0.47327970709685
2024-06-06T03:56:15.000 2960.783686694450 -3511.715224280940 -5004.218499265650 6.81740903914370 2.81653402740078 2.05719021453976
2024-06-06T04:00:15.000 4469.543663981940 -2716.383713359750 -4334.200301330890 5.67871294537317 3.77095506963619 3.49236999395070
2024-06-06T04:04:15.000 5653.337010745580 -1723.572232558470 -3348.186475284910 4.12568333319028 4.45208195484299 4.67432175879633
2024-06-06T04:08:15.000 6425.632421164190 -605.325857459270 -2117.798345002220 2.27044269401827 4.80972945297567 5.51619394537447
2024-06-06T04:12:15.000 6729.743789758620 557.008352074010 -732.690250818100 0.24807141858073 4.81712133187641 5.95559612734617
2024-06-06T04:16:15.000 6543.179238668070 1678.719722877920 705.975767771114 -1.79333194860519 4.47323410248990 5.95968762979695
2024-06-06T04:20:15.000 5879.439600356060 2678.000258849160 2093.009294287800 -3.70387507124619 3.80315986651051 5.52799070286048
2024-06-06T04:24:15.000 4787.046421924090 3482.035325869820 3327.025950589760 -5.34351614875516 2.85624923871018 4.69247619257098
2024-06-06T04:28:15.000 3345.864396500160 4032.380017914460 4317.963585171510 -6.59271834329993 1.70209293766242 3.51487150239151
2024-06-06T04:32:15.000 1661.097115078420 4289.187290559460 4993.677994815110 -7.36115856944715 0.42505427363619 2.08176935267349
2024-06-06T04:36:15.000 -144.526801148743 4233.988917330080 5305.104847624950 -7.59383164401738 -0.88214326599993 0.49767083202037
2024-06-06T04:40:15.000 -1939.656334029520 3870.923556753720 5229.675989606410 -7.27426653855798 -2.12493533952490 -1.12239409965243
2024-06-06T04:44:15.000 -3593.742785741600 3226.392258746400 4772.895727305040 -6.42558265081422 -3.21344029991411 -2.66090079070975
2024-06-06T04:48:15.000 -4986.404611114570 2347.174504747710 3967.946574533060 -5.10889698706340 -4.06871631261878 -4.00607177379494
2024-06-06T04:52:15.000 -6016.104782354930 1297.118789087320 2873.361910952890 -3.41928390195775 -4.62832601281204 -5.05968106612046
2024-06-06T04:56:15.000 -6607.596032801700 152.594589109458 1568.896390382140 -1.47950806485133 -4.85105735966207 -5.74423936935459
2024-06-06T05:00:15.000 -6717.576102149290 -1003.040731589380 149.780213366149 0.56864196165417 -4.72031663590893 -6.00917212350416
2024-06-06T05:04:15.000 -6337.998591517330 -2085.575027975330 -1280.284651813120 2.57501574877193 -4.24565600551243 -5.83493872449172
2024-06-06T05:08:15.000 -5496.707934250940 -3016.186090183230 -2616.825123034690 4.39263612707607 -3.46213723526161 -5.23469786918577
2024-06-06T05:12:15.000 -4255.299402406740 -3727.260114364180 -3762.355015638650 5.88899725965644 -2.42746611333598 -4.25308345093239
2024-06-06T05:16:15.000 -2704.435926128540 -4167.305298759120 -4633.525152027210 6.95584382103476 -1.21739706697815 -2.96245362448888
2024-06-06T05:20:15.000 -957.073746383876 -4304.599820665760 -5167.114505334460 7.51667877058548 0.08011503292200 -1.45709564400072
2024-06-06T05:24:15.000 859.791475836996 -4129.355645076080 -5324.470808280450 7.53159197702267 1.37132966871401 0.15376891384819
2024-06-06T05:28:15.000 2614.236708438760 -3654.329615421180 -5094.185817036810 6.99963835959776 2.56318026655442 1.75365742076588
2024-06-06T05:32:15.000 4178.805157531630 -2913.897814399790 -4492.872713664140 5.95874922721897 3.56960249492795 3.22685945543956
2024-06-06T05:36:15.000 5439.592510411490 -1961.657802547600 -3564.045632152240 4.48338538854998 4.31742484189651 4.46620982961686
2024-06-06T05:40:15.000 6304.511918496010 -866.675319148797 -2375.131228864850 2.67988192648554 4.75173431891823 5.38084375156250
2024-06-06T05:44:15.000 6710.128855223280 291.432309767490 -1012.711624546490 0.67931372557486 4.84011993007019 5.90305424728463
2024-06-06T05:48:15.000 6626.521885962130 1428.280148661940 423.736637556526 -1.37188399892882 4.57560457037061 5.99386904028194
2024-06-06T05:52:15.000 6059.638020698620 2460.959121592090 1829.190867836270 -3.32316255731709 3.97738603378241 5.64635251995725
2024-06-06T05:56:15.000 5050.901200958890 3314.192065298930 3100.893887177030 -5.03134578582513 3.08947106495657 4.88621903866455
2024-06-06T06:00:15.000 3674.088294547280 3925.914065516030 4145.998091834440 -6.37173914247022 1.97720273755290 3.76972717081246
2024-06-06T06:04:15.000 2029.749749659120 4251.789318986280 4888.376566876500 -7.24724697948892 0.72200401838498 2.37904675909455
2024-06-06T06:08:15.000 237.726448903239 4268.333389738740 5274.103330091720 -7.59507973442281 -0.58486446265479 0.81579737895795
2024-06-06T06:12:15.000 -1571.597743724950 3974.497771821320 5275.227075036210 -7.39060152022590 -1.84880539918766 -0.80647410356024
2024-06-06T06:16:15.000 -3266.658234123110 3391.673673969120 4891.691610731380 -6.64862210539195 -2.97847484490389 -2.37017657900470
2024-06-06T06:20:15.000 -4724.112519382360 2562.164699144970 4151.350730041220 -5.42252634563063 -3.89197391953937 -3.76168477279064
2024-06-06T06:24:15.000 -5837.744892266170 1546.198773140750 3108.030739893550 -3.80083420921094 -4.52274424857924 -4.87949592198955
2024-06-06T06:28:15.000 -6526.221163669670 417.636836093347 1837.722114059400 -1.90120491861414 -4.82445264212619 -5.64155426653349
2024-06-06T06:32:15.000 -6739.154246847680 -741.350964734100 433.129395468203 0.13767469626293 -4.77469110772856 -5.99157998660225
2024-06-06T06:36:15.000 -6460.953404458060 -1846.311074613680 -1003.117987940110 2.16637564836647 -4.37700093622079 -5.90372395770161
2024-06-06T06:40:15.000 -5712.037071943830 -2816.762816764010 -2366.079970620820 4.03620139078321 -3.66074222087134 -5.38471582028288
2024-06-06T06:44:15.000 -4547.265589076220 -3582.156546615380 -3556.306510312660 5.61067347440421 -2.67874220786088 -4.47323044086365
2024-06-06T06:48:15.000 -3051.750754878560 -4087.024066539690 -4487.153313642230 6.77570744821141 -1.50300869800514 -3.23655886670416
2024-06-06T06:52:15.000 -1334.472975338340 -4294.928480414770 -5091.036005572530 7.44760806764631 -0.21911732925853 -1.76520031300050
2024-06-06T06:56:15.000 479.717055233639 -4190.974810020050 -5324.200464722010 7.57850607537539 1.08007008135258 -0.16602172263886
2024-06-06T07:00:15.000 2259.086650379160 -3782.776258100870 -5169.749365848810 7.15917317897386 2.30092209568079 1.44533552792387
2024-06-06T07:04:15.000 3874.392611363390 -3099.879514282670 -4638.809885356820 6.21949840043580 3.35532588305467 2.95230578984584
2024-06-06T07:08:15.000 5208.103297831050 -2191.699919640530 -3769.786637411870 4.82664861979641 4.16679631865920 4.24546784264718
2024-06-06T07:12:15.000 6162.873834763600 -1124.068452709110 -2625.721846596220 3.08081666238903 4.67585795023469 5.23016311558656
2024-06-06T07:16:15.000 6668.744571032880 25.426879368654 -1289.879210476120 1.10869129111931 4.84469230992944 5.83365399808437
2024-06-06T07:20:15.000 6688.455493022390 1173.059178839270 140.251508039355 -0.94558635394581 4.66035140426130 6.01095051325972
2024-06-06T07:24:15.000 6220.367046793390 2235.133634876610 1560.120419222310 -2.93123146478878 4.13608817962764 5.74864268473261
2024-06-06T07:28:15.000 5298.660219402620 3134.212837746740 2865.899816760910 -4.70248109265896 3.31046037847851 5.06612658209090
2024-06-06T07:32:15.000 3990.754978827610 3804.860905859250 3962.215687998080 -6.12987466521401 2.24424024179559 4.01394999764051
2024-06-06T07:36:15.000 2392.205311045790 4198.418101614630 4769.166342861830 -7.10981758628956 1.01554082256668 2.66962063142670
2024-06-06T07:40:15.000 619.575524290101 4286.471841649190 5228.100401139570 -7.57185188197697 -0.28611048431568 1.13156693148650
2024-06-06T07:44:15.000 -1198.118297471330 4062.796363656500 5305.752012876550 -7.48314650899692 -1.56643405696912 -0.48838007383590
2024-06-06T07:48:15.000 -2928.701255477680 3543.713522656710 4996.528745562930 -6.85032752055671 -2.73290733439780 -2.07277972425056
2024-06-06T07:52:15.000 -4446.286852828060 2766.900622557390 4322.883891096640 -5.71886664174215 -3.70109591359355 -3.50669393097898
2024-06-06T07:56:15.000 -5640.306132815620 1788.744635545240 3333.767805554320 -4.17030595301135 -4.40046827160260 -4.68556439845012
2024-06-06T08:00:15.000 -6423.587639461160 680.345410947450 2101.198950940050 -2.31694103153502 -4.77974787402205 -5.52293623384308
2024-06-06T08:04:15.000 -6738.831135599430 -477.613658763661 715.099899178174 -0.29393206515228 -4.81087949717449 -5.95703943933624
2024-06-06T08:08:15.000 -6562.954005642280 -1600.759491528410 -723.264731926577 1.75053263558144 -4.49142181175113 -5.95579354278683
2024-06-06T08:12:15.000 -5908.874768855020 -2607.268688131010 -2108.789178379680 3.66658581636597 -3.84493313748964 -5.51948064056777
2024-06-06T08:16:15.000 -4824.526449401380 -3423.928485468270 -3340.333816505450 5.31416913393976 -2.91914012721507 -4.68064352026463
2024-06-06T08:20:15.000 -3389.195292532970 -3991.512003305770 -4328.196250480770 6.57370402454331 -1.78204870753798 -3.50135292698274
2024-06-06T08:24:15.000 -1707.537337352140 -4269.016087653280 -5000.615730692930 7.35455499031127 -0.51655117890890 -2.06806396765600
2024-06-06T08:28:15.000 98.136292685705 -4236.507150521430 -5308.857810483520 7.60100366758127 0.78573671877113 -0.48500712206962
2024-06-06T08:32:15.000 1896.691159491930 -3896.442992348390 -5230.595248049190 7.29560276799285 2.03090927633244 1.13326975971692
2024-06-06T08:36:15.000 3557.517468455760 -3273.449487278190 -4771.442991735620 6.46011828054586 3.12918492390967 2.66979553723025
2024-06-06T08:40:15.000 4959.819195739100 -2412.598271779420 -3964.589005805240 5.15417488854543 4.00094773872835 4.01307602353928
2024-06-06T08:44:15.000 6001.317277652370 -1376.267626880400 -2868.535707052950 3.47162380466789 4.58249212284013 5.06493610270259
2024-06-06T08:48:15.000 6605.766571391670 -239.726614398918 -1563.008561803680 1.53433454880993 4.83079389817456 5.74783149883264
2024-06-06T08:52:15.000 6728.707940714740 914.280558441613 -143.241564059064 -0.51627905368425 4.72706019995818 6.01095778863776
2024-06-06T08:56:15.000 6360.926996206900 2001.609750025330 1286.996774270990 -2.52979997009542 4.27853643982072 5.83451027676310
2024-06-06T09:00:15.000 5529.240646794140 2942.966190831060 2623.109863752460 -4.35834091425053 3.51814606128377 5.23146729987279
2024-06-06T09:04:15.000 4294.491454762260 3669.801317811850 3767.475606625450 -5.86809138782426 2.50189685926293 4.24654584616102
2024-06-06T09:08:15.000 2746.922613240650 4129.336804843340 4636.653510272990 -6.94933827687533 1.30433100333428 2.95238910004473
2024-06-06T09:12:15.000 999.424383704161 4288.347157593360 5167.428443826800 -7.52414232125767 0.01281075249779 1.44381891655268
2024-06-06T09:16:15.000 -820.766789371184 4135.462068557340 5321.305229244890 -7.55152772733629 -1.27901468709402 -0.16928315485137
2024-06-06T09:20:15.000 -2581.276993390880 3681.885209366100 5087.171093312480 -7.02983266630665 -2.47775440275429 -1.76993341650121
2024-06-06T09:24:15.000 -4154.067915462760 2960.556965591830 4482.044613531980 -5.99664387125419 -3.49670670967162 -3.24204372525259
2024-06-06T09:28:15.000 -5424.609291823060 2023.819428181780 3549.887546304900 -4.52632656712175 -4.26183936672757 -4.47848743699458
2024-06-06T09:32:15.000 -6300.179180833190 939.726104253646 2358.533084590970 -2.72528114647297 -4.71707862140113 -5.38868860767255
2024-06-06T09:36:15.000 -6716.742590793080 -212.828013408708 994.861632797938 -0.72473164504387 -4.82878606657649 -5.90555269201458
2024-06-06T09:40:15.000 -6643.794881481110 -1349.867916762510 -441.521624771943 1.32887113051756 -4.58857901205587 -5.99086188563201
2024-06-06T09:44:15.000 -6086.707428796680 -2388.543257066930 -1845.644645454310 3.28493890816062 -4.01417114279392 -5.63842653999197
2024-06-06T09:48:15.000 -5086.324157858420 -3253.271879000360 -3114.974724541030 5.00037775488377 -3.14799900237671 -4.87461154755538
2024-06-06T09:52:15.000 -3715.827942827720 -3881.291404232630 -4157.007015602890 6.35046232551025 -2.05373205176604 -3.75601650098046
2024-06-06T09:56:15.000 -2075.210191587970 -4227.182527113830 -4896.002689523460 7.23784021118242 -0.81129362477384 -2.36481226581386
2024-06-06T10:00:15.000 -283.855130780572 -4266.053836652930 -5278.382026807000 7.59910448605972 0.48924912594678 -0.80231815540390
2024-06-06T10:04:15.000 1528.114469498190 -3995.207209128250 -5276.451583885070 7.40861510279788 1.75407804564563 0.81833995400792
2024-06-06T10:08:15.000 3229.123965292820 -3434.272328695370 -4890.308074920640 6.67996344721888 2.89200615356954 2.38001722587324
2024-06-06T10:12:15.000 4695.506228843250 -2623.822536497670 -4147.848447917240 5.46511136471698 3.82069409294607 3.76952465822227
2024-06-06T10:16:15.000 5820.371385309470 -1622.551749334940 -3102.870224308880 3.85117847826949 4.47237980009108 4.88550024233543
2024-06-06T10:20:15.000 6521.425676024010 -503.155708190899 -1831.335019687180 1.95489790861559 4.79892378793040 5.64575878121167
2024-06-06T10:24:15.000 6747.169117361370 652.894533845081 -425.964268318495 -0.08541996411981 4.77586913174412 5.99381403103658
2024-06-06T10:28:15.000 6480.864853114480 1761.328550091080 1010.547017920070 -2.12022986679707 4.40452420993278 5.90360862152683
2024-06-06T10:32:15.000 5741.884783702610 2741.312356505730 2373.145584086780 -4.00011375011072 3.71205914105929 5.38170527447306
2024-06-06T10:36:15.000 4584.282233298550 3521.453243633170 3562.246760684600 -5.58735218432978 2.74946133996366 4.46679096970986
2024-06-06T10:40:15.000 3092.693182006640 4045.061487917950 4491.107290059870 -6.76639815658365 1.58743635259035 3.22644026573073
2024-06-06T10:44:15.000 1375.972666815220 4274.237234062180 5092.139979198890 -7.45214021915346 0.31085268041355 1.75166356633120
2024-06-06T10:48:15.000 -440.842307118302 4192.517391922470 5321.728676230200 -7.59555012533276 -0.98761051023235 0.14996760331649
2024-06-06T10:52:15.000 -2225.601132653930 3805.959082358090 5163.270163628970 -7.18665837820114 -2.21406062547863 -1.46238663936321
2024-06-06T10:56:15.000 -3848.515508843870 3142.655000054550 4628.301354697250 -6.25499120232069 -3.27980755030968 -2.96850978154704
2024-06-06T11:00:15.000 -5191.451776415540 2250.740865661080 3755.684963499960 -4.86761781636801 -4.10750903469582 -4.25890273179314
2024-06-06T11:04:15.000 -6156.463833987730 1194.988222713300 2608.897796199480 -3.12479558172829 -4.63671201569537 -5.23917948506522
2024-06-06T11:08:15.000 -6673.013474221550 52.185771724504 1271.533379305710 -1.15330542665330 -4.82840728634532 -5.83720793886528
2024-06-06T11:12:15.000 -6703.270019835360 -1094.427722213480 -158.756761596858 0.90270511936975 -4.66824084061215 -6.00873641003498
2024-06-06T11:16:15.000 -6245.034849229370 -2161.295872576960 -1577.442948050150 2.89240067630123 -4.16799337341875 -5.74115208971101
2024-06-06T11:20:15.000 -5331.918504828920 -3070.755563932710 -2880.904329576040 4.67013424509798 -3.36463323551725 -5.05454408134802
2024-06-06T11:24:15.000 -4030.751630740840 -3756.754287083930 -3974.108347110390 6.10646527464613 -2.31729238296308 -3.99988309044478
2024-06-06T11:28:15.000 -2436.514850927410 -4169.634644057010 -4777.555471526130 7.09764996561471 -1.10256754932796 -2.65474795335329
2024-06-06T11:32:15.000 -665.272207823942 -4279.636894082350 -5232.962257004090 7.57268683710814 0.19135478032987 -1.11724796496111
2024-06-06T11:36:15.000 1154.278699368400 -4078.924847810640 -5307.345506968980 7.49783050146822 1.47105835182810 0.50117766509668
2024-06-06T11:40:15.000 2890.020066696890 -3582.064641518700 -4995.287304695670 6.87844601436054 2.64431465618669 2.08355599821798
2024-06-06T11:44:15.000 4415.803858350280 -2824.991017970290 -4319.317502018650 5.75866477185757 3.62630290220439 3.51529310128084
2024-06-06T11:48:15.000 5620.481016283260 -1862.510651100980 -3328.389660752320 4.21869861270469 4.34552096576714 4.69208946353866
2024-06-06T11:52:15.000 6415.995086615220 -764.457841777707 -2094.493388108320 2.36972262282756 4.74904432997178 5.52747465181028
2024-06-06T11:56:15.000 6743.956524312170 389.295813589159 -707.549873350960 0.34631780810705 4.80672825768416 5.95949828402991
2024-06-06T12:00:15.000 6580.130459477280 1514.653623194490 731.121845822969 -1.70323107383983 4.51382541266155 5.95581456579390
2024-06-06T12:04:15.000 5936.385890930450 2529.537418580690 2116.309042505900 -3.62835667903413 3.89180964009012 5.51657684131113
2024-06-06T12:08:15.000 4859.807860278770 3360.002514573160 3346.761736794180 -5.28804437457948 2.98649411674533 4.67437646257283
2024-06-06T12:12:15.000 3429.116496046950 3945.667984435270 4332.684206301760 -6.56130546129532 1.86436862509009 3.49143654383459
2024-06-06T12:16:15.000 1748.761501576370 4244.093489286130 5002.297537835400 -7.35600123740423 0.60748389550410 2.05467772391480
2024-06-06T12:20:15.000 -58.821313965264 4233.782604505620 5306.985772952700 -7.61520829742190 -0.69278117736025 0.46896427931560
2024-06-06T12:24:15.000 -1862.130547339290 3915.624288015430 5224.687757812990 -7.32064687237537 -1.94235122516550 -1.15057726778433
2024-06-06T12:28:15.000 -3530.033343109560 3312.762443157860 4761.413376106450 -6.49363929968542 -3.05089897948478 -2.68650571134565
2024-06-06T12:32:15.000 -4941.151388931510 2468.945570465140 3950.817846480480 -5.19370855091153 -3.93806128052717 -4.02723200272422
2024-06-06T12:36:15.000 -5992.610611712460 1445.434570911390 2851.850563490570 -3.51470151668574 -4.53913588520176 -5.07480536433972
2024-06-06T12:40:15.000 -6607.592730885300 316.650476402483 1544.595667687120 -1.57865449675087 -4.80989807635550 -5.75222735953884
2024-06-06T12:44:15.000 -6741.090477270620 -835.214983369971 124.476564547811 0.47302034192740 -4.73025913901190 -6.00949665016991
2024-06-06T12:48:15.000 -6383.329917510630 -1926.232317356770 -1304.738194173540 2.48994078931521 -4.30596467754042 -5.82756809775649
2024-06-06T12:52:15.000 -5560.564071310030 -2876.952034456140 -2638.635447938180 4.32428048590549 -3.56836796335216 -5.22018276225843
2024-06-06T12:56:15.000 -4333.043656463360 -3618.283729188190 -3779.928028658910 5.84232366816118 -2.57183785994617 -4.23250875246816
2024-06-06T13:00:15.000 -2790.421992513150 -4096.524440772170 -4645.580287300180 6.93425405432721 -1.38936795475782 -2.93732411014071
2024-06-06T13:04:15.000 -1045.057492847980 -4277.163580787520 -5172.771261296770 7.52171942098997 -0.10691366948760 -1.42922908672343
2024-06-06T13:08:15.000 776.194924137612 -4147.260502058840 -5323.310676617430 7.56289304090121 1.18281519579219 0.18236652999527
2024-06-06T13:12:15.000 2541.096037935430 -3716.280305612980 -5086.279274491090 7.05493269568410 2.38688997598318 1.78093982922522
2024-06-06T13:16:15.000 4121.425988847960 -3015.393262404950 -4478.778731315640 6.03400417549908 3.41836836806409 3.25081831412716
2024-06-06T13:20:15.000 5402.135975378260 -2095.315147584700 -3544.779060697540 4.57313620003287 4.20228534718176 4.48508893545178
2024-06-06T13:24:15.000 6289.690454822160 -1022.763234825600 -2352.087650767380 2.77760612091808 4.68110099858167 5.39324381083153
2024-06-06T13:28:15.000 6719.010971373130 124.287954195327 -987.567848554838 0.77791287144733 4.81919199621956 5.90804699543990
2024-06-06T13:32:15.000 6658.449602191610 1262.271122164120 449.146838419521 -1.27961178982178 4.60593640947076 5.99107552517989
2024-06-06T13:36:15.000 6112.272971460110 2308.196241090950 1853.005971812380 -3.24391440466136 4.05675875643936 5.63592837571064
2024-06-06T13:40:15.000 5120.412742344340 3185.819635412820 3121.364782712710 -4.97081232004818 3.21211658935365 4.86895884611113
2024-06-06T13:44:15.000 3755.424164872090 3831.304828339850 4161.634959918140 -6.33435350831489 2.13419221873412 3.74696225278459
2024-06-06T13:48:15.000 2116.981828270210 4197.848185010170 4898.050518482230 -7.23579902885947 0.90183046695478 2.35241129067987
2024-06-06T13:52:15.000 324.495182703842 4258.987006058440 5277.104460650130 -7.61034631924050 -0.39534209364257 0.78716287622397
2024-06-06T13:56:15.000 -1491.597276369120 4010.421970075850 5271.326017580850 -7.43138563544268 -1.66336691313655 -0.83499538990672
2024-06-06T14:00:15.000 -3199.230740650070 3470.258521168390 4881.171549322560 -6.71198117409674 -2.81058113966401 -2.39647793543069
2024-06-06T14:04:15.000 -4674.156074332400 2677.695270290320 4134.974938578210 -5.50386033388807 -3.75387717508999 -3.78388968734199
2024-06-06T14:08:15.000 -5808.879063796560 1690.261918545400 3086.985490261220 -3.89418070441500 -4.42452573745266 -4.89595451055020
2024-06-06T14:12:15.000 -6520.528099661310 579.739442696065 1813.546592603040 -1.99979513603565 -4.77325883394248 -5.65101559426109
2024-06-06T14:16:15.000 -6757.042030742610 -573.015180614159 407.598190823241 0.04094940350612 -4.77426550911738 -5.99335241636699
2024-06-06T14:20:15.000 -6501.124993512950 -1684.009793891480 -1028.138411605740 2.07854566286915 -4.42741133069239 -5.89772961211159
2024-06-06T14:24:15.000 -5771.566506104690 -2672.327203653880 -2388.769344778210 3.96370294798049 -3.75829281502058 -5.37140201012082
2024-06-06T14:28:15.000 -4621.814969243130 -3466.105638153470 -3575.013474591580 5.55876237111789 -2.81627867902066 -4.45356065322804
2024-06-06T14:32:15.000 -3135.898620090710 -4007.801322934900 -4500.518139091810 6.74811425459617 -1.67049684551492 -3.21198705338523
2024-06-06T14:36:15.000 -1422.107810519600 -4258.295326551210 -5098.092731344680 7.44631837966294 -0.40437910520600 -1.73752581721586
2024-06-06T14:40:15.000 394.956119243056 -4199.599858740540 -5324.443405342820 7.60359718092489 0.89047293317085 -0.13726441886921
2024-06-06T14:44:15.000 2183.351985548690 -3836.049896043550 -5163.171523274320 7.20885572525214 2.12071060286258 1.47307025437199
2024-06-06T14:48:15.000 3813.194592978140 -3193.953791970450 -4625.900449507200 6.29021703496063 3.19761405875628 2.97701384454326
2024-06-06T14:52:15.000 5165.902775946230 -2319.754325418710 -3751.495436567910 4.91328894386725 4.04307315022954 4.26532669089168
2024-06-06T14:56:15.000 6142.763333710250 -1276.802809760910 -2603.396854562000 3.17714273387637 4.59518540472136 5.24371365130109
2024-06-06T15:00:15.000 6672.220199792950 -140.872200565496 -1265.162839756190 1.20771607186729 4.81303089077613 5.83990925590189
2024-06-06T15:04:15.000 6715.299946636180 1005.318313281280 165.542160629583 -0.85105785809415 4.68008320201961 6.00945471978640
2024-06-06T15:08:15.000 6268.664266042700 2078.195755446560 1584.130816236560 -2.84808812080232 4.20583882733456 5.73954445130356
2024-06-06T15:12:15.000 5364.923219445640 2999.543335060320 2886.877860126330 -4.63682202739505 3.42513849026969 5.05011334463331
2024-06-06T15:16:15.000 4070.183709243760 3702.296093156730 3978.637498608440 -6.08649136745173 2.39545904589298 3.99223087936797
2024-06-06T15:20:15.000 2479.034160336100 4135.450215643220 4779.851188857960 -7.09193573745423 1.19226772075103 2.64382060792551
2024-06-06T15:24:15.000 707.476935749073 4267.697657156030 5232.281013296450 -7.58085569099673 -0.09682197520235 1.10347594746793
2024-06-06T15:28:15.000 -1115.553930124620 4089.574435305700 5303.107991242310 -7.51832425316077 -1.37844594944549 -0.51682674329712
2024-06-06T15:32:15.000 -2857.469714358430 3614.076753103110 4987.219289350740 -6.90899729233190 -2.55989737189111 -2.09953366482853
2024-06-06T15:36:15.000 -4391.539629055660 2875.715628032510 4307.557738012850 -5.79672491582228 -3.55563543035120 -3.52976595264421
2024-06-06T15:40:15.000 -5605.992116346210 1928.076780942030 3313.522038506100 -4.26167863611899 -4.29318103435324 -4.70323722304891
2024-06-06T15:44:15.000 -6412.160730151410 840.030770690783 2077.495483755660 -2.41512245425850 -4.71845729515654 -5.53389159792279
2024-06-06T15:48:15.000 -6751.071252198390 -309.216228485715 689.664216518084 -0.39178183765361 -4.80000739192844 -5.96041992358659
2024-06-06T15:52:15.000 -6597.928853230500 -1435.918403851780 -748.571238356259 1.66008249813821 -4.53174378115899 -5.95134570224094
2024-06-06T15:56:15.000 -5964.005956217820 -2457.987720614870 -2132.116506461510 3.59008641239163 -3.93348229448168 -5.50754218905948
2024-06-06T16:00:15.000 -4895.774870236790 -3301.069612560350 -3359.980757431640 5.25717177057568 -3.04941729262032 -4.66209711059323
2024-06-06T16:04:15.000 -3471.358489393010 -3903.999829463490 -4342.729458426690 6.54028642043614 -1.94452391730433 -3.47754820405329
2024-06-06T16:08:15.000 -1794.637316707820 -4223.197401246690 -5008.976827391030 7.34707230648683 -0.69940662737783 -2.04075251592859
2024-06-06T16:12:15.000 12.422081873055 -4235.705029797170 -5310.443745399850 7.61996641644719 0.59573041933454 -0.45620903624829
2024-06-06T16:15:56.000 1678.725521999690 -3974.921964391990 -5246.168297476450 7.38178947820215 1.75213576344368 1.03491687769736
2024-06-06T16:19:56.000 3367.909675060480 -3415.189755735720 -4809.784479885970 6.60883633410236 2.88399305151067 2.57956449918714
2024-06-06T16:23:56.000 4812.384112859660 -2607.336207334820 -4022.945584900320 5.35477347584295 3.80720173429469 3.93753598633981
2024-06-06T16:27:56.000 5906.835983457130 -1609.868208836260 -2942.691530535670 3.70962775632833 4.45437770998942 5.00963221061729
2024-06-06T16:31:56.000 6571.189690190260 -495.201811143886 -1647.580628936160 1.79248524621334 4.77775653917293 5.71688217816781
2024-06-06T16:35:56.000 6756.627728162360 655.540672231947 -232.064995385067 -0.25682086217057 4.75307107615404 6.00670543948635
2024-06-06T16:39:56.000 6449.369219934630 1758.472235918980 1200.411401833080 -2.28799635190293 4.38175627206013 5.85730438329518
2024-06-06T16:43:56.000 5671.806649869380 2733.170561304190 2545.097729349260 -4.15189002071525 3.69107241199771 5.27968061545534
2024-06-06T16:47:56.000 4480.816101936200 3508.654776579420 3703.748705903750 -5.71212923612402 2.73188812919166 4.31663709736518
2024-06-06T16:51:56.000 2963.440148062850 4028.586861298880 4591.870669827900 -6.85522085346845 1.57455955729993 3.03919575872725
2024-06-06T16:55:56.000 1230.376482749360 4255.330512201900 5144.860418372230 -7.49870989444214 0.30357552300879 1.54099513872181
2024-06-06T16:59:56.000 -592.191973106827 4172.580159882480 5322.593949118480 -7.59665055144777 -0.98890404178704 -0.06888082724092
2024-06-06T17:03:56.000 -2371.715613598040 3786.423451424340 5112.202533522500 -7.14216880580025 -2.20946397625815 -1.67370079544674
2024-06-06T17:07:56.000 -3978.750660515420 3124.891776225770 4528.960875100640 -6.16792222554461 -3.26972832560472 -3.15701099238926
2024-06-06T17:11:56.000 -5296.262061717980 2235.984890390770 3615.240903116330 -4.74407643896981 -4.09266244282280 -4.41081070785034
2024-06-06T17:15:56.000 -6228.113794749130 1184.274389382470 2437.539635860320 -2.97367235314026 -4.61805909165804 -5.34328803440936
2024-06-06T17:19:56.000 -6706.169610275080 46.285625129027 1081.743075946920 -0.98563740114450 -4.80717426603671 -5.88572704312778
2024-06-06T17:23:56.000 -6695.437608468160 -1095.071779336780 -353.112825365291 1.07448997559849 -4.64594353574981 -5.99803576343394
2024-06-06T17:27:56.000 -6196.750258133120 -2156.622429745400 -1762.163666195020 3.05562758220545 -4.14625278788535 -5.67206491641076
2024-06-06T17:31:56.000 -5246.696685380730 -3061.094831621980 -3042.511994323530 4.81282846314605 -3.34507062160479 -4.93221834389886
2024-06-06T17:35:56.000 -3914.807295809840 -3742.808050768230 -4100.835663352680 6.21823403969704 -2.30136536613157 -3.83332860837967
2024-06-06T17:39:56.000 -2298.293191170060 -4152.422288545180 -4860.194957327450 7.17040087132348 -1.09144419392319 -2.45615973401616
2024-06-06T17:43:56.000 -514.825846966434 -4260.415605459950 -5265.527707367420 7.60119451117056 0.19687426624407 -0.90109644085445
2024-06-06T17:47:56.000 1306.020073214770 -4059.095367193390 -5287.491004994980 7.48005519835530 1.47057591723690 0.71919811167742
2024-06-06T17:51:56.000 3032.038748234070 -3563.070469486020 -4924.469773841640 6.81568740774854 2.63788182060413 2.28764247366881
2024-06-06T17:55:56.000 4537.783095279940 -2808.210690919990 -4202.689830461590 5.65543429526832 3.61440380921582 3.69062718729910
2024-06-06T17:59:56.000 5713.542775602900 -1849.157954445600 -3174.437972087760 4.08240535261815 4.32902573305658 4.82587218666811
2024-06-06T18:03:56.000 6473.346983179710 -755.504345256982 -1914.441629039590 2.21026051286300 4.72909113654308 5.60983782032693
2024-06-06T18:07:56.000 6761.420475099520 393.185595149910 -514.555547343465 0.17544425875134 4.78475644482219 5.98432566853675
2024-06-06T18:11:56.000 6556.468111047100 1513.197187660010 922.946461966958 -1.87297299833330 4.49152515896402 5.92130479883297
2024-06-06T18:15:56.000 5873.368896962690 2522.853902220270 2292.944305050060 -3.78455285878405 3.87081517943915 5.42529064350704
2024-06-06T18:19:56.000 4762.090578023300 3348.593967895510 3495.310504999750 -5.41924270400144 2.96836705217273 4.53306465828526
2024-06-06T18:23:56.000 3303.885926085990 3930.396336216740 4442.328473573050 -6.65801322525404 1.85050805748966 3.31054731833234
2024-06-06T18:27:56.000 1605.172564062220 4226.109961791390 5065.076241275690 -7.41136891772022 0.59886718023420 1.84739668774674
2024-06-06T18:31:56.000 -210.313106646844 4214.417693011210 5318.340908301180 -7.62531110595499 -0.69562373563070 0.25032526581684
2024-06-06T18:35:56.000 -2010.514936124140 3896.279535434330 5183.787945313340 -7.28480113903463 -1.93937433714404 -1.36476198657453
2024-06-06T18:39:56.000 -3664.516590722550 3294.795608615360 4671.197223474920 -6.41430910951086 -3.04247990809729 -2.88079783039524
2024-06-06T18:43:56.000 -5051.898257146050 2453.592609115610 3817.790750040200 -5.07640454479401 -3.92481390300000 -4.18749782528290
2024-06-06T18:47:56.000 -6071.463955539730 1433.758930343020 2685.651261928620 -3.36783056502696 -4.52190749796167 -5.18926894470269
2024-06-06T18:51:56.000 -6648.694918776010 309.477616444759 1357.308056362800 -1.41285943376048 -4.78980815783642 -5.81239293011242
2024-06-06T18:55:56.000 -6741.341392565370 -837.354761362302 -70.234756756351 0.64552748246202 -4.70865112361606 -6.01079636222804
2024-06-06T18:59:56.000 -6342.655541536120 -1923.158684075490 -1492.644116020680 2.65637380876533 -4.28439701785453 -5.76992093224532
2024-06-06T19:03:56.000 -5481.906280344170 -2868.866691427350 -2806.017874135390 4.47242520139594 -3.54843320032312 -5.10785999991649
2024-06-06T19:07:56.000 -4222.126839029400 -3605.761423154850 -3914.582416043670 5.96136369444288 -2.55502875795223 -4.07377816607742
2024-06-06T19:11:56.000 -2655.316448659530 -4080.469342177610 -4737.703030845170 7.01556204007640 -1.37691615665681 -2.74379411020073
2024-06-06T19:15:56.000 -895.582980848559 -4258.735804338840 -5215.661305248620 7.55942927148519 -0.09970592007107 -1.21498724757714
2024-06-06T19:19:56.000 929.181791299109 -4127.782386169510 -5313.843907992140 7.55426805367107 1.18431656173899 0.40177901136739
2024-06-06T19:23:56.000 2686.475611465180 -3697.139292626140 -5025.127424616820 7.00054114000610 2.38259715813208 1.98961066990719
2024-06-06T19:27:56.000 4248.616439143490 -2997.949559487810 -4370.365226516520 5.93772868536278 3.40860400547223 3.43359001074401
2024-06-06T19:31:56.000 5501.855477673720 -2080.804812389740 -3396.963760572270 4.44185971579571 4.18774775441151 4.62864913466596
2024-06-06T19:35:56.000 6354.626851379160 -1012.218402619100 -2175.614213429850 2.62079037287808 4.66278375325410 5.48701312322246
2024-06-06T19:39:56.000 6744.376621607240 130.107805686416 -795.305208656200 0.60700506729342 4.79836284481386 5.94502013771950
2024-06-06T19:43:56.000 6642.363202506950 1262.936300180650 643.142623228262 -1.45198941944563 4.58407487612359 5.96845140071486
2024-06-06T19:47:56.000 6055.919414179190 2303.655788576250 2034.545816455690 -3.40503191146700 4.03552346996655 5.55540858606733
2024-06-06T19:51:56.000 5027.930314268160 3176.420146823790 3277.187942958590 -5.10892765282924 3.19310655724317 4.73648974260356
2024-06-06T19:55:56.000 3633.585630247800 3817.750895468460 4280.371430088660 -6.43937826829429 2.11879389012932 3.57228797520896
2024-06-06T19:59:56.000 1974.697286525940 4181.147494833040 4971.059612935760 -7.30013393474527 0.89116843533242 2.14836879853388
2024-06-06T20:03:56.000 172.140079146760 4240.375919022490 5299.092495472090 -7.62944029738468 -0.40051140989456 0.56861447787878
2024-06-06T20:07:56.000 -1642.939842635170 3991.264483700140 5240.700237909420 -7.40390711318231 -1.66273924533205 -1.05222756019457
2024-06-06T20:11:56.000 -3338.554471937530 3451.935818599780 4800.152603872870 -6.63989980783923 -2.80431495824325 -2.59663117100406
2024-06-06T20:15:56.000 -4791.310230718650 2661.502609484520 4009.444415367690 -5.39230548722326 -3.74250529460431 -3.95239352150536
2024-06-06T20:19:56.000 -5895.296907315900 1677.332535723100 2926.070355041680 -3.75114495799676 -4.40885480961915 -5.02050495099007
2024-06-06T20:23:56.000 -6569.857603038440 570.982286092901 1628.967690100400 -1.83564794590283 -4.75436693656712 -5.72244065416132
2024-06-06T20:27:56.000 -6765.629844395310 -576.981138173733 212.824910061787 0.21422815381483 -4.75346163875482 -6.00634208818035
2024-06-06T20:31:56.000 -6468.303508797800 -1682.898067706050 -1218.870073141410 2.24820184617412 -4.40615468891062 -5.85126314556049
2024-06-06T20:35:56.000 -5699.723513867480 -2666.216858511950 -2561.516754124180 4.11722584870443 -3.73815966362544 -5.26893733280422
2024-06-06T20:39:56.000 -4516.198828818210 -3455.450883946160 -3717.169465410070 5.68496919258282 -2.79877728526750 -4.30267181049487
2024-06-06T20:43:56.000 -3004.206291363220 -3993.391427204630 -4601.725015296940 6.83789810189845 -1.65688860692049 -3.02372350357408
2024-06-06T20:47:56.000 -1273.911700894830 -4241.182164501070 -5150.979581469640 7.49323656211816 -0.39557925448523 -1.52557129882083
2024-06-06T20:51:56.000 548.896520650846 -4181.008411385180 -5325.141582679740 7.60425046736501 0.89393668540094 0.08304889448209
2024-06-06T20:55:56.000 2331.849064299660 -3817.285199896550 -5111.585371805860 7.16309098395203 2.11869386817700 1.68581053356970
2024-06-06T20:59:56.000 3945.420634848260 -3176.317668638380 -4525.722522296920 6.20119236147900 3.19027785280360 3.16672590792796
2024-06-06T21:03:56.000 5272.177781462920 -2304.471144373230 -3609.958118640810 4.78735417274710 4.03091324416002 4.41816286848841
2024-06-06T21:07:56.000 6215.265143926020 -1264.936875359560 -2430.757086156470 3.02333241382556 4.57903036853199 5.34845676382075
2024-06-06T21:11:56.000 6705.559194196940 -133.257764832650 -1073.975928243300 1.03716972856722 4.79395303867715 5.88874635154531
2024-06-06T21:15:56.000 6706.944237083000 1008.129659685550 361.323090903453 -1.02580769969623 4.65936726224001 5.99864131479024
2024-06-06T21:19:56.000 6219.163329928510 2075.984981196600 1770.184941610500 -3.01407579386540 4.18496171812999 5.66979848073288
2024-06-06T21:23:56.000 5277.880043618120 2992.461539349040 3049.595068673450 -4.78175675748865 3.40569128499872 4.92659902494905
2024-06-06T21:27:56.000 3951.963192758940 3690.870263985820 4106.136961845830 -6.19978091395110 2.37893747677540 3.82408170235633
2024-06-06T21:31:56.000 2338.269288519740 4120.535361996810 4862.847245472750 -7.16537539799966 1.17988495017067 2.44338611277716
2024-06-06T21:35:56.000 554.432704898836 4250.397822335610 5264.746742024560 -7.60912220254559 -0.10418975001677 0.88541019499779
2024-06-06T21:39:56.000 -1269.729130126260 4071.167612882840 5282.708433489640 -7.49944328071331 -1.38024939947865 -0.73661902216662
2024-06-06T21:43:56.000 -3001.565061515140 3595.918376086450 4915.462409116420 -6.84438918590839 -2.55604573640456 -2.30510961571539
2024-06-06T21:47:56.000 -4515.078072418180 2859.131875564200 4189.682871057080 -5.69106771106577 -3.54645034401765 -3.70615461858133
2024-06-06T21:51:56.000 -5699.986097517080 1914.272003604290 3158.132204275780 -4.12263218187345 -4.27935165725644 -4.83754948330194
2024-06-06T21:55:56.000 -6469.773127065030 830.004815833973 1895.942322493770 -2.25285494756819 -4.70099264223869 -5.61626425279541
2024-06-06T21:59:56.000 -6768.131320663800 -314.742434902998 495.219102554479 -0.21818840671348 -4.78020966465576 -5.98482714569951
2024-06-06T22:03:56.000 -6573.234658835940 -1436.558265989740 -941.696490914489 1.83229354740971 -4.51107584217141 -5.91600793018238
2024-06-06T22:07:56.000 -5899.420550352700 -2453.719175508380 -2309.812151416410 3.74825646182637 -3.91351225668970 -5.41511016339934
2024-06-06T22:11:56.000 -4796.081354048990 -3292.247364163710 -3509.292721220300 5.38979900436502 -3.03167827873841 -4.51947104338817
2024-06-06T22:15:56.000 -3343.875083152650 -3891.320953860900 -4452.807190577540 6.63785604403148 -1.93031862902088 -3.29523311359767
2024-06-06T22:19:56.000 -1648.663974211670 -4207.635150314950 -5071.842419774420 7.40267507791913 -0.68971064473000 -1.83202581526130
2024-06-06T22:23:56.000 166.279649793466 -4218.415846108170 -5321.541254372990 7.62966972750502 0.60036641789833 -0.23614365390804
2024-06-06T22:27:56.000 1969.154251040490 -3922.951424160040 -5183.808474506310 7.30269962298896 1.84689456310862 1.37698245222028
2024-06-06T22:31:56.000 3629.016506379360 -3342.608140608620 -4668.561363316720 6.44501649734595 2.95995575158792 2.89068511056460
2024-06-06T22:35:56.000 5025.111894560860 -2519.346973326460 -3813.067301007380 5.11785661600459 3.85884123342592 4.19502854671912
2024-06-06T22:39:56.000 6055.590524140660 -1512.807638887260 -2679.385971570070 3.41666555823995 4.47785631408811 5.19461765857700
2024-06-06T22:43:56.000 6644.997549115630 -396.089022781354 -1350.007071450180 1.46470429819477 4.77125089456126 5.81567734731393
2024-06-06T22:47:56.000 6749.966180249980 749.503630594901 78.065458118534 -0.59548837702905 4.71690391906006 6.01187276259223
2024-06-06T22:51:56.000 6362.613802539000 1840.430889836450 1500.422747917630 -2.61264959235766 4.31849462540379 5.76831853991205
2024-06-06T22:55:56.000 5511.226906127970 2797.137888529590 2813.037813891980 -4.43864081537128 3.60532622411995 5.10305486575253
2024-06-06T22:59:56.000 4258.110396212030 3549.961006998880 3920.023819644220 -5.93991066709246 2.62996412103768 4.06539082192449
2024-06-06T23:03:56.000 2694.852565123140 4044.234611080390 4740.696936675910 -7.00747705562757 1.46397549106182 2.73182724665383
2024-06-06T23:07:56.000 935.464866487788 4244.197592221480 5215.397344027060 -7.56449478425764 0.19233241305344 1.19993482673185
2024-06-06T23:11:56.000 -891.971342024619 4135.473674014490 5309.699368653620 -7.57117199020189 -1.09278783996081 -0.41883445263671
2024-06-06T23:15:56.000 -2654.545510790490 3726.032889484790 5016.807316732410 -7.02726724153375 -2.29843429645481 -2.00705185119549
2024-06-06T23:19:56.000 -4224.043960245110 3045.594533645910 4358.001976880500 -5.97190832361769 -3.33735256533041 -3.44950548146499
2024-06-06T23:23:56.000 -5486.143718103780 2143.533102441620 3381.164843353610 -4.48114404670116 -4.13398477382205 -4.64105932558891
2024-06-06T23:27:56.000 -6348.734292495230 1085.389323313540 2157.417244773520 -2.66297340347646 -4.63000450300318 -5.49438727141526
2024-06-06T23:31:56.000 -6748.742753331950 -51.825873321451 776.030556638555 -0.64994975970153 -4.78882014626996 -5.94656466023340
2024-06-06T23:35:56.000 -6656.905766713530 -1185.256109328860 -662.079133776114 1.41050041103501 -4.59865437695869 -5.96415220499448
2024-06-06T23:39:56.000 -6080.017044575710 -2232.321998516010 -2051.820042620110 3.36728960199133 -4.07359842987285 -5.54604335944599
2024-06-06T23:43:56.000 -5060.393133318130 -3116.842843943260 -3291.742195395520 5.07738379340079 -3.25250815275878 -4.72345984216227
2024-06-06T23:47:56.000 -3672.617675962610 -3774.629361690290 -4291.526535268830 6.41659948749848 -2.19576820056825 -3.55727337434227
2024-06-06T23:51:56.000 -2017.905719964520 -4158.097358932110 -4978.537033942460 7.28845832588816 -0.98046965850310 -2.13299001475616
2024-06-06T23:55:56.000 -216.635576549961 -4239.603768857250 -5302.976016914550 7.63062317525839 0.30531166875101 -0.55423703460498
2024-06-06T23:59:56.000 1600.367762230960 -4013.332709026350 -5241.343835015930 7.41878655860898 1.56883566067355 1.06475729435624
2024-06-07T00:03:56.000 3301.159959761850 -3495.651037887790 -4798.049088019190 6.66796790108693 2.71901475642819 2.60696414728638
2024-06-07T00:07:56.000 4762.060438873950 -2723.972690689150 -4005.130366290520 5.43168171982501 3.67256495738505 3.96049374784334
2024-06-07T00:11:56.000 5876.548567738600 -1754.168604732560 -2920.070890329100 3.79865926347653 4.35989112830845 5.02646870872355
2024-06-07T00:15:56.000 6563.079824335330 -656.638652287309 -1621.786151956660 1.88713548062165 4.73032009971155 5.72632808706761
2024-06-07T00:19:56.000 6771.214273772210 488.751612205979 -204.966540877324 -0.16350983091399 4.75618034012798 6.00805257181451
2024-06-07T00:23:56.000 6485.496868874440 1598.505955387440 1226.836365934330 -2.20289865499341 4.43514326415228 5.85036093919008
2024-06-07T00:27:56.000 5726.743824953270 2591.687358947730 2568.895728635250 -4.08118965548121 3.79074789283160 5.26485138061341
2024-06-07T00:31:56.000 4550.475812997380 3395.940731914810 3723.138225622590 -5.66086894126065 2.87047618263392 4.29494976429391
2024-06-07T00:35:56.000 3042.692869062310 3952.812872428360 4605.384615807560 -6.82700730410236 1.74191669550292 3.01222160770015
2024-06-07T00:39:56.000 1313.423379654680 4221.968221117780 5151.462238972930 -7.49547581676264 0.48748740094907 1.51072365413670
2024-06-07T00:43:56.000 -511.395495516190 4184.015239955520 5321.757216554370 -7.61850811779976 -0.80176771359733 -0.10020789408448
2024-06-07T00:47:56.000 -2299.029720816590 3841.802110242490 5103.958148947050 -7.18748874583740 -2.03262675047201 -1.70370598453947
2024-06-07T00:51:56.000 -3919.449893635790 3220.181229413360 4513.905315402980 -6.23347953213954 -3.11600490934521 -3.18341113998186
2024-06-07T00:55:56.000 -5254.667829022220 2364.253244288940 3594.482396706520 -4.82518769190941 -3.97324583332201 -4.43164088353030
2024-06-07T00:59:56.000 -6207.278719883910 1336.184162820110 2412.607908810750 -3.06451219864503 -4.54167529552218 -5.35702298212736
2024-06-07T01:03:56.000 -6707.652696253250 210.768615805713 1054.469670743680 -1.07965450030174 -4.77942911512577 -5.89139005533945
2024-06-07T01:07:56.000 -6719.185464508590 -930.009897390840 -380.731041491207 0.98409111551242 -4.66890272515825 -5.99523185067370
2024-06-07T01:11:56.000 -6241.098157851580 -2003.030763741110 -1788.111425178170 2.97541464865191 -4.21829810914083 -5.66103932848736
2024-06-07T01:15:56.000 -5308.479103032860 -2930.193249920500 -3064.905475352140 4.74864315879402 -3.46094870399291 -4.91381815877763
2024-06-07T01:19:56.000 -3989.591139467910 -3644.160128230420 -4118.065565332000 6.17474097579227 -2.45262942143273 -3.80897893982546
2024-06-07T01:23:56.000 -2380.692723268340 -4093.246429738180 -4871.048746695520 7.15083977501041 -1.26710612645456 -2.42770504090152
2024-06-07T01:27:56.000 -598.873964391901 -4245.056819896360 -5269.261919000560 7.60711542372336 0.00963726506890 -0.87056475706561
2024-06-07T01:31:56.000 1226.429797803330 -4088.694427511140 -5283.859075825860 7.51105353111002 1.28546315785161 0.74968984154140
2024-06-07T01:35:56.000 2962.686928690520 -3635.481192205000 -4913.740203830100 6.86948066994144 2.46841977148823 2.31594646264797
2024-06-07T01:39:56.000 4483.693562990840 -2918.157589959120 -4185.633856993400 5.72803403479676 3.47298016842390 3.71472163546274
2024-06-07T01:43:56.000 5678.611400807010 -1988.626231734800 -3152.286481640250 4.16848244473593 4.22594555068236 4.84397455706215
2024-06-07T01:47:56.000 6460.069914552720 -914.324193301556 -1888.803399621360 2.30352430801694 4.67189787522797 5.62060966534793
2024-06-07T01:51:56.000 6770.708971443730 226.597483076070 -487.299888449083 0.26908165086452 4.77760813312043 5.98694175740783
2024-06-07T01:55:56.000 6587.592211030690 1350.990046398670 949.824079325816 -1.78576550902946 4.53496438141853 5.91555921454562
2024-06-07T01:59:56.000 5924.002692666530 2376.859996225810 2317.472924491670 -3.71017514554805 3.96164714171220 5.41157195223609
2024-06-07T02:03:56.000 4828.484276980530 3229.448966760770 3515.679255747050 -5.36307793780840 3.09989553244700 4.51232280205811
2024-06-07T02:07:56.000 3381.156787959090 3846.764812320890 4457.019501161850 -6.62407293114785 2.01310926888647 3.28425953833819
2024-06-07T02:11:56.000 1687.668115196210 4184.062917242400 5072.982872711230 -7.40202408590476 0.78068423486853 1.81750256505402
2024-06-07T02:15:56.000 -128.605487263427 4216.996055856230 5318.860384052680 -7.64116482026963 -0.50783394043100 0.21904250809875
2024-06-07T02:19:56.000 -1935.530680748960 3943.283148805600 5176.867867528230 -7.32463487442508 -1.75919426528671 -1.39508166467815
2024-06-07T02:23:56.000 -3601.700898477740 3382.816835822230 4657.348086673120 -6.47527626175560 -2.88292237306630 -2.90785035333686
2024-06-07T02:27:56.000 -5005.834912943130 2576.255874637980 3798.049334650470 -5.15421524508511 -3.79745729668258 -4.20924863293840
2024-06-07T02:31:56.000 -6045.551258277150 1582.164210027770 2661.488306106570 -3.45693652237878 -4.43606890170953 -5.20413641223399
2024-06-07T02:35:56.000 -6644.891010804850 472.834593271740 1330.515372090820 -1.50688334540711 -4.75182700597899 -5.81931428228173
2024-06-07T02:39:56.000 -6760.015608503520 -670.947961762425 -97.686123376403 0.55337774048566 -4.72138563632662 -6.00934525729029
2024-06-07T02:43:56.000 -6382.544711567710 -1765.844210209340 -1518.753880572440 2.57280820863730 -4.34697587344634 -5.76027062555193
2024-06-07T02:47:56.000 -5540.202441192450 -2732.136443536700 -2828.900539295820 4.40354506611944 -3.65634623925622 -5.09079499340539
2024-06-07T02:51:56.000 -4294.671856108790 -3499.616964823420 -3932.606853114980 5.91224381778569 -2.70043892892169 -4.05061525573611
2024-06-07T02:55:56.000 -2736.897026903370 -4012.685695586290 -4749.605857650350 6.98985992019098 -1.54922192485882 -2.71626041856478
2024-06-07T02:59:56.000 -980.307553168199 -4234.290420420310 -5220.631928331560 7.55911073520785 -0.28634076268873 -1.18510585352786
2024-06-07T03:03:56.000 847.460291795590 -4148.489895366660 -5311.571985997430 7.57947200346135 0.99698715689588 0.43190795217172
2024-06-07T03:07:56.000 2613.702379999420 -3761.513130916590 -5015.800301312030 7.04944153802394 2.20827429405977 2.01793320669154
2024-06-07T03:11:56.000 4190.076893403070 -3101.310547874730 -4354.657931924460 6.00670260153831 3.26002716328094 3.45811962421634
2024-06-07T03:15:56.000 5461.780372578470 -2215.626155745910 -3376.007022525530 4.52580778447494 4.07576033488756 4.64759031252636
2024-06-07T03:19:56.000 6335.890570541850 -1168.676764595660 -2150.930403597640 2.71357894443618 4.59557248003383 5.49893580610848
2024-06-07T03:23:56.000 6748.297004610810 -36.580014000165 -768.695268366567 0.70186093750935 4.78085293049307 5.94905333864141
2024-06-07T03:27:56.000 6668.599090128880 1098.173315257480 669.737007232089 -1.36202146450868 4.61751547706852 5.96428413875860
2024-06-07T03:31:56.000 6102.500589052180 2152.818741149520 2059.178305533110 -3.32648729038337 4.11741531366688 5.54332590833863
2024-06-07T03:35:56.000 5091.409877990840 3050.483613678030 3298.051526363320 -5.04751126812300 3.31744319831983 4.71735260731622
2024-06-07T03:39:56.000 3709.290832280950 3725.865008954340 4295.921665571810 -6.39950889096525 2.27648462216894 3.54740905353670
2024-06-07T03:43:56.000 2057.087691047980 4129.984307610470 4980.129517980140 -7.28462753261170 1.07075965779360 2.11957639873771
2024-06-07T03:47:56.000 255.201844016218 4233.645105842820 5300.990963983080 -7.63937674204976 -0.21209876395826 0.53801517560160
2024-06-07T03:51:56.000 -1565.255402611540 4029.439406565430 5235.264128730650 -7.43849469582763 -1.47922020363316 -1.08236890991726
2024-06-07T03:55:56.000 -3271.889456211610 3532.230369818940 4787.766223322200 -6.69659057347768 -2.63896388111547 -2.62403883220651
2024-06-07T03:59:56.000 -4740.513188546750 2778.086812957080 3991.016459347260 -5.46705641923877 -3.60728061092021 -3.97501710587217
2024-06-07T04:03:56.000 -5864.086274944140 1821.746970894860 2902.958668695840 -3.83863548957238 -4.31358558054942 -5.03667676814057
2024-06-07T04:07:56.000 -6560.551328271570 732.735199983969 1602.872490424190 -1.92959582819069 -4.70604225877999 -5.73097940914581
2024-06-07T04:11:56.000 -6778.971489697300 -409.658821681256 185.661572395324 0.12058782678380 -4.75567062664861 -6.00665896363953
2024-06-07T04:15:56.000 -6503.400765048010 -1522.198087034140 -1245.120109782470 2.16165148938383 -4.45880617011434 -5.84339413881231
2024-06-07T04:19:56.000 -5754.102077725570 -2523.863687718290 -2584.954001502420 4.04408511200211 -3.83746717899924 -5.25351902488844
2024-06-07T04:23:56.000 -4585.974475372040 -3341.839651594100 -3736.114358010260 5.63059501151317 -2.93752240556508 -4.28089475651130
2024-06-07T04:27:56.000 -3084.360906100950 -3916.825456610800 -4614.839638490720 6.80632310613952 -1.82496669581609 -2.99721305791476
2024-06-07T04:31:56.000 -1358.652786902930 -4207.266422510880 -5157.353202520290 7.48683845084235 -0.58074532015192 -1.49624435872439
2024-06-07T04:35:56.000 465.713316241839 -4192.237801538870 -5324.346980082010 7.62355893429919 0.70520030404882 0.11309929678758
2024-06-07T04:39:56.000 2256.268152555610 -3872.857811900750 -5103.704787005920 7.20675500202024 1.94017161406989 1.71447070761714
2024-06-07T04:43:56.000 3882.938649627690 -3272.190355074540 -4511.326758356930 6.26600050487011 3.03502650847537 3.19204421413407
2024-06-07T04:47:56.000 5227.317468128410 -2433.655558285770 -3590.070455407180 4.86847848263003 3.91026920611571 4.43832714475091
2024-06-07T04:51:56.000 6191.241771250610 -1418.013422666050 -2406.804873249370 3.11477960773445 4.50178623249640 5.36194136395429
2024-06-07T04:55:56.000 6704.061784583640 -299.070090972851 -1047.701022823910 1.13230146002208 4.76571803593939 5.89449166257547
2024-06-07T04:59:56.000 6728.029983038040 841.668296121965 388.000831877764 -0.93390899570491 4.68222520830740 5.99623670074567
2024-06-07T05:03:56.000 6261.236007322870 1921.006556418210 1795.318150289100 -2.93215794145473 4.25719621932201 5.65940108985879
2024-06-07T05:07:56.000 5337.811394162800 2860.244382465430 3071.338558014310 -4.71575525330190 3.52196432263723 4.90891851480965
2024-06-07T05:11:56.000 4025.335417360140 3591.017351751730 4122.881482967800 -6.15443627387631 2.53071548447467 3.80035010708276
2024-06-07T05:15:56.000 2419.711279460420 4060.287833663420 4873.338481035720 -7.14386504178253 1.35614138274191 2.41533645948025
2024-06-07T05:19:56.000 638.006551439938 4234.122482868090 5268.195307646770 -7.61297481931673 0.08375584907501 0.85513105201669
2024-06-07T05:23:56.000 -1190.113590670940 4100.038338022070 5278.842582556970 -7.52837020137736 -1.19427948397486 -0.76692025172472
2024-06-07T05:27:56.000 -2931.702853852660 3667.823454463140 4904.545824057970 -6.89623641542911 -2.38557995954079 -2.33319563012831
2024-06-07T05:31:56.000 -4460.046889391300 2968.836443211380 4172.506130943740 -5.76207235144878 -3.40383464589273 -3.72990633678494
2024-06-07T05:35:56.000 -5663.798547986560 2053.800448641240 3135.953906206590 -4.20770841219974 -4.17495599694085 -4.85522114160636
2024-06-07T05:39:56.000 -6455.085671798310 989.207249533380 1870.386908278500 -2.34585844484834 -4.64244521917575 -5.62656068381381
2024-06-07T05:43:56.000 -6776.046300181050 -147.455526698034 468.158932725689 -0.31239553621885 -4.77180357979388 -5.98699441954450
2024-06-07T05:47:56.000 -6603.221163950410 -1273.372515761160 -968.281121641576 1.74368677590926 -4.55345624329199 -5.90990932331618
2024-06-07T05:51:56.000 -5949.350235995900 -2306.529058678640 -2333.985199611780 3.67168670015802 -4.00361437945630 -5.40124422863356
2024-06-07T05:55:56.000 -4862.373542057590 -3171.784485257400 -3529.306793008840 5.33085231176230 -3.16294390740776 -4.49889962189841
2024-06-07T05:59:56.000 -3421.750083983580 -3806.371676762110 -4467.228138605450 6.60087989725035 -2.09318702292389 -3.26948013749451
2024-06-07T06:03:56.000 -1732.484929640250 -4164.395721868560 -5079.644034053870 7.39041017292410 -0.87229775896038 -1.80294952492644
2024-06-07T06:07:56.000 82.592237753390 -4220.041905563790 -5322.171841990320 7.64304685342478 0.41136254002352 -0.20581725791698
2024-06-07T06:11:56.000 1891.677256728990 -3969.327840698350 -5177.225061786790 7.34075568818868 1.66526252668662 1.40641402135014
2024-06-07T06:15:56.000 3563.373945581990 -3430.356407419500 -4655.233659245000 6.50498062436124 2.79893743080597 2.91712393582024
2024-06-07T06:19:56.000 4976.063374472040 -2642.065901638220 -3793.940607294620 5.19530793380858 3.73022822272764 4.21662798307522
2024-06-07T06:23:56.000 6026.661932228800 -1661.539080183910 -2655.819171570000 3.50584174483731 4.39101707091107 5.20977928525295
2024-06-07T06:27:56.000 6638.231198841810 -559.987082914493 -1323.699656635510 1.55909063800473 4.73246998724981 5.82319605473930
2024-06-07T06:31:56.000 6765.798123483280 582.383959185120 105.192135132533 -0.50269656863062 4.72900087767281 6.01113991851857
2024-06-07T06:35:56.000 6399.848215779820 1682.266969310950 1526.385002723870 -2.52817735308715 4.38057167297183 5.75940760445089
2024-06-07T06:39:56.000 5567.113393654520 2659.451363867390 2835.937374788350 -4.36862528860961 3.71284690014995 5.08659615371586
2024-06-07T06:43:56.000 4328.544775625470 3442.775294028700 3938.180510880740 -5.88942863288003 2.77504877866281 4.04256303720866
2024-06-07T06:47:56.000 2774.684727877800 3975.338023756670 4752.770264946500 -6.98009826163669 1.63602533055651 2.70427868270339
2024-06-07T06:51:56.000 1018.886957691830 4218.595270817680 5220.498670109330 -7.56213554995225 0.37887392707862 1.16975243485018
2024-06-07T06:55:56.000 -811.023343652461 4155.033524495250 5307.465722448140 -7.59403503034894 -0.90527162096263 -0.44940135029542
2024-06-07T06:59:56.000 -2581.969218053690 3789.343887544160 5007.413658079700 -7.07374545926921 -2.12358975626954 -2.03579203738452
2024-06-07T07:03:56.000 -4165.133789594350 3148.058661353940 4342.141241108500 -6.03861999215013 -3.18791408797860 -3.47432705423160
2024-06-07T07:07:56.000 -5445.200731424930 2277.703591457860 3360.003873206030 -4.56325619775651 -4.02081656995348 -4.66013050276017
2024-06-07T07:11:56.000 -6328.764299892160 1241.510251492430 2132.514867405860 -2.75457662931021 -4.56138400551066 -5.50630237462344
2024-06-07T07:15:56.000 -6751.236728793290 114.876155768373 749.220157085598 -0.74440809740155 -4.76981124041519 -5.95045248792250
2024-06-07T07:19:56.000 -6681.726921023090 -1020.124808213260 -688.828550395050 1.32003855773187 -4.63067679845235 -5.95976945767213
2024-06-07T07:23:56.000 -6125.402056718110 -2080.803133327450 -2076.556134373740 3.28743773604557 -4.15431261379606 -5.53375647939778
2024-06-07T07:27:56.000 -5123.076206844600 -2989.980548790330 -3312.668352561630 5.01397056616614 -3.37600468484755 -4.70419705316810
2024-06-07T07:31:56.000 -3748.069906378690 -3681.664518862720 -4307.130439094680 6.37425339836876 -2.35302089722927 -3.53245760441577
2024-06-07T07:35:56.000 -2100.665751408110 -4105.798872440440 -4987.696972647520 7.27028822435819 -1.16003315970137 -2.10443106031124
2024-06-07T07:39:56.000 -300.699840020259 -4231.779305209390 -5305.033452724260 7.63799109514935 0.11652729260591 -0.52395986904507
2024-06-07T07:43:56.000 1521.101348602400 -4050.548046927350 -5236.143680844810 7.45115695660747 1.38458336835917 1.09459993353634
2024-06-07T07:47:56.000 3232.443307124660 -3575.190705120060 -4785.951452155490 6.72296798170419 2.55272063382800 2.63425678237430
2024-06-07T07:51:56.000 4708.870417537010 -2840.038384957640 -3986.986916199000 5.50527565446785 3.53633953095848 3.98327526987165
2024-06-07T07:55:56.000 5842.724711675620 -1898.296131831620 -2897.171509715940 3.88545102418639 4.26370808182622 5.04307693105727
2024-06-07T07:59:56.000 6551.035763307260 -818.310407294769 -1595.770815436990 1.98072190295551 4.68118897489305 5.73551322408968
2024-06-07T08:03:56.000 6781.765826845230 321.324013042467 -177.720375347444 -0.06993737005640 4.75763091038743 6.00904882646616
2024-06-07T08:07:56.000 6517.826805558740 1437.519647702250 1253.324371404080 -2.11609216622307 4.48703445880652 5.84308543254475
2024-06-07T08:11:56.000 5778.460309252590 2448.861881882590 2592.690920889660 -4.00742023488512 3.88926991850033 5.24982384857099
2024-06-07T08:15:56.000 4617.789990482530 3281.669331707440 3742.499760139810 -5.60543805350622 3.00844987865941 4.27326069762967
2024-06-07T08:19:56.000 3120.696082267130 3875.409542912510 4618.899192615590 -6.79390722589785 1.90929956829065 2.98547923997747
2024-06-07T08:23:56.000 1396.438352460260 4187.065837385130 5158.143406245210 -7.48705805977849 0.67212031650428 1.48088046401045
2024-06-07T08:27:56.000 -429.399389112841 4194.159855486350 5321.127093263750 -7.63536418637091 -0.61329360067509 -0.13090945590577
2024-06-07T08:31:56.000 -2224.012920042160 3896.272600524360 5096.086377276260 -7.22845750187441 -1.85397422837618 -1.73298165620114
2024-06-07T08:35:56.000 -3856.886527117770 3315.033381933860 4499.391534052800 -6.29566276158873 -2.96020922696220 -3.20915632081722
2024-06-07T08:39:56.000 -5209.135977554760 2492.592867013370 3574.399624160460 -4.90406401626187 -3.85168886225741 -4.45202521454827
2024-06-07T08:43:56.000 -6182.115195056600 1488.673227451660 2388.429186904210 -3.15433804857067 -4.46321897963218 -5.37056080130785
2024-06-07T08:47:56.000 -6704.715076807550 376.307694221629 1027.967854307800 -1.17391701983394 -4.74980449532056 -5.89709812129179
2024-06-07T08:51:56.000 -6738.716240456670 -763.475529184785 -407.619413683888 0.89226784662523 -4.69028346211598 -5.99272948634750
2024-06-07T08:55:56.000 -6281.697419019130 -1847.627989520230 -1813.427235396370 2.89274019054973 -4.28911194362199 -5.65051718324624
2024-06-07T08:59:56.000 -5367.209682063140 -2797.235466190570 -3086.804919973480 4.68114751101241 -3.57603390423599 -4.89604409256983
2024-06-07T09:03:56.000 -4062.191051845720 -3543.324046929040 -4134.951878100880 6.12736752305497 -2.60358153164276 -3.78522795153993
2024-06-07T09:07:56.000 -2461.884966807680 -4031.860391864610 -4881.681876665740 7.12704291480823 -1.44288840418618 -2.39965452588762
2024-06-07T09:11:56.000 -682.760309263779 -4227.568516957810 -5272.845750869670 7.60859706557449 -0.17815836148885 -0.84022834055567
2024-06-07T09:15:56.000 1145.939613142320 -4116.353039722520 -5280.103547665080 7.53769284548700 1.09933605784619 0.78015349661696
2024-06-07T09:19:56.000 2891.427334742050 -3706.247503890940 -4902.875974070730 6.91928510143192 2.29751101955826 2.34436493401151
2024-06-07T09:23:56.000 4426.814903186100 -3026.854414672630 -4168.402339354810 5.79733018570856 3.32973452745381 3.73904144858448
2024-06-07T09:27:56.000 5640.203864605930 -2127.314473651120 -3129.890349019660 4.25215798749971 4.12078669664874 4.86242363842025
2024-06-07T09:31:56.000 6442.864089873590 -1072.884023795720 -1862.831401011360 2.39545132472557 4.61247705527643 5.63176421185826
2024-06-07T09:35:56.000 6775.885771903290 59.737170234753 -459.619810774135 0.36252372477637 4.76827916271594 5.98991985516099
2024-06-07T09:39:56.000 6614.691187090580 1188.000822514860 977.199614290404 -1.69762794654575 4.57633901506311 5.91004161056875
2024-06-07T09:43:56.000 5970.979380144030 2229.613468081060 2342.533560796730 -3.63366438867078 4.05065233690446 5.39791223366118
2024-06-07T09:47:56.000 4891.868529996980 3108.659549210170 3536.577472718700 -5.30368433613246 3.23000904977598 4.49150885084207
2024-06-07T09:51:56.000 3456.304013494790 3761.207346355400 4472.211323875940 -6.58601683625935 2.17479807350186 3.25781738204603
2024-06-07T09:55:56.000 1769.103737819990 4139.943243665010 5081.347529384870 -7.38799031878149 0.96220868701331 1.78740373987834
2024-06-07T09:59:56.000 -46.801499103130 4217.515526966190 5319.782529243120 -7.65214674581832 -0.31962979838844 0.18750531109966
2024-06-07T10:03:56.000 -1859.301716105620 3988.404812705140 5170.281281795290 -7.35982701789052 -1.57797653767511 -1.42572745369171
2024-06-07T10:07:56.000 -3536.588428562800 3469.267401325580 4643.742427216950 -6.53217094346257 -2.72183605143723 -2.93533629312905
2024-06-07T10:11:56.000 -4956.589091810190 2697.755073068220 3778.428580076070 -5.22873530540580 -3.66826881924403 -4.23158830115405
2024-06-07T10:15:56.000 -6015.774461138130 1729.865424499420 2637.290818395400 -3.54366883463727 -4.34825623715656 -5.21970770278381
2024-06-07T10:19:56.000 -6636.765749673080 635.967381363302 1303.508279770350 -1.59946262280054 -4.71182714674363 -5.82701516035574
2024-06-07T10:23:56.000 -6774.133399171170 -504.277520662625 -125.531980433470 0.46172947527359 -4.73208405692797 -6.00858364368733
2024-06-07T10:27:56.000 -6417.876835418470 -1607.784472065880 -1545.397830505680 2.48875178556546 -4.40759150997102 -5.75107651584184
2024-06-07T10:31:56.000 -5594.176608096170 -2594.204245971860 -2852.386726519290 4.33319956366349 -3.76242517241489 -5.07383538988555
2024-06-07T10:35:56.000 -4363.360345724290 -3391.851042816250 -3951.209831775930 5.86071746231890 -2.84420204617103 -4.02712920852856
2024-06-07T10:39:56.000 -2815.303801068680 -3942.917747880200 -4761.954345461440 6.96089510703648 -1.72016966340664 -2.68793846142238
2024-06-07T10:43:56.000 -1062.731384510340 -4207.580089061710 -5225.800714258900 7.55479977400428 -0.47201234736038 -1.15395291921496
2024-06-07T10:47:56.000 767.005947435135 -4166.759227758470 -5309.145676925800 7.60008664753153 0.81012261830925 0.46366281725737
2024-06-07T10:51:56.000 2541.050225272830 -3823.406061347890 -5005.910962714500 7.09344000731078 2.03383144160901 2.04799729409855
2024-06-07T10:55:56.000 4130.479499631810 -3202.294641917080 -4337.975671239970 6.07082146588136 3.11069926726970 3.48431266078996
2024-06-07T10:59:56.000 5419.528412568380 -2348.324119903320 -3353.700906280790 4.60534858294599 3.96242531291129 4.66796967503732
2024-06-07T11:03:56.000 6314.004577464660 -1323.397642508130 -2124.586769972440 2.80270739582039 4.52650615110560 5.51198950056526
2024-06-07T11:07:56.000 6748.299342914190 -202.028369634849 -740.205886255388 0.79402166509455 4.76105618214153 5.95374706585099
2024-06-07T11:11:56.000 6690.418200575630 934.063430958713 698.297853043238 -1.27347447845682 4.64840072375220 5.96016641106967
2024-06-07T11:15:56.000 6144.494742996160 2002.017324435620 2085.711232697630 -3.24793031354924 4.19675474784898 5.53064634029149
2024-06-07T11:19:56.000 5150.481720015300 2923.989292122270 3320.601093030810 -4.98461599982070 3.43941233925709 4.69704450382117
2024-06-07T11:23:56.000 3781.111639895930 3632.890552876730 4312.830039576140 -6.35681339426938 2.43211806910699 3.52099624873630
2024-06-07T11:27:56.000 2136.412838838360 4077.281102837570 4990.151972899210 -7.26514500666057 1.24867398849224 2.08896317481767
2024-06-07T11:31:56.000 336.267350936238 4225.035590576620 5303.389856841720 -7.64444279244842 -0.02479669563043 0.50549735938570
2024-06-07T11:35:56.000 -1488.334568422250 4065.553326057510 5229.870760376430 -7.46776384233203 -1.29609665847714 -1.11438640261711
2024-06-07T11:39:56.000 -3204.704935997720 3610.453022078660 4774.983989422610 -6.74796516320626 -2.47332213999271 -2.65321739771559
2024-06-07T11:43:56.000 -4687.956148300510 2892.741704739390 3971.788109593640 -5.53683816245232 -3.47118652568891 -3.99923134622198
2024-06-07T11:47:56.000 -5829.989452659440 1964.493460618940 2878.697970703170 -3.92175842959518 -4.21702353200675 -5.05412716915618
2024-06-07T11:51:56.000 -6547.414434015390 893.171484978492 1575.368977057550 -2.02007331800237 -4.65610383782647 -5.74039744048851
2024-06-07T11:55:56.000 -6787.771551252830 -243.238169079285 156.930966716182 0.02939040469745 -4.75604760003882 -6.00740677223486
2024-06-07T11:59:56.000 -6533.500413117090 -1361.938458950750 -1272.974933172010 2.07643380077496 -4.50944769512483 -5.83538340657416
2024-06-07T12:03:56.000 -5803.312160241010 -2381.451691941020 -2609.887642577880 3.97102156392437 -3.93463773141251 -5.23733944901202
2024-06-07T12:07:56.000 -4650.719209489470 -3227.651260754160 -3756.299576171300 5.57499796239559 -3.07410533147813 -4.25774836638564
2024-06-07T12:11:56.000 -3159.932570898590 -3839.171563794570 -4628.796911509510 6.77224124572254 -1.99096867987792 -2.96877510133159
2024-06-07T12:15:56.000 -1439.560483445210 -4171.788188247290 -5164.053864877890 7.47672113174368 -0.76406030242724 -1.46457577548316
2024-06-07T12:19:56.000 385.343195112660 -4201.508395007350 -5323.285532778200 7.63813109538891 0.51788163587555 0.14572621280002
2024-06-07T12:23:56.000 2182.268623880710 -3926.198973571380 -5094.932125664120 7.24493926233380 1.76248051756809 1.74571037429213
2024-06-07T12:27:56.000 3820.673183430890 -3365.715691225590 -4495.455647439840 6.32500564334117 2.87989859630290 3.21959448699578
2024-06-07T12:31:56.000 5181.294869099360 -2560.551009798440 -3568.235358229870 4.94400216283255 3.78901347499577 4.46016598044162
2024-06-07T12:35:56.000 6164.788441256040 -1569.032250430820 -2380.581970227960 3.20134209999982 4.42324921973224 5.37643729107653
2024-06-07T12:39:56.000 6699.084895513120 -463.199784860595 -1018.995175753060 1.22361528786834 4.73567292502862 5.90055566376877
2024-06-07T12:43:56.000 6744.873949480260 676.405214457969 417.096114168747 -0.84449514402388 4.70288625984783 5.99338972282364
2024-06-07T12:47:56.000 6298.658890871370 1766.671233661140 1822.668291515600 -2.85110418491224 4.32703858782694 5.64779309246032
2024-06-07T12:51:56.000 5393.094362971810 2728.099348426290 3094.935984272070 -4.64888263981426 3.63591290014531 4.88945799893085
2024-06-07T12:55:56.000 4094.465586076890 3490.713562037170 4141.011352046360 -6.10663848588374 2.68048238129477 3.77453460197389
2024-06-07T12:59:56.000 2497.652893908690 3999.149632604640 4884.692994364820 -7.11868519710169 1.53074776504316 2.38502126161643
2024-06-07T13:03:56.000 719.082369052192 4216.606231175770 5271.946903471940 -7.61218024041920 0.27044182484977 0.82248135111512
2024-06-07T13:07:56.000 -1111.790118280590 4127.421702849650 5274.720238280890 -7.55196262117900 -1.00907630021428 -0.79947552620603
2024-06-07T13:11:56.000 -2861.818324828950 3738.126190680320 4892.861792796110 -6.94254881502914 -2.21530748997984 -2.36327371440812
2024-06-07T13:15:56.000 -4403.684683849160 3076.954342869910 4154.117063813450 -5.82774870590671 -3.26091301647335 -3.75536843089208
2024-06-07T13:19:56.000 -5625.052964236230 2191.868300829730 3112.198691020860 -4.28793747811769 -4.06982574469192 -4.87419394204176
2024-06-07T13:23:56.000 -6436.767969690060 1147.173264764900 1843.007022027700 -2.43483493536721 -4.58277436131378 -5.63760298675093
2024-06-07T13:27:56.000 -6779.495437611330 18.902339318195 439.166997375895 -0.40370845982186 -4.76197955957160 -5.98931031774004
2024-06-07T13:31:56.000 -6628.198958262060 -1110.753112397160 -996.763917444094 1.65670526908314 -4.59424430690236 -5.90338168078807
2024-06-07T13:35:56.000 -5994.038438376730 -2159.507887451860 -2359.881465679670 3.59541920748009 -4.09200585938314 -5.38634798368596
2024-06-07T13:39:56.000 -4923.515541025510 -3051.071745494850 -3550.726517419930 5.27083545622110 -3.29244217513170 -4.47672008148177
2024-06-07T13:43:56.000 -3494.899212853130 -3720.751383140220 -4482.609649297800 6.56144471428315 -2.25433486963282 -3.24165323954263
2024-06-07T13:47:56.000 -1812.326953311810 -4120.092967414370 -5087.869563202280 7.37440752922132 -1.05336139140574 -1.77150595235833
2024-06-07T13:51:56.000 1.852565671099 -4220.278289310820 -5322.644195533220 7.65161220544348 0.22352258445091 -0.17304743713814
2024-06-07T13:55:56.000 1815.898927367020 -4014.098686154380 -5169.912970617620 7.37329464103293 1.48424159677238 1.43811921334007
2024-06-07T13:59:56.000 3498.065819543110 -3516.425621040010 -4640.670946336390 6.55915959841892 2.63790888542006 2.94546981958431
2024-06-07T14:03:56.000 4925.977733955330 -2763.191215431820 -3773.192175120330 5.26722294285580 3.60091203872173 4.23950837825728
2024-06-07T14:07:56.000 5995.458437660290 -1808.920184144890 -2630.408640054380 3.59032363329214 4.30288435374216 5.22551119867777
2024-06-07T14:11:56.000 6628.205659366140 -722.895428787163 -1295.492005125550 1.65001601465305 4.69201210210042 5.83062911777524
2024-06-07T14:15:56.000 6777.709862940130 415.825003047851 134.126474667295 -0.41192323657235 4.73923537040440 6.00972706413715
2024-06-07T14:19:56.000 6432.863772810810 1524.216700589950 1553.925355016680 -2.44416913291038 4.44081120071879 5.74928056049748
2024-06-07T14:23:56.000 5618.857869730280 2521.453415154970 2860.071023664310 -4.29750907981089 3.81868664224406 5.06851474317261
2024-06-07T14:27:56.000 4395.280551135690 3334.907878101060 3957.152836686090 -5.83638318593950 2.91876236934538 4.01790752775382
2024-06-07T14:31:56.000 2851.572927413610 3905.483033937330 4765.218178978310 -6.94908203047886 1.80713185188805 2.67488848867113
2024-06-07T14:35:56.000 1100.323101620390 4191.853632140090 5225.527043813990 -7.55548534264822 0.56483229157912 1.13767069573120
2024-06-07T14:39:56.000 -730.975982355385 4173.346475461130 5304.694067649920 -7.61216743693878 -0.71807431095390 -0.48193068302025
2024-06-07T14:43:56.000 -2509.122143209740 3851.364486833710 4997.017762655580 -7.11524043457364 -1.94877458235750 -2.06640260826569
2024-06-07T14:47:56.000 -4104.761595957190 3249.262293173910 4324.857312298210 -6.10044689700476 -3.03820681090684 -3.50076232293027
2024-06-07T14:51:56.000 -5401.667573919390 2410.704774814070 3337.074285409360 -4.64088630733943 -3.90716791872181 -4.68045426578283
2024-06-07T14:55:56.000 -6305.195703365920 1396.603409569240 2105.596719250300 -2.84229936128550 -4.49204888031239 -5.51900226898049
2024-06-07T14:59:56.000 -6749.300422858610 280.755454858305 720.273652267442 -0.83586202241714 -4.74980912502069 -5.95454349264032
2024-06-07T15:03:56.000 -6701.525340634310 -855.545454366555 -717.686979060733 1.23147166886960 -4.66143904706957 -5.95495225704909
2024-06-07T15:07:56.000 -6165.462351369230 -1929.507942628220 -2103.219673122690 3.20818649217528 -4.23357028489783 -5.52039867355202
2024-06-07T15:11:56.000 -5180.453212053740 -2862.977095449360 -3335.192687605550 4.94979014966665 -3.49793025102505 -4.68326935509222
2024-06-07T15:15:56.000 -3818.567962922660 -3588.178100365840 -4323.870421869920 6.32974637704834 -2.50869320705776 -3.50547964750512
2024-06-07T15:19:56.000 -2179.152354329570 -4052.609685047620 -4997.430808622280 7.24861923429395 -1.33812677700874 -2.07338449704736
2024-06-07T15:23:56.000 -381.475474512206 -4222.744533393080 -5307.054308696880 7.64070149566888 -0.07109703693626 -0.49112629212347
2024-06-07T15:27:56.000 1443.899770635610 -4086.329197682010 -5230.310149393410 7.47805184926132 1.20100911994516 1.12681456446823
2024-06-07T15:31:56.000 3164.425581369030 -3653.205502212370 -4772.698938640650 6.77215263829509 2.38649524516173 2.66348988161033
2024-06-07T15:35:56.000 4654.994584130420 -2954.635338682130 -3967.292326765840 5.57322666873289 3.39958188950268 4.00739418993950
2024-06-07T15:39:56.000 5806.931137978550 -2041.154841636290 -2872.484923849490 3.96727869159862 4.16639527494097 5.06030082689802
2024-06-07T15:43:56.000 6535.965092611690 -979.043982432662 -1567.909392121840 2.07053682118208 4.63046700515574 5.74458596243190
2024-06-07T15:47:56.000 6788.562181614230 154.419650903729 -148.731334159867 0.02136752423190 4.75725477145326 6.00931642903839
2024-06-07T15:51:56.000 6546.052883139740 1276.613480040140 1281.314369941190 -2.02989911469656 4.53710327502429 5.83455317830995
2024-06-07T15:55:56.000 5826.124447387960 2305.703152482470 2617.641486085670 -3.93262921078767 3.98619820469644 5.23319476781660
2024-06-07T15:59:56.000 4681.471597370200 3166.722005564760 3762.609241451430 -5.54757862542330 3.14517082831414 4.24979516763756
2024-06-07T16:03:56.000 3195.792265796950 3797.076238202900 4632.724886198190 -6.75723324409035 2.07582911290014 2.95690880953234
2024-06-07T16:07:56.000 1477.500245007580 4151.077343008400 5164.706171358830 -7.47434175531007 0.85629967918598 1.44928357025927
2024-06-07T16:11:56.000 -348.279745464348 4203.150813164900 5319.962313150450 -7.64760534339979 -0.42495532298987 -0.16333788566190
2024-06-07T16:15:56.000 -2148.748474359880 3949.579013189910 5087.262449223950 -7.26468762202333 -1.67527764138739 -1.76400400969379
2024-06-07T16:19:56.000 -3792.935278874510 3408.756270776690 4483.515715592320 -6.35311858277914 -2.80415487682734 -3.23653533736992
2024-06-07T16:23:56.000 -5161.111327964290 2619.896188256300 3552.597995041780 -4.97851918576691 -3.72961746228411 -4.47371356172836
2024-06-07T16:27:56.000 -6153.466340188760 1640.275592639270 2362.272007052070 -3.24035560380062 -4.38403737534930 -5.38493666776473
2024-06-07T16:31:56.000 -6697.475593256360 541.154431278011 999.354680318905 -1.26521796640624 -4.71929008360345 -5.90305220748140
2024-06-07T16:35:56.000 -6753.360611402560 -597.401932620038 -436.596311323946 0.80231022392898 -4.71062625413186 -5.98978473251170
2024-06-07T16:39:56.000 -6317.117607745070 -1692.424046347450 -1840.645573905590 2.81062181940074 -4.35878893130847 -5.63890295161664
2024-06-07T16:43:56.000 -5420.793757136020 -2664.194480368790 -3110.276500263380 4.61282064770463 -3.68991203988515 -4.87662821977337
2024-06-07T16:47:56.000 -4130.011586999780 -3442.112997771670 -4152.963473449940 6.07777352908792 -2.75332306029280 -3.75941885065927
2024-06-07T16:51:56.000 -2538.991008211570 -3969.818415795310 -4892.915643180230 7.09971384476834 -1.61756079431055 -2.36932828236400
2024-06-07T16:55:56.000 -763.546603470904 -4209.184924918530 -5276.479846612240 7.60543473535998 -0.36509881119396 -0.80761904647784
2024-06-07T16:59:56.000 1067.333633877170 -4142.960138949320 -5275.879884357360 7.55892270401106 0.91362885418526 0.81261877972803
2024-06-07T17:03:56.000 2820.711915393540 -3775.924805839430 -4891.117345602200 6.96341908394497 2.12648205461135 2.37430364785005
2024-06-07T17:07:56.000 4369.142896755650 -3134.559549757950 -4149.983478771420 5.86124089234674 3.18580433484584 3.76426677538260
2024-06-07T17:11:56.000 5599.797315625610 -2265.233969932280 -3106.171409657980 4.33125608300266 4.01447928626254 4.88109394175486
2024-06-07T17:15:56.000 6422.701835891810 -1230.990978222600 -1835.559511476490 2.48403212275873 4.55159526806391 5.64252196921845
2024-06-07T17:19:56.000 6777.483626520130 -107.045042065065 -430.798041807104 0.45417140116275 4.75731740394171 5.99200433173449
2024-06-07T17:23:56.000 6637.984995521950 1024.699494887490 1005.461276520230 -1.60957705192538 4.61613508313674 5.90332087620712
2024-06-07T17:27:56.000 6014.328810088190 2081.703165135870 2368.171623685850 -3.55560466966737 4.13833564391572 5.38291476629037
2024-06-07T17:31:56.000 4952.172853170100 2986.935557480610 3557.733787274620 -5.24132485945532 3.35921582001565 4.46939753628232
2024-06-07T17:35:56.000 3529.213927791540 3674.562495804680 4487.368950299730 -6.54399428179219 2.33612289538202 3.23024267822222
2024-06-07T17:39:56.000 1849.329032234320 4094.707250507700 5089.424846007720 -7.36942676670980 1.14384230798165 1.75633380276056
2024-06-07T17:43:56.000 34.905924211320 4216.992065310980 5320.205454249380 -7.65844876338683 -0.13094339633191 0.15516640386092
2024-06-07T17:47:56.000 -1782.067961531860 4032.628831435360 5163.015083993490 -7.39057175371445 -1.39606855524502 -1.45709604322885
2024-06-07T17:51:56.000 -3469.448882997290 3554.989587157690 4629.282425003180 -6.58500264456513 -2.56004831742479 -2.96356363185928
2024-06-07T17:55:56.000 -4904.391014659470 2818.693483481610 3757.779242278200 -5.29964303489895 -3.53837223428006 -4.25460673895904
2024-06-07T17:59:56.000 -5982.251247222930 1877.183646807510 2611.919886338170 -3.62742417840710 -4.25964965559396 -5.23577988713392
2024-06-07T18:03:56.000 -6624.282214538350 798.923432003877 1275.246155043370 -1.68997497392438 -4.67091191181944 -5.83487318925278
2024-06-07T18:07:56.000 -6783.530379809040 -337.557514445012 -154.625026770638 0.37100914980313 -4.74181301742937 -6.00760465102182
2024-06-07T18:11:56.000 -6448.412852172050 -1449.435959329780 -1573.197886976180 2.40438680581045 -4.46718936928563 -5.74134584628781
2024-06-07T18:15:56.000 -5643.579607234210 -2455.738721413220 -2876.864815396130 4.26129197295017 -3.86749652898313 -5.05605225436083
2024-06-07T18:19:56.000 -4427.996277181500 -3283.320175313870 -3970.576991627570 5.80645235087899 -2.98705506283381 -4.00257891910666
2024-06-07T18:23:56.000 -2890.444246322300 -3872.185057451740 -4774.790667966610 6.92814105263918 -1.89038006057594 -2.65840182745095
2024-06-07T18:27:56.000 -1142.903034545120 -4179.758681345490 -5231.162969514040 7.54586652104669 -0.65721714290351 -1.12158436431617
2024-06-07T18:31:56.000 687.623323748777 -4183.851667702390 -5306.637606412700 7.61555197722770 0.62331281618079 0.49646867325116
2024-06-07T18:35:56.000 2468.214463153150 -3884.171345688760 -4995.723027458650 7.13221394106356 1.85891190368038 2.07879094232411
2024-06-07T18:39:56.000 4069.489823365850 -3302.329637375500 -4320.867368835820 6.13017697892138 2.96037009681244 3.51083934571170
2024-06-07T18:43:56.000 5374.841467608380 -2480.368466868800 -3330.932318986820 4.68102572425129 3.84764615273832 4.68832423862821
2024-06-07T18:47:56.000 6288.900810305420 -1477.852071025180 -2097.827769301140 2.88922722009100 4.45568428845729 5.52468106866637
2024-06-07T18:51:56.000 6744.643003631120 -367.648704610963 -711.422427423836 0.88514906733305 4.73941669501466 5.95782809980771
2024-06-07T18:55:56.000 6708.522307905550 769.355237128889 726.996293906013 -1.18438256450085 4.67760077914680 5.95538978669620
2024-06-07T18:59:56.000 6183.076881100980 1850.240834917390 2112.231152137670 -3.16741696477814 4.27465110265396 5.51737626786520
2024-06-07T19:03:56.000 5206.764025058030 2796.214326505520 3343.007713631760 -4.91852170954747 3.56030635791384 4.67625081933575
2024-06-07T19:07:56.000 3851.033839224820 3538.438860962490 4329.496163252900 -6.30994603274255 2.58722183151270 3.49425702755334
2024-06-07T19:11:56.000 2214.909810094230 4023.047395062590 4999.881848677950 -7.24100893734500 1.42666073130404 2.05824614394467
2024-06-07T19:15:56.000 417.631193554260 4214.973410757140 5305.484647693860 -7.64483169096687 0.16305661261483 0.47296845442566
2024-06-07T19:19:56.000 -1410.022555098760 4100.390294016520 5224.173695578930 -7.49265719784985 -1.11208329014406 -1.14640140355106
2024-06-07T19:23:56.000 -3135.144083702040 3687.635268787790 4761.891342789550 -6.79553825585780 -2.30663214521023 -2.68246688660518
2024-06-07T19:27:56.000 -4632.192070668360 3006.610892751900 3952.219983009020 -5.60351636934306 -3.33402009422623 -4.02361160676398
2024-06-07T19:31:56.000 -5792.037764575330 2106.718609467680 2854.046333846890 -4.00259621593076 -4.11932476437412 -5.07185057260391
2024-06-07T19:35:56.000 -6529.973320822050 1053.369084474450 1547.401073903600 -2.10910339388212 -4.60493528897063 -5.75012151828617
2024-06-07T19:39:56.000 -6792.037215805140 -76.745379170710 127.678343074424 -0.06138085515000 -4.75506567553892 -6.00831096378092
2024-06-07T19:43:56.000 -6559.107243456380 -1201.271023671470 -1301.372978756610 1.99044565955139 -4.55867118605212 -5.82740817482833
2024-06-07T19:47:56.000 -5848.351210548340 -2238.294312244940 -2635.358012405710 3.89605808896439 -4.03043210165386 -5.22106447458758
2024-06-07T19:51:56.000 -4711.873564762120 -3112.401483836080 -3776.977869704950 5.51647290430265 -3.20944341045347 -4.23432780110628
2024-06-07T19:55:56.000 -3232.729575792560 -3760.184967228620 -4643.163425084790 6.73433015520171 -2.15597848777360 -2.93992118778857
2024-06-07T19:59:56.000 -1518.694955128090 -4134.780001514180 -5171.049185163310 7.46212948299482 -0.94673579773785 -1.43238041014940
2024-06-07T20:03:56.000 305.623475498223 -4209.141503248140 -5322.386775327310 7.64786440529599 0.33081267647600 0.17891605568679
2024-06-07T20:07:56.000 2107.744892005420 -3977.898529690080 -5086.192047222340 7.27824156737516 1.58455850589456 1.77745781998355
2024-06-07T20:11:56.000 3756.747111452940 -3457.717552187940 -4479.507052508180 6.37949037043249 2.72401451136533 3.24754434513902
2024-06-07T20:15:56.000 5132.612578507310 -2686.164588059630 -3546.242700470670 5.01578319511558 3.66651919950725 4.48228045378956
2024-06-07T20:19:56.000 6134.898750455610 -1719.110694841690 -2354.144904362200 3.28520307670313 4.34312534059422 5.39113791729476
2024-06-07T20:23:56.000 6690.161144875630 -626.802398350230 -990.032901102946 1.31339478323674 4.70378319613932 5.90676115284970
2024-06-07T20:27:56.000 6757.555447383380 511.204199103580 446.469201811239 -0.75531498517387 4.72153654000539 5.99058145930317
2024-06-07T20:31:56.000 6332.025076230300 1611.915607135050 1850.302517675520 -2.76897746558920 4.39490783222260 5.63620478004887
2024-06-07T20:35:56.000 5444.712526053890 2595.076575549050 3118.811885356210 -4.57983686038103 3.74803155121252 4.86991026131664
2024-06-07T20:39:56.000 4160.575358893380 3389.115285539380 4159.376294376590 -6.05564720640773 2.82862493691324 3.74844508302730
2024-06-07T20:43:56.000 2573.452621726780 3936.367859855230 4896.202813330540 -7.08941854028675 1.70409722014696 2.35434322188630
2024-06-07T20:47:56.000 799.067065706160 4197.203794635370 5275.767619367390 -7.60679322747639 0.45637747992476 0.78946974749741
2024-06-07T20:51:56.000 -1033.437200287350 4152.802880591440 5270.571881917150 -7.57085999261259 -0.82409592175195 -0.83247535240829
2024-06-07T20:55:56.000 -2790.792899085970 3806.434455721610 4881.034890410970 -6.98434234309528 -2.04475105584448 -2.39387070187697
2024-06-07T20:59:56.000 -4345.148515464290 3183.203509276950 4135.461750628020 -5.88939480483679 -3.11723504346276 -3.78132168200378
2024-06-07T21:03:56.000 -5583.257042635930 2328.302150090830 3088.066636149060 -4.36494201399625 -3.96350319038656 -4.89360168053949
2024-06-07T21:07:56.000 -6414.741249521170 1303.833731397870 1815.147557354570 -2.52155381178642 -4.52157308187665 -5.64906690417613
2024-06-07T21:11:56.000 -6778.813314674280 184.357350537570 409.601827966161 -0.49376551874110 -4.75033195168168 -5.99196449440972
2024-06-07T21:15:56.000 -6648.875887267320 -948.562362956837 -1025.875869392740 1.56983870615501 -4.63291754468786 -5.89696944357080
2024-06-07T21:19:56.000 -6034.550852082200 -2012.388876947330 -2386.407864786440 3.51799682516266 -4.17816121094342 -5.37134963956015
2024-06-07T21:23:56.000 -4980.904197557290 -2929.729644986910 -3572.727704067710 5.20847948507621 -3.41977229836978 -4.45423940821338
2024-06-07T21:27:56.000 -3564.981136270250 -3634.004467319000 -4498.476143969990 6.51866456701638 -2.41353412113118 -3.21332145446810
2024-06-07T21:31:56.000 -1890.002871967390 -4074.235991834710 -5096.436030846020 7.35428790117297 -1.23282625828771 -1.73937517721717
2024-06-07T21:35:56.000 -77.770538130185 -4218.625266515020 -5323.272564847830 7.65559638184790 0.03687657154714 -0.13942445567807
2024-06-07T21:39:56.000 1740.107657430450 -4056.741125354620 -5162.534945791710 7.40103703684121 1.30401426801672 1.47081431597915
2024-06-07T21:43:56.000 3431.591751694070 -3600.232618163380 -4625.796030154480 6.60858132914328 2.47718618791066 2.97486224449230
2024-06-07T21:47:56.000 4873.620343681340 -2882.044717681790 -3751.880182194400 5.33472706140938 3.47136331970510 4.26342546944219
2024-06-07T21:51:56.000 5960.994145717930 -1954.151256697100 -2604.192367927580 3.67101103143432 4.21397406972590 5.24221604571477
2024-06-07T21:55:56.000 6614.102523565780 -883.903438603170 -1266.259732013370 1.73795496700884 4.65025428020550 5.83889912404830
2024-06-07T21:59:56.000 6784.937408470540 250.792487611576 164.259153974782 -0.32320555536428 4.74765221575545 6.00889848321254
2024-06-07T22:03:56.000 6460.829214254850 1367.193188853830 1582.755097651660 -2.36110938544667 4.49871811246564 5.73930878102763
2024-06-07T22:07:56.000 5665.474693620800 2383.874595165670 2885.475510709440 -4.22608403883097 3.92181936464995 5.05011496234592
2024-06-07T22:11:56.000 4457.119190930340 3226.783808442340 3977.257308493300 -5.78172574186060 3.05958377398060 3.99241064031878
2024-06-07T22:15:56.000 2924.112022738230 3834.673295779460 4778.532977463580 -6.91509970715335 1.97535621390159 2.64415492668099
2024-06-07T22:19:56.000 1178.282300683510 4163.494311916010 5231.062086043640 -7.54456526832416 0.74820531026823 1.10398050927024
2024-06-07T22:23:56.000 -653.257677141535 4189.489229664110 5302.040169615980 -7.62508899344823 -0.53285459213187 -0.51605475585700
2024-06-07T22:27:56.000 -2437.293680063350 3910.832157762980 4986.373044352830 -7.15110443129261 -1.77515628871660 -2.09846551438403
2024-06-07T22:31:56.000 -4044.050231243050 3347.731027993090 4307.001545873360 -6.15666960547515 -2.88879652054046 -3.52841828546499
2024-06-07T22:35:56.000 -5356.502663405680 2541.016765353510 3313.315610310210 -4.71343063770132 -3.79284361970253 -4.70168595752650
2024-06-07T22:39:56.000 -6278.887688438940 1549.277869447950 2077.674821411140 -2.92594431290111 -4.42116749375497 -5.53225566667710
2024-06-07T22:43:56.000 -6743.797826694750 444.672854470157 690.227529759834 -0.92452863569857 -4.72757659901180 -5.95889106330322
2024-06-07T22:47:56.000 -6717.258236995120 -692.331128595671 -747.667600839259 1.14425273545986 -4.68949964098913 -5.95005586577442
2024-06-07T22:51:56.000 -6201.318674361510 -1778.896849902570 -2130.944080898280 3.12873075913414 -4.30989674127456 -5.50661231284367
2024-06-07T22:55:56.000 -5233.861919552670 -2735.953922437650 -3358.640378519850 4.88387389267912 -3.61696962877764 -4.66164546796836
2024-06-07T22:59:56.000 -3885.674251200930 -3494.009544874060 -4341.344361723720 6.28222490702195 -2.66176299733040 -3.47762578547618
2024-06-07T23:03:56.000 -2255.090995982410 -3998.161950111890 -5007.669466340490 7.22298903035165 -1.51403204332500 -2.04130958470356
2024-06-07T23:07:56.000 -460.733736720981 -4211.980273732200 -5309.317000573410 7.63883826445167 -0.25698979676508 -0.45713137957230
2024-06-07T23:11:56.000 1367.076751056850 -4120.021427542440 -5224.424270111500 7.50007733060299 1.01870339605652 1.16032229470020
2024-06-07T23:15:56.000 3095.604916582440 -3728.881301396580 -4759.071012533100 6.81639549262654 2.22107931574167 2.69410429923927
2024-06-07T23:19:56.000 4599.145771119380 -3066.760495926960 -3946.889832548420 5.63641192455171 3.26310873665334 4.03289089756054
2024-06-07T23:23:56.000 5768.066744528110 -2181.541227565140 -2846.768967564130 4.04476116341405 4.06879929011266 5.07880517621361
2024-06-07T23:27:56.000 6516.854621658110 -1137.442220079600 -1538.735424030340 2.15665783276940 4.57889168294866 5.75472148987061
2024-06-07T23:31:56.000 6790.524817343110 -10.418590887181 -118.210953996694 0.10975839233842 4.75549028316884 6.01032027327687
2024-06-07T23:35:56.000 6568.847452820580 1117.374189816570 1310.954305605950 -1.94575669287861 4.58522559560877 5.82623674552872
2024-06-07T23:39:56.000 5867.986777487640 2163.671752353080 2644.209712233250 -3.85882630777955 4.08057585718933 5.21605965016491
2024-06-07T23:43:56.000 4739.269780546610 3052.225153123780 3784.121911495780 -5.48937725886200 3.27883260358509 4.22505469745973
2024-06-07T23:47:56.000 3265.260616877810 3718.416608974590 4647.561838389010 -6.71875845391073 2.23897840960836 2.92636162975494
2024-06-07T23:51:56.000 1553.551063922720 4113.936744183430 5171.735815751680 -7.45827460753362 1.03702894895684 1.41517047415766
2024-06-07T23:55:56.000 -271.182918148149 4210.190948315980 5318.626821384930 -7.65499419087084 -0.23974711743915 -0.19849494830968
2024-06-07T23:59:56.000 -2076.198455449940 4000.263877139640 5077.630369336290 -7.29496281880326 -1.49898944595803 -1.79754229946726
2024-06-08T00:03:56.000 -3730.199614415130 3499.389473180920 4466.283106957950 -6.40413961453838 -2.64957242117870 -3.26594078202589
2024-06-08T00:07:56.000 -5112.758636363400 2743.878800032770 3529.025914487130 -5.04663450509601 -3.60798468022873 -4.49681217590114
2024-06-08T00:11:56.000 -6123.034697253980 1788.582647778550 2334.088181916580 -3.32068490908911 -4.30420821573571 -5.40003633898499
2024-06-08T00:15:56.000 -6687.216678534480 702.985112953833 968.621968076694 -1.35197253012313 -4.68712013194800 -5.90906463023310
2024-06-08T00:19:56.000 -6764.067958924730 -433.844947323838 -467.631186671549 0.71540915648571 -4.72850891367443 -5.98627875362070
2024-06-08T00:23:56.000 -6348.062829002280 -1539.073046960470 -1869.718334955580 2.72990359324160 -4.42542898034351 -5.62616144423305
2024-06-08T00:27:56.000 -5469.778243902410 -2532.233729770640 -3135.273860400630 4.54412034835799 -3.80043327445878 -4.85562917718399
2024-06-08T00:31:56.000 -4193.532205978290 -3341.169813419940 -4172.086375917330 6.02608633879137 -2.89970807455250 -3.73177595659926
2024-06-08T00:35:56.000 -2612.475784366250 -3907.270421311980 -4904.809437949510 7.06889677346295 -1.78917968842174 -2.33709464890929
2024-06-08T00:39:56.000 -841.670935655347 -4189.612474511980 -5280.312454902770 7.59783232180225 -0.54940801446946 -0.77306901932662
2024-06-08T00:43:56.000 990.244309607514 -4167.799244931060 -5271.384482389560 7.57509530846206 0.73011151570059 0.84705700360811
2024-06-08T00:47:56.000 2750.253434784510 -3843.364906443640 -4878.615144488030 7.00215632030352 1.95717128066213 2.40619155629951
2024-06-08T00:51:56.000 4310.413863464480 -3239.676185070640 -4130.365732737830 5.91963915996985 3.04306282294607 3.79130755852509
2024-06-08T00:55:56.000 5557.027340998280 -2400.355022861810 -3080.850950867410 4.40503318390198 3.90872131438666 4.90128239058252
2024-06-08T00:59:56.000 6398.950424531380 -1386.251458325910 -1806.371218345920 2.56776694486839 4.49054931181955 5.65435869358728
2024-06-08T01:03:56.000 6774.418221445670 -271.111671028182 -399.870128205500 0.54177107855596 4.74543286460818 5.99456944345767
2024-06-08T01:07:56.000 6655.768225630900 863.806734321107 1035.865000534930 -1.52451220124296 4.65430395358845 5.89640932611966
2024-06-08T01:11:56.000 6051.595237798870 1935.729289924390 2395.817800871500 -3.47930078834341 4.22371527659914 5.36697774629220
2024-06-08T01:15:56.000 5006.140396108600 2866.519811715330 3580.576669202810 -5.17929256522720 3.48550766542175 4.44554524249357
2024-06-08T01:19:56.000 3595.900433353470 3588.464975674800 4503.702925844120 -6.50066150955428 2.49405942636536 3.20018639662439
2024-06-08T01:23:56.000 1923.851347813160 4049.177016752910 5098.020192193570 -7.34784835951807 1.32189577596557 1.72230282795923
2024-06-08T01:27:56.000 111.831398686979 4215.319045096370 5320.406348405670 -7.66010230133721 0.05425394866638 0.11968103047293
2024-06-08T01:31:56.000 -1708.325077626720 4074.921389035300 5154.791265208780 -7.41527828899995 -1.21710519817807 -1.49137139753309
2024-06-08T01:35:56.000 -3404.242222490420 3638.181847975440 4613.239935005700 -6.63101473490164 -2.40024895576391 -2.99402643256400
2024-06-08T01:39:56.000 -4852.478344417150 2936.759261478640 3735.115302861600 -5.36375687657034 -3.40933824403087 -4.27898659033004
2024-06-08T01:43:56.000 -5947.454202807180 2021.556141705980 2584.318496571730 -3.70508932073135 -4.17081300137892 -5.25229527871037
2024-06-08T01:47:56.000 -6609.204152597560 959.105919044924 1244.749403386700 -1.77564481055923 -4.62881995209026 -5.84234755202260
2024-06-08T01:51:56.000 -6789.359320462350 -173.233237241455 -185.776288137431 0.28351816230904 -4.74961379662996 -6.00556440951538
2024-06-08T01:55:56.000 -6474.820290871400 -1292.956275701430 -1602.730882999130 2.32143285661754 -4.52436813008467 -5.72999765762491
2024-06-08T01:59:56.000 -5688.740519996860 -2318.529584811020 -2902.642994526210 4.18892870411230 -3.96993066659896 -5.03631442880089
2024-06-08T02:03:56.000 -4488.710575963120 -3175.412101295470 -3990.756600188080 5.75000647378280 -3.12730305165813 -3.97595760022718
2024-06-08T02:07:56.000 -2962.363681472670 -3801.475431314790 -4787.950476576590 6.89179627601825 -2.05822346283128 -2.62688943658583
2024-06-08T02:11:56.000 -1220.841624824340 -4151.434930881390 -5236.402701920150 7.53238411412204 -0.84042719401517 -1.08749466750497
2024-06-08T02:15:56.000 609.320556769890 -4200.008800913960 -5303.623985714670 7.62602665582042 0.43812471509247 0.53076268172928
2024-06-08T02:19:56.000 2395.241494581290 -3943.650899611100 -4984.691664600020 7.16587554871211 1.68529589260794 2.11091725738788
2024-06-08T02:23:56.000 4007.143286064120 -3400.804516276850 -4302.615315294210 6.18451243676625 2.81102004106395 3.53852144328192
2024-06-08T02:27:56.000 5327.627090688190 -2610.660762875710 -3306.777704231580 4.75201289190883 3.73347761864058 4.70952290585397
2024-06-08T02:31:56.000 6260.211536304410 -1630.459174056600 -2069.526706387920 2.97167112877819 4.38503517330934 5.53782159058364
2024-06-08T02:35:56.000 6736.519511816650 -531.437949863565 -681.037204100922 0.97302607815199 4.71745306773632 5.96194862240454
2024-06-08T02:39:56.000 6721.498568263200 606.330550060550 757.247227504600 -1.09749867204161 4.70588827136392 5.95015264062313
2024-06-08T02:43:56.000 6216.152279494310 1699.861830227760 2140.132928897130 -3.08783299543400 4.35109598246660 5.50315665777902
2024-06-08T02:47:56.000 5257.475446145830 2669.433255989160 3366.513979222180 -4.85204043057909 3.67929762282929 4.65405877300527
2024-06-08T02:51:56.000 3915.637826452110 3444.476165713170 4346.867617723540 -6.26134144698537 2.74005076735734 3.46563653341227
2024-06-08T02:55:56.000 2288.672887693450 3968.732695181130 5009.819325647530 -7.21374490251794 1.60220997430432 2.02529597044101
2024-06-08T02:59:56.000 495.167729448377 4204.247958578020 5307.234907896120 -7.64083228566947 0.34852848965882 0.43811589897806
2024-06-08T03:03:56.000 -1334.357372548790 4134.019535721470 5217.588631938250 -7.51213998068631 -0.93018254401870 -1.18057472947760
2024-06-08T03:07:56.000 -3066.845050262510 3763.169340275170 4747.445613573740 -6.83707577908214 -2.14144280749005 -2.71338765209949
2024-06-08T03:11:56.000 -4576.229230796880 3118.573679657850 3930.978448376770 -5.66417334919210 -3.19748204691834 -4.04896691425775
2024-06-08T03:15:56.000 -5752.511762188680 2246.993929663830 2827.579000630300 -4.07809161782342 -4.02137698026759 -5.08978017755157
2024-06-08T03:19:56.000 -6509.814889622760 1211.770718966440 1517.658939741020 -2.19403704984728 -4.55276216035702 -5.75931978061309
2024-06-08T03:23:56.000 -6792.790519483250 88.263257514642 96.845012945798 -0.14965531811992 -4.75253143822393 -6.00816252345523
2024-06-08T03:27:56.000 -6580.807027942800 -1041.674533479350 -1331.049858809580 1.90523427597872 -4.60604230933531 -5.81799145898602
2024-06-08T03:31:56.000 -5889.506291087740 -2095.750343310050 -2661.731023467280 3.82013462005219 -4.12430004622237 -5.20312764858212
2024-06-08T03:35:56.000 -4769.570828084270 -2997.315158990890 -3798.156742383490 5.45539857631154 -3.34299339719092 -4.20925800201558
2024-06-08T03:39:56.000 -3302.836287887730 -3680.965820118410 -4657.651992171640 6.69263876867805 -2.31949528071022 -2.90957904187503
2024-06-08T03:43:56.000 -1596.153426266820 -4097.226551985300 -5177.839729461470 7.44294508600808 -1.12830631062963 -1.39895836661348
2024-06-08T03:47:56.000 226.426126636043 -4216.012743041380 -5321.025005165010 7.65265931619526 0.14444594003602 0.21302342816414
2024-06-08T03:51:56.000 2032.565520803160 -4028.708963834070 -5076.801084200770 7.30672744820829 1.40701364186868 1.80987801356261
2024-06-08T03:55:56.000 3691.051471890110 -3548.768594130930 -4462.762388256980 6.42953507874007 2.56827803837185 3.27604112650388
2024-06-08T03:59:56.000 5081.154188613270 -2810.815220393980 -3523.338064876420 5.08363743096539 3.54397609204290 4.50479910835071
2024-06-08T04:03:56.000 6101.370376282000 -1868.266866266860 -2326.728693315900 3.36585073412425 4.26270044008134 5.40596664346545
2024-06-08T04:07:56.000 6676.946335367830 -789.587213224574 -960.102004002836 1.40099676548242 4.67133600399452 5.91275873077461
2024-06-08T04:11:56.000 6765.562749066560 346.663807733072 476.730691621074 -0.66715542111286 4.73943911605335 5.98732122063585
2024-06-08T04:15:56.000 6360.608006529640 1457.615151630550 1878.685091906190 -2.68672472868399 4.46180307547588 5.62389177569881
2024-06-08T04:19:56.000 5491.723240436960 2462.249618852270 3143.231104845540 -4.50945858643721 3.85897221345488 4.84939316451998
2024-06-08T04:23:56.000 4222.535053554920 3287.412806093130 4178.026516441590 -6.00219418277975 2.97546948200499 3.72117314942971
2024-06-08T04:27:56.000 2645.819822467420 3873.170734696550 4907.691787665170 -7.05666140300846 1.87617739755043 2.32231649818334
2024-06-08T04:31:56.000 876.560416439387 4177.097596608060 5279.233785063570 -7.59709080213000 0.64119858413753 0.75504867435931
2024-06-08T04:35:56.000 -956.467616064544 4177.240650015030 5265.740129292530 -7.58489101088392 -0.63998936519716 -0.86677731907495
2024-06-08T04:39:56.000 -2719.947781132970 3873.626277229040 4868.240221377070 -7.02102900158646 -1.87474211792139 -2.42550870329585
2024-06-08T04:43:56.000 -4285.576823615930 3288.260222311540 4115.635059248630 -5.94609739523479 -2.97362146906997 -3.80792025804116
2024-06-08T04:47:56.000 -5539.304180285010 2463.591402310830 3062.660530227920 -4.43761235637644 -3.85672000137987 -4.91321421681394
2024-06-08T04:51:56.000 -6389.631434997670 1459.521295161410 1786.022290388150 -2.60496195466175 -4.45941303423990 -5.66025449064243
2024-06-08T04:55:56.000 -6774.415116597770 349.118198425334 378.890804199176 -0.58190986671468 -4.73734904616794 -5.99391388841567
2024-06-08T04:59:56.000 -6665.564536353980 -786.722595024248 -1055.928327575740 1.48332969769325 -4.67010147156322 -5.88957258234847
2024-06-08T05:03:56.000 -6071.173136751590 -1865.261038091410 -2413.615893134410 3.43940710089953 -4.26282966876047 -5.35519857544239
2024-06-08T05:07:56.000 -5034.855426108020 -2808.038160844700 -3595.126633385160 5.14355332720756 -3.54577991723589 -4.43056785924935
2024-06-08T05:11:56.000 -3632.383407858280 -3546.623604232960 -4514.461877657200 6.47219440907148 -2.57169745778589 -3.18387635502542
2024-06-08T05:15:56.000 -1965.984129188940 -4027.538253144910 -5104.871874451130 7.32971240389891 -1.41161642265164 -1.70628221945218
2024-06-08T05:19:56.000 -156.821647215727 -4216.018862463750 -5323.562778797140 7.65475325399817 -0.14951063857793 -0.10504082229678
2024-06-08T05:23:56.000 1663.727088811440 -4098.417624850110 -5154.662167676130 7.42399703948789 1.12363587439120 1.50404664000903
2024-06-08T05:27:56.000 3363.428931838180 -3683.152081630930 -4610.323585914090 6.65368172961732 2.31598608668770 3.00459172067330
2024-06-08T05:31:56.000 4818.616510828040 -3000.150125930510 -3729.903438592440 5.39858841500258 3.34114528719344 4.28756962268123
2024-06-08T05:35:56.000 5923.102531215800 -2098.815636293490 -2577.276695294400 3.74887141571081 4.12421575988389 5.25895962298886
2024-06-08T05:39:56.000 6596.016609634940 -1044.570663214380 -1236.352827542290 1.82414071563460 4.60746859782093 5.84691574254177
2024-06-08T05:43:56.000 6787.915337482480 85.839455108239 194.971711543689 -0.23491491275592 4.75493446452213 6.00755488213399
2024-06-08T05:47:56.000 6484.608847837110 1209.979413556110 1612.028107336860 -2.27711940742441 4.55553347888073 5.72872543982692
2024-06-08T05:51:56.000 5708.277317781380 2245.858002477060 2911.166691839440 -4.15251477184960 4.02399323591473 5.03102935497693
2024-06-08T05:55:56.000 4515.785350546200 3118.010115841200 3997.478559791510 -5.72389323588720 3.19959784562520 3.96618937581215
2024-06-08T05:59:56.000 2994.347516788240 3763.044619161970 4791.790274146260 -6.87709013042392 2.14299913313820 2.61271066685246
2024-06-08T06:03:56.000 1254.976166191470 4134.214882128120 5236.380454195250 -7.52908256451638 0.93132718140462 1.06968284994471
2024-06-08T06:07:56.000 -575.684144414486 4204.694262242760 5299.037546459090 -7.63329537446634 -0.34753286728357 -0.55067488194425
2024-06-08T06:11:56.000 -2364.493739356600 3969.424852246270 4975.274544322550 -7.18243242967447 -1.60112669179807 -2.13089869478707
2024-06-08T06:15:56.000 -3981.330540789940 3445.455068406190 4288.622063263670 -6.20883013364991 -2.73871901296988 -3.55628499267960
2024-06-08T06:19:56.000 -5308.439288454550 2670.772826857810 3289.007755977150 -4.78267644523163 -3.67762069766360 -4.72291624067206
2024-06-08T06:23:56.000 -6249.006970954650 1701.631043628330 2049.228772142270 -3.00729858972863 -4.34924381201159 -5.54529999514898
2024-06-08T06:27:56.000 -6734.311875053460 608.528903636953 659.735208321717 -1.01210132326056 -4.70423495635722 -5.96279563698568
2024-06-08T06:31:56.000 -6728.903435298810 -528.912513367087 -777.968985918597 1.05681119656185 -4.71646529772475 -5.94457950563692
2024-06-08T06:35:56.000 -6233.293117476320 -1627.825569516090 -2158.843053367340 3.04779703099080 -4.38519263752492 -5.49219877569113
2024-06-08T06:39:56.000 -5283.881209297240 -2608.236248042470 -3382.111133354350 4.81535695229018 -3.73509244324121 -4.63938748851691
2024-06-08T06:43:56.000 -3950.135490951690 -3398.946167160840 -4358.691296879430 6.23113230307382 -2.81409584424662 -3.44916632322643
2024-06-08T06:47:56.000 -2329.332037284730 -3942.674881121860 -5017.645202497310 7.19309293734020 -1.68948276864533 -2.00870932691214
2024-06-08T06:51:56.000 -539.368542689259 -4200.106407806320 -5311.201039800900 7.63234386125820 -0.44275906528177 -0.42270489267512
2024-06-08T06:55:56.000 1289.756959358130 -4152.618207041510 -5218.071724132090 7.51746284361024 0.83615219158556 1.19412581122587
2024-06-08T06:59:56.000 3025.210999754110 -3803.564680919590 -4744.922014426450 6.85636572748368 2.05505202150226 2.72487918343635
2024-06-08T07:03:56.000 4540.776600886920 -3178.079886494830 -3925.943539002410 5.69603220380557 3.12571188482120 4.05841626832414
2024-06-08T07:07:56.000 5725.936846041960 -2321.366876168760 -2820.515974905910 4.11962239834554 3.97010105199052 5.09722616474261
2024-06-08T07:11:56.000 6493.974993082050 -1295.561334151180 -1509.060766024470 2.24122725522877 4.52606833586719 5.76462132878690
2024-06-08T07:15:56.000 6788.497947210300 -175.296153577921 -87.272534321980 0.19791997108915 4.75232961441378 6.01087919162759
2024-06-08T07:19:56.000 6587.776780120730 957.753926817822 1340.895533575410 -1.86034388980198 4.63192386067691 5.81741918188979
2024-06-08T07:23:56.000 5906.463048121940 2020.935904198240 2670.967444831220 -3.78234095901792 4.17371684050921 5.19850826028859
2024-06-08T07:27:56.000 4794.470982335240 2936.767106504640 3805.740334018990 -5.42732534995368 3.41161933726928 4.20004823737528
2024-06-08T07:31:56.000 3333.160240332150 3638.643308954430 4662.464468798080 -6.67562753410351 2.40174414037324 2.89573707456772
2024-06-08T07:35:56.000 1629.210549881570 4075.657967639540 5178.836685705200 -7.43712886627112 1.21794201085658 1.38119502097456
2024-06-08T07:39:56.000 -193.256155777708 4216.202879220250 5317.425867113930 -7.65736636307156 -0.05381238394697 -0.23326605691127
2024-06-08T07:43:56.000 -2001.671834825810 4050.152578171320 5068.246694863650 -7.32076991011337 -1.32151971599351 -1.83054736589426
2024-06-08T07:47:56.000 -3664.515320820120 3589.547953832630 4449.428810702450 -6.45157121666303 -2.49351826974105 -3.29481900044258
2024-06-08T07:51:56.000 -5060.722561392550 2867.760686859750 3505.946777070760 -5.11224249352275 -3.48473171857027 -4.51949171462946
2024-06-08T07:55:56.000 -6088.460221483140 1937.181150708870 2306.481176659470 -3.39970611549808 -4.22275265124510 -5.41485622611484
2024-06-08T07:59:56.000 -6672.653029255470 865.488512903661 938.515328843121 -1.43869559258738 -4.65341356177924 -5.91495615275991
2024-06-08T08:03:56.000 -6770.613686996080 -269.265616860727 -498.035520132011 0.62729730097062 -4.74502266550575 -5.98285852233666
2024-06-08T08:07:56.000 -6375.276897498100 -1384.401235941170 -1898.204925461890 2.64683622851514 -4.49097694731066 -5.61370097647713
2024-06-08T08:11:56.000 -5515.707542083670 -2398.735268616190 -3159.769830474100 4.47219084954552 -3.91024664848648 -4.83503521474115
2024-06-08T08:15:56.000 -4254.850223312460 -3238.563332050720 -4190.807349143380 5.97056757416154 -3.04574665115159 -3.70453495998115
2024-06-08T08:19:56.000 -2684.729804643230 -3843.013469439180 -4916.385104623360 7.03383395820085 -1.96076256056560 -2.30515084580348
2024-06-08T08:23:56.000 -919.614958073653 -4168.363769921780 -5283.886010988990 7.58577207890108 -0.73403614816241 -0.73872896985807
2024-06-08T08:27:56.000 912.271007192451 -4191.084279740430 -5266.671267561900 7.58690455475442 0.54589569293854 0.88136134246970
2024-06-08T08:31:56.000 2677.905569094540 -3909.464041872450 -4865.919540814330 7.03693186043827 1.78678514796455 2.43800655094793
2024-06-08T08:35:56.000 4248.925745620130 -3343.750512786110 -4110.565083453690 5.97479753095049 2.89892352014618 3.81834222428358
2024-06-08T08:39:56.000 5510.827751621810 -2534.799175254200 -3055.337790174680 4.47649000340288 3.80132532788416 4.92155033276430
2024-06-08T08:43:56.000 6371.342896418400 -1541.246724511440 -1776.966121803810 2.65028944922419 4.42774073277027 5.66631784163604
2024-06-08T08:47:56.000 6767.341352312640 -435.338077439412 -368.691542959671 0.62928285071357 4.73177308049846 5.99728206038451
2024-06-08T08:51:56.000 6669.657801189380 702.327677724309 1066.548006007680 -1.43835609833066 4.69070880390535 5.88958008333715
2024-06-08T08:55:56.000 6085.376196703130 1788.761407563130 2423.755896316150 -3.40069808279401 4.30749061910408 5.35106736647570
2024-06-08T08:59:56.000 5057.305697290380 2744.758147331170 3603.715229548650 -5.11389744302412 3.61048577359412 4.42170550458008
2024-06-08T09:03:56.000 3660.698993749090 3500.753781358240 4520.338835784410 -6.45312379661348 2.65110589668905 3.17017701171001
2024-06-08T09:07:56.000 1997.561498626980 4001.883622694590 5106.931658670840 -7.32156835465617 1.49961394880905 1.68833678049884
2024-06-08T09:11:56.000 189.093871578702 4211.878968329080 5320.939323029880 -7.65695891677911 0.23975053325108 0.08425863063786
2024-06-08T09:15:56.000 -1633.123190793280 4115.585944002560 5146.910112538530 -7.43549136503132 -1.03729705565364 -1.52562942952304
2024-06-08T09:19:56.000 -3336.570465804160 3720.003324002040 4597.531593036860 -6.67318400989592 -2.23918225499705 -3.02459609269623
2024-06-08T09:23:56.000 -4797.275752742370 3053.791794159920 3712.736803997360 -5.42486348342587 -3.27878455981121 -4.30366392818484
2024-06-08T09:27:56.000 -5908.757129920510 2165.275740006750 2556.907655195980 -3.78068123000994 -4.08034096253100 -5.26930473576160
2024-06-08T09:31:56.000 -6589.840197767910 1119.037408925160 1214.304606741540 -1.86017309632292 -4.58501369936119 -5.85046359124299
2024-06-08T09:35:56.000 -6790.741739790720 -8.741905486658 -217.033592499257 0.19621772178002 -4.75565505908817 -6.00417460855888
2024-06-08T09:39:56.000 -6496.849264579090 -1135.889616889020 -1632.514820284430 2.23773041378380 -4.57981590657614 -5.71917954760965
2024-06-08T09:43:56.000 -5729.812424107030 -2180.325851228000 -2928.770454585980 4.11490723944447 -4.07070559174813 -5.01684877997665
2024-06-08T09:47:56.000 -4545.837881927650 -3066.125822103400 -4011.311008026120 5.69105140673471 -3.26602684333966 -3.94926242473160
2024-06-08T09:51:56.000 -3031.389361126480 -3729.046722922130 -4801.417794983200 6.85220507872735 -2.22476288909453 -2.59487609838565
2024-06-08T09:55:56.000 -1296.743455573810 -4121.113503691460 -5241.772328834840 7.51501766704845 -1.02263399813149 -1.05243015014697
2024-06-08T09:59:56.000 532.056801700352 -4213.973486830020 -5300.462694501850 7.63210661788830 0.25353984968273 0.56635746163715
2024-06-08T10:03:56.000 2322.219038975970 -4000.851476720330 -4973.180090617820 7.19491033757866 1.51178476344339 2.14448987341939
2024-06-08T10:07:56.000 3943.641077303910 -3497.041781358420 -4283.535361842610 6.23431966058318 2.66121407712352 3.56762955531938
2024-06-08T10:11:56.000 5278.217798794500 -2738.892343437160 -3281.466267679500 4.81892096383458 3.61829771903013 4.73202295834338
2024-06-08T10:15:56.000 6228.428957731800 -1781.308411251330 -2039.781775629300 3.05073739796239 4.31288629082418 5.55203041698125
2024-06-08T10:19:56.000 6724.597032230090 -693.885061071240 -648.998564096621 1.05846041649321 4.69353880152755 5.96671595567642
2024-06-08T10:23:56.000 6730.229480840560 444.142875405340 789.245192760619 -1.01186632219091 4.73195184741186 5.94503216492221
2024-06-08T10:27:56.000 6244.837444184940 1549.771036642860 2169.739030690920 -3.00818478082049 4.42521297249800 5.48846124516509
2024-06-08T10:31:56.000 5303.978907601100 2542.383719460290 3391.544958996790 -4.78409566309020 3.79600489146718 4.63086585136541
2024-06-08T10:35:56.000 3976.543617563990 3349.717209715770 4365.482051688930 -6.20999466922020 2.89076807170391 3.43568225080621
2024-06-08T10:39:56.000 2359.533212757770 3913.144504979960 5020.646216509330 -7.18262237295894 1.77592661053391 1.99076307520462
2024-06-08T10:43:56.000 570.835004178148 4191.864349545090 5309.481036387510 -7.63214107791294 0.53266333202130 0.40158726369263
2024-06-08T10:47:56.000 -1259.377652104180 4165.746173879490 5211.097782104920 -7.52653157031836 -0.74897170551572 -1.21640581639701
2024-06-08T10:51:56.000 -2998.003356304840 3836.711472886950 4732.703635566420 -6.87352935087765 -1.97631375116994 -2.74589163263546
2024-06-08T10:55:56.000 -4518.539988719820 3228.598044878190 3909.074313225490 -5.72009455049818 -3.06045845528334 -4.07578843202449
2024-06-08T10:59:56.000 -5710.186570242540 2385.500474741380 2800.121780240150 -4.14943435237568 -3.92250942554243 -5.10893899094682
2024-06-08T11:03:56.000 -6485.958651666970 1368.668361958100 1486.668361546250 -2.27565970694543 -4.49932014436083 -5.76943469029100
2024-06-08T11:07:56.000 -6789.162169817120 252.105452735665 64.588931492186 -0.23555060393279 -4.74845654039821 -6.00852709186222
2024-06-08T11:11:56.000 -6597.675039896160 -882.841132165710 -1362.209091227780 1.82136343870852 -4.65159382993819 -5.80853747497000
2024-06-08T11:15:56.000 -5925.648018008440 -1953.504008325290 -2689.506280735090 3.74437099722495 -4.21612329911860 -5.18455745011557
2024-06-08T11:19:56.000 -4822.361574168720 -2882.017652257330 -3820.512258623130 5.39327464121912 -3.47436028298108 -4.18293876885275
2024-06-08T11:23:56.000 -3368.435293614630 -3601.003421951640 -4672.945636651960 6.64867397651771 -2.48078155732372 -2.87740823011651
2024-06-08T11:27:56.000 -1669.792122652830 -4058.403213010120 -5184.939286383700 7.42031776125335 -1.30775132252207 -1.36325420731940
2024-06-08T11:31:56.000 150.096947154898 -4221.138235848590 -5319.384845481560 7.65300006626827 -0.04011009094512 0.24971476306888
2024-06-08T11:35:56.000 1959.084572112540 -4077.393719700030 -5066.501036736370 7.32996810277814 1.23079584286884 1.84490768670517
2024-06-08T11:39:56.000 3625.740570318420 -3637.449200050310 -4444.513659644340 6.47395587471734 2.41323703586938 3.30684646689158
2024-06-08T11:43:56.000 5028.732567555730 -2933.014503624210 -3498.433673456300 5.14596911064494 3.42140143609214 4.52910860171593
2024-06-08T11:47:56.000 6065.616064408890 -2015.066274030030 -2296.957759946140 3.44156504153589 4.18153571254702 5.42195707022005
2024-06-08T11:51:56.000 6660.424897285370 -950.268346638298 -927.620016795368 1.48457687266951 4.63753173565909 5.91921150595045
2024-06-08T11:55:56.000 6769.437281005480 183.836872873823 509.555752645289 -0.58181175915666 4.75546357176334 5.98369325790208
2024-06-08T11:59:56.000 6384.562805178640 1304.527364850230 1909.439997934850 -2.60572490966457 4.52644204884535 5.61038045824348
2024-06-08T12:03:56.000 5534.011248544770 2330.073279357990 3169.656850393200 -4.43861171713799 3.96753511045042 4.82705957946390
2024-06-08T12:07:56.000 4280.079678800120 3185.801021949810 4198.196824588870 -5.94668923923255 3.12004090144154 3.69170126154285
2024-06-08T12:11:56.000 2714.422578645600 3809.537400700330 4920.140428970100 -7.02056843353013 2.04614408246060 2.28782062568689
2024-06-08T12:15:56.000 951.227880468703 4156.075180064460 5283.049363052500 -7.58293965673757 0.82415431825594 0.71805371276521
2024-06-08T12:19:56.000 -881.152418035187 4200.363028949800 5260.653136944490 -7.59368544087197 -0.45730803900008 -0.90351063594731
2024-06-08T12:23:56.000 -2649.455489704900 3939.226903943030 4854.638204704520 -7.05218979193604 -1.70559975397803 -2.45930591165977
2024-06-08T12:27:56.000 -4225.037654512700 3391.582446555430 4094.519033721500 -5.99737153058967 -2.83034181073683 -3.83635705809784
2024-06-08T12:31:56.000 -5493.124177755420 2597.126191057540 3035.576678133960 -4.50526799816998 -3.74977232570924 -4.93419318275104
2024-06-08T12:35:56.000 -6361.177597472830 1613.551480178480 1754.963100312420 -2.68413519486529 -4.39661907659782 -5.67219877646825
2024-06-08T12:39:56.000 -6765.781086691420 512.421294408855 346.141017269153 -0.66689180152944 -4.72335734513974 -5.99598165933613
2024-06-08T12:43:56.000 -6677.400947808750 -626.061311416967 -1087.971712761780 1.39877925009155 -4.70597070781954 -5.88165628099240
2024-06-08T12:47:56.000 -6102.626911558360 -1718.961294354200 -2442.611748070170 3.36147779261232 -4.34589804741256 -5.33787635625147
2024-06-08T12:51:56.000 -5083.643216326490 -2686.760319692150 -3618.957769405610 5.07791267409257 -3.66994568977384 -4.40511499378998
2024-06-08T12:55:56.000 -3694.963115558610 -3459.195647343670 -4531.391415555840 6.42360545505662 -2.72788613791311 -3.15217126802723
2024-06-08T12:59:56.000 -2037.811313176830 -3980.317851527020 -5113.668414943170 7.30170458642854 -1.58844277287862 -1.67062321660744
2024-06-08T13:03:56.000 -232.683981667751 -4212.437747615790 -5323.583429033280 7.64933800121685 -0.33413450748785 -0.06801232546086
2024-06-08T13:07:56.000 1589.334649533480 -4138.744119313560 -5145.900226907790 7.44159334076456 0.94459811016104 1.53976550203463
2024-06-08T13:11:56.000 3295.909392122010 -3764.463130338470 -4593.406481134130 6.69300711326878 2.15557140400110 3.03641001048674
2024-06-08T13:15:56.000 4762.874318897710 -3116.538970558930 -3706.058470418730 5.45681687952986 3.21103893151998 4.31312756676427
2024-06-08T13:19:56.000 5883.194986020450 -2241.814160252000 -2548.242519020770 3.82179644289331 4.03393744908175 5.27637821800220
2024-06-08T13:23:56.000 6574.854347657460 -1203.761686559990 -1204.250201969400 1.90647520799338 4.56364198149251 5.85490630235809
2024-06-08T13:27:56.000 6787.050374873060 -77.935032372693 227.793867490936 -0.14914020555269 4.76081374642180 6.00552220200979
2024-06-08T13:31:56.000 6504.116771995900 1053.578094814710 1643.165879663850 -2.19415536572300 4.61071835727514 5.71680721566053
2024-06-08T13:35:56.000 5746.753608472840 2108.247813535040 2938.338529181850 -4.07836639534470 4.12443910304179 5.01011048006937
2024-06-08T13:39:56.000 4570.452855656890 3009.236202473450 4018.704513993490 -5.66394710738219 3.33799050460737 3.93787560571753
2024-06-08T13:43:56.000 3061.237762760540 3691.052512332350 4805.539523924360 -6.83582161106977 2.30923595634459 2.57908714981151
2024-06-08T13:47:56.000 1329.208346728020 4104.256838231600 5241.655187778650 -7.50953584366749 1.11321931250809 1.03310215993839
2024-06-08T13:51:56.000 -499.517809996661 4218.944326666620 5295.437427428700 -7.63680491521087 -0.16327904479351 -0.58760012665518
2024-06-08T13:55:56.000 -2291.919867771530 4026.835396982300 4963.043612641900 -7.20867870137998 -1.42790243271778 -2.16545153203080
2024-06-08T13:59:56.000 -3917.610681276580 3541.839981568200 4268.638731770180 -6.25591618185280 -2.58915259598755 -3.58594415274854
2024-06-08T14:03:56.000 -5258.187859265900 2799.098257159050 3262.713746855770 -4.84713165962366 -3.56263938331270 -4.74551829858801
2024-06-08T14:07:56.000 -6215.848575191320 1852.538436760940 2018.533211762910 -3.08441915897034 -4.27719149102873 -5.55914477302263
2024-06-08T14:11:56.000 -6720.629357682540 771.019996008448 626.879794747687 -1.09629729995483 -4.68034182760464 -5.96683756433836
2024-06-08T14:15:56.000 -6735.671952164180 -366.674467671075 -810.582735797265 0.97161856993767 -4.74245255689217 -5.93854301773051
2024-06-08T14:19:56.000 -6260.005512334800 -1477.656004223860 -2188.838854269550 2.96781030501643 -4.45915669001845 -5.47655360199372
2024-06-08T14:23:56.000 -5328.576791025530 -2481.064876515650 -3407.305766140980 4.74639344432214 -3.85159900030167 -4.61526575581249
2024-06-08T14:27:56.000 -4009.552360003080 -3304.016461479490 -4377.250135423620 6.17815838034514 -2.96462476668798 -3.41833118167084
2024-06-08T14:31:56.000 -2399.149992933870 -3886.879367731180 -5028.220235461790 7.15991342227436 -1.86308701651489 -1.97342125526730
2024-06-08T14:35:56.000 -614.519310955746 -4187.498089822620 -5313.028055653970 7.62135257485113 -0.62685775978915 -0.38553791865503
2024-06-08T14:39:56.000 1214.726822874090 -4184.121100931100 -5211.024691436490 7.52945828306311 0.65488910150734 1.23045456326991
2024-06-08T14:43:56.000 2955.753554266740 -3876.908928091750 -4729.523375298500 6.89053671241196 1.88976880900790 2.75772498068584
2024-06-08T14:47:56.000 4481.951499184260 -3287.951452110630 -3903.322663750610 5.74992632016117 2.98846336039675 4.08538281183857
2024-06-08T14:51:56.000 5682.039159775640 -2459.788363526570 -2792.333742735910 4.18937676042691 3.87089581594568 5.11631966240832
2024-06-08T14:55:56.000 6468.229058617080 -1452.467291663650 -1477.386775752260 2.32182155211101 4.47218854699482 5.77444606950232
2024-06-08T14:59:56.000 6782.818659088190 -339.259650656105 -54.432470805120 0.28353279831519 4.74776733715701 6.01071322607208
2024-06-08T15:03:56.000 6602.628286324540 798.690034812289 1372.492651414380 -1.77590767953258 4.67707826283678 5.80730176549602
2024-06-08T15:07:56.000 5940.817083473210 1878.386758107770 2699.015802248150 -3.70525887287378 4.26534761444174 5.17924176879190
2024-06-08T15:11:56.000 4845.866710219940 2821.147872289620 3828.205140066930 -5.36326850939882 3.54302548281127 4.17307501336229
2024-06-08T15:15:56.000 3397.885485287720 3558.400384265490 4677.725209001630 -6.62929627047879 2.56333635927945 2.86305614946665
2024-06-08T15:19:56.000 1702.564330855910 4036.656376235990 5185.803586466270 -7.41201128720597 1.39791732214499 1.34516625463735
2024-06-08T15:23:56.000 -116.625354332972 4221.289972598010 5315.593964792270 -7.65533638933465 0.13135160009757 -0.27013544573914
2024-06-08T15:27:56.000 -1927.346073030780 4098.943290841320 5057.723746463940 -7.34186795012588 -1.14471430736584 -1.86566674818109
2024-06-08T15:31:56.000 -3597.879833253450 3678.470878930850 4430.946077946420 -6.49415864519473 -2.33792686831760 -3.32561806786590
2024-06-08T15:35:56.000 -5006.588758845810 2990.326756108660 3480.824808170090 -5.17319971442875 -3.36167896004850 -4.54367500551744
2024-06-08T15:39:56.000 -6050.726909115870 2084.448527551260 2276.534786397210 -3.47458021737876 -4.14122558525399 -5.43062064306700
2024-06-08T15:43:56.000 -6654.019276647440 1026.711500347730 905.923030600424 -1.52201153939076 -4.61935017189779 -5.92109468928145
2024-06-08T15:47:56.000 -6772.389857429860 -105.842408647758 -530.889075262797 0.54155640850590 -4.76085789955710 -5.97888491837716
2024-06-08T15:51:56.000 -6397.301088770060 -1230.684805810710 -1928.915041400090 2.56486781887340 -4.55552774693576 -5.59992572933814
2024-06-08T15:52:00.000 -6386.976552408880 -1248.894330993980 -1951.294983815370 2.59739153508029 -4.54921941730643 -5.59002646775501
2024-06-08T15:52:02.000 -6381.765524778100 -1257.989585875480 -1962.470050676760 2.61363386902776 -4.54603161138932 -5.58503564731627
2024-06-08T15:52:04.000 -6376.522025867030 -1267.078442033880 -1973.635107428010 2.62986280159066 -4.54282069698846 -5.58001636193838
2024-06-08T15:52:06.000 -6371.246082561150 -1276.160853268900 -1984.790097165260 2.64607825004219 -4.53958669080203 -5.57496863768479
2024-06-08T15:52:08.000 -6365.937721911370 -1285.236773413770 -1995.934963036960 2.66228013172644 -4.53632960964443 -5.56989250076462
2024-06-08T15:52:10.000 -6360.596971133810 -1294.306156335450 -2007.069648244110 2.67846836405867 -4.53304947044624 -5.56478797753256
2024-06-08T15:52:12.000 -6355.223857609710 -1303.368955934890 -2018.194096040550 2.69464286452571 -4.52974629025413 -5.55965509448881
2024-06-08T15:52:14.000 -6349.818408885250 -1312.425126147250 -2029.308249733280 2.71080355068627 -4.52642008623092 -5.55449387827907
2024-06-08T15:52:16.000 -6344.380652671420 -1321.474620942110 -2040.412052682750 2.72695034017133 -4.52307087565553 -5.54930435569444
2024-06-08T15:52:18.000 -6338.910616843880 -1330.517394323760 -2051.505448303100 2.74308315068448 -4.51969867592295 -5.54408655367138
2024-06-08T15:52:20.000 -6333.408329442810 -1339.553400331370 -2062.588380062520 2.75920190000233 -4.51630350454429 -5.53884049929166
2024-06-08T15:52:22.000 -6327.873818672770 -1348.582593039260 -2073.660791483510 2.77530650597490 -4.51288537914669 -5.53356621978227
2024-06-08T15:52:24.000 -6322.307112902530 -1357.604926557100 -2084.722626143150 2.79139688652598 -4.50944431747341 -5.52826374251539
2024-06-08T15:52:26.000 -6316.708240664950 -1366.620355030200 -2095.773827673410 2.80747295965359 -4.50598033738377 -5.52293309500828
2024-06-08T15:52:28.000 -6311.077230656820 -1375.628832639680 -2106.814339761460 2.82353464343036 -4.50249345685318 -5.51757430492326
2024-06-08T15:52:30.000 -6305.414111738700 -1384.630313602710 -2117.844106149920 2.83958185600396 -4.49898369397312 -5.51218740006760
2024-06-08T15:52:32.000 -6299.718912934790 -1393.624752172800 -2128.863070637180 2.85561451559758 -4.49545106695118 -5.50677240839345
2024-06-08T15:52:34.000 -6293.991663432760 -1402.612102639970 -2139.871177077670 2.87163254051032 -4.49189559411105 -5.50132935799774
2024-06-08T15:52:36.000 -6288.232392583620 -1411.592319330990 -2150.868369382180 2.88763584911769 -4.48831729389252 -5.49585827712212
2024-06-08T15:52:38.000 -6282.441129901530 -1420.565356609660 -2161.854591518100 2.90362435987205 -4.48471618485151 -5.49035919415285
2024-06-08T15:52:40.000 -6276.617905063680 -1429.531168876960 -2172.829787509750 2.91959799130308 -4.48109228566004 -5.48483213762069
2024-06-08T15:52:42.000 -6270.762747910130 -1438.489710571380 -2183.793901438650 2.93555666201829 -4.47744561510627 -5.47927713620082
2024-06-08T15:52:44.000 -6264.875688443630 -1447.440936169080 -2194.746877443830 2.95150029070347 -4.47377619209450 -5.47369421871270
2024-06-08T15:52:46.000 -6258.956756829500 -1456.384800184140 -2205.688659722100 2.96742879612324 -4.47008403564515 -5.46808341411996
2024-06-08T15:52:48.000 -6253.005983395420 -1465.321257168790 -2216.619192528310 2.98334209712150 -4.46636916489478 -5.46244475153028
2024-06-08T15:52:50.000 -6247.023398631340 -1474.250261713680 -2227.538420175720 2.99924011262198 -4.46263159909608 -5.45677826019526
2024-06-08T15:52:52.000 -6241.009033189260 -1483.171768448050 -2238.446287036190 3.01512276162874 -4.45887135761786 -5.45108396951027
2024-06-08T15:52:54.000 -6234.962917883100 -1492.085732040020 -2249.342737540550 3.03098996322669 -4.45508845994506 -5.44536190901429
2024-06-08T15:52:56.000 -6228.885083688520 -1500.992107196770 -2260.227716178830 3.04684163658213 -4.45128292567870 -5.43961210838980
2024-06-08T15:52:58.000 -6222.775561742770 -1509.890848664810 -2271.101167500570 3.06267770094329 -4.44745477453591 -5.43383459746259
2024-06-08T15:53:00.000 -6216.634383344530 -1518.781911230210 -2281.963036115120 3.07849807564086 -4.44360402634985 -5.42802940620158
2024-06-08T15:53:02.000 -6210.461579953710 -1527.665249718810 -2292.813266691890 3.09430268008852 -4.43973070106975 -5.42219656471866
2024-06-08T15:53:04.000 -6204.257183191340 -1536.540818996470 -2303.651803960680 3.11009143378351 -4.43583481876081 -5.41633610326851
2024-06-08T15:53:06.000 -6198.021224839360 -1545.408573969290 -2314.478592711910 3.12586425630715 -4.43191639960420 -5.41044805224841
2024-06-08T15:53:08.000 -6191.753736840450 -1554.268469583850 -2325.293577796980 3.14162106732540 -4.42797546389703 -5.40453244219801
2024-06-08T15:53:10.000 -6185.454751297900 -1563.120460827450 -2336.096704128470 3.15736178658945 -4.42401203205226 -5.39858930379919
2024-06-08T15:53:12.000 -6179.124300475370 -1571.964502728320 -2346.887916680490 3.17308633393620 -4.42002612459865 -5.39261866787578
2024-06-08T15:53:14.000 -6172.762416796820 -1580.800550355870 -2357.667160488930 3.18879462928886 -4.41601776218072 -5.38662056539337
2024-06-08T15:53:16.000 -6166.369132846210 -1589.628558820900 -2368.434380651760 3.20448659265749 -4.41198696555868 -5.38059502745909
2024-06-08T15:53:18.000 -6159.944481367440 -1598.448483275880 -2379.189522329300 3.22016214413955 -4.40793375560833 -5.37454208532138
2024-06-08T15:53:20.000 -6153.488495264120 -1607.260278915110 -2389.932530744500 3.23582120392043 -4.40385815332097 -5.36846177036973
2024-06-08T15:53:22.000 -6147.001207599380 -1616.063900975010 -2400.663351183250 3.25146369227404 -4.39976017980336 -5.36235411413445
2024-06-08T15:53:24.000 -6140.482651595740 -1624.859304734310 -2411.381928994630 3.26708952956331 -4.39563985627757 -5.35621914828644
2024-06-08T15:53:26.000 -6133.932860634870 -1633.646445514330 -2422.088209591190 3.28269863624072 -4.39149720408089 -5.35005690463687
2024-06-08T15:53:28.000 -6127.351868257490 -1642.425278679160 -2432.782138449270 3.29829093284890 -4.38733224466574 -5.34386741513701
2024-06-08T15:53:30.000 -6120.739708163100 -1651.195759635890 -2443.463661109230 3.31386634002108 -4.38314499959952 -5.33765071187788
2024-06-08T15:53:32.000 -6114.096414209880 -1659.957843834910 -2454.132723175760 3.32942477848166 -4.37893549056450 -5.33140682709005
2024-06-08T15:53:34.000 -6107.422020414440 -1668.711486770030 -2464.789270318150 3.34496616904674 -4.37470373935769 -5.32513579314330
2024-06-08T15:53:36.000 -6100.716560951690 -1677.456643978830 -2475.433248270560 3.36049043262457 -4.37044976789070 -5.31883764254642
2024-06-08T15:53:38.000 -6093.980070154610 -1686.193271042770 -2486.064602832330 3.37599749021613 -4.36617359818957 -5.31251240794684
2024-06-08T15:53:40.000 -6087.212582514090 -1694.921323587520 -2496.683279868200 3.39148726291558 -4.36187525239466 -5.30616012213043
2024-06-08T15:53:42.000 -6080.414132678750 -1703.640757283120 -2507.289225308650 3.40695967191077 -4.35755475276046 -5.29978081802117
2024-06-08T15:53:44.000 -6073.584755454730 -1712.351527844250 -2517.882385150130 3.42241463848370 -4.35321212165544 -5.29337452868086
2024-06-08T15:53:46.000 -6066.724485805510 -1721.053591030420 -2528.462705455350 3.43785208401104 -4.34884738156186 -5.28694128730887
2024-06-08T15:53:48.000 -6059.833358851740 -1729.746902646230 -2539.030132353570 3.45327192996454 -4.34446055507563 -5.28048112724179
2024-06-08T15:53:50.000 -6052.911409871000 -1738.431418541590 -2549.584612040830 3.46867409791152 -4.34005166490608 -5.27399408195322
2024-06-08T15:53:52.000 -6045.958674297650 -1747.107094611940 -2560.126090780300 3.48405850951532 -4.33562073387584 -5.26748018505339
2024-06-08T15:53:54.000 -6038.975187722660 -1755.773886798480 -2570.654514902470 3.49942508653571 -4.33116778492057 -5.26093947028894
2024-06-08T15:53:56.000 -6031.960985893330 -1764.431751088370 -2581.169830805470 3.51477375082935 -4.32669284108884 -5.25437197154261
2024-06-08T15:53:58.000 -6024.916104713190 -1773.080643515020 -2591.671984955330 3.53010442435020 -4.32219592554189 -5.24777772283295
2024-06-08T15:54:00.000 -6017.840580241750 -1781.720520158240 -2602.160923886260 3.54541702914992 -4.31767706155343 -5.24115675831403
2024-06-08T15:54:02.000 -6010.734448694310 -1790.351337144530 -2612.636594200900 3.56071148737828 -4.31313627250945 -5.23450911227516
2024-06-08T15:54:04.000 -6003.597746441790 -1798.973050647240 -2623.098942570620 3.57598772128354 -4.30857358190800 -5.22783481914062
2024-06-08T15:54:06.000 -5996.430510010490 -1807.585616886860 -2633.547915735770 3.59124565321286 -4.30398901335901 -5.22113391346938
2024-06-08T15:54:08.000 -5989.232776081960 -1816.188992131190 -2643.983460505930 3.60648520561263 -4.29938259058402 -5.21440642995480
2024-06-08T15:54:10.000 -5982.004581492700 -1824.783132695600 -2654.405523760240 3.62170630102886 -4.29475433741603 -5.20765240342441
2024-06-08T15:54:12.000 -5974.745963234070 -1833.367994943220 -2664.814052447590 3.63690886210755 -4.29010427779926 -5.20087186883960
2024-06-08T15:54:14.000 -5967.456958452000 -1841.943535285200 -2675.208993586960 3.65209281159498 -4.28543243578890 -5.19406486129536
2024-06-08T15:54:16.000 -5960.137604446850 -1850.509710180890 -2685.590294267620 3.66725807233811 -4.28073883555099 -5.18723141602006
2024-06-08T15:54:18.000 -5952.787938673180 -1859.066476138100 -2695.957901649450 3.68240456728487 -4.27602350136209 -5.18037156837516
2024-06-08T15:54:20.000 -5945.407998739550 -1867.613789713290 -2706.311762963200 3.69753221948449 -4.27128645760917 -5.17348535385497
2024-06-08T15:54:22.000 -5937.997822408310 -1876.151607511820 -2716.651825510710 3.71264095208783 -4.26652772878931 -5.16657280808645
2024-06-08T15:54:24.000 -5930.557447595430 -1884.679886188140 -2726.978036665220 3.72773068834765 -4.26174733950957 -5.15963396682889
2024-06-08T15:54:26.000 -5923.086912370250 -1893.198582446030 -2737.290343871620 3.74280135161895 -4.25694531448671 -5.15266886597376
2024-06-08T15:54:28.000 -5915.586254955310 -1901.707653038810 -2747.588694646720 3.75785286535926 -4.25212167854704 -5.14567754154447
2024-06-08T15:54:30.000 -5908.055513726130 -1910.207054769560 -2757.873036579520 3.77288515312888 -4.24727645662618 -5.13866002969612
2024-06-08T15:54:32.000 -5900.494727211000 -1918.696744491350 -2768.143317331420 3.78789813859123 -4.24240967376887 -5.13161636671529
2024-06-08T15:54:34.000 -5892.903934090790 -1927.176679107440 -2778.399484636560 3.80289174551311 -4.23752135512876 -5.12454658901989
2024-06-08T15:54:36.000 -5885.283173198730 -1935.646815571520 -2788.641486302050 3.81786589776494 -4.23261152596825 -5.11745073315891
2024-06-08T15:54:38.000 -5877.632483520200 -1944.107110887880 -2798.869270208210 3.83282051932106 -4.22768021165825 -5.11032883581222
2024-06-08T15:54:40.000 -5869.951904192530 -1952.557522111700 -2809.082784308850 3.84775553426004 -4.22272743767804 -5.10318093379043
2024-06-08T15:54:42.000 -5862.241474504780 -1960.998006349200 -2819.281976631540 3.86267086676485 -4.21775322961505 -5.09600706403467
2024-06-08T15:54:44.000 -5854.501233897570 -1969.428520757900 -2829.466795277870 3.87756644112322 -4.21275761316470 -5.08880726361642
2024-06-08T15:54:46.000 -5846.731221962800 -1977.849022546800 -2839.637188423700 3.89244218172786 -4.20774061413021 -5.08158156973738
2024-06-08T15:54:48.000 -5838.931478443500 -1986.259468976640 -2849.793104319400 3.90729801307673 -4.20270225842246 -5.07433001972924
2024-06-08T15:54:50.000 -5831.102043233590 -1994.659817360050 -2859.934491290170 3.92213385977332 -4.19764257205980 -5.06705265105357
2024-06-08T15:54:52.000 -5823.242956377700 -2003.050025061850 -2870.061297736230 3.93694964652689 -4.19256158116787 -5.05974950130167
2024-06-08T15:54:54.000 -5815.354258070910 -2011.430049499190 -2880.173472133130 3.95174529815277 -4.18745931197951 -5.05242060819439
2024-06-08T15:54:56.000 -5807.435988658560 -2019.799848141800 -2890.270963032000 3.96652073957261 -4.18233579083453 -5.04506600958202
2024-06-08T15:54:58.000 -5799.488188636070 -2028.159378512190 -2900.353719059780 3.98127589581464 -4.17719104417962 -5.03768574344411
2024-06-08T15:55:00.000 -5791.510898648670 -2036.508598185880 -2910.421688919500 3.99601069201400 -4.17202509856820 -5.03027984788938
2024-06-08T15:55:02.000 -5783.504159491220 -2044.847464791590 -2920.474821390550 4.01072505341295 -4.16683798066025 -5.02284836115558
2024-06-08T15:55:04.000 -5775.468012107980 -2053.175936011490 -2930.513065328910 4.02541890536121 -4.16162971722222 -5.01539132160933
2024-06-08T15:55:06.000 -5767.402497592440 -2061.493969581370 -2940.536369667430 4.04009217331622 -4.15640033512687 -5.00790876774603
2024-06-08T15:55:08.000 -5759.307657187010 -2069.801523290880 -2950.544683416090 4.05474478284345 -4.15114986135317 -5.00040073818971
2024-06-08T15:55:10.000 -5751.183532282900 -2078.098554983720 -2960.537955662230 4.06937665961669 -4.14587832298616 -4.99286727169293
2024-06-08T15:55:12.000 -5743.030164419860 -2086.385022557890 -2970.516135570820 4.08398772941836 -4.14058574721686 -4.98530840713668
2024-06-08T15:55:14.000 -5734.847595285950 -2094.660883965850 -2980.479172384740 4.09857791813983 -4.13527216134212 -4.97772418353019
2024-06-08T15:55:16.000 -5726.635866717350 -2102.926097214790 -2990.427015425000 4.11314715178174 -4.12993759276456 -4.97011464001088
2024-06-08T15:55:18.000 -5718.395020698140 -2111.180620366780 -3000.359614091020 4.12769535645432 -4.12458206899241 -4.96247981584424
2024-06-08T15:55:20.000 -5710.125099360040 -2119.424411539030 -3010.276917860870 4.14222245837771 -4.11920561763946 -4.95481975042366
2024-06-08T15:55:22.000 -5701.826144982240 -2127.657428904090 -3020.178876291550 4.15672838388234 -4.11380826642491 -4.94713448327037
2024-06-08T15:55:24.000 -5693.498199991160 -2135.879630690040 -3030.065439019230 4.17121305940927 -4.10839004317334 -4.93942405403327
2024-06-08T15:55:26.000 -5685.141306960220 -2144.090975180710 -3039.936555759480 4.18567641151052 -4.10295097581452 -4.93168850248885
2024-06-08T15:55:28.000 -5676.755508609630 -2152.291420715910 -3049.792176307580 4.20011836684947 -4.09749109238339 -4.92392786854106
2024-06-08T15:55:30.000 -5668.340847806150 -2160.480925691620 -3059.632250538730 4.21453885220121 -4.09201042101996 -4.91614219222113
2024-06-08T15:55:32.000 -5659.897367562900 -2168.659448560200 -3069.456728408320 4.22893779445296 -4.08650898996915 -4.90833151368752
2024-06-08T15:55:34.000 -5651.425111039080 -2176.826947830600 -3079.265559952190 4.24331512060440 -4.08098682758080 -4.90049587322574
2024-06-08T15:55:36.000 -5642.924121539810 -2184.983382068600 -3089.058695286870 4.25767075776814 -4.07544396230948 -4.89263531124820
2024-06-08T15:55:38.000 -5634.394442515850 -2193.128709896960 -3098.836084609860 4.27200463317008 -4.06988042271447 -4.88474986829410
2024-06-08T15:55:40.000 -5625.836117563410 -2201.262889995680 -3108.597678199840 4.28631667414982 -4.06429623745960 -4.87683958502927
2024-06-08T15:55:42.000 -5617.249190423900 -2209.385881102200 -3118.343426416960 4.30060680816113 -4.05869143531323 -4.86890450224600
2024-06-08T15:55:44.000 -5608.633704983700 -2217.497642011580 -3128.073279703090 4.31487496277233 -4.05306604514807 -4.86094466086292
2024-06-08T15:55:46.000 -5599.989705273960 -2225.598131576760 -3137.787188582040 4.32912106566675 -4.04742009594114 -4.85296010192478
2024-06-08T15:55:48.000 -5591.317235470310 -2233.687308708710 -3147.485103659860 4.34334504464318 -4.04175361677366 -4.84495086660235
2024-06-08T15:55:50.000 -5582.616339892720 -2241.765132376670 -3157.166975625060 4.35754682761628 -4.03606663683090 -4.83691699619215
2024-06-08T15:55:52.000 -5573.887063005170 -2249.831561608370 -3166.832755248850 4.37172634261711 -4.03035918540212 -4.82885853211635
2024-06-08T15:55:54.000 -5565.129449415470 -2257.886555490210 -3176.482393385440 4.38588351779350 -4.02463129188046 -4.82077551592254
2024-06-08T15:55:56.000 -5556.343543875030 -2265.930073167490 -3186.115840972240 4.40001828141058 -4.01888298576278 -4.81266798928353
2024-06-08T15:55:58.000 -5547.529391278610 -2273.962073844600 -3195.733049030140 4.41413056185124 -4.01311429664958 -4.80453599399712
2024-06-08T15:56:00.000 -5538.687036664080 -2281.982516785230 -3205.333968663740 4.42822028761658 -4.00732525424483 -4.79637957198594
2024-06-08T15:56:02.000 -5529.816525212190 -2289.991361312590 -3214.918551061630 4.44228738732641 -4.00151588835591 -4.78819876529717
2024-06-08T15:56:04.000 -5520.917902246320 -2297.988566809600 -3224.486747496590 4.45633178971972 -3.99568622889341 -4.77999361610237
2024-06-08T15:56:06.000 -5511.991213232280 -2305.974092719120 -3234.038509325900 4.47035342365516 -3.98983630587102 -4.77176416669715
2024-06-08T15:56:08.000 -5503.036503778030 -2313.947898544120 -3243.573787991520 4.48435221811154 -3.98396614940538 -4.76351045950102
2024-06-08T15:56:10.000 -5494.053819633430 -2321.909943847920 -3253.092535020400 4.49832810218830 -3.97807578971591 -4.75523253705706
2024-06-08T15:56:12.000 -5485.043206690050 -2329.860188254380 -3262.594702024690 4.51228100510598 -3.97216525712469 -4.74693044203170
2024-06-08T15:56:14.000 -5476.004710980880 -2337.798591448100 -3272.080240701990 4.52621085620677 -3.96623458205625 -4.73860421721442
2024-06-08T15:56:16.000 -5466.938378680130 -2345.725113174640 -3281.549102835620 4.54011758495489 -3.96028379503744 -4.73025390551751
2024-06-08T15:56:18.000 -5457.844256102910 -2353.639713240700 -3291.001240294830 4.55400112093717 -3.95431292669724 -4.72187954997571
2024-06-08T15:56:20.000 -5448.722389705080 -2361.542351514360 -3300.436605035060 4.56786139386347 -3.94832200776656 -4.71348119374601
2024-06-08T15:56:22.000 -5439.572826082940 -2369.432987925260 -3309.855149098210 4.58169833356720 -3.94231106907807 -4.70505888010724
2024-06-08T15:56:24.000 -5430.395611972990 -2377.311582464790 -3319.256824612820 4.59551187000573 -3.93628014156601 -4.69661265245988
2024-06-08T15:56:26.000 -5421.190794251710 -2385.178095186330 -3328.641583794390 4.60930193326094 -3.93022925626596 -4.68814255432562
2024-06-08T15:56:28.000 -5411.958419935270 -2393.032486205420 -3338.009378945560 4.62306845353962 -3.92415844431466 -4.67964862934715
2024-06-08T15:56:30.000 -5402.698536179320 -2400.874715699980 -3347.360162456380 4.63681136117396 -3.91806773694980 -4.67113092128775
2024-06-08T15:56:32.000 -5393.411190278700 -2408.704743910500 -3356.693886804570 4.65053058662200 -3.91195716550976 -4.66258947403100
2024-06-08T15:56:34.000 -5384.096429667230 -2416.522531140250 -3366.010504555710 4.66422606046806 -3.90582676143344 -4.65402433158040
2024-06-08T15:56:36.000 -5374.754301917430 -2424.328037755500 -3375.309968363510 4.67789771342321 -3.89967655625999 -4.64543553805908
2024-06-08T15:56:38.000 -5365.384854740240 -2432.121224185650 -3384.592230970060 4.69154547632566 -3.89350658162858 -4.63682313770942
2024-06-08T15:56:40.000 -5355.988135984850 -2439.902050923530 -3393.857245206040 4.70516928014124 -3.88731686927816 -4.62818717489266
2024-06-08T15:56:42.000 -5346.564193638340 -2447.670478525510 -3403.104963990970 4.71876905596376 -3.88110745104724 -4.61952769408863
2024-06-08T15:56:44.000 -5337.113075825510 -2455.426467611760 -3412.335340333460 4.73234473501544 -3.87487835887359 -4.61084473989529
2024-06-08T15:56:46.000 -5327.634830808570 -2463.169978866400 -3421.548327331430 4.74589624864733 -3.86862962479403 -4.60213835702847
2024-06-08T15:56:48.000 -5318.129506986890 -2470.900973037750 -3430.743878172350 4.75942352833967 -3.86236128094414 -4.59340859032140
2024-06-08T15:56:50.000 -5308.597152896760 -2478.619410938480 -3439.921946133450 4.77292650570226 -3.85607335955803 -4.58465548472442
2024-06-08T15:56:52.000 -5299.037817211140 -2486.325253445840 -3449.082484582030 4.78640511247486 -3.84976589296802 -4.57587908530460
2024-06-08T15:56:54.000 -5289.451548739350 -2494.018461501840 -3458.225446975580 4.79985928052753 -3.84343891360444 -4.56707943724532
2024-06-08T15:56:56.000 -5279.838396426850 -2501.698996113430 -3467.350786862110 4.81328894186098 -3.83709245399530 -4.55825658584596
2024-06-08T15:56:58.000 -5270.198409354960 -2509.366818352740 -3476.458457880340 4.82669402860692 -3.83072654676607 -4.54941057652152
2024-06-08T15:57:00.000 -5260.531636740640 -2517.021889357230 -3485.548413759930 4.84007447302837 -3.82434122463936 -4.54054145480223
2024-06-08T15:57:02.000 -5250.838127936140 -2524.664170329910 -3494.620608321720 4.85343020751998 -3.81793652043467 -4.53164926633320
2024-06-08T15:57:04.000 -5241.117932428830 -2532.293622539520 -3503.674995477940 4.86676116460835 -3.81151246706809 -4.52273405687404
2024-06-08T15:57:06.000 -5231.371099840870 -2539.910207320740 -3512.711529232470 4.88006727695230 -3.80506909755206 -4.51379587229854
2024-06-08T15:57:08.000 -5221.597679928990 -2547.513886074370 -3521.730163681040 4.89334847734319 -3.79860644499506 -4.50483475859424
2024-06-08T15:57:10.000 -5211.797722584190 -2555.104620267500 -3530.730853011490 4.90660469870518 -3.79212454260137 -4.49585076186217
2024-06-08T15:57:12.000 -5201.971277831490 -2562.682371433750 -3539.713551503940 4.91983587409547 -3.78562342367074 -4.48684392831638
2024-06-08T15:57:14.000 -5192.118395829660 -2570.247101173420 -3548.678213531090 4.93304193670462 -3.77910312159817 -4.47781430428372
2024-06-08T15:57:16.000 -5182.239126870980 -2577.798771153700 -3557.624793558380 4.94622281985672 -3.77256366987361 -4.46876193620338
2024-06-08T15:57:18.000 -5172.333521380910 -2585.337343108860 -3566.553246144240 4.95937845700969 -3.76600510208170 -4.45968687062663
2024-06-08T15:57:20.000 -5162.401629917880 -2592.862778840430 -3575.463525940330 4.97250878175548 -3.75942745190152 -4.45058915421647
2024-06-08T15:57:22.000 -5152.443503173010 -2600.375040217390 -3584.355587691730 4.98561372782028 -3.75283075310627 -4.44146883374727
2024-06-08T15:57:24.000 -5142.459191969810 -2607.874089176360 -3593.229386237200 4.99869322906479 -3.74621503956307 -4.43232595610448
2024-06-08T15:57:26.000 -5132.448747263970 -2615.359887721780 -3602.084876509360 5.01174721948433 -3.73958034523267 -4.42316056828431
2024-06-08T15:57:28.000 -5122.412220143010 -2622.832397926130 -3610.922013534950 5.02477563320916 -3.73292670416923 -4.41397271739342
2024-06-08T15:57:30.000 -5112.349661826090 -2630.291581930070 -3619.740752435030 5.03777840450454 -3.72625415052001 -4.40476245064860
2024-06-08T15:57:32.000 -5102.261123663680 -2637.737401942650 -3628.541048425190 5.05075546777105 -3.71956271852519 -4.39552981537651
2024-06-08T15:57:34.000 -5092.146657137330 -2645.169820241490 -3637.322856815810 5.06370675754467 -3.71285244251759 -4.38627485901334
2024-06-08T15:57:36.000 -5082.006313859390 -2652.588799172990 -3646.086133012210 5.07663220849700 -3.70612335692247 -4.37699762910457
2024-06-08T15:57:38.000 -5071.840145572690 -2659.994301152470 -3654.830832514960 5.08953175543544 -3.69937549625726 -4.36769817330468
2024-06-08T15:57:40.000 -5061.648204150360 -2667.386288664380 -3663.556910920010 5.10240533330334 -3.69260889513135 -4.35837653937689
2024-06-08T15:57:42.000 -5051.430541595480 -2674.764724262480 -3672.264323918960 5.11525287718019 -3.68582358824590 -4.34903277519289
2024-06-08T15:57:44.000 -5041.187210040830 -2682.129570570050 -3680.953027299260 5.12807432228175 -3.67901961039360 -4.33966692873256
2024-06-08T15:57:46.000 -5030.918261748630 -2689.480790280000 -3689.622976944430 5.14086960396027 -3.67219699645845 -4.33027904808377
2024-06-08T15:57:48.000 -5020.623749110280 -2696.818346155140 -3698.274128834270 5.15363865770458 -3.66535578141560 -4.32086918144213
2024-06-08T15:57:50.000 -5010.303724646020 -2704.142201028300 -3706.906439045070 5.16638141914032 -3.65849600033111 -4.31143737711072
2024-06-08T15:57:52.000 -4999.958241004750 -2711.452317802540 -3715.519863749860 5.17909782403007 -3.65161768836180 -4.30198368349989
2024-06-08T15:57:54.000 -4989.587350963670 -2718.748659451320 -3724.114359218560 5.19178780827353 -3.64472088075503 -4.29250814912704
2024-06-08T15:57:56.000 -4979.191107428070 -2726.031189018690 -3732.689881818270 5.20445130790765 -3.63780561284856 -4.28301082261641
2024-06-08T15:57:58.000 -4968.769563431000 -2733.299869619460 -3741.246388013420 5.21708825910685 -3.63087192007032 -4.27349175269884
2024-06-08T15:58:00.000 -4958.322772133060 -2740.554664439400 -3749.783834366020 5.22969859818317 -3.62391983793832 -4.26395098821160
2024-06-08T15:58:02.000 -4947.850786822050 -2747.795536735390 -3758.302177535850 5.24228226158642 -3.61694940206042 -4.25438857809815
2024-06-08T15:58:04.000 -4937.353660912770 -2755.022449835610 -3766.801374280690 5.25483918590439 -3.60996064813420 -4.24480457140802
2024-06-08T15:58:06.000 -4926.831447946680 -2762.235367139750 -3775.281381456530 5.26736930786302 -3.60295361194683 -4.23519901729652
2024-06-08T15:58:08.000 -4916.284201591650 -2769.434252119140 -3783.742156017760 5.27987256432661 -3.59592832937488 -4.22557196502464
2024-06-08T15:58:10.000 -4905.711975641700 -2776.619068316960 -3792.183655017430 5.29234889229797 -3.58888483638419 -4.21592346395883
2024-06-08T15:58:12.000 -4895.114824016700 -2783.789779348430 -3800.605835607380 5.30479822891864 -3.58182316902975 -4.20625356357081
2024-06-08T15:58:14.000 -4884.492800762080 -2790.946348900930 -3809.008655038550 5.31722051146913 -3.57474336345557 -4.19656231343744
2024-06-08T15:58:16.000 -4873.845960048590 -2798.088740734260 -3817.392070661090 5.32961567736907 -3.56764545589450 -4.18684976324047
2024-06-08T15:58:18.000 -4863.174356172000 -2805.216918680730 -3825.756039924650 5.34198366417746 -3.56052948266815 -4.17711596276647
2024-06-08T15:58:20.000 -4852.478043552810 -2812.330846645430 -3834.100520378560 5.35432440959291 -3.55339548018676 -4.16736096190656
2024-06-08T15:58:22.000 -4841.757076736000 -2819.430488606310 -3842.425469672020 5.36663785145385 -3.54624348494905 -4.15758481065630
2024-06-08T15:58:24.000 -4831.011510390720 -2826.515808614440 -3850.730845554320 5.37892392773877 -3.53907353354211 -4.14778755911552
2024-06-08T15:58:26.000 -4820.241399310020 -2833.586770794150 -3859.016605875090 5.39118257656647 -3.53188566264131 -4.13796925748812
2024-06-08T15:58:28.000 -4809.446798410590 -2840.643339343180 -3867.282708584420 5.40341373619633 -3.52467990901015 -4.12812995608192
2024-06-08T15:58:30.000 -4798.627762732440 -2847.685478532930 -3875.529111733170 5.41561734502856 -3.51745630950015 -4.11826970530850
2024-06-08T15:58:32.000 -4787.784347438650 -2854.713152708560 -3883.755773473090 5.42779334160447 -3.51021490105073 -4.10838855568300
2024-06-08T15:58:34.000 -4776.916607815070 -2861.726326289190 -3891.962652057070 5.43994166460676 -3.50295572068912 -4.09848655782398
2024-06-08T15:58:36.000 -4766.024599270060 -2868.724963768110 -3900.149705839370 5.45206225285978 -3.49567880553022 -4.08856376245323
2024-06-08T15:58:38.000 -4755.108377334160 -2875.709029712910 -3908.316893275760 5.46415504532986 -3.48838419277649 -4.07862022039556
2024-06-08T15:58:40.000 -4744.167997659860 -2882.678488765680 -3916.464172923780 5.47621998112559 -3.48107191971783 -4.06865598257869
2024-06-08T15:58:42.000 -4733.203516021280 -2889.633305643160 -3924.591503442920 5.48825699949812 -3.47374202373148 -4.05867110003299
2024-06-08T15:58:44.000 -4722.214988313890 -2896.573445136960 -3932.698843594840 5.50026603984151 -3.46639454228185 -4.04866562389133
2024-06-08T15:58:46.000 -4711.202470554240 -2903.498872113680 -3940.786152243580 5.51224704169300 -3.45902951292048 -4.03863960538890
2024-06-08T15:58:48.000 -4700.166018879660 -2910.409551515130 -3948.853388355720 5.52419994473340 -3.45164697328583 -4.02859309586298
2024-06-08T15:58:50.000 -4689.105689547970 -2917.305448358460 -3956.900511000640 5.53612468878737 -3.44424696110321 -4.01852614675274
2024-06-08T15:58:52.000 -4678.021538937190 -2924.186527736380 -3964.927479350700 5.54802121382380 -3.43682951418461 -4.00843880959906
2024-06-08T15:58:54.000 -4666.913623545280 -2931.052754817300 -3972.934252681430 5.55988945995612 -3.42939467042861 -3.99833113604430
2024-06-08T15:58:56.000 -4655.781999989800 -2937.904094845520 -3980.920790371770 5.57172936744269 -3.42194246782020 -3.98820317783205
2024-06-08T15:58:58.000 -4644.626725007670 -2944.740513141400 -3988.887051904210 5.58354087668714 -3.41447294443067 -3.97805498680697
2024-06-08T15:59:00.000 -4633.447855454850 -2951.561975101500 -3996.832996865080 5.59532392823871 -3.40698613841744 -3.96788661491450
2024-06-08T15:59:02.000 -4622.245448306050 -2958.368446198810 -4004.758584944660 5.60707846279263 -3.39948208802392 -3.95769811420066
2024-06-08T15:59:04.000 -4611.019560654460 -2965.159891982890 -4012.663775937430 5.61880442119049 -3.39196083157936 -3.94748953681178
2024-06-08T15:59:06.000 -4599.770249711410 -2971.936278080030 -4020.548529742280 5.63050174442062 -3.38442240749868 -3.93726093499427
2024-06-08T15:59:08.000 -4588.497572806130 -2978.697570193460 -4028.412806362680 5.64217037361841 -3.37686685428233 -3.92701236109433
2024-06-08T15:59:10.000 -4577.201587385440 -2985.443734103460 -4036.256565906900 5.65381025006676 -3.36929421051607 -3.91674386755774
2024-06-08T15:59:12.000 -4565.882351013410 -2992.174735667600 -4044.079768588180 5.66542131519637 -3.36170451487087 -3.90645550692954
2024-06-08T15:59:14.000 -4554.539921371150 -2998.890540820860 -4051.882374724980 5.67700351058618 -3.35409780610265 -3.89614733185378
2024-06-08T15:59:16.000 -4543.174356256410 -3005.591115575820 -4059.664344741130 5.68855677796371 -3.34647412305216 -3.88581939507321
2024-06-08T15:59:18.000 -4531.785713583390 -3012.276426022830 -4067.425639166030 5.70008105920543 -3.33883350464474 -3.87547174942903
2024-06-08T15:59:20.000 -4520.374051382330 -3018.946438330170 -4075.166218634890 5.71157629633716 -3.33117598989016 -3.86510444786057
2024-06-08T15:59:22.000 -4508.939427799330 -3025.601118744220 -4082.886043888880 5.72304243153440 -3.32350161788242 -3.85471754340496
2024-06-08T15:59:24.000 -4497.481901095940 -3032.240433589650 -4090.585075775340 5.73447940712274 -3.31581042779952 -3.84431108919690
2024-06-08T15:59:26.000 -4486.001529648930 -3038.864349269540 -4098.263275247980 5.74588716557820 -3.30810245890325 -3.83388513846824
2024-06-08T15:59:28.000 -4474.498371949970 -3045.472832265610 -4105.920603367080 5.75726564952757 -3.30037775053900 -3.82343974454777
2024-06-08T15:59:30.000 -4462.972486605310 -3052.065849138340 -4113.557021299660 5.76861480174883 -3.29263634213553 -3.81297496086080
2024-06-08T15:59:32.000 -4451.423932335510 -3058.643366527130 -4121.172490319690 5.77993456517144 -3.28487827320474 -3.80249084092890
2024-06-08T15:59:34.000 -4439.852767975110 -3065.205351150530 -4128.766971808290 5.79122488287673 -3.27710358334142 -3.79198743836952
2024-06-08T15:59:36.000 -4428.259052472330 -3071.751769806330 -4136.340427253890 5.80248569809821 -3.26931231222307 -3.78146480689567
2024-06-08T15:59:38.000 -4416.642844888780 -3078.282589371760 -4143.892818252470 5.81371695422196 -3.26150449960961 -3.77092300031559
2024-06-08T15:59:40.000 -4405.004204399150 -3084.797776803660 -4151.424106507680 5.82491859478689 -3.25368018534317 -3.76036207253237
2024-06-08T15:59:42.000 -4393.343190290880 -3091.297299138640 -4158.934253831120 5.83609056348515 -3.24583940934783 -3.74978207754362
2024-06-08T15:59:44.000 -4381.659861963890 -3097.781123493240 -4166.423222142450 5.84723280416239 -3.23798221162938 -3.73918306944113
2024-06-08T15:59:46.000 -4369.954278930250 -3104.249217064070 -4173.890973469600 5.85834526081807 -3.23010863227507 -3.72856510241047
2024-06-08T15:59:48.000 -4358.226500813870 -3110.701547128020 -4181.337469948990 5.86942787760583 -3.22221871145335 -3.71792823073070
2024-06-08T15:59:50.000 -4346.476587350200 -3117.138081042400 -4188.762673825670 5.88048059883373 -3.21431248941363 -3.70727250877393
2024-06-08T15:59:52.000 -4334.704598385940 -3123.558786245080 -4196.166547453540 5.89150336896456 -3.20639000648599 -3.69659799100503
2024-06-08T15:59:54.000 -4322.910593878670 -3129.963630254690 -4203.549053295520 5.90249613261613 -3.19845130308096 -3.68590473198122
2024-06-08T15:59:56.000 -4311.094633896610 -3136.352580670750 -4210.910153923730 5.91345883456156 -3.19049641968923 -3.67519278635174
2024-06-08T15:59:58.000 -4299.256778618280 -3142.725605173840 -4218.249812019680 5.92439141972952 -3.18252539688142 -3.66446220885746
2024-06-08T16:00:00.000 -4287.397088332160 -3149.082671525760 -4225.567990374470 5.93529383320453 -3.17453827530776 -3.65371305433053
2024-06-08T16:00:02.000 -4275.515623436430 -3155.423747569710 -4232.864651888930 5.94616602022719 -3.16653509569790 -3.64294537769402
2024-06-08T16:00:04.000 -4263.612444438620 -3161.748801230400 -4240.139759573840 5.95700792619445 -3.15851589886059 -3.63215923396157
2024-06-08T16:00:06.000 -4251.687611955320 -3168.057800514250 -4247.393276550110 5.96781949665982 -3.15048072568346 -3.62135467823701
2024-06-08T16:00:08.000 -4239.741186711850 -3174.350713509550 -4254.625166048920 5.97860067733366 -3.14242961713272 -3.61053176571399
2024-06-08T16:00:10.000 -4227.773229541940 -3180.627508386560 -4261.835391411950 5.98935141408334 -3.13436261425292 -3.59969055167567
2024-06-08T16:00:12.000 -4215.783801387450 -3186.888153397750 -4269.023916091530 6.00007165293352 -3.12627975816669 -3.58883109149433
2024-06-08T16:00:14.000 -4203.772963298020 -3193.132616877890 -4276.190703650810 6.01076134006634 -3.11818109007449 -3.57795344063102
2024-06-08T16:00:16.000 -4191.740776430780 -3199.360867244230 -4283.335717763960 6.02142042182163 -3.11006665125430 -3.56705765463525
2024-06-08T16:00:18.000 -4179.687302049990 -3205.572872996660 -4290.458922216350 6.03204884469711 -3.10193648306147 -3.55614378914460
2024-06-08T16:00:20.000 -4167.612601526810 -3211.768602717850 -4297.560280904690 6.04264655534860 -3.09379062692835 -3.54521189988438
2024-06-08T16:00:22.000 -4155.516736338880 -3217.948025073420 -4304.639757837250 6.05321350059021 -3.08562912436412 -3.53426204266735
2024-06-08T16:00:24.000 -4143.399768070070 -3224.111108812070 -4311.697317133990 6.06374962739451 -3.07745201695451 -3.52329427339332
2024-06-08T16:00:26.000 -4131.261758410170 -3230.257822765780 -4318.732923026770 6.07425488289275 -3.06925934636156 -3.51230864804886
2024-06-08T16:00:28.000 -4119.102769154520 -3236.388135849890 -4325.746539859520 6.08472921437501 -3.06105115432339 -3.50130522270696
2024-06-08T16:00:30.000 -4106.922862203720 -3242.502017063310 -4332.738132088370 6.09517256929036 -3.05282748265394 -3.49028405352672
2024-06-08T16:00:32.000 -4094.722099563330 -3248.599435488670 -4339.707664281890 6.10558489524709 -3.04458837324275 -3.47924519675303
2024-06-08T16:00:34.000 -4082.500543343530 -3254.680360292430 -4346.655101121210 6.11596614001282 -3.03633386805473 -3.46818870871625
2024-06-08T16:00:36.000 -4070.258255758790 -3260.744760725070 -4353.580407400190 6.12631625151472 -3.02806400912990 -3.45711464583193
2024-06-08T16:00:38.000 -4057.995299127590 -3266.792606121200 -4360.483548025640 6.13663517783962 -3.01977883858321 -3.44602306460049
2024-06-08T16:00:40.000 -4045.711735872060 -3272.823865899780 -4367.364488017420 6.14692286723420 -3.01147839860429 -3.43491402160692
2024-06-08T16:00:42.000 -4033.407628517680 -3278.838509564170 -4374.223192508670 6.15717926810518 -3.00316273145724 -3.42378757352050
2024-06-08T16:00:44.000 -4021.083039692950 -3284.836506702380 -4381.059626745940 6.16740432901944 -2.99483187948041 -3.41264377709451
2024-06-08T16:00:46.000 -4008.738032129090 -3290.817826987150 -4387.873756089370 6.17759799870420 -2.98648588508618 -3.40148268916594
2024-06-08T16:00:48.000 -3996.372668659700 -3296.782440176110 -4394.665546012880 6.18776022604718 -2.97812479076078 -3.39030436665524
2024-06-08T16:00:50.000 -3983.987012220430 -3302.730316111940 -4401.434962104270 6.19789096009675 -2.96974863906403 -3.37910886656600
2024-06-08T16:00:52.000 -3971.581125848700 -3308.661424722530 -4408.181970065480 6.20799015006213 -2.96135747262922 -3.36789624598474
2024-06-08T16:00:54.000 -3959.155072683330 -3314.575736021100 -4414.906535712660 6.21805774531351 -2.95295133416282 -3.35666656208058
2024-06-08T16:00:56.000 -3946.708915964240 -3320.473220106350 -4421.608624976420 6.22809369538223 -2.94453026644435 -3.34541987210505
2024-06-08T16:00:58.000 -3934.242719032130 -3326.353847162610 -4428.288203901920 6.23809794996099 -2.93609431232614 -3.33415623339176
2024-06-08T16:01:00.000 -3921.756545328160 -3332.217587460000 -4434.945238649100 6.24807045890396 -2.92764351473317 -3.32287570335622
2024-06-08T16:01:02.000 -3909.250458393600 -3338.064411354560 -4441.579695492790 6.25801117222699 -2.91917791666288 -3.31157833949552
2024-06-08T16:01:04.000 -3896.724521869550 -3343.894289288380 -4448.191540822920 6.26792004010777 -2.91069756118494 -3.30026419938814
2024-06-08T16:01:06.000 -3884.178799496570 -3349.707191789790 -4454.780741144620 6.27779701288602 -2.90220249144113 -3.28893334069368
2024-06-08T16:01:08.000 -3871.613355114410 -3355.503089473440 -4461.347263078460 6.28764204106369 -2.89369275064509 -3.27758582115260
2024-06-08T16:01:10.000 -3859.028252661610 -3361.281953040520 -4467.891073360550 6.29745507530510 -2.88516838208218 -3.26622169858603
2024-06-08T16:01:12.000 -3846.423556175260 -3367.043753278830 -4474.412138842720 6.30723606643719 -2.87662942910928 -3.25484103089549
2024-06-08T16:01:14.000 -3833.799329790610 -3372.788461062970 -4480.910426492700 6.31698496544967 -2.86807593515461 -3.24344387606267
2024-06-08T16:01:16.000 -3821.155637740780 -3378.516047354460 -4487.385903394250 6.32670172349525 -2.85950794371757 -3.23203029214918
2024-06-08T16:01:18.000 -3808.492544356400 -3384.226483201900 -4493.838536747330 6.33638629188981 -2.85092549836850 -3.22060033729634
2024-06-08T16:01:20.000 -3795.810114065340 -3389.919739741080 -4500.268293868280 6.34603862211266 -2.84232864274857 -3.20915406972494
2024-06-08T16:01:22.000 -3783.108411392310 -3395.595788195180 -4506.675142189950 6.35565866580671 -2.83371742056956 -3.19769154773499
2024-06-08T16:01:24.000 -3770.387500958600 -3401.254599874840 -4513.059049261860 6.36524637477868 -2.82509187561368 -3.18621282970550
2024-06-08T16:01:26.000 -3757.647447481700 -3406.896146178350 -4519.419982750380 6.37480170099939 -2.81645205173340 -3.17471797409426
2024-06-08T16:01:28.000 -3744.888315775010 -3412.520398591770 -4525.757910438880 6.38432459660389 -2.80779799285123 -3.16320703943756
2024-06-08T16:01:30.000 -3732.110170747500 -3418.127328689080 -4532.072800227850 6.39381501389177 -2.79912974295959 -3.15168008435002
2024-06-08T16:01:32.000 -3719.313077403350 -3423.716908132310 -4538.364620135110 6.40327290532736 -2.79044734612058 -3.14013716752430
2024-06-08T16:01:34.000 -3706.497100841670 -3429.289108671690 -4544.633338295960 6.41269822353997 -2.78175084646580 -3.12857834773087
2024-06-08T16:01:36.000 -3693.662306256150 -3434.843902145760 -4550.878922963290 6.42209092132414 -2.77304028819616 -3.11700368381780
2024-06-08T16:01:38.000 -3680.808758934690 -3440.381260481570 -4557.101342507770 6.43145095163988 -2.76431571558168 -3.10541323471049
2024-06-08T16:01:40.000 -3667.936524259150 -3445.901155694750 -4563.300565418000 6.44077826761292 -2.75557717296130 -3.09380705941142
2024-06-08T16:01:42.000 -3655.045667704950 -3451.403559889680 -4569.476560300670 6.45007282253497 -2.74682470474269 -3.08218521699993
2024-06-08T16:01:44.000 -3642.136254840750 -3456.888445259640 -4575.629295880700 6.45933456986398 -2.73805835540202 -3.07054776663196
2024-06-08T16:01:46.000 -3629.208351328140 -3462.355784086910 -4581.758741001380 6.46856346322436 -2.72927816948376 -3.05889476753976
2024-06-08T16:01:48.000 -3616.262022921300 -3467.805548742930 -4587.864864624580 6.47775945640732 -2.72048419160048 -3.04722627903170
2024-06-08T16:01:50.000 -3603.297335466660 -3473.237711688450 -4593.947635830820 6.48692250337104 -2.71167646643264 -3.03554236049194
2024-06-08T16:01:52.000 -3590.314354902550 -3478.652245473630 -4600.007023819490 6.49605255824100 -2.70285503872836 -3.02384307138022
2024-06-08T16:01:54.000 -3577.313147258900 -3484.049122738210 -4606.042997908980 6.50514957531024 -2.69401995330319 -3.01212847123157
2024-06-08T16:01:56.000 -3564.293778656880 -3489.428316211620 -4612.055527536800 6.51421350903959 -2.68517125503990 -3.00039861965603
2024-06-08T16:01:58.000 -3551.256315308550 -3494.789798713110 -4618.044582259770 6.52324431405797 -2.67630898888827 -2.98865357633838
2024-06-08T16:02:00.000 -3538.200823516590 -3500.133543151920 -4624.010131754160 6.53224194516266 -2.66743319986481 -2.97689340103787
2024-06-08T16:02:02.000 -3525.127369673870 -3505.459522527380 -4629.952145815830 6.54120635731956 -2.65854393305254 -2.96511815358791
2024-06-08T16:02:04.000 -3512.036020263190 -3510.767709929040 -4635.870594360350 6.55013750566344 -2.64964123360078 -2.95332789389582
2024-06-08T16:02:06.000 -3498.926841856890 -3516.058078536830 -4641.765447423230 6.55903534549826 -2.64072514672485 -2.94152268194251
2024-06-08T16:02:08.000 -3485.799901116560 -3521.330601621180 -4647.636675159980 6.56789983229737 -2.63179571770588 -2.92970257778218
2024-06-08T16:02:10.000 -3472.655264792640 -3526.585252543120 -4653.484247846310 6.57673092170384 -2.62285299189051 -2.91786764154203
2024-06-08T16:02:12.000 -3459.492999724130 -3531.822004754480 -4659.308135878230 6.58552856953066 -2.61389701469064 -2.90601793342194
2024-06-08T16:02:14.000 -3446.313172838250 -3537.040831797940 -4665.108309772250 6.59429273176106 -2.60492783158320 -2.89415351369418
2024-06-08T16:02:16.000 -3433.115851150050 -3542.241707307230 -4670.884740165500 6.60302336454873 -2.59594548810986 -2.88227444270309
2024-06-08T16:02:18.000 -3419.901101762140 -3547.424605007210 -4676.637397815830 6.61172042421809 -2.58695002987675 -2.87038078086476
2024-06-08T16:02:20.000 -3406.668991864270 -3552.589498714010 -4682.366253602050 6.62038386726455 -2.57794150255423 -2.85847258866668
2024-06-08T16:02:22.000 -3393.419588733050 -3557.736362335190 -4688.071278523960 6.62901365035475 -2.56891995187658 -2.84654992666748
2024-06-08T16:02:24.000 -3380.152959731600 -3562.865169869810 -4693.752443702600 6.63760973032681 -2.55988542364173 -2.83461285549651
2024-06-08T16:02:26.000 -3366.869172309160 -3567.975895408620 -4699.409720380300 6.64617206419055 -2.55083796371102 -2.82266143585360
2024-06-08T16:02:28.000 -3353.568294000790 -3573.068513134140 -4705.043079920880 6.65470060912777 -2.54177761800884 -2.81069572850867
2024-06-08T16:02:30.000 -3340.250392427030 -3578.142997320800 -4710.652493809760 6.66319532249246 -2.53270443252242 -2.79871579430139
2024-06-08T16:02:32.000 -3326.915535293520 -3583.199322335070 -4716.237933654110 6.67165616181104 -2.52361845330151 -2.78672169414086
2024-06-08T16:02:34.000 -3313.563790390690 -3588.237462635590 -4721.799371183000 6.68008308478254 -2.51451972645810 -2.77471348900525
2024-06-08T16:02:36.000 -3300.195225593380 -3593.257392773270 -4727.336778247510 6.68847604927890 -2.50540829816612 -2.76269123994145
2024-06-08T16:02:38.000 -3286.809908860530 -3598.259087391450 -4732.850126820890 6.69683501334511 -2.49628421466117 -2.75065500806475
2024-06-08T16:02:40.000 -3273.407908234810 -3603.242521225970 -4738.339388998690 6.70515993519945 -2.48714752224022 -2.73860485455845
2024-06-08T16:02:42.000 -3259.989291842280 -3608.207669105370 -4743.804536998870 6.71345077323372 -2.47799826726130 -2.72654084067352
2024-06-08T16:02:44.000 -3246.554127892050 -3613.154505950920 -4749.245543162000 6.72170748601337 -2.46883649614324 -2.71446302772825
2024-06-08T16:02:46.000 -3233.102484675910 -3618.083006776830 -4754.662379951330 6.72993003227776 -2.45966225536536 -2.70237147710789
2024-06-08T16:02:48.000 -3219.634430568010 -3622.993146690300 -4760.055019952950 6.73811837094032 -2.45047559146718 -2.69026625026430
2024-06-08T16:02:50.000 -3206.150034024500 -3627.884900891690 -4765.423435875920 6.74627246108873 -2.44127655104812 -2.67814740871557
2024-06-08T16:02:52.000 -3192.649363583160 -3632.758244674590 -4770.767600552400 6.75439226198510 -2.43206518076724 -2.66601501404569
2024-06-08T16:02:54.000 -3179.132487863100 -3637.613153425990 -4776.087486937790 6.76247773306616 -2.42284152734292 -2.65386912790416
2024-06-08T16:02:56.000 -3165.599475564370 -3642.449602626380 -4781.383068110840 6.77052883394339 -2.41360563755256 -2.64170981200567
2024-06-08T16:02:58.000 -3152.050395467610 -3647.267567849850 -4786.654317273820 6.77854552440321 -2.40435755823236 -2.62953712812969
2024-06-08T16:03:00.000 -3138.485316433730 -3652.067024764220 -4791.901207752600 6.78652776440713 -2.39509733627695 -2.61735113812015
2024-06-08T16:03:02.000 -3124.904307403530 -3656.847949131160 -4797.123712996820 6.79447551409190 -2.38582501863915 -2.60515190388507
2024-06-08T16:03:04.000 -3111.307437397370 -3661.610316806320 -4802.321806579970 6.80238873376965 -2.37654065232972 -2.59293948739619
2024-06-08T16:03:06.000 -3097.694775514800 -3666.354103739410 -4807.495462199590 6.81026738392807 -2.36724428441701 -2.58071395068863
2024-06-08T16:03:08.000 -3084.066390934230 -3671.079285974340 -4812.644653677310 6.81811142523049 -2.35793596202673 -2.56847535586053
2024-06-08T16:03:10.000 -3070.422352912560 -3675.785839649320 -4817.769354959060 6.82592081851604 -2.34861573234168 -2.55622376507268
2024-06-08T16:03:12.000 -3056.762730784840 -3680.473740997000 -4822.869540115110 6.83369552479982 -2.33928364260145 -2.54395924054819
2024-06-08T16:03:14.000 -3043.087593963910 -3685.142966344550 -4827.945183340280 6.84143550527294 -2.32993974010220 -2.53168184457212
2024-06-08T16:03:16.000 -3029.397011940050 -3689.793492113800 -4832.996258954000 6.84914072130275 -2.32058407219634 -2.51939163949114
2024-06-08T16:03:18.000 -3015.691054280630 -3694.425294821340 -4838.022741400450 6.85681113443287 -2.31121668629231 -2.50708868771316
2024-06-08T16:03:20.000 -3001.969790629770 -3699.038351078620 -4843.024605248690 6.86444670638334 -2.30183762985429 -2.49477305170702
2024-06-08T16:03:22.000 -2988.233290707960 -3703.632637592080 -4848.001825192810 6.87204739905077 -2.29244695040199 -2.48244479400211
2024-06-08T16:03:24.000 -2974.481624311710 -3708.208131163260 -4852.954376051960 6.87961317450838 -2.28304469551036 -2.47010397718806
2024-06-08T16:03:26.000 -2960.714861313240 -3712.764808688910 -4857.882232770580 6.88714399500619 -2.27363091280936 -2.45775066391438
2024-06-08T16:03:28.000 -2946.933071660050 -3717.302647161080 -4862.785370418450 6.89463982297107 -2.26420564998370 -2.44538491689010
2024-06-08T16:03:30.000 -2933.136325374640 -3721.821623667260 -4867.663764190820 6.90210062100686 -2.25476895477264 -2.43300679888348
2024-06-08T16:03:32.000 -2919.324692554120 -3726.321715390450 -4872.517389408550 6.90952635189452 -2.24532087496970 -2.42061637272166
2024-06-08T16:03:34.000 -2905.498243369860 -3730.802899609300 -4877.346221518190 6.91691697859216 -2.23586145842248 -2.40821370129031
2024-06-08T16:03:36.000 -2891.657048067130 -3735.265153698240 -4882.150236092160 6.92427246423520 -2.22639075303238 -2.39579884753332
2024-06-08T16:03:38.000 -2877.801176964750 -3739.708455127510 -4886.929408828780 6.93159277213648 -2.21690880675440 -2.38337187445247
2024-06-08T16:03:40.000 -2863.930700454760 -3744.132781463340 -4891.683715552460 6.93887786578632 -2.20741566759693 -2.37093284510710
2024-06-08T16:03:42.000 -2850.045689002000 -3748.538110368020 -4896.413132213770 6.94612770885265 -2.19791138362149 -2.35848182261380
2024-06-08T16:03:44.000 -2836.146213143840 -3752.924419600020 -4901.117634889590 6.95334226518114 -2.18839600294256 -2.34601887014606
2024-06-08T16:03:46.000 -2822.232343489760 -3757.291687014090 -4905.797199783190 6.96052149879524 -2.17886957372732 -2.33354405093400
2024-06-08T16:03:48.000 -2808.304150721010 -3761.639890561380 -4910.451803224360 6.96766537389637 -2.16933214419546 -2.32105742826401
2024-06-08T16:03:50.000 -2794.361705590260 -3765.969008289510 -4915.081421669500 6.97477385486394 -2.15978376261899 -2.30855906547846
2024-06-08T16:03:52.000 -2780.405078921270 -3770.279018342710 -4919.686031701790 6.98184690625555 -2.15022447732199 -2.29604902597539
2024-06-08T16:03:54.000 -2766.434341608470 -3774.569898961900 -4924.265610031230 6.98888449280700 -2.14065433668043 -2.28352737320817
2024-06-08T16:03:56.000 -2752.449564616660 -3778.841628484820 -4928.820133494790 6.99588657943249 -2.13107338912197 -2.27099417068524
2024-06-08T16:03:58.000 -2738.450818980640 -3783.094185346100 -4933.349579056510 7.00285313122469 -2.12148168312574 -2.25844948196976
2024-06-08T16:04:00.000 -2724.438175804810 -3787.327548077380 -4937.853923807610 7.00978411345487 -2.11187926722215 -2.24589337067933
2024-06-08T16:04:02.000 -2710.411706262890 -3791.541695307430 -4942.333144966620 7.01667949157298 -2.10226618999272 -2.23332590048565
2024-06-08T16:04:04.000 -2696.371481597510 -3795.736605762220 -4946.787219879440 7.02353923120782 -2.09264250006980 -2.22074713511429
2024-06-08T16:04:06.000 -2682.317573119850 -3799.912258265040 -4951.216126019480 7.03036329816715 -2.08300824613648 -2.20815713834430
2024-06-08T16:04:08.000 -2668.250052209310 -3804.068631736580 -4955.619840987770 7.03715165843777 -2.07336347692630 -2.19555597400798
2024-06-08T16:04:10.000 -2654.168990313120 -3808.205705195080 -4959.998342513050 7.04390427818571 -2.06370824122310 -2.18294370599053
2024-06-08T16:04:12.000 -2640.074458946020 -3812.323457756370 -4964.351608451900 7.05062112375629 -2.05404258786083 -2.17032039822979
2024-06-08T16:04:14.000 -2625.966529689870 -3816.421868634010 -4968.679616788800 7.05730216167430 -2.04436656572332 -2.15768611471591
2024-06-08T16:04:16.000 -2611.845274193290 -3820.500917139370 -4972.982345636290 7.06394735864413 -2.03468022374411 -2.14504091949107
2024-06-08T16:04:18.000 -2597.710764171340 -3824.560582681740 -4977.259773235020 7.07055668154986 -2.02498361090624 -2.13238487664919
2024-06-08T16:04:20.000 -2583.563071405100 -3828.600844768440 -4981.511877953900 7.07713009745543 -2.01527677624205 -2.11971805033559
2024-06-08T16:04:22.000 -2569.402267741360 -3832.621683004880 -4985.738638290180 7.08366757360477 -2.00555976883299 -2.10704050474674
2024-06-08T16:04:24.000 -2555.228425092240 -3836.623077094690 -4989.940032869540 7.09016907742195 -1.99583263780940 -2.09435230412996
2024-06-08T16:04:26.000 -2541.041615434820 -3840.605006839830 -4994.116040446210 7.09663457651131 -1.98609543235035 -2.08165351278307
2024-06-08T16:04:28.000 -2526.841910810820 -3844.567452140620 -4998.266639903080 7.10306403865757 -1.97634820168336 -2.06894419505415
2024-06-08T16:04:30.000 -2512.629383326180 -3848.510392995940 -5002.391810251770 7.10945743182605 -1.96659099508429 -2.05622441534122
2024-06-08T16:04:32.000 -2498.404105150740 -3852.433809503220 -5006.491530632750 7.11581472416273 -1.95682386187704 -2.04349423809194
2024-06-08T16:04:34.000 -2484.166148517870 -3856.337681858620 -5010.565780315440 7.12213588399447 -1.94704685143340 -2.03075372780331
2024-06-08T16:04:36.000 -2469.915585724100 -3860.221990357070 -5014.614538698300 7.12842087982911 -1.93726001317281 -2.01800294902137
2024-06-08T16:04:38.000 -2455.652489128770 -3864.086715392410 -5018.637785308930 7.13466968035562 -1.92746339656217 -2.00524196634090
2024-06-08T16:04:40.000 -2441.376931153640 -3867.931837457430 -5022.635499804160 7.14088225444429 -1.91765705111558 -1.99247084440513
2024-06-08T16:04:42.000 -2427.088984282580 -3871.757337144020 -5026.607661970170 7.14705857114684 -1.90784102639418 -1.97968964790542
2024-06-08T16:04:44.000 -2412.788721061160 -3875.563195143230 -5030.554251722570 7.15319859969655 -1.89801537200585 -1.96689844158097
2024-06-08T16:04:46.000 -2398.476214096290 -3879.349392245370 -5034.475249106470 7.15930230950850 -1.88818013760507 -1.95409729021851
2024-06-08T16:04:48.000 -2384.151536055890 -3883.115909340110 -5038.370634296640 7.16536967017961 -1.87833537289261 -1.94128625865199
2024-06-08T16:04:50.000 -2369.814759668490 -3886.862727416560 -5042.240387597530 7.17140065148886 -1.86848112761537 -1.92846541176229
2024-06-08T16:04:52.000 -2355.465957722870 -3890.589827563390 -5046.084489443420 7.17739522339742 -1.85861745156609 -1.91563481447692
2024-06-08T16:04:54.000 -2341.105203067740 -3894.297190968870 -5049.902920398490 7.18335335604880 -1.84874439458315 -1.90279453176967
2024-06-08T16:04:56.000 -2326.732568611300 -3897.984798921020 -5053.695661156900 7.18927501976900 -1.83886200655031 -1.88994462866035
2024-06-08T16:04:58.000 -2312.348127320950 -3901.652632807650 -5057.462692542900 7.19516018506664 -1.82897033739647 -1.87708517021445
2024-06-08T16:05:00.000 -2297.951952222860 -3905.300674116500 -5061.203995510940 7.20100882263312 -1.81906943709543 -1.86421622154286
2024-06-08T16:05:02.000 -2283.544116401660 -3908.928904435280 -5064.919551145690 7.20682090334278 -1.80915935566565 -1.85133784780153
2024-06-08T16:05:04.000 -2269.124693000030 -3912.537305451790 -5068.609340662230 7.21259639825303 -1.79924014316998 -1.83845011419117
2024-06-08T16:05:06.000 -2254.693755218360 -3916.125858953990 -5072.273345406040 7.21833527860446 -1.78931184971540 -1.82555308595694
2024-06-08T16:05:08.000 -2240.251376314370 -3919.694546830110 -5075.911546853170 7.22403751582103 -1.77937452545281 -1.81264682838813
2024-06-08T16:05:10.000 -2225.797629602760 -3923.243351068720 -5079.523926610260 7.22970308151020 -1.76942822057671 -1.79973140681786
2024-06-08T16:05:12.000 -2211.332588454820 -3926.772253758830 -5083.110466414690 7.23533194746302 -1.75947298532499 -1.78680688662277
2024-06-08T16:05:14.000 -2196.856326298090 -3930.281237089960 -5086.671148134610 7.24092408565433 -1.74950886997863 -1.77387333322265
2024-06-08T16:05:16.000 -2182.368916615950 -3933.770283352230 -5090.205953769080 7.24647946824285 -1.73953592486146 -1.76093081208022
2024-06-08T16:05:18.000 -2167.870432947290 -3937.239374936470 -5093.714865448110 7.25199806757130 -1.72955420033988 -1.74797938870073
2024-06-08T16:05:20.000 -2153.360948886150 -3940.688494334260 -5097.197865432760 7.25747985616657 -1.71956374682260 -1.73501912863169
2024-06-08T16:05:22.000 -2138.840538081310 -3944.117624138060 -5100.654936115230 7.26292480673981 -1.70956461476036 -1.72205009746253
2024-06-08T16:05:24.000 -2124.309274235950 -3947.526747041270 -5104.086060018960 7.26833289218657 -1.69955685464567 -1.70907236082430
2024-06-08T16:05:26.000 -2109.767231107270 -3950.915845838300 -5107.491219798670 7.27370408558691 -1.68954051701251 -1.69608598438936
2024-06-08T16:05:28.000 -2095.214482506130 -3954.284903424690 -5110.870398240460 7.27903836020552 -1.67951565243611 -1.68309103387101
2024-06-08T16:05:30.000 -2080.651102296670 -3957.633902797160 -5114.223578261930 7.28433568949185 -1.66948231153261 -1.67008757502327
2024-06-08T16:05:32.000 -2066.077164395960 -3960.962827053700 -5117.550742912200 7.28959604708018 -1.65944054495882 -1.65707567364045
2024-06-08T16:05:34.000 -2051.492742773610 -3964.271659393670 -5120.851875372020 7.29481940678980 -1.64939040341196 -1.64405539555694
2024-06-08T16:05:36.000 -2036.897911451390 -3967.560383117860 -5124.126958953870 7.30000574262504 -1.63933193762933 -1.63102680664681
2024-06-08T16:05:38.000 -2022.292744502900 -3970.828981628550 -5127.375977102000 7.30515502877542 -1.62926519838810 -1.61798997282353
2024-06-08T16:05:40.000 -2007.677316053170 -3974.077438429650 -5130.598913392530 7.31026723961576 -1.61919023650497 -1.60494496003968
2024-06-08T16:05:42.000 -1993.051700278280 -3977.305737126710 -5133.795751533510 7.31534234970625 -1.60910710283592 -1.59189183428656
2024-06-08T16:05:44.000 -1978.415971405010 -3980.513861427060 -5136.966475365040 7.32038033379257 -1.59901584827596 -1.57883066159395
2024-06-08T16:05:46.000 -1963.770203710490 -3983.701795139850 -5140.111068859310 7.32538116680597 -1.58891652375882 -1.56576150802976
2024-06-08T16:05:48.000 -1949.114471521770 -3986.869522176110 -5143.229516120650 7.33034482386339 -1.57880918025665 -1.55268443969971
2024-06-08T16:05:50.000 -1934.448849215480 -3990.017026548890 -5146.321801385690 7.33527128026751 -1.56869386877983 -1.53959952274704
2024-06-08T16:05:52.000 -1919.773411217480 -3993.144292373280 -5149.387909023340 7.34016051150689 -1.55857064037661 -1.52650682335216
2024-06-08T16:05:54.000 -1905.088232002450 -3996.251303866500 -5152.427823534950 7.34501249325601 -1.54843954613287 -1.51340640773237
2024-06-08T16:05:56.000 -1890.393386093540 -3999.338045348000 -5155.441529554290 7.34982720137540 -1.53830063717187 -1.50029834214154
2024-06-08T16:05:58.000 -1875.688948062010 -4002.404501239480 -5158.429011847720 7.35460461191170 -1.52815396465395 -1.48718269286977
2024-06-08T16:06:00.000 -1860.974992526800 -4005.450656065040 -5161.390255314200 7.35934470109773 -1.51799957977625 -1.47405952624312
2024-06-08T16:06:02.000 -1846.251594154240 -4008.476494451170 -5164.325244985370 7.36404744535262 -1.50783753377249 -1.46092890862327
2024-06-08T16:06:04.000 -1831.518827657610 -4011.482001126890 -5167.233966025630 7.36871282128184 -1.49766787791266 -1.44779090640722
2024-06-08T16:06:06.000 -1816.776767796810 -4014.467160923790 -5170.116403732220 7.37334080567731 -1.48749066350277 -1.43464558602697
2024-06-08T16:06:08.000 -1802.025489377940 -4017.431958776090 -5172.972543535270 7.37793137551747 -1.47730594188459 -1.42149301394921
2024-06-08T16:06:10.000 -1787.265067253000 -4020.376379720770 -5175.802370997880 7.38248450796737 -1.46711376443539 -1.40833325667503
2024-06-08T16:06:12.000 -1772.495576319440 -4023.300408897560 -5178.605871816190 7.38700018037874 -1.45691418256767 -1.39516638073957
2024-06-08T16:06:14.000 -1757.717091519820 -4026.204031549060 -5181.383031819450 7.39147837029003 -1.44670724772892 -1.38199245271177
2024-06-08T16:06:16.000 -1742.929687841460 -4029.087233020810 -5184.133836970050 7.39591905542658 -1.43649301140133 -1.36881153919398
2024-06-08T16:06:18.000 -1728.133440316030 -4031.949998761350 -5186.858273363650 7.40032221370059 -1.42627152510158 -1.35562370682173
2024-06-08T16:06:20.000 -1713.328424019170 -4034.792314322270 -5189.556327229210 7.40468782321128 -1.41604284038054 -1.34242902226338
2024-06-08T16:06:22.000 -1698.514714070170 -4037.614165358310 -5192.227984929050 7.40901586224492 -1.40580700882309 -1.32922755221981
2024-06-08T16:06:24.000 -1683.692385631530 -4040.415537627420 -5194.873232958920 7.41330630927491 -1.39556408204777 -1.31601936342410
2024-06-08T16:06:26.000 -1668.861513908640 -4043.196416990790 -5197.492057948080 7.41755914296188 -1.38531411170663 -1.30280452264128
2024-06-08T16:06:28.000 -1654.022174149350 -4045.956789412990 -5200.084446659360 7.42177434215375 -1.37505714948492 -1.28958309666794
2024-06-08T16:06:30.000 -1639.174441643670 -4048.696640961960 -5202.650385989180 7.42595188588582 -1.36479324710087 -1.27635515233196
2024-06-08T16:06:32.000 -1624.318391723310 -4051.415957809120 -5205.189862967680 7.43009175338082 -1.35452245630546 -1.26312075649223
2024-06-08T16:06:34.000 -1609.454099761370 -4054.114726229430 -5207.702864758740 7.43419392404902 -1.34424482888214 -1.24987997603827
2024-06-08T16:06:36.000 -1594.581641171930 -4056.792932601440 -5210.189378660040 7.43825837748829 -1.33396041664665 -1.23663287788996
2024-06-08T16:06:38.000 -1579.701091409710 -4059.450563407370 -5212.649392103140 7.44228509348418 -1.32366927144670 -1.22337952899724
2024-06-08T16:06:40.000 -1564.812525969650 -4062.087605233170 -5215.082892653520 7.44627405201001 -1.31337144516182 -1.21011999633976
2024-06-08T16:06:42.000 -1549.916020386550 -4064.704044768560 -5217.489868010660 7.45022523322694 -1.30306698970305 -1.19685434692661
2024-06-08T16:06:44.000 -1535.011650234720 -4067.299868807160 -5219.870306008080 7.45413861748405 -1.29275595701276 -1.18358264779595
2024-06-08T16:06:46.000 -1520.099491127570 -4069.875064246440 -5222.224194613410 7.45801418531843 -1.28243839906438 -1.17030496601475
2024-06-08T16:06:48.000 -1505.179618717250 -4072.429618087910 -5224.551521928430 7.46185191745525 -1.27211436786218 -1.15702136867844
2024-06-08T16:06:50.000 -1490.252108694270 -4074.963517437080 -5226.852276189160 7.46565179480786 -1.26178391544104 -1.14373192291061
2024-06-08T16:06:52.000 -1475.317036787140 -4077.476749503570 -5229.126445765890 7.46941379847785 -1.25144709386620 -1.13043669586269
2024-06-08T16:06:54.000 -1460.374478761960 -4079.969301601170 -5231.374019163210 7.47313790975513 -1.24110395523305 -1.11713575471361
2024-06-08T16:06:56.000 -1445.424510422070 -4082.441161147880 -5233.594985020140 7.47682411011806 -1.23075455166689 -1.10382916666951
2024-06-08T16:06:58.000 -1430.467207607660 -4084.892315665990 -5235.789332110120 7.48047238123347 -1.22039893532269 -1.09051699896338
2024-06-08T16:07:00.000 -1415.502646195400 -4087.322752782110 -5237.957049341060 7.48408270495678 -1.21003715838488 -1.07719931885480
2024-06-08T16:07:02.000 -1400.530902098070 -4089.732460227270 -5240.098125755460 7.48765506333207 -1.19966927306707 -1.06387619362955
2024-06-08T16:07:04.000 -1385.552051264150 -4092.121425836950 -5242.212550530380 7.49118943859220 -1.18929533161189 -1.05054769059931
2024-06-08T16:07:06.000 -1370.566169677500 -4094.489637551140 -5244.300312977540 7.49468581315883 -1.17891538629069 -1.03721387710135
2024-06-08T16:07:08.000 -1355.573333356910 -4096.837083414400 -5246.361402543380 7.49814416964255 -1.16852948940335 -1.02387482049817
2024-06-08T16:07:10.000 -1340.573618355790 -4099.163751575930 -5248.395808809060 7.50156449084294 -1.15813769327803 -1.01053058817719
2024-06-08T16:07:12.000 -1325.567100761740 -4101.469630289590 -5250.403521490550 7.50494675974868 -1.14774005027094 -0.99718124755044
2024-06-08T16:07:14.000 -1310.553856696210 -4103.754707914010 -5252.384530438680 7.50829095953761 -1.13733661276609 -0.98382686605417
2024-06-08T16:07:16.000 -1295.533962314090 -4106.018972912600 -5254.338825639160 7.51159707357681 -1.12692743317509 -0.97046751114857
2024-06-08T16:07:18.000 -1280.507493803370 -4108.262413853610 -5256.266397212650 7.51486508542268 -1.11651256393688 -0.95710325031741
2024-06-08T16:07:20.000 -1265.474527384700 -4110.485019410230 -5258.167235414820 7.51809497882103 -1.10609205751750 -0.94373415106772
2024-06-08T16:07:22.000 -1250.435139311100 -4112.686778360560 -5260.041330636330 7.52128673770718 -1.09566596640988 -0.93036028092944
2024-06-08T16:07:24.000 -1235.389405867470 -4114.867679587750 -5261.888673402980 7.52444034620597 -1.08523434313355 -0.91698170745507
2024-06-08T16:07:26.000 -1220.337403370320 -4117.027712080010 -5263.709254375640 7.52755578863191 -1.07479724023443 -0.90359849821937
2024-06-08T16:07:28.000 -1205.279208167330 -4119.166864930650 -5265.503064350410 7.53063304948922 -1.06435471028461 -0.89021072081898
2024-06-08T16:07:30.000 -1190.214896636960 -4121.285127338180 -5267.270094258560 7.53367211347189 -1.05390680588206 -0.87681844287211
2024-06-08T16:07:32.000 -1175.144545188100 -4123.382488606300 -5269.010335166630 7.53667296546377 -1.04345357965041 -0.86342173201818
2024-06-08T16:07:34.000 -1160.068230259720 -4125.458938143990 -5270.723778276460 7.53963559053867 -1.03299508423871 -0.85002065591747
2024-06-08T16:07:36.000 -1144.986028320390 -4127.514465465580 -5272.410414925250 7.54255997396035 -1.02253137232116 -0.83661528225080
2024-06-08T16:07:38.000 -1129.898015868010 -4129.549060190740 -5274.070236585560 7.54544610118265 -1.01206249659690 -0.82320567871918
2024-06-08T16:07:40.000 -1114.804269429370 -4131.562712044580 -5275.703234865370 7.54829395784955 -1.00158850978972 -0.80979191304344
2024-06-08T16:07:42.000 -1099.704865559760 -4133.555410857680 -5277.309401508130 7.55110352979520 -0.99110946464784 -0.79637405296393
2024-06-08T16:07:44.000 -1084.599880842650 -4135.527146566130 -5278.888728392790 7.55387480304399 -0.98062541394364 -0.78295216624014
2024-06-08T16:07:46.000 -1069.489391889250 -4137.477909211610 -5280.441207533840 7.55660776381062 -0.97013641047341 -0.76952632065037
2024-06-08T16:07:48.000 -1054.373475338130 -4139.407688941390 -5281.966831081350 7.55930239850014 -0.95964250705710 -0.75609658399138
2024-06-08T16:07:50.000 -1039.252207854910 -4141.316476008430 -5283.465591320970 7.56195869370802 -0.94914375653806 -0.74266302407804
2024-06-08T16:07:52.000 -1024.125666131770 -4143.204260771380 -5284.937480674040 7.56457663622018 -0.93864021178279 -0.72922570874302
2024-06-08T16:07:54.000 -1008.993926887180 -4145.071033694660 -5286.382491697560 7.56715621301304 -0.92813192568068 -0.71578470583639
2024-06-08T16:07:56.000 -993.857066865424 -4146.916785348480 -5287.800617084250 7.56969741125355 -0.91761895114374 -0.70234008322532
2024-06-08T16:07:58.000 -978.715162836296 -4148.741506408910 -5289.191849662580 7.57220021829928 -0.90710134110636 -0.68889190879372
2024-06-08T16:08:00.000 -963.568291594663 -4150.545187657880 -5290.556182396810 7.57466462169841 -0.89657914852503 -0.67544025044191
2024-06-08T16:08:02.000 -948.416529960111 -4152.327819983290 -5291.893608387010 7.57709060918976 -0.88605242637809 -0.66198517608627
2024-06-08T16:08:04.000 -933.259954776560 -4154.089394379020 -5293.204120869110 7.57947816870288 -0.87552122766547 -0.64852675365888
2024-06-08T16:08:06.000 -918.098642911876 -4155.829901944930 -5294.487713214900 7.58182728835802 -0.86498560540842 -0.63506505110722
2024-06-08T16:08:08.000 -902.932671257497 -4157.549333886980 -5295.744378932100 7.58413795646617 -0.85444561264925 -0.62160013639383
2024-06-08T16:08:10.000 -887.762116728046 -4159.247681517230 -5296.974111664350 7.58641016152912 -0.84390130245106 -0.60813207749591
2024-06-08T16:08:12.000 -872.587056260953 -4160.924936253880 -5298.176905191290 7.58864389223944 -0.83335272789750 -0.59466094240509
2024-06-08T16:08:14.000 -857.407566816072 -4162.581089621320 -5299.352753428510 7.59083913748052 -0.82279994209247 -0.58118679912700
2024-06-08T16:08:16.000 -842.223725375298 -4164.216133250160 -5300.501650427680 7.59299588632657 -0.81224299815988 -0.56770971568100
2024-06-08T16:08:18.000 -827.035608942190 -4165.830058877300 -5301.623590376480 7.59511412804266 -0.80168194924337 -0.55422976009981
2024-06-08T16:08:20.000 -811.843294541581 -4167.422858345920 -5302.718567598690 7.59719385208470 -0.79111684850608 -0.54074700042923
2024-06-08T16:08:22.000 -796.646859219207 -4168.994523605570 -5303.786576554180 7.59923504809950 -0.78054774913034 -0.52726150472777
2024-06-08T16:08:24.000 -781.446380041314 -4170.545046712150 -5304.827611838960 7.60123770592469 -0.76997470431742 -0.51377334106633
2024-06-08T16:08:26.000 -766.241934094286 -4172.074419828020 -5305.841668185190 7.60320181558883 -0.75939776728730 -0.50028257752793
2024-06-08T16:08:28.000 -751.033598484257 -4173.582635221980 -5306.828740461210 7.60512736731133 -0.74881699127835 -0.48678928220732
2024-06-08T16:08:30.000 -735.821450336733 -4175.069685269320 -5307.788823671570 7.60701435150248 -0.73823242954712 -0.47329352321071
2024-06-08T16:08:32.000 -720.605566796205 -4176.535562451870 -5308.721912957020 7.60886275876348 -0.72764413536806 -0.45979536865543
2024-06-08T16:08:34.000 -705.386025025775 -4177.980259358020 -5309.628003594570 7.61067257988638 -0.71705216203322 -0.44629488666966
2024-06-08T16:08:36.000 -690.162902206767 -4179.403768682770 -5310.507090997500 7.61244380585412 -0.70645656285206 -0.43279214539205
2024-06-08T16:08:38.000 -674.936275538350 -4180.806083227750 -5311.359170715380 7.61417642784051 -0.69585739115114 -0.41928721297148
2024-06-08T16:08:40.000 -659.706222237154 -4182.187195901260 -5312.184238434070 7.61587043721022 -0.68525470027388 -0.40578015756673
2024-06-08T16:08:42.000 -644.472819536888 -4183.547099718300 -5312.982289975770 7.61752582551876 -0.67464854358029 -0.39227104734616
2024-06-08T16:08:44.000 -629.236144687960 -4184.885787800620 -5313.753321299020 7.61914258451253 -0.66403897444675 -0.37875995048744
2024-06-08T16:08:46.000 -613.996274957094 -4186.203253376720 -5314.497328498750 7.62072070612873 -0.65342604626569 -0.36524693517723
2024-06-08T16:08:48.000 -598.753287626949 -4187.499489781920 -5315.214307806230 7.62226018249541 -0.64280981244540 -0.35173206961091
2024-06-08T16:08:50.000 -583.507259995737 -4188.774490458360 -5315.904255589160 7.62376100593143 -0.63219032640975 -0.33821542199225
2024-06-08T16:08:52.000 -568.258269376841 -4190.028248955040 -5316.567168351640 7.62522316894646 -0.62156764159793 -0.32469706053317
2024-06-08T16:08:54.000 -553.006393098436 -4191.260758927870 -5317.203042734210 7.62664666424098 -0.61094181146423 -0.31117705345339
2024-06-08T16:08:56.000 -537.751708503101 -4192.472014139670 -5317.811875513860 7.62803148470626 -0.60031288947777 -0.29765546898022
2024-06-08T16:08:58.000 -522.494292947446 -4193.662008460200 -5318.393663604020 7.62937762342432 -0.58968092912224 -0.28413237534820
2024-06-08T16:09:00.000 -507.234223801724 -4194.830735866240 -5318.948404054640 7.63068507366798 -0.57904598389569 -0.27060784079887
2024-06-08T16:09:02.000 -491.971578449453 -4195.978190441550 -5319.476094052110 7.63195382890080 -0.56840810731027 -0.25708193358049
2024-06-08T16:09:04.000 -476.706434287030 -4197.104366376930 -5319.976730919350 7.63318388277712 -0.55776735289199 -0.24355472194771
2024-06-08T16:09:06.000 -461.438868723356 -4198.209257970250 -5320.450312115790 7.63437522914198 -0.54712377418048 -0.23002627416138
2024-06-08T16:09:08.000 -446.168959179450 -4199.292859626490 -5320.896835237400 7.63552786203119 -0.53647742472874 -0.21649665848821
2024-06-08T16:09:10.000 -430.896783088068 -4200.355165857720 -5321.316298016670 7.63664177567129 -0.52582835810292 -0.20296594320049
2024-06-08T16:09:12.000 -415.622417893324 -4201.396171283170 -5321.708698322650 7.63771696447953 -0.51517662788209 -0.18943419657590
2024-06-08T16:09:14.000 -400.345941050304 -4202.415870629240 -5322.074034160940 7.63875342306388 -0.50452228765799 -0.17590148689716
2024-06-08T16:09:16.000 -385.067430024689 -4203.414258729540 -5322.412303673720 7.63975114622306 -0.49386539103481 -0.16236788245179
2024-06-08T16:09:18.000 -369.786962292373 -4204.391330524860 -5322.723505139760 7.64071012894649 -0.48320599162894 -0.14883345153185
2024-06-08T16:09:20.000 -354.504615339078 -4205.347081063280 -5323.007636974400 7.64163036641430 -0.47254414306878 -0.13529826243368
2024-06-08T16:09:22.000 -339.220466659976 -4206.281505500130 -5323.264697729580 7.64251185399739 -0.46187989899449 -0.12176238345761
2024-06-08T16:09:24.000 -323.934593759308 -4207.194599098020 -5323.494686093850 7.64335458725734 -0.45121331305775 -0.10822588290772
2024-06-08T16:09:26.000 -308.647074149998 -4208.086357226890 -5323.697600892360 7.64415856194651 -0.44054443892156 -0.09468882909156
2024-06-08T16:09:28.000 -293.357985353278 -4208.956775364020 -5323.873441086910 7.64492377400798 -0.42987333026003 -0.08115129031991
2024-06-08T16:09:30.000 -278.067404898300 -4209.805849094040 -5324.022205775880 7.64565021957560 -0.41920004075811 -0.06761333490648
2024-06-08T16:09:32.000 -262.775410321759 -4210.633574108960 -5324.143894194320 7.64633789497401 -0.40852462411143 -0.05407503116770
2024-06-08T16:09:34.000 -247.482079167511 -4211.439946208190 -5324.238505713880 7.64698679671859 -0.39784713402604 -0.04053644742240
2024-06-08T16:09:36.000 -232.187488986187 -4212.224961298580 -5324.306039842880 7.64759692151558 -0.38716762421821 -0.02699765199158
2024-06-08T16:09:38.000 -216.891717334820 -4212.988615394400 -5324.346496226270 7.64816826626202 -0.37648614841423 -0.01345871319815
2024-06-08T16:09:40.000 -201.594841776452 -4213.730904617400 -5324.359874645650 7.64870082804579 -0.36580276035015 0.00008030063334
2024-06-08T16:09:42.000 -186.296939879763 -4214.451825196790 -5324.346175019270 7.64919460414566 -0.35511751377162 0.01361932117699
2024-06-08T16:09:44.000 -170.998089218683 -4215.151373469310 -5324.305397402020 7.64964959203129 -0.34443046243364 0.02715828010577
2024-06-08T16:09:46.000 -155.698367372011 -4215.829545879190 -5324.237541985470 7.65006578936328 -0.33374166010039 0.04069710909183
2024-06-08T16:09:48.000 -140.397851923036 -4216.486338978230 -5324.142609097830 7.65044319399318 -0.32305116054496 0.05423573980674
2024-06-08T16:09:50.000 -125.096620459149 -4217.121749425750 -5324.020599203980 7.65078180396354 -0.31235901754920 0.06777410392177
2024-06-08T16:09:52.000 -109.794750571470 -4217.735773988660 -5323.871512905430 7.65108161750794 -0.30166528490347 0.08131213310815
2024-06-08T16:09:54.000 -94.492319854456 -4218.328409541460 -5323.695350940380 7.65134263305105 -0.29097001640647 0.09484975903736
2024-06-08T16:09:56.000 -79.189405905527 -4218.899653066250 -5323.492114183670 7.65156484920861 -0.28027326586499 0.10838691338141
2024-06-08T16:09:58.000 -63.886086324678 -4219.449501652770 -5323.261803646800 7.65174826478755 -0.26957508709373 0.12192352781307
2024-06-08T16:10:00.000 -48.582438714101 -4219.977952498360 -5323.004420477910 7.65189287878600 -0.25887553391511 0.13545953400622
2024-06-08T16:10:02.000 -33.278540677799 -4220.485002908040 -5322.719965961820 7.65199869039331 -0.24817466015901 0.14899486363607
2024-06-08T16:10:04.000 -17.974469821206 -4220.970650294500 -5322.408441519960 7.65206569899015 -0.23747251966260 0.16252944837947
2024-06-08T16:10:06.000 -2.670303750802 -4221.434892178090 -5322.069848710440 7.65209390414852 -0.22676916627016 0.17606321991519
2024-06-08T16:10:08.000 12.633879926267 -4221.877726186880 -5321.704189227990 7.65208330563183 -0.21606465383282 0.18959610992423
2024-06-08T16:10:10.000 27.938003602574 -4222.299150056630 -5321.311464903970 7.65203390339495 -0.20535903620836 0.20312805009008
2024-06-08T16:10:12.000 43.241989670794 -4222.699161630840 -5320.891677706400 7.65194569758426 -0.19465236726106 0.21665897209902
2024-06-08T16:10:14.000 58.545760524083 -4223.077758860710 -5320.444829739890 7.65181868853768 -0.18394470086143 0.23018880764044
2024-06-08T16:10:16.000 73.849238556469 -4223.434939805230 -5319.970923245680 7.65165287678480 -0.17323609088602 0.24371748840713
2024-06-08T16:10:18.000 89.152346163228 -4223.770702631120 -5319.469960601640 7.65144826304688 -0.16252659121723 0.25724494609555
2024-06-08T16:10:20.000 104.455005741271 -4224.085045612890 -5318.941944322220 7.65120484823691 -0.15181625574310 0.27077111240621
2024-06-08T16:10:22.000 119.757139689527 -4224.377967132820 -5318.386877058470 7.65092263345974 -0.14110513835706 0.28429591904390
2024-06-08T16:10:24.000 135.058670409325 -4224.649465680980 -5317.804761598020 7.65060162001205 -0.13039329295778 0.29781929771806
2024-06-08T16:10:26.000 150.359520304783 -4224.899539855250 -5317.195600865100 7.65024180938249 -0.11968077344889 0.31134118014309
2024-06-08T16:10:28.000 165.659611783184 -4225.128188361310 -5316.559397920470 7.64984320325172 -0.10896763373885 0.32486149803862
2024-06-08T16:10:30.000 180.958867255366 -4225.335410012680 -5315.896155961480 7.64940580349245 -0.09825392774066 0.33838018312991
2024-06-08T16:10:32.000 196.257209136107 -4225.521203730690 -5315.205878322000 7.64892961216954 -0.08753970937168 0.35189716714814
2024-06-08T16:10:34.000 211.554559844503 -4225.685568544530 -5314.488568472440 7.64841463154007 -0.07682503255341 0.36541238183071
2024-06-08T16:10:36.000 226.850841804358 -4225.828503591220 -5313.744230019740 7.64786086405337 -0.06610995121128 0.37892575892163
2024-06-08T16:10:38.000 242.145977444568 -4225.950008115650 -5312.972866707320 7.64726831235113 -0.05539451927441 0.39243723017184
2024-06-08T16:10:40.000 257.439889199504 -4226.050081470540 -5312.174482415110 7.64663697926743 -0.04467879067541 0.40594672733954
2024-06-08T16:10:42.000 272.732499509397 -4226.128723116530 -5311.349081159500 7.64596686782882 -0.03396281935012 0.41945418219053
2024-06-08T16:10:44.000 288.023730820724 -4226.185932622090 -5310.496667093370 7.64525798125442 -0.02324665923744 0.43295952649860
2024-06-08T16:10:46.000 303.313505586594 -4226.221709663580 -5309.617244506020 7.64451032295590 -0.01253036427906 0.44646269204581
2024-06-08T16:10:48.000 318.601746267131 -4226.236054025270 -5308.710817823170 7.64372389653764 -0.00181398841923 0.45996361062293
2024-06-08T16:10:50.000 333.888375329859 -4226.228965599290 -5307.777391606970 7.64289870579673 0.00890241439544 0.47346221402973
2024-06-08T16:10:52.000 349.173315250091 -4226.200444385680 -5306.816970555960 7.64203475472305 0.01961879021624 0.48695843407538
2024-06-08T16:10:54.000 364.456488511313 -4226.150490492390 -5305.829559505030 7.64113204749934 0.03033508509261 0.50045220257881
2024-06-08T16:10:56.000 379.737817605568 -4226.079104135240 -5304.815163425450 7.64019058850126 0.04105124507235 0.51394345136906
2024-06-08T16:10:57.132 388.386203249478 -4226.029201205630 -5304.229058014430 7.63964055059196 0.04711651136136 0.52157835565270
2024-06-08T16:14:57.132 2185.566296782250 -4061.469325465900 -4987.498217955920 7.24556125156814 1.31594928387037 2.10183027047933
2024-06-08T16:18:57.132 3824.024800993190 -3601.973286117060 -4307.545850777920 6.32486365484048 2.48999860573556 3.52999038524312
2024-06-08T16:22:57.132 5184.546471438440 -2880.702085370090 -3313.638193375740 4.94337937088137 3.48406815841119 4.70206123189905
2024-06-08T16:26:57.132 6167.886626277650 -1949.880745333610 -2077.992708695920 3.20080346196301 4.22549397546855 5.53200962474609
2024-06-08T16:30:57.132 6702.136100007260 -877.102334236473 -690.630754244873 1.22387979982869 4.65970750040825 5.95848924680337
2024-06-08T16:34:57.132 6748.150759211360 259.563513293653 747.177926265382 -0.84278026337721 4.75457595211935 5.94975556481268
2024-06-08T16:38:57.132 6302.563482585130 1377.318351306730 2130.396970872900 -2.84758330499735 4.50311332013195 5.50642305290287
2024-06-08T16:42:57.132 5398.040282594100 2394.785058868660 3358.050315574840 -4.64380908695505 3.92404852833859 4.66144790615293
2024-06-08T16:46:57.132 4100.744468077210 3238.017747509720 4340.688330736470 -6.10077256014595 3.06011876095350 3.47724359689816
2024-06-08T16:50:57.132 2505.323169154900 3845.867103796620 5006.885928264260 -7.11316829170695 1.97453472650390 2.04062651787315
2024-06-08T16:54:57.132 727.898339392040 4174.349590034100 5308.341403171250 -7.60838448265955 0.74621406356922 0.45625072256449
2024-06-08T16:58:57.132 -1102.395719784860 4199.715744229210 5223.239776427300 -7.55109600832322 -0.53615149221766 -1.16113077772426
2024-06-08T17:02:57.132 -2852.636921532500 3920.081855162190 4757.734738393580 -6.94524490147655 -1.78003775841803 -2.69450197775802
2024-06-08T17:06:57.132 -4395.588152300570 3355.604615412800 3945.544126496170 -5.83406947546725 -2.89538798594486 -4.03251699306856
2024-06-08T17:10:57.132 -5618.872405168520 2547.110181461600 2845.627029588570 -4.29748311587531 -3.80104689616214 -5.07746927001481
2024-06-08T17:14:57.132 -6433.189255336140 1553.239433682120 1538.024368380040 -2.44681001558886 -4.43065443490641 -5.75250088862229
2024-06-08T17:18:57.132 -6778.978647304370 446.257362662532 118.102593978234 -0.41707460168486 -4.73779620279781 -6.00762492266243
2024-06-08T17:22:57.132 -6630.953767494920 -693.226695196405 -1310.443232581340 1.64298803205520 -4.69984346099347 -5.82393472271230
2024-06-08T17:26:57.132 -6000.017561272150 -1782.227008758770 -2643.292181705610 3.58245471223186 -4.31973986739259 -5.21513528057425
2024-06-08T17:30:57.132 -4932.403968035260 -2741.527645279470 -3783.237770805170 5.25973903540758 -3.62572130728767 -4.22638670094377
2024-06-08T17:34:57.132 -3506.126767098240 -3501.492593071440 -4647.328248925380 6.55318761024589 -2.66882940562582 -2.93050764020380
2024-06-08T17:38:57.132 -1825.121762960200 -4007.084402526250 -5172.848837503380 7.36969816894505 -1.51887314102639 -1.42221691561074
2024-06-08T17:42:57.132 -11.602513902723 -4221.750446839500 -5321.741785240550 7.65086240567140 -0.25915209773114 0.18897185225510
2024-06-08T17:46:57.132 1802.754404928640 -4129.962816202300 -5083.237147105370 7.37663030149765 1.01945719309357 1.78650896606839
2024-06-08T17:50:57.132 3486.201204831630 -3738.291253519280 -4474.579871672250 6.56645333533481 2.22472431843900 3.25481201582788
2024-06-08T17:54:57.132 4916.309579746010 -3074.978946328100 -3539.849334201270 5.27817077576916 3.26931893445291 4.48714008178669
2024-06-08T17:58:57.132 5988.815226430240 -2188.013969075390 -2346.916683603220 3.60450991980792 4.07702794299666 5.39320094215288
2024-06-08T18:02:57.132 6625.313067705250 -1141.768290136380 -982.648842971728 1.66702030450466 4.58843152697551 5.90603538093867
2024-06-08T18:06:57.132 6779.188978600420 -12.360003222227 453.389972993326 -0.39261023034266 4.76575014506975 5.98756017052295
2024-06-08T18:10:57.132 6439.172690774500 1117.948883817960 1856.299663725690 -2.42340779030785 4.59589873402170 5.63167796270915
2024-06-08T18:14:57.132 5630.197157568090 2166.844152012920 3123.636201123930 -4.27661422946169 4.09153761615999 4.86482476162859
2024-06-08T18:18:57.132 4411.476473951240 3058.054353882290 4163.009925439330 -5.81713580659072 3.28998912171366 3.74376044104454
2024-06-08T18:22:57.132 2871.985115553750 3726.921830162540 4898.841468376930 -6.93354237364682 2.25004216991063 2.35083810793302
2024-06-08T18:26:57.132 1123.821226614060 4125.024317252590 5277.752265432280 -7.54561220499698 1.04735069110980 0.78757062077815
2024-06-08T18:30:57.132 -705.957597819589 4223.578294045470 5272.310921184710 -7.60960933091858 -0.23107006281437 -0.83262912861098
2024-06-08T18:34:57.132 -2484.474234961420 4015.428929917390 4882.923205037010 -7.12096396328608 -1.49304154156963 -2.39255046498641
2024-06-08T18:38:57.132 -4082.490295433730 3515.550507096010 4137.788331321740 -6.11445277965762 -2.64735361006376 -3.77910267607933
2024-06-08T18:42:57.132 -5383.669807968310 2760.062768930480 3090.965219374370 -4.66228447082594 -3.61007012410696 -4.89116440147417
2024-06-08T18:46:57.132 -6293.072260558330 1803.730135953940 1818.591558107140 -2.86953778160824 -4.31075081913843 -5.64706027855213
2024-06-08T18:50:57.132 -6744.205982987410 716.053064618479 413.423633716004 -0.86681071109440 -4.69782300011214 -5.99088518974808
2024-06-08T18:54:57.132 -6704.064604588340 -423.782751075582 -1021.938071799080 1.19921990234844 -4.74272360640308 -5.89711379564422
2024-06-08T18:58:57.132 -6175.649219067260 -1532.758498488990 -2382.660988479080 3.17712741072965 -4.44228459035459 -5.37278794441660
2024-06-08T19:02:57.132 -5197.703864112840 -2530.176526091430 -3569.468637190170 4.92237801412999 -3.81885750881209 -4.45683247680687
2024-06-08T19:06:57.132 -3841.735877110340 -3343.595517939090 -4495.955463666930 6.30818946520544 -2.91841174243358 -3.21684014222979
2024-06-08T19:10:57.132 -2206.608479587620 -3914.075301609070 -5094.843832200250 7.23468007870028 -1.80672983514822 -1.74355110209316
2024-06-08T19:14:57.132 -411.246451354805 -4200.352446982080 -5322.740107874740 7.63547394318048 -0.56443096399849 -0.14404996359531
2024-06-08T19:18:57.132 1413.965675527050 -4181.718952904460 -5163.150502746010 7.48193099353562 0.71881217957275 1.46589495275127
2024-06-08T19:22:57.132 3136.498604918810 -3859.461268624320 -4627.613644396360 6.78492106755745 1.95043686015565 2.96979623676485
2024-06-08T19:26:57.132 4631.133009734010 -3256.794941278040 -3754.906412861970 5.59418044386349 3.04131591586806 4.25847558425280
2024-06-08T19:30:57.132 5788.966603724550 -2417.286809505300 -2608.358209247900 3.99523400103712 3.91199698481845 5.23772988698057
2024-06-08T19:34:57.132 6525.398615519560 -1401.824021227320 -1271.405673303640 2.10395873995881 4.49852763854678 5.83530144113328
2024-06-08T19:38:57.132 6786.501046121420 -284.257602117590 158.413120573270 0.05851412177100 4.75757440645463 6.00677552606963
2024-06-08T19:42:57.132 6553.149666280270 854.014537735231 1576.650185712390 -1.99111859833087 4.67002077483283 5.73939144347485
2024-06-08T19:46:57.132 5842.476034303550 1930.085817252790 2879.720148110900 -3.89473613466480 4.24247998588632 5.05303916888716
2024-06-08T19:50:57.132 4706.529173576110 2865.680217369570 3972.587718189390 -5.51342052078195 3.50663359039480 3.99857409209880
2024-06-08T19:54:57.132 3228.293414326450 3592.881445956560 4775.740396910910 -6.72986536962399 2.51653853871568 2.65360680413410
2024-06-08T19:58:57.132 1515.468514982360 4059.018105113140 5230.899069362860 -7.45657271371126 1.34436249388148 1.11633659522435
2024-06-08T20:02:57.132 -307.420683087688 4230.382452416080 5305.105363977100 -7.64156974068577 0.07500105747959 -0.50170089303877
2024-06-08T20:06:57.132 -2107.984316677490 4094.571175405050 4992.997894284560 -7.27163931783934 -1.19993844498286 -2.08338449704861
2024-06-08T20:10:57.132 -3755.420895230310 3661.343809211860 4317.184623716130 -6.37314876668001 -2.38842067289133 -3.51411547065798
2024-06-08T20:14:57.132 -5129.868902877430 2961.976866315410 3326.680029124640 -5.01046271718293 -3.40421476627035 -4.68973060361710
2024-06-08T20:18:57.132 -6131.102830167690 2047.119640002510 2093.484033195150 -3.28194960618836 -4.17311275873692 -5.52404346030718
2024-06-08T20:22:57.132 -6685.950597859900 983.218043808628 707.451513543350 -1.31336951943970 -4.63856594218915 -5.95544765956284
2024-06-08T20:26:57.132 -6753.815303008610 -152.301760559196 -730.248070217336 0.75126664040482 -4.76623535025692 -5.95191100260652
2024-06-08T20:30:57.132 -6329.779749727860 -1276.737929104540 -2114.609111958560 2.76058725473031 -4.54680514298577 -5.51374956940018
2024-06-08T20:34:57.132 -5444.957101881120 -2308.246072103510 -3344.605298342480 4.56763558205808 -3.99666515210214 -4.67354724692436
2024-06-08T20:38:57.132 -4164.079587087820 -3171.876343427440 -4330.647925784070 6.04096915102344 -3.15646381222822 -3.49336998349271
2024-06-08T20:42:57.132 -2580.584504879970 -3805.020009685920 -5001.098059468950 7.07422924404831 -2.08769507718494 -2.05973014107344
2024-06-08T20:46:57.132 -809.682236775757 -4161.863915066860 -5307.357507852540 7.59331910260441 -0.86795195548916 -0.47692559769672
2024-06-08T20:50:57.132 1019.999335368690 -4216.594788479750 -5227.252185383780 7.56111304111214 0.41467381006605 1.14043021347110
2024-06-08T20:54:57.132 2775.615853425530 -3965.194753709240 -4766.561096126230 6.97977673917785 1.66768273632401 2.67534607124368
2024-06-08T20:58:57.132 4329.576579445750 -3425.748167836780 -3958.628033202810 5.89073317436642 2.80045365208055 4.01644151852583
2024-06-08T21:02:57.132 5568.719459541410 -2637.223502564660 -2862.058445568630 4.37214553683973 3.73061779573344 5.06585964115180
2024-06-08T21:06:57.132 6402.562396440660 -1656.765433042570 -1556.600552012270 2.53382225159933 4.39001565779449 5.74636135403536
2024-06-08T21:10:57.132 6770.059355669930 -555.634372832858 -137.445876983106 0.50979636405277 4.72997238135442 6.00739997652688
2024-06-08T21:14:57.132 6644.271296796070 585.982065567907 1291.746157858880 -1.55155351040426 4.72530599449279 5.82948011789368
2024-06-08T21:18:57.132 6034.446690872550 1684.912010922440 2626.564454674500 -3.49903893884876 4.37648945146008 5.22586607983298
2024-06-08T21:22:57.132 4985.279781290750 2661.178063975250 3769.615059305420 -5.19035004619093 3.70946479622152 4.24135117078609
2024-06-08T21:26:57.132 3573.467681527410 3443.877198185770 4637.687621014660 -6.50274738360764 2.77335981980814 2.94850798938531
2024-06-08T21:30:57.132 1901.929715684280 3976.291820307180 5167.755329100520 -7.34169145791289 1.63649113336837 1.44187216579948
2024-06-08T21:34:57.132 92.242428674909 4219.904001676540 5321.422142472310 -7.64709182776512 0.38128739145671 -0.16907634096339
2024-06-08T21:38:57.132 -1724.142676091910 4157.090091849130 5087.584583017050 -7.39717002543417 -0.90159587284843 -1.76773042141545
2024-06-08T21:42:57.132 -3415.291343588350 3792.343674098900 4483.179216350000 -6.60970141240040 -2.11955218661430 -3.23833215789802
2024-06-08T21:46:57.132 -4858.211481125930 3151.987122618160 3552.028929420040 -5.34105900367683 -3.18433411015725 -4.47393506163590
2024-06-08T21:50:57.132 -5947.744970103260 2282.374690673100 2361.789419238630 -3.68270628866155 -4.01828130751106 -5.38408790511919
2024-06-08T21:54:57.132 -6604.315537356420 1246.631726076800 999.146786362015 -1.75510675024762 -4.56019702544319 -5.90170356487251
2024-06-08T21:58:57.132 -6779.898994051190 120.104408536135 -436.468159292625 0.30087336962262 -4.77013518604443 -5.98839326479052
2024-06-08T22:02:57.132 -6461.687559499910 -1015.173102009480 -1840.207411320850 2.33452968497255 -4.63268821955847 -5.63774375122179
2024-06-08T22:06:57.132 -5673.054807692680 -2076.555309531610 -3109.605506063440 4.19700956882244 -4.15819453933237 -4.87586877950829
2024-06-08T22:10:57.132 -4471.729206577140 -2986.894431311180 -4152.167292686150 5.75268913813126 -3.38178203006455 -3.75913929595017
2024-06-08T22:14:57.132 -2945.391547078050 -3680.164340123660 -4892.110825565510 6.88906724082803 -2.36037538213051 -2.36953701182743
2024-06-08T22:18:57.132 -1205.143923781150 -4106.186456707950 -5275.782853180950 7.52457044643485 -1.16826116771929 -0.80830240682520
2024-06-08T22:22:57.132 622.592679484585 -4234.147744687680 -5275.401447674830 7.61376069056029 0.10842958963406 0.81147981335232
2024-06-08T22:26:57.132 2405.128438093250 -4054.738930687920 -4890.970529775270 7.15011859215853 1.37764932875147 2.37267000272415
2024-06-08T22:30:57.132 4012.955943165390 -3580.827452173580 -4150.292849999520 6.16656673124950 2.54769789945194 3.76209381927846
2024-06-08T22:34:57.132 5329.035177327690 -2846.613390268930 -3107.064032993320 4.73356355999786 3.53356185870629 4.87843519691139
2024-06-08T22:38:57.132 6257.323802448760 -1905.269945154950 -1837.119695034580 2.95464768154387 4.26313872571273 5.63969276267657
2024-06-08T22:42:57.132 6729.902299567540 -825.170241021185 -433.008131194427 0.95924701634211 4.68268421071769 5.98950338015937
2024-06-08T22:46:57.132 6712.116176150210 315.060820298743 1002.742435591540 -1.10654487160264 4.76111396005675 5.90167960491635
2024-06-08T22:50:57.132 6205.277152773610 1432.346192401020 2365.221247162710 -3.09110199095213 4.49268525532520 5.38272837170315
2024-06-08T22:54:57.132 5246.546242815880 2445.336704968480 3554.969596293530 -4.84924673421063 3.89739548777263 4.47121185076572
2024-06-08T22:58:57.132 3906.054139938920 3280.407384436610 4485.319721319820 -6.25310157080051 3.01917816223398 3.23443462290365
2024-06-08T23:02:57.132 2281.593102471140 3877.008767332360 5088.682827159950 -7.20138295153336 1.92230930616209 1.76301424641986
2024-06-08T23:06:57.132 491.373514582464 4191.968290661540 5321.333139833310 -7.62613577941109 0.68641717240451 0.16397159817095
2024-06-08T23:10:57.132 -1334.533669228490 4202.500025511330 5166.444636181590 -7.49699172607797 -0.59921502428602 -1.44684995400918
2024-06-08T23:14:57.132 -3063.503873903710 3907.799716711800 4635.252582444440 -6.82316770155701 -1.84176464637454 -2.95282521332388
2024-06-08T23:18:57.132 -4569.835070572480 3329.118100049190 3766.264639640470 -5.65282461651534 -2.95130115145786 -4.24459842158182
2024-06-08T23:22:57.132 -5743.797528383680 2508.322624967240 2622.594683976330 -4.07023002141867 -3.84700609694458 -5.22774434798305
2024-06-08T23:26:57.132 -6499.686155967080 1504.965631577870 1287.501034805630 -2.19015553421043 -4.46325586846174 -5.82989637520653
2024-06-08T23:30:57.132 -6782.222495775400 392.012554988235 -141.621006619314 -0.14987049702378 -4.75465132167014 -6.00642762617511
2024-06-08T23:34:57.132 -6570.768321699340 -749.492907911097 -1560.401347340470 1.90109421875137 -4.69973696238179 -5.74427028969491
2024-06-08T23:38:57.132 -5880.889739625240 -1836.428698623850 -2865.255216241180 3.81251806425748 -4.30276880497497 -5.06296682527704
2024-06-08T23:42:57.132 -4763.130379402120 -2789.757324948520 -3961.061588949630 5.44501823701155 -3.59325523119500 -4.01301323888561
2024-06-08T23:46:57.132 -3299.127448890800 -3540.310256958900 -4768.131426995210 6.68042522292023 -2.62334542868989 -2.67162186493494
2024-06-08T23:50:57.132 -1595.492888165550 -4033.742575916480 -5227.915111511560 7.42993096502851 -1.46362781083364 -1.13662329343877
2024-06-08T23:54:57.132 223.972290113344 -4234.359430948230 -5307.112856296670 7.63989375044100 -0.19800317363631 0.48066242624551
2024-06-08T23:58:57.132 2027.179578716000 -4127.608159661120 -4999.974986911030 7.29522486728294 1.08227885096838 2.06330121650742
2024-06-09T00:02:57.132 3683.156148700940 -3721.100392788420 -4328.697047955340 6.42028926179367 2.28479730282957 3.49667060790539
2024-06-09T00:06:57.132 5071.408658530530 -3044.137597940470 -3341.913903096910 5.07763060010494 3.32229818182175 4.67637894013931
2024-06-09T00:10:57.132 6090.671472559650 -2145.710116984770 -2111.319865881410 3.36407182147213 4.11896778271385 5.51585118514652
2024-06-09T00:14:57.132 6666.412358090590 -1091.045736239120 -726.569477651948 1.40425515893771 4.61621555673468 5.95301709077402
2024-06-09T00:18:57.132 6756.455435341880 43.115800771106 711.255662634734 -0.65851872437324 4.77732415575774 5.95535462370486
2024-06-09T00:22:57.132 6354.202418731320 1174.154308322330 2097.104831797250 -2.67293621277790 4.59036604187999 5.52259036586849
2024-06-09T00:26:57.132 5489.157255225510 2219.699178347150 3329.785060558460 -4.49147296868612 4.06932794200997 4.68689677114022
2024-06-09T00:30:57.132 4224.625366914290 3103.729406052120 4319.456453942710 -5.98171403245528 3.25272636823954 3.51004258986777
2024-06-09T00:34:57.132 2652.906545547380 3762.105325636420 4994.173946206510 -7.03588786673238 2.20040351018422 2.07839798163942
2024-06-09T00:38:57.132 888.435813298842 4147.159632926590 5305.023115442840 -7.57834242709527 0.98890964468589 0.49629472739506
2024-06-09T00:42:57.132 -940.558609398331 4231.044028719100 5229.523910447730 -7.57036940410594 -0.29414564343798 -1.12162090835800
2024-06-09T00:46:57.132 -2701.241638227850 4007.654060979970 4773.161918018700 -7.01247583730177 -1.55618487032727 -2.65826054430917
2024-06-09T00:50:57.132 -4265.644623379240 3493.081977204600 3969.018195577790 -5.94453867219312 -2.70590158640171 -4.00210911914539
2024-06-09T00:54:57.132 -5519.871293346360 2724.528793102050 2875.472543234130 -4.44331779471141 -3.65973485936694 -5.05511246584221
2024-06-09T00:58:57.132 -6372.405717993640 1757.715281748560 1572.095146774660 -2.61752415783908 -4.34788595153058 -5.73987698992828
2024-06-09T01:02:57.132 -6760.927344343850 662.913009439847 153.927375950040 -0.60028288137055 -4.71970110988716 -6.00573651614543
2024-06-09T01:06:57.132 -6657.038660619810 -480.174110429373 -1275.480476330330 1.46063770228263 -4.74778737987983 -5.83297245608303
2024-06-09T01:10:57.132 -6068.427774619390 -1588.308009028460 -2611.758075684050 3.41425883029659 -4.43027101929048 -5.23450046688933
2024-06-09T01:14:57.132 -5038.237977766450 -2580.883998496260 -3757.459609158480 5.11797983697719 -3.79078968187942 -4.25469849506568
2024-06-09T01:18:57.132 -3641.751980966800 -3385.841603888510 -4629.221874734630 6.44820927278687 -2.87640860512687 -2.96574409708575
2024-06-09T01:22:57.132 -1980.727704519370 -3944.869027818450 -5163.781981531260 7.30920801889009 -1.75387285715146 -1.46184881830748
2024-06-09T01:26:57.132 -175.902030158120 -4217.526276862580 -5322.420825269970 7.63935663236446 -0.50445556983969 0.14790363170655
2024-06-09T01:30:57.132 1641.693424723930 -4184.058521989120 -5093.636195114080 7.41495866350067 0.78173489152188 1.74708142129201
2024-06-09T01:34:57.132 3340.075429850830 -3846.783817917350 -4493.949795923350 6.65182126092326 2.01191736956076 3.21994493244513
2024-06-09T01:38:57.132 4795.725439472250 -3229.975340492580 -3566.780462108870 5.40434651444240 3.09696834823640 4.45938320802276
2024-06-09T01:42:57.132 5902.517458287070 -2378.226551142760 -2379.446921034350 3.76231041187642 3.95771093432685 5.37458820367885
2024-06-09T01:46:57.132 6579.549203214570 -1353.335487026700 -1018.401906405170 1.84491995898992 4.53088449508339 5.89796075938396
2024-06-09T01:50:57.132 6777.238292771330 -229.861432074414 417.028792277039 -0.20763445308494 4.77414041435952 5.99059399361740
2024-06-09T01:54:57.132 6481.115014944100 910.357920615053 1821.984175379480 -2.24485365115578 4.66958575053556 5.64558204098212
2024-06-09T01:58:57.132 5712.906309781170 1984.277055166900 3093.861789980250 -4.11752415464681 4.22509052049495 4.88851577732663
2024-06-09T02:02:57.132 4528.858437627220 2913.780246655730 4139.917804841850 -5.68902493329067 3.47358783048828 3.77539928213136
2024-06-09T02:06:57.132 3015.450975636110 3631.409851750170 4884.067083317040 -6.84559243423575 2.47030899507229 2.38809018820538
2024-06-09T02:10:57.132 1282.916193384770 4085.192916680190 5272.327363846190 -7.50409690465730 1.28825750933136 0.82776504042461
2024-06-09T02:14:57.132 -542.798025338018 4242.299084266370 5276.600646482140 -7.61743990696437 0.01299407969376 -0.79234625458568
2024-06-09T02:18:57.132 -2329.091261695570 4091.337712745130 4896.609417699420 -7.17755580855151 -1.26342271528400 -2.35499040279380
2024-06-09T02:22:57.132 -3946.174718690330 3643.158769862300 4159.895128791330 -6.21581536300188 -2.44875966123507 -3.74690816089995
2024-06-09T02:26:57.132 -5276.366521382350 2930.139490870640 3119.916828987400 -4.80123939925604 -3.45693351706352 -4.86667731073313
2024-06-09T02:30:57.132 -6222.653739855500 2003.945010882270 1852.306844752520 -3.03610257369392 -4.21428232018032 -5.63210080237156
2024-06-09T02:34:57.132 -6715.890463402470 931.863666642698 449.461560799057 -1.04896752910064 -4.66514135329912 -5.98662732864673
2024-06-09T02:38:57.132 -6720.016276352310 -208.079954323473 -986.210800653653 1.01474523003530 -4.77631173802348 -5.90395639230620
2024-06-09T02:42:57.132 -6234.799945103610 -1332.876866980210 -2349.870916844200 3.00381334416654 -4.53973511423516 -5.39027885524741
2024-06-09T02:46:57.132 -5295.832527413290 -2360.683163498230 -3542.039129641500 4.77286922847119 -3.97309860848285 -4.48374730782017
2024-06-09T02:50:57.132 -3971.772642269660 -3216.849330835460 -4475.928885323280 6.19343038893676 -3.11822026535161 -3.25123767709032
2024-06-09T02:54:57.132 -2359.147481514870 -3839.323952158530 -5083.723957119360 7.16307449510133 -2.03756286225739 -1.78292068070000
2024-06-09T02:58:57.132 -575.231612222331 -4183.058479008810 -5321.381126012730 7.61229143006935 -0.80948531734681 -0.18552163435173
2024-06-09T03:02:57.132 1250.441449197400 -4223.162668418720 -5171.688078526190 7.50893956355828 0.47737990466023 1.42542125559469
2024-06-09T03:06:57.132 2985.319261863440 -3956.642550698480 -4645.436576302940 6.86015211782914 1.73023288541942 2.93337593491771
2024-06-09T03:10:57.132 4503.277567689580 -3402.647254851810 -3780.708907586870 5.71211697082942 2.85841334617026 4.22880896413614
2024-06-09T03:14:57.132 5693.704921380960 -2601.191217024890 -2640.248794035090 4.14724891101388 3.77974118353172 5.21696409785008
2024-06-09T03:18:57.132 6469.625000878960 -1610.384484683010 -1307.055634023400 2.27900007565125 4.42657909493858 5.82493650106479
2024-06-09T03:22:57.132 6774.232902495140 -502.274613736621 121.611233721944 0.24378440086641 4.75120056552750 6.00760126355757
2024-06-09T03:26:57.132 6585.215769901140 642.427437514382 1541.389225040050 -1.80920865222820 4.72963393763355 5.75131839565065
2024-06-09T03:30:57.132 5916.460026274400 1740.325882915670 2848.566838052040 -3.72946077914527 4.36362906859039 5.07512102443032
2024-06-09T03:34:57.132 4816.967814443960 2711.529980359390 3947.790126889680 -5.37674835913575 3.68041050988530 4.02911318879008
2024-06-09T03:38:57.132 3367.098230403560 3485.519486980410 4759.062184572680 -6.63157075606532 2.73028935523186 2.69032616671889
2024-06-09T03:42:57.132 1672.522226408000 4006.223609673150 5223.514451146260 -7.40370776517680 1.58257163044087 1.15659364027720
2024-06-09T03:46:57.132 -143.543742598527 4235.974020050020 5307.518678188110 -7.63790986371873 0.32037483968702 -0.46079755663236
2024-06-09T03:50:57.132 -1949.190410267220 4158.129443877080 5005.014472449740 -7.31739267577462 -0.96519084337723 -2.04473319915355
2024-06-09T03:54:57.132 -3613.243073143800 3778.255768684620 4337.933763644470 -6.46504318548329 -2.18125204042572 -3.48043104737707
2024-06-09T03:58:57.132 -5014.659021772560 3123.771259220620 3354.668816530760 -5.14195134127746 -3.23964457461600 -4.66345731415714
2024-06-09T04:02:57.132 -6051.281223182710 2242.062297904530 2126.687994751840 -3.44357623676653 -4.06314778840868 -5.50712623971478
2024-06-09T04:06:57.132 -6647.384341541060 1197.148677223870 743.459521930682 -1.49344817128923 -4.59127611827420 -5.94914928421320
2024-06-09T04:10:57.132 -6759.382175409990 65.057992420322 -694.062990493606 0.56582175246544 -4.78513380742221 -5.95675161192312
2024-06-09T04:14:57.132 -6379.142848807940 -1071.771067167900 -2080.899062999650 2.58329683392454 -4.63055507640630 -5.52941459834291
2024-06-09T04:18:57.132 -5534.585119435620 -2130.598900407690 -3315.849934070850 4.41144382465802 -4.13918714323312 -4.69892085853178
2024-06-09T04:22:57.132 -4287.499428196320 -3034.486142162520 -4308.969634811420 5.91728886763355 -3.34736285080613 -3.52660953310657
2024-06-09T04:26:57.132 -2728.855436409540 -3717.889492924560 -4988.102203347760 6.99208579741911 -2.31306858913814 -2.09839682705965
2024-06-09T04:30:57.132 -972.049870252236 -4131.338595821990 -5304.011278770990 7.55871335906788 -1.11140748249608 -0.51817514882023
2024-06-09T04:34:57.132 855.320936158188 -4244.901063506360 -5233.812703215360 7.57658295004101 0.17085985602280 1.09963006997217
2024-06-09T04:38:57.132 2620.588244074770 -4050.276827044690 -4782.556622508920 7.04424548256646 1.44126290249036 2.63802045788982
2024-06-09T04:42:57.132 4195.463681440220 -3561.409417847020 -3982.877785842390 5.99947157885810 2.60796299870911 3.98541123042254
2024-06-09T04:46:57.132 5465.245395290340 -2813.575788005260 -2892.768489686930 4.51716319822169 3.58609304968082 5.04337525108250
2024-06-09T04:50:57.132 6337.209103456890 -1860.953852358760 -1591.516187886970 2.70453681373492 4.30399023043907 5.73400687747042
2024-06-09T04:54:57.132 6747.531629445700 -772.778785547759 -174.015467547081 0.69379124245152 4.70868847908621 6.00605526422097
2024-06-09T04:58:57.132 6666.158383001040 371.703535919614 1256.196072476790 -1.36770634304861 4.77032047893710 5.83926421602017
2024-06-09T05:02:57.132 6099.086842657550 1489.105710312820 2594.627870077670 -3.32879045613139 4.48445247813403 5.24599624565001
2024-06-09T05:06:57.132 5087.895387489680 2498.080777576590 3743.603172806500 -5.04605330965859 3.87239492595541 4.27028075265645
2024-06-09T05:10:57.132 3706.541675973120 3325.321432922860 4619.462815832970 -6.39474022186897 2.97934460672726 2.98407860930845
2024-06-09T05:14:57.132 2055.770335291060 3910.869748958850 5158.614674597220 -7.27768519971020 1.87059549788794 1.48155368381710
2024-06-09T05:18:57.132 255.668298095832 4212.359546510110 5322.017762723060 -7.63170959805321 0.62656556229790 -0.12811111547224
2024-06-09T05:22:57.132 -1563.010003346960 4207.975010422500 5097.870714156990 -7.43154620742465 -0.66293150235903 -1.72842820368034
2024-06-09T05:26:57.132 -3268.166829198300 3897.969873953020 4502.414437216420 -6.69135372844293 -1.90481321306290 -3.20350551110846
2024-06-09T05:30:57.132 -4735.803771933360 3304.698499349480 3578.832881894580 -5.46414922226665 -3.00909311598480 -4.44607368253889
2024-06-09T05:34:57.132 -5858.993956281600 2471.088924006880 2394.231960062630 -3.83838432509852 -3.89534346436447 -5.36525680797958
2024-06-09T05:38:57.132 -6555.727627100010 1457.629877910220 1034.877363062430 -1.93208146949980 -4.49858202924232 -5.89330633122183
2024-06-09T05:42:57.132 -6775.063967843340 338.029994480409 -400.047745543533 0.11547282777735 -4.77437923254431 -5.99108740698294
2024-06-09T05:46:57.132 -6501.005958121290 -806.187230753921 -1805.757098643480 2.15423757348898 -4.70248466526050 -5.65137125113203
2024-06-09T05:50:57.132 -5753.704171540040 -1891.723087233910 -3079.647864651950 4.03498706081745 -4.28844221886799 -4.89945023132597
2024-06-09T05:54:57.132 -4587.871564370720 -2839.664425171860 -4128.897419042340 5.62074446143278 -3.56296878600883 -3.79094735563997
2024-06-09T05:58:57.132 -3088.602591971570 -3581.243566150090 -4877.233353117470 6.79682162593900 -2.57930165396633 -2.40723025112813
2024-06-09T06:02:57.132 -1365.026895308420 -4062.761674684000 -5270.382078323140 7.47872788076078 -1.40897839473087 -0.84909529392337
2024-06-09T06:06:57.132 457.644451335103 -4249.368043473730 -5279.864305724910 7.61765198459014 -0.13657896424382 0.77058393918436
2024-06-09T06:10:57.132 2247.089978694740 -4127.488867875590 -4904.958208055550 7.20345515955327 1.14616896292431 2.33467955038688
2024-06-09T06:14:57.132 3873.300541919690 -3705.807802023860 -4172.767608986810 6.26549250550009 2.34659300647254 3.72979868745858
2024-06-09T06:18:57.132 5217.901226199150 -3014.713186927010 -3136.360168355660 4.87084823273217 3.37754305295105 4.85423542857207
2024-06-09T06:22:57.132 6182.756680634700 -2104.227789172710 -1871.071373173640 3.12021453369333 4.16357483091863 5.62532219818351
2024-06-09T06:26:57.132 6697.274435415160 -1040.482708001740 -469.124915071524 1.14104983895218 4.64678601306448 5.98593415780602
2024-06-09T06:30:57.132 6723.756624789490 99.079618560958 967.099326571943 -0.92170056241411 4.79147015476673 5.90917374947221
2024-06-09T06:34:57.132 6260.293445290120 1231.424317083660 2332.656248544880 -2.91669055803693 4.58704371327309 5.40072168205037
2024-06-09T06:38:57.132 5340.890200430160 2274.091282075020 3527.854306641370 -4.69791562636405 4.04882557688305 4.49835039689677
2024-06-09T06:42:57.132 4032.830454690510 3151.285678819630 4465.620623164010 -6.13579893749519 3.21662486561960 3.26870663494175
2024-06-09T06:46:57.132 2431.571942452290 3799.385957233680 5077.819040524920 -7.12649037236014 2.15140821656579 1.80194032169464
2024-06-09T06:50:57.132 653.666900852076 4171.483379270610 5320.100133889050 -7.59903070363940 0.93058117977117 0.20482998524243
2024-06-09T06:54:57.132 -1171.708512157470 4240.660892048040 5174.960066193370 -7.51971132868434 -0.35763762597356 -1.40696469859361
2024-06-09T06:58:57.132 -2911.991907160250 4001.864686966070 4652.930878268430 -6.89416166470895 -1.62031932004193 -2.91682424517335
2024-06-09T07:02:57.132 -4440.678513993290 3472.280920818770 3791.848479968390 -5.76699835295422 -2.76610117382809 -4.21512735799769
2024-06-09T07:06:57.132 -5646.427461878810 2690.200588782030 2654.245094454820 -4.21933639978522 -3.71155908630903 -5.20697522841536
2024-06-09T07:10:57.132 -6441.236225750790 1712.347753435310 1322.930562903490 -2.36341349588144 -4.38747949350920 -5.81937496593482
2024-06-09T07:14:57.132 -6767.005483550860 609.815686070559 -104.987393737033 -0.33468128851010 -4.74412581366824 -6.00698767238594
2024-06-09T07:18:57.132 -6599.942702415710 -537.123900105046 -1525.240823662350 1.71825320182851 -4.75527511581817 -5.75591343629096
2024-06-09T07:22:57.132 -5952.360506213080 -1644.958726664430 -2834.140786063150 3.64505452824158 -4.42031383815679 -5.08482653179420
2024-06-09T07:26:57.132 -4871.708131549520 -2633.118746058250 -3936.263505448540 5.30515054863333 -3.76418691036068 -4.04346095875004
2024-06-09T07:30:57.132 -3436.920332793580 -3429.884426004210 -4751.450047508790 6.57830989892782 -2.83516212415208 -2.70839572493919
2024-06-09T07:34:57.132 -1752.493119473540 -3977.540840050730 -5220.553393936750 7.37296287916456 -1.70092142010031 -1.17703408127527
2024-06-09T07:38:57.132 59.165659313016 -4236.450006078470 -5309.588667875740 7.63219848998077 -0.44351337487490 0.43959935058803
2024-06-09T07:42:57.132 1866.529211529740 -4187.820811983090 -5012.082538797570 7.33734414043330 0.84639419257667 2.02459409464483
2024-06-09T07:46:57.132 3538.320829837550 -3835.039063301740 -4349.523790212780 6.50915475302890 2.07569926679849 3.46316706572266
2024-06-09T07:50:57.132 4952.893615458890 -3203.496335388900 -3369.905793631340 5.20675854185979 3.15521107240702 4.65053629001235
2024-06-09T07:54:57.132 6007.063452991160 -2338.870822145670 -2144.400414464340 3.52404779436007 4.00610495947885 5.49954971429676
2024-06-09T07:58:57.132 6623.744151747600 -1303.918650671620 -762.293329203744 1.58334682551592 4.56580500433853 5.94741367152557
2024-06-09T08:02:57.132 6757.764574050850 -173.953628068821 675.512223629800 -0.47336839086718 4.79296622305511 5.96078765702881
2024-06-09T08:06:57.132 6399.325564670740 968.694572278872 2063.953650941380 -2.49520179472184 4.67086594990086 5.53861474702482
2024-06-09T08:10:57.132 5574.746841091920 2040.791367664970 3301.635717238480 -4.33402992128717 4.20872675620365 4.71229575210386
2024-06-09T08:14:57.132 4344.412540604220 2964.362971000150 4298.346938321260 -5.85589791456750 3.44082628491710 3.54294980709095
2024-06-09T08:18:57.132 2798.161970536100 3672.389561314730 4981.627829855860 -6.95074574127207 2.42354061763039 2.11641457888094
2024-06-09T08:22:57.132 1048.603003517370 4113.602792189380 5301.943325380070 -7.53996913608865 1.23091583241502 0.53669465164881
2024-06-09T08:26:57.132 -777.105102110692 4256.085715005430 5236.140924001580 -7.58152675150714 -0.05079128664481 -1.08169193441271
2024-06-09T08:30:57.132 -2546.373780495890 4089.495803804070 4789.020212595720 -7.07245241236647 -1.32909174860906 -2.62164679554133
2024-06-09T08:34:57.132 -4130.640079197240 3625.802268180830 3992.994150570190 -6.04909317133192 -2.51160680641485 -3.97149810557599
2024-06-09T08:38:57.132 -5414.583742326960 2898.493017968060 2905.840636740310 -4.58489398892336 -3.51243912993409 -5.03279395740258
2024-06-09T08:42:57.132 -6304.530961997320 1960.275698024200 1606.649704795550 -2.78581605642486 -4.25834092009827 -5.72752771613455
2024-06-09T08:46:57.132 -6735.435833617680 879.332926313884 190.147989917316 -0.78301740278084 -4.69446452960868 -6.00429256570747
2024-06-09T08:50:57.132 -6675.802083676810 -265.649730570333 -1240.241475768890 1.27684882930459 -4.78872143011157 -5.84253811526071
2024-06-09T08:54:57.132 -6130.078807141180 -1391.294829618150 -2580.069258725980 3.24283847113694 -4.53436324153977 -5.25433212007965
2024-06-09T08:58:57.132 -5138.281302350940 -2415.711655678610 -3731.620621278680 4.97141944421929 -3.95040558255512 -4.28331010008512
2024-06-09T09:02:57.132 -3772.896920245610 -3264.507979802840 -4611.094135449850 6.33716842191364 -3.07987265516071 -3.00098683305167
2024-06-09T09:06:57.132 -2133.427934045540 -3876.169004430640 -5154.647369514870 7.24170428224666 -1.98633962517535 -1.50108249587237
2024-06-09T09:10:57.132 -339.060876973999 -4206.419277525310 -5322.895553953830 7.62022921970156 -0.74899944817167 0.10754771816324
2024-06-09T09:14:57.132 1479.920245820250 -4231.313527150380 -5103.634906026460 7.44555180365447 0.54289697639058 1.70856001588595
2024-06-09T09:18:57.132 3191.419300678400 -3948.927143366750 -4512.690326781540 6.72986610210164 1.79614496032081 3.18606131858559
2024-06-09T09:22:57.132 4670.957536043280 -3379.541843462190 -3592.845557178990 5.52415176451029 2.91996556969389 4.43260361539472
2024-06-09T09:26:57.132 5810.663546574230 -2564.294660432910 -2410.884345842820 3.91509286746691 3.83239171981950 5.35686710778081
2024-06-09T09:30:57.132 6527.222092455750 -1562.326865854620 -1052.876458212680 2.01951682407779 4.46634505185698 5.89051258603722
2024-06-09T09:34:57.132 6768.169827037230 -446.529980768832 382.053694329559 -0.02395421918029 4.77509302901905 5.99387891877337
2024-06-09T09:38:57.132 6515.881449232720 701.813494732483 1789.058444799950 -2.06546912870256 4.73590339543480 5.65925648333257
2024-06-09T09:42:57.132 5788.901090329940 1799.045396806150 3065.366481221850 -3.95542126192665 4.35184103707380 4.91153122204909
2024-06-09T09:46:57.132 4640.495962034870 2765.328880459730 4117.905943430010 -5.55590696050209 3.65144702584152 3.80607967203114
2024-06-09T09:50:57.132 3154.579029483960 3530.506426299140 4870.117265510840 -6.75098830231152 2.68626612007361 2.42419239760963
2024-06-09T09:54:57.132 1439.421665105370 4039.147417361920 5267.440147054050 -7.45476162591814 1.52667646741383 0.86673415025582
2024-06-09T09:58:57.132 -380.274570370673 4254.455071592580 5281.134300695760 -7.61693466677367 0.25664197548176 -0.75327658118126
2024-06-09T10:02:57.132 -2172.348583302000 4160.828534399420 4910.252913400830 -7.22595284135723 -1.03218127450363 -2.31859776297766
2024-06-09T10:06:57.132 -3806.610343119540 3764.966631171310 4181.686015141340 -6.30971996160528 -2.24668700517734 -3.71582462201380
2024-06-09T10:10:57.132 -5164.158265919400 3095.439853151640 3148.295992511690 -4.93392269124805 -3.29880100772884 -4.84319165127046
2024-06-09T10:14:57.132 -6146.010291335470 2200.725606029590 1885.229828381240 -3.19798618168755 -4.11170218995528 -5.61796949174549
2024-06-09T10:18:57.132 -6680.435712399850 1145.794970661550 484.534761987393 -1.22820342331547 -4.62568115429680 -5.98295435594675
2024-06-09T10:22:57.132 -6728.351539482210 7.412528432399 -951.544194748763 0.83129834167232 -4.80283534962047 -5.91099066604015
2024-06-09T10:26:57.132 -6286.326826875290 -1131.520842154590 -2318.132523753860 2.82953766516319 -4.63029053200833 -5.40749269611409
2024-06-09T10:30:57.132 -5386.799619046410 -2188.124019034930 -3515.532299424230 4.62049070632987 -4.12103671511946 -4.50985766632360
2024-06-09T10:34:57.132 -4095.552349796130 -3085.632502633250 -4456.566355924140 6.07403110624450 -3.31268680573803 -3.28429295541036
2024-06-09T10:38:57.132 -2506.733515606770 -3758.971149651650 -5072.887760497990 7.08529042509707 -2.26437203682627 -1.82047501630613
2024-06-09T10:42:57.132 -735.898577586911 -4159.387939489480 -5319.821430579700 7.58172526011747 -1.05214500095202 -0.22479357113410
2024-06-09T10:46:57.132 1088.357617850400 -4257.870730100060 -5179.472955578160 7.52776296893011 0.23652193748310 1.38729193995806
2024-06-09T10:50:57.132 2833.577131324210 -4047.179408180190 -4661.957724562230 6.92698023365727 1.50869276563860 2.89914992010885
2024-06-09T10:54:57.132 4372.879902936990 -3542.402704910970 -3804.723770648770 5.82207465032900 2.67230398858044 4.20096364245052
2024-06-09T10:58:57.132 5594.103005103920 -2779.972808607310 -2669.974792375860 4.29235602284367 3.64262817097129 5.19750961466620
2024-06-09T11:02:57.132 6408.029072355910 -1815.148744394930 -1340.296093574850 2.44866469721326 4.34850246757155 5.81527649143777
2024-06-09T11:06:57.132 6755.072468152880 -718.076511274384 87.300029757095 0.42557604626214 4.73784502119440 6.00837692710257
2024-06-09T11:10:57.132 6609.822291359160 431.323863946555 1508.507321066120 -1.62848104227028 4.78189611315119 5.76236968752190
2024-06-09T11:14:57.132 5983.001229117600 1549.304046467920 2819.496776515140 -3.56286518627212 4.47768854942471 5.09564072169986
2024-06-09T11:18:57.132 4920.568443032690 2554.504723395660 3924.637708654950 -5.23639792597432 3.84790757716773 4.05760558027441
2024-06-09T11:22:57.132 3500.189142209660 3373.909785043570 4743.499779536270 -6.52765093018122 2.93892433236582 2.72468026015803
2024-06-09T11:26:57.132 1825.413583712460 3948.124218831550 5216.653092001560 -7.34360512183908 1.81713946707415 1.19432140523866
2024-06-09T11:30:57.132 18.053047135880 4235.596784220790 5309.854282894200 -7.62591147784439 0.56391010703133 -0.42233803381193
2024-06-09T11:34:57.132 -1790.614349329690 4215.514509690720 5016.393050254580 -7.35442398989527 -0.73030039616784 -2.00829180295108
2024-06-09T11:38:57.132 -3469.210707022070 3889.259223793290 4357.548125709230 -6.54848148175548 -1.97204801581217 -3.44865894290567
2024-06-09T11:42:57.132 -4895.653496303370 3280.351550441000 3381.112439620460 -5.26580759837767 -3.07137238479043 -4.63866185052204
2024-06-09T11:46:57.132 -5965.985916623850 2432.850075617130 2158.061394108300 -3.59894023597125 -3.94811207514808 -5.49109902114710
2024-06-09T11:50:57.132 -6602.051603964010 1408.265039073120 777.496989953372 -1.66906774581639 -4.53796318871985 -5.94312774885577
2024-06-09T11:54:57.132 -6757.352297245180 281.117651874513 -659.839559033446 0.38280921187559 -4.79750905378777 -5.96123424440739
2024-06-09T11:58:57.132 -6420.581565868280 -866.519603588358 -2048.985395659710 2.40629001672376 -4.70768613915068 -5.54406008816241
2024-06-09T12:02:57.132 -5616.483119576020 -1951.106572977680 -3288.570492939970 4.25335234476820 -4.27539122437227 -4.72265359711030
2024-06-09T12:06:57.132 -4403.901482970180 -2893.813091328930 -4288.308399483520 5.78959978760178 -3.53267115426855 -3.55769164039854
2024-06-09T12:10:57.132 -2871.301123798650 -3626.260571723170 -4975.558612357260 6.90405971148911 -2.53396011039907 -2.13454450924295
2024-06-09T12:14:57.132 -1130.195937405650 -4095.405988199100 -5300.489849966960 7.51669401749440 -1.35182850311975 -0.55675259701583
2024-06-09T12:18:57.132 692.951034112383 -4267.278619692890 -5239.561541533390 7.58362521208369 -0.07167694172201 1.06142946910974
2024-06-09T12:22:57.132 2465.782338062630 -4129.348086533890 -4797.148363934440 7.09985339904658 1.21423417700876 2.60297334016460
2024-06-09T12:26:57.132 4059.466839501460 -3691.437060798350 -4005.247681609370 6.09966251936746 2.41295468332100 3.95603826081936
2024-06-09T12:30:57.132 5357.950168361280 -2985.109462865930 -2921.286623536110 4.65469946009508 3.43733743968998 5.02182864071353
2024-06-09T12:34:57.132 6266.428892898160 -2061.511146273700 -1624.100523987920 2.86943414941785 4.21236987406531 5.72187681123998
2024-06-09T12:38:57.132 6718.424729301400 -987.749212389185 -208.283919906609 0.87403529865233 4.68094572778947 6.00424036312248
2024-06-09T12:42:57.132 6680.837548591030 157.992392187256 1222.748298549440 -1.18530141306231 4.80849080145627 5.84786817624142
2024-06-09T12:46:57.132 6156.470250843700 1292.229397235550 2564.434765129410 -3.15748870224486 4.58570422079406 5.26434777194894
2024-06-09T12:50:57.132 5183.803664277490 2332.377669269660 3718.859923360840 -4.89827566851751 4.02933130221319 4.29707186799176
2024-06-09T12:54:57.132 3833.991705321620 3202.856209305000 4601.974742679140 -6.28128625616438 3.18051145625296 3.01736680581913
2024-06-09T12:58:57.132 2205.475515595630 3840.546915530290 5149.648283107840 -7.20679815083351 2.10128665681442 1.51883299265770
2024-06-09T13:02:57.132 416.741206176265 4199.278481198930 5322.204327617850 -7.60842268854286 0.86997873515146 -0.08957483511354
2024-06-09T13:06:57.132 -1402.256771514890 4253.076677974940 5107.183454270580 -7.45748629861326 -0.42443238015979 -1.69136500396154
2024-06-09T13:10:57.132 -3119.399729005130 3997.980547457420 4520.176744384310 -6.76470048561266 -1.68853286003962 -3.17059109915561
2024-06-09T13:14:57.132 -4609.830818191630 3452.349299358050 3603.750231950280 -5.57959251666635 -2.83080089827885 -4.41972141987049
2024-06-09T13:18:57.132 -5764.969384011790 2655.638619049830 2424.492474991370 -3.98755870794627 -3.76802685391256 -5.34735395093681
2024-06-09T13:22:57.132 -6500.490238922390 1665.649322211690 1068.282587738990 -2.10416791393149 -4.43151353503368 -5.88516677617501
2024-06-09T13:26:57.132 -6762.639404857900 554.378912489728 -365.931528577022 -0.06703408463125 -4.77246555366017 -5.99334788592624
2024-06-09T13:30:57.132 -6532.302614878630 -597.262841531557 -1773.427188755290 1.97464258124536 -4.76589000431238 -5.66390465738587
2024-06-09T13:34:57.132 -5826.432971196230 -1705.434156952020 -3051.471455391490 3.87142359679135 -4.41250047194278 -4.92130963482162
2024-06-09T13:38:57.132 -4696.727738301400 -2689.558702440240 -4106.929878859070 5.48507367909951 -3.73858669128014 -3.82051094803081
2024-06-09T13:42:57.132 -3225.667560766280 -3478.224719172820 -4863.075072843570 6.69884232443266 -2.79368044611133 -2.44234694918300
2024-06-09T13:46:57.132 -1520.346294912630 -4014.310612997670 -5265.066426359190 7.42550719079635 -1.64656364826930 -0.88722002307718
2024-06-09T13:50:57.132 295.341117473766 -4259.010958118020 -5283.786522579120 7.61303049018702 -0.38017379303974 0.73218900808430
2024-06-09T13:54:57.132 2089.585322674590 -4194.550430084550 -4917.850039091330 7.24783946925610 0.91419040922069 2.29878545396017
2024-06-09T13:58:57.132 3732.048789338940 -3825.446464438510 -4193.708939591130 6.35573168582809 2.14310604353744 3.69902215086884
2024-06-09T14:02:57.132 5103.192814713520 -3178.260779952440 -3163.845896649030 5.00047178568504 3.21736567084700 4.83081387037641
2024-06-09T14:06:57.132 6102.973782853750 -2299.810565879410 -1903.115003381660 3.27986597445818 4.05843964259200 5.61100002067150
2024-06-09T14:10:57.132 6658.267626493250 -1253.873722989070 -503.399037423931 1.31912165737641 4.60443918992025 5.98178599104028
2024-06-09T14:14:57.132 6728.407355363890 -116.577416722797 933.090873818719 -0.73818700682432 4.81505756640349 5.91552702645251
2024-06-09T14:18:57.132 6308.296742791150 1029.220248031240 2301.397435033210 -2.74115705720364 4.67487870715787 5.41714008244752
2024-06-09T14:22:57.132 5428.768344505800 2100.077069471140 3501.628995392890 -4.54319121002020 4.19445920616004 4.52362276999938
2024-06-09T14:26:57.132 4154.198768130950 3018.131171098880 4446.343331967700 -6.01313963756960 3.40940686623328 3.30098882150052
2024-06-09T14:30:57.132 2577.605174476910 3716.780352285580 5066.899609912440 -7.04487065841051 2.37728748755653 1.83886476070042
2024-06-09T14:34:57.132 813.735710147515 4145.429584350930 5318.323713441680 -7.56439396701324 1.17307559940608 0.24361479389239
2024-06-09T14:38:57.132 -1009.242406617650 4273.034897615070 5182.426019645500 -7.53447091953971 -0.11620387934223 -1.36920097605663
2024-06-09T14:42:57.132 -2758.914742938770 4090.294681023110 4669.064282586910 -6.95716534634797 -1.39746052948224 -2.88278927716197
2024-06-09T14:46:57.132 -4308.089834813550 3610.328151998350 3815.456477555530 -5.87369929551619 -2.57800948736367 -4.18724805060630
2024-06-09T14:50:57.132 -5543.947405223680 2867.813266848470 2683.597829325750 -4.36200528432627 -3.57196380321013 -5.18727449093643
2024-06-09T14:54:57.132 -6376.294199288760 1916.583708220630 1355.881120554830 -2.53164572409264 -4.30657089624068 -5.80927358885249
2024-06-09T14:58:57.132 -6744.296107030480 825.793808546579 -70.842273442620 -0.51624550570747 -4.72777906869318 -6.00719683710992
2024-06-09T15:02:57.132 -6621.090885074130 -325.136472496745 -1492.390810727530 1.53657226618723 -4.80466713060852 -5.76642912945626
2024-06-09T15:06:57.132 -6015.797380869420 -1452.396453063760 -2804.982847844660 3.47648787962783 -4.53179885560023 -5.10488891841563
2024-06-09T15:10:57.132 -4972.785164912920 -2473.986185111040 -3912.922743441590 5.16195309630492 -3.92956644630009 -4.07157296289765
2024-06-09T15:14:57.132 -3568.264478543660 -3315.734489946310 -4735.620944635800 6.47080271729551 -3.04234472244967 -2.74249916836188
2024-06-09T15:18:57.132 -1904.555813202670 -3916.649592549610 -5213.385214222650 7.30885338503899 -1.93486518808977 -1.21467324012038
2024-06-09T15:22:57.132 -102.579906936213 -4233.237595132340 -5311.611625302600 7.61611280595030 -0.68730922207857 0.40110770603351
2024-06-09T15:26:57.132 1706.841746499620 -4242.537474111120 -5023.168819357910 7.37048886628887 0.61037859674320 1.98801218734455
2024-06-09T15:30:57.132 3392.301161399040 -3943.741895534950 -4368.893522235560 6.58923316843051 1.86457955546062 3.43114572852224
2024-06-09T15:34:57.132 4831.184325621980 -3358.315882924650 -3396.174443239400 5.32804498740477 2.98438129944955 4.62542234080783
2024-06-09T15:38:57.132 5918.559076667450 -2528.570430038480 -2175.675035662950 3.67778854541641 3.88805444665043 5.48321068450304
2024-06-09T15:42:57.132 6574.935090918170 -1514.707059299810 -796.304647750596 1.75837658004368 4.50920201746643 5.94109464745492
2024-06-09T15:46:57.132 6752.250568926770 -390.488411370044 641.242945023377 -0.28981232793674 4.80198007358952 5.96497215144642
2024-06-09T15:50:57.132 6437.551438618620 762.181082107414 2031.928598686330 -2.31648859868742 4.74485644586238 5.55302541631906
2024-06-09T15:54:57.132 5653.967379889570 1859.341710251810 3274.201126204420 -4.17321888700432 4.34232548713848 4.73590477962523
2024-06-09T15:58:57.132 4458.883426829430 2821.194777889490 4277.514986099620 -5.72475650085702 3.62427681988536 3.57401959999681
2024-06-09T16:02:57.132 2939.566794825240 3577.920850014920 4968.923859953170 -6.85880779443921 2.64343881766048 2.15266517480480
2024-06-09T16:06:57.132 1206.665321174380 4074.703425929780 5298.297435031200 -7.49395095316263 1.47126728654992 0.57545622495227
2024-06-09T16:10:57.132 -613.882290891194 4275.579474881730 5241.809612058460 -7.58479862101410 0.19248067633402 -1.04332395505446
2024-06-09T16:14:57.132 -2389.855096234600 4165.943881323940 4803.560537904780 -7.12468561820687 -1.10064196548580 -2.58654441161134
2024-06-09T16:18:57.132 -3992.176826368660 3753.621365166110 4015.309683345380 -6.14639988259794 -2.31457222329455 -3.94219411851018
2024-06-09T16:22:57.132 -5304.204077744540 3068.370653055650 2934.279662267850 -4.72019686625764 -3.36112484718603 -5.01137107872556
2024-06-09T16:26:57.132 -6230.224638037140 2159.839006934150 1639.125444677280 -2.94928932712026 -4.16378951630315 -5.71550914559911
2024-06-09T16:30:57.132 -6702.570606392800 1094.042729691140 224.288354753234 -0.96278159206806 -4.66356677918132 -6.00251918667118
2024-06-09T16:34:57.132 -6686.734186330670 -51.434990777276 -1206.925603918940 1.09386938861976 -4.82370976988983 -5.85114394685517
2024-06-09T16:38:57.132 -6183.974497184690 -1193.169341450900 -2550.009989100050 3.06997750469737 -4.63262291278044 -5.27269760805500
2024-06-09T16:42:57.132 -5231.178564976770 -2248.081217101520 -3707.010452574580 4.82124314602612 -4.10470490891512 -4.31007246383218
2024-06-09T16:46:57.132 -3898.007440041290 -3139.542432699040 -4593.722303046170 6.22052550903119 -3.27893933930097 -3.03417203107064
2024-06-09T16:50:57.132 -2281.641905030870 -3802.927327234050 -5145.771935001730 7.16696950794319 -2.21567862160170 -1.53827218262071
2024-06-09T16:54:57.132 -499.616710501648 -4190.206591696160 -5323.163110616110 7.59273543646253 -0.99202229507952 0.06899606999247
2024-06-09T16:58:57.132 1318.672172834520 -4273.316257191900 -5113.046343052080 7.46732931340031 0.30373552708999 1.67136988944745
2024-06-09T17:02:57.132 3041.198417971450 -4046.122815159040 -4530.593262659340 6.79944194115601 1.57816388049725 3.15292267488224
2024-06-09T17:06:57.132 4542.710185971250 -3524.904050303840 -3617.967465842070 5.63658715705206 2.73901877346566 4.40595912548358
2024-06-09T17:10:57.132 5713.762752923610 -2747.283851784820 -2441.419151934160 4.06229916903703 3.70171326308418 5.33868558262606
2024-06-09T17:14:57.132 6468.776194460130 -1769.642182395320 -1086.614129943570 2.19080784370041 4.39555893588070 5.88217710896236
2024-06-09T17:18:57.132 6752.485296705180 -663.078083574015 347.571569788376 0.15890888619888 4.76941482450051 5.99605620445132
2024-06-09T17:22:57.132 6544.135839852220 491.804441438979 1756.353293444410 -1.88441711966952 4.79573480137327 5.67179398145861
2024-06-09T17:26:57.132 5859.063259360900 1610.864191995610 3036.828526442430 -3.78937811019354 4.47279479445493 4.93350667875749
2024-06-09T17:30:57.132 4747.480833840330 2612.670346900160 4095.620032328630 -5.41697118236210 3.82470436633874 3.83588930695658
2024-06-09T17:34:57.132 3290.615275738370 3424.475359565550 4855.713456072980 -6.64931668311416 2.89918808559502 2.45965281655242
2024-06-09T17:38:57.132 1594.618140301960 3987.445106497310 5261.962493613090 -7.39773233102185 1.76372724261754 0.90520093424054
2024-06-09T17:42:57.132 -217.196746507863 4260.826490291230 5284.968406085730 -7.60869452224568 0.50058263742714 -0.71462788615183
2024-06-09T17:46:57.132 -2013.245358045510 4224.789556583640 4923.094546148580 -7.26710412349286 -0.79915539945346 -2.28265494036647
2024-06-09T17:50:57.132 -3663.037043228430 3881.825647759980 4202.560090433060 -6.39717549953761 -2.04159675001788 -3.68523964845748
2024-06-09T17:54:57.132 -5046.516449005040 3256.651221085430 3175.644643182090 -5.06124442915063 -3.13653266360326 -4.82014995116385
2024-06-09T17:58:57.132 -6062.803924954990 2394.528430618710 1917.030452072380 -3.35586395202710 -4.00402571701045 -5.60412640260121
2024-06-09T18:02:57.132 -6637.655408474550 1358.067220734050 518.453313295167 -1.40516334901842 -4.58038052520792 -5.97924589831190
2024-06-09T18:06:57.132 -6729.057562466820 222.695512462893 -917.985296728349 0.64808985214186 -4.82319575972533 -5.91768092965371
2024-06-09T18:10:57.132 -6330.414396823980 -928.897809163048 -2287.384772445310 2.65344389858799 -4.71476847210409 -5.42408039865070
2024-06-09T18:14:57.132 -5471.005511281690 -2012.889273874300 -3489.835083560760 4.46429423326194 -4.26338821313241 -4.53509068151451
2024-06-09T18:18:57.132 -4213.710826526560 -2950.504935129760 -4437.781537563570 5.94900633420937 -3.50251469160685 -3.31630801682926
2024-06-09T18:22:57.132 -2650.231153325010 -3673.744419582760 -5062.370024473110 7.00042631664384 -2.48784906861638 -1.85693773313274
2024-06-09T18:26:57.132 -894.303866491080 -4130.228879151370 -5318.327565719360 7.54309855775786 -1.29305790033250 -0.26307579880945
2024-06-09T18:30:57.132 926.540023253937 -4286.886527015270 -5187.113493400530 7.53813074172560 -0.00441627637191 1.34990576410658
2024-06-09T18:34:57.132 2680.094336288760 -4132.273598489140 -4678.196373833050 6.98566832736239 1.28515372757039 2.86531751037829
2024-06-09T18:38:57.132 4238.901565405880 -3677.414162110030 -3828.405098901610 5.92495152546391 2.48241261735789 4.17316536378666
2024-06-09T18:42:57.132 5489.405206785550 -2955.101377898090 -2699.388214923100 4.43199621345001 3.50026308496715 5.17784399607688
2024-06-09T18:46:57.132 6340.261644191880 -2017.659799418820 -1373.298496452770 2.61489144060927 4.26408075222507 5.80521700727152
2024-06-09T18:50:57.132 6729.195137367990 -933.231552853306 53.115820056414 0.60630615399600 4.71755960543941 6.00865370143788
2024-06-09T18:54:57.132 6627.744108805410 219.199938001512 1475.640683962980 -1.44647414713208 4.82728620322492 5.77300597962390
2024-06-09T18:58:57.132 6043.416357054910 1355.665846689910 2790.350152860360 -3.39292741780709 4.58538759036841 5.11580141993423
2024-06-09T19:02:57.132 5019.073078942110 2393.440231078080 3901.326575462500 -5.09084638340505 4.00998863044845 4.08578044164781
2024-06-09T19:06:57.132 3629.623605628990 3257.122415740230 4727.715711117040 -6.41702622221703 3.14356520065396 2.75885227668030
2024-06-09T19:10:57.132 1976.371283160860 3884.092874434940 5209.543500082000 -7.27596520502990 2.04944491531820 1.23198524183977
2024-06-09T19:14:57.132 179.563179137800 4228.960618061820 5311.924818274140 -7.60614300106635 0.80698125243414 -0.38396867813642
2024-06-09T19:18:57.132 -1630.282749188800 4266.742018753600 5027.477872880270 -7.38396078792627 -0.49411738879227 -1.97200118435802
2024-06-09T19:22:57.132 -3321.707541545980 3994.608638919190 4376.824844138210 -6.62519183947367 -1.75997688469000 -3.41710047264467
2024-06-09T19:26:57.132 -4771.694998677600 3432.133904734520 3407.161883651550 -5.38410409265836 -2.89886872990252 -4.61413182979334
2024-06-09T19:30:57.132 -5874.570707908150 2619.993565619460 2188.966840973910 -3.75017445942414 -3.82773819219280 -5.47540999841345
2024-06-09T19:34:57.132 -6549.797394433100 1617.126313905770 810.986910938375 -1.84217629532384 -4.47844988501643 -5.93739954600431
2024-06-09T19:38:57.132 -6748.020643943980 496.485548655039 -626.213974785196 0.20040671041730 -4.80312584876058 -5.96583834636352
2024-06-09T19:42:57.132 -6454.815374647080 -660.319597697801 -2017.679020268590 2.22786970153795 -4.77799412084375 -5.55866054167428
2024-06-09T19:46:57.132 -5691.752646125110 -1769.071095801550 -3261.864173225360 4.09189218010685 -4.40521533317808 -4.74614632937530
2024-06-09T19:50:57.132 -4514.697202615830 -2749.165942515730 -4268.136798739860 5.65680238102593 -3.71250257575140 -3.58831426001904
2024-06-09T19:54:57.132 -3009.546222537340 -3529.492677718150 -4963.371755840060 6.80949774632996 -2.75068636172467 -2.17005607598707
2024-06-09T19:58:57.132 -1285.835305282340 -4053.522818060200 -5297.155934064590 7.46717543710829 -1.58968307699504 -0.59456857666475
2024-06-09T20:02:57.132 531.221098669435 -4283.295419987300 -5245.306602484810 7.58268784416115 -0.31338507771697 1.02404866832761
2024-06-09T20:06:57.132 2309.696096885820 -4202.081441052700 -4811.542292128480 7.14753928781554 0.98617804799318 2.56871308191980
2024-06-09T20:10:57.132 3920.353249246960 -3815.594297749250 -4027.240620983220 6.19257017292714 2.21509211999214 3.92735956833898
2024-06-09T20:14:57.132 5245.924351418640 -3151.659882732230 -2949.274313687900 4.78614916361427 3.28409242631207 5.00086764279011
2024-06-09T20:18:57.132 6189.642983673920 -2258.324568513840 -1656.027748519440 3.02984228594946 4.11497893649311 5.71021577540027
2024-06-09T20:22:57.132 6682.448663761760 -1200.475287570300 -241.801844575321 1.05161242930258 4.64653845022316 6.00271199672217
2024-06-09T20:26:57.132 6688.251312608570 -55.140738643171 1190.089338768470 -1.00349913196750 4.83951782201372 5.85650588335363
2024-06-09T20:30:57.132 6206.698548897330 1094.212765577470 2535.012430372010 -2.98469096464650 4.67987187758331 5.28250956287612
2024-06-09T20:34:57.132 5273.151021683420 2163.889553478930 3694.806086170290 -4.74706407227581 4.17971221382743 4.32336125657611
2024-06-09T20:38:57.132 3955.927803751400 3076.137488838950 4585.015307609950 -6.16256239451476 3.37607189936268 3.04983812999904
2024-06-09T20:42:57.132 2351.127054116010 3764.785242285400 5140.994766878460 -7.12908575076460 2.32777853313229 1.55516500398009
2024-06-09T20:46:57.132 575.529012052106 4179.959007493560 5322.476781884060 -7.57733450099362 1.11097820080741 -0.05197379168840
2024-06-09T20:50:57.132 -1241.864415851780 4291.594012423880 5116.358753640110 -7.47528393852729 -0.18639019303322 -1.65522639824489
2024-06-09T20:54:57.132 -2969.053936636050 4091.537512736660 4537.588452461240 -6.83012718351672 -1.47070657220229 -3.13850485621614
2024-06-09T20:58:57.132 -4480.468711851540 3594.153840692680 3628.140333193930 -5.68797644490799 -2.64902154391234 -4.39401280354116
2024-06-09T21:02:57.132 -5666.020366508870 2835.385049547260 2454.091287200700 -4.13107688318185 -3.63556388737936 -5.32992651867012
2024-06-09T21:06:57.132 -6439.181917633180 1870.256525538390 1100.932860059170 -2.27239877033688 -4.35808170808833 -5.87732810483385
2024-06-09T21:10:57.132 -6743.453654844850 768.940949785388 -332.616117538637 -0.24766959200166 -4.76344854841076 -5.99567107626759
2024-06-09T21:14:57.132 -6556.643095212700 -388.377643263553 -1741.875156689930 1.79477050593579 -4.82191556639277 -5.67618521533492
2024-06-09T21:18:57.132 -5892.537461717900 -1517.435001399860 -3023.980610561190 3.70539032962478 -4.52945848314418 -4.94266928379654
2024-06-09T21:22:57.132 -4799.792552221120 -2536.127027565960 -4085.504887262510 5.34498672741013 -3.90791967415078 -3.84938497230199
2024-06-09T21:26:57.132 -3358.199208835750 -3370.513011543010 -4849.273148034620 6.59486431863110 -3.00301629606544 -2.47660885260118
2024-06-09T21:30:57.132 -1672.716313151460 -3960.137352916220 -5259.886150330820 7.36517125080297 -1.88065414618849 -0.92436249492646
2024-06-09T21:34:57.132 134.198369461494 -4262.296023096210 -5287.593474467450 7.60069902047830 -0.62197490975989 0.69489949483718
2024-06-09T21:38:57.132 1931.364981163530 -4255.030406142790 -4930.350879834350 7.28437105230116 0.68227828411817 2.26407027085831
2024-06-09T21:42:57.132 3588.226223698170 -3938.698341876500 -4213.976190188980 6.43844993235603 1.93793334442498 3.66941216826671
2024-06-09T21:46:57.132 4984.196358314110 -3336.026575584180 -3190.386511739880 5.12338041622770 3.05386035262893 4.80846857746443
2024-06-09T21:50:57.132 6017.430322162430 -2490.585060343270 -1933.974218030350 3.43402204201353 3.94856636363887 5.59758408164638
2024-06-09T21:54:57.132 6612.357456390740 -1463.732546730530 -536.298073994781 1.49319360896859 4.55625270765896 5.97830551795852
2024-06-09T21:58:57.132 6725.389706062880 -330.203429656621 900.572977591166 -0.55701914201934 4.83202636345660 5.92213999882121
2024-06-09T22:02:57.132 6348.289703815100 827.397022966152 2271.622957256690 -2.56608321833919 4.75564532341638 5.43323413688378
2024-06-09T22:06:57.132 5508.769027223200 1924.739127629060 3476.736616811440 -4.38689016592663 4.33303519695496 4.54795015986640
2024-06-09T22:10:57.132 4268.314649721460 2882.007966025690 4428.101253178970 -5.88686174193087 3.59561211900464 3.33173983474140
2024-06-09T22:14:57.132 2717.494880281600 3629.730702199490 5056.587811127550 -6.95765041954719 2.59752915240101 1.87379706562431
2024-06-09T22:18:57.132 969.221876501820 4113.740967867940 5316.649758234800 -7.52241854274530 1.41137402249213 0.28024258215447
2024-06-09T22:22:57.132 -849.446069906722 4298.987026536700 5189.491855530310 -7.54075359072820 0.12292321937979 -1.33342314189630
2024-06-09T22:26:57.132 -2606.413332841890 4171.999243793380 4684.359455373970 -7.01131441696819 -1.17481177689967 -2.85040377802419
2024-06-09T22:30:57.132 -4173.976074836150 3741.857489806830 3837.880502328660 -5.97186512018365 -2.38798083648798 -4.16058734175467
2024-06-09T22:34:57.132 -5438.002375082670 3039.621666339680 2711.534294053800 -4.49716459038384 -3.42838678776493 -5.16828464745086
2024-06-09T22:38:57.132 -6306.274313541380 2116.188913738520 1387.303659500050 -2.69404094104583 -4.21993289888052 -5.79940196610639
2024-06-09T22:42:57.132 -6715.351209684410 1038.676175272440 -38.230876810853 -0.69403732859591 -4.70445785983346 -6.00722144569301
2024-06-09T22:46:57.132 -6635.373331671440 -114.473373270816 -1460.978437876540 1.35633475425273 -4.84637047688091 -5.77633724057017
2024-06-09T22:50:57.132 -6072.316107852500 -1259.288303242490 -2777.070063683330 3.30690282573643 -4.63549620863195 -5.12397149886672
2024-06-09T22:54:57.132 -5067.477491107520 -2312.494088250360 -3890.560644047340 5.01537427707386 -4.08773042512669 -4.09846674681623
2024-06-09T22:58:57.132 -3694.280469577800 -3197.622856348500 -4720.459477340360 6.35795726861665 -3.24347178289361 -2.77523789666484
2024-06-09T23:02:57.132 -2052.752771998950 -3850.520447731640 -5206.542610912110 7.23798547044681 -2.16427066881086 -1.25082814610858
2024-06-09T23:06:57.132 -262.199842675141 -4223.899832298060 -5313.590965570350 7.59236998194921 -0.92827251579434 0.36420161676124
2024-06-09T23:10:57.132 1547.386302085240 -4290.662822463910 -5033.822223996800 7.39558927024531 0.37541321199820 1.95308411807238
2024-06-09T23:14:57.132 3244.579951429990 -4045.815279290030 -4387.433911817630 6.66132067474661 1.65272527868301 3.40074729523324
2024-06-09T23:18:57.132 4705.911080989400 -3506.892295550310 -3421.239959518770 5.44187733707301 2.81108509913751 4.60178258329823
2024-06-09T23:22:57.132 5824.810137377280 -2712.811448197490 -2205.423942298160 3.82505053545227 3.76596729182179 5.46805788619736
2024-06-09T23:26:57.132 6519.486609367800 -1721.167970237480 -828.555067637044 1.92832448044495 4.44726924228854 5.93553130404711
2024-06-09T23:30:57.132 6739.073973726110 -604.091430934499 608.854873415245 -0.10967385665871 4.80475495889573 5.96938105510841
2024-06-09T23:34:57.132 6467.510646492190 557.029391722167 2001.759251452970 -2.13936689073017 4.81206055998320 5.56697208365793
2024-06-09T23:38:57.132 5724.775187090040 1677.592430536330 3248.416316637850 -4.01200663794614 4.46892038921651 4.75825478556570
2024-06-09T23:42:57.132 4565.293273352000 2676.057350121540 4257.937204400800 -5.59107011892295 3.80090074405026 3.60307336677703
2024-06-09T23:46:57.132 3073.776287214800 3479.914286749500 4956.914959219670 -6.76221901047186 2.85716210061649 2.18630501362294
2024-06-09T23:50:57.132 1358.888435660340 4030.904052247120 5294.673412581870 -7.44131030549900 1.70652236804616 0.61127481738354
2024-06-09T23:54:57.132 -454.701680694466 4289.133122953310 5246.792502289860 -7.57980470783510 0.43227250098805 -1.00783406325303
2024-06-09T23:58:57.132 -2235.265079402100 4235.856452966480 4816.776287194560 -7.16771873712903 -0.87362252422821 -2.55382221182008
2024-06-10T00:02:57.132 -3853.412734407620 3874.826240352720 4035.813431283640 -6.23446733594482 -2.11675931922652 -3.91454756021931
2024-06-10T00:06:57.132 -5191.385254057520 3232.079083078940 2960.605247043730 -4.84704047732089 -3.20691166071042 -4.99080283710900
2024-06-10T00:10:57.132 -6151.615782326780 2354.162007793640 1669.378400207890 -3.10579962625941 -4.06445489146785 -5.70356288388870
2024-06-10T00:14:57.132 -6663.966210668560 1304.846190718320 256.273008267068 -1.13760666774538 -4.62641146750696 -6.00013313731166
2024-06-10T00:18:57.132 -6691.023128563890 160.502662818199 -1175.544230361760 0.91342947931272 -4.85148256128647 -5.85853609116587
2024-06-10T00:22:57.132 -6230.925716985310 -995.538535292644 -2521.533925513480 2.89707513787502 -4.72334445632948 -5.28937203914197
2024-06-10T00:26:57.132 -5317.449144148260 -2079.159832904850 -3683.538240593260 4.66848830429494 -4.25176089107644 -4.33484561726869
2024-06-10T00:30:57.132 -4017.388904223700 -3011.639869961260 -4576.998180079360 6.09904633354237 -3.47162204859101 -3.06529917208005
2024-06-10T00:34:57.132 -2425.507432810680 -3725.372700351170 -5137.062263021340 7.08568205210690 -2.44000163939309 -1.57352058684417
2024-06-10T00:38:57.132 -657.534648099833 -4168.668604210040 -5323.145556870230 7.55764124919208 -1.23164733230132 0.03226960675214
2024-06-10T00:42:57.132 1158.167081148520 -4309.380560204980 -5121.745432409230 7.48099764717614 0.06627749549742 1.63590981753270
2024-06-10T00:46:57.132 2889.762087912510 -4137.175821360330 -4547.385685137120 6.86088389581100 1.36019282746134 3.12135677288008
2024-06-10T00:50:57.132 4411.336854999600 -3664.317694372450 -3641.632323716190 5.74131317129607 2.55645117801834 4.38060518117415
2024-06-10T00:54:57.132 5611.985305805890 -2924.901190825390 -2470.232792396590 4.20270062284041 3.56787390925498 5.32140168772973
2024-06-10T00:58:57.132 6403.972246905640 -1972.512550149600 -1118.471440411540 2.35662140385777 4.32024578333716 5.87425356423272
2024-06-10T01:02:57.132 6729.326309594160 -876.407039920152 314.998839495121 0.33801419751932 4.75810477942369 5.99805289748694
2024-06-10T01:06:57.132 6564.252833880560 283.572071882851 1725.442570153790 -1.70511086027505 4.84925510222809 5.68355434475595
2024-06-10T01:10:57.132 5920.918636512210 1422.906029538050 3009.825135186240 -3.62299224348179 4.58717265390652 4.95409245336333
2024-06-10T01:14:57.132 4846.495821673880 2458.661813624370 4074.461906540960 -5.27556536459692 3.99149933706436 3.86370299371656
2024-06-10T01:18:57.132 3419.530475259860 3315.601044132970 4841.894597671450 -6.54305001110451 3.10620626265109 2.49262794808648
2024-06-10T01:22:57.132 1744.031449478060 3931.595906714560 5256.443876052600 -7.33420543066828 1.99588609117588 0.94098046231459
2024-06-10T01:26:57.132 -58.149068543666 4262.035717632930 5288.120095554570 -7.59240275805493 0.74102531453914 -0.67857717371659
2024-06-10T01:30:57.132 -1856.105058113230 4282.963605628580 4934.679899177250 -7.29920234313420 -0.56776300036901 -2.24883513416664
2024-06-10T01:34:57.132 -3519.218108690480 3992.763857819450 4221.756499232790 -6.47544061567162 -1.83595430553227 -3.65600795356147
2024-06-10T01:38:57.132 -4926.503569560250 3412.336312791340 3201.090142707410 -5.18017420072339 -2.97156841387268 -4.79763200331762
2024-06-10T01:42:57.132 -5975.388914422440 2583.683475145510 1946.902397191840 -3.50695061021898 -3.89179125525392 -5.58999068221470
2024-06-10T01:46:57.132 -6589.291637704190 1566.961811394770 550.594775277933 -1.57752513047223 -4.52914206787770 -5.97460468652032
2024-06-10T01:50:57.132 -6723.369472247240 436.137961078764 -885.920221751318 0.46700102346842 -4.83677953212016 -5.92296615519345
2024-06-10T01:54:57.132 -6367.914547498360 -726.446624926683 -2257.753262924770 2.47683137697782 -4.79222684364313 -5.43896133169756
2024-06-10T01:58:57.132 -5549.057209091990 -1836.178211086490 -3464.829965355420 4.30505019831057 -4.39912374122170 -4.55853511812416
2024-06-10T02:02:57.132 -4326.713340904030 -2812.415199999130 -4419.268922760140 5.81878170189471 -3.68665750876640 -3.34663814655257
2024-06-10T02:06:57.132 -2790.025959577670 -3584.347299434230 -5051.747025568200 6.90875452404092 -2.70699929181819 -1.89195454031125
2024-06-10T02:10:57.132 -1050.767945276330 -4096.053115969200 -5316.419409381100 7.49672744465238 -1.53127686504452 -0.30023328913762
2024-06-10T02:14:57.132 764.764999888390 -4310.443598046460 -5194.100856672250 7.54052207364716 -0.24436094933676 1.31340905605878
2024-06-10T02:18:57.132 2524.763877532410 -4211.867488770070 -4693.585647398290 7.03665182674447 1.06098416736949 2.83223670385848
2024-06-10T02:22:57.132 4101.298856285160 -3807.259836052950 -3851.073554051990 6.02078916525219 2.29038313209684 4.14595811313858
2024-06-10T02:26:57.132 5379.515694436190 -3125.745335135460 -2727.678491878600 4.56569030560651 3.35439200538051 5.15848329076784
2024-06-10T02:30:57.132 6266.053405636480 -2216.667622532820 -1405.147108654240 2.77672297875322 4.17504168791062 5.79511211098986
2024-06-10T02:34:57.132 6696.034275280670 -1146.090377255960 20.037411313447 0.78442508379815 4.69188061634196 6.00857305984186
2024-06-10T02:38:57.132 6637.984846300220 8.011957790190 1443.751235738300 -1.26513636391089 4.86678733346919 5.78292658051636
2024-06-10T02:42:57.132 6096.236740344420 1161.528403131340 2761.971508225620 -3.22160387067572 4.68709046382947 5.13494777231668
2024-06-10T02:46:57.132 5110.550747385710 2230.469215837890 3878.508670381330 -4.94198758127571 4.16640516711876 4.11266538147776
2024-06-10T02:50:57.132 3753.042954063160 3137.149513199300 4712.078584224620 -6.30130752016544 3.34327954639545 2.79144968421948
2024-06-10T02:54:57.132 2122.726255407990 3815.819708961560 5202.183286035810 -7.20170487965463 2.27793386783602 1.26794263980253
2024-06-10T02:58:57.132 338.201009595684 4217.330078913940 5313.340707945690 -7.57865628878829 1.04763448500630 -0.34722820568927
2024-06-10T03:02:57.132 -1470.888150708580 4312.582714418090 5037.544953320590 -7.40516868922032 -0.25874988898510 -1.93707054451339
2024-06-10T03:06:57.132 -3173.129888482330 4094.593543384130 4394.812688560340 -6.69359543081891 -1.54687931007010 -3.38642017818258
2024-06-10T03:10:57.132 -4644.745093331480 3579.024807608210 3431.778157393750 -5.49485667669217 -2.72346150767599 -4.58991356015181
2024-06-10T03:14:57.132 -5778.519010441310 2803.148950277670 2218.435018075690 -3.89534830195718 -3.70279796886612 -5.45944728898711
2024-06-10T03:18:57.132 -6491.691874716540 1823.254866658180 843.169860405189 -2.01130174332070 -4.41313056618217 -5.93088677636894
2024-06-10T03:22:57.132 -6732.165206538640 710.606749575518 -593.663085659057 0.01959944847055 -4.80225670597776 -5.96931370759588
2024-06-10T03:26:57.132 -6482.441433009030 -453.783579057691 -1987.147907127660 2.04855055065948 -4.84169610781739 -5.57192025197417
2024-06-10T03:30:57.132 -5760.920231035170 -1585.156960923330 -3235.602733089920 3.92715290365104 -4.52887633683840 -4.76825415206760
2024-06-10T03:34:57.132 -4620.433139726700 -2601.264981097530 -4248.090503944900 5.51867463815796 -3.88711664775900 -3.61768326357998
2024-06-10T03:38:57.132 -3144.205984465600 -3428.374580317310 -4951.035202529810 6.70807149324220 -2.96354920499513 -2.20453874549382
2024-06-10T03:42:57.132 -1439.660866912060 -4006.555158197390 -5293.458246244770 7.40987011753784 -1.82531714352631 -0.63163085129877
2024-06-10T03:46:57.132 369.391937401744 -4293.905681471080 -5250.541650038570 7.57371288817671 -0.55463781190856 0.98712960921858
2024-06-10T03:50:57.132 2151.620635632940 -4269.506089356860 -4825.343742022160 7.18760952235981 0.75687785714949 2.53470391363646
2024-06-10T03:54:57.132 3777.520415885780 -3934.925333574860 -4048.592732546090 6.27873237324008 2.01448964417507 3.89883767524171
2024-06-10T03:58:57.132 5128.699260310580 -3314.198948907110 -2976.600222888420 4.91207176265012 3.12683639304755 4.97990744846708
2024-06-10T04:02:57.132 6106.514725636520 -2452.218640182130 -1687.321986866420 3.18632229949451 4.01253783122540 5.69830207879605
2024-06-10T04:06:57.132 6639.422754916490 -1411.588527284240 -274.778366909541 1.22728163814478 4.60637020088400 6.00069795557854
2024-06-10T04:10:57.132 6688.411155457010 -268.078900995352 1157.842725318340 -0.82150744039618 4.86456442384345 5.86455956603387
2024-06-10T04:14:57.132 6249.958804289480 894.968576038987 2505.848441565070 -2.80971112177906 4.76822129260304 5.29997213410494
2024-06-10T04:18:57.132 5356.282870107120 1992.833085193610 3670.833588415980 -4.59180296783586 4.32480768745668 4.34887974097113
2024-06-10T04:22:57.132 4072.820110724620 2945.686073233810 4567.944547522790 -6.03817359803947 3.56728431218069 3.08148290965513
2024-06-10T04:26:57.132 2493.251979389390 3684.396468079990 5132.030599960700 -7.04447101373114 2.55121532706083 1.59067493140836
2024-06-10T04:30:57.132 732.546899366592 4155.459067137460 5322.247026516780 -7.53859459151305 1.35044930654734 -0.01513597005503
2024-06-10T04:34:57.132 -1081.368985104710 4324.757357581800 5124.864468125280 -7.48521569191934 0.05173617414038 -1.61970476592048
2024-06-10T04:38:57.132 -2816.744218733120 4179.954293845130 4554.207042411380 -6.88799684183298 -1.25118476155043 -3.10681826267411
2024-06-10T04:42:57.132 -4347.421298161530 3731.413541031500 3651.675662798070 -5.78967036814188 -2.46400208384065 -4.36841424378355
2024-06-10T04:46:57.132 -5561.938349780800 3011.530131471850 2482.845262384630 -4.26930001933784 -3.49852516759641 -5.31230809669927
2024-06-10T04:50:57.132 -6371.679239258690 2072.490463856700 1132.820177778450 -2.43714784756249 -4.27905143232074 -5.86899875051505
2024-06-10T04:54:57.132 -6717.491903514160 982.555430472008 -299.915140182689 -0.42698176836645 -4.74822456725247 -5.99726882204416
2024-06-10T04:58:57.132 -6574.163846287580 -178.925975066568 -1710.748759411970 1.61394626220844 -4.87162140857324 -5.68763563122670
2024-06-10T05:02:57.132 -5952.312942646090 -1327.388791960180 -2996.710561245910 3.53624799175509 -4.64047322650156 -4.96315994538531
2024-06-10T05:06:57.132 -4897.513213634060 -2379.313355544930 -4064.095017329720 5.19985591781299 -4.07215161644055 -3.87743038281667
2024-06-10T05:10:57.132 -3486.787658575250 -3258.338847901010 -4835.299390013520 6.48433887756354 -3.20850297437424 -2.51014682724541
2024-06-10T05:14:57.132 -1822.844504484620 -3900.757420305450 -5254.376342168070 7.29729492959564 -2.11243555566103 -0.96092283692110
2024-06-10T05:18:57.132 -26.573537613434 -4260.025771551960 -5290.952963680960 7.58042304566914 -0.86320147079955 0.65800753297878
2024-06-10T05:22:57.132 1771.622711318330 -4310.031506813370 -4942.331335899300 7.31317699085888 0.44915477950973 2.22956150076434
2024-06-10T05:26:57.132 3441.117309951920 -4046.965905118560 -4233.695040842770 6.51428467614156 1.72989406968027 3.63984189490191
2024-06-10T05:30:57.132 4860.408087368700 -3489.664850679300 -3216.382514276750 5.24068018158532 2.88612946453804 4.78605021310590
2024-06-10T05:34:57.132 5925.934363926800 -2678.383372576750 -1964.325574088910 3.58417133391568 3.83336791319608 5.58391932482295
2024-06-10T05:38:57.132 6559.764713228780 -1671.995330946540 -568.779399938732 1.66526719598865 4.50195225785733 5.97432219044984
2024-06-10T05:42:57.132 6715.485966768770 -543.749507210491 868.334269386172 -0.37553239947396 4.84256449996620 5.92813543017875
2024-06-10T05:46:57.132 6381.748067578070 624.127074709732 2241.982953715680 -2.38842804239830 4.83020743901493 5.44875459383840
2024-06-10T05:50:57.132 5583.104726613480 1746.542983227620 3451.852887426380 -4.22597749437918 4.46613657482184 4.57181414795887
2024-06-10T05:54:57.132 4378.074637484990 2741.843255544240 4409.771689923460 -5.75435657858805 3.77748539998078 3.36214567058800
2024-06-10T05:58:57.132 2854.675510649320 3537.771011340270 5046.123245263850 -6.86302369561372 2.81491758397599 1.90855010591931
2024-06-10T06:02:57.132 1123.857657434870 4076.659694247680 5314.806912765180 -7.47246936741148 1.64853340787430 0.31691384009743
2024-06-10T06:06:57.132 -688.584892672486 4319.488517729390 5196.419624797010 -7.53915371757761 0.36270142335144 -1.29744984442900
2024-06-10T06:10:57.132 -2451.024381673890 4248.615325824150 4699.573603763260 -7.05824446879583 -0.94982032917054 -2.81774538033018
2024-06-10T06:14:57.132 -4035.372058212520 3869.043960155850 3860.293765660000 -6.06396257548698 -2.19412531161558 -4.13362092228298
2024-06-10T06:18:57.132 -5326.289338641250 3208.158361161270 2739.534693925940 -4.62780538562615 -3.27976698742803 -5.14897986541264
2024-06-10T06:22:57.132 -6229.622718267730 2313.839845511690 1418.869031653810 -2.85380420495676 -4.12743194387668 -5.78918609357249
2024-06-10T06:26:57.132 -6679.394713156190 1251.067843535130 -5.389673081774 -0.87132854344761 -4.67487950219536 -6.00688224740761
2024-06-10T06:30:57.132 -6642.782742780550 97.199002935451 -1429.257042053480 1.17446505017040 -4.88190952352467 -5.78595741538067
2024-06-10T06:34:57.132 -6122.588397274150 -1063.746006920770 -2748.790479959400 3.13377052077947 -4.73354411076008 -5.14285400069806
2024-06-10T06:38:57.132 -5156.977783798870 -2147.309011641880 -3867.791901111570 4.86360722578344 -4.24110352797411 -4.12522296756256
2024-06-10T06:42:57.132 -3816.516868809020 -3074.800715915540 -4704.864948268890 6.23858310752930 -3.44096631857109 -2.80790077995228
2024-06-10T06:46:57.132 -2198.856379615450 -3778.982163044500 -5199.260662754820 7.15968459904827 -2.39153329978302 -1.28700630244377
2024-06-10T06:50:57.132 -421.564549800560 -4208.837559518180 -5315.147191484570 7.56083342584826 -1.16877164108474 0.32718111483611
2024-06-10T06:54:57.132 1386.329695227230 -4333.162673701130 -5044.092189492990 7.41311598811170 0.13915650700687 1.91793958140929
2024-06-10T06:58:57.132 3093.526111212450 -4142.777481342920 -4405.651053311370 6.72664151374084 1.43790082498370 3.37007588166934
2024-06-10T07:02:57.132 4575.827783711430 -3651.252907842220 -3446.051316444340 5.55024736154817 2.63334491734355 4.57783894947975
2024-06-10T07:06:57.132 5725.140570784260 -2894.044705465000 -2234.992260477950 3.96856533571749 3.63832521884959 5.45260608614268
2024-06-10T07:10:57.132 6457.444699622520 -1926.050562605080 -860.695725045603 2.09644846270700 4.37903114620877 5.92966521739901
2024-06-10T07:14:57.132 6719.122587120310 -817.684925921831 576.500455141981 0.07081576182769 4.80083927659594 5.97347543920928
2024-06-10T07:18:57.132 6491.046471251890 350.286255128765 1971.558065789140 -1.95967657132641 4.87269756088748 5.58070065487513
2024-06-10T07:22:57.132 5790.030264578270 1492.744542482850 3222.567563308510 -3.84614654954626 4.58961761548718 4.78056759373233
2024-06-10T07:26:57.132 4667.481720675800 2526.540098699070 4238.314666135540 -5.45101812796040 3.97282025272999 3.63232888481609
2024-06-10T07:30:57.132 3205.445310308750 3376.584431424950 4944.936442024540 -6.65807774861835 3.06778945364010 2.22035549017254
2024-06-10T07:34:57.132 1510.466198454500 3981.262387700350 5291.200527951440 -7.38054686031890 1.94057087079901 0.64768599959147
2024-06-10T07:38:57.132 -294.217199239622 4296.787663364550 5252.086003925310 -7.56680208787746 0.67279972346461 -0.97162184401564
2024-06-10T07:42:57.132 -2077.530474515520 4300.272301365330 4830.478038054020 -7.20351807012226 -0.64402239082471 -2.52039318274625
2024-06-10T07:46:57.132 -3709.911891148010 3991.348839358720 4056.955191161930 -6.31656966496395 -1.91479482059031 -3.88636505465335
2024-06-10T07:50:57.132 -5072.584378256750 3392.256533832110 2987.665790533880 -4.96951643098776 -3.04731198484939 -4.96997085991204
2024-06-10T07:54:57.132 -6066.190916335490 2546.359339432310 1700.395477720430 -3.25976191924225 -3.95885830346196 -5.69163098601600
2024-06-10T07:58:57.132 -6618.169042947430 1515.090155710060 288.987250585628 -1.31185004828723 -4.58254747446469 -5.99801787104266
2024-06-10T08:02:57.132 -6688.211463010250 373.496273874966 -1143.525912383780 0.73166391681802 -4.87257327564659 -5.86641076121372
2024-06-10T08:06:57.132 -6271.311050867010 -795.293310680655 -2492.550461728660 2.72107050668243 -4.80783728061741 -5.30662801222720
2024-06-10T08:10:57.132 -5398.091325692650 -1906.226489677460 -3659.698868649380 4.51107281602039 -4.39347217412997 -4.36018845046908
2024-06-10T08:14:57.132 -4132.414355642950 -2878.584474127600 -4560.025898231620 5.97168302879194 -3.66018786079613 -3.09681985660362
2024-06-10T08:18:57.132 -2566.545053659250 -3641.847006942420 -5128.162784520910 6.99758850881294 -2.66165758460539 -1.60885644868789
2024-06-10T08:22:57.132 -814.335344836079 -4140.714003413500 -5322.928238915980 7.51517373931656 -1.47025661495295 -0.00430177571924
2024-06-10T08:26:57.132 996.989756572436 -4338.995399749140 -5130.183627923160 7.48720611192361 -0.17193027785354 1.60079587535736
2024-06-10T08:30:57.132 2735.902896943860 -4222.172152542160 -4563.817717080210 6.91528486117705 1.13970650652084 3.09026289339795
2024-06-10T08:34:57.132 4275.954138098930 -3798.478626279890 -3664.813239452550 5.83993861835160 2.36974075335057 4.35580713836255
2024-06-10T08:38:57.132 5504.884894811770 -3098.427082426070 -2498.421798447860 4.33831033729719 3.42854536384028 5.30471011031845
2024-06-10T08:42:57.132 6332.890017611420 -2172.736603808160 -1149.572364244260 2.51932564234814 4.23845911372043 5.86681867789705
2024-06-10T08:46:57.132 6699.368617892530 -1088.710353192220 283.279020740410 0.51590517629544 4.73984168919336 6.00034476453337
2024-06-10T08:50:57.132 6577.517314462530 74.681230026318 1695.419483007370 -1.52501067314427 4.89576137440441 5.69530305732539
2024-06-10T08:54:57.132 5976.362511975020 1232.646140903390 2983.671695915170 -3.45373026737787 4.69495911772008 4.97438721146630
2024-06-10T08:58:57.132 4940.024490102810 2300.871589979330 4054.060706864250 -5.12937834538172 4.15261814522206 3.89104523029959
2024-06-10T09:02:57.132 3544.304293012690 3201.731026203710 4828.705527834660 -6.43042254995516 3.30885490558478 2.52502902804436
2024-06-10T09:06:57.132 1890.973392019960 3869.899106872870 5251.410208823950 -7.26321141484062 2.22537337687498 0.97613382629333
2024-06-10T09:10:57.132 100.291871549816 4256.988377734040 5291.604619992430 -7.56815489789334 0.98074642180947 -0.64316894343361
2024-06-10T09:14:57.132 -1697.665911296450 4334.941386030790 4946.441274232410 -7.32347600255579 -0.33515735569298 -2.21567959779001
2024-06-10T09:18:57.132 -3372.296700142300 4098.016258492880 4240.964129602250 -6.54658627709825 -1.62731383196573 -3.62749151761799
2024-06-10T09:22:57.132 -4801.806904746720 3563.239047015450 3226.369453567280 -5.29311477238204 -2.80212642158964 -4.77586135285607
2024-06-10T09:26:57.132 -5882.026620417390 2769.272349863420 1976.428974624400 -3.65353580959870 -3.77396760271003 -5.57659890037034
2024-06-10T09:30:57.132 -6534.093794395490 1773.725372246780 582.219019482826 -1.74701489792970 -4.47159152881066 -5.97062292264820
2024-06-10T09:34:57.132 -6710.369403618570 649.016134299193 -854.503241640807 0.28699155128489 -4.84368664521172 -5.92866046784974
2024-06-10T09:38:57.132 -6398.067111018160 -522.958187736911 -2228.828373317550 2.29944165476733 -4.86308299263678 -5.45390226307055
2024-06-10T09:42:57.132 -5620.165868706520 -1656.892648415880 -3440.494874436570 4.14322834353988 -4.52871162602949 -4.58160394321987
2024-06-10T09:46:57.132 -4433.597027077370 -2670.366244064370 -4401.279204716660 5.68429358859549 -3.86547135989730 -3.37611799880420
2024-06-10T09:50:57.132 -2924.907037880930 -3489.846381197600 -5041.386899336680 6.81134844144689 -2.92199631200208 -1.92565558691176
2024-06-10T09:54:57.132 -1203.842660887020 -4055.948311253430 -5314.405705111490 7.44343689651544 -1.76681198139829 -0.33565648500831
2024-06-10T09:58:57.132 604.611472889559 -4327.624650883100 -5200.537537229050 7.53517781409960 -0.48329297457710 1.27883801326371
2024-06-10T10:02:57.132 2369.154297315990 -4285.056478831430 -4707.963794002910 7.07962547158741 0.83603403006972 2.80103504771451
2024-06-10T10:06:57.132 3961.520980535620 -3931.104943592080 -3872.306415096590 6.10894251783064 2.09577955401760 4.12038238255128
2024-06-10T10:10:57.132 5265.707379544010 -3291.206036035520 -2754.184687480490 4.69262823873584 3.20432873312773 5.14038652555785
2024-06-10T10:14:57.132 6186.460069990130 -2411.661860688190 -1434.960631768860 2.93315155261589 4.08050523235178 5.78581266559482
2024-06-10T10:18:57.132 6656.391091254760 -1356.379231374350 -10.885121309977 0.95887966613726 4.65972693137124 6.00867083832905
2024-06-10T10:22:57.132 6641.114877130810 -202.231775263200 1413.976062373000 -1.08530914748923 4.89931233600726 5.79231947671232
2024-06-10T10:26:57.132 6141.863931829220 966.660536295300 2735.501091776620 -3.04945107634234 4.78190413787985 5.15292242277844
2024-06-10T10:30:57.132 5195.310055072780 2065.174801818780 3857.255287448630 -4.79002342878694 4.31651199134238 4.13790262220939
2024-06-10T10:34:57.132 3870.726365111580 3013.445891352750 4697.572182386130 -6.18055538911036 3.53762531292328 2.82207846835853
2024-06-10T10:38:57.132 2264.758084706130 3742.675665215130 5195.454707311530 -7.12076515669551 2.50235082723078 1.30174877658851
2024-06-10T10:42:57.132 494.270499949146 4200.045377848340 5314.871600862790 -7.54332764976242 1.28588956309195 -0.31261464520928
2024-06-10T10:46:57.132 -1312.106772162130 4352.419271383620 5047.232647699760 -7.41804481019122 -0.02388829521246 -1.90412194143077
2024-06-10T10:50:57.132 -3023.169697699160 4188.677022085060 4411.968165527870 -6.75379353970358 -1.33243722128123 -3.35751468337469
2024-06-10T10:54:57.132 -4514.515189937890 3720.540664711340 3455.171692838860 -5.59808440232763 -2.54506180158243 -4.56714764609091
2024-06-10T10:58:57.132 -5677.514662298870 2981.819517223380 2246.388561728060 -4.03420057191019 -3.57347539992665 -5.44445409305618
2024-06-10T11:02:57.132 -6427.304698512670 2026.082757895290 873.665476215524 -2.17572467402162 -4.34239083568720 -5.92484071857885
2024-06-10T11:06:57.132 -6709.116508037060 922.812873431963 -562.846625529965 -0.15834121738907 -4.79532606642589 -5.97269927795263
2024-06-10T11:10:57.132 -6502.423043693990 -247.666437305208 -1958.254337301810 1.87009652290953 -4.89904766379952 -5.58446111002526
2024-06-10T11:14:57.132 -5822.485909958110 -1400.140138320370 -3210.733042031130 3.76119069110570 -4.64627453326097 -4.78903867337293
2024-06-10T11:18:57.132 -4719.108637565790 -2450.810438540330 -4229.051646546830 5.37727795177890 -4.05597167833925 -3.64518810815846
2024-06-10T11:22:57.132 -3272.819300036080 -3323.418492005780 -4939.205204367000 6.60149975735056 -3.17152635475593 -2.23673970776793
2024-06-10T11:26:57.132 -1588.873432609740 -3954.717154382150 -5289.687701021490 7.34582154079657 -2.05729759054418 -0.66618014860680
2024-06-10T11:30:57.132 210.408632036882 -4298.952714004210 -5255.093393574990 7.55683885879896 -0.79380910894563 0.95275318895272
2024-06-10T11:34:57.132 1994.407046080100 -4331.075984800070 -4837.874121746130 7.21914425794953 0.52789824946673 2.50298907857493
2024-06-10T11:38:57.132 3633.495483193670 -4048.547094418660 -4068.184382476870 6.35644159823213 1.81235870989421 3.87207132330012
2024-06-10T11:42:57.132 5008.335837108200 -3471.609627130570 -3001.821828967440 5.03034634787453 2.96629491049877 4.96004593765299
2024-06-10T11:46:57.132 6018.574206425400 -2641.959024368570 -1716.329812435830 3.33659234716168 3.90532452948934 5.68680619811111
2024-06-10T11:50:57.132 6590.310629603640 -1619.829403354350 -305.449366396459 1.39859335066571 4.56036128675038 5.99841979587303
2024-06-10T11:54:57.132 6681.696056535380 -479.633665334347 1127.751991856870 -0.64167807681541 4.88312326030747 5.87163247472523
2024-06-10T11:58:57.132 6286.117621524300 695.522193236986 2478.526827400230 -2.63442879260904 4.84994258685676 5.31583683146745
2024-06-10T12:02:57.132 5432.681963010080 1820.026478984040 3648.267899366170 -4.43379723301331 4.46372361134015 4.37241269708828
2024-06-10T12:06:57.132 4183.894631408270 2812.105749117560 4551.783067927060 -5.90899221130653 3.75324306058491 3.11098094703592
2024-06-10T12:10:57.132 2630.906002032320 3599.759029162160 5123.444900697400 -6.95349270136214 2.77061280272078 1.62390930140841
2024-06-10T12:14:57.132 886.771235127321 4125.907056156800 5321.844505228400 -7.49230974002457 1.58729632348066 0.01941686888500
2024-06-10T12:18:57.132 -921.763646441221 4352.431911831500 5132.669714089260 -7.48694000250582 0.28888144143748 -1.58626848824092
2024-06-10T12:22:57.132 -2663.343284687890 4262.852716684510 4569.659185962960 -6.93767185702003 -1.03093943520547 -3.07692707439187
2024-06-10T12:26:57.132 -4211.371286635540 3863.517843582350 3673.651275855860 -5.88370409119729 -2.27670754808351 -4.34427004383540
2024-06-10T12:30:57.132 -5453.127785513100 3183.235061454070 2509.748373029770 -4.40088309909795 -3.35783028554211 -5.29563632082245
2024-06-10T12:34:57.132 -6298.026797860500 2271.307249879540 1162.701028933920 -2.59677163367897 -4.19519923335412 -5.86101288437330
2024-06-10T12:38:57.132 -6684.372404737510 1194.016211037130 -269.229820499182 -0.60306858129296 -4.72736380904085 -5.99860391065262
2024-06-10T12:42:57.132 -6583.999232166600 29.778192773877 -1681.504212673490 1.43427907000874 -4.91531138409936 -5.69823026640624
2024-06-10T12:46:57.132 -6004.380850377490 -1136.639803872200 -2971.045932067380 3.36612950361430 -4.74548325688298 -4.98220881387703
2024-06-10T12:50:57.132 -4988.015368842470 -2220.395625414590 -4043.880364210980 5.05163481201124 -4.23077311864256 -3.90352080728002
2024-06-10T12:54:57.132 -3609.141470830110 -3142.800236984220 -4822.006321720670 6.36874077926572 -3.40916631693323 -2.54138440393446
2024-06-10T12:58:57.132 -1968.164112925900 -3836.989377402960 -5248.973953119660 7.22266913298798 -2.34056658330275 -0.99504275405171
2024-06-10T13:02:57.132 -184.315952628352 -4252.665935499890 -5293.841544504110 7.55215832366184 -1.10228905660021 0.62345123206721
2024-06-10T13:06:57.132 1612.906516563100 -4359.638986486510 -4953.316136388920 7.33339210246836 0.21640836115115 2.19706273394719
2024-06-10T13:10:57.132 3292.965259167950 -4149.966844394460 -4251.993373619200 6.58157699197208 1.52040923928078 3.61176210000510
2024-06-10T13:14:57.132 4733.609233669640 -3638.602862102990 -3240.682828439930 5.35026454913358 2.71515239210741 4.76442389398366
2024-06-10T13:18:57.132 5829.750069535370 -2862.448906334710 -1992.875107713450 3.72815787984798 3.71342122556924 5.57035953227445
2024-06-10T13:22:57.132 6501.240053467070 -1877.799586164670 -599.506477722237 1.83319372991764 4.44186406206804 5.96984989351604
2024-06-10T13:26:57.132 6698.925635554200 -756.300995502735 837.666434694463 -0.19589742827115 4.84677952472568 5.93310486838917
2024-06-10T13:30:57.132 6408.393039664040 420.324434092824 2213.614400317120 -2.21023612255639 4.89844814233850 5.46282500539641
2024-06-10T13:34:57.132 5651.034508760750 1566.343604558510 3427.855698823070 -4.06223607176657 4.59337810462388 4.59395231234330
2024-06-10T13:38:57.132 4482.359985634660 2598.369868005880 4391.900701662550 -5.61698919447818 3.95442534571115 3.39075621901157
2024-06-10T13:42:57.132 2987.732191002530 3441.467738744210 5035.688902474330 -6.76210035016614 3.02865311647555 1.94151567354686
2024-06-10T13:46:57.132 1275.997136832600 4034.527343641270 5312.558337811090 -7.41532912626922 1.88345079966808 0.35173086299238
2024-06-10T13:50:57.132 -528.424186817321 4334.572093197500 5202.490697588500 -7.52983754051341 0.60167269379394 -1.26335814437645
2024-06-10T13:54:57.132 -2294.461562052170 4319.799424391790 4713.494554333910 -7.09736327891924 -0.72413286029548 -2.78681149206993
2024-06-10T13:58:57.132 -3893.763488691940 3991.141022644270 3881.035561527680 -6.14871142968535 -1.99813492997976 -4.10805666866753
2024-06-10T14:02:57.132 -5209.912734590580 3372.270398902430 2765.576611327730 -4.75203266031229 -3.12777880298150 -5.13064703542206
2024-06-10T14:06:57.132 -6146.915969498230 2508.003846073220 1448.305053939720 -3.00844326184323 -4.03051320816219 -5.77940396659380
2024-06-10T14:10:57.132 -6636.344701247670 1461.136766229470 25.292944027157 -1.04514888951537 -4.64006714334763 -6.00634339853611
2024-06-10T14:14:57.132 -6642.493385601840 307.871386792113 -1399.566678663170 0.99412479501246 -4.91171788668255 -5.79471329476616
2024-06-10T14:18:57.132 -6165.048220902240 -867.808167190090 -2722.259960359170 2.96005126493903 -4.82576223280274 -5.16026545154744
2024-06-10T14:22:57.132 -5239.061233913660 -1980.355795757210 -3846.353744013390 4.70913465131101 -4.38893457582828 -4.14998254133382
2024-06-10T14:26:57.132 -3932.229911765760 -2948.954390855110 -4690.073746716240 6.11450251683867 -3.63359549951440 -2.83819496561293
2024-06-10T14:30:57.132 -2339.783902509170 -3703.368872280260 -5192.188895942730 7.07491099483841 -2.61496981238150 -1.32065614299723
2024-06-10T14:34:57.132 -577.477837887427 -4188.945630969350 -5316.315393890900 7.52148615171618 -1.40686041589824 0.29257856029790
2024-06-10T14:38:57.132 1226.746088345350 -4370.451672207790 -5053.431604229180 7.42207591002121 -0.09637147325476 1.88485694000610
2024-06-10T14:42:57.132 2941.870671586300 -4234.570080999970 -4422.506749131690 6.78336467313125 1.22200661229553 3.34090830274242
2024-06-10T14:46:57.132 4443.148197774720 -3790.909452370450 -3469.220601207410 5.65070506427436 2.45281446775333 4.55471820094779
2024-06-10T14:50:57.132 5621.125602647230 -3071.435495575450 -2262.808486920130 4.10553442737098 3.50633489306015 5.43724661565082
2024-06-10T14:54:57.132 6389.714570849980 -2128.285557468820 -891.143513925554 2.26000542580195 4.30526458571505 5.92323700083984
2024-06-10T14:58:57.132 6692.659548004490 -1030.048536285820 545.638198434473 0.24905009645004 4.79072402975424 5.97647367131403
2024-06-10T15:02:57.132 6507.829288555940 143.257943499872 1942.534698355830 -1.77973718671458 4.92700958989021 5.59294361126430
2024-06-10T15:06:57.132 5848.881889030380 1306.135018221340 3197.513095882700 -3.67767011014790 4.70442252352627 4.80119787615396
2024-06-10T15:10:57.132 4764.143659156960 2373.944835905860 4219.070813226660 -5.30633547934934 4.13972402854578 3.65981897575760
2024-06-10T15:14:57.132 3332.901389126210 3269.111524376370 4932.917041219460 -6.54771642591330 3.27460694059190 2.25270170603475
2024-06-10T15:18:57.132 1659.453497665370 3926.732788444010 5287.290126516560 -7.31258578719727 2.17225024854836 0.68248857866968
2024-06-10T15:22:57.132 -134.538386290297 4299.164200421850 5256.561243879160 -7.54620330622835 0.91242658145188 -0.93698953144072
2024-06-10T15:26:57.132 -1918.767093982600 4359.362440727530 4842.983054171870 -7.23167735531007 -0.41392055993742 -2.48852318232359
2024-06-10T15:30:57.132 -3563.579039278780 4102.834315814480 4076.545006834170 -6.39136230263571 -1.71092902520004 -3.85954842662976
2024-06-10T15:34:57.132 -4949.286342959490 3548.014786477800 3012.891002589620 -5.08551855034701 -2.88449588323868 -4.95010886535642
2024-06-10T15:38:57.132 -5974.861865598930 2735.042927906890 1729.404569868690 -3.40854243542635 -3.84897716710400 -5.68014654104391
2024-06-10T15:42:57.132 -6565.417687414130 1722.947884792330 319.660960602669 -1.48258804864260 -4.53362040118919 -5.99571093964793
2024-06-10T15:46:57.132 -6677.839620314100 585.381383682725 -1113.422482067900 0.55139517086871 -4.88813263353454 -5.87344232268348
2024-06-10T15:50:57.132 -6304.036278480720 -594.808994410197 -2465.212616731370 2.54439771624976 -4.88669216607305 -5.32250031121924
2024-06-10T15:54:57.132 -5471.492579311490 -1731.724862310060 -3637.119853966230 4.35084308643070 -4.52980685676537 -4.38372667749184
2024-06-10T15:58:57.132 -4241.119126679180 -2742.740632542560 -4543.845796186290 5.83949878093595 -3.84402414464539 -3.12627635696334
2024-06-10T16:02:57.132 -2702.633180867050 -3554.511491105500 -5119.551119889410 6.90294755334003 -2.87959374705106 -1.64209002763335
2024-06-10T16:06:57.132 -967.924505621745 -4108.215248102250 -5322.511630073750 7.46485379007969 -1.70652452052606 -0.03895832173827
2024-06-10T16:10:57.132 837.043456413023 -4363.701218940110 -5138.011314150150 7.48488643352018 -0.40947434048633 1.56716344816700
2024-06-10T16:14:57.132 2581.221005686390 -4302.316212075790 -4579.350247954330 6.96122753794260 0.91807382706714 3.06007950009445
2024-06-10T16:18:57.132 4137.802817847820 -3928.276115401490 -3686.950799238390 5.93092817301338 2.18012881203943 4.33128963183217
2024-06-10T16:22:57.132 5393.355136505360 -3268.472342080690 -2525.577591540820 4.46782486216045 3.28482369945537 5.28767462739208
2024-06-10T16:26:57.132 6256.152570304020 -2370.675009884840 -1179.782445919460 2.67797861936795 4.15117134857302 5.85856792334523
2024-06-10T16:30:57.132 6663.063717319380 -1300.138546613880 252.215844444898 0.69212134871278 4.71540821420617 6.00153567682670
2024-06-10T16:34:57.132 6584.331066146620 -134.842204033176 1665.774457399330 -1.34410499899755 4.93596980003533 5.70585761011769
2024-06-10T16:38:57.132 6025.834645038430 1040.282406875460 2957.613992755220 -3.28132992975301 4.79687210375312 4.99354609420954
2024-06-10T16:42:57.132 5028.581873813330 2139.670238931410 4033.500362000840 -4.97806440406977 4.30880488828969 3.91742057003799
2024-06-10T16:46:57.132 3665.518110137260 3083.423573115690 4815.152240773870 -6.31126988239728 3.50792209653961 2.55667386422985
2024-06-10T16:50:57.132 2036.031213250440 3803.084379819370 5245.850413872920 -7.18487422215995 2.45279013402278 1.01069217567554
2024-06-10T16:54:57.132 258.649032766421 4246.515002078530 5294.434987491400 -7.53634925603787 1.21996972934390 -0.60824908819517
2024-06-10T16:58:57.132 -1537.527135194570 4381.552048697900 4957.431879066600 -7.34051460686677 -0.10160240948119 -2.18302812776325
2024-06-10T17:02:57.132 -3222.010137609080 4198.281059253200 4259.272675093290 -6.61112214828366 -1.41648954977084 -3.59953544879359
2024-06-10T17:06:57.132 -4672.262276436550 3709.819184549480 3250.622144009330 -5.40037283523542 -2.62933954586278 -4.75458300852610
2024-06-10T17:10:57.132 -5782.592918095320 2951.469357257170 2004.829284013760 -3.79566691528705 -3.65174946647396 -5.56351191330166
2024-06-10T17:14:57.132 -6471.945715753150 1978.259954137740 612.682590624171 -1.91370958577144 -4.40880002265519 -5.96661527509341
2024-06-10T17:18:57.132 -6689.976692089840 860.987527630229 -824.202526048771 0.10785561507500 -4.84487434369242 -5.93401988936407
2024-06-10T17:22:57.132 -6420.856761426260 -318.980857347029 -2200.904798085530 2.12092043089782 -4.92809135409898 -5.46822639258108
2024-06-10T17:26:57.132 -5684.423734632210 -1475.739170821450 -3416.983449358980 3.97828287445104 -4.65272816104327 -4.60381458315675
2024-06-10T17:30:57.132 -4534.603588026020 -2525.189551313300 -4383.884365678990 5.54485738669451 -4.03942007388725 -3.40456119051932
2024-06-10T17:34:57.132 -3055.290633064160 -3391.171113026500 -5031.362112257720 6.70745402797658 -3.13319628677571 -1.95825942722471
2024-06-10T17:38:57.132 -1354.120978475790 -4010.917957757060 -5312.471167566000 7.38253224400687 -1.99993631915780 -0.37006859518030
2024-06-10T17:42:57.132 445.344111811095 -4339.499066120270 -5206.836616529510 7.52163297521227 -0.72150145382541 1.24504143053838
2024-06-10T17:46:57.132 2212.459956645660 -4352.986020079110 -4722.059963253230 7.11450390341676 0.60995678433972 2.77024857331566
2024-06-10T17:50:57.132 3818.802764540090 -4050.179745969830 -3893.201780321720 6.18983973698433 1.89825243239458 4.09486778531866
2024-06-10T17:54:57.132 5147.376970965380 -3452.792362612270 -2780.373851899990 4.81373028694933 3.04976577963975 5.12206346980475
2024-06-10T17:58:57.132 6101.165932931210 -2604.019325574250 -1464.541664158220 3.08567388596536 3.98021639970101 5.77604113783433
2024-06-10T18:02:57.132 6610.385146020950 -1565.512247568580 -41.705316430107 1.13175639863738 4.62109284981592 6.00818954648496
2024-06-10T18:06:57.132 6637.785064238670 -412.902765864612 1384.171067833950 -0.90474960624582 4.92520863800653 5.80121024692252
2024-06-10T18:10:57.132 6181.465037196150 769.801492345012 2708.891946819700 -2.87444078804903 4.87038935912414 5.17049170099582
2024-06-10T18:14:57.132 5274.967548363380 1896.454893531690 3835.778545711920 -4.63325891486030 4.46108159412832 4.16284699160086
2024-06-10T18:18:57.132 3984.660847193160 2885.135402037600 4682.793994820510 -6.05342893828854 3.72774239242370 2.85261686017282
2024-06-10T18:22:57.132 2404.691171953680 3664.100396895480 5188.455408485040 -7.03256110632861 2.72415725331656 1.33562669455795
2024-06-10T18:26:57.132 650.031620459529 4176.906675000310 5316.153211462500 -7.50043076017948 1.52323563630595 -0.27790681013437
2024-06-10T18:30:57.132 -1151.834176716020 4386.387403628590 5056.690351594320 -7.42358426336427 0.21174640158307 -1.87111748255321
2024-06-10T18:34:57.132 -2870.035195486720 4277.262782211820 4428.895730066940 -6.80736987263491 -1.11571478740298 -3.32865114864355
2024-06-10T18:38:57.132 -4379.643579303610 3857.269005874170 3478.315261924960 -5.69576359985012 -2.36304410359622 -4.54453343166502
2024-06-10T18:42:57.132 -5570.691117657400 3156.711853458210 2274.036858456680 -4.16881734626103 -3.43940329783619 -5.42975676587645
2024-06-10T18:46:57.132 -6356.258163938020 2226.385167248960 903.781942176714 -2.33742650197923 -4.26599494641564 -5.91908038518444
2024-06-10T18:50:57.132 -6678.969932926070 1133.934343258960 -532.463001851773 -0.33539623716815 -4.78210690333988 -5.97624991440670
2024-06-10T18:54:57.132 -6515.327908188930 -41.093309335092 -1929.822741125850 1.69058884715661 -4.94993039450452 -5.59707212959167
2024-06-10T18:58:57.132 -5877.455390746970 -1213.140447272490 -3186.325061156770 3.59229988708241 -4.75749722750483 -4.80974390008980
2024-06-10T19:02:57.132 -4812.099628016690 -2296.968680882050 -4210.432567448560 5.23124082869698 -4.21936486611121 -3.67242402465584
2024-06-10T19:06:57.132 -3397.041851155450 -3213.891967135920 -4927.711226858080 6.48885191994006 -3.37517102235010 -2.26851435197781
2024-06-10T19:10:57.132 -1735.285537821790 -3897.436144869060 -5286.134929259610 7.27467224833466 -2.28637585440510 -0.70018337601876
2024-06-10T19:14:57.132 52.443760268432 -4298.050010475980 -5259.723427603910 7.53228899179701 -1.03169284045468 0.91897861703360
2024-06-10T19:18:57.132 1836.352190013600 -4386.599033756990 -4850.340492607120 7.24295449139523 0.29842500847370 2.47185098142372
2024-06-10T19:22:57.132 3486.826970143000 -4156.457722443430 -4087.582236314210 6.42695841765325 1.60793007260022 3.84580028956871
2024-06-10T19:26:57.132 4883.725488783400 -3624.064006915280 -3026.740903125790 5.14253462531777 2.80180545781438 4.94059868377008
2024-06-10T19:30:57.132 5925.100924556320 -2827.856854174190 -1744.943532489430 3.48228257778626 3.79283623361216 5.67565943254855
2024-06-10T19:34:57.132 6534.773194659000 -1825.618139720400 -335.654645956370 1.56708943898104 4.50810253752069 5.99637180139148
2024-06-10T19:38:57.132 6668.118329477720 -690.313522402409 1098.162083982500 -0.46264009395075 4.89486901380361 5.87877785010621
2024-06-10T19:42:57.132 6315.470662361110 495.303666837562 2451.710563315970 -2.45791049561618 4.92483686551935 5.33165462720850
2024-06-10T19:46:57.132 5502.800565534680 1644.851407648290 3626.171368617120 -4.27266839841491 4.59623019016990 4.39567564602982
2024-06-10T19:50:57.132 4289.656195179640 2674.709090486450 4535.995870886490 -5.77489337565976 3.93362168396837 3.13997850528731
2024-06-10T19:54:57.132 2764.616393524740 3510.111010645860 5115.101625419680 -6.85609732104123 2.98571134942284 1.65657420562997
2024-06-10T19:58:57.132 1038.716001417710 4090.506081811280 5321.547788082250 -7.43867887435704 1.82150399961486 0.05339466573272
2024-06-10T20:02:57.132 -762.621605948078 4373.840913540760 5140.435971103260 -7.48095688123769 0.52520862415245 -1.55346133129733
2024-06-10T20:06:57.132 -2508.563939101240 4339.513590284950 4584.921342035510 -6.97979924751100 -0.80964328288840 -3.04764553683877
2024-06-10T20:10:57.132 -4072.210229213170 3989.858533274050 3695.303566481180 -5.97094608196657 -2.08653494133158 -4.32062798635833
2024-06-10T20:14:57.132 -5339.719442211720 3350.067322711800 2536.217596243000 -4.52694310416700 -3.21264529716177 -5.27938983929060
2024-06-10T20:18:57.132 -6218.637578638210 2466.482954365280 1192.053538429400 -2.75246271773775 -4.10563994085109 -5.85338184931296
2024-06-10T20:22:57.132 -6644.781431209920 1403.312933198590 -239.141394683331 -0.77699163772412 -4.69996255145655 -6.00013142452925
2024-06-10T20:26:57.132 -6587.077911552210 237.952140353025 -1652.872543567110 1.25478626608498 -4.95200482421587 -5.70876850134116
2024-06-10T20:30:57.132 -6049.899767199640 -944.740048094922 -2945.955060197690 3.19411763632869 -4.84357467797820 -5.00099675882965
2024-06-10T20:34:57.132 -5072.654456642960 -2058.728364371080 -4024.155478360150 4.89963439478143 -4.38306805423355 -3.92916925919656
2024-06-10T20:38:57.132 -3726.737388669970 -3023.109710700100 -4809.074807856660 6.24776969560894 -3.60453724458746 -2.57199834239053
2024-06-10T20:42:57.132 -2110.166722375370 -3767.958478996850 -5243.764185732280 7.14148849261642 -2.56477869642772 -1.02838043135087
2024-06-10T20:46:57.132 -340.407846073268 -4239.287884211320 -5296.715138012950 7.51663590183723 -1.33901530738059 0.58983971766883
2024-06-10T20:50:57.132 1454.056941233660 -4402.855510200850 -4964.043452542220 7.34606666293714 -0.01560935566906 2.16562813264775
2024-06-10T20:54:57.132 3142.881459178270 -4246.607019221440 -4269.773319705750 6.64150717728085 1.30994350433916 3.58478102056944
2024-06-10T20:58:57.132 4603.179698713000 -3781.615836606780 -3264.204029000750 5.45312951908179 2.54154301885513 4.74385846383962
2024-06-10T21:02:57.132 5728.442280908680 -3041.402114596720 -2020.402651340310 3.86648437737522 3.58937329620526 5.55774910085571
2024-06-10T21:06:57.132 6436.392450323280 -2079.626491449810 -629.005108365615 1.99682072869848 4.37646555311032 5.96613258709840
2024-06-10T21:10:57.132 6675.192683718250 -966.265358815058 808.369397443900 -0.01901038522787 4.84476713979704 5.93846658188602
2024-06-10T21:14:57.132 6427.419726220670 217.534113995324 2186.649210485980 -2.03296337812855 4.95986226645636 5.47676747018147
2024-06-10T21:18:57.132 5711.359775231290 1385.491758430250 3405.164883455220 -3.89744311817145 4.71364841605300 4.61539962335256
2024-06-10T21:22:57.132 4579.534392456380 2452.601041203330 4375.102807689010 -5.47656332477774 4.12471609791973 3.41811228241512
2024-06-10T21:26:57.132 3114.653162973060 3341.356775126870 5025.968968284640 -6.65612705460122 3.23651415849143 1.97278518346221
2024-06-10T21:30:57.132 1423.432080980220 3987.321087058400 5310.592820575780 -7.35138070331785 2.11378211760515 0.38470373253336
2024-06-10T21:34:57.132 -371.178893668610 4343.684211294500 5208.413996025530 -7.51253798641600 0.83781296509245 -1.23097956579107
2024-06-10T21:38:57.132 -2138.827842038360 4384.569401868190 4726.884040184190 -7.12801821648177 -0.49927844221193 -2.75734893344424
2024-06-10T21:42:57.132 -3751.060017168220 4106.877218012660 3900.931055126420 -6.22517072155060 -1.80085796760726 -4.08363500760679
2024-06-10T21:46:57.132 -5090.540912467280 3530.581335108560 2790.544621034260 -4.86883499011821 -2.97243390446696 -5.11305898643952
2024-06-10T21:50:57.132 -6059.603090188860 2697.396131903770 1476.535399624280 -3.15717602130554 -3.92844090951733 -5.76998356833464
2024-06-10T21:54:57.132 -6587.494199061310 1667.839959587650 54.721914805253 -1.21496582058599 -4.59877088124361 -6.00583293471868
2024-06-10T21:58:57.132 -6635.702090361160 516.843024740355 -1371.092266082510 0.81558863965515 -4.93422824898871 -5.80312971811313
2024-06-10T22:02:57.132 -6200.853867792860 -671.779539007910 -2696.821833311440 2.78578254404447 -4.91045372476446 -5.17699989684397
2024-06-10T22:06:57.132 -5314.900188033910 -1811.541911152730 -3825.815915243490 4.55183943343506 -4.52964870257041 -4.17383664179401
2024-06-10T22:10:57.132 -4042.614522181450 -2819.646143111420 -4675.944906924280 5.98568316860095 -3.82007708259261 -2.86741645812590
2024-06-10T22:14:57.132 -2476.703696269170 -3622.973527980890 -5185.503982633880 6.98395227097119 -2.83359904569349 -1.35308504348851
2024-06-10T22:18:57.132 -730.992673424291 -4163.302158548590 -5317.560926761170 7.47499657332257 -1.64170752930644 0.25933034122280
2024-06-10T22:22:57.132 1067.781731075990 -4401.410705791120 -5062.508211451570 7.42342321277530 -0.33032579637476 1.85325035133192
2024-06-10T22:26:57.132 2788.992322946490 -4319.858365654310 -4438.739341217070 6.83242557599806 1.00598445608710 3.31324435862682
2024-06-10T22:30:57.132 4307.446610587260 -3924.296548716010 -3491.412347333040 5.74390589781723 2.27046674757766 4.53303009764440
2024-06-10T22:34:57.132 5512.438168191570 -3243.183624138820 -2289.324678302600 4.23607620450243 3.37096848806170 5.42311652234944
2024-06-10T22:38:57.132 6315.909667330260 -2325.852345225660 -920.033860945608 2.41836080949997 4.22680594391256 5.91770762796199
2024-06-10T22:42:57.132 6659.046274803340 -1238.993986329070 516.497934422097 0.42355193324178 4.77493740927656 5.97991401839859
2024-06-10T22:46:57.132 6516.758509808510 -61.800115323002 1915.265536007520 -1.60189631173061 4.97497243123302 5.60497766976625
2024-06-10T22:50:57.132 5899.593950325440 1119.917730369370 3174.069061523660 -3.50943652768033 4.81247536503471 4.82083103994759
2024-06-10T22:54:57.132 4852.851735124460 2220.109851272510 4201.105992739690 -5.15984957252534 4.29985616860317 3.68555847552476
2024-06-10T22:58:57.132 3453.083666151300 3158.814933491630 4921.676910843310 -6.43349387212709 3.47506598430020 2.28266227412780
2024-06-10T23:02:57.132 1802.336625689720 3867.945587555800 5283.533731792490 -7.23875762591954 2.39842280152806 0.71452032578216
2024-06-10T23:06:57.132 20.662414011737 4296.118990272280 5260.517016936650 -7.51799865174724 1.14795386728299 -0.90512421818782
2024-06-10T23:10:57.132 -1762.510193632380 4412.264334579040 4854.347701347580 -7.25114984294265 -0.18604846364516 -2.45900517229024
2024-06-10T23:14:57.132 -3417.620162193120 4207.844678340560 4094.501930437450 -6.45720296485493 -1.50720810629341 -3.83445849881431
2024-06-10T23:18:57.132 -4824.258858026710 3697.515232253810 3036.152558226240 -5.19305880748419 -2.71973092373537 -4.93126579228279
2024-06-10T23:22:57.132 -5879.903840970490 2918.177000773250 1756.292543749170 -3.55006204310985 -3.73518154894151 -5.66896482764165
2024-06-10T23:26:57.132 -6507.498087654590 1926.401648805520 348.220832156248 -1.64784121386382 -4.47912911101284 -5.99304992448481
2024-06-10T23:30:57.132 -6661.241312440710 794.348513957066 -1085.275150143870 0.37441031144595 -4.89697174790464 -5.87952727918411
2024-06-10T23:34:57.132 -6330.032481288430 -395.547934129005 -2439.538952245010 2.36859738870274 -4.95823884468342 -5.33690499911279
2024-06-10T23:38:57.132 -5538.251541880140 -1556.679000720980 -3615.805633803960 4.18902188126574 -4.65881564288825 -4.40543868292728
2024-06-10T23:42:57.132 -4343.845159341740 -2604.652290471970 -4528.472247528390 5.70342944098402 -4.02112036768711 -3.15377655055121
2024-06-10T23:46:57.132 -2833.904838495310 -3463.441926804660 -5111.277765610850 6.80260802608763 -3.09192871534786 -1.67338906109573
2024-06-10T23:50:57.132 -1118.222782355190 -4070.806470761360 -5321.971810800680 7.40760979173776 -1.93862414221166 -0.07169831840800
2024-06-10T23:54:57.132 678.629043236576 -4382.682811540470 -5145.257854116360 7.47491079380683 -0.64442019383256 1.53542103506171
2024-06-10T23:58:57.132 2426.192950471390 -4376.307035094760 -4593.857993646880 6.99924777380920 0.69742047703561 3.03168855622057
2024-06-11T00:02:57.132 3997.413916088880 -4051.880666041310 -3707.658489185680 6.01415632511219 1.98986220580432 4.30832720082580
2024-06-11T00:06:57.132 5277.793726195420 -3432.677017843540 -2550.972929789070 4.59022776754190 3.13883689804898 5.27181757404787
2024-06-11T00:10:57.132 6173.798485586950 -2563.496480785910 -1208.007937937340 2.83060341220324 4.06014343914626 5.85098168561314
2024-06-11T00:14:57.132 6619.870307178460 -1507.504485328400 223.221754496793 0.86383986781531 4.68597918330748 6.00275645252889
2024-06-11T00:18:57.132 6583.392423013860 -341.614998817729 1638.127336173280 -1.16587361397943 4.97030444842141 5.71578183873192
2024-06-11T00:22:57.132 6067.146603419700 849.189082828194 2933.318580482030 -3.10962593139577 4.89238012673354 5.01136626038810
2024-06-11T00:26:57.132 5109.063035864230 1978.173908462740 4014.296306774650 -4.82533949493534 4.45841563594477 3.94175701577587
2024-06-11T00:30:57.132 3779.256747767010 2963.262790284970 4802.393012254080 -6.18851675690079 3.70066040879129 2.58572088505671
2024-06-11T00:34:57.132 2174.727132920900 3732.975093996980 5240.423114054590 -7.10090102436218 2.67459614599335 1.04237910901165
2024-06-11T00:38:57.132 412.216316146219 4231.528236816540 5296.706144701310 -7.49712932975010 1.45473358496509 -0.57615422059896
2024-06-11T00:42:57.132 -1380.231681774800 4422.772898539560 4967.232466481060 -7.34886270573724 0.12919574768068 -2.15274035041155
2024-06-11T00:46:57.132 -3072.409323079220 4292.742020010520 4275.914253030700 -6.66653608211497 -1.20630885611319 -3.57315019163088
2024-06-11T00:50:57.132 -4541.257555392520 3850.703513027790 3272.932551288040 -5.49900326448725 -2.45502268573627 -4.73402054570375
2024-06-11T00:54:57.132 -5679.772314146700 3128.582161300210 2031.218694570210 -3.93049362024191 -3.52601927596774 -5.55030029932318
2024-06-11T00:58:57.132 -6404.880464746580 2178.753923168430 641.250616169145 -2.07503466418778 -4.34089449762556 -5.96180115454490
2024-06-11T01:02:57.132 -6663.650800453580 1070.291022325220 -795.538089694496 -0.06823477002068 -4.83982716131607 -5.93804412530854
2024-06-11T01:06:57.132 -6437.287047860790 -116.097573855614 -2174.249256303550 1.94289287988296 -4.98632258581168 -5.48085250279517
2024-06-11T01:10:57.132 -5742.508196943850 -1294.049604615990 -3394.309694931790 3.81132035096921 -4.77003734704858 -4.62417487349314
2024-06-11T01:14:57.132 -4630.196557469250 -2377.930584713600 -4366.885112813100 5.40116678195055 -4.20727986531529 -3.43120340411111
2024-06-11T01:18:57.132 -3181.503736683040 -3289.074781662280 -5021.322809574100 6.59754469828511 -3.33939492950018 -1.98926676146945
2024-06-11T01:22:57.132 -1501.821794153370 -3961.433124551340 -5310.175227338440 7.31449213083627 -2.22949083390758 -0.40318453225796
2024-06-11T01:26:57.132 286.875268116316 -4346.248621961870 -5212.490447616260 7.50049328814815 -0.95769844385555 1.21233469135326
2024-06-11T01:30:57.132 2054.735412975540 -4415.493890057490 -4735.265808466860 7.14180843884336 0.38434597090569 2.74041670229791
2024-06-11T01:34:57.132 3673.279017146120 -4163.901365002760 -3912.997020340510 6.26358357845537 1.69969712234587 4.07012212611695
2024-06-11T01:38:57.132 5024.618917500440 -3609.443975304700 -2805.313809440820 4.92854296954996 2.89276698502149 5.10419602851895
2024-06-11T01:42:57.132 6010.082577965990 -2792.178873730240 -1492.807549260920 3.23320040629983 3.87626234396366 5.76636913758219
2024-06-11T01:46:57.132 6557.572707785940 -1771.450826148600 -71.228349021074 1.30118532234860 4.57779426263054 6.00744581577233
2024-06-11T01:50:57.132 6627.032364666520 -621.597293154908 1355.550135675790 -0.72583013984022 4.94566853439078 5.80942006865856
2024-06-11T01:54:57.132 6213.486918729360 573.558968678529 2683.258796995620 -2.69908947528664 4.95305068089370 5.18701692238710
2024-06-11T01:58:57.132 5347.358777501390 1726.948635548050 3814.986663029560 -4.47425186206745 4.59984262538713 4.18639160705998
2024-06-11T02:02:57.132 4092.091930723060 2754.684359849290 4668.318449490890 -5.92219971448263 3.91245151667177 2.88139168001939
2024-06-11T02:06:57.132 2539.314460311530 3582.175356278300 5181.308117978520 -6.93855543137511 2.94135985898945 1.36755041017257
2024-06-11T02:10:57.132 802.044346656996 4149.444795875290 5316.818655910650 -7.45039336670661 1.75712306165430 -0.24511164264538
2024-06-11T02:14:57.132 -993.477090543279 4415.367576643910 5065.099594620070 -7.42106268661137 0.44535930024251 -1.83975419292040
2024-06-11T02:18:57.132 -2716.830490265330 4360.584685068920 4444.440844494170 -6.85258089244132 -0.89922364043152 -3.30090374829204
2024-06-11T02:22:57.132 -4242.734074429060 3988.910474758190 3499.884533626530 -5.78554534929561 -2.17931989588567 -4.52238513125593
2024-06-11T02:26:57.132 -5460.069809363840 3327.148430675760 2300.080662967820 -4.29678337684755 -3.30181740068736 -5.41484780670578
2024-06-11T02:30:57.132 -6280.034990654740 2423.260763889150 932.417243853610 -2.49437377691925 -4.18461380856985 -5.91253751453620
2024-06-11T02:34:57.132 -6642.771435231380 1342.952646444680 -503.322698727332 -0.50995449955783 -4.76293025978300 -5.97862038781072
2024-06-11T02:38:57.132 -6521.873340427850 164.869187335087 -1902.316353647390 1.51113110287739 -4.99442600640577 -5.60824130026392
2024-06-11T02:42:57.132 -5926.346392902310 -1025.222201911290 -3162.483087522550 3.42103787610923 -4.86245339809117 -4.82893179719822
2024-06-11T02:46:57.132 -4899.847674011420 -2140.773139686110 -4192.027444958830 5.08068128496940 -4.37715126446804 -3.69826904778388
2024-06-11T02:50:57.132 -3517.319112372310 -3100.791562533290 -4916.123592520210 6.36999717627078 -3.57432005316823 -2.29913281996108
2024-06-11T02:54:57.132 -1879.386036716210 -3835.671472625020 -5282.246156718850 7.19622136294696 -2.51241049139393 -0.73332610274977
2024-06-11T02:58:57.132 -105.027990604851 -4292.127083591890 -5263.849389582990 7.50000747660267 -1.26816576045781 0.88574701986698
2024-06-11T03:02:57.132 1676.950653034200 -4436.960081145650 -4862.200325902850 7.25925618030922 0.06873843988459 2.44105091997588
2024-06-11T03:06:57.132 3337.081578979070 -4259.438970494960 -4106.304834135330 6.49062475085484 1.40180351983767 3.81976567911141
2024-06-11T03:10:57.132 4754.508316377710 -3772.157205301720 -3050.944732789380 5.24888159159277 2.63430512025534 4.92123243036083
2024-06-11T03:14:57.132 5825.778562155380 -3010.259234296000 -1772.852451661930 3.62353994703253 3.67617274215465 5.66433212562682
2024-06-11T03:18:57.132 6472.536892275610 -2029.026239927770 -365.229410517548 1.73299086295402 4.45079766778364 5.99391018050298
2024-06-11T03:22:57.132 6647.451058027680 -899.886489099285 1069.087722030960 -0.28427019571663 4.90110731921597 5.88537885180550
2024-06-11T03:26:57.132 6337.803142230320 294.846986821431 2425.259253674900 -2.28014003903890 4.99408371697972 5.34676242758933
2024-06-11T03:30:57.132 5566.425608980140 1468.103785678830 3604.254647147100 -4.10843322723204 4.72332794081035 4.41810604264480
2024-06-11T03:34:57.132 4389.874009218700 2534.510353566950 4520.173249290230 -5.63602226915671 4.10923179926519 3.16801701640648
2024-06-11T03:38:57.132 2894.102079083090 3416.631145906200 5106.483518166390 -6.75254482075575 3.19705369001939 1.68821538552569
2024-06-11T03:42:57.132 1188.040303842360 4050.522369564920 5320.730342039950 -7.37791114843871 2.05324847167869 0.08636665641915
2024-06-11T03:46:57.132 -604.318280564560 4390.247796892110 5147.455043141310 -7.46734620297420 0.76052124223142 -1.52151784409956
2024-06-11T03:50:57.132 -2352.782973758230 4411.112707460620 4599.256773988800 -7.01430220115974 -0.58781176166757 -3.01897534408981
2024-06-11T03:54:57.132 -3930.274983478300 4111.459037834000 3715.921655871540 -6.05114006593294 -1.89422544598022 -4.29726523250518
2024-06-11T03:58:57.132 -5221.972037042650 3512.853515865240 2561.629383391440 -4.64709719225579 -3.06384205916044 -5.26305396550044
2024-06-11T04:02:57.132 -6133.680527195900 2658.638015410470 1220.415651397980 -2.90390161206900 -4.01120396818034 -5.84528695053914
2024-06-11T04:06:57.132 -6598.844209582850 1610.874033054500 -209.893673191368 -0.94873754179697 -4.66680567821616 -6.00089639458671
2024-06-11T04:10:57.132 -6583.557998942190 445.825589082994 -1624.876145391680 1.07521705131710 -4.98257820551582 -5.71837404378667
2024-06-11T04:14:57.132 -6089.105742834330 -751.675931746195 -2921.264283818160 3.01981575834544 -4.93565740538245 -5.01877308035671
2024-06-11T04:18:57.132 -5151.780142135270 -1894.517785026600 -4004.589414917440 4.74331260726474 -4.52996282174973 -3.95383733741389
2024-06-11T04:22:57.132 -3840.062542094510 -2899.696772637500 -4796.079390901910 6.12084021020612 -3.79554291314104 -2.60174751166822
2024-06-11T04:26:57.132 -2249.477331605450 -3694.316416292320 -5238.302117233170 7.05319718538658 -2.78600076377637 -1.06102113999418
2024-06-11T04:30:57.132 -495.595647384944 -4220.771860931450 -5299.194262674380 7.47342975215463 -1.57437040706105 0.55671568417288
2024-06-11T04:34:57.132 1294.260124457100 -4440.810329430860 -4974.285457482010 7.35110535666396 -0.24797408783440 2.13445928304357
2024-06-11T04:38:57.132 2990.087628693120 -4338.267876547770 -4287.026135134790 6.69447314317336 1.09750654409269 3.55790161353677
2024-06-11T04:42:57.132 4468.491953145210 -3920.293071375900 -3287.185776933240 5.55010955068732 2.36457934748139 4.72328750857779
2024-06-11T04:46:57.132 5621.627450455760 -3216.971749196520 -2047.412743476770 4.00035479349787 3.46077769687611 5.54494515827541
2024-06-11T04:50:57.132 6365.181649337350 -2279.279293690470 -658.063036317961 2.15784393213450 4.30559593994697 5.96196983934746
2024-06-11T04:54:57.132 6644.729258801320 -1175.440196107130 779.386406160033 0.15744806749963 4.83676622844083 5.94325661185663
2024-06-11T04:58:57.132 6439.874687616110 14.086219742411 2159.860917817940 -1.85395970549996 5.01528939586190 5.49014380109583
2024-06-11T05:02:57.132 5765.771883677400 1202.593115614240 3382.519391146050 -3.72894118320538 4.82840360114485 4.63632455405673
2024-06-11T05:06:57.132 4671.890184723440 2303.555560780610 4358.230883478060 -5.33077633824523 4.29032808736339 3.44499517171956
2024-06-11T05:10:57.132 3238.207606996060 3236.983552015590 5016.072473336790 -6.54349058588883 3.44090069832537 2.00369097928571
2024-06-11T05:14:57.132 1569.203763062550 3935.193783044690 5308.382455402300 -7.27999934459326 2.34213669799979 0.41747002044837
2024-06-11T05:18:57.132 -213.779606350156 4347.596093231440 5214.057217777710 -7.48762227714591 1.07361078112607 -1.19869664211976
2024-06-11T05:22:57.132 -1981.244758037550 4444.251987628160 4739.981634616200 -7.15141506847799 -0.27315305701233 -2.72788685456244
2024-06-11T05:26:57.132 -3604.757736794840 4218.013006634640 3920.545166569650 -6.29521340577545 -1.60081759105246 -4.05912017846739
2024-06-11T05:30:57.132 -4966.178145320380 3685.118735240780 2815.267344622380 -4.98052501770593 -2.81300782756143 -5.09526543589089
2024-06-11T05:34:57.132 -5966.267305612290 2884.120047841880 1504.584224736530 -3.30247194340166 -3.82129836895002 -5.76023423457430
2024-06-11T05:38:57.132 -6532.028427436290 1873.175912841260 84.064879413372 -1.38332958572536 -4.55176879268591 -6.00487445594380
2024-06-11T05:42:57.132 -6622.195363156790 725.850160939899 -1342.593676021690 0.63644075930129 -4.95082599501471 -5.81108752818659
2024-06-11T05:46:57.132 -6230.328864623330 -474.311459242112 -2671.253298192520 2.60894265078509 -4.98942211563726 -5.19331110232879
2024-06-11T05:50:57.132 -5385.241727801820 -1639.975968504880 -3805.051386350810 4.39020667118968 -4.66520424954885 -4.19731238635284
2024-06-11T05:54:57.132 -4148.731007207890 -2686.451700571540 -4661.507083038990 5.85101072531536 -4.00233275679477 -2.89634035155307
2024-06-11T05:58:57.132 -2610.900644271870 -3537.828312770720 -5178.452263475280 6.88605357234604 -3.04930733468496 -1.38532685795821
2024-06-11T06:02:57.132 -883.530158493985 -4132.388900849940 -5318.408192618900 7.42099022007317 -1.87517580680476 0.22615217351174
2024-06-11T06:06:57.132 907.977950877812 -4426.969549612150 -5071.185981704230 7.41725008737375 -0.56458450754322 1.82158036924661
2024-06-11T06:10:57.132 2633.527868104680 -4400.022546215270 -4454.600483450940 6.87454073469548 0.78797687104805 3.28542359729354
2024-06-11T06:14:57.132 4167.614901261840 -4053.224322852710 -3513.279861531000 5.83127288861978 2.08460792444043 4.51110901661606
2024-06-11T06:18:57.132 5398.397163857510 -3411.467500507830 -2315.577426482890 4.36230423903818 3.23087196218279 5.40871709245940
2024-06-11T06:22:57.132 6235.924433946130 -2521.207704413890 -948.732709830563 2.57419028680651 4.14268080818370 5.91183448472101
2024-06-11T06:26:57.132 6618.894611742090 -1447.170848214800 487.456866752799 0.59764241558563 4.75286278087529 5.98295688778536
2024-06-11T06:30:57.132 6519.317263070190 -267.626522514929 1888.008761054700 -1.42224023309311 5.01650335192346 5.61670533441737
2024-06-11T06:34:57.132 5944.629731669230 931.429049443612 3150.585260564890 -3.33727190998117 4.91453253392976 4.84034089729178
2024-06-11T06:38:57.132 4937.051502110490 2062.670377586400 4183.098669975100 -5.00762924187179 4.45495613972185 3.71141067339475
2024-06-11T06:42:57.132 3570.301545952590 3043.866904647520 4910.447707937760 -6.31221794860390 3.67189671369361 2.31294602526570
2024-06-11T06:46:57.132 1944.050639392070 3803.837604249160 5279.891304785730 -7.15713363728711 2.62267744202531 0.74708957336549
2024-06-11T06:50:57.132 176.587291713141 4287.511823764960 5264.738295370800 -7.48192738254270 1.38340505576286 -0.87254760998422
2024-06-11T06:54:57.132 -1603.700367489210 4459.806293521580 4866.154493052190 -7.26334514310852 0.04355818500721 -2.42875682478319
2024-06-11T06:58:57.132 -3267.485132648210 4308.109446064660 4113.062776066250 -6.51686539728548 -1.30014335314333 -3.80877501974105
2024-06-11T07:02:57.132 -4693.742091434160 3843.238729055690 3060.134118103140 -5.29588937345868 -2.55028911496152 -4.91205500581652
2024-06-11T07:06:57.132 -5778.531317220240 3098.783280155870 1783.960841087510 -3.68862391162104 -3.61571461814488 -5.65764591725371
2024-06-11T07:10:57.132 -6442.684373100410 2128.768716170050 377.564657160689 -1.81207010370717 -4.41837297849496 -5.99050266382754
2024-06-11T07:14:57.132 -6637.735235472800 1003.760639694450 -1056.401799928040 0.19652242629574 -4.89937825203002 -5.88597188768622
2024-06-11T07:18:57.132 -6349.563680026740 -194.322048245503 -2413.249943874020 2.19004032264574 -5.02363443187606 -5.35186113228251
2024-06-11T07:22:57.132 -5599.408285460030 -1378.274994321950 -3594.020661457670 4.02282772118803 -4.78243413205216 -4.42777682135739
2024-06-11T07:26:57.132 -4442.178532046210 -2462.037787064450 -4512.770991744800 5.56171148894366 -4.19391646402735 -3.18181368990295
2024-06-11T07:30:57.132 -2962.263048998910 -3366.967873792040 -5102.782667176230 6.69563646123010 -3.30128462834549 -1.70503521941999
2024-06-11T07:34:57.132 -1267.280712281240 -4027.461837479580 -5321.276233581350 7.34313607694985 -2.16931133369375 -0.10464544550509
2024-06-11T07:38:57.132 519.697066480317 -4395.592674604550 -5152.381759706530 7.45759708719887 -0.87965980659461 1.50360609233575
2024-06-11T07:42:57.132 2268.924616434410 -4444.505630765490 -4608.246667802670 7.03034069684410 0.47473518173546 3.00333554166128
2024-06-11T07:46:57.132 3853.225001824020 -4170.378463052990 -3728.224195154200 6.09138827255222 1.79595202473583 4.28552566842387
2024-06-11T07:50:57.132 5157.142442291860 -3592.818787797100 -2576.173533781600 4.70794059399046 2.98783875746891 5.25622245747316
2024-06-11T07:54:57.132 6085.424323905300 -2753.587422113100 -1235.970541108310 2.98021105441065 3.96310408809839 5.84369804091082
2024-06-11T07:58:57.132 6570.148144916840 -1713.656771151300 194.562885020437 1.03434766486270 4.64998148676100 6.00425685092407
2024-06-11T08:02:57.132 6575.865337091380 -548.782804797636 1610.868330412010 -0.98689795686087 4.99787661157608 5.72586627112243
2024-06-11T08:06:57.132 6102.289951295680 656.103384564677 2909.436615207850 -2.93517920665219 4.98142662237281 5.02924311005294
2024-06-11T08:10:57.132 5184.255805094810 1813.219272250760 3995.510290839980 -4.66806286455613 4.60233854846407 3.96607999989649
2024-06-11T08:14:57.132 3888.987622215650 2838.413716045450 4790.044742170890 -6.05971120350383 3.88890924315574 2.61472413567297
2024-06-11T08:18:57.132 2311.004015790420 3657.283811745490 5235.391069862170 -7.00982241186728 2.89350331620185 1.07397719337731
2024-06-11T08:22:57.132 565.139103716852 4210.482742178330 5299.344839868470 -7.45033173894772 1.68843503328326 -0.54420993791076
2024-06-11T08:26:57.132 -1221.763294960840 4457.901989535750 4977.353074268090 -7.34973781521513 0.36077797099446 -2.12270488728113
2024-06-11T08:30:57.132 -2919.909977492120 4381.510543016540 4292.797178340340 -6.71512009102079 -0.99362346872658 -3.54717941945191
2024-06-11T08:34:57.132 -4405.832395054390 3986.677638439630 3295.364553643250 -5.59184781312929 -2.27673992979112 -4.71403233524246
2024-06-11T08:38:57.132 -5571.300843681920 3301.879483067480 2057.574843018090 -4.06088618659805 -3.39518859291927 -5.53779929791339
2024-06-11T08:42:57.132 -6331.276936006370 2376.760460636250 669.607106424123 -2.23342441377748 -4.26707305961259 -5.95773181355607
2024-06-11T08:46:57.132 -6630.279910115560 1278.590292663350 -767.250319544719 -0.24306544253920 -4.82840364496933 -5.94267804660006
2024-06-11T08:50:57.132 -6446.578591350170 87.326201866446 -2148.087765936300 1.76438118921773 -5.03811961989392 -5.49382424419013
2024-06-11T08:54:57.132 -5793.779287685710 -1110.305437328950 -3372.170280860090 3.64213973358734 -4.88122287045189 -4.64451179769952
2024-06-11T08:58:57.132 -4719.708348487000 -2227.222380793180 -4350.363956690740 5.25361730417006 -4.36970469888902 -3.45739289507559
2024-06-11T09:02:57.132 -3302.739675736630 -3182.344311597120 -5011.597634775230 6.48233300065511 -3.54120859102988 -2.01935352768313
2024-06-11T09:06:57.132 -1645.967579751380 -3906.417183616600 -5307.916979014390 7.23994503324694 -2.45599815786741 -0.43493961354285
2024-06-11T09:10:57.132 130.288388980077 -4346.919300573190 -5217.823408945800 7.47199508918742 -1.19241363116671 1.18121418755715
2024-06-11T09:14:57.132 1897.075229740450 -4471.772057815050 -4747.762199620750 7.16141100599425 0.15849504930349 2.71220681566909
2024-06-11T09:18:57.132 3525.986727910430 -4271.662833672310 -3931.707374663900 6.32985475907101 1.49914434669318 4.04686324336038
2024-06-11T09:22:57.132 4898.383685854270 -3760.813714610140 -2828.838528073980 5.03667119232192 2.73214829107094 5.08758489029442
2024-06-11T09:26:57.132 5914.056410899040 -2976.095590385420 -1519.394512328550 3.37525567776270 3.76732085706378 5.75761233427921
2024-06-11T09:30:57.132 6498.690583003390 -1974.479599790040 -98.913343318188 1.46677645518067 4.52843756089354 6.00709493479438
2024-06-11T09:34:57.132 6609.524417207710 -828.917302598606 1328.789705771990 -0.54873868463636 4.95948206330667 5.81741613451529
2024-06-11T09:38:57.132 6238.575116279950 377.076128103724 2659.361531289640 -2.52337936704290 5.02897866546433 5.20273022577632
2024-06-11T09:42:57.132 5413.167878197810 1555.621606110030 3795.675717876340 -4.31268588894179 4.73224614650038 4.20866915165929
2024-06-11T09:46:57.132 4193.789828963630 2620.970731782120 4654.982259438500 -5.78649496880813 4.09155940157193 2.90858618664920
2024-06-11T09:50:57.132 2669.485333600840 3495.772452513650 5174.893646222180 -6.83840859284677 3.15410614564687 1.39769985278693
2024-06-11T09:54:57.132 951.235342506247 4116.615406735680 5317.784384947550 -7.39300183452073 1.98811405910426 -0.21412540077709
2024-06-11T09:58:57.132 -836.093484892384 4438.500444934900 5073.381605350700 -7.41060331556668 0.67788467124150 -1.81013856462925
2024-06-11T10:02:57.132 -2562.683196414480 4438.016643875780 4459.451819195820 -6.88985970419640 -0.68200984986609 -3.27478448115295
2024-06-11T10:06:57.132 -4103.034126530690 4115.037081172900 3520.549550301110 -5.86793524892827 -1.99323676100308 -4.50167446600155
2024-06-11T10:10:57.132 -5344.996654201240 3492.810282964330 2324.915485453960 -4.41838516090692 -3.16045812352950 -5.40102935362695
2024-06-11T10:14:57.132 -6197.998126790230 2616.407757970510 959.627517827012 -2.64638676885129 -4.09834633872068 -5.90669559544283
2024-06-11T10:18:57.132 -6599.769522814590 1549.513367601140 -475.720535389431 -0.68122483298672 -4.73810364302604 -5.98121038353468
2024-06-11T10:22:57.132 -6521.042928986990 369.791085646196 -1876.329415672010 1.33311867874400 -5.03281762259681 -5.61902933529578
2024-06-11T10:26:57.132 -5967.749576000910 -836.860909001427 -3139.995864596370 3.24925376209535 -4.96121443390053 -4.84712856482584
2024-06-11T10:30:57.132 -4980.469490996060 -1982.676363837260 -4174.667162390510 4.92764098171362 -4.52904273008323 -3.72252795896036
2024-06-11T10:34:57.132 -3631.292097161320 -2984.446481581330 -4905.136926529770 6.24679831434274 -3.76822852039419 -2.32766277610869
2024-06-11T10:38:57.132 -2018.428980187630 -3769.519655577430 -5278.412659898610 7.11176985180712 -2.73423325216157 -0.76403854686217
2024-06-11T10:42:57.132 -259.046580558418 -4280.966766964250 -5267.424347732000 7.46042170582625 -1.50180931723689 0.85510137361194
2024-06-11T10:46:57.132 1519.136218215900 -4481.594718104470 -4872.900068122080 7.26740636742161 -0.15974060376758 2.41267672036981
2024-06-11T10:50:57.132 3186.931637308190 -4356.615744812900 -4123.334806750840 6.54595948316352 1.19510893503962 3.79571160949312
2024-06-11T10:54:57.132 4622.934298651540 -3914.797965445820 -3073.050904295060 5.34740947226224 2.46445084505705 4.90324249239602
2024-06-11T10:58:57.132 5722.350984326270 -3187.970369483300 -1798.412188323340 3.75813559861627 3.55557406183885 5.65371975409928
2024-06-11T11:02:57.132 6404.782012797350 -2228.845231659290 -392.367661507683 1.89384596271149 4.38829725030150 5.99144572456861
2024-06-11T11:06:57.132 6620.290660969500 -1107.230868674810 1042.355623461550 -0.10891215384808 4.90127158901304 5.89119054893380
2024-06-11T11:10:57.132 6353.202084022110 95.099305418991 2400.873915562530 -2.10299483737177 5.05683270766608 5.36039636605442
2024-06-11T11:14:57.132 5623.262441647160 1290.510702387330 3583.990403609800 -3.94237025508134 4.84407257351939 4.43861336038288
2024-06-11T11:18:57.132 4484.008663230310 2392.012217665350 4505.512381474520 -5.49317663633422 4.27914357145320 3.19391066412469
2024-06-11T11:22:57.132 3018.672820046460 3319.597687177940 5098.489755496200 -6.64328432806023 3.40368610831562 1.71753310756901
2024-06-11T11:26:57.132 1333.993249039550 4005.999812945550 5319.974457280220 -7.31005563855423 2.28153988220970 0.11701061121692
2024-06-11T11:30:57.132 -447.570133067478 4401.470517430250 5153.998382185970 -7.44579931763973 0.99395298652753 -1.49170070965139
2024-06-11T11:34:57.132 -2196.618744124940 4477.280519905370 4612.638621978020 -7.04069632843716 -0.36616032416487 -2.99216183846055
2024-06-11T11:38:57.132 -3786.043409383010 4227.780112774000 3735.176093969740 -6.12358328152132 -1.70048944307518 -4.27543758754646
2024-06-11T11:42:57.132 -5100.161055444630 3670.881234546700 2585.363298198060 -4.76036184202540 -2.91214674545140 -5.24777365835528
2024-06-11T11:46:57.132 -6043.162427124580 2846.885758297750 1246.915597314220 -3.04983140047956 -3.91261249515835 -5.83766476531181
2024-06-11T11:50:57.132 -6546.231408447080 1815.644389516760 -182.550521274416 -1.11675169321960 -4.62856673035510 -6.00154780763266
2024-06-11T11:54:57.132 -6572.697765562080 652.200846364046 -1598.687467195940 0.89743620572043 -5.00752212845556 -5.72728000301124
2024-06-11T11:58:57.132 -6120.785811525680 -558.728182748348 -2898.141330179740 2.84526384468190 -5.02191282471490 -5.03525453116077
2024-06-11T12:02:57.132 -5223.687719368650 -1729.036248077630 -3986.213568916430 4.58467561268499 -4.67118518186283 -3.97667266098575
2024-06-11T12:06:57.132 -3946.966079775010 -2773.708253386860 -4783.784690237410 5.98961822543962 -3.98141614388425 -2.62927844097775
2024-06-11T12:10:57.132 -2383.610759658740 -3616.969894112000 -5232.980139260600 6.95887648804296 -3.00300694104561 -1.09124427982351
2024-06-11T12:14:57.132 -647.227207948686 -4197.686497789150 -5301.232815465190 7.42282159008987 -1.80679942327817 0.52597024600942
2024-06-11T12:18:57.132 1136.134399643310 -4473.681083038350 -4983.543098284710 7.34793643526864 -0.47900231208137 2.10541475837999
2024-06-11T12:22:57.132 2836.956802184690 -4424.729577003380 -4302.837881996820 6.73902404986309 0.88466495055448 3.53265348021714
2024-06-11T12:26:57.132 4331.500574625610 -4054.085869142160 -3308.416277642220 5.63925080733744 2.18541330274066 4.70365894028592
2024-06-11T12:30:57.132 5510.770548202930 -3388.381833151300 -2072.528875186450 4.12767817004692 3.32839610544605 5.53239868226023
2024-06-11T12:34:57.132 6288.563945329280 -2475.835422729280 -685.240215564208 2.31410459442283 4.22972095475121 5.95744890373481
2024-06-11T12:38:57.132 6607.965426946350 -1382.821184218960 752.128114709356 0.33126896647936 4.82299753965430 5.94710979685778
2024-06-11T12:42:57.132 6445.670056778890 -188.997515937912 2134.511480527680 -1.67529684380775 5.06464168350815 5.50209649847883
2024-06-11T12:46:57.132 5813.722507962200 1018.608866419930 3360.928205055540 -3.55845803571810 4.93723063820833 4.65550400441359
2024-06-11T12:50:57.132 4758.522119159060 2152.071534179380 4341.978120994600 -5.18089519985228 4.45068324954769 3.47003849424578
2024-06-11T12:54:57.132 3357.218452805170 3129.030591907240 5006.351470683210 -6.42520255099160 3.64108043856086 2.03272810124236
2024-06-11T12:58:57.132 1711.924908613710 3878.621661006210 5305.889696485430 -7.20189355912730 2.56750233241113 0.44828784854877
2024-06-11T13:02:57.132 -57.723562651411 4346.500928062320 5218.947288326830 -7.45526240732398 1.30773088720844 -1.16836155869492
2024-06-11T13:06:57.132 -1823.175706623510 4498.696691889000 4751.877765355830 -7.16710813028074 -0.04726037389701 -2.70018865976221
2024-06-11T13:10:57.132 -3456.146741927060 4324.027475125550 3938.570051653770 -6.35786211413243 -1.39959643484403 -4.03605815489556
2024-06-11T13:14:57.132 -4837.814181444600 3834.972618374350 2838.097841377900 -5.08556320103320 -2.65113270706611 -5.07852586054795
2024-06-11T13:18:57.132 -5867.461087525190 3066.891711309000 1530.548608847280 -3.44224728190053 -3.71053442330500 -5.75101366141663
2024-06-11T13:22:57.132 -6469.942829184590 2075.550082774380 111.269174562178 -1.54769144916542 -4.50017456687205 -6.00382955673204
2024-06-11T13:26:57.132 -6601.322859846160 933.087637701642 -1316.135722488410 0.45946253721091 -4.96213767769851 -5.81831518134236
2024-06-11T13:30:57.132 -6252.157146482500 -277.298652378094 -2647.475835517370 2.43226116797901 -5.06278428524353 -5.20827826482973
2024-06-11T13:34:57.132 -5448.146171502900 -1467.517509609780 -3785.686375348890 4.22666753173454 -4.79519749646870 -4.21888422508318
2024-06-11T13:38:57.132 -4248.110845063360 -2551.072026641570 -4647.957296044460 5.71242758027125 -4.17943637879391 -2.92293370961881
2024-06-11T13:42:57.132 -2739.525262821410 -3449.347542808970 -5171.698459974950 6.78240258973716 -3.26065287628310 -1.41502708607584
2024-06-11T13:46:57.132 -1032.062079684030 -4097.228812321990 -5318.943911926200 7.35975338548837 -2.10547033438992 0.19547109147646
2024-06-11T13:50:57.132 750.316674541012 -4447.695623825080 -5078.984358256350 7.40288394882841 -0.79718419059145 1.79210175219897
2024-06-11T13:54:57.132 2478.192491120310 -4475.158910385380 -4469.114524171720 6.90818750245437 0.56992601057428 3.25928134506629
2024-06-11T13:58:57.132 4025.914894565430 -4177.341709711880 -3533.474119930160 5.91057484335362 1.89697708048860 4.49020509209045
2024-06-11T14:02:57.132 5280.672793569070 -3575.570091457060 -2340.001713398490 4.48159505239930 3.08734012652164 5.39459369524243
2024-06-11T14:06:57.132 6150.792173146070 -2713.376457931570 -975.619943268895 2.72484607565449 4.05376848278268 5.90556533272823
2024-06-11T14:10:57.132 6572.607366906050 -1653.426816999960 460.062229343944 0.76871803520252 4.72511005172957 5.98502718910285
2024-06-11T14:14:57.132 6515.303410832960 -472.950058181444 1862.106469975680 -1.24319729628371 5.05198768271144 5.62700624967786
2024-06-11T14:18:57.132 5983.232323213300 742.000623783607 3128.077798280750 -3.16336507041135 5.01069691131817 4.85816045912187
2024-06-11T14:22:57.132 5015.491756987840 1902.940119388480 4165.643593585090 -4.85158485201547 4.60475575858292 3.73543316061044
2024-06-11T14:26:57.132 3682.894626778090 2925.466257312200 4899.332498515000 -6.18540648398956 3.86440472987302 2.34143358077189
2024-06-11T14:30:57.132 2082.614709405760 3735.387505304770 5275.938851593020 -7.06885044703167 2.84387676245805 0.77791286492575
2024-06-11T14:34:57.132 331.039604581384 4273.990472760920 5268.230047058210 -7.43860618950366 1.61713418312554 -0.84173242408516
2024-06-11T14:38:57.132 -1444.585524973810 4502.179980149090 4876.808858590580 -7.26802997386766 0.27277738307383 -2.40024754703649
2024-06-11T14:42:57.132 -3115.249432502550 4403.278774024460 4130.075684676120 -6.56915565062113 -1.09208025773404 -3.78461240927818
2024-06-11T14:46:57.132 -4559.424426405320 3984.268751492570 3082.249233399370 -5.39200939801616 -2.37851971897870 -4.89396027114359
2024-06-11T14:50:57.132 -5671.872723039460 3275.396436836320 1809.555156215270 -3.82158891450494 -3.49277790465519 -5.64692087732247
2024-06-11T14:54:57.132 -6371.412089311030 2328.088719199730 404.767960341916 -1.97218840964102 -4.35324035309961 -5.98789672875349
2024-06-11T14:58:57.132 -6606.998915338300 1211.260882759280 -1029.570906778480 0.02090005137922 -4.89675220564161 -5.89166409437570
2024-06-11T15:02:57.132 -6361.563720033980 6.246467455679 -2388.746872779510 2.01170482339452 -5.08365859585755 -5.36544850301493
2024-06-11T15:06:57.132 -5653.231689564370 -1199.231028690860 -3573.630767832720 3.85476306716994 -4.90067403412465 -4.44824984044749
2024-06-11T15:10:57.132 -4533.872701265600 -2317.527720596160 -4497.972044945390 5.41609844975066 -4.36168878717790 -3.20764435208250
2024-06-11T15:14:57.132 -3085.140959205540 -3267.472568864140 -5094.641135524740 6.58294856008940 -3.50634765625537 -1.73434922698863
2024-06-11T15:18:57.132 -1412.416861823200 -3980.191779948250 -5320.382032929060 7.27146038158388 -2.39682171558550 -0.13537165353500
2024-06-11T15:22:57.132 362.833746648699 -4403.985567559470 -5158.814797792090 7.43215046591056 -1.11319266602211 1.47363953662421
2024-06-11T15:26:57.132 2111.728149043760 -4507.977334383710 -4621.564298741200 7.05304778579594 0.25206666540515 2.97627869486286
2024-06-11T15:30:57.132 3707.138917919310 -4284.354892152500 -3747.485344503150 6.16072131953934 1.60032444273392 4.26335963369855
2024-06-11T15:34:57.132 5032.829158348040 -3749.046296846760 -2599.998982455330 4.81895413126955 2.83353525957133 5.24059293891725
2024-06-11T15:38:57.132 5991.981623644840 -2940.723052882630 -1262.638614668040 3.12488674498064 3.86142620466364 5.83579361605067
2024-06-11T15:42:57.132 6514.434717949690 -1918.090756246420 166.993841912515 1.20215541777581 4.60839736172706 6.00470392904832
2024-06-11T15:46:57.132 6561.988747452300 -755.634049013030 1584.413262172400 -0.80820018088093 5.01944209449174 5.73464808276056
2024-06-11T15:50:57.132 6131.306825915890 461.895134197518 2886.033975774320 -2.75862213547031 5.06457480086068 5.04574887688590
2024-06-11T15:54:57.132 5254.092982775290 1645.794479180410 3976.883463908010 -4.50653993833196 4.74102458104247 3.98913234463452
2024-06-11T15:58:57.132 3994.585405508830 2709.963293611460 4777.569682467790 -5.92505473033295 4.07301225916477 2.64261065371820
2024-06-11T16:02:57.132 2444.691772901430 3577.151162858310 5229.984990237040 -6.91182732062397 3.10959015651827 1.10463631220134
2024-06-11T16:06:57.132 717.199132283425 4184.494016815450 5301.403426761050 -7.39616897474132 1.92078583910241 -0.51305878755682
2024-06-11T16:10:57.132 -1062.394094161580 4487.935110609070 4986.709443585400 -7.34335083226397 0.59240769387965 -2.09342881776252
2024-06-11T16:14:57.132 -2764.812555246560 4465.347302491210 4308.732006231800 -6.75686097272696 -0.77963326469962 -3.52196915466469
2024-06-11T16:18:57.132 -4266.250217570840 4118.179760556740 3316.680068315400 -5.67860460526749 -2.09594118677145 -4.69467651636073
2024-06-11T16:22:57.132 -5457.336998848890 3471.448156536150 2082.691927884580 -4.18631498270590 -3.26069980005485 -5.52565828699413
2024-06-11T16:26:57.132 -6251.171134601620 2572.032365367460 696.683861549393 -2.38842245771173 -4.18867862420656 -5.95363917413743
2024-06-11T16:30:57.132 -6589.810775249980 1485.334850116400 -740.191857283051 -0.41635569997829 -4.81176574911757 -5.94692787859368
2024-06-11T16:34:57.132 -6448.638376534390 290.490958178710 -2123.025812219280 1.58543122514703 -5.08439640232801 -5.50610290596013
2024-06-11T16:38:57.132 -5838.162519711720 -925.497683204347 -3350.931218693380 3.47054427943966 -4.98697482058833 -4.66388853707666
2024-06-11T16:42:57.132 -4803.136243341120 -2074.195643304290 -4334.486251888500 5.10181257906091 -4.52716327328257 -3.48241497743453
2024-06-11T16:46:57.132 -3419.113120899110 -3072.195640516940 -5002.223504890710 6.36125277299383 -3.73888554382838 -2.04819762356747
2024-06-11T16:50:57.132 -1786.818043135620 -3847.123220557880 -5305.716851356950 7.15827228742824 -2.67953651976890 -0.46552553229459
2024-06-11T16:54:57.132 -24.816985165377 -4342.774843492120 -5222.959255273500 7.43560219849553 -1.42567148402387 1.15102485104647
2024-06-11T16:58:57.132 1738.974653965200 -4523.091267267910 -4759.882282363620 7.17301651028448 -0.06763530432734 2.68454630489665
2024-06-11T17:02:57.132 3376.394239011350 -4374.745643583560 -3949.957264513780 6.38873504480880 1.29654402697930 4.02376418950344
2024-06-11T17:06:57.132 4768.209346694380 -3908.196598353570 -2851.908012818320 5.13863379253858 2.56784708035953 5.07077210658923
2024-06-11T17:10:57.132 5812.814372605910 -3157.078661203550 -1545.614385269380 3.51293696833598 3.65334200523665 5.74833211459152
2024-06-11T17:14:57.132 6433.803606835470 -2175.898416519120 -126.379071001985 1.63019734764083 4.47317615033943 6.00606848244181
2024-06-11T17:18:57.132 6585.763436527180 -1036.098577266920 1302.087099153510 -0.37155838761901 4.96701711113579 5.82476397657967
2024-06-11T17:22:57.132 6257.694514144660 179.225999526827 2635.376715352700 -2.34540975833239 5.09871857108845 5.21788684420724
2024-06-11T17:26:57.132 5473.795362473360 1381.504739470430 3776.158178703710 -4.14686222589563 4.85907256586913 4.23051724426926
2024-06-11T17:30:57.132 4291.535568228810 2483.256319989870 4641.359625376450 -5.64489995318510 4.26622939996270 2.93556406730110
2024-06-11T17:34:57.132 2797.247642449420 3404.474800349390 5168.164485847010 -6.73139419918574 3.36387206933784 1.42780259265634
2024-06-11T17:38:57.132 1099.726733071400 4078.362656189490 5318.431958580020 -7.32832502658277 2.21769038884237 -0.18313259781709
2024-06-11T17:42:57.132 -677.665415693614 4456.060810676800 5081.346062635910 -7.39298713344519 0.91056895029251 -1.78054188110473
2024-06-11T17:46:57.132 -2405.837327664460 4510.088063549920 4474.128675466060 -6.92057081274786 -0.46322431730283 -3.24879023108020
2024-06-11T17:50:57.132 -3959.162769866700 4236.336074896710 3540.840258414900 -5.94467491821175 -1.80429401865060 -4.48117154532128
2024-06-11T17:54:57.132 -5224.532954766950 3654.473824603410 2349.312440150600 -4.53550394644154 -3.01508613442240 -5.38752138790873
2024-06-11T17:58:57.132 -6109.655095452630 2806.638672993030 986.328963287221 -2.79530389104122 -4.00710406900670 -5.90109987967091
2024-06-11T18:02:57.132 -6549.920312852650 1754.446058837010 -448.665497148810 -0.85114069121052 -4.70756801569547 -5.98388139137394
2024-06-11T18:06:57.132 -6513.266860329380 574.503872481224 -1850.896639379870 1.15457324247726 -5.06516528695250 -5.62978897139054
2024-06-11T18:10:57.132 -6002.559649746600 -647.261602176001 -3118.039337137790 3.07508416449429 -5.05403075003954 -4.86514907101055
2024-06-11T18:14:57.132 -5055.283732120660 -1821.966270749990 -4157.774143285240 4.77045902317895 -4.67548865429645 -3.74644479122994
2024-06-11T18:18:57.132 -3740.638754608670 -2864.284780431830 -4894.520932100260 6.11795471621122 -3.95761853119205 -2.35573014689314
2024-06-11T18:22:57.132 -2154.344811907630 -3698.611454031770 -5274.829563778000 7.02054358637921 -2.95278607069545 -0.79422628291069
2024-06-11T18:26:57.132 -411.656351461249 -4264.438819919080 -5271.123666415450 7.41336696933645 -1.73367249005057 0.82496414030520
2024-06-11T18:30:57.132 1360.907551365740 -4520.636714201890 -4883.612308743690 7.26793038186468 -0.38814807679296 2.38472017325369
2024-06-11T18:34:57.132 3034.578203721150 -4448.396772116740 -4140.293140442950 6.59411884429116 0.98670276058918 3.77193681567996
2024-06-11T18:38:57.132 4487.550456293410 -4052.657198521360 -3095.032007482510 5.43981061295088 2.29123132384635 4.88542961902433
2024-06-11T18:42:57.132 5613.811292208140 -3361.878740492670 -1823.810712667670 3.88805899557536 3.43023438245798 5.64323559680704
2024-06-11T18:46:57.132 6330.997648471460 -2426.132288190180 -419.320713692581 2.05177297385703 4.32000533832581 5.98904462586516
2024-06-11T18:50:57.132 6586.636300246420 -1313.521754063330 1015.816888677840 0.06553840762653 4.89499645018839 5.89703145843505
2024-06-11T18:54:57.132 6362.127960201490 -105.159618202144 2376.690891339580 -1.92479804738488 5.11306094541619 5.37405377160600
2024-06-11T18:58:57.132 5674.099675634510 1110.873401987650 3563.920256891820 -3.77343261992646 4.95862253819013 4.45901104549517
2024-06-11T19:02:57.132 4573.044314879170 2246.060415703970 4491.000922031160 -5.34572685957678 4.44357963433878 3.21955788011815
2024-06-11T19:06:57.132 3139.429723670620 3217.927620582190 5090.583709106210 -6.52800066064842 3.60601194850722 1.74659958242035
2024-06-11T19:10:57.132 1477.693112120260 3955.985491149330 5319.243838500210 -7.23531236919332 2.50705243433561 0.14736577872263
2024-06-11T19:14:57.132 -291.368976780431 4406.732661475470 5160.483801675890 -7.41699711141388 1.22627091443559 -1.46228556649574
2024-06-11T19:18:57.132 -2039.263402992560 4537.425651563280 4625.857256525760 -7.05994606517959 -0.14391430705433 -2.96580638136230
2024-06-11T19:22:57.132 -3638.972841751760 4338.421769053100 3754.160179322900 -6.18952080962803 -1.50450125377502 -4.25404057928793
2024-06-11T19:26:57.132 -4974.073926668850 3823.956640691470 2608.725742733660 -4.86821893554825 -2.75668971614233 -5.23291720124853
2024-06-11T19:30:57.132 -5947.229466128400 3031.235893946590 1272.941278612440 -3.19171217708948 -3.80904270184594 -5.83046263952038
2024-06-11T19:34:57.132 -6487.412770829360 2017.829889531390 -155.770368475844 -1.28226012281737 -4.58440316402892 -6.00248831177877
2024-06-11T19:38:57.132 -6555.246337334330 857.497785098835 -1573.104757626410 0.72031769094183 -5.02591045948060 -5.73625843648818
2024-06-11T19:42:57.132 -6145.950125230050 -365.260042013688 -2875.617977657230 2.66942269409830 -5.10148775490497 -5.05161058871150
2024-06-11T19:46:57.132 -5289.614117974560 -1561.465322057840 -3968.384013452980 4.42290121246770 -4.80609132883066 -3.99918704303359
2024-06-11T19:50:57.132 -4048.842558551640 -2644.204698949000 -4771.934173318510 5.85362737205521 -4.16179520738390 -2.65628201298799
2024-06-11T19:54:57.132 -2514.023396545960 -3534.926841860990 -5227.954814460860 6.85851292790742 -3.21571525890711 -1.12076717603573
2024-06-11T19:58:57.132 -796.696611332174 -4169.040614934120 -5303.379874921770 7.36533975391339 -2.03634895352162 0.49608641111033
2024-06-11T20:02:57.132 978.462108465516 -4500.483590721280 -4992.687352585430 7.33746942021320 -0.70870745266788 2.07734363898894
2024-06-11T20:06:57.132 2682.523668437980 -4505.006274349690 -4318.297582209900 6.77632416058947 0.67146689353452 3.50841298621860
2024-06-11T20:10:57.132 4191.519982174880 -4181.981204251820 -3329.055070389100 5.72166695464933 2.00421799657671 4.68501163434798
2024-06-11T20:14:57.132 5395.417633186410 -3554.568162727060 -2096.825474621550 4.24923328475381 3.19246366284271 5.52075785020813
2024-06-11T20:18:57.132 6206.214186050290 -2668.178879943230 -711.397357526260 2.46587888474947 4.14901601316554 5.95367483920737
2024-06-11T20:22:57.132 6564.568413247450 -1587.274851211350 726.036255026782 0.50210487996316 4.80338766515991 5.95140240000958
2024-06-11T20:26:57.132 6444.325288637190 -390.646603753687 2110.383270135790 -1.49783619783421 5.10746705603215 5.51406428977263
2024-06-11T20:30:57.132 5854.470581135580 834.454560147703 3340.507277561070 -3.38727847330488 5.03929018653695 4.67423075402650
2024-06-11T20:34:57.132 4838.349550100280 1998.809628282740 4326.725486328380 -5.02838792381055 4.60447144921445 3.49411068388114
2024-06-11T20:38:57.132 3470.289331029890 3017.790333510340 4997.345101100220 -6.30235015871422 3.83532437162274 2.06039581980305
2024-06-11T20:42:57.132 1850.014249981020 3817.464214584570 5303.761678741930 -7.11751887606289 2.78807560649624 0.47760469154046
2024-06-11T20:46:57.132 95.356493842223 4339.855614927840 5223.848162057950 -7.41548068882745 1.53866618853050 -1.13945614226696
2024-06-11T20:50:57.132 -1666.224707556000 4547.046691426280 4763.456341202700 -7.17483256906052 0.17731287712996 -2.67378207740438
2024-06-11T20:54:57.132 -3306.734911411620 4423.873350798990 3955.994615541920 -6.41259810058389 -1.19765067258302 -4.01404850099490
2024-06-11T20:58:57.132 -4706.823672483340 3979.078144014290 2860.111692030100 -5.18341890479013 -2.48650281885588 -5.06252573249396
2024-06-11T21:02:57.132 -5764.455886974650 3244.795597298430 1555.556021791660 -3.57618433927625 -3.59524151673440 -5.74223139553695
2024-06-11T21:06:57.132 -6402.458713651080 2274.318324743430 137.442139868685 -1.70794773554935 -4.44267015761154 -6.00295541110264
2024-06-11T21:10:57.132 -6574.304558146480 1138.254723391660 -1290.710719749700 0.28456188305652 -4.96664540438476 -5.82538117143757
2024-06-11T21:14:57.132 -6267.604749286690 -80.667740101960 -2624.653158822350 2.25544109105252 -5.12897392014239 -5.22276857075687
2024-06-11T21:18:57.132 -5504.968298389790 -1293.734761233220 -3767.134538051270 4.06081504803249 -4.91824459042281 -4.23976876049183
2024-06-11T21:22:57.132 -4342.195950425500 -2412.783600510950 -4635.035626152280 5.56965554516915 -4.35036006103944 -2.94867458592218
2024-06-11T21:26:57.132 -2864.045524023300 -3356.607033886840 -5165.350617069950 6.67309564692693 -3.46697267984215 -1.44373181930797
2024-06-11T21:30:57.132 -1177.977107686680 -4056.768881730880 -5319.630764921500 7.29185917326381 -2.33215877495184 0.16591775637571
2024-06-11T21:34:57.132 593.602250887088 -4462.440705831420 -5086.646111880130 7.38132599291257 -1.02772295074088 1.76388846117502
2024-06-11T21:38:57.132 2322.053912003860 -4544.010913976290 -4483.179410918090 6.93451501191648 0.35233016591990 3.23446267792104
2024-06-11T21:42:57.132 3881.683190390730 -4295.262277265310 -3552.901983415130 5.98286369739238 1.70816885728456 4.47060793413882
2024-06-11T21:46:57.132 5158.811274997110 -3733.945350086650 -2363.358629611190 4.59458833995912 2.94109595175231 5.38165028039493
2024-06-11T21:50:57.132 6060.135885120440 -2900.633255177440 -1001.182451846260 2.87029019676044 3.96082121086747 5.90024661378208
2024-06-11T21:54:57.132 6519.696310355020 -1855.868672205900 434.180698298149 0.93586770612880 4.69228784677095 5.98768290007511
2024-06-11T21:58:57.132 6503.893466771080 -675.775558268457 1837.791986492080 -1.06662957316062 5.08160682984353 5.63730418532727
2024-06-11T22:02:57.132 6014.044780371960 553.588586514470 3107.070408803240 -2.99021865504722 5.10042974018605 4.87524092106679
2024-06-11T22:06:57.132 5086.187440493070 1742.651338363440 4149.422807995370 -4.69438341093789 4.74792734081768 3.75798904748151
2024-06-11T22:10:57.132 3788.257105846970 2804.932111810930 4889.019100252160 -6.05545827695327 4.05048261051618 2.36780520548949
2024-06-11T22:14:57.132 2214.941879657180 3663.326711969270 5272.224032124370 -6.97543300186578 3.05928042929024 0.80620018515046
2024-06-11T22:18:57.132 480.709524213400 4255.599246083540 5271.337136381840 -7.38836889134416 1.84626228782897 -0.81349650724617
2024-06-11T22:22:57.132 -1288.436836701640 4538.773250759410 4886.493444979840 -7.26461788931496 0.49907484548494 -2.37399062582544
2024-06-11T22:26:57.132 -2963.967826469030 4492.196129117950 4145.637195605080 -6.61289438800197 -0.88499755853647 -3.76218795972086
2024-06-11T22:30:57.132 -4424.022684906740 4119.057379295970 3102.567115692920 -5.47981239767003 -2.20567060156143 -4.87699057064789
2024-06-11T22:34:57.132 -5562.233343411550 3446.273267647220 1833.160276274200 -3.94717511017159 -3.36673676017672 -5.63667281809136
2024-06-11T22:38:57.132 -6295.562335399430 2522.636342511080 429.941982251140 -2.12646785157335 -4.28323934516643 -5.98515361159133
2024-06-11T22:42:57.132 -6570.514155867090 1415.324104537440 -1004.666842986920 -0.15085092996308 -4.88794457700515 -5.89664617752606
2024-06-11T22:46:57.132 -6367.149723388080 204.972966282596 -2365.936181404910 1.83500571042642 -5.13666092653934 -5.37780712371162
2024-06-11T22:50:57.132 -5700.534602510700 -1020.297157980850 -3554.589884811850 3.68594032957078 -5.01160657377796 -4.46712384052239
2024-06-11T22:54:57.132 -4619.508190321210 -2171.404105334990 -4484.114480693720 5.26744112485479 -4.52251435243195 -3.23170705875907
2024-06-11T22:58:57.132 -3202.925130973180 -3164.799623957550 -5087.009208667640 6.46535239949615 -3.70539800476225 -1.76183872510534
2024-06-11T23:02:57.132 -1553.808658396780 -3928.447663031780 -5319.552654744400 7.19352942785087 -2.61957875193015 -0.16421406606814
2024-06-11T23:06:57.132 208.097812798535 -4406.934302027280 -5164.855368447120 7.39956099503809 -1.34342081770460 1.44558970581317
2024-06-11T23:10:57.132 1954.883566819750 -4565.395550110090 -4634.031306640210 7.06816681041781 0.03116420083670 2.95110836202309
2024-06-11T23:14:57.132 3559.570106404210 -4392.045776030620 -3765.461343306310 6.22243302653371 1.40485114000840 4.24289905489414
2024-06-11T23:18:57.132 4905.247653667690 -3899.145444026940 -2622.166149742050 4.92277987960020 2.67777831518258 5.22634524008667
2024-06-11T23:22:57.132 5893.639273234440 -3122.264753396930 -1287.371083642800 3.26322929773197 3.75676687224388 5.82878902931276
2024-06-11T23:26:57.132 6452.449371704030 -2117.811700230770 141.504169827979 1.36492846714915 4.56249986790700 6.00543810425542
2024-06-11T23:30:57.132 6540.817838823920 -958.936897640641 1560.026265144010 -0.63294990961965 5.03566329100508 5.74303204457997
2024-06-11T23:34:57.132 6152.413217866270 269.857163926253 2864.512179970870 -2.58371601416534 5.14163243061994 5.06107884529808
2024-06-11T23:38:57.132 5315.858692097090 1479.019295952810 3959.758003773590 -4.34467717156603 4.87317978870688 4.01020188678790
2024-06-11T23:42:57.132 4092.451461735240 2580.578538539510 4766.035805714250 -5.78789542442331 4.25052742162929 2.66785820886905
2024-06-11T23:46:57.132 2571.503135318170 3494.542284024660 5224.833889111710 -6.80922738598973 3.31948406201213 1.13226107233604
2024-06-11T23:50:57.132 863.728061252549 4154.634722458950 5302.974251298420 -7.33543611192332 2.14780803069296 -0.48499087594327
2024-06-11T23:54:57.132 -906.780579068696 4512.984399244890 4994.877120483030 -7.32884340300747 0.82018668902027 -2.06683675800410
2024-06-11T23:58:57.132 -2611.411502735080 4543.504952363810 4322.921941939940 -6.78972317667737 -0.56752436232368 -3.49867080025345
2024-06-12T00:02:57.132 -4126.231674875850 4243.808230213870 3335.895030704300 -5.75660782127042 -1.91487196901483 -4.67635534020097
2024-06-12T00:06:57.132 -5340.935584675140 3635.460625695260 2105.566654530440 -4.30394357875105 -3.12386406392576 -5.51367566437472
2024-06-12T00:10:57.132 -6166.937315695510 2762.537116754970 721.574178684424 -2.53723291680040 -4.10610780687430 -5.94894245155255
2024-06-12T00:14:57.132 -6543.971314130570 1688.492183976180 -715.096953881124 -0.58554059845748 -4.78955333658599 -5.94993586344242
2024-06-12T00:18:57.132 -6444.626966657100 491.524898442819 -2099.566713126850 1.40818244589444 -5.12420332820231 -5.51665718242854
2024-06-12T00:22:57.132 -5876.364986927380 -741.218634423756 -3330.844757244740 3.29816864758996 -5.08594295212859 -4.68127392871907
2024-06-12T00:26:57.132 -4880.855911005700 -1920.089239757440 -4319.273708404480 4.94689745851439 -4.67809894110566 -3.50540408657850
2024-06-12T00:30:57.132 -3530.766760886020 -2959.485971516470 -4993.040642610660 6.23512232567873 -3.93082078797210 -2.07515594743762
2024-06-12T00:34:57.132 -1924.335327283380 -3784.029105990290 -5303.286804357740 7.07020978181155 -2.89854019880215 -0.49448225032443
2024-06-12T00:38:57.132 -178.220920792879 -4333.907925616690 -5227.496989677990 7.39208915954714 -1.65579324735282 1.12228973457065
2024-06-12T00:42:57.132 1580.825701168530 -4569.109367266400 -4771.071634406950 7.17723073882181 -0.29208781705071 2.65820045924722
2024-06-12T00:46:57.132 3224.987606727070 -4472.301014606820 -3966.984207875970 6.44036289043680 1.09415366173925 4.00175920494068
2024-06-12T00:50:57.132 4634.540405022210 -4050.176093721080 -2873.531349377180 5.23391748302010 2.40230654405548 5.05470923929440
2024-06-12T00:54:57.132 5706.588085776010 -3333.123581052990 -1570.255720053530 3.64494447825749 3.53674868862900 5.73940533738295
2024-06-12T00:58:57.132 6362.720688616580 -2373.157069177180 -152.232945860704 1.78924460873596 4.41406772116133 6.00494549595139
2024-06-12T01:02:57.132 6554.947239824310 -1240.173689207010 1276.910880493930 -0.19710583464434 4.96966186268563 5.83149676359235
2024-06-12T01:06:57.132 6269.326247060290 -16.781538603525 2612.712797142420 -2.16830009711816 5.16288237510557 5.23195038018409
2024-06-12T01:10:57.132 5526.954929974350 1207.846712465880 3757.643575577030 -3.98001796762995 4.97999418575523 4.25079451319557
2024-06-12T01:14:57.132 4382.290077013200 2344.579837638300 4628.304140282480 -5.50034653961702 4.43503400259124 2.96050264963289
2024-06-12T01:18:57.132 2918.957720807560 3310.854542117450 5161.475169085070 -6.61954189178282 3.56823644302288 1.45559747736393
2024-06-12T01:22:57.132 1243.525635393130 4036.586954876780 5318.560219397370 -7.25721094027499 2.44272565782958 -0.15445133102004
2024-06-12T01:26:57.132 -522.226040199252 4469.148561823660 5088.263361674000 -7.36767882996005 1.13996249643659 -1.75297084198830
2024-06-12T01:30:57.132 -2250.040500333190 4577.095896412730 4487.337861577070 -6.94293091579830 -0.24600301026302 -3.22423670924372
2024-06-12T01:34:57.132 -3814.336273568950 4352.432631192060 3559.404384069500 -6.01320732622715 -1.61492762926452 -4.46137280083944
2024-06-12T01:38:57.132 -5101.244065941130 3811.271782800070 2371.906317596430 -4.64537483030508 -2.86735197477540 -5.37394601789416
2024-06-12T01:42:57.132 -6016.936007293130 2992.783159891320 1011.326201680860 -2.93864350456054 -3.91178616649231 -5.89478360685567
2024-06-12T01:46:57.132 -6494.603322242700 1956.433493475040 -423.083995794377 -1.01758453750232 -4.67168474754554 -5.98536982170822
2024-06-12T01:50:57.132 -6499.468686073880 777.656329499956 -1826.610329543600 0.97714811050766 -5.09140898527510 -5.63903465088844
2024-06-12T01:54:57.132 -6031.369085506560 -457.719897785324 -3096.844538439240 2.89961806204008 -5.14052017561695 -4.88151832127175
2024-06-12T01:58:57.132 -5124.681957086900 -1659.826039933860 -4141.253590720590 4.60976279455869 -4.81595450430138 -3.76879286333898
2024-06-12T02:02:57.132 -3845.640273179860 -2741.348843214080 -4883.922285883260 5.98377806709213 -4.14186395746152 -2.38242855033599
2024-06-12T02:06:57.132 -2287.359948456980 -3623.834867127150 -5270.966771958410 6.92270906547293 -3.16741698530558 -0.82331534343688
2024-06-12T02:10:57.132 -563.041739851555 -4243.274254753870 -5274.316213700170 7.35906776930907 -1.96308116299331 0.79563100089744
2024-06-12T02:14:57.132 1202.150659803980 -4554.636014539930 -4893.648025522950 7.26117646984991 -0.61562063979084 2.35739773420816
2024-06-12T02:18:57.132 2879.987749130440 -4535.086583178840 -4156.434665142440 6.63537620377478 0.77778230200553 3.74869563281203
2024-06-12T02:22:57.132 4348.352188908270 -4185.712990772810 -3116.086614028110 5.52602896151056 2.11613757402246 4.86797509524030
2024-06-12T02:26:57.132 5500.101137098820 -3531.589503533000 -1848.233003053560 4.01295034993026 3.30173815999315 5.63279299905320
2024-06-12T02:30:57.132 6251.018876857850 -2620.112639590100 -445.324956282807 2.20625022865996 4.24749888358350 5.98639284519232
2024-06-12T02:34:57.132 6546.165343431840 -1517.611106643110 990.137920450547 0.23826077169836 4.88377205427272 5.90237196979423
2024-06-12T02:38:57.132 6364.039427203520 -304.467770359392 2353.212826775290 -1.74649843532568 5.16386922989041 5.38692534993031
2024-06-12T02:42:57.132 5718.170673436680 930.865465258168 3544.338473049380 -3.60254349544372 5.06764320098894 4.47839481256278
2024-06-12T02:46:57.132 4655.993957619620 2098.439050605350 4476.706792373980 -5.19457514183913 4.60278773107032 3.24396021256229
2024-06-12T02:50:57.132 3255.183534790400 3113.409749672270 5082.576520201710 -6.40744116020597 3.80380805483982 1.77427219233626
2024-06-12T02:54:57.132 1617.814201619320 3902.154182980640 5318.072410139100 -7.15404121583724 2.72906832822550 0.17631479718361
2024-06-12T02:58:57.132 -137.073954753361 4407.487280600760 5166.206917987060 -7.38086083194252 1.45636558352861 -1.43411934651036
2024-06-12T03:02:57.132 -1882.003403575720 4592.703124009620 4638.048408630740 -7.07152493877610 0.07759604097666 -2.94038345879104
2024-06-12T03:06:57.132 -3490.175909112380 4444.219332180280 3771.942100189810 -6.24805467818276 -1.30757116526110 -4.23315924520421
2024-06-12T03:10:57.132 -4844.576933645340 3972.613926095770 2630.816415270870 -4.96955008201184 -2.59863845176892 -5.21811612208044
2024-06-12T03:14:57.132 -5846.487478170810 3211.974167312630 1297.740296169130 -3.32855626506869 -3.70139011736219 -5.82283643824882
2024-06-12T03:18:57.132 -6422.807368043100 2217.529260336250 -130.066944265154 -1.44472158323120 -4.53502079530988 -6.00263250664343
2024-06-12T03:22:57.132 -6531.538198502090 1061.647061317090 -1548.377292114000 0.54405105615908 -5.03844142979526 -5.74420285279700
2024-06-12T03:26:57.132 -6164.923293381990 -171.503699364375 -2853.684562449020 2.49218755454660 -5.17503943405314 -5.06681266188941
2024-06-12T03:30:57.132 -5349.941332173100 -1392.193055831300 -3950.866441681930 4.25763374300032 -4.93532675964195 -4.02055938224526
2024-06-12T03:34:57.132 -4146.176374968530 -2511.726614147270 -4760.133866897740 5.71239423697075 -4.33730450269436 -2.68225986242868
2024-06-12T03:38:57.132 -2641.316725683800 -3448.876055116620 -5222.752805928560 6.75161207540802 -3.42474044118296 -1.14943431244572
2024-06-12T03:42:57.132 -944.716224531251 -4135.675875245890 -5305.169530453420 7.30058112576484 -2.26368988295351 0.46685329298156
2024-06-12T03:46:57.132 820.463987332335 -4522.229775650830 -5001.344656408900 7.31959200514337 -0.93782134229160 2.04970215768966
2024-06-12T03:50:57.132 2526.031543021690 -4580.275912648080 -4333.186130573000 6.80667329703684 0.45729238308572 3.48446521401906
2024-06-12T03:54:57.132 4047.905837605990 -4305.274041147550 -3349.062857343890 5.79796359296612 1.82065232865247 4.66655663478030
2024-06-12T03:58:57.132 5275.098905018590 -3716.876000175420 -2120.469332599440 4.36587545535364 3.05289365178208 5.50908604343563
2024-06-12T04:02:57.132 6117.907760871790 -2857.650131484930 -736.943255335262 2.61437261444630 4.06360926833206 5.94958917175219
2024-06-12T04:06:57.132 6514.661315969920 -1790.082398588150 700.455014632118 0.67164868807117 4.77833941092999 5.95520537279121
2024-06-12T04:10:57.132 6436.402860264290 -591.994555722850 2086.638804537110 -1.31965778498692 5.14459567911730 5.52546067509850
2024-06-12T04:14:57.132 5889.046409109860 649.244979549017 3320.324035985960 -3.21347115420213 5.13580518288961 4.69231622747751
2024-06-12T04:18:57.132 4912.845205635920 1843.214511221810 4311.551556590850 -4.87153875649166 4.75321793013549 3.51750280162248
2024-06-12T04:22:57.132 3579.251803646800 2903.107814508310 4988.255722921940 -6.17370629620518 4.02543594231505 2.08741159390254
2024-06-12T04:26:57.132 1985.516023339270 3752.017628603890 5301.403746431820 -7.02634690591988 3.00577140168138 0.50635182048649
2024-06-12T04:30:57.132 247.549660426971 4328.403203694110 5228.392363608790 -7.36841090932808 1.76818333838077 -1.11103403796477
2024-06-12T04:34:57.132 -1508.404500444680 4590.431515137120 4774.577024794570 -7.17529747694429 0.40198891809247 -2.64772813448807
2024-06-12T04:38:57.132 -3154.763652258890 4518.959463225340 3972.895269917940 -6.46058658191462 -0.99410152111923 -3.99222136589341
2024-06-12T04:42:57.132 -4571.767799637670 4118.982124468600 2881.583256223560 -5.27555193110691 -2.31885718921384 -5.04649959998640
2024-06-12T04:46:57.132 -5656.176727439300 3419.368148609430 1580.052804913260 -3.70583487825962 -3.47575649810281 -5.73320504772030
2024-06-12T04:50:57.132 -6328.882423848980 2470.874160021150 163.191517565397 -1.86572598833689 -4.38008731479464 -6.00161699260185
2024-06-12T04:54:57.132 -6540.836184663110 1342.499398440580 -1265.583999039500 0.11015743144288 -4.96554734144544 -5.83188172662480
2024-06-12T04:58:57.132 -6276.722094104370 116.409928868361 -2601.988045643620 2.07713892617348 -5.18943040215481 -5.23665991659351
2024-06-12T05:02:57.132 -5556.041566525310 -1118.154182712090 -3748.594658017900 3.89162194304107 -5.03583176668457 -4.26004342931512
2024-06-12T05:06:57.132 -4431.538284493550 -2271.460796964110 -4621.983664678970 5.42189046095126 -4.51651301437092 -2.97385150134381
2024-06-12T05:10:57.132 -2985.181143212190 -3259.810708272570 -5158.745647787710 6.55753660547544 -3.66960419762847 -1.47194257158878
2024-06-12T05:14:57.132 -1322.114359776690 -4011.526991290870 -5319.953002174320 7.21690925526848 -2.55652714810330 0.13675879012174
2024-06-12T05:18:57.132 436.929084762848 -4472.032970919730 -5093.864269981300 7.35244909893744 -1.25751409461037 1.73594032234317
2024-06-12T05:22:57.132 2164.224047855580 -4607.728223886250 -4496.751452146870 6.95381573961823 0.13383314435282 3.20978918231591
2024-06-12T05:26:57.132 3734.165056896550 -4408.454105676560 -3571.816508638570 6.04897091204111 1.51691440517605 4.45104204408048
2024-06-12T05:30:57.132 5032.322198370000 -3888.341123383220 -2386.206607040150 4.70263919952570 2.79109061012789 5.36863298444787
2024-06-12T05:34:57.132 5963.845826846000 -3084.951400718350 -1026.274207036130 3.01235640128294 3.86298994638734 5.89466573198561
2024-06-12T05:38:57.132 6460.572673217140 -2056.656869131850 408.683273772143 1.10163352258024 4.65370077620850 5.98990851320640
2024-06-12T05:42:57.132 6486.201884724710 -878.393242459412 1813.755906992430 -0.88923919659124 5.10503621874833 5.64717735884193
2024-06-12T05:46:57.132 6039.031315780620 363.905549031807 3086.251010616890 -2.81412670501795 5.18411652854983 4.89199878102333
2024-06-12T05:50:57.132 5151.998359790680 1579.710171813350 4133.331246983540 -4.53234415052353 4.88572352852107 3.78039013410652
2024-06-12T05:54:57.132 3890.082259904540 2680.582367806620 4878.816972490970 -5.91918396051335 4.23231166678692 2.39418360881848
2024-06-12T05:58:57.132 2345.379037711200 3586.602805477880 5268.647782004310 -6.87471807598699 3.27191572583458 0.83471656418203
2024-06-12T06:02:57.132 630.293680693285 4232.081722509970 5274.664172566490 -7.33050749196904 2.07432846043569 -0.78482443382911
2024-06-12T06:06:57.132 -1130.571000383020 4570.197286314390 4896.513835488610 -7.25390327052341 0.72606592352441 -2.34722841038964
2024-06-12T06:10:57.132 -2809.308916925100 4576.311079964610 4161.650980810750 -6.65017848079833 -0.67557753419516 -3.73931637313091
2024-06-12T06:14:57.132 -4283.839420995640 4249.780660376510 3123.430187995540 -5.56243021084765 -2.02906307311469 -4.85970005207365
2024-06-12T06:18:57.132 -5446.753693299550 3614.127338970710 1857.371089815790 -4.06917364044880 -3.23581482531829 -5.62624049471776
2024-06-12T06:22:57.132 -6213.230445750520 2715.435672424400 455.746548153746 -2.27901204222659 -4.20756257304785 -5.98239850677634
2024-06-12T06:26:57.132 -6527.363197757230 1619.058354330080 -979.153348169680 -0.32281314464975 -4.87306153397181 -5.90181580606705
2024-06-12T06:30:57.132 -6366.352301512780 404.825864810722 -2342.583032090680 1.65619007572104 -5.18369605560734 -5.39052673796366
2024-06-12T06:34:57.132 -5742.165624868040 -838.864286098385 -3535.104067527780 3.51335125678192 -5.11712363631671 -4.48642875343060
2024-06-12T06:38:57.132 -4700.543765446230 -2021.579775747560 -4469.911677185690 5.11366493157437 -4.67878145240118 -3.25614764099070
2024-06-12T06:42:57.132 -3317.474920749460 -3057.459536540250 -5079.109615362900 6.34154159441906 -3.90100366290129 -1.78960498390818
2024-06-12T06:46:57.132 -1693.551670555900 -3871.374044541840 -5318.514375222390 7.10867834157248 -2.84030228187161 -0.19326675831872
2024-06-12T06:50:57.132 53.312095653722 -4404.253328885350 -5170.728412420280 7.35981832114624 -1.57320356756490 1.41740261636791
2024-06-12T06:54:57.132 1796.295649942050 -4617.277258519100 -4646.356402615750 7.07641903371430 -0.19096248283395 2.92586112328568
2024-06-12T06:58:57.132 3408.696402003930 -4494.687880059010 -3783.303061491440 6.27806952510046 1.20656322473878 4.22245936487628
2024-06-12T07:02:57.132 4773.038481183470 -4045.045173954220 -2644.183751907180 5.02173215660968 2.51779635975184 5.21219339011716
2024-06-12T07:06:57.132 5789.682947034180 -3300.757831581650 -1311.923518270420 3.39826216049992 3.64680658179196 5.82194316653333
2024-06-12T07:10:57.132 6384.259004238410 -2315.851631669020 116.235417685602 1.52611421529256 4.51055298284608 6.00633526692784
2024-06-12T07:14:57.132 6513.289165693020 -1162.067137790050 1535.892965038690 -0.45735747289491 5.04543959328127 5.75153099393085
2024-06-12T07:18:57.132 6167.482098382090 76.446699920938 2843.268183286860 -2.40649544105343 5.21233956595746 5.07650093774233
2024-06-12T07:22:57.132 5372.365427150500 1309.404614082480 3942.934577981930 -4.17867325792235 4.99953864434330 4.03138779274168
2024-06-12T07:26:57.132 4186.244327247320 2447.078782370880 4754.837952239500 -5.64506181023172 4.42328650922475 2.69326703573667
2024-06-12T07:30:57.132 2695.745645765710 3406.845060193030 5220.058758468070 -6.69984372092414 3.52608789225914 1.16005399976308
2024-06-12T07:34:57.132 1009.392765913390 4119.102700253700 5304.959282704220 -7.26738175301622 2.37326643274771 -0.45678144320237
2024-06-12T07:38:57.132 -750.267020735132 4532.199872846830 5003.484184418440 -7.30705293878636 1.04819256853595 -2.04018873832867
2024-06-12T07:42:57.132 -2455.422911143610 4616.090479438050 4337.544309064360 -6.81587993140362 -0.35349271892766 -3.47550127182652
2024-06-12T07:46:57.132 -3982.127200282410 4364.507663072250 3355.485564874240 -5.82889213155967 -1.73041256271979 -4.65838179246829
2024-06-12T07:50:57.132 -5219.223273422020 3795.505781606080 2128.706223629030 -4.41711533924168 -2.98245043584754 -5.50226293481957
2024-06-12T07:54:57.132 -6076.492605316170 2950.288980189050 746.574328119811 -2.68302976118803 -4.01804655917005 -5.94494622656050
2024-06-12T07:58:57.132 -6491.388174348410 1890.289927893110 -690.062501228093 -0.75332050312257 -4.76128780835020 -5.95364522607851
2024-06-12T08:02:57.132 -6433.733402734820 692.679480224884 -2076.321890942160 1.23067556047036 -5.15778886845997 -5.52776499904852
2024-06-12T08:06:57.132 -5907.947801012430 -555.341904091009 -3311.074958907590 3.12386962890603 -5.17888676942426 -4.69894349336349
2024-06-12T08:10:57.132 -4952.608103356430 -1763.001149788150 -4304.404075964350 4.78849514401030 -4.82358868562467 -3.52831243013627
2024-06-12T08:14:57.132 -3637.459296787830 -2842.591991222390 -4984.128024754110 6.10412532732817 -4.11823025231484 -2.10157470404665
2024-06-12T08:18:57.132 -2058.206471563250 -3715.802195578800 -5300.940626656690 6.97609239089567 -3.11420899527929 -0.52244813274084
2024-06-12T08:22:57.132 -329.543506791123 -4319.275611712000 -5231.845317046000 7.34166300147217 -1.88401904246535 1.09481181123670
2024-06-12T08:26:57.132 1423.041109139010 -4609.098781463510 -4781.752359317500 7.17412931402390 -0.51626331685328 2.63323001049231
2024-06-12T08:30:57.132 3072.193756342160 -4563.964357548180 -3983.173383255310 6.48480038987266 0.89034726998018 3.98110601807998
2024-06-12T08:34:57.132 4497.826307913020 -4186.799743290110 -2894.004215052540 5.32265447354506 2.23374379800700 5.03988380406584
2024-06-12T08:38:57.132 5595.863695325610 -3504.708081767840 -1593.476140981670 3.77144669958287 3.41574822998991 5.73146220320115
2024-06-12T08:42:57.132 6285.988240191670 -2567.156211663600 -176.479839487888 1.94427833310460 4.34942385682325 6.00437482895224
2024-06-12T08:46:57.132 6517.732312291760 -1442.409593982550 1253.412279851590 -0.02484088365546 4.96607910507535 5.83825037720948
2024-06-12T08:50:57.132 6274.275222411660 -212.486363999512 2591.662799866630 -1.99134134533775 5.22053944636953 5.24547102944181
2024-06-12T08:54:57.132 5573.650437130790 1032.939291808320 3740.554384280780 -3.81120526455409 5.09457008420251 4.27008472375947
2024-06-12T08:58:57.132 4467.286370329310 2203.191320275890 4616.399124733140 -5.35191248902750 4.59805488609216 2.98413973050896
2024-06-12T09:02:57.132 3036.050177824120 3213.242412251600 5155.596919128460 -6.50211799548577 3.76779702157533 1.48189094772903
2024-06-12T09:06:57.132 1384.207600352570 3989.829539105370 5319.127959999270 -7.17924760479913 2.66438248754331 -0.12734589406459
2024-06-12T09:10:57.132 -368.165173366683 4476.645772789750 5095.242001410960 -7.33483245328286 1.36767841542013 -1.72697044421970
2024-06-12T09:14:57.132 -2093.786803799040 4638.320815960920 4500.237621009330 -6.95763198755568 -0.02870913302849 -3.20119429023554
2024-06-12T09:18:57.132 -3667.253631048720 4462.964275786090 3577.306544939330 -6.07447826816074 -1.42385208645959 -4.44298620327605
2024-06-12T09:22:57.132 -4974.050893511710 3963.093497747860 2393.527055709190 -4.74885902530502 -2.71645348975928 -5.36154038646868
2024-06-12T09:26:57.132 -5918.925464700370 3174.858243972170 1035.104155626770 -3.07685737767988 -3.81213163976010 -5.88933454760127
2024-06-12T09:30:57.132 -6432.938264532450 2155.501676587640 -398.881355582092 -1.18038011767165 -4.63059712630407 -5.98729470182055
2024-06-12T09:34:57.132 -6478.646806878570 979.216583274462 -1803.741223984770 0.80166382631494 -5.11185069181104 -5.64815547674328
2024-06-12T09:38:57.132 -6052.910522876040 -268.341622346948 -3076.966090822980 2.72423614661026 -5.22096872246918 -4.89716551344163
2024-06-12T09:42:57.132 -5187.016421499490 -1496.406958651220 -4125.801706508050 4.44728181420690 -4.95049775507128 -3.78979880668715
2024-06-12T09:46:57.132 -3944.227553292760 -2615.760997875860 -4874.001904335520 5.84599054949525 -4.32065016111695 -2.40723443565636
2024-06-12T09:50:57.132 -2415.032143230950 -3545.189455919940 -5267.274209540910 6.81959342636338 -3.37743380339957 -0.85008444180866
2024-06-12T09:54:57.132 -710.525317230533 -4217.270455104160 -5277.086423555520 7.29809114116038 -2.18906421711124 0.76887417078894
2024-06-12T09:58:57.132 1045.563389602840 -4583.143572916570 -4902.644856673910 7.24675483342538 -0.84112699183930 2.33257755988529
2024-06-12T10:02:57.132 2725.667083077650 -4616.009345126950 -4170.973376282770 6.66856962600685 0.56916473166513 3.72761455306043
2024-06-12T10:06:57.132 4207.505598164270 -4313.139009635960 -3135.081262845200 5.60444149607281 1.93959828187526 4.85214681186875
2024-06-12T10:10:57.132 5382.963330822150 -3696.215770779000 -1870.276543380180 4.13090241131679 3.17018244479671 5.62336749725134
2024-06-12T10:14:57.132 6166.099037160490 -2809.912426748100 -468.791344268874 2.35513262274972 4.17056658405101 5.98402684602616
2024-06-12T10:18:57.132 6499.615315246210 -1718.716175186420 966.966101032956 0.40717212530095 4.86705275815771 5.90715655852602
2024-06-12T10:22:57.132 6359.219501937750 -502.201976226019 2332.012293699200 -1.56977178905273 5.20849999650025 5.39847712037809
2024-06-12T10:26:57.132 5755.419438823560 750.921242992815 3526.646285213700 -3.43084268382053 5.17035355851137 4.49590422711745
2024-06-12T10:30:57.132 4732.584379822970 1949.400096489390 4463.808184025000 -5.04043950401780 4.75603159750370 3.26614702423436
2024-06-12T10:34:57.132 3365.521763363320 3006.118966186570 5075.397511702380 -6.28203485704487 3.99632570649116 1.79945901567951
2024-06-12T10:38:57.132 1753.879440793100 3844.398827236820 5317.122748612910 -7.06634571148219 2.94683440062291 0.20273979211077
2024-06-12T10:42:57.132 14.848743043700 4403.462571894520 5171.563954257320 -7.33722385198848 1.68363709401390 -1.40830396830391
2024-06-12T10:46:57.132 -1725.251354985040 4642.718325347320 4649.339619454650 -7.07517079983440 0.29791360202627 -2.91705567925972
2024-06-12T10:50:57.132 -3339.985010822130 4544.663045068580 3788.359595402720 -6.29876214379909 -1.11022001731485 -4.21402886252785
2024-06-12T10:54:57.132 -4711.873195432970 4116.203775703630 2651.180913391350 -5.06369587918103 -2.43863535689471 -5.20454910507018
2024-06-12T10:58:57.132 -5740.945789937320 3388.282397266350 1320.589774177230 -3.45939500946793 -3.59041665660663 -5.81582954646751
2024-06-12T11:02:57.132 -6352.145493919050 2413.730061613270 -106.386083516443 -1.60276277507314 -4.48125220290731 -6.00276501535625
2024-06-12T11:06:57.132 -6500.926366727150 1263.447010709030 -1525.592269649090 0.37039615434758 -5.04583188570815 -5.75148650770078
2024-06-12T11:10:57.132 -6176.598499514940 21.197129961583 -2833.455887753830 2.31560818060207 -5.24300153052823 -5.08070084562053
2024-06-12T11:14:57.132 -5403.056356244070 -1222.613576298730 -3934.665085245670 4.09098648793685 -5.05885530783706 -4.04002693336440
2024-06-12T11:18:57.132 -4236.871485076370 -2377.595573013930 -4749.136898339760 5.56778409541783 -4.50737119808470 -2.70589434830910
2024-06-12T11:22:57.132 -2763.004797404610 -3359.934971313540 -5217.756720891140 6.63951376818740 -3.62895923503893 -1.17550313188276
2024-06-12T11:26:57.132 -1088.568648366060 -4098.383627932790 -5306.534354747520 7.22910243750275 -2.48726727832015 0.44023568189784
2024-06-12T11:30:57.132 664.886334380245 -4539.306508951700 -5008.969209390840 7.29396187434677 -1.16455347474074 2.02447637327245
2024-06-12T11:34:57.132 2370.028039271140 -4650.493551250020 -4346.514432403540 6.82878897893525 0.24388286256938 3.46244179806046
2024-06-12T11:38:57.132 3902.822788916460 -4423.541059206300 -3367.130288241460 5.86630814941841 1.63610492557812 4.64933160642917
2024-06-12T11:42:57.132 5151.506671790290 -3874.595223660430 -2141.963061552610 4.47553389155435 2.91069317015189 5.49793837011171
2024-06-12T11:46:57.132 6024.821996631880 -3043.337651171970 -760.295279674406 2.75738557447048 3.97417498310721 5.94534806408587
2024-06-12T11:50:57.132 6458.878719812010 -1990.200296582730 676.950971788401 0.83758497656963 4.74826398365641 5.95818287814515
2024-06-12T11:54:57.132 6421.994234841710 -791.943840261448 2064.696442670240 -1.14292218655050 5.17605944349026 5.53541122110145
2024-06-12T11:58:57.132 5917.066240979530 464.040224425444 3301.538165293950 -3.03879297440546 5.22645269595744 4.70851661918587
2024-06-12T12:02:57.132 4981.261783517980 1686.245990945630 4297.293755918500 -4.71164737945247 4.89643375665890 3.53881092356143
2024-06-12T12:06:57.132 3683.079608896310 2785.807004921730 4979.568357705940 -6.04031190977559 4.21075263313546 2.11222193701394
2024-06-12T12:10:57.132 2117.187092739520 3682.913070888040 5298.903448824150 -6.92911199550938 3.21962496496382 0.53277728143295
2024-06-12T12:14:57.132 397.493090076197 4312.501828160210 5232.236059359480 -7.31428663097693 1.99498671946756 -1.08490504866518
2024-06-12T12:18:57.132 -1351.067726558940 4628.875456078870 4784.471516911410 -7.16819420611015 0.62530492819677 -2.62373767654155
2024-06-12T12:22:57.132 -3001.456320125680 4608.946163565940 3988.113446586810 -6.50106624397346 -0.79052627510346 -3.97212233818581
2024-06-12T12:26:57.132 -4433.623864109490 4253.953442239600 2901.009254426890 -5.36066286187049 -2.14984448403568 -5.03174162627836
2024-06-12T12:30:57.132 -5543.228890931930 3589.495395598150 1602.270735545470 -3.82941073075380 -3.35359469121595 -5.72483887318374
2024-06-12T12:34:57.132 -6249.335977883810 2663.771255574210 186.584031780869 -2.01880040787885 -4.31365765712364 -6.00026014858214
2024-06-12T12:38:57.132 -6500.471457725380 1544.124997725560 -1242.725982820450 -0.06128400464121 -4.95968576677964 -5.83767148153949
2024-06-12T12:42:57.132 -6278.462853005110 312.086510455091 -2581.340684668650 1.89985202328909 -5.24455647082875 -5.24917328305114
2024-06-12T12:46:57.132 -5599.739816243900 -942.661720753436 -3731.666672429120 3.72139129593474 -5.14786666127372 -4.27833113310063
2024-06-12T12:50:57.132 -4514.001720589140 -2128.902762093520 -4610.007304447240 5.27103808251762 -4.67725059392377 -2.99657661176824
2024-06-12T12:54:57.132 -3100.415102452950 -3160.535512928180 -5152.594147151170 6.43695723164389 -3.86736338615016 -1.49746491866584
2024-06-12T12:58:57.132 -1461.756564710250 -3962.744506618380 -5320.080128739230 7.13532086061536 -2.77698397471892 0.11027255847810
2024-06-12T13:02:57.132 283.008324048007 -4477.299840740340 -5100.275067948140 7.31578637636835 -1.48473788498809 1.71037815067296
2024-06-12T13:06:57.132 2007.205387635770 -4666.692384797580 -4508.998775321180 6.96483456800837 -0.08368706786134 3.18701239847345
2024-06-12T13:10:57.132 3585.474840013350 -4516.861031817500 -3589.027514613060 6.10694701971770 1.32492622286582 4.43270531356806
2024-06-12T13:14:57.132 4902.802904523100 -4038.337182378540 -2407.146530234240 4.80345862222309 2.63863107348713 5.35609291167149
2024-06-12T13:18:57.132 5862.965321550530 -3265.642906635080 -1049.428494095970 3.14874201972310 3.76123179546312 5.88887012345284
2024-06-12T13:22:57.132 6395.723741972030 -2254.896537789030 384.997160564732 1.26367610502311 4.61012885970000 5.99130302895027
2024-06-12T13:26:57.132 6462.155323598230 -1079.740319479490 1791.265676918070 -0.71334935464594 5.12287982193467 5.65569627732475
2024-06-12T13:30:57.132 6057.576401621290 174.128328014002 3066.605012787110 -2.63727011998146 5.26209342674251 4.90703572255723
2024-06-12T13:34:57.132 5211.806386762550 1415.331355278470 4117.970081504300 -4.36744572296589 5.01809847107439 3.80083661569779
2024-06-12T13:38:57.132 3986.815361757510 2553.570457996220 4868.868402653880 -5.77826837276130 4.40942399311374 2.41856536019209
2024-06-12T13:42:57.132 2471.999126556130 3506.202630160430 5264.840718992380 -6.76810234275226 3.48085523982126 0.86118687775771
2024-06-12T13:46:57.132 777.581147281330 4204.134725948960 5277.258468265290 -7.26593033244816 2.29981474209236 -0.75828988336995
2024-06-12T13:50:57.132 -973.320267631065 4596.712733485340 4905.286492370750 -7.23594145234030 0.95166339976029 -2.32258545977866
2024-06-12T13:54:57.132 -2653.500826341960 4655.338470418070 4175.934435608210 -6.68009157533154 -0.46624391914770 -3.71830719993470
2024-06-12T13:58:57.132 -4140.775453927520 4375.555249399530 3142.167494634290 -5.63807565907393 -1.85121957763423 -4.84381982325849
2024-06-12T14:02:57.132 -5326.814939029390 3777.477732566460 1879.186097433390 -4.18505837427751 -3.10244546541874 -5.61662664799020
2024-06-12T14:06:57.132 -6125.113485897460 2904.448563813850 479.045257481721 -2.42668962697134 -4.12837826879970 -5.97971675681005
2024-06-12T14:10:57.132 -6477.450568213990 1819.958234460210 -956.066483225148 -0.49156164117715 -4.85379146952556 -5.90625589003057
2024-06-12T14:14:57.132 -6358.249086997450 602.979301641712 -2321.390140046770 1.47865612824972 -5.22570446268104 -5.40177687870366
2024-06-12T14:18:57.132 -5776.431245813520 -657.878771494689 -3517.351119767150 3.33996983121421 -5.21729490801515 -4.50366303135971
2024-06-12T14:22:57.132 -4774.655581525160 -1870.916980474480 -4456.888359504780 4.95700903185378 -4.82974360852710 -3.27808531277431
2024-06-12T14:26:57.132 -3426.029958702530 -2948.052154653800 -5071.759672392700 6.21290293436131 -4.09173957565988 -1.81466182559773
2024-06-12T14:30:57.132 -1828.667852895150 -3811.157316034800 -5317.376878160720 7.01731684834088 -3.05700520471180 -0.21967664424118
2024-06-12T14:34:57.132 -98.563044771820 -4397.608464711570 -5175.904548075520 7.31237853654398 -1.80022374534900 1.39151529939695
2024-06-12T14:38:57.132 1638.690216346040 -4664.714266267190 -4657.496335412420 7.07641726521823 -0.41188625140172 2.90235266027637
2024-06-12T14:42:57.132 3256.830355045210 -4592.798750293540 -3799.624489430800 6.32562445913163 1.00778800125649 4.20305585180812
2024-06-12T14:46:57.132 4637.990349186420 -4186.731385206340 -2664.521967261780 5.11348429542533 2.35567224505819 5.19833567039622
2024-06-12T14:50:57.132 5681.327526920700 -3475.736741744220 -1334.811783368780 3.52759731500015 3.53320001748287 5.81468904489481
2024-06-12T14:54:57.132 6310.537206080740 -2511.399386751840 92.461294555931 1.68362340395435 4.45380905787753 6.00625557791316
2024-06-12T14:58:57.132 6479.617580330110 -1363.949815954770 1512.968363447580 -0.28315804551479 5.04971691542949 5.75865090869165
2024-06-12T15:02:57.132 6176.357832289650 -117.072030023468 2822.873038978940 -2.22830657514615 5.27734022674366 5.09033695317688
2024-06-12T15:06:57.132 5423.179849228380 1138.344457036130 3926.571571165620 -4.00952332596336 5.12055040090039 4.05094786751662
2024-06-12T15:10:57.132 4275.318102405760 2310.934812435750 4743.713944450170 -5.49733239437306 4.59145183727519 2.71709158336252
2024-06-12T15:14:57.132 2816.608303641850 3315.520867688990 5214.991816855160 -6.58428811012290 3.72914158808293 1.18639173435779
2024-06-12T15:18:57.132 1153.254832457560 4079.239862476450 5306.318656425830 -7.19245422304765 2.59642978277575 -0.42990932030298
2024-06-12T15:22:57.132 -593.875778732099 4546.684474648500 5011.150420868710 -7.27819383332280 1.27514302261587 -2.01483941866106
2024-06-12T15:26:57.132 -2297.866636500220 4683.835620254590 4350.918931879920 -6.83506703247063 -0.13931855537939 -3.45356474593871
2024-06-12T15:30:57.132 -3834.829281492750 4480.548379133890 3373.557728001090 -5.89466079811808 -1.54457695478499 -4.64140510740598
2024-06-12T15:34:57.132 -5092.852411388330 3951.370538980450 2150.136140325450 -4.52467809380823 -2.83844938550049 -5.49142150711184
2024-06-12T15:38:57.132 -5980.198488467370 3134.609432685890 769.790597773710 -2.82457537404307 -3.92636229100022 -5.94098729716767
2024-06-12T15:42:57.132 -6432.136268429790 2089.631267563490 -666.753346634473 -0.91857986723368 -4.72855720795434 -5.95683993831986
2024-06-12T15:46:57.132 -6415.796250494450 892.522786708742 -2054.621735944830 1.05375355549459 -5.18635078677213 -5.53789318679978
2024-06-12T15:50:57.132 -5932.585502329770 -369.538300912747 -3292.566925982790 2.94816808219857 -5.26659603195330 -4.71524837369642
2024-06-12T15:54:57.132 -5017.985295918730 -1604.739645129060 -4290.432784714490 4.62675915027521 -4.96398409947890 -3.54957964420605
2024-06-12T15:58:57.132 -3738.794227494070 -2723.357212348750 -4975.703995495690 5.96802978763338 -4.30106654414064 -2.12625067605290
2024-06-12T16:02:57.132 -2188.126335124190 -3644.236091362500 -5298.671667261340 6.87541376593747 -3.32619996294666 -0.54876332146094
2024-06-12T16:06:57.132 -478.621965435225 -4300.569375961650 -5235.906008936570 7.28366228995085 -2.10986120736706 1.06868696156103
2024-06-12T16:10:57.132 1265.625496372270 -4644.629434826720 -4791.875023096350 7.16309539822775 -0.73964920327378 2.60914570057520
2024-06-12T16:14:57.132 2917.892412395600 -4651.185345354840 -3998.652266067260 6.52164751132639 0.68560726993743 3.96083507290087
2024-06-12T16:18:57.132 4357.890643587990 -4319.408302413320 -2913.735330983100 5.40480268178935 2.06257289852847 5.02494215058177
2024-06-12T16:22:57.132 5480.521099023930 -3673.087249307630 -1616.038032814080 3.89300342595000 3.29067315850795 5.72296429326288
2024-06-12T16:26:57.132 6203.691951352650 -2759.061828158260 -200.235734434847 2.09641854798732 4.27965772676943 6.00299519596440
2024-06-12T16:30:57.132 6474.522286617460 -1643.864982250940 1230.199811247960 0.14672834161580 4.95675074911109 5.84412983303062
2024-06-12T16:34:57.132 6273.326236294210 -408.818151816812 2570.692931583960 -1.81289358452115 5.27229648402439 5.25816283174759
2024-06-12T16:38:57.132 5615.053710380160 856.022928442292 3723.359087655650 -3.63887467932310 5.20361877015666 4.28865651981331
2024-06-12T16:42:57.132 4548.047639350270 2058.565050571700 4604.237012189960 -5.19827570402237 4.75644237534352 3.00725574244557
2024-06-12T16:46:57.132 3150.297662422130 3111.424164549700 5149.357289777240 -6.37840547193082 3.96395333081915 1.50781277956683
2024-06-12T16:50:57.132 1523.631861884570 3938.211120147550 5319.254286863370 -7.09443266081929 2.88400389237031 -0.10054553341475
2024-06-12T16:54:57.132 -213.703632694472 4478.963827913310 5101.706240788740 -7.29510505088292 1.59477094901097 -1.70129244860634
2024-06-12T16:58:57.132 -1935.522568424270 4694.373740752430 4512.534563386720 -6.96584831927069 0.18923870456450 -3.17856793480655
2024-06-12T17:02:57.132 -3516.680713657010 4568.621882922590 3594.501091664320 -6.12994825878942 -1.23094744570534 -4.42503955472654
2024-06-12T17:06:57.132 -4842.084006210780 4110.619551800130 2414.333579084820 -4.84747810173829 -2.56258523445284 -5.34956830184120
2024-06-12T17:10:57.132 -5815.109085170070 3353.476957616050 1057.981514886590 -3.21138990660593 -3.70846571287458 -5.88413996575873
2024-06-12T17:14:57.132 -6364.766668769720 2352.188742949710 -375.606505391599 -1.34108729811336 -4.58460472912238 -5.98920014780801
2024-06-12T17:18:57.132 -6451.031787832500 1179.645725872330 -1781.769014625180 0.62646891390493 -5.12684194495209 -5.65703447101423
2024-06-12T17:22:57.132 -6067.808048103410 -78.757574776455 -3057.898526068740 2.54732445769690 -5.29578341622683 -4.91233442051855
2024-06-12T17:26:57.132 -5243.292806312320 -1331.445290892660 -4111.018458639550 4.28145700770603 -5.07960834579707 -3.81011556722432
2024-06-12T17:30:57.132 -4037.758682769630 -2487.394359400420 -4864.567529527940 5.70323900973642 -4.49462887056565 -2.43121620119846
2024-06-12T17:34:57.132 -2539.004544477190 -3462.722610135740 -5263.864754487050 6.71020502191037 -3.58362146629880 -0.87600766259406
2024-06-12T17:38:57.132 -855.932526025250 -4186.674928221400 -5279.946121946040 7.22993408880758 -2.41251490062956 0.74286135052517
2024-06-12T17:42:57.132 889.272977368517 -4606.638611256030 -4911.575384230900 7.22478159549695 -1.06569633393877 2.30829913838438
2024-06-12T17:46:57.132 2569.849966295200 -4691.903536732400 -4185.347317143950 6.69448602954864 0.35973524519795 3.70681113312053
2024-06-12T17:50:57.132 4063.513584390290 -4435.936284999550 -3153.870579513150 5.67647632952835 1.76056887741780 4.83639315169753
2024-06-12T17:54:57.132 5261.304066004490 -3856.992929042070 -1892.114518123500 4.24383157488790 3.03465983232205 5.61387769090378
2024-06-12T17:58:57.132 6075.650573034140 -2996.964998051690 -492.080795412598 2.50070414918236 4.08846605427945 5.98148730190010
2024-06-12T18:02:57.132 6446.984909683510 -1918.419484586850 943.925103492278 0.57481986962839 4.84439097490614 5.91176609618666
2024-06-12T18:06:57.132 6348.252097159420 -699.996822629736 2310.908391139400 -1.39237021472473 5.24696098393291 5.40989819265702
2024-06-12T18:10:57.132 5786.902784443050 569.447145619191 3509.014021802820 -3.25664472187548 5.26704844844296 4.51322765040047
2024-06-12T18:14:57.132 4804.219970377450 1797.446738521400 4450.919545797440 -4.88207274150685 4.90383032267346 3.28811894664605
2024-06-12T18:18:57.132 3472.098707825750 2894.723918380450 5068.185904853970 -6.15100381473321 4.18444905479333 1.82450555535277
2024-06-12T18:22:57.132 1887.645381874320 3781.646544842460 5316.106212247770 -6.97217978071617 3.16158962197680 0.22899262910402
2024-06-12T18:26:57.132 166.080183033739 4393.897561845490 5176.799257794080 -7.28672890262415 1.90940680290203 -1.38277350262151
2024-06-12T18:30:57.132 -1567.543931589490 4687.019206065120 4660.429142024410 -7.07203423606362 0.51827716678419 -2.89409897484269
2024-06-12T18:34:57.132 -3187.266140373310 4639.583518990660 3804.480988630520 -6.34321640025561 -0.91133009789166 -4.19530561619146
2024-06-12T18:38:57.132 -4575.245370428000 4254.810302428790 2671.146870194090 -5.15250747056121 -2.27570404459497 -5.19143671127399
2024-06-12T18:42:57.132 -5630.333525837320 3560.458960338280 1342.927321761700 -3.58604157581860 -3.47530752121229 -5.80929756289769
2024-06-12T18:46:57.132 -6275.563889698530 2606.921753464500 -83.318414066178 -1.75797389332230 -4.42229088905852 -6.00323739206051
2024-06-12T18:50:57.132 -6463.913529646620 1463.585483405400 -1503.476962627790 0.19787943597694 -5.04725386145459 -5.75890363882206
2024-06-12T18:54:57.132 -6181.816774719600 213.717329470864 -2813.903943759080 2.13834894174285 -5.30466670530183 -5.09450869713214
2024-06-12T18:58:57.132 -5450.095599063460 -1051.709483407350 -3919.094951988630 3.92186110603764 -5.17621640625004 -4.05919096124589
2024-06-12T19:02:57.132 -4322.287609680570 -2240.719852589410 -4738.668820640330 5.41904236026279 -4.67184161900026 -2.72898715396548
2024-06-12T19:06:57.132 -2880.576575746020 -3267.016094657460 -5213.137117023730 6.52192159967157 -3.82855702649940 -1.20084712537261
2024-06-12T19:10:57.132 -1229.747462891310 -4056.149319866600 -5308.083953155210 7.15116328721810 -2.70746234418917 0.41448206217058
2024-06-12T19:14:57.132 510.354154205887 -4550.798699836130 -5016.560917429430 7.26129443412598 -1.38935471262847 2.00018198413367
2024-06-12T19:18:57.132 2213.359986530810 -4714.857149712360 -4359.586325717060 6.84377376257279 0.03077205907509 3.44134163155045
2024-06-12T19:22:57.132 3755.402917471810 -4536.085083716510 -3384.726811840550 5.92793579519614 1.45017010714461 4.63296798559250
2024-06-12T19:26:57.132 5024.062271855250 -4027.116470382440 -2162.788741111840 4.57935031062268 2.76553453204279 5.48756502409782
2024-06-12T19:30:57.132 5926.623079483780 -3224.702371291670 -782.808929275090 2.89577419624683 3.88045424868907 5.94173584521876
2024-06-12T19:34:57.132 6397.044174606020 -2187.160128823260 654.405782940273 1.00037399551360 4.71280723868144 5.96151648571376
2024-06-12T19:38:57.132 6400.984323659480 -990.126814483170 2043.759673694470 -0.96758524859749 5.20137594132055 5.54539956745666
2024-06-12T19:42:57.132 5938.367834970690 279.080070877260 3283.725666253550 -2.86368804114015 5.31064239592997 4.72439261909735
2024-06-12T19:46:57.132 5043.281957158340 1527.974524555510 4283.879235830950 -4.54948976508282 5.03327032480336 3.55935532947097
2024-06-12T19:50:57.132 3781.278785981310 2665.721895819600 4971.498114527180 -5.90279936755553 4.39018190494850 2.13594835387815
2024-06-12T19:54:57.132 2244.418671282080 3609.720199953780 5296.744039803640 -6.82615511729362 3.42858481167848 0.55801878917438
2024-06-12T19:58:57.132 544.512729778303 4291.503510495700 5236.137726649840 -7.25334901650747 2.21833606681514 -1.05994625268857
2024-06-12T20:02:57.132 -1194.940279236270 4661.592203873950 4794.147358347640 -7.15369792200789 0.84685981806023 -2.60086486587584
2024-06-12T20:06:57.132 -2847.567739046660 4693.007147183110 4002.863990813450 -6.53411887583157 -0.58681808695988 -3.95296509551326
2024-06-12T20:10:57.132 -4293.174790868000 4383.261993855880 2919.768068256470 -5.43893678556793 -1.97879789171299 -5.01770279448631
2024-06-12T20:14:57.132 -5426.459764479720 3754.658092828310 1623.675483347950 -3.94727456765474 -3.22768646728197 -5.71697024874763
2024-06-12T20:18:57.132 -6164.773791174940 2852.775952478750 209.070726084322 -2.16768029407647 -4.24210641550986 -5.99916662783273
2024-06-12T20:22:57.132 -6454.293713509680 1743.212758600150 -1220.799502936410 -0.23032130413966 -4.94772389705729 -5.84339952961742
2024-06-12T20:26:57.132 -6274.052976573020 506.765791908982 -2561.569917850770 1.72294670435868 -5.29302671078238 -5.26130502693871
2024-06-12T20:30:57.132 -5637.443414298890 -766.556013020654 -3715.495617110040 3.54950218171959 -5.25322927353357 -4.29601508699624
2024-06-12T20:34:57.132 -4591.092841845480 -1984.179758970530 -4598.619917400230 5.11670185395710 -4.83180476524928 -3.01850992169966
2024-06-12T20:38:57.132 -3211.301011174010 -3057.711807072070 -5146.822920267040 6.31138949109408 -4.05983579584011 -1.52204571552051
2024-06-12T20:42:57.132 -1598.387419696810 -3909.284459477540 -5320.346014449630 7.04765851937283 -2.99336146906005 0.08485813905326
2024-06-12T20:46:57.132 130.554738332045 -4477.072478355290 -5106.551565413340 7.27239352753624 -1.70925274758364 1.68601094333712
2024-06-12T20:50:57.132 1849.998375804170 -4719.687968794650 -4520.818069572320 6.96885519754466 -0.29998722079773 3.16547522392207
2024-06-12T20:54:57.132 3434.927436603550 -4619.195898462610 -3605.514894970150 6.15808616222620 1.13257974109105 4.41558096143961
2024-06-12T20:58:57.132 4769.846513029310 -4182.533184434290 -2427.084458759980 4.89801926021480 2.48428031779844 5.34464408097716
2024-06-12T21:02:57.132 5757.252406270000 -3441.157242400570 -1071.340783026070 3.27980486159967 3.65620875574560 5.88397311971296
2024-06-12T21:06:57.132 6324.898332151480 -2448.884246060820 362.734498487259 1.42153641399946 4.56214824464317 5.99327771871764
2024-06-12T21:10:57.132 6431.283717909080 -1278.011753609890 1770.278422423970 -0.54030274705178 5.13535593518413 5.66425947936083
2024-06-12T21:14:57.132 6068.804687450080 -13.955512807293 3048.394704085140 -2.46162282801090 5.33397247114107 4.92146067732825
2024-06-12T21:18:57.132 5264.224407750780 1251.130879538490 4103.816855464710 -4.20192558900546 5.14400715244075 3.82000744391594
2024-06-12T21:22:57.132 4076.536098226780 2425.178323293730 4859.746574716660 -5.63480786476283 4.58007784807465 2.44106547008837
2024-06-12T21:26:57.132 2592.454630277760 3422.915627320230 5261.356909746820 -6.65697231531781 3.68378084324621 0.88539031042287
2024-06-12T21:30:57.132 920.007506653955 4171.966874175250 5279.620789650510 -7.19507353611146 2.52029468825362 -0.73405180342361
2024-06-12T21:34:57.132 -819.265849139555 4617.978442464710 4913.304959395110 -7.21049607180998 1.17376145682619 -2.29996594581302
2024-06-12T21:38:57.132 -2499.012939875300 4728.487684600080 4189.025563666650 -6.70195609580149 -0.25860741828078 -3.69890703413488
2024-06-12T21:42:57.132 -3997.095079978830 4495.280780888010 3159.386658576060 -5.70574269044233 -1.67308325039566 -4.82902655746151
2024-06-12T21:46:57.132 -5204.421424187620 3935.094289140840 1899.289292541290 -4.29371003160947 -2.96675631262037 -5.60754413162268
2024-06-12T21:50:57.132 -6032.955361563490 3088.509782190180 500.567050938222 -2.56846484246357 -4.04505456984903 -5.97705716058782
2024-06-12T21:54:57.132 -6422.279861222400 2017.079834032250 -934.702499044624 -0.65613315704557 -4.82893815630409 -5.91022099183795
2024-06-12T21:58:57.132 -6344.127269939820 798.827254228455 -2301.749997276640 1.30323723435602 -5.26110332108431 -5.41209206788640
2024-06-12T22:02:57.132 -5804.441376633020 -477.542528606345 -3500.881848534350 3.16643246792660 -5.31037609687255 -4.51961851080164
2024-06-12T22:06:57.132 -4842.817942296060 -1719.208856700250 -4444.816902412270 4.79799765307084 -4.97378326779782 -3.29855747340002
2024-06-12T22:10:57.132 -3529.430716215150 -2836.016656109620 -5064.995527665530 6.08006757843354 -4.27628180864493 -1.83813685933587
2024-06-12T22:14:57.132 -1959.813195337860 -3746.949514245780 -5316.432081934140 6.92036176575889 -3.26858804703009 -0.24439334570422
2024-06-12T22:18:57.132 -247.935197689105 -4385.896819448010 -5180.856803959550 7.25837447544697 -2.02343204521296 1.36739837893199
2024-06-12T22:22:57.132 1481.938039166700 -4706.340137534420 -4667.982630179580 7.06929122144425 -0.63043523310023 2.88063803200108
2024-06-12T22:26:57.132 3104.079260425430 -4684.713215358120 -3814.873737269080 6.36589556280342 0.80983307529104 4.18532432920910
2024-06-12T22:30:57.132 4500.333122780660 -4322.214775929360 -2683.413193505430 5.19822070740774 2.19278176747390 5.18590519464315
2024-06-12T22:34:57.132 5568.753237138970 -3644.883935210140 -1355.956280095520 3.65060696710129 3.41728256945382 5.80845479538614
2024-06-12T22:38:57.132 6231.204114467560 -2701.839833052920 70.613864207721 1.83591482901630 4.39338236643311 6.00666675347497
2024-06-12T22:42:57.132 6439.242504146540 -1561.747150468670 1492.013281971050 -0.11280211369590 5.04919942443450 5.76561184515021
2024-06-12T22:46:57.132 6177.795615359590 -307.766036408043 2804.317698366920 -2.05235831363694 5.33666835705623 5.10323276270321
2024-06-12T22:50:57.132 5466.233012881260 968.665334238397 3911.722689605330 -3.84078460692131 5.23524598962453 4.06873685164386
2024-06-12T22:54:57.132 4356.775424991470 2174.613405798060 4733.591288226520 -5.34797088604819 4.75302165464288 2.73844922878945
2024-06-12T22:58:57.132 2930.493286273290 3222.444207308110 5210.271952599600 -6.46504444980155 3.92572951484382 1.20978820686213
2024-06-12T23:02:57.132 1291.268685966830 4036.133975984790 5307.295411098650 -7.11182536082977 2.81373856431526 -0.40610718649663
2024-06-12T23:06:57.132 -441.752309479544 4556.658066339550 5017.726933129090 -7.24195670577918 1.49748391183737 -1.99223828832680
2024-06-12T23:10:57.132 -2142.675399604740 4746.168092220420 4362.623114642460 -6.84591842077226 0.07201970250179 -3.43368651411477
2024-06-12T23:14:57.132 -3687.861212650320 4590.737409761920 3389.562151472660 -5.95194340036062 -1.35953782132088 -4.62566397186336
2024-06-12T23:18:57.132 -4964.834315719070 4101.442057542440 2169.302722479810 -4.62437191414555 -2.69316629623673 -5.48097834193959
2024-06-12T23:22:57.132 -5880.510634546790 3313.682086483660 790.741703413678 -2.95953829278808 -3.83145674892606 -5.93666109779037
2024-06-12T23:26:57.132 -6368.114587426960 2284.699068390170 -645.540925444392 -1.07902217591658 -4.69098719924524 -5.95900689261073
2024-06-12T23:30:57.132 -6392.188430077850 1089.407081716350 -2034.703357798900 0.87947097376194 -5.20888545557287 -5.54645647048395
2024-06-12T23:34:57.132 -5951.200257160290 -185.158206699550 -3275.418688041520 2.77274884765188 -5.34762872314702 -4.72963683851127
2024-06-12T23:38:57.132 -5077.553187539130 -1446.279326513900 -4277.340258434300 4.46299162748949 -5.09763159125244 -3.56879374056115
2024-06-12T23:42:57.132 -3835.058354205810 -2602.350779663120 -4967.671223658260 5.82787512260993 -4.47764017445016 -2.14895291991361
2024-06-12T23:46:57.132 -2314.140452991830 -3569.505293699880 -5296.342362102230 6.76918587129847 -3.53290355043728 -0.57328316984715
2024-06-12T23:50:57.132 -625.249958639816 -4277.573217059900 -5239.490627149790 7.21916260231099 -2.33163917394548 1.04424002107273
2024-06-12T23:54:57.132 1109.030030264270 -4675.055082404390 -4801.132290080230 7.14504391476649 -0.96032568718588 2.58661989119897
2024-06-12T23:58:57.132 2762.705759699620 -4732.820113569540 -4012.914746335920 6.55136797503948 0.48216191265524 3.94190761578362
2024-06-13T00:02:57.132 4215.387441604840 -4446.295838245740 -2931.966559259600 5.48013441157604 1.89122173883460 5.01100075629526
2024-06-13T00:06:57.132 5361.055456590220 -3835.965255767910 -1636.908556566450 4.00847356575366 3.16395124381191 5.71505396600569
2024-06-13T00:10:57.132 6115.932909437230 -2946.031925455070 -222.216597089178 2.24354232802897 4.20683852962761 6.00170259166321
2024-06-13T00:14:57.132 6424.814065705180 -1841.272422301620 1208.714917126240 0.31474889860897 4.94312358956923 5.84952950375295
2024-06-13T00:18:57.132 6265.229808949940 -602.250581958044 2551.269120149710 -1.63628206730984 5.31883777461449 5.26981989079541
2024-06-13T00:22:57.132 5649.083301734980 680.674889768928 3707.393558076500 -3.46657821427044 5.30683664787195 4.30562022712732
2024-06-13T00:26:57.132 4621.656297446860 1914.066885395680 4592.850290927820 -5.04274378273855 4.90872501196342 3.02821111391728
2024-06-13T00:30:57.132 3258.084135216900 3008.276759196430 5143.328327872270 -6.25084318383741 4.15414573181831 1.53124049540703
2024-06-13T00:34:57.132 1657.734874955420 3883.892437571970 5318.980111623790 -7.00400954378111 3.09822833998081 -0.07630049882196
2024-06-13T00:38:57.132 -63.030126409431 4477.398800145320 5107.181526308890 -7.24827258142139 1.81750175904794 -1.67789648281379
2024-06-13T00:42:57.132 -1779.213284674770 4745.679434865830 4523.362374698560 -6.96601280569984 0.40443237673265 -3.15761492085481
2024-06-13T00:46:57.132 -3366.095307388490 4669.105596397210 3609.917095036570 -6.17722333795250 -1.03881211477647 -4.40799176491250
2024-06-13T00:50:57.132 -4708.202061143530 4253.029418245300 2433.242383028690 -4.93856939050490 -2.40746932547402 -5.33768744984642
2024-06-13T00:54:57.132 -5707.728764050100 3527.510555233300 1079.028022829190 -3.33982100134745 -3.60166791634413 -5.87832826551852
2024-06-13T00:58:57.132 -6291.788761961720 2545.231739655860 -353.950220375113 -1.49759598107972 -4.53397401633580 -5.98997448309993
2024-06-13T01:02:57.132 -6417.862117436670 1377.680428298040 -1761.095176422130 0.45327306383740 -5.13613536063547 -5.66440468717965
2024-06-13T01:06:57.132 -6076.953850699740 109.876521418469 -3039.741623499100 2.37004602340999 -5.36435894247308 -4.92582223255272
2024-06-13T01:10:57.132 -5294.179118413250 -1165.930671909250 -4096.744672926580 4.11303471999432 -5.20252490140940 -3.82879486631614
2024-06-13T01:14:57.132 -4126.759755738360 -2357.045711164000 -4855.268367413420 5.55598976985076 -4.66297804431705 -2.45373986583389
2024-06-13T01:18:57.132 -2659.705834312700 -3377.035085133220 -5260.271078543170 6.59491222810137 -3.78517927410700 -0.90074031352119
2024-06-13T01:22:57.132 -999.592875918912 -4151.900743756460 -5282.371500326390 7.15508852510513 -2.63264558895859 0.71776000030972
2024-06-13T01:26:57.132 733.087795101671 -4625.327605118130 -4919.872868413130 7.19589273941300 -1.28836043650733 2.28478507814379
2024-06-13T01:30:57.132 2412.491201890190 -4762.703651930530 -4198.916112536410 6.71365279116126 0.15080731743514 3.68667682718090
2024-06-13T01:34:57.132 3916.413529454020 -4553.685328519420 -3171.713522001800 5.74227182868509 1.58065663436272 4.82112579647820
2024-06-13T01:38:57.132 5135.143064958860 -4013.096996405280 -1912.925787036050 4.35146890705732 2.89690635891979 5.60455937897207
2024-06-13T01:42:57.132 5979.588272142740 -3180.027118027000 -514.339480480981 2.64234739655760 4.00295303664915 5.97882471930332
2024-06-13T01:46:57.132 6387.976875046790 -2115.067513171120 921.851479013631 0.74005454399774 4.81737604173452 5.91595541022858
2024-06-13T01:50:57.132 6330.528606357700 -895.873549988998 2290.631466781410 -1.21568172383694 5.28034620588516 5.42057668305726
2024-06-13T01:54:57.132 5811.671796688490 388.620015160307 3491.997821587330 -3.08138948293603 5.35829214090543 4.52954185783838
2024-06-13T01:58:57.132 4869.601394372780 1644.827259907780 4438.368652998580 -4.72092451662264 5.04619960173045 3.30877876700840
2024-06-13T02:02:57.132 3573.288546348300 2781.400809933350 5060.968605616680 -6.01555793102945 4.36754570838974 1.84802148246427
2024-06-13T02:06:57.132 2017.257634456990 3715.844696112170 5314.706613265580 -6.87220631347767 3.37208233364777 0.25366689413530
2024-06-13T02:10:57.132 314.681014304915 4380.381850511850 5181.285957001750 -7.22941505940402 2.13197517187070 -1.35868230091176
2024-06-13T02:14:57.132 -1410.748993004180 4726.758113085220 4670.460868313860 -7.06148071213231 0.73681448865880 -2.87224371799356
2024-06-13T02:18:57.132 -3033.667547589430 4729.701604771590 3819.334796084280 -6.38025761691357 -0.71258926979568 -4.17722011592347
2024-06-13T02:22:57.132 -4436.022476944870 4388.790756241170 2689.753220081340 -5.23455036691929 -2.11115514567070 -5.17844596007363
2024-06-13T02:26:57.132 -5515.644810353990 3728.598658338700 1363.940225740190 -3.70721818017008 -3.35693628015184 -5.80235880513786
2024-06-13T02:30:57.132 -6193.806145701010 2797.027180209190 -61.425353348155 -1.90955581547060 -4.35874118631135 -6.00289742859604
2024-06-13T02:34:57.132 -6421.100888743300 1661.854253771390 -1482.306909567620 0.02689791798442 -5.04319686734584 -5.76523861324580
2024-06-13T02:38:57.132 -6181.132854273010 405.742923829570 -2795.018408566260 1.96040634913646 -5.36043927986948 -5.10710120925545
2024-06-13T02:42:57.132 -5491.653824768680 -879.887625454783 -3903.898185144810 3.74994413880855 -5.28778120459856 -4.07715503452803
2024-06-13T02:46:57.132 -4403.117181753290 -2101.595218111660 -4728.301524957390 5.26570286534196 -4.83109298611928 -2.75102175923544
2024-06-13T02:50:57.132 -2994.840111925690 -3170.707785973200 -5208.386555310560 6.39835290244276 -4.02393445977318 -1.22532882567536
2024-06-13T02:54:57.132 -1369.164871515210 -4009.666897592160 -5309.321902571230 7.06640324934361 -2.92476211639566 0.38937058811335
2024-06-13T02:58:57.132 355.904204913773 -4557.527045941200 -5023.714994380340 7.22156271693065 -1.61276988929939 1.97630598906881
2024-06-13T03:02:57.132 2055.107213224290 -4774.306110866710 -4372.135434766870 6.85200457163459 -0.18245070115301 3.42055444831187
2024-06-13T03:06:57.132 3604.849980309950 -4643.909054821660 -3401.733716482650 5.98346866264346 1.26274103204468 4.61683013802473
2024-06-13T03:10:57.132 4892.138147652630 -4175.432652858490 -2182.993430276260 4.67810464471496 2.61759626136029 5.47720687528826
2024-06-13T03:14:57.132 5822.894703335070 -3402.672545724510 -804.730163844887 3.03054652464484 3.78278112781620 5.93787244554975
2024-06-13T03:18:57.132 6329.026784871070 -2381.789113942060 632.370385072351 1.16136329538724 4.67251573210015 5.96444206166025
2024-06-13T03:22:57.132 6373.581242942740 -1187.201790552520 2023.223058615530 -0.79220680254168 5.22139934931470 5.55487312637018
2024-06-13T03:26:57.132 5953.503386791620 93.936845535204 3266.175608533110 -2.68674468425747 5.38941626456989 4.73964200635466
2024-06-13T03:30:57.132 5099.782771353780 1368.240989396050 4270.567239698170 -4.38380416203593 5.16492854878548 3.57919470116240
2024-06-13T03:34:57.132 3874.990118848220 2543.001709878160 4963.356643919230 -5.76026771579306 4.56508245251980 2.15894250086638
2024-06-13T03:38:57.132 2368.510611387260 3532.920509583900 5294.340338105740 -6.71705293834170 3.63402745446815 0.58255458455808
2024-06-13T03:42:57.132 689.958844550016 4266.201744033910 5239.632569258380 -7.18558471995254 2.43942718641996 -1.03562423500568
2024-06-13T03:46:57.132 -1038.714531536280 4689.627876349190 4803.279521537190 -7.13217590734935 1.06754178799071 -2.57848738077987
2024-06-13T03:50:57.132 -2691.916577029980 4772.351753911980 4016.974685227360 -6.56041110254796 -0.38251991371919 -3.93409686482374
2024-06-13T03:54:57.132 -4149.425795706020 4508.172558286730 2937.847355608630 -5.51123913397758 -1.80570177234564 -5.00370726693337
2024-06-13T03:58:57.132 -5305.097233294030 3916.076464725340 1644.420006848330 -4.06039645271751 -3.09841548567224 -5.70889263738238
2024-06-13T04:02:57.132 -6074.667686796950 3038.979467545250 230.978818303787 -2.31344527099552 -4.16610035367625 -5.99761349184030
2024-06-13T04:06:57.132 -6402.048112720280 1940.669104668360 -1199.322663760950 -0.39812992935256 -4.93052893544178 -5.84853022958549
2024-06-13T04:10:57.132 -6263.514956893620 701.122178798135 -2542.097598222780 1.54532089764100 -5.33589738546349 -5.27278066139954
2024-06-13T04:14:57.132 -5669.419441219180 -589.426572478411 -3699.460881497620 3.37501082927872 -5.35303744226562 -4.31301196457047
2024-06-13T04:18:57.132 -4663.291112753600 -1837.149706511810 -4587.207280610270 4.95806153183414 -4.98129604728908 -3.03979243287001
2024-06-13T04:22:57.132 -3318.495609378740 -2951.465474031110 -5140.876499530590 6.18017582554699 -4.24813092312951 -1.54603020211866
2024-06-13T04:26:57.132 -1732.802582448890 -3851.538538753740 -5320.303881350220 6.95342234213330 -3.20677129770982 0.05994641219048
2024-06-13T04:30:57.132 -21.321638168964 -4472.018170575760 -5112.413820924820 7.22200902544383 -1.93225570959526 1.66202725404347
2024-06-13T04:34:57.132 1691.693264741920 -4767.682775425450 -4532.146198672690 6.96600260908081 -0.51635917071123 3.14419416221901
2024-06-13T04:38:57.132 3281.702127577440 -4716.731948919090 -3621.463055395500 6.20300904638544 0.93865022658515 4.39860815291765
2024-06-13T04:42:57.132 4632.836381106160 -4322.474894019320 -2446.459727458980 4.98738338696224 2.32699585982758 5.33322626522968
2024-06-13T04:46:57.132 5646.395614513820 -3613.271117504940 -1092.708714630360 3.40705340977270 3.54702431348210 5.87887149363960
2024-06-13T04:50:57.132 6248.228159016560 -2640.600564738270 340.937418472323 1.57743965452798 4.50897396008898 5.99482882496381
2024-06-13T04:54:57.132 6394.348123505220 -1475.339779940400 1749.646435149600 -0.36711715032786 5.14204603175897 5.67235451222458
2024-06-13T04:58:57.132 6074.250277761480 -202.505498516058 3030.433013380570 -2.28378611526111 5.39997174958588 4.93547433290960
2024-06-13T05:02:57.132 5311.615585711980 1085.092927212550 4089.827195101170 -4.03235055203513 5.26445171835029 3.83888594933300
2024-06-13T05:06:57.132 4162.394469159690 2293.731030534590 4850.731021577550 -5.48575056302537 4.74611707817188 2.46339040709561
2024-06-13T05:10:57.132 2710.533350451040 3335.607377931150 5257.961125706500 -6.53915226828151 3.88332539788990 0.90962661971070
2024-06-13T05:14:57.132 1061.735715756560 4135.144752708820 5282.104475874300 -7.11702434801136 2.73891792060120 -0.70958321501915
2024-06-13T05:18:57.132 -664.184102249907 4634.340059697110 4921.512002075820 -7.17795705554019 1.39563603899416 -2.27703427760438
2024-06-13T05:22:57.132 -2341.859087316970 4796.872837263710 4202.381236686280 -6.71734026177358 -0.04959482571271 -3.67919734614411
2024-06-13T05:26:57.132 -3849.311361903520 4610.749445325870 3176.938354329450 -5.76797494877875 -1.49212710310904 -4.81398428400385
2024-06-13T05:30:57.132 -5076.781475449150 4089.281817867720 1919.776464247340 -4.39833283612899 -2.82702863568738 -5.59827431158235
2024-06-13T05:34:57.132 -5934.786813608090 3270.229513133020 522.510999480995 -2.70794304782370 -3.95675500564293 -5.97427038629683
2024-06-13T05:38:57.132 -6360.776099892070 2213.131742567570 -912.899000148656 -0.82032117623493 -4.79854276716997 -5.91417847684434
2024-06-13T05:42:57.132 -6323.805339006860 994.955485678508 -2281.684245840570 1.12635539149241 -5.29086956318060 -5.42252541422519
2024-06-13T05:46:57.132 -5826.804209098930 -295.602039746196 -3484.023452875430 2.98978501265685 -5.39811372090132 -4.53574897494641
2024-06-13T05:50:57.132 -4906.253207981150 -1564.679197114770 -4432.397451561740 4.63446464694744 -5.11306475684566 -3.31918629707550
2024-06-13T05:54:57.132 -3629.337919229620 -2720.117097550020 -5057.917954736100 5.94152164363958 -4.45695626979391 -1.86175234878868
2024-06-13T05:58:57.132 -2088.940966951550 -3678.091205583640 -5315.207408530110 6.81689014779477 -3.47752880262824 -0.26924413267189
2024-06-13T06:02:57.132 -396.906350061892 -4369.069915257390 -5185.560082271800 7.19749480033034 -2.24544111203241 1.34315583403179
2024-06-13T06:06:57.132 1323.944195788550 -4742.750840095680 -4678.250076726570 7.05544210301002 -0.84935992170078 2.85880324165395
2024-06-13T06:10:57.132 2948.541000139230 -4771.691244672940 -3829.927311464290 6.40008099075941 0.60994321415338 4.16752288437063
2024-06-13T06:14:57.132 4358.549373198440 -4453.402273019910 -2702.121678749330 5.27795894947867 2.02652435144610 5.17343654668166
2024-06-13T06:18:57.132 5451.019699510090 -3810.687470177120 -1376.921768148740 3.77004552502529 3.29684400990479 5.80222287793055
2024-06-13T06:22:57.132 6146.047309842060 -2890.136438799620 48.944578776549 1.98628482647635 4.32751329777464 6.00705745372385
2024-06-13T06:26:57.132 6392.807913869270 -1758.787663679140 1471.229882118500 0.05753430560375 5.04264363014739 5.77255200615096
2024-06-13T06:30:57.132 6173.403692287320 -499.178501295471 2785.933978257350 -1.87447413373099 5.38981742156109 5.11616104738965
2024-06-13T06:34:57.132 5504.149352997840 796.816975827058 3897.067630938510 -3.66823862094285 5.34411973237339 4.08668827346504
2024-06-13T06:38:57.132 4434.205354532060 2034.821048740290 4723.718808582920 -5.19323435716430 4.90964582668633 2.76010741815274
2024-06-13T06:42:57.132 3041.789670942980 3124.861048195090 5205.885789693460 -6.33926480872266 4.11870336060822 1.23357852454591
2024-06-13T06:46:57.132 1428.344993896620 3987.844738410630 5308.708939040970 -7.02407310340431 3.02904708616543 -0.38184872262107
2024-06-13T06:50:57.132 -288.845352369883 4561.176001258530 5024.850013268050 -7.19860508684425 1.71956752386811 -1.96919897563404
2024-06-13T06:54:57.132 -1985.051328380310 4803.187934670690 4374.961764392280 -6.85021774708382 0.28478323093061 -3.41353300355191
2024-06-13T06:58:57.132 -3536.998544303640 4696.138277166720 3406.237661908830 -6.00365295540371 -1.17159386409773 -4.60990598200097
2024-06-13T07:02:57.132 -4831.729746387650 4247.576285104900 2189.109331756340 -4.71974285045781 -2.54373918554521 -5.47080727108315
2024-06-13T07:06:57.132 -5774.870370999990 3489.934974630630 812.238108897903 -3.09163927347894 -3.73143301053866 -5.93284182747581
2024-06-13T07:10:57.132 -6297.645218038210 2478.256926121520 -623.925574731244 -1.23820895791200 -4.64769127822813 -5.96184104398449
2024-06-13T07:14:57.132 -6362.024395496430 1286.188700650390 -2014.547498041490 0.70483640750426 -5.22547755909106 -5.55570403373829
2024-06-13T07:18:57.132 -5963.534682991780 0.534798733328 -3258.186004862020 2.59539689563526 -5.42287040785516 -4.74459547663159
2024-06-13T07:22:57.132 -5131.481726557340 -1285.171699163930 -4264.274703731150 4.29584644789153 -5.22601044124065 -3.58833903531487
2024-06-13T07:26:57.132 -3926.647261893170 -2477.526749425480 -4959.700562750770 5.68309384482025 -4.64977114527385 -2.17159293858844
2024-06-13T07:30:57.132 -2436.723548481440 -3490.013357534520 -5294.008631196180 6.65725232456609 -3.73622834322530 -0.59733043848129
2024-06-13T07:34:57.132 -769.915898413293 -4249.158000129920 -5242.921501381930 7.14819206635358 -2.55135268793591 1.02054977910092
2024-06-13T07:38:57.132 952.791307730406 -4699.742628947990 -4810.029494496320 7.12015849086942 -1.18043178372622 2.56503574676650
2024-06-13T07:42:57.132 2606.238920378790 -4808.770391289460 -4026.580005798750 6.57436343938461 0.27769148301071 3.92400186837035
2024-06-13T07:46:57.132 4070.051239834780 -4567.931815731320 -2949.352660349230 5.54931689842554 1.71731864595754 4.99809242456250
2024-06-13T07:50:57.132 5237.384785385010 -3994.371991145510 -1656.698427309450 4.11873048038331 3.03330089040257 5.70803710374385
2024-06-13T07:54:57.132 6022.876642042910 -3129.615290372950 -242.936363707678 2.38684084570687 4.12897334362194 6.00100561787621
2024-06-13T07:58:57.132 6369.085551514730 -2036.599590027370 1188.586048053930 0.48060823892776 4.92371108979990 5.85510184873899
2024-06-13T08:02:57.132 6250.817579314350 -795.047557601093 2533.185337884490 -1.45993820134641 5.35918504285583 5.28117856861055
2024-06-13T08:06:57.132 5676.974778953490 504.468466570053 3692.649109256230 -3.29253752549710 5.40387957736740 4.32192275035827
2024-06-13T08:10:57.132 4689.771184158160 1767.272314017010 4582.494746580840 -4.88361310240335 5.05526007194964 3.04825529057207
2024-06-13T08:14:57.132 3361.443081830790 2901.548422046710 5138.092301357730 -6.11804661383195 4.33946168639688 1.55360952114329
2024-06-13T08:18:57.132 1788.825108405930 3824.973368622850 5319.235808242940 -6.90711265384685 3.30890390532347 -0.05317369151645
2024-06-13T08:22:57.132 86.276073389455 4470.571495804450 5112.916017054140 -7.19429367290786 2.03828547081417 -1.65563508881377
2024-06-13T08:26:57.132 -1622.530629194690 4791.457086810690 4534.177936470800 -6.95891210893961 0.61936229468225 -3.13779131856223
2024-06-13T08:30:57.132 -3213.430986226920 4764.193908030460 3625.050001323120 -6.21762163253158 -0.84533921874212 -4.39206264863464
2024-06-13T08:34:57.132 -4570.682643828130 4390.540494953620 2451.611611575080 -5.02362595407297 -2.24958581660583 -5.32682033024858
2024-06-13T08:38:57.132 -5595.398643119430 3697.454312427650 1099.307460479830 -3.46338501116634 -3.49094847479397 -5.87338466658906
2024-06-13T08:42:57.132 -6212.851499284660 2735.237382295640 -333.237459308880 -1.65059340316951 -4.47852955905434 -5.99132267208397
2024-06-13T08:46:57.132 -6378.077100788990 1573.915906797880 -1741.453134946760 0.28199744487866 -5.13998245580831 -5.67192551312310
2024-06-13T08:50:57.132 -6079.226318818630 298.059096819302 -3022.593722633270 2.19299061252677 -5.42720318360704 -4.93895661801984
2024-06-13T08:54:57.132 -5338.343563992370 -999.488923671843 -4083.328566684320 3.94312484721482 -5.31973402032328 -3.84656110385174
2024-06-13T08:58:57.132 -4209.599323518300 -2224.435729380350 -4846.542440803250 5.40557192960051 -4.82597352426578 -2.47481473545372
2024-06-13T09:02:57.132 -2775.195846910960 -3287.879299745950 -5256.843803623150 6.47489781630563 -3.98209190086298 -0.92354276092026
2024-06-13T09:06:57.132 -1139.341790881810 -4112.659294953050 -5284.455000609770 7.07417426907157 -2.84914150944975 0.69492056106761
2024-06-13T09:10:57.132 579.229433787107 -4638.825739975070 -4927.276829130860 7.15994799889162 -1.50867674758515 2.26355881280315
2024-06-13T09:14:57.132 2255.697430630600 -4827.927085901340 -4211.063384459100 6.72528274707357 -0.05728665102367 3.66861399522516
2024-06-13T09:18:57.132 3768.070894706830 -4665.852865266780 -3187.684331208450 5.80064414987276 1.39994405642657 4.80751783437649
2024-06-13T09:22:57.132 5006.028373657550 -4164.002447715460 -1931.525079995560 4.45234624891672 2.75679077225937 5.59639381850905
2024-06-13T09:26:57.132 5879.073464482360 -3358.625794591300 -534.185453001772 2.77832847539416 3.91370695870605 5.97665289144108
2024-06-13T09:30:57.132 6323.333854544460 -2308.295017933690 902.214202345766 0.90118419766062 4.78544588356293 5.91983576957680
2024-06-13T09:34:57.132 6306.423435366510 -1089.617702521590 2272.621521564290 -1.04105088844249 5.30799412362252 5.43017880068493
2024-06-13T09:38:57.132 5829.831524204740 208.499010402620 3476.913335894980 -2.90597087117577 5.44346474414542 4.54416845449273
2024-06-13T09:42:57.132 4928.671290136110 1491.459542518190 4427.294035685410 -4.55751865172945 5.18258860709533 3.32735594083760
2024-06-13T09:46:57.132 3668.936714269120 2665.938902477650 5054.687053147560 -5.87597554218261 4.54509575507227 1.86914937221195
2024-06-13T09:50:57.132 2142.524965690390 3646.663773344990 5313.657100078160 -6.76645070094340 3.57786340883894 0.27589014159363
2024-06-13T09:54:57.132 460.478023503134 4362.502561417960 5185.547219372450 -7.16513627352707 2.35111304802242 -1.33691302553247
2024-06-13T09:58:57.132 -1255.005181404770 4761.491321964160 4679.734620042860 -7.04337915417838 0.95344569773252 -2.85249766394096
2024-06-13T10:02:57.132 -2879.291285842510 4814.544307954770 3832.959786560480 -6.40969830379259 -0.51419163597655 -4.16092691536184
2024-06-13T10:06:57.132 -4294.244658347560 4517.595504766620 2706.756581927110 -5.30947568671109 -1.94543797825293 -5.16675145409270
2024-06-13T10:10:57.132 -5396.805023247300 3892.016240557350 1383.107603595210 -3.82229072326198 -3.23598979687303 -5.79614124899088
2024-06-13T10:14:57.132 -6106.592941713460 2983.172288548360 -41.480020063427 -2.05641960090320 -4.29146485995474 -6.00267978201684
2024-06-13T10:18:57.132 -6371.892520258800 1857.168817595070 -1463.036172523070 -0.14100152123504 -5.03452267928598 -5.77103986677572
2024-06-13T10:22:57.132 -6173.529143891260 596.005166235817 -2777.824099749810 1.78372395288619 -5.41095174408611 -5.11850004599499
2024-06-13T10:26:57.132 -5526.220756824490 -708.519909203449 -3890.032164420860 3.57734794922230 -5.39375495831628 -4.09332488471169
2024-06-13T10:30:57.132 -4477.352532588420 -1961.580431895880 -4718.774645086330 5.10974764333968 -4.98479196624926 -2.77078656790923
2024-06-13T10:34:57.132 -3103.358571732850 -3072.216843180450 -5203.891548498560 6.27035246802584 -4.21415676790050 -1.24724067178524
2024-06-13T10:38:57.132 -1504.096913844670 -3959.853959488940 -5310.184616892380 6.97563480446287 -3.13772800893343 0.36690740027341
2024-06-13T10:42:57.132 204.348963040289 -4560.020360276960 -5029.869498905470 7.17465265488061 -1.83302784343498 1.95494154464172
2024-06-13T10:46:57.132 1897.934239276940 -4828.933092808130 -4383.131187494070 6.85240037193146 -0.39399023168059 3.40181727764072
2024-06-13T10:50:57.132 3453.488885306430 -4746.704821919180 -3416.771466496220 6.03121763213395 1.07533322977795 4.60209186759391
2024-06-13T10:54:57.132 4757.610425330120 -4318.918189582290 -2200.976038807340 4.76978242258428 2.46800539658366 5.46755905705842
2024-06-13T10:58:57.132 5715.006349191940 -3576.393297120030 -824.342056913104 3.15951131786349 3.68196703930194 5.93402978541128
2024-06-13T11:02:57.132 6255.644135794680 -2573.070263608490 612.566181881672 1.31817881280062 4.62789096431937 5.96668419793642
2024-06-13T11:06:57.132 6340.045447961710 -1382.082725100060 2004.669907188400 -0.61899535487928 5.23619618042497 5.56298352033680
2024-06-13T11:10:57.132 5962.254210067320 -90.333768517454 3250.217738769740 -2.50971770096818 5.46249505007602 4.75303442158929
2024-06-13T11:14:57.132 5150.184409583660 1208.009783364100 4258.366717347400 -4.21587689508347 5.29095068908360 3.59692563271648
2024-06-13T11:18:57.132 3963.359626251330 2418.481136318670 4955.800405579910 -5.61372991814790 4.73481514814318 2.17966138789097
2024-06-13T11:22:57.132 2488.400891700620 3453.163330154720 5291.957915550890 -6.60249996609884 3.83503119314120 0.60468495924096
2024-06-13T11:26:57.132 832.655593828063 4236.987758768630 5242.573184129880 -7.11122698540383 2.65705356134008 -1.01365200752390
2024-06-13T11:30:57.132 -883.565713971814 4713.068172041990 4811.320010811060 -7.10340741437912 1.28602992898888 -2.55821833268763
2024-06-13T11:34:57.132 -2535.581951781970 4846.737765367100 4029.523760403440 -6.57935824272455 -0.17906146294630 -3.91702718206843
2024-06-13T11:38:57.132 -4003.260712972950 4628.085119925760 2953.985627630080 -5.57652701043256 -1.63208719103980 -4.99104093555386
2024-06-13T11:42:57.132 -5179.722686580260 4072.786026567130 1662.976522778500 -4.16731076721481 -2.96725528819315 -5.70152919813022
2024-06-13T11:46:57.132 -5979.202648166750 3221.085302311350 250.607234856699 -2.45426381171596 -4.08691852699417 -5.99610676979468
2024-06-13T11:50:57.132 -6343.446450067540 2134.921623873750 -1180.056141789470 -0.56262482552781 -4.90911488305803 -5.85304212402786
2024-06-13T11:54:57.132 -6246.042377678080 893.381189989614 -2524.608167523250 1.36917422077151 -5.37381553409733 -5.28298259624968
2024-06-13T11:58:57.132 -5694.340114631470 -413.148614339987 -3685.029413785430 3.20003235147819 -5.44747100370570 -4.32813529509267
2024-06-13T12:02:57.132 -4728.791257265740 -1689.663979764670 -4576.889634387090 4.79693397802931 -5.12532883864440 -3.05874413042732
2024-06-13T12:06:57.132 -3419.822170658410 -2843.483976087050 -5135.432303761280 6.04456452274218 -4.43129630033652 -1.56744479684567
2024-06-13T12:10:57.132 -1862.609081697980 -3790.907622259030 -5320.142043855260 6.85314265321468 -3.41579788737238 0.03760360178440
2024-06-13T12:14:57.132 -170.197323185617 -4463.159424837630 -5117.566516596780 7.16436059980818 -2.15204926198035 1.64035058983976
2024-06-13T12:18:57.132 1534.559437007580 -4811.274390167340 -4542.261462776880 6.95526615979639 -0.73098177270898 3.12477106577036
2024-06-13T12:22:57.132 3127.741160593230 -4809.640309680260 -3635.826046187280 6.24004359051540 0.74480693708789 4.38284848313657
2024-06-13T12:26:57.132 4493.272453865380 -4457.977529583900 -2464.045034284250 5.06960669559807 2.16806715617910 5.32230422103236
2024-06-13T12:30:57.132 5531.427119158010 -3781.530142045000 -1112.247531716330 3.52854501422442 3.43466822074124 5.87361860658862
2024-06-13T12:34:57.132 6166.272213786920 -2829.371577873070 320.863125967029 1.72937114295669 4.45145320752760 5.99565148715908
2024-06-13T12:38:57.132 6351.418096645050 -1670.867919583800 1730.500442616450 -0.19583181775557 5.14361146225756 5.67922700253905
2024-06-13T12:42:57.132 6073.503177580410 -390.533482802319 3013.616285733080 -2.10570519907740 5.46051368459504 4.94789057740359
2024-06-13T12:46:57.132 5353.120739855320 918.266826800755 4076.568646839130 -3.86048327884080 5.37950126659141 3.85593551398479
2024-06-13T12:50:57.132 4243.138090572390 2160.253946122370 4842.001189949170 -5.33264747184894 4.90727660630164 2.48384134804152
2024-06-13T12:54:57.132 2824.630335292410 3245.193926573850 5254.391572554570 -6.41601274328553 4.07882741849765 0.93189746400805
2024-06-13T12:58:57.132 1200.871123946440 4094.359432475730 5283.926643872060 -7.03276334706102 2.95444378503554 -0.68720748157808
2024-06-13T13:02:57.132 -510.122575152946 4646.118812845060 4928.552366101350 -7.13857437378562 1.61547270608487 -2.25618133534133
2024-06-13T13:06:57.132 -2184.047191071300 4860.330325108470 4214.096178738120 -6.72566331462981 0.15859701197537 -3.66132479164948
2024-06-13T13:10:57.132 -3699.199572231720 4721.246293526010 3192.456635782970 -5.82343268516373 -1.31072419613070 -4.80035554215242
2024-06-13T13:14:57.132 -4945.264863048780 4238.750975881080 1937.955132196990 -4.49688549755869 -2.68564701643536 -5.58986298225527
2024-06-13T13:18:57.132 -5831.403913025420 3447.765884766860 542.020811312013 -2.84241121228940 -3.86566271195654 -5.97164868706600
2024-06-13T13:22:57.132 -6293.022973710850 2405.796053129610 -893.478018716403 -0.98095191884359 -4.76433737962210 -5.91753821944861
2024-06-13T13:26:57.132 -6296.588186458630 1188.714277412120 -2263.767764479970 0.95124924363803 -5.31600287929025 -5.43163175468397
2024-06-13T13:30:57.132 -5842.077936202080 -114.851231695642 -3468.920112837840 2.81296361487344 -5.48070362370828 -4.54993642484263
2024-06-13T13:34:57.132 -4962.882536536160 -1410.074896935790 -4421.207014777910 4.46874767843590 -5.24702046898753 -3.33740861125004
2024-06-13T13:38:57.132 -3723.196507180730 -2602.880988438020 -5051.456352323310 5.79887089590532 -4.63250279267019 -1.88270191494311
2024-06-13T13:42:57.132 -2213.217919242390 -3606.730723887590 -5313.954989142660 6.70759555469952 -3.68196373846642 -0.29144873493232
2024-06-13T13:46:57.132 -542.589136013092 -4348.778211389000 -5189.629484124100 7.12949855920703 -2.46399791036208 1.32127683044921
2024-06-13T13:50:57.132 1167.430770482340 -4775.031344965500 -4687.374188541110 7.03375394159581 -1.06624271307198 2.83881732879382
2024-06-13T13:54:57.132 2792.583869641600 -4854.238654541320 -3843.471473517450 6.42639445291227 0.41049658415192 4.15090148803877
2024-06-13T13:58:57.132 4214.520763304030 -4580.250353201050 -2719.124632868230 5.35045625586667 1.85906101177496 5.16141727958119
2024-06-13T14:02:57.132 5329.444023440520 -3972.635207195780 -1396.160974305860 3.88352032918988 3.17361089471102 5.79573030087874
2024-06-13T14:06:57.132 6055.824613351830 -3075.410590173560 28.866398427987 2.13248599631381 4.25755716841798 6.00660312963255
2024-06-13T14:10:57.132 6340.555028718390 -1953.903337067400 1451.776577238690 0.22581463003992 5.03109017261207 5.77818752588564
2024-06-13T14:14:57.132 6162.970888889490 -689.927814801988 2768.531652127260 -1.69639600045359 5.43754110226974 5.12751566180691
2024-06-13T14:18:57.132 5536.327860733370 624.331419172934 3882.998012008090 -3.49340885106784 5.44766086428124 4.10293202404530
2024-06-13T14:22:57.132 4506.666152483860 1893.161123253650 4714.015852716680 -5.03442851910861 5.06140423520385 2.78002859487243
2024-06-13T14:26:57.132 3149.266448475100 3024.332570434440 5201.261120373020 -6.20805978357073 4.30761457510174 1.25570917583180
2024-06-13T14:30:57.132 1563.014672090010 3935.758494307650 5309.493038279820 -6.93006101799842 3.24134403138692 -0.35919803748061
2024-06-13T14:34:57.132 -136.788595897594 4561.302931746630 5030.956914846730 -7.14859102953156 1.93970925468603 -1.94777713338062
2024-06-13T14:38:57.132 -1826.655394287380 4855.482177066000 4385.901271760420 -6.84770909016259 0.49671443090223 -3.39491968370840
2024-06-13T14:42:57.132 -3383.747790378260 4796.758294497870 3421.175051149510 -6.04877031144825 -0.98326263659420 -4.59539480252368
2024-06-13T14:46:57.132 -4694.729744666730 4389.172217549390 2206.934030947340 -4.80922208961137 -2.39269628781181 -5.46139732700155
2024-06-13T14:50:57.132 -5664.048916397310 3662.174394235290 831.641732805323 -3.21898651594842 -3.62867093938449 -5.92916669126336
2024-06-13T14:54:57.132 -6221.031753578830 2668.580775958680 -604.356173931617 -1.39418965422373 -4.60066563205070 -5.96414509195203
2024-06-13T14:58:57.132 -6325.162453711300 1480.730947501150 -1996.238149308420 0.53157915856064 -5.23755371872167 -5.56383986615968
2024-06-13T15:02:57.132 -5969.072260371950 185.136746935694 -3242.474329014230 2.41748289030013 -5.49310982543194 -4.75797205332374
2024-06-13T15:06:57.132 -5178.983459928070 -1123.928919645000 -4252.307339040540 4.12618409980818 -5.34923526572981 -3.60597107730390
2024-06-13T15:10:57.132 -4012.638501952920 -2351.350744937210 -4952.348845200970 5.53395407013211 -4.81697713733210 -2.19219046800506
2024-06-13T15:14:57.132 -2554.952577060590 -3408.055207976350 -5291.810892833580 6.53936583186595 -3.93526799347960 -0.61943260565337
2024-06-13T15:18:57.132 -911.809484388096 -4217.369547212320 -5246.056692086260 7.07008091994240 -2.76786574462280 0.99846881969666
2024-06-13T15:22:57.132 797.530526456927 -4720.457392135450 -4818.304320699540 7.08757123480198 -1.39878958973488 2.54454748264459
2024-06-13T15:26:57.132 2448.902552300020 -4880.525878087710 -4039.428558201810 6.58978165872088 0.07330441311288 3.90661570748704
2024-06-13T15:30:57.132 3922.110164143960 -4685.557444525070 -2965.868272908780 5.61173326222426 1.54179737802858 4.98510868790317
2024-06-13T15:34:57.132 5109.652549025270 -4149.345753400600 -1675.699625182260 4.22369834409940 2.89950910156741 5.70044560700907
2024-06-13T15:38:57.132 5924.708313101900 -3310.672562403330 -263.046431435532 2.52672841357336 4.04674505303803 5.99942299569385
2024-06-13T15:42:57.132 6307.677115023400 -2230.558647163450 1168.837301914400 0.64516726573683 4.89908218091592 5.85967589786480
2024-06-13T15:46:57.132 6230.673201901770 -987.784222064925 2515.243614786130 -1.28273703264345 5.39393402491372 5.29157123702342
2024-06-13T15:50:57.132 5699.585274821220 326.985492295185 3677.827715030010 -3.11563054968570 5.49546460923962 4.33737285501156
2024-06-13T15:54:57.132 4753.505866253220 1617.960886834420 4571.879877304550 -4.71992719072974 5.19700089603624 3.06764230504151
2024-06-13T15:58:57.132 3461.662826239480 2791.269169772700 5132.456718261510 -5.97954309213359 4.52098930217758 1.57545127506797
2024-06-13T16:02:57.132 1918.235290223750 3761.733276829650 5318.975177995110 -6.80384802680107 3.51697581868089 -0.03050312603980
2024-06-13T16:06:57.132 235.457878850673 4458.950538343640 5118.024314087320 -7.13380172474621 2.25773107272141 -1.63385305232318
2024-06-13T16:10:57.132 -1464.433102938000 4832.261264879960 4544.239744238310 -6.94554276270614 0.83410900130538 -3.11855007048726
2024-06-13T16:14:57.132 -3057.899516514970 4854.392952440800 3639.283322088800 -6.25222497257873 -0.65096625999463 -4.37673701899939
2024-06-13T16:18:57.132 -4428.989060117060 4523.514460753890 2468.942394371490 -5.10361911988992 -2.08967723804700 -5.31648516017853
2024-06-13T16:22:57.132 -5477.792878988230 3863.481326228050 1118.448224779880 -3.58290128494779 -3.37708375225611 -5.86871414849192
2024-06-13T16:26:57.132 -6127.833959227680 2922.206980430230 -313.687822405397 -1.80099632385376 -4.41893490754157 -5.99260817117225
2024-06-13T16:30:57.132 -6331.786070649990 1768.203368745110 -1722.922736580010 0.11165669568813 -5.13895715655332 -5.67907880511658
2024-06-13T16:34:57.132 -6074.977406319300 485.522283832119 -3006.434530449960 2.01511687960078 -5.48473437091984 -4.95143784264491
2024-06-13T16:38:57.132 -5376.399298808400 -832.474917215763 -4070.713591642120 3.77059839201339 -5.43156614916500 -3.86343547550632
2024-06-13T16:42:57.132 -4287.161547696650 -2089.995982634800 -4838.383545941400 5.25086965431397 -4.98392886191549 -2.49484846435513
2024-06-13T16:46:57.132 -2886.613480339030 -3195.762835687070 -5253.730920430150 6.34918106236329 -4.17468024499652 -0.94530374844444
2024-06-13T16:50:57.132 -1276.523279882300 -4069.542881907270 -5286.617964001740 6.98649259696540 -3.06241226116445 0.67297123085852
2024-06-13T16:54:57.132 426.236354645070 -4647.844828225150 -4934.577214332740 7.11668226223303 -1.72723594061088 2.24294800151193
2024-06-13T16:58:57.132 2098.010561569040 -4888.450928758980 -4223.000432121120 6.72969591974917 -0.26531924613189 3.65082696709049
2024-06-13T17:02:57.132 3617.179669060110 -4773.512043177200 -3203.412334156230 5.85252626290910 1.21759250834049 4.79391859477907
2024-06-13T17:06:57.132 4872.944908867610 -4310.985533790270 -1949.905416196330 4.54795600446235 2.61345813628412 5.58803166247560
2024-06-13T17:10:57.132 5773.516803529710 -3534.244072948080 -553.878901261103 2.91071677092311 3.81987828311746 5.97413813159020
2024-06-13T17:14:57.132 6253.026223555930 -2499.760526641730 882.645005329553 1.06072889867220 4.74803779252424 5.92338995687083
2024-06-13T17:18:57.132 6276.505178327390 -1282.970331270270 2254.612499793470 -0.86609492477079 5.32976462520853 5.43953279272191
2024-06-13T17:22:57.132 5842.477653213240 27.348757146768 3461.773922992590 -2.72838588945807 5.52274087357363 4.55857545397411
2024-06-13T17:26:57.132 4982.960742962350 1335.690865012360 4416.118388753380 -4.39019395512245 5.31352661726902 3.34578494163416
2024-06-13T17:30:57.132 3760.920852828050 2546.873623581690 5048.286774375880 -5.73110320183484 4.71814805669589 1.89026497127596
2024-06-13T17:34:57.132 2265.507453695360 3572.947797256720 5312.488163144980 -6.65457284114309 3.78040784305800 0.29809271126466
2024-06-13T17:38:57.132 605.514801106152 4339.476362271850 5189.673948611750 -7.09434784978424 2.56840722237597 -1.31525360091405
2024-06-13T17:42:57.132 -1098.459030751620 4790.807740462100 4688.834628337420 -7.01884262293208 1.16966357149660 -2.83297105356643
2024-06-13T17:46:57.132 -2722.618008227450 4894.037490486920 3846.346273861960 -6.43317846355672 -0.31482679033060 -4.14494773992040
2024-06-13T17:50:57.132 -4148.829194571590 4641.442901597260 2723.431391136610 -5.37922567586802 -1.77744421412369 -5.15549601391685
2024-06-13T17:54:57.132 -5273.200172358670 4051.166910144260 1401.832356994270 -3.93317189987931 -3.11158245050109 -5.79041028855917
2024-06-13T17:58:57.132 -6013.751275567260 3166.015462089050 -22.081734471892 -2.20033770347393 -4.21962462359199 -6.00282363247732
2024-06-13T18:02:57.132 -6316.531631373330 2050.387860529950 -1444.379908778900 -0.30751395762547 -5.02042116085978 -5.77704373154441
2024-06-13T18:06:57.132 -6159.640551344910 785.537902913020 -2761.270925147900 1.60674228768428 -5.45557448587366 -5.12990870160663
2024-06-13T18:10:57.132 -5554.779790919260 -536.455381113096 -3876.782909586240 3.40275543187057 -5.49380025704932 -4.10927259943251
2024-06-13T18:14:57.132 -4546.254888717790 -1819.480386445040 -4709.781471545010 4.95018572865300 -5.13292061158441 -2.79009152145007
2024-06-13T18:18:57.132 -3207.580738925800 -2970.389445862500 -5199.796383183700 6.13737036032920 -4.39958095168073 -1.26850192500213
2024-06-13T18:22:57.132 -1636.059355551520 -3905.675533775660 -5311.274299755890 6.87885201748321 -3.34695597031840 0.34522558934720
2024-06-13T18:26:57.132 54.230548199456 -4557.404904344950 -5036.055864147690 7.12105390300483 -2.05087974079319 1.93440323672529
2024-06-13T18:30:57.132 1740.558766776880 -4878.058103528900 -4393.962431223580 6.84590368952366 -0.60468537803906 3.38387931929126
2024-06-13T18:34:57.132 3300.298171124150 -4843.996163511220 -3431.462114806600 6.07238906486033 0.88709832910430 4.58807671157589
2024-06-13T18:38:57.132 4619.760995775410 -4457.291725415440 -2218.447745994700 4.85567600408217 2.31599897929718 5.45854999060670
2024-06-13T18:42:57.132 5602.538423250000 -3745.751341265350 -843.302165365330 3.28381900854334 3.57736104265851 5.93070761152018
2024-06-13T18:46:57.132 6176.729447728550 -2761.043334282280 593.512166342152 1.47177200614936 4.57830894329268 5.96921533069421
2024-06-13T18:50:57.132 6300.406639585710 -1574.954255258220 1986.908664795130 -0.44729360097151 5.24520586025793 5.57116193180784
2024-06-13T18:54:57.132 5964.748847249230 -274.036985922412 3235.037551977630 -2.33246076249148 5.52940790018637 4.76621913646013
2024-06-13T18:58:57.132 5194.595258296980 1046.855580324480 4246.852175206170 -4.04595546988313 5.41077734101860 3.61409778258690
2024-06-13T19:02:57.132 4046.431573692550 2291.587145827540 4948.763861300530 -5.46342872374343 4.89873644089688 2.19958542414816
2024-06-13T19:06:57.132 2604.084983776890 3369.733776597540 5289.894745204360 -6.48268629500186 4.03110684324420 0.62595938430323
2024-06-13T19:10:57.132 972.541180796901 4203.069633957870 5245.624465984210 -7.03058757616053 2.87105971243834 -0.99257004824594
2024-06-13T19:14:57.132 -729.642371743554 4731.116876489960 4819.254707697670 -7.06778083552323 1.50244550989623 -2.53884537188557
2024-06-13T19:18:57.132 -2378.807087196740 4915.440374562550 4041.764049813060 -6.59137611897816 0.02406849016844 -3.90073679636891
2024-06-13T19:22:57.132 -3855.040813600200 4742.452219867780 2969.643685034330 -5.63537271487064 -1.45700727516991 -4.97902900018608
2024-06-13T19:26:57.132 -5050.854795678790 4224.503246790770 1680.911305190570 -4.26875420858524 -2.83299590978739 -5.69468945806552
2024-06-13T19:30:57.132 -5879.081999674560 3399.108945033660 269.506886368562 -2.59090896977375 -4.00330246710316 -5.99495262977157
2024-06-13T19:34:57.132 -6279.367649649230 2326.286702583190 -1161.570620362550 -0.72449203451474 -4.88222234544732 -5.85761905731945
2024-06-13T19:38:57.132 -6222.676275633580 1084.160973818000 -2507.879383067030 1.19383699926225 -5.40555195521967 -5.29296145017173
2024-06-13T19:42:57.132 -5713.398940111870 -236.831083124109 -3671.277614701730 3.02399522349303 -5.53551230923483 -4.34281212668486
2024-06-13T19:46:57.132 -4788.894784761770 -1540.626471459560 -4567.118336463060 4.63301690685370 -5.26322562802699 -3.07703357045547
2024-06-13T19:50:57.132 -3516.606719843010 -2732.550966110020 -5130.352355729240 5.90467214769446 -4.60899557570026 -1.58800928531473
2024-06-13T19:54:57.132 -1989.044852826520 -3726.128166713450 -5320.119621422540 6.74745020718915 -3.62036012547100 0.01628693770902
2024-06-13T19:58:57.132 -317.099474862248 -4449.220302336360 -5122.592480861800 7.10053834074328 -2.36856569856175 1.61985561188045
2024-06-13T20:02:57.132 1377.859702875090 -4849.158633638030 -4551.955669259350 6.93793636350571 -0.94369191323218 3.10660234648802
2024-06-13T20:06:57.132 2972.622344692790 -4896.561832776910 -3649.466984045280 6.27047206998330 0.55137001923128 4.36832904923368
2024-06-13T20:10:57.132 4351.004489132050 -4587.579325918020 -2480.621645405580 5.14561813889452 2.00802300968472 5.31251638192805
2024-06-13T20:14:57.132 5412.347903581650 -3944.330587878740 -1130.526389041280 3.64457628050786 3.31976422787616 5.86931330537539
2024-06-13T20:18:57.132 6079.008674750970 -3013.450519294920 302.242434768377 1.87682475735551 4.39012077492603 5.99710533982315
2024-06-13T20:22:57.132 6302.247955739880 -1862.755462920810 1712.899444348490 -0.02778487823697 5.14024791205113 5.68619759776045
2024-06-13T20:26:57.132 6065.921614137670 -576.217160645122 2998.294629724280 -1.92929805229173 5.51524169012688 4.95978783164024
2024-06-13T20:30:57.132 5387.599771030890 752.318030047699 4064.603458135300 -3.68851249803300 5.48820380795785 3.87183511546116
2024-06-13T20:34:57.132 4317.106338278950 2026.103957671710 4834.217458462330 -5.17753140340817 5.06192848140311 2.50257320532952
2024-06-13T20:38:57.132 2932.671534901690 3152.569831457970 5251.309175484120 -6.28889367293281 4.26810793120792 0.95211455706006
2024-06-13T20:42:57.132 1335.124620238110 4049.962709293760 5285.737091541070 -6.94276975649326 3.16461705202556 -0.66687965884629
2024-06-13T20:46:57.132 -359.408942119145 4653.159813587430 4935.115750794080 -7.09224231019675 1.83134405975470 -2.23713731889397
2024-06-13T20:50:57.132 -2027.826611661340 4918.298261402460 4224.938861065960 -6.72639138067396 0.36454002499783 -3.64491977487232
2024-06-13T20:54:57.132 -3548.837901664900 4825.943626903480 3206.799945965450 -5.87124655886723 -1.12963062139501 -4.78776541696232
2024-06-13T20:58:57.132 -4811.723674848580 4382.589648518600 1954.765342682970 -4.58839866980706 -2.54255549823357 -5.58203127382132
2024-06-13T21:02:57.132 -5724.439082957670 3620.309553729860 560.072665339765 -2.97101409029335 -3.77102077563397 -5.96920799869877
2024-06-13T21:06:57.132 -6220.458759042690 2594.507798819850 -875.509338220554 -1.13727626839294 -4.72506552067488 -5.92066531831532
2024-06-13T21:10:57.132 -6263.749350290270 1379.879496473790 -2247.199517960400 0.77854332744225 -5.33495291614739 -5.44010602523491
2024-06-13T21:14:57.132 -5851.407106303070 64.873230150776 -3454.972967568880 2.63641679879053 -5.55651622106017 -4.56317735045090
2024-06-13T21:18:57.132 -5013.753151056210 -1254.861229597990 -4410.919174031920 4.30124176306442 -5.37422381223056 -3.35447453668865
2024-06-13T21:22:57.132 -3811.945217550020 -2483.471962959120 -5045.598798236830 5.65266246359592 -4.80184318455112 -1.90232204798206
2024-06-13T21:26:57.132 -2333.413551556820 -3531.809686331800 -5312.967671555900 6.59334920827667 -3.88108989950626 -0.31216039833989
2024-06-13T21:30:57.132 -685.508010128722 -4323.786636195430 -5193.589146244450 7.05554442719059 -2.67840426954349 1.30102467424251
2024-06-13T21:34:57.132 1012.167706085860 -4801.770548274470 -4695.986172827230 7.00546418368792 -1.28028743901877 2.82053712640985
2024-06-13T21:38:57.132 2636.252140013810 -4930.737551738200 -3856.099206031890 6.44583671025486 0.21241838998850 4.13592751353059
2024-06-13T21:42:57.132 4068.475848123800 -4700.906237439230 -2734.834629708400 5.41620999555186 1.69142251809308 5.15086213067800
2024-06-13T21:46:57.132 5204.290286991900 -4128.617513818100 -1413.794595820090 3.99079686836001 3.04867484892569 5.79035422394012
2024-06-13T21:50:57.132 5960.641778801650 -3255.297439679960 10.607955184041 2.27341851100031 4.18452251617192 6.00679984343175
2024-06-13T21:54:57.132 6282.214384471130 -2144.514716502420 1434.228484991410 0.39000635245137 5.01529102912328 5.78385446076832
2024-06-13T21:58:57.132 6145.634468756280 -877.313923116966 2752.950394656340 -1.52098311552851 5.48002715813505 5.13811922673309
2024-06-13T22:02:57.132 5561.161094872890 453.850084787274 3870.470204896280 -3.31954387753601 5.54515544064573 4.11760788274305
2024-06-13T22:06:57.132 4571.778207977330 1751.991767142180 4705.390826536470 -4.87466944523306 5.20666102039417 2.79767674883201
2024-06-13T22:10:57.132 3249.861396558550 2922.717098890190 5197.103203982110 -6.07390678505437 4.48994393210574 1.27506412024077
2024-06-13T22:14:57.132 1691.752785727500 3881.043012096000 5310.050279088350 -6.83109213253651 3.44747248373213 -0.33948395143938
2024-06-13T22:18:57.132 10.741989894975 4557.434173570230 5036.156849932640 -7.09190580291186 2.15473585906589 -1.92901338580409
2024-06-13T22:22:57.132 -1671.042995372720 4902.735919561350 4395.365213261080 -6.83747207628779 0.70512444457763 -3.37835853211922
2024-06-13T22:26:57.132 -3231.371429618690 4891.716838499100 3434.231296397160 -6.08583209930801 -0.79655285834135 -4.58220138687115
2024-06-13T22:30:57.132 -4556.699929652580 4524.958893179440 2222.653199969400 -4.89100732511238 -2.24124859161370 -5.45254158490142
2024-06-13T22:34:57.132 -5550.458944180540 3828.941543272950 848.892473260759 -3.33963297032675 -3.52352954749482 -5.92534590967664
2024-06-13T22:38:57.132 -6140.211920658480 2854.220265610480 -586.828609556580 -1.54497124816892 -4.54950056775242 -5.96567826530938
2024-06-13T22:42:57.132 -6283.071339457890 1671.754550488290 -1979.718679127810 0.36159513123640 -5.24413357500100 -5.57066244476375
2024-06-13T22:46:57.132 -5968.852400157630 367.655942675916 -3228.184797309770 2.24067658520964 -5.55696889728888 -4.76962625803125
2024-06-13T22:50:57.132 -5220.727585282060 -963.183746268632 -4241.318574481850 3.95542771845495 -5.46572286899811 -3.62167004293825
2024-06-13T22:54:57.132 -4093.383050208110 -2224.070622333280 -4945.508777521960 5.38170595522123 -4.97767726888100 -2.21085915558334
2024-06-13T22:58:57.132 -2668.877795353720 -3323.512914338680 -5289.671238123350 6.41681346291281 -4.12854286206016 -0.63967766119299
2024-06-13T23:02:57.132 -1050.659418962570 -4181.731862858810 -5248.808585278770 6.98620126086730 -2.97963518069510 0.97821097599823
2024-06-13T23:06:57.132 643.835251565480 -4736.326396419490 -4825.765586080220 7.04850039969456 -1.61361244961892 2.52580951037053
2024-06-13T23:10:57.132 2291.527995580230 -4946.743249583510 -4051.062045191750 6.59837796962077 -0.12886731401288 3.89080076838958
2024-06-13T23:14:57.132 3772.491595994990 -4797.285787134810 -2980.828246307110 5.66738304367676 1.36703436245843 4.97337390429233
2024-06-13T23:18:57.132 4978.666482763860 -4298.422782138500 -1692.894579714250 4.32236444243231 2.76494880650986 5.69367384563361
2024-06-13T23:22:57.132 5821.868202214910 -3486.200742281560 -281.217749858312 2.66117279360463 3.96222683785975 5.99810305852848
2024-06-13T23:26:57.132 6240.437849963820 -2419.709451280420 1151.016252513360 0.80557322166412 4.87078055499863 5.86389724743070
2024-06-13T23:30:57.132 6203.882232563120 -1176.731372358030 2499.069212989300 -1.10815062228186 5.42391004816745 5.30097336664002
2024-06-13T23:34:57.132 5715.124030624690 152.038589598840 3664.457402229710 -2.93962336845178 5.58142029396286 4.35117860054392
2024-06-13T23:38:57.132 4810.176263677190 1469.762071956850 4562.245968013970 -4.55524991351584 5.33256539748917 3.08477538342870
2024-06-13T23:42:57.132 3555.294684403920 2680.594169541110 5127.211645892070 -5.83807297932548 4.69620174677904 1.59467602791483
2024-06-13T23:46:57.132 2041.994382197880 3696.609566036670 5318.460482382200 -6.69576788684957 3.71903209044990 -0.01053921603445
2024-06-13T23:50:57.132 380.349478741017 4444.089160718790 5122.254151701440 -7.06684080415081 2.47199459644407 -1.61450138330992
2024-06-13T23:54:57.132 -1308.922568580460 4868.746274847100 4552.910110369480 -6.92456131888243 1.04514447152054 -3.10110505296123
2024-06-13T23:58:57.132 -2903.069407872580 4939.609480612610 3651.790366017020 -6.27887124327578 -0.45837249300848 -4.36240862245194
2024-06-14T00:02:57.132 -4286.123332946210 4651.323044495790 2484.405295941130 -5.17609307787792 -1.92950066196889 -5.30633202345032
2024-06-14T00:06:57.132 -5357.340371996490 4024.646578370710 1135.766154338630 -3.69608648831100 -3.26099263364640 -5.86351607596170
2024-06-14T00:10:57.132 -6038.643451750290 3105.056414666740 -295.768478866177 -1.94674165310797 -4.35544213084942 -5.99283946522825
2024-06-14T00:14:57.132 -6280.441086954670 1959.469857269530 -1705.719458384460 -0.05605502403484 -5.13273985843039 -5.68478763049641
2024-06-14T00:18:57.132 -6065.310665871770 671.315150708117 -2991.227538393590 1.83763510622106 -5.53629647345244 -4.96227265928430
2024-06-14T00:22:57.132 -5409.207116901840 -665.661137239620 -4058.652544530990 3.59629826947580 -5.53720414411921 -3.87866277452610
2024-06-14T00:26:57.132 -4360.137443935330 -1954.295811555180 -4830.398650059340 5.09249130073099 -5.13599287889313 -2.51338470477815
2024-06-14T00:30:57.132 -2994.513378791260 -3101.055573621820 -5250.460728094390 6.21831879998762 -4.36214605019346 -0.96581868910359
2024-06-14T00:34:57.132 -1411.539762039400 -4022.736239648870 -5288.355763141180 6.89278015489018 -3.27168271367348 0.65202899101648
2024-06-14T00:38:57.132 273.905899272450 -4652.364139746110 -4941.226600047970 7.06699532786172 -1.94305959005566 2.22322595932229
2024-06-14T00:42:57.132 1939.435364074160 -4943.975489734120 -4234.083912739810 6.72765972804969 -0.47192845870916 3.63383412748817
2024-06-14T00:46:57.132 3463.882492209620 -4875.992680251780 -3218.118629526370 5.89827686561216 1.03530205965651 4.78090475144819
2024-06-14T00:50:57.132 4736.065020342290 -4452.940851059710 -1967.161647974980 4.63818712668121 2.46881370856045 5.57992733738730
2024-06-14T00:54:57.132 5663.003474031680 -3705.303304421930 -572.425034708203 3.03885278726669 3.72348600998212 5.97156575639345
2024-06-14T00:58:57.132 6176.894389297120 -2687.418295880420 864.168325600155 1.21733517079301 4.70694996815602 5.92653205694116
2024-06-14T01:02:57.132 6240.241025628990 -1473.517500467230 2237.552938771240 -0.69251015672847 5.34690715726239 5.44812076384515
2024-06-14T01:06:57.132 5848.649771974510 -152.187124504327 3447.364217240210 -2.55050072736370 5.59678501249757 4.57192189914396
2024-06-14T01:10:57.132 5031.045869078590 1180.244290693010 4405.375599432100 -4.22090536530948 5.43898463059504 3.36280176957343
2024-06-14T01:14:57.132 3847.371832706230 2426.821396981880 5041.947711323760 -5.58261653506611 4.88583406704667 1.90972113303388
2024-06-14T01:18:57.132 2384.006563285040 3497.009190225280 5310.971608809230 -6.53760989438233 3.97808240067947 0.31858516698655
2024-06-14T01:22:57.132 747.433360690200 4313.152713895030 5193.056227697830 -7.01732267596412 2.78166688057915 -1.29515974805753
2024-06-14T01:26:57.132 -943.429684687785 4815.997121298080 4696.854859550260 -6.98727971269950 1.38308535759228 -2.81463296172532
2024-06-14T01:30:57.132 -2565.737368674740 4968.922069316110 3858.427642958870 -6.44942021266522 -0.11663034156691 -4.12964413850366
2024-06-14T01:34:57.132 -4001.510221587600 4760.617851054180 2738.708151784100 -5.44219865534210 -1.60880495411861 -5.14433968537129
2024-06-14T01:38:57.132 -5146.187172223120 4206.014169715090 1419.203024089780 -4.03840285500979 -2.98476823884103 -5.78422779739031
2024-06-14T01:42:57.132 -5916.337030028700 3345.318436905560 -3.877252498490 -2.34026807475736 -4.14389361460103 -6.00211099801929
2024-06-14T01:46:57.132 -6255.872140051650 2241.140602571940 -1426.675888614600 -0.47200744514453 -5.00132987041798 -5.78191096735377
2024-06-14T01:50:57.132 -6140.223254376240 973.888784209838 -2745.377932558940 1.42965372188398 -5.49456472868199 -5.14004740208661
2024-06-14T01:54:57.132 -5578.087768173390 -364.192039574812 -3863.889925413370 3.22598182827472 -5.58805849026868 -4.12398835794636
2024-06-14T01:58:57.132 -4610.653972276340 -1675.825889323130 -4700.867473582280 4.78663204056353 -5.27561958939940 -2.80833119232422
2024-06-14T02:02:57.132 -3308.436817308600 -2865.792054021570 -5195.550942117540 5.99898013930365 -4.58037756179993 -1.28892548709188
2024-06-14T02:06:57.132 -1766.073424651030 -3847.749753657200 -5312.041936869460 6.77575176819537 -3.55271453673864 0.32413263263387
2024-06-14T02:10:57.132 -95.505799728787 -4550.372885873230 -5041.808363978630 7.06082096019269 -2.26664465185172 1.91422782836854
2024-06-14T02:14:57.132 1581.987661038650 -4922.435801327260 -4404.285492832090 6.83295823903428 -0.81470166317453 3.36621716475531
2024-06-14T02:18:57.132 3144.420129730290 -4936.539516542120 -3445.586696917790 6.10763490975029 0.69820083692500 4.57425183741089
2024-06-14T02:22:57.132 4477.899259203620 -4591.231629060870 -2235.328499681480 4.93651343345944 2.16203995832542 5.44953881695797
2024-06-14T02:26:57.132 5484.990401838940 -3911.296374431340 -861.702699203088 3.40436451643960 3.46955386025150 5.92712800665922
2024-06-14T02:30:57.132 6092.025945483000 -2946.097125952570 574.937418277426 1.62323788845724 4.52454714216723 5.97135580643209
2024-06-14T02:34:57.132 6254.667094509430 -1765.991391206530 1969.520031612800 -0.27606432310754 5.24940051874441 5.57883101613688
2024-06-14T02:38:57.132 5961.231168190290 -457.111752856315 3220.092814766860 -2.15399329828812 5.59114133045983 4.77878115018230
2024-06-14T02:42:57.132 5233.479520626840 885.079672146404 4235.411375388720 -3.87320859475830 5.52542816512214 3.63054477253509
2024-06-14T02:46:57.132 4124.836221428200 2162.869825905500 4941.617567854740 -5.30882803867162 5.05788331362480 2.21871614358429
2024-06-14T02:50:57.132 2716.282477593230 3283.420254301220 5287.529206864180 -6.35738884889730 4.22317168372120 0.64642876606223
2024-06-14T02:54:57.132 1110.361365980210 4165.425056205210 5248.185801428650 -6.94366009410515 3.08209187243662 -0.97222856800012
2024-06-14T02:58:57.132 -576.222015426309 4744.868359621390 4826.538502065740 -7.02549116516056 1.71710737115512 -2.52006143540308
2024-06-14T03:02:57.132 -2220.933339649990 4979.588626050230 4053.239067704040 -6.59679252440006 0.22683559426229 -3.88479653242995
2024-06-14T03:06:57.132 -3704.196421589500 4852.353642322000 2984.485307873220 -5.68818969166873 -1.28082194891885 -4.96708778361405
2024-06-14T03:10:57.132 -4918.030814369300 4372.192212470150 1698.047227169840 -4.36520056954449 -2.69621122538301 -5.68762958571654
2024-06-14T03:14:57.132 -5773.973776602780 3573.867306893960 287.695093202401 -2.72402524835039 -3.91588910501594 -5.99330063880153
2024-06-14T03:18:57.132 -6209.665900334280 2515.423884139630 -1143.654345385590 -0.88463356594477 -4.85054483239453 -5.86153098906773
2024-06-14T03:22:57.132 -6193.501289272800 1273.938083997280 -2491.549540237540 1.01832152282040 -5.43193016706926 -5.30219392628003
2024-06-14T03:26:57.132 -5726.919337009740 -60.201405612621 -3657.741004261940 2.84589009802612 -5.61802899004271 -4.35671907615136
2024-06-14T03:30:57.132 -4844.168509306890 -1389.978138987060 -4557.383184339180 4.46531027460732 -5.39590021239538 -3.09460982467094
2024-06-14T03:34:57.132 -3609.645125915550 -2618.830946981420 -5125.147956411580 5.75959638980554 -4.78217941830991 -1.60795486554742
2024-06-14T03:38:57.132 -2113.107197474830 -3657.600034297240 -5319.839972384830 6.63557754431469 -3.82147954691435 -0.00455065236385
2024-06-14T03:42:57.132 -463.181411771915 -4430.864570222090 -5127.264762922290 7.03003698159594 -2.58299433297230 1.59968487537681
2024-06-14T03:46:57.132 1220.370859738830 -4882.306278340710 -4561.238147670520 6.91397383631308 -1.15583336762173 3.08859992252436
2024-06-14T03:50:57.132 2815.181851542220 -4978.788829670930 -3662.668163498850 6.29482874466354 0.35703749321070 4.35388637035003
2024-06-14T03:54:57.132 4205.058855072880 -4712.865369177910 -2496.752400644140 5.21645536331163 1.84572978754702 5.30268843645844
2024-06-14T03:58:57.132 5288.492384367760 -4103.510030915970 -1148.393017237770 3.75669993146911 3.20133589590080 5.86475068662112
2024-06-14T04:02:57.132 5986.231168014450 -3194.892420354950 283.946150049341 2.02210075741141 4.32416263779549 5.99811417762498
2024-06-14T04:06:57.132 6247.272538428440 -2053.210618350930 1695.512213395280 0.14002248872359 5.13154958788134 5.69271411986611
2024-06-14T04:10:57.132 6052.709495237340 -761.787579642007 2983.084583320430 -1.75120628393546 5.56438781750801 4.97129488805876
2024-06-14T04:14:57.132 5417.067584296740 585.160507659714 4052.667972888930 -3.51311465383594 5.59154172321158 3.88743791014608
2024-06-14T04:18:57.132 4387.068936508110 1889.521751780560 4826.400933916230 -5.01750334062155 5.21181663091529 2.52109408727409
2024-06-14T04:22:57.132 3038.028638132420 3056.482478651170 5248.162704565900 -6.15575225735250 4.45362034676126 0.97228812174972
2024-06-14T04:26:57.132 1468.221964279480 4001.351008295690 5287.491808640610 -6.84615684648562 3.37233365145503 -0.64645444613327
2024-06-14T04:30:57.132 -208.243975408482 4655.569520833900 4941.654530794200 -7.03921583222742 2.04621361347963 -2.21794061060431
2024-06-14T04:34:57.132 -1869.586672950430 4971.572782807910 4235.796841950470 -6.72082429170766 0.57096110100137 -3.62834233254620
2024-06-14T04:38:57.132 -3395.034996495570 4926.234143943790 3221.200224535990 -5.91357486245089 -0.94663497059564 -4.77500235095599
2024-06-14T04:42:57.132 -4673.561608150230 4522.635113699760 1971.674996518830 -4.67563252169413 -2.39628880347035 -5.57401139841836
2024-06-14T04:46:57.132 -5612.005650493420 3789.950845509070 578.274158090187 -3.09688591747911 -3.67216723402110 -5.96653278027060
2024-06-14T04:50:57.132 -6141.982650314150 2781.423287928010 -857.336145054842 -1.29265012682502 -4.68085416626731 -5.92358426026217
2024-06-14T04:54:57.132 -6224.984396703460 1570.482120256930 -2230.385030737070 0.60502437455113 -5.34862432150761 -5.44844115867177
2024-06-14T04:58:57.132 -5855.205097188800 245.308249276918 -3440.752176697320 2.45741660180821 -5.62705470273232 -4.57632582358745
2024-06-14T05:02:57.132 -5059.862092488960 -1097.702544819530 -4400.338694563710 4.12980193788994 -5.49646521645719 -3.37147618841893
2024-06-14T05:06:57.132 -3897.035468607000 -2361.000910602550 -5039.440017697300 5.50124453777968 -4.96690752881854 -1.92194138162337
2024-06-14T05:10:57.132 -2451.317537067740 -3452.920530264290 -5311.686349915620 6.47298955685255 -4.07698959150152 -0.33293115926152
2024-06-14T05:14:57.132 -827.668414142298 -4294.205915750570 -5197.277174521090 6.97500534268113 -2.89090236125490 1.28064289669962
2024-06-14T05:18:57.132 856.077034362862 -4823.640744838540 -4704.365478274660 6.97062823526282 -1.49392631247153 2.80207140083354
2024-06-14T05:22:57.132 2477.574809745500 -5002.455803942140 -3868.539873764810 6.45925305085091 0.01319971450135 4.12075871996928
2024-06-14T05:26:57.132 3918.750081635740 -4817.232791223730 -2750.405086360160 5.47693556546802 1.52119537792362 5.14011412662243
2024-06-14T05:30:57.132 5074.401324511370 -4281.043616356410 -1431.331125675500 4.09435255363011 2.91991759460180 5.78480997953732
2024-06-14T05:34:57.132 5860.014272487300 -3432.677172999840 -7.597266498116 2.41221752442303 4.10659516761129 6.00679692340463
2024-06-14T05:38:57.132 6218.136933356610 -2333.893226814170 1416.690431079760 0.55391603708059 4.99383400934109 5.78937764150954
2024-06-14T05:42:57.132 6122.725267055200 -1064.874196696440 2737.360115510460 -1.34391836228305 5.51653089582163 5.14872116213096
2024-06-14T05:46:57.132 5581.044816476290 281.773342028004 3857.956256229920 -3.14217050181918 5.63687882109136 4.13248417103584
2024-06-14T05:50:57.132 4632.976953186440 1607.918366771440 4696.854250379470 -4.70984576461544 5.34686806892784 2.81573478724538
2024-06-14T05:54:57.132 3347.908321005760 2817.118640385420 5193.151015937590 -5.93352094582469 4.66840121456681 1.29498627228755
2024-06-14T05:58:57.132 1819.523669836640 3821.588365377410 5310.966334679270 -6.72527872284376 3.65120811273149 -0.31907184915962
2024-06-14T06:02:57.132 158.962643530313 4548.449658982830 5041.889645349620 -7.02835776479984 2.36903259078937 -1.90952627388988
2024-06-14T06:06:57.132 -1513.146741009060 4944.897528005430 4405.520854254010 -6.82089593001900 0.91444467533356 -3.36122059769580
2024-06-14T06:10:57.132 -3075.294518908450 4981.983897968140 3448.086627929580 -6.11748129318976 -0.60744502965963 -4.56870385896395
2024-06-14T06:14:57.132 -4413.811689190410 4656.789021095790 2239.207524434240 -4.96859801790338 -2.08611217208044 -5.44368694541546
2024-06-14T06:18:57.132 -5431.175540193260 3992.768221302630 866.944509534214 -3.45755214567072 -3.41366082510628 -5.92180369908545
2024-06-14T06:22:57.132 -6053.235077116840 3038.142716926540 -568.598068696508 -1.69461922332334 -4.49293365596124 -5.96774448450460
2024-06-14T06:26:57.132 -6234.741337772360 1862.402298226120 -1962.644742501630 0.19115692412778 -5.24499635867223 -5.57817161735091
2024-06-14T06:30:57.132 -5962.689645656630 551.169939988177 -3213.513081888630 2.06186710913197 -5.61518742879463 -4.78201008876461
2024-06-14T06:34:57.132 -5257.180258224760 -800.140421333467 -4230.113459232660 3.78128083189841 -5.57704450404853 -3.63798977837772
2024-06-14T06:38:57.132 -4169.794260059130 -2093.338379320650 -4938.569777152400 5.22489299026961 -5.13396252881692 -2.22986264850253
2024-06-14T06:42:57.132 -2779.689245131380 -3234.572258128360 -5287.475411374090 6.28870463495424 -4.31839294435162 -0.65996032853412
2024-06-14T06:45:00.000 -1982.911183642590 -3732.567778874990 -5317.637931369720 6.66026909683068 -3.77484892554857 0.16978922356222
2024-06-14T06:49:00.000 -331.852344549289 -4492.040620273390 -5083.790368234910 7.01472589348381 -2.51537949582034 1.76719575190047
2024-06-14T06:53:00.000 1343.299857476520 -4925.202382997310 -4479.602653785520 6.85968549998963 -1.07202360683173 3.23715551325322
2024-06-14T06:57:00.000 2920.755781170720 -5000.219628457710 -3548.759366525280 6.20534896873315 0.45101513382637 4.47261729024301
2024-06-14T07:01:00.000 4285.547770499380 -4711.203104607520 -2358.830002982930 5.09815529663127 1.94300433776514 5.38281285362890
2024-06-14T07:05:00.000 5337.974166260090 -4078.825468617120 -996.508245306807 3.61820293074340 3.29472514006085 5.90024156730629
2024-06-14T07:09:00.000 6001.060879793440 -3148.955302522090 438.688870294530 1.87361933949277 4.40678318071425 5.98628666296606
2024-06-14T07:13:00.000 6226.361832002150 -1989.355312416240 1841.789548368490 -0.00749333515840 5.19732793988759 5.63443944417939
2024-06-14T07:17:00.000 5997.600530227490 -684.663737781939 3110.202424000020 -1.88691883602925 5.60850510655048 4.87090499751992
2024-06-14T07:21:00.000 5331.809878194260 669.936402429536 4151.354568041860 -3.62710067234044 5.61081233853309 3.75236864276840
2024-06-14T07:25:00.000 4277.906755233770 1975.789960977110 4889.482402717710 -5.10152836885369 5.20491325437102 2.36126822155407
2024-06-14T07:29:00.000 2912.923334235590 3137.986044824080 5271.063486506730 -6.20378372403923 4.42106184205320 0.79931817373323
2024-06-14T07:33:00.000 1336.280910409260 4072.178864778960 5268.556658511520 -6.85474719472848 3.31646341197448 -0.81998842773397
2024-06-14T07:37:00.000 -337.421955617645 4710.577905384670 4882.270953771820 -7.00773670272955 1.97106028317386 -2.37941290868193
2024-06-14T07:41:00.000 -1986.603591290830 5006.767303585320 4140.300031583300 -6.65159272622251 0.48200728822193 -3.76597709540899
2024-06-14T07:45:00.000 -3491.387355848910 4939.056026257390 3096.552538842590 -5.81164835215801 -1.04299472908290 -4.87879938395350
2024-06-14T07:49:00.000 -4742.248658227140 4512.136388761230 1826.964997888470 -4.54841913133595 -2.49308349844685 -5.63637579158652
2024-06-14T07:53:00.000 -5648.034275346180 3756.876761620660 424.057736468917 -2.95360376337351 -3.76234269767391 -5.98289402037325
2024-06-14T07:57:00.000 -6142.735075383870 2728.170847137700 -1009.799589308070 -1.14377706801216 -4.75779910425841 -5.89270209124937
2024-06-14T08:01:00.000 -6190.429955373930 1500.923937734170 -2369.960948313680 0.74856594509965 -5.40673560835486 -5.37259905434791
2024-06-14T08:05:00.000 -5787.894015950180 164.498496634822 -3557.261162167670 2.58518680873978 -5.66213652760968 -4.46113095313447
2024-06-14T08:09:00.000 -4964.718892773460 -1183.898269483310 -4485.298178648950 4.23256779543074 -5.50599948388890 -3.22536752109692
2024-06-14T08:13:00.000 -3780.987791098450 -2446.330561163870 -5086.666794223780 5.57162967863885 -4.95019483968708 -1.75552461935678
2024-06-14T08:17:00.000 -2322.793651920980 -3531.189267876030 -5317.733210992690 6.50595208135386 -4.03520796381568 -0.15826253924372
2024-06-14T08:21:00.000 -695.989637112456 -4359.714531436760 -5161.674449559480 6.96816592381528 -2.82697802435243 1.45094603579334
2024-06-14T08:25:00.000 981.351659653285 -4871.589786761880 -4629.658011374930 6.92441183349340 -1.41239739517622 2.95565028434921
2024-06-14T08:29:00.000 2587.330401285090 -5029.297978939300 -3760.117827148990 6.37691012870708 0.10649827467573 4.24640653615989
2024-06-14T08:33:00.000 4004.968789979650 -4820.942410202580 -2616.128425285560 5.36431696533499 1.61948359742878 5.22857919846180
2024-06-14T08:37:00.000 5130.753735116280 -4261.286463975070 -1280.975409645900 3.95959837468810 3.01597948471582 5.82949160336578
2024-06-14T08:41:00.000 5882.340115836370 -3390.853457446030 147.851672502953 2.26517979007582 4.19326152449249 6.00428345230121
2024-06-14T08:45:00.000 6204.789037937210 -2273.052885893460 1565.852373820950 0.40553810025166 5.06466188579642 5.73983446680555
2024-06-14T08:49:00.000 6074.707998730730 -989.462832291307 2869.329851569610 -1.48267732503783 5.56639574269115 5.05589432908708
2024-06-14T08:53:00.000 5501.902847445990 366.262714581419 3963.113380377270 -3.26120310327562 5.66221212061149 4.00325418937558
2024-06-14T08:57:00.000 4528.516237755700 1695.345870293350 4767.555479228410 -4.80052033805438 5.34587763643311 2.65960628940791
2024-06-14T09:01:00.000 3225.762584873750 2901.143656383250 5224.281936646500 -5.98934088077269 4.64121837522363 1.12337039512324
2024-06-14T09:05:00.000 1688.588542320350 3896.127818041050 5300.287395924940 -6.74226642954457 3.59982301378510 -0.49375384161239
2024-06-14T09:09:00.000 28.759620935603 4608.104396702490 4990.188309860930 -7.00530192825243 2.29712695427661 -2.07461456156054
2024-06-14T09:13:00.000 -1633.146233315000 4985.338016762360 4316.562118690920 -6.75943258292079 0.82720595578993 -3.50470955240138
2024-06-14T09:17:00.000 -3176.352379422820 5000.271372431700 3328.351447418940 -6.02206200428092 -0.70369399140267 -4.68010153298622
2024-06-14T09:21:00.000 -4488.570769358310 4651.592578671230 2097.436110562040 -4.84621148578262 -2.18436197310384 -5.51479505774352
2024-06-14T09:25:00.000 -5474.209445689920 3964.468758091190 713.492754428785 -3.31718418064673 -3.50676787361621 -5.94744041019759
2024-06-14T09:29:00.000 -6061.438323096170 2988.796790494710 -722.524914038213 -1.54651287872291 -4.57414037469126 -5.94603753576232
2024-06-14T09:33:00.000 -6207.556707958540 1795.601141909890 -2105.806483361030 0.33613363490745 -5.30835933659376 -5.51073904819800
2024-06-14T09:37:00.000 -5902.151955149650 471.778070520319 -3335.476374981720 2.19313320195123 -5.65611414679404 -4.67388969984100
2024-06-14T09:41:00.000 -5167.749694356760 -886.356205993217 -4322.017352002230 3.88934257808246 -5.59265169281557 -3.49715200534863
2024-06-14T09:45:00.000 -4058.006020905820 -2180.132117972020 -4993.752758305800 5.30202633870725 -5.12314115110718 -2.06655781833057
2024-06-14T09:49:00.000 -2653.677773161330 -3315.656274204810 -5301.940079988280 6.32938055422472 -4.28191970466784 -0.48600512724134
2024-06-14T09:53:00.000 -1056.737149316240 -4210.516095134770 -5224.179865216150 6.89740499686440 -3.12971762815019 1.13016011267492
2024-06-14T09:57:00.000 616.926663164357 -4799.624375465940 -4765.979104886750 6.96475280462979 -1.74937166140762 2.66505631869756
2024-06-14T10:01:00.000 2245.733244761360 -5039.893537376380 -3960.408479269040 6.52568840554184 -0.24034798662510 4.00720012816377
2024-06-14T10:05:00.000 3711.110805609600 -4913.439231852290 -2865.855447062050 5.61096930240383 1.28800322514529 5.05837912712725
2024-06-14T10:09:00.000 4906.118731391820 -4429.045499604020 -1561.947251972840 4.28629067863988 2.72413642026576 5.74095037373445
2024-06-14T10:13:00.000 5743.383925949730 -3621.707309479320 -143.838445825319 2.64807757158660 3.96258274125402 6.00407978743894
2024-06-14T10:17:00.000 6161.681064584960 -2550.171444300260 1284.787423108460 0.81642205187254 4.91217367309717 5.82801613691684
2024-06-14T10:21:00.000 6130.557238700780 -1292.627330366330 2619.434635587030 -1.07397159374041 5.50314044126767 5.22584309346114
2024-06-14T10:25:00.000 5652.584545267600 59.144676048588 3762.619217172780 -2.88447165526461 5.69270934496879 4.24243658037046
2024-06-14T10:29:00.000 4762.998998435880 1406.635171743040 4631.057902758190 -4.48317113481448 5.46781763247012 2.95044161399280
2024-06-14T10:33:00.000 3526.928996688480 2651.832311798980 5161.680335781940 -5.75435289460124 4.84557601154812 1.44456434724845
2024-06-14T10:37:00.000 2034.512420969620 3704.311170497890 5316.093873442790 -6.60652343300205 3.87166798523235 -0.16551867780454
2024-06-14T10:41:00.000 394.299638434722 4487.701884110500 5083.231506847650 -6.97856997321148 2.61678598705226 -1.76313312163046
2024-06-14T10:45:00.000 -1274.547520619160 4945.102464481110 4480.065776887550 -6.84366474059771 1.17154412964959 -3.23260396967897
2024-06-14T10:49:00.000 -2850.758277965170 5043.150601709730 3550.416773885540 -6.21121114481780 -0.35962354478655 -4.46718652088604
2024-06-14T10:53:00.000 -4219.666304040610 4774.501330505370 2361.886816930590 -5.12659355421106 -1.86559962281521 -5.37667005950950
2024-06-14T10:57:00.000 -5281.562542464250 4158.491560957740 1001.047115505320 -3.66840321724944 -3.23653775749284 -5.89422012537840
2024-06-14T11:01:00.000 -5959.069460586440 3239.834185117900 -432.846420056062 -1.94300124971393 -4.37217013830953 -5.98168372634839
2024-06-14T11:05:00.000 -6202.893764296800 2085.381987300490 -1835.153687400860 -0.07658494782581 -5.18944010914435 -5.63264496679007
2024-06-14T11:09:00.000 -5995.471879311250 779.209283474764 -3103.587301720210 1.79432036286902 -5.62882672569757 -4.87301194474759
2024-06-14T11:13:00.000 -5352.196752633210 -583.623668276788 -4145.769003597480 3.53336868508194 -5.65883306571871 -3.75885845653815
2024-06-14T11:17:00.000 -4320.133593156150 -1904.076288369920 -4885.955107873250 5.01457913865854 -5.27790542589258 -2.37179591811978
2024-06-14T11:21:00.000 -2974.439852516350 -3086.311231831290 -5270.434027057550 6.13116392252230 -4.51405401424030 -0.81267432803901
2024-06-14T11:25:00.000 -1412.861739455500 -4044.545884506550 -5271.290029492270 6.80272675323495 -3.42252806169500 0.80566780285273
2024-06-14T11:29:00.000 251.279535404947 -4709.143367464780 -4888.347184590400 6.98059836144733 -2.08183677937322 2.36621955046772
2024-06-14T11:33:00.000 1897.143543858100 -5031.581514975540 -4149.214744441960 6.65117071035736 -0.58846255422483 3.75578371242601
2024-06-14T11:37:00.000 3404.986966184050 -4988.024802188320 -3107.421982754410 5.83725207810411 0.94953297889405 4.87285355186304
2024-06-14T11:41:00.000 4664.838959910830 -4581.211754245470 -1838.698666966160 4.59708206337019 2.42009246933001 5.63511280443604
2024-06-14T11:45:00.000 5584.618853115120 -3840.437729413580 -435.570232231758 3.02067881924784 3.71535566595057 5.98586765696049
2024-06-14T11:49:00.000 6097.058614182520 -2819.546388666670 999.407730437092 1.22350616017460 4.73997828711297 5.89884759703783
2024-06-14T11:53:00.000 6164.786977564850 -1592.991988383760 2361.281510196950 -0.66238581930971 5.41866895988710 5.38046940477082
2024-06-14T11:57:00.000 5783.104003196800 -250.295594787397 3550.532949671860 -2.49855809107090 5.70197687587046 4.46931147451248
2024-06-14T12:01:00.000 4980.218143019070 1110.646007371920 4480.464061798110 -4.15097590026552 5.56992789742484 3.23285282941961
2024-06-14T12:05:00.000 3814.976558632060 2390.801377736690 5083.497775216410 -5.49989409469841 5.03299882059538 1.76188725937617
2024-06-14T12:09:00.000 2372.397709839840 3497.186708121350 5315.958905479180 -6.44817418422611 4.13071180229276 0.16358048409799
2024-06-14T12:13:00.000 757.446061669366 4349.500370183170 5161.102561915260 -6.92767516616336 2.92860778305533 -1.44612815735359
2024-06-14T12:17:00.000 -912.527872679406 4885.843784240550 4630.251002698450 -6.90389824706192 1.51358017118942 -2.95066345842031
2024-06-14T12:21:00.000 -2516.179160031570 5067.139258648660 3761.975571228470 -6.37826741174839 -0.01215483890011 -4.24081243152678
2024-06-14T12:25:00.000 -3936.865300845150 4880.001933739040 2619.400398198690 -5.38838764010128 -1.53796571175914 -5.22245231476737
2024-06-14T12:29:00.000 -5071.112020817010 4337.825160175600 1285.721360104070 -4.00582708012893 -2.95266944995795 -5.82348980426200
2024-06-14T12:33:00.000 -5836.253547095040 3479.931151696000 -141.794049941950 -2.33138116616396 -4.15277335865390 -5.99958421065707
2024-06-14T12:37:00.000 -6176.588324754530 2368.747380368670 -1558.963240448560 -0.48752485965110 -5.05046593387207 -5.73782239083799
2024-06-14T12:41:00.000 -6067.500346628690 1085.207701640850 -2862.394003802260 1.39082328293222 -5.58032373462123 -5.05766237891949
2024-06-14T12:45:00.000 -5517.218732560770 -277.247292678030 -3957.118138064480 3.16662985772492 -5.70417495166457 -4.00936082662053
2024-06-14T12:49:00.000 -4566.074943716760 -1619.565145223670 -4763.535188458300 4.71106136182289 -5.41364423342688 -2.66985022075841
2024-06-14T12:53:00.000 -3283.400970966130 -2844.296936649800 -5223.117870003380 5.91268698640948 -4.73030726673736 -1.13668608532051
2024-06-14T12:57:00.000 -1762.409064249990 -3862.586163653010 -5302.518662753230 6.68504105256854 -3.70370459347205 0.47910720455375
2024-06-14T13:01:00.000 -113.482205620077 -4600.472037191350 -4995.885691143620 6.97229062198670 -2.40771166855248 2.06073654392979
2024-06-14T13:05:00.000 1543.672283490120 -5004.158857121970 -4325.292560025090 6.75303142229839 -0.93555002182176 3.49360688979885
2024-06-14T13:09:00.000 3088.543842438970 -5043.935722529980 -3339.265146659010 6.04211295848666 0.60641803854118 4.67318909277764
2024-06-14T13:13:00.000 4408.519501634770 -4716.475061876680 -2109.431672814130 4.89020752644490 2.10600328786534 5.51271916044119
2024-06-14T13:17:00.000 5407.164499023320 -4045.260739315420 -725.427706924592 3.38072316827425 3.45336565107298 5.94989837428963
2024-06-14T13:21:00.000 6011.440091084820 -3079.018452564730 711.625654724371 1.62404167136913 4.54936530165256 5.95200042063760
2024-06-14T13:25:00.000 6177.234075982580 -1888.190899136540 2096.620242059450 -0.25073447026419 5.31338581169049 5.51879459606698
2024-06-14T13:29:00.000 5892.657346217080 -559.688796922183 3328.324595593040 -2.10596035756825 5.68968237114133 4.68255573687503
2024-06-14T13:33:00.000 5178.816231217200 809.603485240631 4316.893999493800 -3.80605178495583 5.65134357195597 3.50523732942562
2024-06-14T13:37:00.000 4088.097459916170 2119.995900333050 4990.434657984760 -5.22754033369934 5.20199802845082 2.07346981926842
2024-06-14T13:41:00.000 2700.155073208290 3276.278328041250 5300.137248391950 -6.26798489913695 4.37499525978755 0.49176471443099
2024-06-14T13:45:00.000 1116.010170630330 4194.531231596340 5223.658211918250 -6.85269962251285 3.23047216369358 -1.12515127368223
2024-06-14T13:49:00.000 -549.215162776795 4808.076766215700 4766.630237937690 -6.93954438062035 1.85116482710502 -2.66018611479307
2024-06-14T13:53:00.000 -2174.525829058430 5072.252866369170 3962.265368519170 -6.52203245146043 0.33672446239102 -4.00196905859303
2024-06-14T13:57:00.000 -3641.730726894330 4967.664017617170 2869.025349199300 -5.62993416877970 -1.20314590046910 -5.05270413047469
2024-06-14T14:01:00.000 -4843.995363537370 4501.690145567320 1566.487989276560 -4.32762996283180 -2.65636796242345 -5.73533207695781
2024-06-14T14:05:00.000 -5693.696086258390 3708.076766466580 149.625059887537 -2.70990549445126 -3.91669372302680 -5.99951237495627
2024-06-14T14:09:00.000 -6128.940618696690 2644.548364813970 -1278.157233108400 -0.89506051094427 -4.89184086210898 -5.82577932334070
2024-06-14T14:13:00.000 -6118.172004383630 1388.569485709560 -2612.671096599700 0.98405547309944 -5.51066464650913 -5.22712039971709
2024-06-14T14:17:00.000 -5662.443419634270 31.594233828889 -3756.649400152570 2.79026287720792 -5.72842138026559 -4.24781858754949
2024-06-14T14:21:00.000 -4795.217352006070 -1327.687053277990 -4626.870336745220 4.39235163639055 -5.52987284142831 -2.95983514326592
2024-06-14T14:25:00.000 -3579.765543177740 -2590.559003695960 -5160.151583597920 5.67459049854714 -4.92996722197967 -1.45712231624089
2024-06-14T14:29:00.000 -2104.465811957990 -3665.385817630470 -5317.807642926170 6.54467366189650 -3.97234385551062 0.15136496580198
2024-06-14T14:33:00.000 -476.405111908021 -4474.131335824710 -5088.336833647580 6.93984865516245 -2.72600197889730 1.74936608647102
2024-06-14T14:37:00.000 1186.246450195390 -4957.899259632450 -4488.227922801810 6.83104552009914 -1.28055909763016 3.22120373731346
2024-06-14T14:41:00.000 2762.632977173160 -5081.192963502160 -3560.867269010350 6.22515232246605 0.25970834875581 4.45972812972751
2024-06-14T14:45:00.000 4137.893806429680 -4834.606461272150 -2373.564407718170 5.16507450017722 1.78289918775846 5.37395856464920
2024-06-14T14:49:00.000 5211.586941041900 -4235.708951002110 -1012.810071881200 3.72742991459604 3.17754757698274 5.89612476102972
2024-06-14T14:53:00.000 5905.197124200910 -3327.913580403770 422.006657234857 2.01719328318040 4.34113745669678 5.98725702283632
2024-06-14T14:57:00.000 6168.049120315300 -2177.363777345720 1825.948330686170 0.15994111079254 5.18801774636407 5.64043552176407
2024-06-14T15:01:00.000 5981.125047773590 -868.036239063912 3096.365264748130 -1.70785081910971 5.65621226008906 4.88150950348846
2024-06-14T15:05:00.000 5358.401026913780 504.548959498284 4140.542710046240 -3.44948424586680 5.71206752743776 3.76682341739740
2024-06-14T15:09:00.000 4345.642394913190 1840.427926357950 4882.495624492770 -4.93837781946840 5.35232819617694 2.37847837760289
2024-06-14T15:13:00.000 3016.875151502650 3042.492851510320 5268.408722656510 -6.06697659528865 4.60385550222179 0.81798320689748
2024-06-14T15:17:00.000 1468.883142298420 4023.491098844530 5270.415824166150 -6.75426717492262 3.52132505484518 -0.80128368493015
2024-06-14T15:21:00.000 -185.826509532631 4712.214678138490 4888.477190563930 -6.95089502308875 2.18298653871131 -2.36212745311768
2024-06-14T15:25:00.000 -1827.040254541450 5058.559144346760 4150.351637686750 -6.64241201454270 0.68547443526009 -3.75140874396629
2024-06-14T15:29:00.000 -3335.431963839380 5037.172913042340 3109.673385640940 -5.85070270757218 -0.86277425472538 -4.86794506774991
2024-06-14T15:33:00.000 -4601.196883207910 4649.385691946840 1842.168342029850 -4.63280110064306 -2.34918079185560 -5.62996662895570
2024-06-14T15:37:00.000 -5532.092792692640 3923.231891072060 440.223473027911 -3.07720419847685 -3.66517501427405 -5.98132725231188
2024-06-14T15:41:00.000 -6060.289864978240 2911.497234940520 -993.853227114919 -1.29760131190427 -4.71439338456726 -5.89608892218894
2024-06-14T15:45:00.000 -6147.425129693950 1687.866254465700 -2355.399844273350 0.57572619278242 -5.42017897679940 -5.38068194674994
2024-06-14T15:49:00.000 -5787.404654828120 341.456868259410 -3545.145525079700 2.40588679025161 -5.73137320204881 -4.47329674969364
2024-06-14T15:53:00.000 -5006.735929756430 -1029.781235548830 -4476.503821788680 4.05979913903773 -5.62593199352106 -3.24070584942146
2024-06-14T15:57:00.000 -3862.427965425020 -2326.237060854600 -5081.825567018600 5.41786457629372 -5.11206135370674 -1.77293151354950
2024-06-14T16:01:00.000 -2437.729900683600 -3453.824448286490 -5317.193763263570 6.38226573768479 -4.22724990377909 -0.17649663701982
2024-06-14T16:05:00.000 -836.083101315196 -4330.689732142530 -5165.485856351940 6.88348806355509 -3.03533184047173 1.43313120668632
2024-06-14T16:09:00.000 826.269409880320 -4893.029755971450 -4637.570098749690 6.88496555034506 -1.62203035935469 2.93950019420459
2024-06-14T16:13:00.000 2428.542888250460 -5099.678070164750 -3771.584111754560 6.38568509000348 -0.08921114328827 4.23313251026395
2024-06-14T16:17:00.000 3854.053632530310 -4935.178242704330 -2630.330422524640 5.42075674417216 1.45196944677419 5.21920154385554
2024-06-14T16:21:00.000 4998.731444258720 -4411.090068862240 -1296.886936838580 4.05964866727245 2.88891240075923 5.82470847319234
2024-06-14T16:25:00.000 5778.870728109760 -3565.332792759820 131.385120581110 2.40161569270826 4.11597417042080 6.00448077834257
2024-06-14T16:29:00.000 6137.452583993340 -2459.496303702500 1550.038197732820 0.56834506375126 5.04286357596918 5.74503874915589
2024-06-14T16:33:00.000 6048.427883332500 -1174.281462825830 2855.326662251400 -1.30544409687325 5.60163862986440 5.06568225200122
2024-06-14T16:37:00.000 5518.605571961570 196.524739849609 3951.939349223310 -3.08243068983151 5.75186705855441 4.01690580542499
2024-06-14T16:41:00.000 4587.001662746260 1553.037264675520 4760.028260159520 -4.63324233136276 5.48340292573687 2.67615865275413
2024-06-14T16:45:00.000 3321.777758469780 2796.612820068620 5220.952163861670 -5.84578338176035 4.81657658763370 1.14156904650303
2024-06-14T16:49:00.000 1815.146771596640 3836.964728053860 5301.385784442550 -6.63284797039995 3.80021903448193 -0.47527789320415
2024-06-14T16:53:00.000 176.656460952942 4598.594842328160 4995.617545871190 -6.93799167746648 2.50797532313253 -2.05723041466371
2024-06-14T16:57:00.000 -1474.670815884470 5026.145148842400 4325.900389322750 -6.73912012023313 1.03308934305823 -3.48971719211636
2024-06-14T17:01:00.000 -3018.819304580960 5088.382679901390 3340.889836106860 -6.05016767709980 -0.51778203288491 -4.66859318355780
2024-06-14T17:05:00.000 -4343.415813357320 4780.552050654050 2112.230886700250 -4.92061447758393 -2.03195341209287 -5.50760958161419
2024-06-14T17:09:00.000 -5351.950174447890 4124.849370788220 729.444852170834 -3.43241301654322 -3.39891834745198 -5.94502329300380
2024-06-14T17:13:00.000 -5970.924180212240 3168.901764978990 -706.580647647645 -1.69421481083207 -4.51861340565668 -5.94852449621849
2024-06-14T17:17:00.000 -6155.330774345060 1982.313277796660 -2091.034679127130 0.16672165299372 -5.30915511521633 -5.51795645895573
2024-06-14T17:21:00.000 -5891.967033230660 651.510208269584 -3322.951392713450 2.01434293694305 -5.71311977741329 -4.68527279364151
2024-06-14T17:25:00.000 -5200.303539273630 -726.667058174989 -4312.639367604360 3.71413741252534 -5.70163789600811 -3.51183380963989
2024-06-14T17:29:00.000 -4130.902989911930 -2052.075383363450 -4988.189812162830 5.14308209975073 -5.27614586221127 -2.08347089129203
2024-06-14T17:33:00.000 -2761.603882348540 -3228.515207944870 -5300.582821788140 6.19818826088966 -4.46779773651502 -0.50392981115288
2024-06-14T17:37:00.000 -1191.846785079190 -4170.598085411870 -5227.116722826620 6.80343695051850 -3.33497128984924 1.11251279053070
2024-06-14T17:41:00.000 464.442071967893 -4809.814440590070 -4772.993771371680 6.91481851328592 -1.95914882609035 2.64892167661307
2024-06-14T17:45:00.000 2086.952796391050 -5099.450576813930 -3970.998048967010 6.52349696779542 -0.43945711702964 3.99372954508359
2024-06-14T17:49:00.000 3557.595248449560 -5018.038622582010 -2879.252830831930 5.65677923956179 1.11406585253991 5.04860527887485
2024-06-14T17:53:00.000 4769.060592021410 -4571.068564923340 -1577.166341614010 4.37677983915046 2.58813397025469 5.73563994485109
2024-06-14T17:57:00.000 5632.768535091920 -3790.788795481160 -159.755987901753 2.77658888402592 3.87447624969328 6.00359094009202
2024-06-14T18:01:00.000 6085.559359157680 -2733.973623712760 1269.333407341100 0.97360529064789 4.87835744013587 5.83234879735232
2024-06-14T18:05:00.000 6094.467267650840 -1477.740350108420 2605.571611789170 -0.89961272059487 5.52609688575553 5.23467602701042
2024-06-14T18:09:00.000 5659.133250988300 -113.780099969910 3751.347038745770 -2.70567706568897 5.77067947424794 4.25505487261693
2024-06-14T18:13:00.000 4811.689920142850 1258.482900068410 4623.177795222070 -4.31291666497195 5.59500817912926 2.96592299314643
2024-06-14T18:17:00.000 3614.210217669870 2539.212605044680 5157.752162758840 -5.60497979130476 5.01268046871958 1.46182085597089
2024-06-14T18:21:00.000 2154.032455637440 3635.395468823860 5316.395934939240 -6.48887657269997 4.06654212932233 -0.14774515046365
2024-06-14T18:25:00.000 537.368767914592 4467.485924462340 5087.729295795510 -6.90116673065157 2.82526969944719 -1.74615118092740
2024-06-14T18:29:00.000 -1118.326152585020 4975.045102315860 4488.422488721270 -6.81214057287989 1.37849900004160 -3.21761990347219
2024-06-14T18:33:00.000 -2692.744758393870 5121.066991778900 3562.021609387770 -6.22789767891768 -0.16923641564053 -4.45527018706215
2024-06-14T18:37:00.000 -4071.359736075740 4894.718856317450 2375.891794877110 -5.19030986033505 -1.70563950476871 -5.36871340259698
2024-06-14T18:41:00.000 -5153.759623999860 4312.250596586770 1016.423199487390 -3.77449898046379 -3.11869805062581 -5.89081974377942
2024-06-14T18:45:00.000 -5861.064892985410 3415.926580913090 -417.226513758694 -2.08369919614263 -4.30502650072657 -5.98305378405664
2024-06-14T18:49:00.000 -6141.806370811360 2270.985138249840 -1820.424752599970 -0.24165841558860 -5.17780403627831 -5.63865710415600
2024-06-14T18:53:00.000 -5975.740386937290 960.820643034968 -3090.819346771790 1.61686956811826 -5.67352003047741 -4.88324197571276
2024-06-14T18:57:00.000 -5375.248761055150 -419.208754062694 -4135.889602228860 3.35646578864649 -5.75655828975065 -3.77254861576818
2024-06-14T19:01:00.000 -4384.286165761110 -1768.800101634650 -4879.677329126890 4.85106322012184 -5.42151636995077 -2.38793448722465
2024-06-14T19:05:00.000 -3075.027017561830 -2989.990331328490 -5268.206495717590 5.99291100846431 -4.69308687124863 -0.83007741138569
2024-06-14T19:09:00.000 -1542.570800847070 -3994.158992666840 -5273.261977521760 6.69977392903763 -3.62393669784468 0.78828909493031
2024-06-14T19:13:00.000 101.873394658689 -4708.322623809870 -4894.358998393360 6.92040397801521 -2.29095781969116 2.35013959252102
2024-06-14T19:17:00.000 1738.891262557320 -5080.354973840390 -4158.812452765120 6.63810080615522 -0.79010603761648 3.74216136185186
2024-06-14T19:21:00.000 3249.387643960100 -5082.817081738030 -3119.892841651750 5.87230696988904 0.77003485744529 4.86268643066821
2024-06-14T19:25:00.000 4523.210695566590 -4715.089034982020 -1853.113559310810 4.67773731130576 2.27589001420239 5.62918396563636
2024-06-14T19:29:00.000 5467.256864777960 -4003.597992188790 -450.851402004103 3.14098499563459 3.61703391155979 5.98461590893967
2024-06-14T19:33:00.000 6012.464506186930 -3000.042394185280 984.391366897692 1.37458295203300 4.69470623517568 5.90226762689855
2024-06-14T19:37:00.000 6119.058780688850 -1777.627236741180 2347.615148346820 -0.49156079027977 5.42964290880753 5.38822439808443
2024-06-14T19:41:00.000 5779.507312310350 -425.596310043260 3539.189010725220 -2.32042437188557 5.76829396416642 4.48078264830033
2024-06-14T19:45:00.000 5018.959178451960 957.447686721524 4472.234803551350 -3.97843927503255 5.68665343714589 3.24717398388516
2024-06-14T19:49:00.000 3893.197841946150 2270.838902554180 5078.944357485360 -5.34541733821405 5.19153171744942 1.77801503518481
2024-06-14T19:53:00.000 2484.396344743440 3419.157328375480 5315.382526535910 -6.32287611665576 4.31949249090346 0.18040835106483
2024-06-14T19:57:00.000 895.082792437530 4319.057011597650 5164.535449724630 -6.84062682198230 3.13397062034138 -1.42974181114279
2024-06-14T20:01:00.000 -759.254057039757 4905.196000418470 4637.445572241290 -6.86143304391107 1.72065863814105 -2.93588962439857
2024-06-14T20:05:00.000 -2358.410081958240 5134.892585685430 3772.415975232270 -6.38351420255485 0.18165514729847 -4.22870552408669
2024-06-14T20:09:00.000 -3786.084937630420 4991.254274270180 2632.335772995880 -5.44104070667528 -1.37149080611495 -5.21389725469000
2024-06-14T20:13:00.000 -4938.315913771390 4484.514767237850 1300.214581837370 -4.10213766400865 -2.82564469105954 -5.81915292078577
2024-06-14T20:17:00.000 -5731.138790888250 3651.408508451080 -126.805870072870 -2.46433713012333 -4.07449983319921 -5.99981407441790
2024-06-14T20:21:00.000 -6106.838114476260 2552.550978075970 -1544.577267910430 -0.64747774590681 -5.02664802817706 -5.74258037205956
2024-06-14T20:25:00.000 -6038.231880383800 1267.978110763720 -2849.662893976440 1.21548815909670 -5.61270042795130 -5.06661588627560
2024-06-14T20:29:00.000 -5530.605326770130 -108.797165427864 -3946.980691547700 2.98868623525933 -5.79041060847759 -4.02189171829540
2024-06-14T20:33:00.000 -4621.176367331050 -1477.685509141900 -4756.744778722820 4.54351298288344 -5.54747354959645 -2.68503575075745
2024-06-14T20:37:00.000 -3376.231186574890 -2739.301255109190 -5220.179006056290 5.76775114175411 -4.90196348454783 -1.15339787428358
2024-06-14T20:41:00.000 -1886.232976187290 -3802.099219838950 -5303.649711258510 6.57327632951762 -3.90068690192062 0.46211760228130
2024-06-14T20:45:00.000 -259.306771238530 -4588.875813609900 -5000.998547354420 6.90183236253464 -2.61565611782983 2.04475108313275
2024-06-14T20:49:00.000 1386.439094335830 -5042.269512783650 -4334.003640898660 6.72900216838118 -1.13929566039097 3.47979184129506
2024-06-14T20:53:00.000 2931.325677607480 -5128.945348852720 -3350.926222698490 6.06626524911937 0.42173428702008 4.66257404650177
2024-06-14T20:57:00.000 4262.738720930310 -4842.151887050910 -2123.176400214790 4.96078842622082 1.95387492682346 5.50607607513234
2024-06-14T21:01:00.000 5283.412892552080 -4202.395879247210 -740.236844970205 3.49258429444293 3.34496531069303 5.94772803039242
2024-06-14T21:05:00.000 5918.688227588950 -3256.086334458990 696.847558758925 1.76890912977562 4.49267735614924 5.95440642676550
2024-06-14T21:09:00.000 6122.163454112030 -2072.209108865380 2082.941740370990 -0.08352854964107 5.31248880812477 5.52547293470488
2024-06-14T21:13:00.000 5879.184386297450 -737.196472808399 3316.704640653540 -1.92863521749960 5.74447027638451 4.69291561026683
2024-06-14T21:17:00.000 5207.830143924280 651.550649100646 4308.123195305310 -3.63147199399927 5.75766210443849 3.51846798154826
2024-06-14T21:21:00.000 4157.411611319240 1992.888814201680 4985.087952892750 -5.06831802452267 5.35196348469355 2.08860055085428
2024-06-14T21:25:00.000 2804.679726868280 3189.326438634950 5298.542848877460 -6.13554649997820 4.55760992664190 0.50772021425297
2024-06-14T21:29:00.000 1248.134652127850 4154.016731332100 5225.884820895570 -6.75652692732560 3.43248469537354 -1.10943839083057
2024-06-14T21:33:00.000 -399.085993099910 4816.921033876090 4772.497389252940 -6.88660080507155 2.05798443387406 -2.64573142811229
2024-06-14T21:37:00.000 -2017.301801586280 5129.812377236900 3971.350451967410 -6.51622706495578 0.53339847024458 -3.98976401587663
2024-06-14T21:41:00.000 -3488.855484470710 5069.768705153260 2880.680054344420 -5.67177306049385 -1.03086927582533 -5.04362630339357
2024-06-14T21:45:00.000 -4706.617436999080 4640.939202992900 1579.874477546760 -4.41415955112834 -2.52099915301629 -5.73007268190463
2024-06-14T21:49:00.000 -5581.855665737450 3874.366724721640 163.771460862739 -2.83489793744700 -3.82810164354524 -5.99847980618724
2024-06-14T21:53:00.000 -6050.834194524570 2825.801512680470 -1264.283625761850 -1.04946672235255 -4.85651054634418 -5.82907731942418
2024-06-14T21:57:00.000 -6079.543505713690 1571.611574633950 -2600.089280958080 0.81148693377205 -5.53117354253212 -5.23452755898927
2024-06-14T22:01:00.000 -5666.163605834700 203.126323082584 -3746.292372818130 2.61207360685710 -5.80324424716379 -4.25885216543754
2024-06-14T22:05:00.000 -4841.080359412770 -1180.126700358250 -4619.525817108830 4.22150041931756 -5.65360801386269 -2.97376179395804
2024-06-14T22:09:00.000 -3664.490688885630 -2477.704211693030 -5156.398294089250 5.52358678133950 -5.09368506544642 -1.47292866361373
2024-06-14T22:13:00.000 -2221.923819606590 -3595.454086114630 -5317.950742291190 6.42457583288269 -4.16412807609879 0.13491167820000
2024-06-14T22:17:00.000 -618.074286781732 -4452.212162754660 -5092.380817724310 6.85942418271556 -2.93187357554331 1.73351931700283
2024-06-14T22:21:00.000 1030.656025317640 -4985.580128807440 -4495.880939880020 6.79616787754196 -1.48548320332358 3.20716571841716
2024-06-14T22:25:00.000 2604.425383190930 -5156.437911188490 -3571.567565269290 6.23835874678433 0.07069008280243 4.44852404501633
2024-06-14T22:29:00.000 3988.569306843820 -4951.907936580990 -2386.528962874380 5.22544175709118 1.62360409335617 5.36641337385339
2024-06-14T22:33:00.000 5082.000217774670 -4386.480321458920 -1027.088321776190 3.83053430212989 3.05963473745958 5.89278463180403
2024-06-14T22:37:00.000 5804.761095647800 -3501.122386345930 407.457088722460 2.15552443204126 4.27322536760956 5.98835150815110
2024-06-14T22:41:00.000 6104.045364258380 -2360.332032022620 1812.187364411390 0.32333565015787 5.17509351894478 5.64585990998240
2024-06-14T22:45:00.000 5958.157350592740 -1047.379699912040 3084.380769217240 -1.53137500703461 5.69913700410379 4.89078383842887
2024-06-14T22:49:00.000 5378.076092734960 341.923659189544 4131.173324333210 -3.27277050740828 5.80758760262727 3.77919675827150
2024-06-14T22:53:00.000 4406.472731780390 1706.365609727440 4876.376247848510 -4.77420903752372 5.49336172333452 2.39302935792762
2024-06-14T22:57:00.000 3114.400131867990 2946.733963422710 5265.941924905570 -5.92720798780145 4.78005422524457 0.83369127297363
2024-06-14T23:01:00.000 1595.999248026630 3972.973867748160 5271.750575146460 -6.64892419504123 3.71985255695784 -0.78548686710603
2024-06-14T23:05:00.000 -38.345149341472 4710.601145060550 4893.509953737920 -6.88756164947344 2.38952438479124 -2.34727544940469
2024-06-14T23:09:00.000 -1669.897583450290 5105.987920204810 4158.737522926730 -6.62575009542537 0.88515340902675 -3.73847968889276
2024-06-14T23:13:00.000 -3180.060888970100 5130.246614858960 3120.835636480800 -5.88205867978755 -0.68439347192384 -4.85787868754699
2024-06-14T23:17:00.000 -4458.934787979070 4781.397924580080 1855.325527615550 -4.71004381410683 -2.20505695391495 -5.62351835788748
2024-06-14T23:21:00.000 -5413.357970911760 4084.641189311590 454.437007538083 -3.19483855106161 -3.56582899785089 -5.97904296212769
2024-06-14T23:25:00.000 -5973.808746383750 3090.610164496410 -979.619369089117 -1.44710927008449 -4.66711803794343 -5.89821130223663
2024-06-14T23:29:00.000 -6099.584027960100 1871.688488751870 -2342.198255427020 0.40520332832502 -5.42845971689523 -5.38712171785908
2024-06-14T23:33:00.000 -5781.778134662090 516.639374988693 -3533.969835539910 2.22677556929222 -5.79465963576307 -4.48364540235958
2024-06-14T23:37:00.000 -5043.819237051250 -875.969794824691 -4468.212340779210 3.88517718202861 -5.73965588668338 -3.25425183902141
2024-06-14T23:41:00.000 -3939.596754329870 -2204.981600366930 -5077.075570884310 5.26049194213970 -5.26798934781013 -1.78872338272724
2024-06-14T23:45:00.000 -2549.425324834500 -3373.954420629540 -5316.389594824190 6.25369486884094 -4.41410186068583 -0.19337014945202
2024-06-14T23:49:00.000 -974.209006360218 -4298.033608009010 -5168.726493159720 6.79315792078470 -3.23951910299320 1.41652368086602
2024-06-14T23:53:00.000 671.744591017671 -4909.974328987390 -4644.634362954280 6.83947668952948 -1.82864865338484 2.92445063689757
2024-06-14T23:57:00.000 2268.847867714350 -5164.986832396650 -3781.957825424700 6.38835379703285 -0.28315577983882 4.22076966258594
2024-06-15T00:01:00.000 3700.795846513980 -5044.079072598300 -2643.257473081170 5.47140943448599 1.28487745151306 5.21041570028212
2024-06-15T00:05:00.000 4863.055341245000 -4555.622290871010 -1311.424581005280 4.15461346415845 2.76090120181795 5.82016218612487
2024-06-15T00:09:00.000 5670.635942083690 -3734.925145004430 116.304137429571 2.53391346744956 4.03643005959926 6.00452087534415
2024-06-15T00:13:00.000 6064.500692483360 -2641.747845648080 1535.517336495780 0.72826485082323 5.01755113375463 5.74963341839268
2024-06-15T00:17:00.000 6016.016182251820 -1355.879195393540 2842.421458832600 -1.12960349567256 5.63235656651883 5.07445747110664
2024-06-15T00:21:00.000 5529.025981889560 28.832349416135 3941.572339744980 -2.90351463377667 5.83629659877435 4.02912389995221
2024-06-15T00:25:00.000 4639.436026811250 1411.465556951480 4752.912929986330 -4.46416787845792 5.61530576567156 2.69087543444206
2024-06-15T00:29:00.000 3412.373166405350 2691.459044957120 5217.563248315000 -5.69877808477791 4.98629230202602 1.15772012159506
2024-06-15T00:33:00.000 1937.292448850490 3775.861856358340 5301.932384132800 -6.51852378303810 3.99534688565677 -0.45882406374365
2024-06-15T00:37:00.000 321.470361286436 4585.965007584000 5000.037062659420 -6.86455137078248 2.71434305596148 -2.04158535481002
2024-06-15T00:41:00.000 -1317.701618260170 5062.906914190090 4333.872229878620 -6.71188897748239 1.23582896651517 -3.47593105091364
2024-06-15T00:45:00.000 -2861.099605935070 5171.896196858470 3351.849786662600 -6.07120568350475 -0.33328467448332 -4.65763053911806
2024-06-15T00:49:00.000 -4196.431929814700 4904.798365056860 2125.398804043320 -4.98851421203794 -1.87908188188205 -5.50028405105970
2024-06-15T00:53:00.000 -5226.435844576800 4280.849441542940 743.874989706171 -3.54234969141220 -3.28879558936595 -5.94190539629211
2024-06-15T00:57:00.000 -5876.074687933510 3345.360789022720 -691.939745471422 -1.83826799641046 -4.45929580660965 -5.94990661281825
2024-06-15T01:01:00.000 -6098.123196596050 2166.434482473970 -2077.264907729360 -0.00099013482861 -5.30502046840437 -5.52379638116226
2024-06-15T01:05:00.000 -5876.640075331990 829.927456006228 -3311.082966698650 1.83518343008630 -5.76450193312110 -4.69519080540180
2024-06-15T01:09:00.000 -5228.044231646800 -566.912393048336 -4303.576385113200 3.53659980103125 -5.80483549901775 -3.52515501804392
2024-06-15T01:13:00.000 -4199.754802072360 -1922.594604472040 -4982.637910606830 4.98012705852961 -5.42369847972245 -2.09922876988277
2024-06-15T01:17:00.000 -2866.607251870940 -3138.728127000670 -5298.989787333920 6.06173142737066 -4.64900833049186 -0.52095768701960
2024-06-15T01:21:00.000 -1325.395937255970 -4127.043329385440 -5229.636697294680 6.70348203381215 -3.53668252255919 1.09548771210476
2024-06-15T01:25:00.000 312.049687233287 -4815.670806229510 -4779.463009699410 6.85870989436615 -2.16667036568200 2.63326072992313
2024-06-15T01:29:00.000 1926.797542050580 -5154.288350959110 -3980.937522395870 6.51530807654545 -0.63760547909000 3.98065338233391
2024-06-15T01:33:00.000 3401.317899055110 -5117.842000539450 -2891.922090591200 5.69707986660177 0.93980251614839 5.03906712075091
2024-06-15T01:37:00.000 4628.013360881170 -4708.533731990880 -1591.632779332380 4.46262691716029 2.45046760787573 5.73028856736362
2024-06-15T01:41:00.000 5517.198820218810 -3955.864731491240 -174.961609134432 2.90175049734550 3.78347148800173 6.00282908051110
2024-06-15T01:45:00.000 6003.849860412300 -2914.586522873730 1254.506107974300 1.12886596464203 4.84067876029015 5.83623750649558
2024-06-15T01:49:00.000 6052.507840595080 -1660.686619612220 2592.202835497280 -0.72565313239506 5.54443269819409 5.24285387239012
2024-06-15T01:53:00.000 5659.904427670540 -285.707756355699 3740.391420349920 -2.52572435454011 5.84357850102601 4.26684480624316
2024-06-15T01:57:00.000 4855.065716082370 1110.093199476660 4615.393766801610 -4.13997527951819 5.71704372326877 2.98039928685728
2024-06-15T02:01:00.000 3696.993656364930 2425.146132054410 5153.664981797700 -5.45151821526331 5.17492437488656 1.47796737914433
2024-06-15T02:05:00.000 2270.179986968470 3563.936585350110 5316.269119896720 -6.36599343341252 4.25719285489030 -0.13108693384455
2024-06-15T02:09:00.000 678.424020671971 4443.817577164640 5091.543826017660 -6.81773915993491 3.03044248637185 -1.73015491950179
2024-06-15T02:13:00.000 -962.614488790747 5000.876247041010 4495.887425767270 -6.77417213085072 1.58332247365287 -3.20336500572903
2024-06-15T02:17:00.000 -2533.690687408000 5194.529152926670 3572.598659150340 -6.23819472670024 0.02045287891124 -4.44375019175804
2024-06-15T02:21:00.000 -3920.536824550480 5010.497314912000 2388.818417370330 -5.24819819018024 -1.54484517002966 -5.36077469315734
2024-06-15T02:25:00.000 -5022.159684077330 4461.956795601100 1030.763804247310 -3.87583461385540 -2.99848769729282 -5.88705059764888
2024-06-15T02:29:00.000 -5758.296627424770 3588.704041642550 -402.514510496833 -2.22117017186343 -4.23415327950092 -5.98375172313702
2024-06-15T02:33:00.000 -6075.393282970900 2454.294862080930 -1806.418241292920 -0.40529782303219 -5.16144656028154 -5.64380950492760
2024-06-15T02:37:00.000 -5950.563839446290 1141.353581655350 -3078.553492935000 1.43896960624788 -5.71287818926429 -4.89251236079017
2024-06-15T02:41:00.000 -5393.187871692000 -254.563775219384 -4126.281024144290 3.17727076662911 -5.84879537006731 -3.78528744875171
2024-06-15T02:45:00.000 -4444.074562851680 -1632.003830609050 -4873.451201721750 4.68364846982166 -5.55993600229447 -2.40320806846366
2024-06-15T02:49:00.000 -3172.347120989660 -2890.981478973360 -5265.838258452850 5.84947575909023 -4.86764513597556 -0.84675178090824
2024-06-15T02:53:00.000 -1670.368096376180 -3940.134146177350 -5274.939072853930 6.59078978183529 -3.82195475144693 0.77146655476243
2024-06-15T02:57:00.000 -47.121322401281 -4703.207330931030 -4899.965193663420 6.85383223258396 -2.49803406161302 2.33442597622887
2024-06-15T03:01:00.000 1579.533771653840 -5124.515233216770 -4167.933121764250 6.61884750626924 -0.99113230765652 3.72878571704023
2024-06-15T03:05:00.000 3091.259707547880 -5173.011504087960 -3131.837479674290 5.90173203602715 0.58979994209451 4.85266875518615
2024-06-15T03:09:00.000 4377.801681714680 -4844.707550807900 -1866.988708145870 4.75365321610936 2.12960048086140 5.62320055353926
2024-06-15T03:13:00.000 5345.126732084460 -4163.157146312790 -465.637766289570 3.25787834868979 3.51534451397382 5.98304814565488
2024-06-15T03:17:00.000 5922.481050423930 -3177.880178505080 969.774365976980 1.52393459446420 4.64500529601508 5.90524456134772
2024-06-15T03:21:00.000 6067.740433996860 -1960.751988697690 2334.237679595480 -0.32068124538867 5.43554947874126 5.39550262123443
2024-06-15T03:25:00.000 5770.544352415580 -600.638853507507 3528.018371366570 -2.14050681387170 5.82931023365030 4.49177106107145
2024-06-15T03:29:00.000 5052.951770569030 803.242569812602 4464.062750764750 -3.80256021793517 5.79819778519581 3.26101238627776
2024-06-15T03:33:00.000 3967.642334503430 2148.680873792350 5074.339113307040 -5.18623701333648 5.34541083377487 1.79373261314975
2024-06-15T03:37:00.000 2593.873888237760 3337.918825820860 5314.669146539190 -6.19189132206538 4.50453916688350 0.19693358491738
2024-06-15T03:41:00.000 1031.636005799560 4284.647165377980 5167.767573367650 -6.74736189890019 3.33678713225813 -1.41358851562668
2024-06-15T03:45:00.000 -605.553290444474 4920.127559024770 4644.392319966660 -6.81267315885505 1.92651514503782 -2.92127141569548
2024-06-15T03:49:00.000 -2198.736461319460 5198.096455691510 3782.581138755570 -6.38280818842619 0.37562347182274 -4.21665940837510
2024-06-15T03:53:00.000 -3632.056333904680 5098.163878688530 2644.995655518580 -5.48851983539236 -1.20346877262894 -5.20528274647585
2024-06-15T03:57:00.000 -4801.162146070270 4627.385887808610 1314.463053525040 -4.19443214667180 -2.69582398606691 -5.81461229932939
2024-06-15T04:01:00.000 -5620.877529859520 3819.873229157440 -111.995157385466 -2.59478394120921 -3.99234786067307 -5.99970882077591
2024-06-15T04:05:00.000 -6031.536208748320 2734.373059494690 -1530.282967839600 -0.80657224841661 -4.99816995740503 -5.74696826745009
2024-06-15T04:09:00.000 -6003.404850684100 1449.947393494740 -2836.934546007260 1.03935615444531 -5.63995804285289 -5.07520168870991
2024-06-15T04:10:00.000 -5927.374342824960 1108.494984559110 -3134.713489973240 1.49401346691447 -5.73744980349031 -4.84697849589711
2024-06-15T04:10:02.000 -5924.371266447690 1097.017277750320 -3144.399457748430 1.50906162359000 -5.74025214500186 -4.83898517676498
2024-06-15T04:10:04.000 -5921.338101503070 1085.533995424880 -3154.069414283890 1.52410202155833 -5.74302531784806 -4.83096726300857
2024-06-15T04:10:06.000 -5918.274863584800 1074.045195933850 -3163.723310431490 1.53913458451853 -5.74576930831540 -4.82292479578508
2024-06-15T04:10:08.000 -5915.181568439170 1062.550937655590 -3173.361097125560 1.55415923621149 -5.74848410283749 -4.81485781637405
2024-06-15T04:10:10.000 -5912.058231964940 1051.051278995420 -3182.982725383120 1.56917590042018 -5.75116968799517 -4.80676636617725
2024-06-15T04:10:12.000 -5908.904870213270 1039.546278385370 -3192.588146304100 1.58418450096992 -5.75382605051657 -4.79865048671856
2024-06-15T04:10:14.000 -5905.721499387590 1028.035994283860 -3202.177311071580 1.59918496172873 -5.75645317727724 -4.79051021964394
2024-06-15T04:10:16.000 -5902.508135843610 1016.520485175420 -3211.750170952100 1.61417720660755 -5.75905105530024 -4.78234560672129
2024-06-15T04:10:18.000 -5899.264796089110 1004.999809570370 -3221.306677295830 1.62916115956064 -5.76161967175627 -4.77415668984038
2024-06-15T04:10:20.000 -5895.991496783980 993.474026004563 -3230.846781536830 1.64413674458582 -5.76415901396376 -4.76594351101279
2024-06-15T04:10:22.000 -5892.688254740030 981.943193039043 -3240.370435193330 1.65910388572486 -5.76666906938903 -4.75770611237178
2024-06-15T04:10:24.000 -5889.355086920950 970.407369259789 -3249.877589867940 1.67406250706382 -5.76914982564641 -4.74944453617219
2024-06-15T04:10:26.000 -5885.992010442220 958.866613277398 -3259.368197247900 1.68901253273336 -5.77160127049833 -4.74115882479040
2024-06-15T04:10:28.000 -5882.599042571020 947.320983726795 -3268.842209105310 1.70395388690912 -5.77402339185552 -4.73284902072417
2024-06-15T04:10:30.000 -5879.176200726100 935.770539266936 -3278.299577297420 1.71888649381213 -5.77641617777713 -4.72451516659255
2024-06-15T04:10:32.000 -5875.723502477770 924.215338580509 -3287.740253766800 1.73381027770912 -5.77877961647084 -4.71615730513579
2024-06-15T04:10:34.000 -5872.240965547730 912.655440373637 -3297.164190541650 1.74872516291296 -5.78111369629304 -4.70777547921522
2024-06-15T04:10:36.000 -5868.728607809010 901.090903375584 -3306.571339736000 1.76363107378305 -5.78341840574896 -4.69936973181311
2024-06-15T04:10:38.000 -5865.186447285880 889.521786338452 -3315.961653549980 1.77852793472571 -5.78569373349282 -4.69094010603254
2024-06-15T04:10:40.000 -5861.614502153760 877.948148036888 -3325.335084270030 1.79341567019460 -5.78793966832800 -4.68248664509730
2024-06-15T04:10:42.000 -5858.012790739090 866.370047267781 -3334.691584269160 1.80829420469116 -5.79015619920712 -4.67400939235174
2024-06-15T04:10:44.000 -5854.381331519280 854.787542849966 -3344.031106007200 1.82316346276503 -5.79234331523228 -4.66550839126058
2024-06-15T04:10:46.000 -5850.720143122580 843.200693623923 -3353.353602031020 1.83802336901447 -5.79450100565514 -4.65698368540881
2024-06-15T04:10:48.000 -5847.029244328000 831.609558451482 -3362.659024974800 1.85287384808684 -5.79662925987706 -4.64843531850149
2024-06-15T04:10:50.000 -5843.308654065220 820.014196215518 -3371.947327560210 1.86771482467903 -5.79872806744929 -4.63986333436361
2024-06-15T04:10:52.000 -5839.558391414440 808.414665819654 -3381.218462596720 1.88254622353790 -5.80079741807309 -4.63126777693987
2024-06-15T04:10:54.000 -5835.778475606360 796.811026187961 -3390.472382981820 1.89736796946078 -5.80283730159983 -4.62264869029454
2024-06-15T04:10:56.000 -5831.968926021990 785.203336264655 -3399.709041701210 1.91217998729592 -5.80484770803118 -4.61400611861122
2024-06-15T04:10:58.000 -5828.129762192640 773.591655013802 -3408.928391829100 1.92698220194295 -5.80682862751921 -4.60534010619265
2024-06-15T04:11:00.000 -5824.261003799720 761.976041419009 -3418.130386528430 1.94177453835337 -5.80878005036652 -4.59665069746053
2024-06-15T04:11:02.000 -5820.362670674710 750.356554483130 -3427.314979051090 1.95655692153103 -5.81070196702635 -4.58793793695524
2024-06-15T04:11:04.000 -5816.434782799040 738.733253227962 -3436.482122738170 1.97132927653257 -5.81259436810271 -4.57920186933567
2024-06-15T04:11:06.000 -5812.477360303960 727.106196693942 -3445.631771020210 1.98609152846797 -5.81445724435052 -4.57044253937894
2024-06-15T04:11:08.000 -5808.490423470440 715.475443939845 -3454.763877417390 2.00084360250097 -5.81629058667565 -4.56165999198018
2024-06-15T04:11:10.000 -5804.473992729080 703.841054042487 -3463.878395539840 2.01558542384961 -5.81809438613507 -4.55285427215225
2024-06-15T04:11:12.000 -5800.428088659980 692.203086096414 -3472.975279087800 2.03031691778665 -5.81986863393696 -4.54402542502553
2024-06-15T04:11:14.000 -5796.352731992660 680.561599213607 -3482.054481851900 2.04503800964012 -5.82161332144073 -4.53517349584758
2024-06-15T04:11:16.000 -5792.247943605890 668.916652523179 -3491.115957713400 2.05974862479376 -5.82332844015719 -4.52629852998295
2024-06-15T04:11:18.000 -5788.113744527660 657.268305171065 -3500.159660644360 2.07444868868752 -5.82501398174857 -4.51740057291281
2024-06-15T04:11:20.000 -5783.950155934980 645.616616319729 -3509.185544707970 2.08913812681802 -5.82666993802860 -4.50847967023474
2024-06-15T04:11:22.000 -5779.757199153860 633.961645147852 -3518.193564058700 2.10381686473905 -5.82829630096260 -4.49953586766240
2024-06-15T04:11:24.000 -5775.534895659100 622.303450850035 -3527.183672942580 2.11848482806206 -5.82989306266752 -4.49056921102522
2024-06-15T04:11:26.000 -5771.283267074230 610.642092636492 -3536.155825697390 2.13314194245657 -5.83146021541200 -4.48157974626813
2024-06-15T04:11:28.000 -5767.002335171400 598.977629732750 -3545.109976752940 2.14778813365071 -5.83299775161642 -4.47256751945121
2024-06-15T04:11:30.000 -5762.692121871240 587.310121379342 -3554.046080631270 2.16242332743163 -5.83450566385294 -4.46353257674941
2024-06-15T04:11:32.000 -5758.352649242720 575.639626831504 -3562.964091946870 2.17704744964600 -5.83598394484553 -4.45447496445221
2024-06-15T04:11:34.000 -5753.983939503100 563.966205358875 -3571.863965406950 2.19166042620044 -5.83743258747001 -4.44539472896334
2024-06-15T04:11:36.000 -5749.586015017720 552.289916245188 -3580.745655811610 2.20626218306198 -5.83885158475407 -4.43629191680039
2024-06-15T04:11:38.000 -5745.158898299960 540.610818787969 -3589.609118054120 2.22085264625850 -5.84024092987729 -4.42716657459452
2024-06-15T04:11:40.000 -5740.702612011070 528.928972298235 -3598.454307121120 2.23543174187918 -5.84160061617113 -4.41801874909014
2024-06-15T04:11:42.000 -5736.217178960060 517.244436100186 -3607.281178092850 2.24999939607493 -5.84293063711901 -4.40884848714457
2024-06-15T04:11:44.000 -5731.702622103580 505.557269530903 -3616.089686143380 2.26455553505883 -5.84423098635623 -4.39965583572769
2024-06-15T04:11:46.000 -5727.158964545780 493.867531940046 -3624.879786540830 2.27910008510653 -5.84550165767000 -4.39044084192162
2024-06-15T04:11:48.000 -5722.586229538220 482.175282689549 -3633.651434647600 2.29363297255669 -5.84674264499946 -4.38120355292039
2024-06-15T04:11:50.000 -5717.984440479690 470.480581153314 -3642.404585920580 2.30815412381137 -5.84795394243564 -4.37194401602960
2024-06-15T04:11:52.000 -5713.353620916130 458.783486716910 -3651.139195911400 2.32266346533649 -5.84913554422145 -4.36266227866608
2024-06-15T04:11:54.000 -5708.693794540480 447.084058777269 -3659.855220266610 2.33716092366215 -5.85028744475168 -4.35335838835756
2024-06-15T04:11:56.000 -5704.004985192550 435.382356742379 -3668.552614727960 2.35164642538310 -5.85140963857295 -4.34403239274232
2024-06-15T04:11:58.000 -5699.287216858910 423.678440030987 -3677.231335132540 2.36611989715908 -5.85250212038371 -4.33468433956891
2024-06-15T04:12:00.000 -5694.540513672730 411.972368072288 -3685.891337413100 2.38058126571524 -5.85356488503421 -4.32531427669575
2024-06-15T04:12:02.000 -5689.764899913670 400.264200305626 -3694.532577598170 2.39503045784249 -5.85459792752645 -4.31592225209083
2024-06-15T04:12:04.000 -5684.960400007740 388.553996180189 -3703.155011812350 2.40946740039789 -5.85560124301418 -4.30650831383140
2024-06-15T04:12:06.000 -5680.127038527180 376.841815154705 -3711.758596276510 2.42389202030500 -5.85657482680282 -4.29707251010363
2024-06-15T04:12:08.000 -5675.264840190300 365.127716697142 -3720.343287307980 2.43830424455429 -5.85751867434948 -4.28761488920226
2024-06-15T04:12:10.000 -5670.373829861360 353.411760284399 -3728.909041320810 2.45270400020345 -5.85843278126287 -4.27813549953033
2024-06-15T04:12:12.000 -5665.454032550470 341.694005402009 -3737.455814825930 2.46709121437774 -5.85931714330328 -4.26863438959882
2024-06-15T04:12:14.000 -5660.505473413370 329.974511543830 -3745.983564431440 2.48146581427042 -5.86017175638254 -4.25911160802635
2024-06-15T04:12:16.000 -5655.528177751400 318.253338211748 -3754.492246842760 2.49582772714298 -5.86099661656399 -4.24956720353888
2024-06-15T04:12:18.000 -5650.522171011260 306.530544915367 -3762.981818862870 2.51017688032558 -5.86179172006239 -4.24000122496938
2024-06-15T04:12:20.000 -5645.487478784960 294.806191171713 -3771.452237392540 2.52451320121735 -5.86255706324394 -4.23041372125753
2024-06-15T04:12:22.000 -5640.424126809610 283.080336504927 -3779.903459430500 2.53883661728672 -5.86329264262617 -4.22080474144943
2024-06-15T04:12:24.000 -5635.332140967340 271.353040445965 -3788.335442073700 2.55314705607175 -5.86399845487795 -4.21117433469728
2024-06-15T04:12:26.000 -5630.211547285110 259.624362532292 -3796.748142517500 2.56744444518052 -5.86467449681941 -4.20152255025912
2024-06-15T04:12:28.000 -5625.062371934620 247.894362307583 -3805.141518055850 2.58172871229136 -5.86532076542188 -4.19184943749847
2024-06-15T04:12:30.000 -5619.884641232110 236.163099321419 -3813.515526081580 2.59599978515326 -5.86593725780789 -4.18215504588412
2024-06-15T04:12:32.000 -5614.678381638290 224.430633128984 -3821.870124086540 2.61025759158618 -5.86652397125110 -4.17243942498979
2024-06-15T04:12:34.000 -5609.443619758130 212.697023290763 -3830.205269661810 2.62450205948132 -5.86708090317625 -4.16270262449387
2024-06-15T04:12:36.000 -5604.180382340750 200.962329372243 -3838.520920497960 2.63873311680150 -5.86760805115909 -4.15294469417912
2024-06-15T04:12:38.000 -5598.888696279280 189.226610943607 -3846.817034385230 2.65295069158148 -5.86810541292639 -4.14316568393241
2024-06-15T04:12:40.000 -5593.568588610710 177.489927579433 -3855.093569213730 2.66715471192824 -5.86857298635586 -4.13336564374445
2024-06-15T04:12:42.000 -5588.220086515740 165.752338858393 -3863.350482973640 2.68134510602134 -5.86901076947609 -4.12354462370950
2024-06-15T04:12:44.000 -5582.843217318630 154.013904362952 -3871.587733755460 2.69552180211321 -5.86941876046654 -4.11370267402511
2024-06-15T04:12:46.000 -5577.438008487070 142.274683679064 -3879.805279750180 2.70968472852949 -5.86979695765748 -4.10383984499185
2024-06-15T04:12:48.000 -5572.004487632030 130.534736395871 -3888.003079249470 2.72383381366934 -5.87014535952994 -4.09395618701306
2024-06-15T04:12:50.000 -5566.542682507600 118.794122105405 -3896.181090645930 2.73796898600578 -5.87046396471565 -4.08405175059457
2024-06-15T04:12:52.000 -5561.052621010850 107.052900402281 -3904.339272433290 2.75209017408596 -5.87075277199705 -4.07412658634443
2024-06-15T04:12:54.000 -5555.534331181680 95.311130883401 -3912.477583206560 2.76619730653155 -5.87101178030718 -4.06418074497268
2024-06-15T04:12:56.000 -5549.987841202680 83.568873147648 -3920.595981662300 2.78029031203901 -5.87124098872970 -4.05421427729110
2024-06-15T04:12:58.000 -5544.413179398970 71.826186795588 -3928.694426598790 2.79436911937991 -5.87144039649880 -4.04422723421289
2024-06-15T04:13:00.000 -5538.810374238040 60.083131429168 -3936.772876916230 2.80843365740130 -5.87161000299916 -4.03421966675250
2024-06-15T04:13:02.000 -5533.179454329630 48.339766651417 -3944.831291616950 2.82248385502599 -5.87174980776593 -4.02419162602530
2024-06-15T04:13:04.000 -5527.520448425540 36.596152066140 -3952.869629805630 2.83651964125290 -5.87185981048470 -4.01414316324741
2024-06-15T04:13:06.000 -5521.833385419500 24.852347277623 -3960.887850689450 2.85054094515735 -5.87194001099139 -4.00407432973537
2024-06-15T04:13:08.000 -5516.118294347030 13.108411890328 -3968.885913578360 2.86454769589144 -5.87199040927229 -3.99398517690592
2024-06-15T04:13:10.000 -5510.375204385230 1.364405508596 -3976.863777885210 2.87853982268433 -5.87201100546395 -3.98387575627577
2024-06-15T04:13:12.000 -5504.604144852710 -10.379612263656 -3984.821403126000 2.89251725484259 -5.87200179985319 -3.97374611946133
2024-06-15T04:13:14.000 -5498.805145209370 -22.123581823236 -3992.758748920070 2.90647992175054 -5.87196279287701 -3.96359631817845
2024-06-15T04:13:16.000 -5492.978235056240 -33.867443567975 -4000.675774990280 2.92042775287055 -5.87189398512258 -3.95342640424219
2024-06-15T04:13:18.000 -5487.123444135380 -45.611137897029 -4008.572441163210 2.93436067774340 -5.87179537732718 -3.94323642956657
2024-06-15T04:13:20.000 -5481.240802329690 -57.354605211178 -4016.448707369390 2.94827862598859 -5.87166697037817 -3.93302644616430
2024-06-15T04:13:22.000 -5475.330339662720 -69.097785913127 -4024.304533643460 2.96218152730468 -5.87150876531291 -3.92279650614656
2024-06-15T04:13:24.000 -5469.392086298570 -80.840620407807 -4032.139880124370 2.97606931146964 -5.87132076331878 -3.91254666172270
2024-06-15T04:13:26.000 -5463.426072541700 -92.583049102671 -4039.954707055610 2.98994190834115 -5.87110296573305 -3.90227696520005
2024-06-15T04:13:28.000 -5457.432328836780 -104.325012408000 -4047.748974785370 3.00379924785697 -5.87085537404293 -3.89198746898364
2024-06-15T04:13:30.000 -5451.410885768500 -116.066450737195 -4055.522643766750 3.01764126003525 -5.87057798988541 -3.88167822557593
2024-06-15T04:13:32.000 -5445.361774061460 -127.807304507084 -4063.275674557950 3.03146787497486 -5.87027081504734 -3.87134928757658
2024-06-15T04:13:34.000 -5439.285024579980 -139.547514138218 -4071.008027822460 3.04527902285575 -5.86993385146528 -3.86100070768219
2024-06-15T04:13:36.000 -5433.180668327910 -151.287020055170 -4078.719664329270 3.05907463393926 -5.86956710122551 -3.85063253868605
2024-06-15T04:13:38.000 -5427.048736448520 -163.025762686836 -4086.410544953060 3.07285463856847 -5.86917056656394 -3.84024483347787
2024-06-15T04:13:40.000 -5420.889260224320 -174.763682466732 -4094.080630674360 3.08661896716853 -5.86874424986611 -3.82983764504354
2024-06-15T04:13:42.000 -5414.702271076870 -186.500719833296 -4101.729882579800 3.10036755024699 -5.86828815366710 -3.81941102646486
2024-06-15T04:13:44.000 -5408.487800566620 -198.236815230186 -4109.358261862240 3.11410031839413 -5.86780228065152 -3.80896503091930
2024-06-15T04:13:46.000 -5402.245880392800 -209.971909106577 -4116.965729821010 3.12781720228331 -5.86728663365340 -3.79849971167971
2024-06-15T04:13:48.000 -5395.976542393160 -221.705941917464 -4124.552247862080 3.14151813267127 -5.86674121565622 -3.78801512211410
2024-06-15T04:13:50.000 -5389.679818543890 -233.438854123955 -4132.117777498230 3.15520304039852 -5.86616602979280 -3.77751131568534
2024-06-15T04:13:52.000 -5383.355740959390 -245.170586193575 -4139.662280349280 3.16887185638949 -5.86556107934529 -3.76698834595099
2024-06-15T04:13:54.000 -5377.004341892150 -256.901078600564 -4147.185718142260 3.18252451165315 -5.86492636774507 -3.75644626656286
2024-06-15T04:13:56.000 -5370.625653732540 -268.630271826171 -4154.688052711590 3.19616093728325 -5.86426189857272 -3.74588513126686
2024-06-15T04:13:58.000 -5364.219709008650 -280.358106358957 -4162.169245999280 3.20978106445851 -5.86356767555801 -3.73530499390275
2024-06-15T04:14:00.000 -5357.786540386160 -292.084522695091 -4169.629260055110 3.22338482444301 -5.86284370257981 -3.72470590840384
2024-06-15T04:14:02.000 -5351.326180668110 -303.809461338649 -4177.068057036820 3.23697214858656 -5.86208998366606 -3.71408792879676
2024-06-15T04:14:04.000 -5344.838662794760 -315.532862801913 -4184.485599210300 3.25054296832498 -5.86130652299371 -3.70345110920113
2024-06-15T04:14:06.000 -5338.324019843400 -327.254667605665 -4191.881848949770 3.26409721518045 -5.86049332488867 -3.69279550382936
2024-06-15T04:14:08.000 -5331.782285028220 -338.974816279492 -4199.256768737970 3.27763482076182 -5.85965039382579 -3.68212116698634
2024-06-15T04:14:10.000 -5325.213491700070 -350.693249362076 -4206.610321166330 3.29115571676494 -5.85877773442877 -3.67142815306917
2024-06-15T04:14:12.000 -5318.617673346360 -362.409907401496 -4213.942468935190 3.30465983497298 -5.85787535147016 -3.66071651656692
2024-06-15T04:14:14.000 -5311.994863590800 -374.124730955526 -4221.253174853930 3.31814710725675 -5.85694324987128 -3.64998631206033
2024-06-15T04:14:16.000 -5305.345096193310 -385.837660591931 -4228.542401841200 3.33161746557501 -5.85598143470218 -3.63923759422154
2024-06-15T04:14:18.000 -5298.668405049780 -397.548636888764 -4235.810112925100 3.34507084197480 -5.85498991118162 -3.62847041781384
2024-06-15T04:14:20.000 -5291.964824191930 -409.257600434665 -4243.056271243310 3.35850716859175 -5.85396868467700 -3.61768483769137
2024-06-15T04:14:22.000 -5285.234387787120 -420.964491829157 -4250.280840043350 3.37192637765039 -5.85291776070436 -3.60688090879887
2024-06-15T04:14:24.000 -5278.477130138160 -432.669251682943 -4257.483782682680 3.38532840146450 -5.85183714492827 -3.59605868617139
2024-06-15T04:14:26.000 -5271.693085683160 -444.371820618206 -4264.665062628960 3.39871317243737 -5.85072684316187 -3.58521822493402
2024-06-15T04:14:28.000 -5264.882288995320 -456.072139268902 -4271.824643460160 3.41208062306215 -5.84958686136676 -3.57435958030160
2024-06-15T04:14:30.000 -5258.044774782760 -467.770148281058 -4278.962488864770 3.42543068592217 -5.84841720565304 -3.56348280757847
2024-06-15T04:14:32.000 -5251.180577888360 -479.465788313071 -4286.078562642000 3.43876329369122 -5.84721788227919 -3.55258796215817
2024-06-15T04:14:34.000 -5244.289733289540 -491.159000036002 -4293.172828701920 3.45207837913390 -5.84598889765212 -3.54167509952317
2024-06-15T04:14:36.000 -5237.372276098140 -502.849724133877 -4300.245251065660 3.46537587510592 -5.84473025832705 -3.53074427524458
2024-06-15T04:14:38.000 -5230.428241560140 -514.537901303978 -4307.295793865580 3.47865571455438 -5.84344197100757 -3.51979554498189
2024-06-15T04:14:40.000 -5223.457665055580 -526.223472257142 -4314.324421345430 3.49191783051814 -5.84212404254554 -3.50882896448268
2024-06-15T04:14:42.000 -5216.460582098300 -537.906377718062 -4321.331097860570 3.50516215612810 -5.84077647994107 -3.49784458958230
2024-06-15T04:14:44.000 -5209.437028335820 -549.586558425574 -4328.315787878110 3.51838862460750 -5.83939929034253 -3.48684247620366
2024-06-15T04:14:46.000 -5202.387039549080 -561.263955132963 -4335.278455977070 3.53159716927227 -5.83799248104648 -3.47582268035687
2024-06-15T04:14:48.000 -5195.310651652340 -572.938508608255 -4342.219066848620 3.54478772353133 -5.83655605949765 -3.46478525813900
2024-06-15T04:14:50.000 -5188.207900692900 -584.610159634511 -4349.137585296170 3.55796022088686 -5.83509003328895 -3.45373026573378
2024-06-15T04:14:52.000 -5181.078822851000 -596.278849010128 -4356.033976235610 3.57111459493469 -5.83359441016139 -3.44265775941130
2024-06-15T04:14:54.000 -5173.923454439570 -607.944517549133 -4362.908204695440 3.58425077936456 -5.83206919800407 -3.43156779552773
2024-06-15T04:14:56.000 -5166.741831904100 -619.607106081479 -4369.760235816970 3.59736870796046 -5.83051440485420 -3.42046043052503
2024-06-15T04:14:58.000 -5159.533991822370 -631.266555453342 -4376.590034854480 3.61046831460093 -5.82893003889699 -3.40933572093064
2024-06-15T04:15:00.000 -5152.299970904350 -642.922806527415 -4383.397567175370 3.62354953325938 -5.82731610846571 -3.39819372335721
2024-06-15T04:15:02.000 -5145.039805991940 -654.575800183206 -4390.182798260380 3.63661229800442 -5.82567262204160 -3.38703449450228
2024-06-15T04:15:04.000 -5137.753534058830 -666.225477317335 -4396.945693703710 3.64965654300018 -5.82399958825389 -3.37585809114799
2024-06-15T04:15:06.000 -5130.441192210270 -677.871778843827 -4403.686219213220 3.66268220250659 -5.82229701587973 -3.36466457016078
2024-06-15T04:15:08.000 -5123.102817682900 -689.514645694410 -4410.404340610570 3.67568921087974 -5.82056491384420 -3.35345398849108
2024-06-15T04:15:10.000 -5115.738447844540 -701.154018818809 -4417.100023831410 3.68867750257221 -5.81880329122027 -3.34222640317301
2024-06-15T04:15:12.000 -5108.348120194030 -712.789839185043 -4423.773234925570 3.70164701213332 -5.81701215722873 -3.33098187132409
2024-06-15T04:15:14.000 -5100.931872361000 -724.422047779721 -4430.423940057160 3.71459767420953 -5.81519152123825 -3.31972045014491
2024-06-15T04:15:16.000 -5093.489742105690 -736.050585608337 -4437.052105504780 3.72752942354474 -5.81334139276524 -3.30844219691881
2024-06-15T04:15:18.000 -5086.021767318760 -747.675393695566 -4443.657697661710 3.74044219498056 -5.81146178147389 -3.29714716901160
2024-06-15T04:15:20.000 -5078.527986021070 -759.296413085559 -4450.240683036010 3.75333592345670 -5.80955269717613 -3.28583542387125
2024-06-15T04:15:22.000 -5071.008436363550 -770.913584842236 -4456.801028250720 3.76621054401128 -5.80761414983153 -3.27450701902751
2024-06-15T04:15:24.000 -5063.463156626890 -782.526850049589 -4463.338700044050 3.77906599178110 -5.80564614954734 -3.26316201209168
2024-06-15T04:15:26.000 -5055.892185221460 -794.136149811966 -4469.853665269490 3.79190220200203 -5.80364870657838 -3.25180046075623
2024-06-15T04:15:28.000 -5048.295560687020 -805.741425254377 -4476.345890895990 3.80471911000930 -5.80162183132705 -3.24042242279450
2024-06-15T04:15:30.000 -5040.673321692610 -817.342617522783 -4482.815344008150 3.81751665123781 -5.79956553434322 -3.22902795606037
2024-06-15T04:15:32.000 -5033.025507036240 -828.939667784390 -4489.261991806340 3.83029476122249 -5.79747982632423 -3.21761711848795
2024-06-15T04:15:34.000 -5025.352155644790 -840.532517227949 -4495.685801606880 3.84305337559859 -5.79536471811483 -3.20618996809123
2024-06-15T04:15:36.000 -5017.653306573760 -852.121107064047 -4502.086740842220 3.85579243010200 -5.79322022070709 -3.19474656296381
2024-06-15T04:15:38.000 -5009.928999007080 -863.705378525402 -4508.464777061030 3.86851186056960 -5.79104634524036 -3.18328696127847
2024-06-15T04:15:40.000 -5002.179272256880 -875.285272867157 -4514.819877928460 3.88121160293954 -5.78884310300120 -3.17181122128694
2024-06-15T04:15:42.000 -4994.404165763360 -886.860731367178 -4521.152011226200 3.89389159325161 -5.78661050542332 -3.16031940131953
2024-06-15T04:15:44.000 -4986.603719094490 -898.431695326342 -4527.461144852690 3.90655176764748 -5.78434856408749 -3.14881155978477
2024-06-15T04:15:46.000 -4978.777971945880 -909.998106068837 -4533.747246823280 3.91919206237110 -5.78205729072150 -3.13728775516915
2024-06-15T04:15:48.000 -4970.926964140560 -921.559904942454 -4540.010285270350 3.93181241376896 -5.77973669720002 -3.12574804603669
2024-06-15T04:15:50.000 -4963.050735628730 -933.117033318878 -4546.250228443510 3.94441275829042 -5.77738679554458 -3.11419249102870
2024-06-15T04:15:52.000 -4955.149326487610 -944.669432593985 -4552.467044709690 3.95699303248800 -5.77500759792344 -3.10262114886339
2024-06-15T04:15:54.000 -4947.222776921220 -956.217044188135 -4558.660702553380 3.96955317301773 -5.77259911665151 -3.09103407833556
2024-06-15T04:15:56.000 -4939.271127260150 -967.759809546462 -4564.831170576710 3.98209311663942 -5.77016136419026 -3.07943133831625
2024-06-15T04:15:58.000 -4931.294417961370 -979.297670139172 -4570.978417499620 3.99461280021698 -5.76769435314762 -3.06781298775242
2024-06-15T04:16:00.000 -4923.292689608000 -990.830567461831 -4577.102412160030 4.00711216071871 -5.76519809627789 -3.05617908566661
2024-06-15T04:16:02.000 -4915.265982909160 -1002.358443035660 -4583.203123514000 4.01959113521760 -5.76267260648158 -3.04452969115661
2024-06-15T04:16:04.000 -4907.214338699680 -1013.881238407830 -4589.280520635820 4.03204966089164 -5.76011789680538 -3.03286486339514
2024-06-15T04:16:06.000 -4899.137797939960 -1025.398895151760 -4595.334572718240 4.04448767502410 -5.75753398044199 -3.02118466162948
2024-06-15T04:16:08.000 -4891.036401715690 -1036.911354867370 -4601.365249072550 4.05690511500383 -5.75492087073001 -3.00948914518121
2024-06-15T04:16:10.000 -4882.910191237720 -1048.418559181430 -4607.372519128770 4.06930191832553 -5.75227858115385 -2.99777837344581
2024-06-15T04:16:12.000 -4874.759207841760 -1059.920449747820 -4613.356352435790 4.08167802259005 -5.74960712534356 -2.98605240589237
2024-06-15T04:16:14.000 -4866.583492988260 -1071.416968247830 -4619.316718661490 4.09403336550466 -5.74690651707477 -2.97431130206327
2024-06-15T04:16:16.000 -4858.383088262110 -1082.908056390430 -4625.253587592930 4.10636788488334 -5.74417677026848 -2.96255512157384
2024-06-15T04:16:18.000 -4850.158035372470 -1094.393655912580 -4631.166929136470 4.11868151864704 -5.74141789899100 -2.95078392411205
2024-06-15T04:16:20.000 -4841.908376152580 -1105.873708579550 -4637.056713317900 4.13097420482396 -5.73862991745378 -2.93899776943821
2024-06-15T04:16:22.000 -4833.634152559480 -1117.348156185130 -4642.922910282630 4.14324588154981 -5.73581284001330 -2.92719671738460
2024-06-15T04:16:24.000 -4825.335406673850 -1128.816940552000 -4648.765490295790 4.15549648706810 -5.73296668117089 -2.91538082785521
2024-06-15T04:16:26.000 -4817.012180699780 -1140.280003531970 -4654.584423742390 4.16772595973035 -5.73009145557265 -2.90355016082543
2024-06-15T04:16:28.000 -4808.664516964530 -1151.737287006310 -4660.379681127450 4.17993423799640 -5.72718717800925 -2.89170477634169
2024-06-15T04:16:30.000 -4800.292457918350 -1163.188732885990 -4666.151233076190 4.19212126043466 -5.72425386341585 -2.87984473452121
2024-06-15T04:16:32.000 -4791.896046134230 -1174.634283112000 -4671.899050334100 4.20428696572230 -5.72129152687192 -2.86797009555168
2024-06-15T04:16:34.000 -4783.475324307710 -1186.073879655650 -4677.623103767140 4.21643129264559 -5.71830018360109 -2.85608091969095
2024-06-15T04:16:36.000 -4775.030335256630 -1197.507464518830 -4683.323364361830 4.22855418010008 -5.71527984897106 -2.84417726726676
2024-06-15T04:16:38.000 -4766.561121920950 -1208.934979734300 -4688.999803225430 4.24065556709087 -5.71223053849339 -2.83225919867642
2024-06-15T04:16:40.000 -4758.067727362500 -1220.356367366000 -4694.652391586060 4.25273539273284 -5.70915226782342 -2.82032677438655
2024-06-15T04:16:42.000 -4749.550194764770 -1231.771569509330 -4700.281100792860 4.26479359625092 -5.70604505276009 -2.80838005493277
2024-06-15T04:16:44.000 -4741.008567432690 -1243.180528291410 -4705.885902316090 4.27683011698026 -5.70290890924581 -2.79641910091943
2024-06-15T04:16:46.000 -4732.442888792410 -1254.583185871400 -4711.466767747280 4.28884489436654 -5.69974385336633 -2.78444397301933
2024-06-15T04:16:48.000 -4723.853202391090 -1265.979484440780 -4717.023668799400 4.30083786796615 -5.69654990135061 -2.77245473197344
2024-06-15T04:16:50.000 -4715.239551896630 -1277.369366223620 -4722.556577306950 4.31280897744644 -5.69332706957064 -2.76045143859064
2024-06-15T04:16:52.000 -4706.601981097530 -1288.752773476890 -4728.065465226120 4.32475816258595 -5.69007537454138 -2.74843415374744
2024-06-15T04:16:54.000 -4697.940533902590 -1300.129648490720 -4733.550304634920 4.33668536327464 -5.68679483292055 -2.73640293838771
2024-06-15T04:16:56.000 -4689.255254340730 -1311.499933588710 -4739.011067733330 4.34859051951409 -5.68348546150855 -2.72435785352242
2024-06-15T04:16:58.000 -4680.546186560760 -1322.863571128190 -4744.447726843390 4.36047357141776 -5.68014727724833 -2.71229896022941
2024-06-15T04:17:00.000 -4671.813374831140 -1334.220503500520 -4749.860254409390 4.37233445921120 -5.67678029722525 -2.70022631965306
2024-06-15T04:17:02.000 -4663.056863539770 -1345.570673131400 -4755.248622997960 4.38417312323227 -5.67338453866697 -2.68813999300411
2024-06-15T04:17:04.000 -4654.276697193760 -1356.914022481080 -4760.612805298210 4.39598950393136 -5.66996001894332 -2.67604004155935
2024-06-15T04:17:06.000 -4645.472920419220 -1368.250494044730 -4765.952774121890 4.40778354187163 -5.66650675556619 -2.66392652666143
2024-06-15T04:17:08.000 -4636.645577961000 -1379.580030352670 -4771.268502403490 4.41955517772922 -5.66302476618944 -2.65179950971853
2024-06-15T04:17:10.000 -4627.794714682500 -1390.902573970680 -4776.559963200380 4.43130435229349 -5.65951406860876 -2.63965905220418
2024-06-15T04:17:12.000 -4618.920375565420 -1402.218067500260 -4781.827129692950 4.44303100646721 -5.65597468076159 -2.62750521565699
2024-06-15T04:17:14.000 -4610.022605709550 -1413.526453578930 -4787.069975184720 4.45473508126682 -5.65240662072698 -2.61533806168039
2024-06-15T04:17:16.000 -4601.101450332520 -1424.827674880520 -4792.288473102500 4.46641651782266 -5.64880990672555 -2.60315765194242
2024-06-15T04:17:18.000 -4592.156954769590 -1436.121674115430 -4797.482596996470 4.47807525737914 -5.64518455711936 -2.59096404817545
2024-06-15T04:17:20.000 -4583.189164473430 -1447.408394030930 -4802.652320540380 4.48971124129504 -5.64153059041182 -2.57875731217596
2024-06-15T04:17:22.000 -4574.198125013860 -1458.687777411440 -4807.797617531590 4.50132441104371 -5.63784802524761 -2.56653750580430
2024-06-15T04:17:24.000 -4565.183882077640 -1469.959767078800 -4812.918461891290 4.51291470821327 -5.63413688041261 -2.55430469098441
2024-06-15T04:17:26.000 -4556.146481468260 -1481.224305892590 -4818.014827664560 4.52448207450690 -5.63039717483379 -2.54205892970363
2024-06-15T04:17:28.000 -4547.085969105660 -1492.481336750350 -4823.086689020500 4.53602645174303 -5.62662892757916 -2.52980028401244
2024-06-15T04:17:30.000 -4538.002391026040 -1503.730802587920 -4828.134020252410 4.54754778185560 -5.62283215785768 -2.51752881602419
2024-06-15T04:17:32.000 -4528.895793381620 -1514.972646379700 -4833.156795777850 4.55904600689430 -5.61900688501923 -2.50524458791487
2024-06-15T04:17:34.000 -4519.766222440400 -1526.206811138910 -4838.154990138810 4.57052106902479 -5.61515312855448 -2.49294766192288
2024-06-15T04:17:36.000 -4510.613724585940 -1537.433239917920 -4843.128578001820 4.58197291052894 -5.61127090809488 -2.48063810034876
2024-06-15T04:17:38.000 -4501.438346317110 -1548.651875808470 -4848.077534158060 4.59340147380513 -5.60736024341257 -2.46831596555496
2024-06-15T04:17:40.000 -4492.240134247860 -1559.862661942030 -4853.001833523500 4.60480670136842 -5.60342115442035 -2.45598131996555
2024-06-15T04:17:42.000 -4483.019135107020 -1571.065541489980 -4857.901451139040 4.61618853585087 -5.59945366117160 -2.44363422606603
2024-06-15T04:17:44.000 -4473.775395738020 -1582.260457664000 -4862.776362170590 4.62754692000172 -5.59545778386023 -2.43127474640300
2024-06-15T04:17:46.000 -4464.508963098660 -1593.447353716270 -4867.626541909220 4.63888179668771 -5.59143354282065 -2.41890294358396
2024-06-15T04:17:48.000 -4455.219884260920 -1604.626172939780 -4872.451965771270 4.65019310889331 -5.58738095852771 -2.40651888027702
2024-06-15T04:17:50.000 -4445.908206410670 -1615.796858668620 -4877.252609298480 4.66148079972098 -5.58330005159664 -2.39412261921064
2024-06-15T04:17:52.000 -4436.573976847480 -1626.959354278240 -4882.028448158130 4.67274481239142 -5.57919084278303 -2.38171422317337
2024-06-15T04:17:54.000 -4427.217242984320 -1638.113603185750 -4886.779458143100 4.68398509024385 -5.57505335298276 -2.36929375501356
2024-06-15T04:17:56.000 -4417.838052347410 -1649.259548850200 -4891.505615172040 4.69520157673626 -5.57088760323200 -2.35686127763910
2024-06-15T04:17:58.000 -4408.436452575900 -1660.397134772830 -4896.206895289490 4.70639421544572 -5.56669361470712 -2.34441685401716
2024-06-15T04:18:00.000 -4399.012491421690 -1671.526304497390 -4900.883274665960 4.71756295006858 -5.56247140872466 -2.33196054717386
2024-06-15T04:18:02.000 -4389.566216749150 -1682.647001610390 -4905.534729598090 4.72870772442079 -5.55822100674131 -2.31949242019405
2024-06-15T04:18:04.000 -4380.097676534900 -1693.759169741410 -4910.161236508740 4.73982848243819 -5.55394243035388 -2.30701253622095
2024-06-15T04:18:06.000 -4370.606918867580 -1704.862752563360 -4914.762771947110 4.75092516817671 -5.54963570129919 -2.29452095845591
2024-06-15T04:18:08.000 -4361.093991947600 -1715.957693792750 -4919.339312588870 4.76199772581275 -5.54530084145412 -2.28201775015811
2024-06-15T04:18:10.000 -4351.558944086870 -1727.043937189990 -4923.890835236260 4.77304609964335 -5.54093787283550 -2.26950297464425
2024-06-15T04:18:12.000 -4342.001823708620 -1738.121426559680 -4928.417316818220 4.78407023408657 -5.53654681760010 -2.25697669528822
2024-06-15T04:18:14.000 -4332.422679347090 -1749.190105750840 -4932.918734390480 4.79507007368170 -5.53212769804457 -2.24443897552085
2024-06-15T04:18:16.000 -4322.821559647350 -1760.249918657260 -4937.395065135690 4.80604556308956 -5.52768053660541 -2.23188987882956
2024-06-15T04:18:18.000 -4313.198513365010 -1771.300809217720 -4941.846286363540 4.81699664709280 -5.52320535585890 -2.21932946875805
2024-06-15T04:18:20.000 -4303.553589365980 -1782.342721416300 -4946.272375510860 4.82792327059619 -5.51870217852110 -2.20675780890602
2024-06-15T04:18:22.000 -4293.886836626270 -1793.375599282650 -4950.673310141740 4.83882537862686 -5.51417102744773 -2.19417496292880
2024-06-15T04:18:24.000 -4284.198304231690 -1804.399386892260 -4955.049067947630 4.84970291633463 -5.50961192563419 -2.18158099453705
2024-06-15T04:18:26.000 -4274.488041377640 -1815.414028366780 -4959.399626747460 4.86055582899227 -5.50502489621542 -2.16897596749645
2024-06-15T04:18:28.000 -4264.756097368830 -1826.419467874230 -4963.724964487730 4.87138406199580 -5.50040996246595 -2.15635994562733
2024-06-15T04:18:30.000 -4255.002521619080 -1837.415649629360 -4968.025059242660 4.88218756086478 -5.49576714779974 -2.14373299280440
2024-06-15T04:18:32.000 -4245.227363651040 -1848.402517893850 -4972.299889214270 4.89296627124257 -5.49109647577018 -2.13109517295636
2024-06-15T04:18:34.000 -4235.430673095930 -1859.380016976660 -4976.549432732460 4.90372013889665 -5.48639797006999 -2.11844655006559
2024-06-15T04:18:36.000 -4225.612499693340 -1870.348091234240 -4980.773668255190 4.91444910971889 -5.48167165453119 -2.10578718816781
2024-06-15T04:18:38.000 -4215.772893290930 -1881.306685070870 -4984.972574368520 4.92515312972582 -5.47691755312497 -2.09311715135176
2024-06-15T04:18:40.000 -4205.911903844220 -1892.255742938900 -4989.146129786740 4.93583214505895 -5.47213568996167 -2.08043650375882
2024-06-15T04:18:42.000 -4196.029581416300 -1903.195209339040 -4993.294313352500 4.94648610198505 -5.46732608929069 -2.06774530958269
2024-06-15T04:18:44.000 -4186.125976177630 -1914.125028820640 -4997.417104036850 4.95711494689640 -5.46248877550038 -2.05504363306905
2024-06-15T04:18:46.000 -4176.201138405720 -1925.045145981970 -5001.514480939410 4.96771862631112 -5.45762377311799 -2.04233153851522
2024-06-15T04:18:48.000 -4166.255118484950 -1935.955505470490 -5005.586423288450 4.97829708687341 -5.45273110680954 -2.02960909026979
2024-06-15T04:18:50.000 -4156.287966906280 -1946.856051983130 -5009.632910440960 4.98885027535390 -5.44781080137979 -2.01687635273229
2024-06-15T04:18:52.000 -4146.299734267000 -1957.746730266560 -5013.653921882810 4.99937813864986 -5.44286288177209 -2.00413339035287
2024-06-15T04:18:54.000 -4136.290471270460 -1968.627485117480 -5017.649437228810 5.00988062378554 -5.43788737306830 -1.99138026763190
2024-06-15T04:18:56.000 -4126.260228725860 -1979.498261382910 -5021.619436222810 5.02035767791240 -5.43288430048869 -1.97861704911966
2024-06-15T04:18:58.000 -4116.209057547970 -1990.359003960420 -5025.563898737830 5.03080924830946 -5.42785368939183 -1.96584379941599
2024-06-15T04:19:00.000 -4106.137008756840 -2001.209657798460 -5029.482804776110 5.04123528238353 -5.42279556527449 -1.95306058316994
2024-06-15T04:19:02.000 -4096.044133477630 -2012.050167896590 -5033.376134469280 5.05163572766949 -5.41770995377152 -1.94026746507942
2024-06-15T04:19:04.000 -4085.930482940250 -2022.880479305800 -5037.243868078370 5.06201053183063 -5.41259688065571 -1.92746450989088
2024-06-15T04:19:06.000 -4075.796108479200 -2033.700537128750 -5041.085985993970 5.07235964265886 -5.40745637183772 -1.91465178239892
2024-06-15T04:19:08.000 -4065.641061533230 -2044.510286520050 -5044.902468736320 5.08268300807502 -5.40228845336592 -1.90182934744599
2024-06-15T04:19:10.000 -4055.465393645140 -2055.309672686560 -5048.693296955370 5.09298057612919 -5.39709315142627 -1.88899726992203
2024-06-15T04:19:12.000 -4045.269156461500 -2066.098640887650 -5052.458451430920 5.10325229500093 -5.39187049234220 -1.87615561476413
2024-06-15T04:19:14.000 -4035.052401732390 -2076.877136435470 -5056.197913072660 5.11349811299957 -5.38662050257447 -1.86330444695621
2024-06-15T04:19:16.000 -4024.815181311130 -2087.645104695220 -5059.911662920330 5.12371797856451 -5.38134320872103 -1.85044383152863
2024-06-15T04:19:18.000 -4014.557547154040 -2098.402491085450 -5063.599682143750 5.13391184026547 -5.37603863751688 -1.83757383355791
2024-06-15T04:19:20.000 -4004.279551320180 -2109.149241078300 -5067.261952042950 5.14407964680281 -5.37070681583393 -1.82469451816637
2024-06-15T04:19:22.000 -3993.981245971060 -2119.885300199800 -5070.898454048240 5.15422134700778 -5.36534777068087 -1.81180595052181
2024-06-15T04:19:24.000 -3983.662683370400 -2130.610614030140 -5074.509169720340 5.16433688984283 -5.35996152920300 -1.79890819583714
2024-06-15T04:19:26.000 -3973.323915883870 -2141.325128203920 -5078.094080750400 5.17442622440185 -5.35454811868207 -1.78600131937008
2024-06-15T04:19:28.000 -3962.964995978830 -2152.028788410450 -5081.653168960160 5.18448929991049 -5.34910756653616 -1.77308538642283
2024-06-15T04:19:30.000 -3952.585976224030 -2162.721540394010 -5085.186416302000 5.19452606572645 -5.34363990031949 -1.76016046234174
2024-06-15T04:19:32.000 -3942.186909289390 -2173.403329954140 -5088.693804859030 5.20453647133973 -5.33814514772229 -1.74722661251694
2024-06-15T04:19:34.000 -3931.767847945720 -2184.074102945860 -5092.175316845200 5.21452046637292 -5.33262333657060 -1.73428390238209
2024-06-15T04:19:36.000 -3921.328845064450 -2194.733805280020 -5095.630934605340 5.22447800058151 -5.32707449482613 -1.72133239741399
2024-06-15T04:19:38.000 -3910.869953617360 -2205.382382923500 -5099.060640615310 5.23440902385418 -5.32149865058609 -1.70837216313228
2024-06-15T04:19:40.000 -3900.391226676320 -2216.019781899520 -5102.464417482030 5.24431348621302 -5.31589583208300 -1.69540326509910
2024-06-15T04:19:42.000 -3889.892717413020 -2226.645948287900 -5105.842247943610 5.25419133781392 -5.31026606768455 -1.68242576891880
2024-06-15T04:19:44.000 -3879.374479098710 -2237.260828225330 -5109.194114869370 5.26404252894676 -5.30460938589339 -1.66943974023758
2024-06-15T04:19:46.000 -3868.836565103930 -2247.864367905630 -5112.520001260010 5.27386701003575 -5.29892581534697 -1.65644524474317
2024-06-15T04:19:48.000 -3858.279028898220 -2258.456513580060 -5115.819890247620 5.28366473163973 -5.29321538481735 -1.64344234816454
2024-06-15T04:19:50.000 -3847.701924049900 -2269.037211557520 -5119.093765095800 5.29343564445241 -5.28747812321102 -1.63043111627155
2024-06-15T04:19:52.000 -3837.105304225730 -2279.606408204870 -5122.341609199710 5.30317969930269 -5.28171405956872 -1.61741161487460
2024-06-15T04:19:54.000 -3826.489223190690 -2290.164049947210 -5125.563406086190 5.31289684715497 -5.27592322306524 -1.60438390982438
2024-06-15T04:19:56.000 -3815.853734807710 -2300.710083268100 -5128.759139413830 5.32258703910938 -5.27010564300923 -1.59134806701147
2024-06-15T04:19:58.000 -3805.198893037360 -2311.244454709840 -5131.928792973010 5.33225022640213 -5.26426134884300 -1.57830415236607
2024-06-15T04:20:00.000 -3794.524751937630 -2321.767110873780 -5135.072350686050 5.34188636040575 -5.25839037014236 -1.56525223185764
2024-06-15T04:20:02.000 -3783.831365663600 -2332.277998420520 -5138.189796607210 5.35149539262942 -5.25249273661635 -1.55219237149458
2024-06-15T04:20:04.000 -3773.118788467200 -2342.777064070250 -5141.281114922820 5.36107727471922 -5.24656847810714 -1.53912463732392
2024-06-15T04:20:06.000 -3762.387074696960 -2353.264254602940 -5144.346289951350 5.37063195845846 -5.24061762458971 -1.52604909543096
2024-06-15T04:20:08.000 -3751.636278797660 -2363.739516858670 -5147.385306143480 5.38015939576791 -5.23464020617173 -1.51296581193899
2024-06-15T04:20:10.000 -3740.866455310130 -2374.202797737850 -5150.398148082150 5.38965953870614 -5.22863625309334 -1.49987485300888
2024-06-15T04:20:12.000 -3730.077658870950 -2384.654044201520 -5153.384800482690 5.39913233946977 -5.22260579572689 -1.48677628483883
2024-06-15T04:20:14.000 -3719.269944212150 -2395.093203271570 -5156.345248192830 5.40857775039375 -5.21654886457678 -1.47367017366398
2024-06-15T04:20:16.000 -3708.443366160960 -2405.520222031060 -5159.279476192850 5.41799572395167 -5.21046549027922 -1.46055658575608
2024-06-15T04:20:18.000 -3697.597979639520 -2415.935047624430 -5162.187469595570 5.42738621275600 -5.20435570360202 -1.44743558742317
2024-06-15T04:20:20.000 -3686.733839664610 -2426.337627257810 -5165.069213646490 5.43674916955837 -5.19821953544436 -1.43430724500923
2024-06-15T04:20:22.000 -3675.851001347360 -2436.727908199240 -5167.924693723810 5.44608454724989 -5.19205701683657 -1.42117162489382
2024-06-15T04:20:24.000 -3664.949519893000 -2447.105837778960 -5170.753895338540 5.45539229886133 -5.18586817893995 -1.40802879349175
2024-06-15T04:20:26.000 -3654.029450600530 -2457.471363389660 -5173.556804134550 5.46467237756346 -5.17965305304645 -1.39487881725275
2024-06-15T04:20:28.000 -3643.090848862480 -2467.824432486760 -5176.333405888650 5.47392473666729 -5.17341167057853 -1.38172176266108
2024-06-15T04:20:30.000 -3632.133770164620 -2478.164992588630 -5179.083686510640 5.48314932962431 -5.16714406308889 -1.36855769623521
2024-06-15T04:20:32.000 -3621.158270085690 -2488.492991276880 -5181.807632043400 5.49234611002674 -5.16085026226025 -1.35538668452744
2024-06-15T04:20:34.000 -3610.164404297070 -2498.808376196650 -5184.505228662950 5.50151503160781 -5.15453029990511 -1.34220879412357
2024-06-15T04:20:36.000 -3599.152228562560 -2509.111095056780 -5187.176462678510 5.51065604824196 -5.14818420796552 -1.32902409164255
2024-06-15T04:20:38.000 -3588.121798738060 -2519.401095630160 -5189.821320532570 5.51976911394513 -5.14181201851284 -1.31583264373608
2024-06-15T04:20:40.000 -3577.073170771300 -2529.678325753950 -5192.439788800960 5.52885418287493 -5.13541376374749 -1.30263451708828
2024-06-15T04:20:42.000 -3566.006400701540 -2539.942733329830 -5195.031854192900 5.53791120933089 -5.12898947599876 -1.28942977841531
2024-06-15T04:20:44.000 -3554.921544659330 -2550.194266324260 -5197.597503551100 5.54694014775472 -5.12253918772452 -1.27621849446504
2024-06-15T04:20:46.000 -3543.818658866160 -2560.432872768760 -5200.136723851770 5.55594095273046 -5.11606293151098 -1.26300073201665
2024-06-15T04:20:48.000 -3532.697799634230 -2570.658500760150 -5202.649502204710 5.56491357898470 -5.10956074007251 -1.24977655788028
2024-06-15T04:20:50.000 -3521.559023366130 -2580.871098460800 -5205.135825853390 5.57385798138683 -5.10303264625131 -1.23654603889665
2024-06-15T04:20:52.000 -3510.402386554570 -2591.070614098880 -5207.595682174980 5.58277411494917 -5.09647868301726 -1.22330924193673
2024-06-15T04:20:54.000 -3499.227945782120 -2601.256995968650 -5210.029058680420 5.59166193482719 -5.08989888346760 -1.21006623390132
2024-06-15T04:20:56.000 -3488.035757720860 -2611.430192430690 -5212.435943014480 5.60052139631966 -5.08329328082675 -1.19681708172073
2024-06-15T04:20:58.000 -3476.825879132140 -2621.590151912130 -5214.816322955840 5.60935245486888 -5.07666190844603 -1.18356185235439
2024-06-15T04:21:00.000 -3465.598366866290 -2631.736822906960 -5217.170186417100 5.61815506606077 -5.07000479980346 -1.17030061279048
2024-06-15T04:21:02.000 -3454.353277862320 -2641.870153976240 -5219.497521444880 5.62692918562508 -5.06332198850347 -1.15703343004561
2024-06-15T04:21:04.000 -3443.090669147630 -2651.990093748350 -5221.798316219860 5.63567476943553 -5.05661350827671 -1.14376037116437
2024-06-15T04:21:06.000 -3431.810597837740 -2662.096590919290 -5224.072559056830 5.64439177350991 -5.04987939297982 -1.13048150321906
2024-06-15T04:21:08.000 -3420.513121135980 -2672.189594252880 -5226.320238404760 5.65308015401030 -5.04311967659513 -1.11719689330925
2024-06-15T04:21:10.000 -3409.198296333210 -2682.269052581020 -5228.541342846840 5.66173986724310 -5.03633439323053 -1.10390660856150
2024-06-15T04:21:12.000 -3397.866180807550 -2692.334914803960 -5230.735861100550 5.67037086965922 -5.02952357711915 -1.09061071612892
2024-06-15T04:21:14.000 -3386.516832024060 -2702.387129890560 -5232.903782017690 5.67897311785419 -5.02268726261918 -1.07730928319089
2024-06-15T04:21:16.000 -3375.150307534460 -2712.425646878500 -5235.045094584450 5.68754656856822 -5.01582548421367 -1.06400237695266
2024-06-15T04:21:18.000 -3363.766664976850 -2722.450414874550 -5237.159787921450 5.69609117868636 -5.00893827651025 -1.05069006464501
2024-06-15T04:21:20.000 -3352.365962075430 -2732.461383054830 -5239.247851283820 5.70460690523856 -5.00202567424097 -1.03737241352393
2024-06-15T04:21:22.000 -3340.948256640160 -2742.458500665040 -5241.309274061190 5.71309370539975 -4.99508771226205 -1.02404949087024
2024-06-15T04:21:24.000 -3329.513606566550 -2752.441717020720 -5243.344045777810 5.72155153648997 -4.98812442555370 -1.01072136398930
2024-06-15T04:21:26.000 -3318.062069835280 -2762.410981507500 -5245.352156092550 5.72998035597443 -4.98113584921990 -0.99738810021062
2024-06-15T04:21:28.000 -3306.593704511980 -2772.366243581330 -5247.333594798960 5.73838012146353 -4.97412201848822 -0.98404976688756
2024-06-15T04:21:30.000 -3295.108568746920 -2782.307452768750 -5249.288351825320 5.74675079071304 -4.96708296870961 -0.97070643139703
2024-06-15T04:21:32.000 -3283.606720774690 -2792.234558667120 -5251.216417234700 5.75509232162407 -4.96001873535820 -0.95735816113911
2024-06-15T04:21:34.000 -3272.088218913950 -2802.147510944870 -5253.117781224980 5.76340467224317 -4.95292935403114 -0.94400502353677
2024-06-15T04:21:36.000 -3260.553121567120 -2812.046259341740 -5254.992434128910 5.77168780076240 -4.94581486044843 -0.93064708603557
2024-06-15T04:21:38.000 -3249.001487220080 -2821.930753669050 -5256.840366414170 5.77994166551940 -4.93867529045269 -0.91728441610331
2024-06-15T04:21:40.000 -3237.433374441900 -2831.800943809910 -5258.661568683370 5.78816622499739 -4.93151068000908 -0.90391708122977
2024-06-15T04:21:42.000 -3225.848841884530 -2841.656779719510 -5260.456031674130 5.79636143782529 -4.92432106520504 -0.89054514892637
2024-06-15T04:21:44.000 -3214.247948282520 -2851.498211425300 -5262.223746259140 5.80452726277775 -4.91710648225021 -0.87716868672593
2024-06-15T04:21:46.000 -3202.630752452730 -2861.325189027290 -5263.964703446140 5.81266365877519 -4.90986696747624 -0.86378776218231
2024-06-15T04:21:48.000 -3190.997313294010 -2871.137662698290 -5265.678894378020 5.82077058488389 -4.90260255733668 -0.85040244287021
2024-06-15T04:21:50.000 -3179.347689786980 -2880.935582684110 -5267.366310332840 5.82884800031602 -4.89531328840678 -0.83701279638482
2024-06-15T04:21:52.000 -3167.681940993630 -2890.718899303850 -5269.026942723860 5.83689586442971 -4.88799919738341 -0.82361889034159
2024-06-15T04:21:54.000 -3156.000126057140 -2900.487562950130 -5270.660783099590 5.84491413672913 -4.88066032108491 -0.81022079237591
2024-06-15T04:21:56.000 -3144.302304201500 -2910.241524089300 -5272.267823143850 5.85290277686451 -4.87329669645099 -0.79681857014291
2024-06-15T04:21:58.000 -3132.588534731260 -2919.980733261740 -5273.848054675770 5.86086174463226 -4.86590836054255 -0.78341229131714
2024-06-15T04:22:00.000 -3120.858877031250 -2929.705141082070 -5275.401469649850 5.86879099997501 -4.85849535054165 -0.77000202359235
2024-06-15T04:22:02.000 -3109.113390566260 -2939.414698239380 -5276.928060156010 5.87669050298168 -4.85105770375135 -0.75658783468120
2024-06-15T04:22:04.000 -3097.352134880730 -2949.109355497500 -5278.427818419600 5.88456021388761 -4.84359545759561 -0.74316979231504
2024-06-15T04:22:06.000 -3085.575169598520 -2958.789063695210 -5279.900736801470 5.89240009307460 -4.83610864961921 -0.72974796424363
2024-06-15T04:22:08.000 -3073.782554422560 -2968.453773746530 -5281.346807797950 5.90021010107103 -4.82859731748765 -0.71632241823493
2024-06-15T04:22:10.000 -3061.974349134580 -2978.103436640920 -5282.766024040970 5.90799019855194 -4.82106149898706 -0.70289322207481
2024-06-15T04:22:12.000 -3050.150613594820 -2987.738003443510 -5284.158378298020 5.91574034633918 -4.81350123202410 -0.68946044356684
2024-06-15T04:22:14.000 -3038.311407741710 -2997.357425295390 -5285.523863472220 5.92346050540147 -4.80591655462591 -0.67602415053205
2024-06-15T04:22:16.000 -3026.456791591620 -3006.961653413810 -5286.862472602350 5.93115063685457 -4.79830750493999 -0.66258441080867
2024-06-15T04:22:18.000 -3014.586825238530 -3016.550639092460 -5288.174198862900 5.93881070196141 -4.79067412123415 -0.64914129225189
2024-06-15T04:22:20.000 -3002.701568853740 -3026.124333701660 -5289.459035564050 5.94644066213218 -4.78301644189642 -0.63569486273364
2024-06-15T04:22:22.000 -2990.801082685590 -3035.682688688630 -5290.716976151780 5.95404047892456 -4.77533450543500 -0.62224519014235
2024-06-15T04:22:24.000 -2978.885427059160 -3045.225655577730 -5291.948014207840 5.96161011404380 -4.76762835047814 -0.60879234238267
2024-06-15T04:22:26.000 -2966.954662375970 -3054.753185970710 -5293.152143449820 5.96914952934295 -4.75989801577412 -0.59533638737529
2024-06-15T04:22:28.000 -2955.008849113670 -3064.265231546910 -5294.329357731140 5.97665868682300 -4.75214354019116 -0.58187739305665
2024-06-15T04:22:30.000 -2943.048047825790 -3073.761744063540 -5295.479651041140 5.98413754863306 -4.74436496271734 -0.56841542737871
2024-06-15T04:22:32.000 -2931.072319141390 -3083.242675355920 -5296.603017505060 5.99158607707062 -4.73656232246052 -0.55495055830870
2024-06-15T04:22:34.000 -2919.081723764800 -3092.707977337680 -5297.699451384100 5.99900423458167 -4.72873565864829 -0.54148285382889
2024-06-15T04:22:36.000 -2907.076322475290 -3102.157602001040 -5298.768947075430 6.00639198376095 -4.72088501062789 -0.52801238193631
2024-06-15T04:22:38.000 -2895.056176126810 -3111.591501417030 -5299.811499112240 6.01374928735220 -4.71301041786612 -0.51453921064250
2024-06-15T04:22:40.000 -2883.021345647680 -3121.009627735730 -5300.827102163750 6.02107610824837 -4.70511191994925 -0.50106340797327
2024-06-15T04:22:42.000 -2870.971892040260 -3130.411933186520 -5301.815751035240 6.02837240949182 -4.69718955658298 -0.48758504196842
2024-06-15T04:22:44.000 -2858.907876380690 -3139.798370078310 -5302.777440668100 6.03563815427466 -4.68924336759230 -0.47410418068145
2024-06-15T04:22:46.000 -2846.829359818580 -3149.168890799770 -5303.712166139830 6.04287330593893 -4.68127339292143 -0.46062089217932
2024-06-15T04:22:48.000 -2834.736403576690 -3158.523447819580 -5304.619922664060 6.05007782797688 -4.67327967263370 -0.44713524454218
2024-06-15T04:22:50.000 -2822.629068950660 -3167.861993686680 -5305.500705590630 6.05725168403128 -4.66526224691149 -0.43364730586302
2024-06-15T04:22:52.000 -2810.507417308690 -3177.184481030470 -5306.354510405560 6.06439483789565 -4.65722115605607 -0.42015714424746
2024-06-15T04:22:54.000 -2798.371510091250 -3186.490862561090 -5307.181332731080 6.07150725351457 -4.64915644048751 -0.40666482781339
2024-06-15T04:22:56.000 -2786.221408810740 -3195.781091069630 -5307.981168325680 6.07858889498400 -4.64106814074457 -0.39317042469071
2024-06-15T04:22:58.000 -2774.057175051250 -3205.055119428390 -5308.754013084140 6.08563972655149 -4.63295629748454 -0.37967400302101
2024-06-15T04:23:00.000 -2761.878870468200 -3214.312900591080 -5309.499863037500 6.09265971261658 -4.62482095148316 -0.36617563095722
2024-06-15T04:23:02.000 -2749.686556788080 -3223.554387593090 -5310.218714353150 6.09964881773103 -4.61666214363441 -0.35267537666335
2024-06-15T04:23:04.000 -2737.480295808110 -3232.779533551720 -5310.910563334790 6.10660700659919 -4.60847991495040 -0.33917330831410
2024-06-15T04:23:06.000 -2725.260149395950 -3241.988291666420 -5311.575406422490 6.11353424407824 -4.60027430656119 -0.32566949409458
2024-06-15T04:23:08.000 -2713.026179489390 -3251.180615218990 -5312.213240192720 6.12043049517857 -4.59204535971466 -0.31216400219991
2024-06-15T04:23:10.000 -2700.778448096050 -3260.356457573880 -5312.824061358310 6.12729572506404 -4.58379311577629 -0.29865690083494
2024-06-15T04:23:12.000 -2688.517017293070 -3269.515772178350 -5313.407866768550 6.13412989905233 -4.57551761622899 -0.28514825821383
2024-06-15T04:23:14.000 -2676.241949226790 -3278.658512562780 -5313.964653409140 6.14093298261524 -4.56721890267291 -0.27163814255972
2024-06-15T04:23:16.000 -2663.953306112480 -3287.784632340850 -5314.494418402260 6.14770494137898 -4.55889701682525 -0.25812662210437
2024-06-15T04:23:18.000 -2651.651150233960 -3296.894085209780 -5314.997159006520 6.15444574112452 -4.55055200052000 -0.24461376508778
2024-06-15T04:23:20.000 -2639.335543943370 -3305.986824950590 -5315.472872617060 6.16115534778787 -4.54218389570777 -0.23109963975778
2024-06-15T04:23:22.000 -2627.006549660810 -3315.062805428310 -5315.921556765510 6.16783372746040 -4.53379274445555 -0.21758431436971
2024-06-15T04:23:24.000 -2614.664229874030 -3324.121980592240 -5316.343209120010 6.17448084638911 -4.52537858894644 -0.20406785718596
2024-06-15T04:23:26.000 -2602.308647138150 -3333.164304476120 -5316.737827485240 6.18109667097695 -4.51694147147943 -0.19055033647563
2024-06-15T04:23:28.000 -2589.939864075310 -3342.189731198460 -5317.105409802410 6.18768116778312 -4.50848143446915 -0.17703182051412
2024-06-15T04:23:30.000 -2577.557943374400 -3351.198214962660 -5317.445954149320 6.19423430352332 -4.49999852044556 -0.16351237758268
2024-06-15T04:23:32.000 -2565.162947790680 -3360.189710057320 -5317.759458740290 6.20075604507003 -4.49149277205374 -0.14999207596807
2024-06-15T04:23:34.000 -2552.754940145560 -3369.164170856460 -5318.045921926260 6.20724635945280 -4.48296423205357 -0.13647098396211
2024-06-15T04:23:36.000 -2540.333983326200 -3378.121551819710 -5318.305342194740 6.21370521385851 -4.47441294331943 -0.12294916986129
2024-06-15T04:23:38.000 -2527.900140285220 -3387.061807492570 -5318.537718169840 6.22013257563157 -4.46583894883995 -0.10942670196633
2024-06-15T04:23:40.000 -2515.453474040430 -3395.984892506640 -5318.743048612280 6.22652841227422 -4.45724229171766 -0.09590364858177
2024-06-15T04:23:42.000 -2502.994047674440 -3404.890761579830 -5318.921332419380 6.23289269144674 -4.44862301516873 -0.08238007801558
2024-06-15T04:23:44.000 -2490.521924334410 -3413.779369516580 -5319.072568625100 6.23922538096767 -4.43998116252259 -0.06885605857870
2024-06-15T04:23:46.000 -2478.037167231690 -3422.650671208140 -5319.196756399990 6.24552644881401 -4.43131677722170 -0.05533165858463
2024-06-15T04:23:48.000 -2465.539839641520 -3431.504621632730 -5319.293895051270 6.25179586312143 -4.42262990282114 -0.04180694634906
2024-06-15T04:23:50.000 -2453.030004902700 -3440.341175855800 -5319.363984022770 6.25803359218446 -4.41392058298834 -0.02828199018936
2024-06-15T04:23:52.000 -2440.507726417310 -3449.160289030250 -5319.407022894960 6.26423960445667 -4.40518886150274 -0.01475685842425
2024-06-15T04:23:54.000 -2427.973067650330 -3457.961916396640 -5319.423011384950 6.27041386855080 -4.39643478225542 -0.00123161937333
2024-06-15T04:23:56.000 -2415.426092129380 -3466.746013283430 -5319.411949346480 6.27655635323897 -4.38765838924882 0.01229365864331
2024-06-15T04:23:58.000 -2402.866863444360 -3475.512535107200 -5319.373836769940 6.28266702745278 -4.37885972659634 0.02581890730550
2024-06-15T04:24:00.000 -2390.295445247160 -3484.261437372860 -5319.308673782370 6.28874586028344 -4.37003883852208 0.03934405829341
2024-06-15T04:24:02.000 -2377.711901251320 -3492.992675673890 -5319.216460647430 6.29479282098189 -4.36119576936042 0.05286904328795
2024-06-15T04:24:04.000 -2365.116295231720 -3501.706205692540 -5319.097197765430 6.30080787895894 -4.35233056355575 0.06639379397117
2024-06-15T04:24:06.000 -2352.508691024260 -3510.401983200060 -5318.950885673300 6.30679100378531 -4.34344326566207 0.07991824202662
2024-06-15T04:24:08.000 -2339.889152525530 -3519.079964056900 -5318.777525044610 6.31274216519173 -4.33453392034273 0.09344231913982
2024-06-15T04:24:10.000 -2327.257743692510 -3527.740104212990 -5318.577116689570 6.31866133306904 -4.32560257237002 0.10696595699855
2024-06-15T04:24:12.000 -2314.614528542240 -3536.382359707870 -5318.349661555000 6.32454847746821 -4.31664926662490 0.12048908729331
2024-06-15T04:24:14.000 -2301.959571151490 -3545.006686670960 -5318.095160724320 6.33040356860041 -4.30767404809665 0.13401164171763
2024-06-15T04:24:16.000 -2289.292935656440 -3553.613041321790 -5317.813615417580 6.33622657683704 -4.29867696188255 0.14753355196849
2024-06-15T04:24:18.000 -2276.614686252380 -3562.201379970170 -5317.505026991420 6.34201747270977 -4.28965805318756 0.16105474974663
2024-06-15T04:24:20.000 -2263.924887193390 -3570.771659016430 -5317.169396939100 6.34777622691056 -4.28061736732402 0.17457516675693
2024-06-15T04:24:22.000 -2251.223602791960 -3579.323834951630 -5316.806726890440 6.35350281029166 -4.27155494971134 0.18809473470877
2024-06-15T04:24:24.000 -2238.510897418760 -3587.857864357790 -5316.417018611830 6.35919719386562 -4.26247084587569 0.20161338531632
2024-06-15T04:24:26.000 -2225.786835502260 -3596.373703908070 -5316.000274006250 6.36485934880530 -4.25336510144974 0.21513105029893
2024-06-15T04:24:28.000 -2213.051481528410 -3604.871310367020 -5315.556495113230 6.37048924644385 -4.24423776217236 0.22864766138141
2024-06-15T04:24:30.000 -2200.304900040360 -3613.350640590750 -5315.085684108840 6.37608685827469 -4.23508887388831 0.24216315029436
2024-06-15T04:24:32.000 -2187.547155638080 -3621.811651527200 -5314.587843305680 6.38165215595149 -4.22591848254804 0.25567744877450
2024-06-15T04:24:34.000 -2174.778312978110 -3630.254300216280 -5314.062975152870 6.38718511128815 -4.21672663420738 0.26919048856494
2024-06-15T04:24:36.000 -2161.998436773180 -3638.678543790130 -5313.511082236040 6.39268569625879 -4.20751337502731 0.28270220141548
2024-06-15T04:24:38.000 -2149.207591791900 -3647.084339473330 -5312.932167277330 6.39815388299769 -4.19827875127370 0.29621251908293
2024-06-15T04:24:40.000 -2136.405842858480 -3655.471644583090 -5312.326233135330 6.40358964379924 -4.18902280931712 0.30972137333133
2024-06-15T04:24:42.000 -2123.593254852370 -3663.840416529450 -5311.693282805100 6.40899295111797 -4.17974559563258 0.32322869593229
2024-06-15T04:24:44.000 -2110.769892707930 -3672.190612815520 -5311.033319418180 6.41436377756847 -4.17044715679931 0.33673441866521
2024-06-15T04:24:46.000 -2097.935821414160 -3680.522191037670 -5310.346346242500 6.41970209592533 -4.16112753950060 0.35023847331756
2024-06-15T04:24:48.000 -2085.091106014340 -3688.835108885730 -5309.632366682430 6.42500787912318 -4.15178679052356 0.36374079168513
2024-06-15T04:24:50.000 -2072.235811605710 -3697.129324143230 -5308.891384278740 6.43028110025659 -4.14242495675899 0.37724130557229
2024-06-15T04:24:52.000 -2059.370003339190 -3705.404794687570 -5308.123402708580 6.43552173258006 -4.13304208520112 0.39073994679221
2024-06-15T04:24:54.000 -2046.493746418990 -3713.661478490240 -5307.328425785470 6.44072974950804 -4.12363822294755 0.40423664716712
2024-06-15T04:24:56.000 -2033.607106102370 -3721.899333617030 -5306.506457459260 6.44590512461482 -4.11421341719899 0.41773133852852
2024-06-15T04:24:58.000 -2020.710147699260 -3730.118318228240 -5305.657501816140 6.45104783163459 -4.10476771525919 0.43122395271745
2024-06-15T04:25:00.000 -2007.802936571970 -3738.318390578870 -5304.781563078600 6.45615784446140 -4.09530116453477 0.44471442158467
2024-06-15T04:25:02.000 -1994.885538134840 -3746.499509018860 -5303.878645605440 6.46123513714913 -4.08581381253507 0.45820267699092
2024-06-15T04:25:04.000 -1981.958017853990 -3754.661631993240 -5302.948753891700 6.46627968391154 -4.07630570687206 0.47168865080712
2024-06-15T04:25:06.000 -1969.020441246900 -3762.804718042380 -5301.991892568680 6.47129145912224 -4.06677689526019 0.48517227491459
2024-06-15T04:25:08.000 -1956.072873882180 -3770.928725802190 -5301.008066403920 6.47627043731472 -4.05722742551631 0.49865348120527
2024-06-15T04:25:10.000 -1943.115381379200 -3779.033614004300 -5299.997280301140 6.48121659318237 -4.04765734555954 0.51213220158193
2024-06-15T04:25:12.000 -1930.148029407770 -3787.119341476290 -5298.959539300260 6.48612990157852 -4.03806670341120 0.52560836795839
2024-06-15T04:25:14.000 -1917.170883687860 -3795.185867141900 -5297.894848577360 6.49101033751648 -4.02845554719468 0.53908191225972
2024-06-15T04:25:16.000 -1904.184009989230 -3803.233150021180 -5296.803213444650 6.49585787616956 -4.01882392513539 0.55255276642249
2024-06-15T04:25:18.000 -1891.187474131150 -3811.261149230760 -5295.684639350460 6.50067249287119 -4.00917188556063 0.56602086239493
2024-06-15T04:25:20.000 -1878.181341982060 -3819.269823984020 -5294.539131879220 6.50545416311493 -3.99949947689955 0.57948613213719
2024-06-15T04:25:22.000 -1865.165679459230 -3827.259133591320 -5293.366696751420 6.51020286255458 -3.98980674768306 0.59294850762154
2024-06-15T04:25:24.000 -1852.140552528500 -3835.229037460140 -5292.167339823580 6.51491856700427 -3.98009374654373 0.60640792083258
2024-06-15T04:25:26.000 -1839.106027203900 -3843.179495095360 -5290.941067088270 6.51960125243856 -3.97036052221575 0.61986430376748
2024-06-15T04:25:28.000 -1826.062169547340 -3851.110466099430 -5289.687884674020 6.52425089499253 -3.96060712353481 0.63331758843620
2024-06-15T04:25:30.000 -1813.009045668320 -3859.021910172560 -5288.407798845360 6.52886747096191 -3.95083359943808 0.64676770686170
2024-06-15T04:25:32.000 -1799.946721723580 -3866.913787112930 -5287.100816002720 6.53345095680322 -3.94103999896408 0.66021459108021
2024-06-15T04:25:34.000 -1786.875263916780 -3874.786056816920 -5285.766942682470 6.53800132913390 -3.93122637125264 0.67365817314141
2024-06-15T04:25:36.000 -1773.794738498200 -3882.638679279270 -5284.406185556880 6.54251856473246 -3.92139276554480 0.68709838510873
2024-06-15T04:25:38.000 -1760.705211764390 -3890.471614593330 -5283.018551434050 6.54700264053862 -3.91153923118272 0.70053515905954
2024-06-15T04:25:38.164 -1759.631473258800 -3891.113040726860 -5282.903573330420 6.54736886315054 -3.91073035893795 0.70163681990698
2024-06-15T04:29:38.164 -143.448074125259 -4677.058274322620 -4924.244689665640 6.83876347817917 -2.59874591723186 2.26909002538926
2024-06-15T04:33:38.164 1483.139268193780 -5123.281325191940 -4206.899781436720 6.63341446205002 -1.09686153584577 3.67243410574713
2024-06-15T04:37:38.164 3001.881417912480 -5197.031851658240 -3182.847488088980 5.94537747356031 0.48629806844685 4.80926916157970
2024-06-15T04:41:38.164 4302.155978305200 -4892.579854446630 -1926.526676169620 4.82387421893519 2.03549885842476 5.59600731714544
2024-06-15T04:45:38.164 5289.106929082500 -4231.810132101540 -529.511478214459 3.35033280055024 3.43732623453042 5.97441419289505
2024-06-15T04:49:38.164 5890.731556265410 -3262.738662549040 906.188949181023 1.63260454672284 4.58883838121194 5.91638106093654
2024-06-15T04:53:38.164 6063.291424811050 -2056.011644254260 2275.704780497630 -0.20316351001399 5.40564819795525 5.42635354572096
2024-06-15T04:57:38.164 5794.538033516120 -699.626575693077 3479.127888120020 -2.02243241568236 5.82845465853777 4.54091878793279
2024-06-15T05:01:38.164 5104.481274371220 707.642040516551 4428.894809758350 -3.69263423320257 5.82725191338834 3.32563307070654
2024-06-15T05:05:38.164 4043.721215058030 2063.535114335280 5056.127482647140 -5.09292925528111 5.40308429861035 1.86962037759613
2024-06-15T05:09:38.164 2689.587005172790 3269.727657576040 5315.507800569750 -6.12272468214996 4.58741037103174 0.27884549970179
2024-06-15T05:13:38.164 1140.436702365690 4238.844829058380 5188.390407590610 -6.70829485452769 3.43943146333887 -1.33167576065021
2024-06-15T05:17:38.164 -491.397922057359 4900.636478008490 4684.042519330580 -6.80756802032369 2.04182539502975 -2.84568533937857
2024-06-15T05:21:38.164 -2087.590315627860 5206.964881304140 3838.985198562980 -6.41295791344517 0.49515151139079 -4.15362137646047
2024-06-15T05:25:38.164 -3532.238559489180 5135.317903110670 2714.472298016700 -5.55225520578149 -1.08880163847756 -5.16017841447863
2024-06-15T05:29:38.164 -4720.251582096750 4690.583484223920 1392.195815097640 -4.28730075817138 -2.59488263266925 -5.79144514113143
2024-06-15T05:33:38.164 -5565.084367928420 3904.841441649200 -31.578188475921 -2.70990085650229 -3.91307483763933 -6.00071375759898
2024-06-15T05:37:38.164 -6005.181008498910 2835.117364010100 -1453.048615328880 -0.93520658637635 -4.94685511395824 -5.77234752919637
2024-06-15T05:41:38.164 -6008.570938890450 1559.218144453740 -2768.553759758660 0.90698480656212 -5.62068833545214 -5.12313803897864
2024-06-15T05:45:38.164 -5575.202018350410 169.975216982661 -3882.244266843680 2.68219059766523 -5.88568457851763 -4.10095658785911
2024-06-15T05:49:38.164 -4736.835696932660 -1231.621262623410 -4713.117649940130 4.26144390503808 -5.72310563802460 -2.78079580681287
2024-06-15T05:53:38.164 -3554.575306968580 -2543.809999912790 -5200.846408598610 5.53062983157543 -5.14520667983554 -1.25885974785278
2024-06-15T05:57:38.164 -2114.332582265650 -3671.380458079560 -5310.036672447400 6.39828965574600 -4.19394802272173 0.35453221872811
2024-06-15T06:01:38.164 -520.623748943349 -4532.460768969430 -5032.696773005710 6.80171764140978 -2.93786928259488 1.94265841849076
2024-06-15T06:05:38.164 1110.886511626190 -5064.362561055730 -4388.815229079250 6.71126439231477 -1.46738393652177 3.39042316383150
2024-06-15T06:09:38.164 2661.630994273200 -5228.129603966420 -3425.008269893070 6.13260686788472 0.11125652016633 4.59232974508131
2024-06-15T06:13:38.164 4018.690072409410 -5011.488421133960 -2211.293035206100 5.10696971553290 1.68327434157710 5.46009721140808
2024-06-15T06:17:38.164 5083.090146559150 -4429.906673267160 -836.103655669002 3.70869104138145 3.13371648626796 5.92957383524278
2024-06-15T06:21:38.164 5777.172487968900 -3525.591753875140 600.165572581694 2.03998076314127 4.35613420382040 5.96592625180607
2024-06-15T06:25:38.164 6050.417138559800 -2364.442165111810 1992.595758550420 0.22333228114520 5.26085657206471 5.56656091891846
2024-06-15T06:29:38.164 5883.195264077940 -1031.144503513290 3239.566185905580 -1.60801442034270 5.78199429436933 4.76134651968464
2024-06-15T06:33:38.164 5288.112681815430 377.163492397564 4250.285388399650 -3.32040353575926 5.88227755620998 3.61001010250709
2024-06-15T06:37:38.164 4308.894688361820 1758.092635442460 4951.402203149980 -4.78974971462394 5.55539282848318 2.19717487161403
2024-06-15T06:41:38.164 3017.002944008900 3011.461838409480 5292.216078913720 -5.91033003796266 4.82584179162826 0.62578853408684
2024-06-15T06:45:38.164 1506.339565216250 4046.465644322280 5248.191551780640 -6.60189616024273 3.74673303339395 -0.99036733772497
2024-06-15T06:49:38.164 -113.526022228914 4788.102910031700 4822.604468465170 -6.81483875282101 2.39588918776782 -2.53463059360682
2024-06-15T06:53:38.164 -1725.148811707430 5182.496221922900 4046.287982285790 -6.53353673296918 0.87052235663171 -3.89533838280697
2024-06-15T06:57:38.164 -3211.564853306850 5200.780761337320 2975.494851938840 -5.77766285674141 -0.71932075467255 -4.97355833453340
2024-06-15T07:01:38.164 -4464.704859701370 4841.301778524690 1687.969275457860 -4.60130815893994 -2.25826751337673 -5.69028367438190
2024-06-15T07:05:38.164 -5393.297868100550 4129.903025400840 277.398949820628 -3.08961757913670 -3.63397336908826 -5.99253168180448
2024-06-15T07:09:38.164 -5929.672585502890 3118.164217634760 -1153.396649249500 -1.35288177392736 -4.74571128316316 -5.85775744570423
2024-06-15T07:13:38.164 -6034.821156230870 1879.654806392000 -2500.068986561070 0.48187021849809 -5.51215010587524 -5.29585147480025
2024-06-15T07:17:38.164 -5701.263509281020 504.492035035872 -3664.475760672110 2.28062428138687 -5.87758970036643 -4.34827274595412
2024-06-15T07:21:38.164 -4953.499832092470 -907.336366010368 -4561.891579880430 3.91257632315454 -5.81592141416525 -3.08460002705355
2024-06-15T07:25:38.164 -3846.074729386720 -2253.295787159850 -5127.131558348540 5.25964067925144 -5.33209502340074 -1.59705301019331
2024-06-15T07:29:38.164 -2459.503845860450 -3435.717392874930 -5319.180919861400 6.22472789808173 -4.46138343766502 0.00642372215404
2024-06-15T07:33:38.164 -894.422161853961 -4368.769302460540 -5124.053839001980 6.73818414044297 -3.26656825438797 1.60982725880842
2024-06-15T07:37:38.164 735.598891487772 -4984.574422905440 -4555.781347290750 6.76249625963397 -1.83364320695066 3.09702698744299
2024-06-15T07:41:38.164 2312.145072553710 -5238.114873445980 -3655.477314894560 6.29511777765179 -0.26602981143217 4.35979574710339
2024-06-15T07:45:38.164 3720.473959312050 -5110.589935402560 -2488.499010713940 5.36910956726391 1.32249074825434 5.30558040400752
2024-06-15T07:49:38.164 4857.895071956180 -4610.945631198710 -1139.821060850660 4.05130988291659 2.81588348895574 5.86452763358965
2024-06-15T07:53:38.164 5641.402050797600 -3775.390005559040 292.120125028048 2.43798707311981 4.10449188958702 5.99512437173059
2024-06-15T07:57:38.164 6013.927867436810 -2664.793255108590 1702.716751737170 0.64758498447890 5.09380888640716 5.68780338153239
2024-06-15T08:01:38.164 5948.574512584140 -1360.152206504620 2988.994706682570 -1.18857093647451 5.71167604698366 4.96562500862735
2024-06-15T08:05:38.164 5450.505501443570 43.454618601821 4057.248480607450 -2.93632605851796 5.91361784808847 3.88222223470326
2024-06-15T08:09:38.164 4556.405906204440 1443.926311618160 4829.893067303650 -4.46878995916348 5.68588244754545 2.51738109755902
2024-06-15T08:13:38.164 3331.607268018620 2739.618935395920 5251.013592238990 -5.67554651671618 5.04589123718763 0.97073155603169
2024-06-15T08:17:38.164 1865.198731364590 3836.645462900090 5290.253847269810 -6.47010896970872 4.04040904268578 -0.64564014014034
2024-06-15T08:21:38.164 263.575001119359 4655.527263891030 4944.877349416680 -6.79554024345138 2.74202879187100 -2.21498632435161
2024-06-15T08:25:38.164 -1357.146653142450 5136.823629143580 4239.923308583080 -6.62822709917678 1.24419046843088 -3.62391945370836
2024-06-15T08:29:38.164 -2879.379537711830 5245.398148746560 3226.460119756510 -5.97965620597717 -0.34515616802839 -4.77015789026654
2024-06-15T08:33:38.164 -4192.500336528280 4973.050355829020 1978.042100524950 -4.89614257613667 -1.91078092337027 -5.56981177386298
2024-06-15T08:37:38.164 -5200.921925632800 4339.273520647270 585.468579196891 -3.45595014564057 -3.33859731578114 -5.96398218824389
2024-06-15T08:41:38.164 -5831.156983590970 3389.953792687900 -849.794195213581 -1.76390834440631 -4.52412500477443 -5.92329761287164
2024-06-15T08:45:38.164 -6037.328616890790 2194.089917865760 -2223.070420616210 0.05620264143649 -5.38052930786684 -5.45064042077581
2024-06-15T08:49:38.164 -5804.577755404790 838.696180902951 -3434.257785653830 1.87137014491460 -5.84545868812312 -4.58091875536157
2024-06-15T08:53:38.164 -5150.064665156990 -577.656031036882 -4395.196514349680 3.54946707046583 -5.88549989869293 -3.37806673154867
2024-06-15T08:57:38.164 -4121.575974124100 -1952.076721399960 -5036.064566901740 4.96893292995613 -5.49823827058898 -1.92997318487107
2024-06-15T09:01:38.164 -2793.930504192260 -3184.818630004910 -5310.351677124380 6.02735888626709 -4.71203886144085 -0.34181414699207
2024-06-15T09:05:38.164 -1263.514108007260 -4186.417544694540 -5198.122375987330 6.64844370638248 -3.58368553069373 1.27144536929049
2024-06-15T09:09:38.164 358.629292849566 -4884.059702990510 -4707.408553569850 6.78702122483501 -2.19437058685162 2.79303066462675
2024-06-15T09:13:38.164 1954.699601675130 -5226.820284277360 -3873.685821164250 6.43234040621087 -0.64427859217508 4.11235952597460
2024-06-15T09:17:38.164 3408.587509844820 -5189.428533381440 -2757.436061824760 5.60925111704201 0.95422998605476 5.13290021879102
2024-06-15T09:21:38.164 4614.325347018390 -4774.257250217180 -1439.891596973380 4.37700758852948 2.48454303750022 5.77938894627702
2024-06-15T09:25:38.164 5483.938827667740 -4011.314483097460 -17.171834194018 2.82541314116032 3.83446627586847 6.00389901805242
2024-06-15T09:29:38.164 5954.032768276980 -2956.130153763190 1406.800523682110 1.06821151896955 4.90487495288129 5.78977337940958
2024-06-15T09:33:38.164 5990.548601843340 -1685.671795695990 2728.037493659060 -0.76547908925772 5.61747835851691 5.15317256837914
2024-06-15T09:37:38.164 5591.224590891330 -292.555188679136 3850.246613078480 -2.54156391738113 5.92091231478835 4.14152449715037
2024-06-15T09:41:38.164 4785.568326382770 1121.853198181800 4691.874497994890 -4.13100299955630 5.79398474402451 2.82940801399758
2024-06-15T09:45:38.164 3632.511756808750 2454.852910153690 5191.960678102630 -5.41908300657852 5.24676297407032 1.31274755990798
2024-06-15T09:49:38.164 2215.988592332220 3609.819807032180 5314.420679343180 -6.31336422292631 4.31944644914468 -0.29836462904479
2024-06-15T09:53:38.164 638.812084500698 4503.086398384830 5050.502012860170 -6.74979574899252 3.07911360935047 -1.88757012239098
2024-06-15T09:57:38.164 -984.669380043789 5069.849723756780 4419.348706660850 -6.69684476601380 1.61501704963586 -3.34007495488018
2024-06-15T10:01:38.164 -2536.693002391740 5268.807292429630 3466.675385149950 -6.15781492303716 0.03263148936798 -4.55053459613406
2024-06-15T10:05:38.164 -3904.511598601210 5085.210828442770 2261.594441383400 -5.17103440414402 -1.55349440807462 -5.43051435791150
2024-06-15T10:09:38.164 -4988.588990681130 4532.093286586170 891.725199709106 -3.80768942108796 -3.02783960472114 -5.91525769957365
2024-06-15T10:13:38.164 -5709.953861791450 3649.453573837570 -543.152026226100 -2.16692694069260 -4.28264367123482 -5.96885362846054
2024-06-15T10:17:38.164 -6016.075802050360 2501.400944212780 -1938.414079105350 -0.36858250788022 -5.22601894930915 -5.58715973878506
2024-06-15T10:21:38.164 -5884.783792688500 1171.462844477700 -3192.337987285440 1.45583644457552 -5.78911600673822 -4.79833481318544
2024-06-15T10:25:38.164 -5325.849827817540 -243.619240641779 -4213.621526905980 3.17334961346641 -5.93130462342831 -3.66044346845310
2024-06-15T10:29:38.164 -4380.136909354240 -1641.023369692450 -4928.036611564470 4.65943052112465 -5.64278585274680 -2.25675075632748
2024-06-15T10:33:38.164 -3116.486816763020 -2919.324123003270 -5283.731632179540 5.80679485037501 -4.94484648068194 -0.68931325309383
2024-06-15T10:37:38.164 -1626.670167018430 -3985.769148196820 -5254.878280055060 6.53273614718287 -3.88800779565656 0.92835925117646
2024-06-15T10:41:38.164 -18.783574898021 -4762.885823709930 -4843.477502858350 6.78467784353627 -2.54833011390717 2.47920450592171
2024-06-15T10:45:38.164 1590.451129068940 -5194.022539927120 -4079.244863481030 6.54376264042259 -1.02230972043449 3.85065641242664
2024-06-15T10:49:38.164 3084.028154868880 -5247.506958576710 -3017.581148173640 5.82658966192251 0.57959312152590 4.94253923590610
2024-06-15T10:53:38.164 4353.141411075240 -4919.087033192210 -1735.690089742510 4.68457123947741 2.14070677563435 5.67449640160591
2024-06-15T10:57:38.164 5305.207017391800 -4232.409075703940 -327.039516911988 3.20072802878816 3.54667754313691 5.99228117226743
2024-06-15T11:01:38.164 5870.794967700630 -3237.402526054980 1105.498624165210 1.48376735954598 4.69428636883129 5.87233501654592
2024-06-15T11:05:38.164 6008.828483145370 -2006.611745516800 2457.300954798010 -0.34026930386653 5.49950615288364 5.32370846903554
2024-06-15T11:09:38.164 5709.597783798740 -629.783832699728 3629.782806138190 -2.13775297441600 5.90392682430963 4.38733209344148
2024-06-15T11:13:38.164 4995.332760217750 792.840440562650 4537.680523631370 -3.77783838258202 5.87899248013409 3.13246145392692
2024-06-15T11:17:38.164 3918.359901030290 2157.924768891000 5115.190814038830 -5.14205780443453 5.42748317946061 1.65094792971625
2024-06-15T11:21:38.164 2557.127335745990 3366.492716397520 5320.591132248350 -6.13240485844624 4.58266897198694 0.05040170306915
2024-06-15T11:25:38.164 1010.481550553740 4330.976097598810 5139.121066492270 -6.67786878208648 3.40577203560192 -1.55342785520711
2024-06-15T11:29:38.164 -609.425440012992 4981.429444457240 4583.968415670080 -6.73918024698940 1.98154760463733 -3.04472940844652
2024-06-15T11:33:38.164 -2185.107523542550 5270.506420287030 3695.339740913810 -6.31145476840604 0.41253740948110 -4.31543942370609
2024-06-15T11:37:38.164 -3602.128562470420 5176.936223062370 2537.676243321650 -5.42492169648196 -1.18776201037759 -5.27290640404732
2024-06-15T11:41:38.164 -4757.390364253890 4707.205108543970 1195.110421543620 -4.14337532874170 -2.70294742607864 -5.84673831879552
2024-06-15T11:45:38.164 -5566.735953081150 3895.228123723760 -234.584636536207 -2.55992571860897 -4.02227836346766 -5.99445960073121
2024-06-15T11:49:38.164 -5971.216221889290 2799.964685239320 -1647.171984605570 -0.79020773282590 -5.04917064504501 -5.70504025232239
2024-06-15T11:53:38.164 -5941.476392744470 1501.092910450880 -2939.653615929420 1.03637160307793 -5.70864522212022 -4.99977424560917
2024-06-15T11:57:38.164 -5479.888011206570 93.112264810980 -4017.881053233480 2.78653415004081 -5.95293216182156 -3.93061433307965
2024-06-15T12:01:38.164 -4620.261096503700 -1321.637217635210 -4803.452706376660 4.33320116149491 -5.76480632213569 -2.57593535098537
2024-06-15T12:05:38.164 -3425.230849566110 -2640.450699464250 -5239.344492069530 5.56464978432792 -5.15838279603628 -1.03437488271007
2024-06-15T12:09:38.164 -1981.622493090570 -3767.644971812110 -5293.923553594850 6.39215153445857 -4.17765467818490 0.58237117054987
2024-06-15T12:13:38.164 -394.188243927732 -4621.373126700210 -4963.155097605620 6.75588225300919 -2.89325934013192 2.15734973824880
2024-06-15T12:17:38.164 1221.858844703780 -5139.470059446550 -4270.902155028970 6.62901861183270 -1.39764794654958 3.57635503350066
2024-06-15T12:21:38.164 2749.067006759880 -5283.972282484580 -3267.312468382380 6.01991573273997 0.20108284362776 4.73587735379852
2024-06-15T12:25:38.164 4076.229822040280 -5044.004835026800 -2025.321473533940 4.97205022311545 1.78663995502583 5.55073054509885
2024-06-15T12:29:38.164 5106.555317632700 -4436.742918368230 -635.438365214431 3.56140379306367 3.24302802054898 5.96062957089638
2024-06-15T12:33:38.164 5764.885120062500 -3506.285031750850 800.860375982558 1.89118237806823 4.46333403047460 5.93512095808061
2024-06-15T12:37:38.164 6003.342764070970 -2320.449959312900 2178.664481318760 0.08403547324043 5.35812170925839 5.47625665623339
2024-06-15T12:41:38.164 5804.862830563310 -965.709458789503 3397.457944893810 -1.72761510685187 5.86234860545612 4.61830503129941
2024-06-15T12:45:38.164 5184.322940879210 459.265966532276 4368.541465962910 -3.41167023625272 5.93999570976951 3.42479364856426
2024-06-15T12:49:38.164 4187.272577666160 1850.907016103730 5021.476108836890 -4.84621643139745 5.58641865334543 1.98332738113842
2024-06-15T12:53:38.164 2886.415482541160 3108.281960133480 5309.066244033130 -5.92816593960507 4.82798986660935 0.39877866568272
2024-06-15T12:57:38.164 1376.247133194400 4140.288164868340 5210.603606449930 -6.57996492924556 3.71972456448116 -1.21427987209180
2024-06-15T13:01:38.164 -233.709079143809 4872.099735524080 4733.268917535910 -6.75467714080347 2.34148441488950 -2.73933183785793
2024-06-15T13:05:38.164 -1826.701104318320 5250.506236248060 3911.633089130510 -6.43935469469629 0.79249128627812 -4.06597837877094
2024-06-15T13:09:38.164 -3287.074888759780 5247.773710556460 2805.255855124680 -5.65611843021397 -0.81536184831777 -5.09761958343099
2024-06-15T13:13:38.164 -4508.616829655900 4863.777880327710 1494.505076523370 -4.46114339261480 -2.36526982003701 -5.75854786704492
2024-06-15T13:17:38.164 -5402.351733587870 4126.168659901490 74.803397734993 -2.94108427682955 -3.74403221105558 -5.99988520204536
2024-06-15T13:21:38.164 -5903.164612560550 3088.466534977900 -1350.347799934610 -1.20689754685939 -4.85067961013140 -5.80366566347395
2024-06-15T13:25:38.164 -5974.659925859690 1826.150546572020 -2677.021581631000 0.61460546452393 -5.60435460603108 -5.18431806009412
2024-06-15T13:29:38.164 -5611.819342235960 431.073973161629 -3808.547851006670 2.39042303584246 -5.95031912526346 -4.18748683999965
2024-06-15T13:33:38.164 -4841.276237210550 -995.327214221764 -4662.611043285060 3.99144970478734 -5.86389746165732 -2.88633124603614
2024-06-15T13:37:38.164 -3719.227662955420 -2349.465672533780 -5177.192963786440 5.30189241192315 -5.35186368054506 -1.37574502961118
2024-06-15T13:41:38.164 -2327.244791084240 -3533.083452578690 -5314.961319723130 6.22730369746200 -4.45152693478650 0.23470225644698
2024-06-15T13:45:38.164 -766.352733420438 -4460.265188769490 -5065.868307520860 6.70090518726058 -3.22779982165948 1.82852606101276
2024-06-15T13:49:38.164 850.179655427821 -5063.554526480060 -4447.859948523220 6.68804924961422 -1.76873911887508 3.29026589044399
2024-06-15T13:53:38.164 2404.907687026240 -5298.830390158870 -3505.666454270490 6.18884029878108 -0.17965483913180 4.51348800193822
2024-06-15T13:57:38.164 3784.657641109300 -5148.617647991190 -2307.714068909620 5.23868718124169 1.42400936819556 5.40840186936630
2024-06-15T14:01:38.164 4888.826743530150 -4623.534246780510 -941.266022826656 3.90635830152057 2.92505536468129 5.90888497870188
2024-06-15T14:05:38.164 5636.862777482730 -3761.651948062520 493.939231954074 2.28916554652500 4.21336276224495 5.97780287653632
2024-06-15T14:09:38.164 5974.300997749050 -2625.764239554350 1893.063374180280 0.50581338482141 5.19439724609089 5.61011996743152
2024-06-15T14:13:38.164 5876.822742344270 -1298.719781774170 3153.991566578500 -1.31285634020771 5.79665496714365 4.83338380343591
2024-06-15T14:17:38.164 5351.948052753850 122.789835933641 4184.906680992260 -3.03407577604217 5.97695219487815 3.70523414430068
2024-06-15T14:21:38.164 4438.288350574250 1535.401160810140 4910.972345126210 -4.53307971254015 5.72310558305790 2.30857979480475
2024-06-15T14:25:38.164 3202.550772521270 2836.609160257490 5279.662093815830 -5.70189180978402 5.05435725411925 0.74526535988104
2024-06-15T14:29:38.164 1734.570291087690 3932.132346491350 5264.412493530170 -6.45681440422185 4.01946813519879 -0.87152274777778
2024-06-15T14:33:38.164 140.817126687457 4742.570406989900 4866.399037287800 -6.74363454478082 2.69299110669637 -2.42510278895608
2024-06-15T14:37:38.164 -1463.148405211660 5209.038937402460 4114.442708041890 -6.54130947964620 1.17038934310913 -3.80309006985321
2024-06-15T14:41:38.164 -2960.908517738370 5297.441879686230 3063.032708376750 -5.86384610353937 -0.43842739352847 -4.90526630202687
2024-06-15T14:45:38.164 -4243.573767052120 5001.038932585330 1788.507547421310 -4.75967890435453 -2.01673800047990 -5.65089904492029
2024-06-15T14:49:38.164 -5217.739447740300 4341.086959156200 383.610070589615 -3.30869748880539 -3.44940076258622 -5.98493387396446
2024-06-15T14:53:38.164 -5812.420830737220 3365.421274212290 -1049.258266896610 -1.61671551012197 -4.63151042826172 -5.88252922288788
2024-06-15T14:57:38.164 -5984.357875958250 2144.989169496280 -2405.601167050420 0.19253950592593 -5.47661796569180 -5.35116565285161
2024-06-15T15:01:38.164 -5721.200604869960 768.602822601276 -3586.560235994360 1.98686602872038 -5.92324205445440 -4.43003946132377
2024-06-15T15:05:38.164 -5042.330822338920 -663.640421672693 -4506.189580307240 3.63570379657935 -5.93933666119124 -3.18681053525607
2024-06-15T15:09:38.164 -3997.306419613870 -2047.700330337550 -5097.681121983720 5.01965937883042 -5.52423868154651 -1.71226953186974
2024-06-15T15:13:38.164 -2662.140805768480 -3283.130714489380 -5318.115676605290 6.03892110579479 -4.70829985156367 -0.11347785629088
2024-06-15T15:17:38.164 -1133.763954048140 -4280.265919642730 -5151.466346105620 6.61998556854608 -3.55045176255857 1.49384472715422
2024-06-15T15:21:38.164 476.923424141796 -4966.610476470210 -4609.715254292290 6.72058712512892 -2.13402268078218 2.99334840350166
2024-06-15T15:25:38.164 2052.943271153910 -5292.049426668950 -3732.045435719190 6.33269106691919 -0.56115140539863 4.27602360022611
2024-06-15T15:29:38.164 3479.625061720790 -5232.560531338340 -2582.147487446320 5.48355779316237 1.05412084248970 5.24790259003876
2024-06-15T15:33:38.164 4652.966598588020 -4792.125204360380 -1243.732634455290 4.23438294129936 2.59388071256982 5.83721541451715
2024-06-15T15:37:38.164 5487.358348081560 -4002.615137464740 185.527734377263 2.67634600304247 3.94514680196042 6.00024323367522
2024-06-15T15:41:38.164 5922.007562698740 -2921.522356542900 1601.232585080940 0.92372908245324 5.00878879418876 5.72497916859837
2024-06-15T15:45:38.164 5925.460137570660 -1627.696266082020 2900.022053163830 -0.89484335837434 5.70710615156858 5.03205703556035
2024-06-15T15:49:38.164 5497.862317519760 -215.449479228904 3987.258573557430 -2.64637406087995 5.98973460650106 3.97300866359196
2024-06-15T15:53:38.164 4670.778354873320 1212.468354595360 4783.966785211220 -4.20368691196228 5.83707562036210 2.62589474198374
2024-06-15T15:57:38.164 3504.671391064960 2552.400521185610 5232.472429458770 -5.45451864257891 5.26109998755132 1.08902740327249
2024-06-15T16:01:38.164 2084.385095166560 3707.232389798240 5300.421358623510 -6.30911693207683 4.30398166708958 -0.52615012683184
2024-06-15T16:05:38.164 512.977033368310 4593.291948685620 4982.995522439420 -6.70627426640377 3.03485552096371 -2.10297982892878
2024-06-15T16:09:38.164 -1095.633692916750 5146.258972137330 4303.200796952180 -6.61718197903120 1.54497366192833 -3.52754206892543
2024-06-15T16:13:38.164 -2624.740059698260 5325.788285092850 3310.278098808380 -6.04762864144631 -0.05824807412998 -4.69641541043770
2024-06-15T16:17:38.164 -3963.216715746030 5118.529095178640 2076.281986203460 -5.03817435108307 -1.65859864010498 -5.52410575784113
2024-06-15T16:21:38.164 -5013.628549731810 4539.240138908600 690.961910790645 -3.66170277166350 -3.13948292902507 -5.94960492105436
2024-06-15T16:25:38.164 -5699.437140622930 3629.849762123610 -744.737819354902 -2.01844031777593 -4.39252589063112 -5.94130490538661
2024-06-15T16:29:38.164 -5970.720326881090 2456.455951131210 -2126.115221578150 -0.22854029188106 -5.32601605696797 -5.49972129678067
2024-06-15T16:33:38.164 -5807.869435842120 1104.444157113300 -3352.467713285310 1.57717250544370 -5.87194370047328 -4.65742353520065
2024-06-15T16:37:38.164 -5222.961195308150 -327.838924523148 -4334.512180788820 3.26714852204546 -5.99094834595037 -3.47636785902296
2024-06-15T16:41:38.164 -4258.741260687310 -1736.324770088930 -5000.883897421290 4.71892645948254 -5.67492342402061 -2.04290466476765
2024-06-15T16:45:38.164 -2985.381948476250 -3018.779135594440 -5303.219503099030 5.82772442781482 -4.94709928717655 -0.46119972699180
2024-06-15T16:49:38.164 -1495.349101411340 -4082.129094095810 -5219.555279418250 6.51359031467159 -3.86009748832433 1.15422609973526
2024-06-15T16:53:38.164 103.235255826520 -4849.097797113510 -4755.864037562640 6.72676069158016 -2.49217800042975 2.68642770087494
2024-06-15T16:57:38.164 1694.302381041280 -5263.752372577690 -3945.666112607080 6.45119054365911 -0.94194149296287 4.02413079104454
2024-06-15T17:01:38.164 3162.143649881170 -5295.606856323360 -2847.716910169760 5.70598375392484 0.67837987008230 5.06957882375455
2024-06-15T17:05:38.164 4399.796196171930 -4941.977579707090 -1541.886566285330 4.54459552976364 2.25069781066540 5.74569986330681
2024-06-15T17:09:38.164 5316.952115865090 -4228.366531874790 -123.426782946275 3.05158102414360 3.65972865377763 6.00229793220942
2024-06-15T17:13:38.164 5846.741598957040 -3206.702565881860 1304.046727272600 1.33644968600668 4.80199861585513 5.82037412584243
2024-06-15T17:17:38.164 5950.736609626910 -1951.502170404500 2636.284308802440 -0.47484916425679 5.59396600096057 5.21365556641355
2024-06-15T17:21:38.164 5621.737038643490 -554.289282844440 3776.160011657620 -2.24972885958854 5.97831897919707 4.22734790564507
2024-06-15T17:25:38.164 4884.141839584020 883.229162704379 4640.813447483110 -3.85910645778041 5.92796496809442 2.93429427946994
2024-06-15T17:29:38.164 3791.958346790050 2256.642451892720 5167.609940487730 -5.18678236655309 5.44750471747791 1.42909106427685
2024-06-15T17:33:38.164 2424.720685887800 3466.382245733640 5318.526181009890 -6.13743892649033 4.57236449701459 -0.17901906647928
2024-06-15T17:37:38.164 881.685400963976 4424.807633120790 5082.745973915400 -6.64294013237235 3.36588989397580 -1.77384666179827
2024-06-15T17:41:38.164 -725.271868104314 5062.400942835730 4477.383146368120 -6.66685240036494 1.91489960491978 -3.24018125931691
2024-06-15T17:45:38.164 -2279.604249744610 5332.728486790650 3546.287345910160 -6.20694420050104 0.32388137634374 -4.47171602756319
2024-06-15T17:49:38.164 -3668.417230259590 5215.864671570530 2356.996110752490 -5.29579622009431 -1.29204297036225 -5.37857167842540
2024-06-15T17:53:38.164 -4790.657042624720 4719.981249403280 995.961403728833 -3.99899878263717 -2.81526198126957 -5.89403310283298
2024-06-15T17:57:38.164 -5564.566469408370 3880.903664273270 -437.685050179415 -2.41081246304048 -4.13441205351221 -5.97987700481854
2024-06-15T18:01:38.164 -5933.786866647570 2759.577245133070 -1839.404266024140 -0.64730315794719 -5.15289388636467 -5.62961641882753
2024-06-15T18:05:38.164 -5871.552811987700 1437.587321625940 -3106.999002442010 1.16259433511244 -5.79640130374412 -4.86909621408328
2024-06-15T18:09:38.164 -5382.606464728020 11.109084248032 -4148.159435511530 2.88691439219852 -6.01839535138048 -3.75430057305623
2024-06-15T18:13:38.164 -4502.730228681570 -1416.189064486100 -4887.198168284390 4.40056164411968 -5.80328210347594 -2.36683782154584
2024-06-15T18:17:38.164 -3295.996445257890 -2740.696125851070 -5270.470036493760 5.59424591630987 -5.16705070759957 -0.80762997590537
2024-06-15T18:21:38.164 -1850.052618076400 -3866.296875704500 -5270.144033829900 6.38190193579713 -4.15576357539066 0.81039459012013
2024-06-15T18:25:38.164 -269.817220018393 -4711.223504271820 -4886.152300734090 6.70648918550113 -2.84222180873882 2.37014949909282
2024-06-15T18:29:38.164 1329.997348706930 -5213.911045550910 -4146.222264091000 6.54394286622592 -1.32104636984745 3.75842673957869
2024-06-15T18:33:38.164 2833.089449979520 -5337.498527231790 -3103.983539618120 5.90523616291011 0.29771375844856 4.87390299837997
2024-06-15T18:37:38.164 4129.981958914880 -5072.624007020570 -1835.203239290620 4.83600017320370 1.89629888188214 5.63455982159065
2024-06-15T18:41:38.164 5126.062832732070 -4438.278922278310 -432.375538679530 3.41382782761955 3.35766110179239 5.98398596896216
2024-06-15T18:45:38.164 5748.664995383470 -3480.561483146220 1002.043945907640 1.74286367894728 4.57444712547070 5.89618835135656
2024-06-15T18:49:38.164 5952.532492057530 -2269.312582546600 2363.267595241460 -0.05411532307812 5.45747498162131 5.37787238722388
2024-06-15T18:53:38.164 5723.148903363150 -892.883381248283 3551.999852484990 -1.84539612849560 5.94263049437591 4.46773996938184
2024-06-15T18:57:38.164 5077.668268115900 548.477320160714 4481.765092065860 -3.50046880652495 5.99543911615360 3.23316183238734
2024-06-15T19:01:38.164 4063.444875531650 1950.027286860070 5085.157310219780 -4.89967116547132 5.61304589973274 1.76462478757571
2024-06-15T19:05:38.164 2754.410586111900 3210.116828030890 5318.586214528160 -5.94243551040821 4.82384393870498 0.16889296781937
2024-06-15T19:09:38.164 1245.651944483460 4237.446218674210 5165.281351652000 -6.55403086255284 3.68514164047242 -1.43862990019109
2024-06-15T19:13:38.164 -353.420248152173 4957.534498357820 4636.402248840000 -6.69045916834537 2.27895632853900 -2.94190569900014
2024-06-15T19:17:38.164 -1926.843099466490 5318.012188661960 3770.258515933430 -6.34148634689734 0.70652057915357 -4.23203796477952
2024-06-15T19:21:38.164 -3360.375602460530 5292.443551365210 2629.653877126890 -5.53167385676047 -0.91852070690671 -5.21503026831287
2024-06-15T19:25:38.164 -4549.753811873240 4882.373881111440 1297.463765783090 -4.31920257531109 -2.47805644055965 -5.81869990639155
2024-06-15T19:29:38.164 -5408.354606778520 4117.362831349000 -129.317892791493 -2.79204961870471 -3.85819497856392 -5.99836688565653
2024-06-15T19:33:38.164 -5873.644236975170 3052.931279598200 -1546.669395771710 -1.06173193506603 -4.95789589532726 -5.74058976537024
2024-06-15T19:37:38.164 -5911.840717070010 1766.506252816770 -2851.242325896160 0.74522007978349 -5.69682940838001 -5.06436996120066
2024-06-15T19:41:38.164 -5520.367398374400 351.681313478533 -3948.007103425830 2.49696879997839 -6.02143384348768 -4.01954729049373
2024-06-15T19:45:38.164 -4727.925913869650 -1088.702045777880 -4757.206385272660 4.06630367199211 -5.90860546680225 -2.68269158159836
2024-06-15T19:49:38.164 -3592.267455583440 -2450.063289992740 -5220.090673672430 5.33979691423714 -5.36698263362883 -1.15118322950584
2024-06-15T19:53:38.164 -2195.907046444570 -3633.622054615060 -5303.063436349590 6.22567450401490 -4.43589464933447 0.46401270623626
2024-06-15T19:57:38.164 -640.163393422201 -4553.435145970140 -5000.022203586840 6.65988378521962 -3.18236766623091 2.04605679539606
2024-06-15T20:01:38.164 962.057887358040 -5142.534688520590 -4332.813090202630 6.61051281118829 -1.69661853807662 3.48023159127343
2024-06-15T20:05:38.164 2494.320280518180 -5357.796206094470 -3349.753246345650 6.08029003703641 -0.08600157355875 4.66197323654046
2024-06-15T20:09:38.164 3845.060207380340 -5183.190058604330 -2122.270256434900 5.10695794470115 1.53239197006016 5.50448613599529
2024-06-15T20:13:38.164 4915.773609931900 -4631.109669299190 -739.799666444513 3.76098140691166 3.04026996076655 5.94548863912127
2024-06-15T20:17:38.164 5628.330194511730 -3741.599745281160 696.727258500592 2.14069631270781 4.32695067344588 5.95212577506345
2024-06-15T20:21:38.164 5930.855203766250 -2579.489983614550 2082.351025268070 0.36513268337972 5.29797020316098 5.52398399097216
2024-06-15T20:25:38.164 5801.590591578930 -1229.563140900510 3315.942657902770 -1.43544011951748 5.88259607632834 4.69311938978249
2024-06-15T20:29:38.164 5250.378748497600 209.808082249736 4307.692087806200 -3.12961783949498 6.03894002313278 3.52113028629564
2024-06-15T20:33:38.164 4317.754208618190 1633.953135582520 4985.637682646240 -4.59462699918088 5.75665752485910 2.09414370810468
2024-06-15T20:37:38.164 3071.788746587980 2939.538371391300 5300.766443833720 -5.72506979579637 5.05705041198921 0.51606872810688
2024-06-15T20:41:38.164 1603.047738693320 4031.953946772430 5230.393593557270 -6.43991747732759 3.99102604698415 -1.09888471631677
2024-06-15T20:45:38.164 18.073829438366 4832.014177689150 4779.699544363350 -6.68781501498600 2.63548383624257 -2.63405884185923
2024-06-15T20:49:38.164 -1568.203269788770 5281.591085743210 3981.345787805580 -6.45062001947518 1.08798400636505 -3.97841538515053
2024-06-15T20:53:38.164 -3040.644428503140 5347.811712969760 2893.205030318970 -5.74482834025611 -0.53973591946387 -5.03414745508045
2024-06-15T20:57:38.164 -4292.194870329310 5025.558006930760 1594.306785502000 -4.62099767542711 -2.12952839433853 -5.72386943622132
2024-06-15T21:01:38.164 -5231.724620073650 4337.981111635950 179.189730168479 -3.16053346480518 -3.56540027132661 -5.99660107432405
2024-06-15T21:05:38.164 -5790.797123916130 3334.940338927530 -1248.991450615790 -1.46997097484952 -4.74223416785105 -5.83204835910206
2024-06-15T21:09:38.164 -5928.770329230610 2089.384708666280 -2586.093742052150 0.32708027687239 -5.57397770426574 -5.24230833842569
2024-06-15T21:13:38.164 -5635.789129963150 691.952734250277 -3734.689843444240 2.09933881142455 -6.00020741535723 -4.27087934340372
2024-06-15T21:17:38.164 -4933.410499105950 -755.751098427537 -4611.226509602360 3.71796702675605 -5.99045760654115 -2.98907522759607
2024-06-15T21:21:38.164 -3872.870324847180 -2148.601116416340 -5152.050077063570 5.06594178391261 -5.54593006759798 -1.49033499325164
2024-06-15T21:25:38.164 -2531.258342607590 -3385.525992827940 -5317.907970921560 6.04605865478209 -4.69897439355207 0.11664456379385
2024-06-15T21:29:38.164 -1005.934708046310 -4376.734108418470 -5096.703273585850 6.58756313262453 -3.51065057952189 1.71560501650569
2024-06-15T21:33:38.164 592.426241392573 -5050.114852271270 -4504.346601991720 6.65089081412654 -2.06641500924438 3.19073265314950
2024-06-15T21:37:38.164 2147.710928736930 -5356.447251464190 -3583.695304197730 6.23062555425022 -0.47049519251703 4.43460817640370
2024-06-15T21:41:38.164 3546.721122930000 -5273.077307223650 -2401.595907806970 5.35641972612342 1.16124677972694 5.35599237636862
2024-06-15T21:45:38.164 4687.451570217770 -4805.737067582760 -1044.143463507690 4.09143769040745 2.70957851826015 5.88679072125252
2024-06-15T21:49:38.164 5486.679566297460 -3988.274558588180 389.582010910563 2.52805686568968 4.06095666948861 5.98763991300388
2024-06-15T21:53:38.164 5886.183787662940 -2880.228866219100 1794.842668472480 0.78094848681942 5.11619383777693 5.65108289163319
2024-06-15T21:57:38.164 5857.088368457990 -1562.434318603550 3069.044205890630 -1.02162462225025 5.79821655051298 4.90232692749421
2024-06-15T22:01:38.164 5401.923427854850 -130.951458780929 4119.363812735070 -2.74792596654185 6.05795253844606 3.79698795855344
2024-06-15T22:05:38.164 4554.249334014850 1310.077138782670 4869.528299540760 -4.27267699074652 5.87744274906541 2.41642618177092
2024-06-15T22:09:38.164 3376.016344393600 2656.038510981090 5265.260243488270 -5.48597603881499 5.27067175418332 0.86140916321589
2024-06-15T22:13:38.164 1952.933276209910 3809.379834104900 5278.051856898670 -6.30083297481853 4.28205642730443 -0.75538633894634
2024-06-15T22:17:38.164 388.253124605121 4686.527070676820 4907.080479252220 -6.65881588833825 2.98295711255152 -2.31723400740125
2024-06-15T22:21:38.164 -1204.573837433490 5223.799897641200 4179.241434300310 -6.53390269720049 1.46689428479945 -3.71120237900717
2024-06-15T22:25:38.164 -2709.974985026470 5382.004196485030 3147.283850741830 -5.93457650129371 -0.15678732627011 -4.83604689666033
2024-06-15T22:29:38.164 -4018.554234156630 5149.347322389560 1886.121603444150 -4.90361419467782 -1.77040531596703 -5.60945964829837
2024-06-15T22:33:38.164 -5035.067498571320 4542.446761667940 487.500255231880 -3.51552057023565 -3.25635467055127 -5.97441446930189
2024-06-15T22:37:38.164 -5685.471277626790 3605.256022756040 -946.663586772350 -1.87141085543778 -4.50590171643572 -5.90378516150381
2024-06-15T22:41:38.164 -5922.453997605850 2405.903261948250 -2311.795562506280 -0.09149652429997 -5.42765055245669 -5.40271206309627
2024-06-15T22:45:38.164 -5728.928017625600 1031.652006351780 -3508.408288945080 1.69419125728886 -5.95452808881404 -4.50814446287851
2024-06-15T22:49:38.164 -5119.202041236090 -417.562092627531 -4449.419913354630 3.35570248566016 -6.04861232628173 -3.28580661650296
2024-06-15T22:53:38.164 -4137.800539644040 -1836.468176226480 -5066.472602822540 4.77271071075333 -5.70358716852028 -1.82499083451020
2024-06-15T22:57:38.164 -2856.100802693010 -3122.100345918880 -5314.793482064170 5.84305348259597 -4.94475504859011 -0.23170970917033
2024-06-15T23:01:38.164 -1367.127896552530 -4181.155464527960 -5176.312140553680 6.48949810022822 -3.82684572202632 1.37878757105592
2024-06-15T23:05:38.164 221.094567532845 -4936.637966856240 -4660.945174807800 6.66502053997650 -2.43025901591358 2.88989141606931
2024-06-15T23:09:38.164 1793.236552202830 -5333.401115876230 -3805.943599557440 6.35615143561554 -0.85564551571792 4.19173882634205
2024-06-15T23:13:38.164 3234.924593637820 -5342.222282278330 -2673.337638665790 5.58439273245294 0.78285215730747 5.18898063940996
2024-06-15T23:17:38.164 4441.073708389470 -4962.095798221460 -1345.562424566770 4.40526782297021 2.36566912332553 5.80803171546517
2024-06-15T23:21:38.164 5323.674040268280 -4220.477106006840 80.501497934640 2.90472163132754 3.77670697610175 6.00294543130204
2024-06-15T23:25:38.164 5818.392249873360 -3171.361472278590 1500.680493816910 1.19285114810818 4.91237777924278 5.75932375126389
2024-06-15T23:29:38.164 5889.373785773800 -1891.276215877580 2811.272443987600 -0.60467831803491 5.68969383147960 5.09544114756649
2024-06-15T23:33:38.164 5531.827252538020 -473.557238147491 3916.746666896520 -2.35633199213997 6.05243382545297 4.06064190832198
2024-06-15T23:37:38.164 4772.234176806430 978.604330288935 4736.762574724060 -3.93471038253913 5.97515146909261 2.73130371627455
2024-06-15T23:41:38.164 3666.190747247410 2359.754371118950 5211.943525584700 -5.22599092436706 5.46439600337527 1.20456797526936
2024-06-15T23:45:38.164 2294.216322345350 3569.761856218700 5308.010538126430 -6.13747187113109 4.55767696431188 -0.40878384135843
2024-06-15T23:49:38.164 755.900239357657 4520.949083478340 5018.131607577620 -6.60382087086522 3.32061776901233 -1.99215952525978
2024-06-15T23:53:38.164 -837.222272792462 5144.308118134670 4363.347667621320 -6.59136792726755 1.84227212725759 -3.43119481513329
2024-06-15T23:57:38.164 -2369.589465213620 5394.433022553050 3391.102238851390 -6.10048831130461 0.22918429613612 -4.62151295714177
2024-06-16T00:01:38.164 -3729.885090076450 5252.873167486720 2171.939687146790 -5.16606000545811 -1.40187438468981 -5.47616054726480
2024-06-16T00:05:38.164 -4819.130993948440 4729.614854456180 794.510979447944 -3.85548199439401 -2.93214560486467 -5.93221329879883
2024-06-16T00:09:38.164 -5557.995502831020 3862.496960481850 -640.843276476823 -2.26409896722233 -4.24976449511153 -5.95584906591532
2024-06-16T00:13:38.164 -5892.704457667770 2714.514272250580 -2029.467216512690 -0.50819435921444 -5.25832378849546 -5.54519891037191
2024-06-16T00:17:38.164 -5799.028220156580 1369.185808103740 -3270.138718322940 1.28389449989811 -5.88428732726795 -4.73054750673534
2024-06-16T00:21:38.164 -5284.005370874790 -75.636591483815 -4272.538136107060 2.98161002369286 -6.08246649963191 -3.57182949200791
2024-06-16T00:25:38.164 -4385.292179305530 -1514.980357107240 -4963.818557978770 4.46191159516170 -5.83899187915913 -2.15374648420318
2024-06-16T00:29:38.164 -3168.292453301210 -2844.375413577530 -5293.802856248880 5.61794836121816 -5.17182230118844 -0.57936004619917
2024-06-16T00:33:38.164 -1721.363700692320 -3967.347257953610 -5238.516729276480 6.36637385756912 -4.12920147453578 1.03736014645320
2024-06-16T00:37:38.164 -149.474598844402 -4802.296600932330 -4801.851688089200 6.65288154722814 -2.78611613449959 2.57946944661883
2024-06-16T00:41:38.164 1433.259736809490 -5288.343166589270 -4015.337378103710 6.45606135241319 -1.23929186094787 3.93494276224588
2024-06-16T00:45:38.164 2911.744671051590 -5389.793045269150 -2935.990430376670 5.78926987245327 0.39932410403321 5.00469929526913
2024-06-16T00:49:38.164 4178.246520438580 -5098.882480752120 -1642.320638817280 4.70025596745654 2.01030113301271 5.70986966472198
2024-06-16T00:53:38.164 5140.358599613730 -4436.532238236640 -228.683978878658 3.26824581076439 3.47557975899535 5.99818950595547
2024-06-16T00:57:38.164 5727.912573269370 -3450.918714382210 1201.662870244640 1.59818042352660 4.68756346674495 5.84826723856886
2024-06-16T01:01:38.164 5898.232447406800 -2213.933775479740 2544.241720663900 -0.18726742245052 5.55751118195978 5.27138631086457
2024-06-16T01:05:38.164 5639.264422822890 -815.805498936649 3701.138048861850 -1.95727315840710 6.02232153189513 4.31056243112921
2024-06-16T01:09:38.164 4970.321483044690 641.647435420467 4588.216858319250 -3.58291141213535 6.04903796225566 3.03681071748835
2024-06-16T01:13:38.164 3940.464516073540 2052.527857874630 5141.200967234120 -4.94673051044368 5.63674377032679 1.54347706526624
2024-06-16T01:17:38.164 2624.739510869560 3314.531253336990 5320.172627360180 -5.95081578350684 4.81599922239533 -0.06102218233931
2024-06-16T01:21:38.164 1118.693217696110 4336.219910414250 5112.296304015440 -6.52318276348955 3.64624682309037 -1.66070838731363
2024-06-16T01:25:38.164 -468.461386896871 5043.499100102780 4532.687833026970 -6.62259683259885 2.21175549275683 -3.13998780592206
2024-06-16T01:29:38.164 -2021.620514118400 5384.917779193980 3623.349294246940 -6.24150499362615 0.61586035201077 -4.39170849432924
2024-06-16T01:33:38.164 -3428.006361867400 5335.417507618800 2450.233357034740 -5.40680714079735 -1.02608079206368 -5.32461854314189
2024-06-16T01:37:38.164 -4585.322317747150 4898.280975845090 1098.601156218650 -4.17852331536141 -2.59465975317160 -5.87012362434903
2024-06-16T01:41:38.164 -5409.286792889130 4105.054373698640 -333.117791653474 -2.64587244196876 -3.97527168867765 -5.98783565497653
2024-06-16T01:45:38.164 -5839.909556635000 3013.329480871640 -1740.541555034380 -0.92080282924458 -5.06686930544060 -5.66890993418758
2024-06-16T01:49:38.164 -5845.955958030500 1702.524640250410 -3021.064780869330 0.87056914869909 -5.78979294215869 -4.93688203193433
2024-06-16T01:53:38.164 -5427.194454743550 267.993049192096 -4081.437359123200 2.59764326530019 -6.09170505203782 -3.84563396694204
2024-06-16T01:57:38.164 -4614.295626716490 -1186.012391387320 -4844.569121296210 4.13509319153023 -5.95117555424271 -2.47505054447257
2024-06-16T02:01:38.164 -3466.462514162240 -2553.940720464770 -5255.057477863860 5.37187054771408 -5.37879997754758 -0.92483592756342
2024-06-16T02:05:38.164 -2067.059793742330 -3736.528411316770 -5283.088853705030 6.21880588385177 -4.41601049025983 0.69273385669611
2024-06-16T02:09:38.164 -517.614697668191 -4647.873709313920 -4926.530322568030 6.61458322690017 -3.13209502718800 2.26060587999645
2024-06-16T02:13:38.164 1069.419220211210 -5221.590165901280 -4211.099137391280 6.53000020124235 -1.61945154504611 3.66508315237777
2024-06-16T02:17:38.164 2578.679537278860 -5415.634865338790 -3188.616284067390 5.97026377391046 0.01257178548035 4.80362190202506
2024-06-16T02:21:38.164 3900.237625822750 -5215.502360219980 -1933.404921967750 4.97526143583728 1.64522895063840 5.59245575462153
2024-06-16T02:25:38.164 4937.683299270570 -4635.458834005430 -536.971382511387 3.61715421659142 3.15898901975913 5.97312972251671
2024-06-16T02:29:38.164 5615.326583284390 -3717.642528674600 898.696447022748 1.99538985229645 4.44265298917036 5.91738609443443
2024-06-16T02:33:38.164 5883.878149474100 -2528.983282815930 2268.715183515190 0.22907761027492 5.40215930046442 5.42949463956396
2024-06-16T02:37:38.164 5724.083014486320 -1156.203858612600 3473.117921450810 -1.55223332973128 5.96768148939046 4.54588142500793
2024-06-16T02:41:38.164 5148.027067042270 300.667254904977 4424.254811209120 -3.21859248351087 6.09881573588611 3.33201452750532
2024-06-16T02:45:38.164 4198.054482232550 1735.713583702530 5053.150308261900 -4.64935451747527 5.78709177761261 1.87701564907496
2024-06-16T02:49:38.164 2943.476796412330 3044.835202806080 5314.375944209020 -5.74169413746058 5.05591772744834 0.28674312763611
2024-06-16T02:53:38.164 1475.454570593360 4133.183174360610 5189.162147075580 -6.41736640656656 3.95847052138794 -1.32380327273012
2024-06-16T02:57:38.164 -99.549697390616 4921.865497956350 4686.645883704720 -6.62778156963235 2.57377822469167 -2.83837149812097
2024-06-16T03:01:38.164 -1667.323142350030 5353.556730411500 3843.236883592860 -6.35739164322665 1.00155127514873 -4.14726417255283
2024-06-16T03:05:38.164 -3114.061131539800 5396.677392634770 2720.092635780600 -5.62517121502061 -0.64463338201727 -5.15520184472549
2024-06-16T03:09:38.164 -4334.577403182970 5047.784318939290 1398.804421509520 -4.48362138209398 -2.24525915085937 -5.78824490202241
2024-06-16T03:13:38.164 -5240.008238822880 4331.976859023240 -24.444489023036 -3.01550223697338 -3.68347773521526 -5.99957820995068
2024-06-16T03:17:38.164 -5764.418915837210 3301.180996295960 -1445.908317935640 -1.32793638496707 -4.85403460621419 -5.77344213086085
2024-06-16T03:21:38.164 -5869.715389203520 2030.366125366660 -2761.947195817300 0.45568277559185 -5.67140231284411 -5.12648147023594
2024-06-16T03:25:38.164 -5548.428211360740 611.989201705505 -3876.694644774920 2.20519389282176 -6.07627574308880 -4.10637096213833
2024-06-16T03:29:38.164 -4824.151647436900 -850.845730718633 -4709.078268279820 3.79350417453825 -6.03972016054150 -2.78788633080633
2024-06-16T03:33:38.164 -3749.681329321740 -2251.925809557540 -5198.654820037830 5.10580239360655 -5.56483610818186 -1.26706198450890
2024-06-16T03:37:38.164 -2403.088308366890 -3489.584044969330 -5309.881406723570 6.04747135453432 -4.68612751933420 0.34588066611092
2024-06-16T03:41:38.164 -882.073710628215 -4473.954483698880 -5034.599210031350 6.55044940065183 -3.46683434412979 1.93428100230584
2024-06-16T03:45:38.164 702.989493181832 -5133.385385579650 -4392.629264866550 6.57785126519676 -1.99467383671268 3.38297298133324
2024-06-16T03:49:38.164 2236.931376779080 -5419.640359976510 -3430.440340352770 6.12687141697356 -0.37592559805879 4.58638750729014
2024-06-16T03:53:38.164 3608.077472732230 -5311.502993179820 -2217.921924523940 5.22937915604636 1.27180889009936 5.45613146280928
2024-06-16T03:57:38.164 4716.426869295120 -4816.508843759610 -843.416798793856 3.95026955663333 2.82803968016250 5.92786291353940
2024-06-16T04:01:38.164 5481.098124207270 -3970.545782263520 592.718049508746 2.38303013494212 4.17850705629635 5.96650668754446
2024-06-16T04:05:38.164 5846.406157848590 -2835.276794444130 1985.549134890470 0.64277853085402 5.22410120042556 5.56928170915273
2024-06-16T04:09:38.164 5786.001942333650 -1493.543241706840 3233.402340217980 -1.14275310356173 5.88857931250516 4.76592144307956
2024-06-16T04:13:38.164 5304.716898736990 -43.152553943853 4245.404067301560 -2.84313207224421 6.12420401175495 3.61605428406779
2024-06-16T04:17:38.164 4438.019548921050 1410.389611149490 4948.100465252910 -4.33503327242694 5.91485188495275 2.20422420686079
2024-06-16T04:21:38.164 3249.234333372450 2761.584629250310 5290.685071898790 -5.51103992258367 5.27662201356177 0.63341277891896
2024-06-16T04:25:38.164 1824.810369639650 3912.515102293000 5248.508832849130 -6.28688733069734 4.25613365159779 -0.98267332562076
2024-06-16T04:29:38.164 268.079275725086 4779.779491596740 4824.726734848600 -6.60693647992321 2.92701694105884 -2.52736887417919
2024-06-16T04:33:38.164 -1308.096755449940 5300.397630174170 4050.049521834130 -6.44785194554796 1.38486438073935 -3.88901015175117
2024-06-16T04:37:38.164 -2789.334799768750 5436.353186917800 2980.622600352120 -5.82047580536497 -0.25903293581046 -4.96856388254976
2024-06-16T04:41:38.164 -4067.967446718580 5177.465856897310 1694.102924891650 -4.76967701767730 -1.88540231650884 -5.68694222456508
2024-06-16T04:45:38.164 -5050.920207382720 4542.275388552510 284.107700358947 -3.37150440887699 -3.37565271809256 -5.99112414019594
2024-06-16T04:49:38.164 -5666.603868422800 3576.812807422560 -1146.603474875540 -1.72787235746902 -4.62075909950343 -5.85848292096173
2024-06-16T04:53:38.164 -5870.248952155650 2351.271039289810 -2493.709511921450 0.04107401548698 -5.52969995778885 -5.29871964333666
2024-06-16T04:57:38.164 -5647.203651759810 954.821151321467 -3659.044168298130 1.80611044525453 -6.03634312791678 -4.35309478731460
2024-06-16T05:01:38.164 -5013.926205061170 -510.994552571857 -4557.820331162910 3.43886309069518 -6.10431935712207 -3.09104631132753
2024-06-16T05:05:38.164 -4016.632585104160 -1939.718449229600 -5124.754558891190 4.82119771245404 -5.72919399579377 -1.60462760376356
2024-06-16T05:09:38.164 -2727.826466203130 -3227.669852697450 -5318.694894321750 5.85343554864032 -4.93833850652836 -0.00164927712276
2024-06-16T05:13:38.164 -1241.035158773100 -4281.352817023830 -5125.498692594850 6.46104446232659 -3.78874183167451 1.60192014137039
2024-06-16T05:17:38.164 335.869984129264 -5024.124226792320 -4559.037526509710 6.59971236717261 -2.36305184546103 3.08994727578482
2024-06-16T05:21:38.164 1888.346742975980 -5401.721083025560 -3660.274562765790 6.25855277720787 -0.76409631647291 4.35411539238750
2024-06-16T05:25:38.164 3303.409488072770 -5386.297688069690 -2494.450419785230 5.46145451076545 0.89210081258467 5.30169423333481
2024-06-16T05:29:38.164 4477.888192148980 -4978.619452799290 -1146.465158589830 4.26589899956059 2.48459717023863 5.86267803048024
2024-06-16T05:33:38.164 5326.079153905410 -4208.169885871030 285.289581502507 2.75910750322435 3.89655307557010 5.99541552229496
2024-06-16T05:37:38.164 5786.168428821020 -3131.068701301340 1696.200629134420 1.05167370033192 5.02429288819955 5.69008903767962
2024-06-16T05:41:38.164 5824.849212476790 -1825.914710230770 2983.236409824660 -0.73100609278250 5.78539115111534 4.96959994813501
2024-06-16T05:45:38.164 5439.711092039820 -387.889848387747 4052.612327053200 -2.45853063092051 6.12492674068695 3.88753490250518
2024-06-16T05:49:38.164 4659.244863035930 1078.342563160810 4826.651998786590 -4.00539683383274 6.01920156720166 2.52362123108975
2024-06-16T05:53:38.164 3540.556708301920 2466.312622243330 5249.338102111570 -5.26004250175215 5.47684675784407 0.97747412226885
2024-06-16T05:57:38.164 2165.072752819300 3675.409004366170 5290.218726864890 -6.13250361099337 4.53768464139344 -0.63878206256528
2024-06-16T06:01:38.164 632.616799063653 4618.026150955260 4946.459471416300 -6.56025434898246 3.26961651054623 -2.20843840845895
2024-06-16T06:05:38.164 -945.707244696639 5225.766985657680 4242.999417055790 -6.51236552359817 1.76390435889513 -3.61808237930763
2024-06-16T06:09:38.164 -2455.409905397570 5454.340499637440 3230.814272376050 -5.99176312584487 0.12903586930609 -4.76541503228061
2024-06-16T06:13:38.164 -3786.809709290380 5286.840919431240 1983.362835396400 -5.03544243271311 -1.51656957659800 -5.56654666866838
2024-06-16T06:17:38.164 -4843.012828665130 4735.140674926990 591.373117052235 -3.71242319594307 -3.05300814594005 -5.96241048249224
2024-06-16T06:21:38.164 -5547.089640111180 3839.162407641760 -843.732814814337 -2.11904121534076 -4.36792431637214 -5.92358981627321
2024-06-16T06:25:38.164 -5847.812092623860 2664.018844770320 -2217.309397445680 -0.37177809517215 -5.36511472731508 -5.45284144451588
2024-06-16T06:29:38.164 -5723.443029577450 1295.213447950140 -3429.242780141790 1.40168949651301 -5.97195159389920 -4.58489736924298
2024-06-16T06:33:38.164 -5183.254123287680 -167.703989489341 -4391.322139507610 3.07226533882607 -6.14467852895372 -3.38353385218657
2024-06-16T06:37:38.164 -4266.715005662300 -1618.453310116020 -5033.639910741160 4.51891370770065 -5.87125277958269 -1.93651159245179
2024-06-16T06:41:38.164 -3040.501872517220 -2951.741537605940 -5309.574393671010 5.63727482278922 -5.17179693112132 -0.34890263415579
2024-06-16T06:45:38.164 -1593.618633520330 -4070.798329738790 -5199.050763794790 6.34666891215093 -4.09677145057984 1.26442387900044
2024-06-16T06:49:38.164 -31.032649486851 -4894.271304305540 -4709.952924969370 6.59551944921074 -2.72346760660205 2.78668141757409
2024-06-16T06:53:38.164 1533.794557030400 -5362.075302241550 -3877.619500218720 6.36507857580667 -1.15082705083483 4.10720874582435
2024-06-16T06:57:38.164 2987.033994054020 -5439.816215576720 -2762.421415494310 5.67114158103285 0.50722966842734 5.12934065860906
2024-06-16T07:01:38.164 4222.758671075470 -5121.451361845820 -1445.515278514000 4.56345933994275 2.12976206607935 5.77764186335111
2024-06-16T07:05:38.164 5150.788288915510 -4429.926038090020 -22.996980290358 3.12278255772748 3.59773127492913 6.00395697297303
2024-06-16T07:09:38.164 5703.465867935030 -3415.578854329360 1401.197755678800 1.45481754867900 4.80337844471057 5.79155101639899
2024-06-16T07:13:38.164 5840.696324224850 -2152.417872383410 2723.045131684750 -0.31795201437563 5.65849193514664 5.15641924152909
2024-06-16T07:17:38.164 5552.856061552130 -732.585285509700 3846.171012418880 -2.06572031042911 6.10110819198750 4.14585703971304
2024-06-16T07:21:38.164 4861.359262630900 740.524046835591 4688.933969289410 -3.66128366217739 6.09993812379290 2.83448055345874
2024-06-16T07:25:38.164 3816.889758957130 2159.886227802870 5190.295547995890 -4.98939547667557 5.65609777492523 1.31824741584464
2024-06-16T07:29:38.164 2495.543339743150 3422.584916773260 5314.093202182380 -5.95471680523626 4.80240671650500 -0.29276554982578
2024-06-16T07:33:38.164 993.263385051609 4437.134483896860 5051.504683576340 -6.48809813898780 3.60070936974276 -1.88212696384640
2024-06-16T07:37:38.164 -581.024357903166 5129.957150540620 4421.611205846420 -6.55110980484190 2.13754096093063 -3.33506985644618
2024-06-16T07:41:38.164 -2113.147769830740 5450.634467565310 3470.052889067060 -6.13875335077640 0.51826557225298 -4.54630150605286
2024-06-16T07:45:38.164 -3491.845622726940 5375.596879216770 2265.865160957690 -5.28024021635178 -1.13999017036467 -5.42736180843244
2024-06-16T07:49:38.164 -4616.837660136550 4909.985952790230 896.590115384526 -4.03736923225343 -2.71659273883076 -5.91349820703926
2024-06-16T07:53:38.164 -5406.195053068990 4087.418318912150 -538.047253375372 -2.50039858676080 -4.09634310322894 -5.96862140347157
2024-06-16T07:57:38.164 -5802.452572232920 2967.632147408870 -1933.441577989580 -0.78166076656196 -5.17821033472969 -5.58850126671314
2024-06-16T08:01:38.164 -5776.892262226170 1632.094784920160 -3187.872374150550 0.99320358956710 -5.88330221400848 -4.80119840918851
2024-06-16T08:05:38.164 -5331.585098737390 177.952737463105 -4210.007839650040 2.69488494523127 -6.16062571215992 -3.66462850236723
2024-06-16T08:09:38.164 -4499.115919761740 -1289.125801262280 -4925.551960418100 4.19996333781182 -5.99053833428794 -2.26190756760400
2024-06-16T08:13:38.164 -3340.085810752890 -2662.643877570650 -5282.556589760610 5.39975134804058 -5.38572800299151 -0.69499127195409
2024-06-16T08:17:38.164 -1938.653273798380 -3842.922137120310 -5255.079057179470 6.20774579847378 -4.38993718805935 0.92266289035559
2024-06-16T08:21:38.164 -396.483958699738 -4744.200787940000 -4844.994999788950 6.56536611836120 -3.07476020573100 2.47400878962022
2024-06-16T08:25:38.164 1174.477287988240 -5300.785497569640 -4081.903838391010 6.44607467876248 -1.53487939130841 3.84640516591242
2024-06-16T08:29:38.164 2660.005871690550 -5471.855096869550 -3021.113425777340 5.85761018105274 0.11829525228696 4.93955240913267
2024-06-16T08:33:38.164 3951.872407586790 -5244.571008943870 -1739.772186216270 4.84199589884066 1.76436864282973 5.67291131392637
2024-06-16T08:37:38.164 4955.824359542620 -4635.197181283130 -331.331386600055 3.47302333152010 3.28275894209608 5.99210831849496
2024-06-16T08:41:38.164 5598.624071897940 -3688.033826348850 1101.319648308920 1.85096011730497 4.56190701490910 5.87340738070043
2024-06-16T08:45:38.164 5833.557978294880 -2472.189625226740 2453.509500632800 0.09511243769082 5.50805727417367 5.32584483662063
2024-06-16T08:49:38.164 5643.868748924050 -1076.375799490790 3626.612710863250 -1.66586325917980 6.05259019292399 4.39032688963581
2024-06-16T08:53:38.164 5043.820833031770 397.731976621306 4535.300791137040 -3.30370389082632 6.15668614465011 3.13600537729721
2024-06-16T08:57:38.164 4077.470634441390 1842.984546557390 5113.703867295650 -4.69990629441996 5.81375507861193 1.65482330396347
2024-06-16T09:01:38.164 2815.293462477450 3154.544343721510 5320.063255376490 -5.75409720786164 5.04944877038295 0.05449608065625
2024-06-16T09:05:38.164 1348.986252296540 4237.382986400340 5139.584013895460 -6.39075719740837 3.91929832868674 -1.54929744833830
2024-06-16T09:09:38.164 -215.116280466174 5012.997690937120 4585.409498433660 -6.56409921208149 2.50471226135701 -3.04074191673621
2024-06-16T09:13:38.164 -1763.595696325810 5425.000710791850 3697.697593292720 -6.26126379814406 0.90752736486541 -4.31183402155856
2024-06-16T09:17:38.164 -3184.040611403600 5443.219001017610 2540.829911003540 -5.50352046567262 -0.75686313403673 -5.26992121939409
2024-06-16T09:21:38.164 -4373.168750708810 5066.016957968200 1198.879462456170 -4.34531770753924 -2.36748356912473 -5.84464931935529
2024-06-16T09:25:38.164 -5244.414493211370 4320.564592620310 -230.451673258878 -2.87067615028792 -3.80678473840455 -5.99354734857685
2024-06-16T09:29:38.164 -5734.342865620110 3260.948542144530 -1642.972924861760 -1.18717736086572 -4.96942050718749 -5.70541244907281
2024-06-16T09:33:38.164 -5807.383691198500 1964.243566123610 -2935.704342801260 0.58207529308605 -5.77045414180596 -5.00148772665794
2024-06-16T09:37:38.164 -5458.420076813360 524.786520844375 -4014.498837750960 2.30803586222155 -6.15182639571343 -3.93360390927639
2024-06-16T09:41:38.164 -4713.048147610360 -952.797264521635 -4800.920485793960 3.86540484418133 -6.08633427171111 -2.57997353453310
2024-06-16T09:45:38.164 -3625.572168250840 -2361.232860211300 -5237.869853632900 5.14163660349249 -5.57914412544808 -1.03908049833248
2024-06-16T09:49:38.164 -2274.988730271590 -3598.316959021350 -5293.614044877470 6.04469023412195 -4.66705372841358 0.57744224454326
2024-06-16T09:53:38.164 -759.281825829721 -4574.210558333860 -4964.010928067150 6.50927098580816 -3.41568053733614 2.15263941539741
2024-06-16T09:57:38.164 811.559888482318 -5217.851512537200 -4272.820993244050 6.50122328921924 -1.91502634951567 3.57227148648979
2024-06-16T10:01:38.164 2323.378930584160 -5482.124663084310 -3270.100835545030 6.02025214718935 -0.27351103799470 4.73276226259178
2024-06-16T10:05:38.164 3666.088336058290 -5347.409707276650 -2028.718879360960 5.10046643217039 1.38951303550877 5.54878923088059
2024-06-16T10:09:38.164 4741.751373687040 -4823.191394424080 -639.156463604043 3.80848123081892 2.95235687627713 5.95989487336729
2024-06-16T10:13:38.164 5471.891243480880 -3947.515915518670 797.106961075643 2.23884137625338 4.30026729099462 5.93554497494424
2024-06-16T10:17:38.164 5803.373015067080 -2784.230233379090 2175.134307021610 0.50682442250672 5.33437811014089 5.47764929757508
2024-06-16T10:21:38.164 5712.342007871830 -1418.226199007830 3394.356526066060 -1.26044732641604 5.97932821100715 4.62046273063115
2024-06-16T10:25:38.164 5205.876867224630 50.936458688589 4366.035525266220 -2.93400479609558 6.18896258846024 3.42756538480328
2024-06-16T10:29:38.164 4321.255082948870 1516.428220111320 5019.687754894140 -4.39266764203900 5.94908722880750 1.98649441517337
2024-06-16T10:33:38.164 3123.049871305280 2871.907774862290 5308.063897056250 -5.53144571821846 5.27786359656981 0.40213990457099
2024-06-16T10:37:38.164 1698.363770099320 4019.135413795420 5210.423964791690 -6.26865675473216 4.22420706731661 -1.21079642107752
2024-06-16T10:41:38.164 150.540774321960 4874.953987963850 4733.926928710560 -6.55136997678527 2.86411786549961 -2.73586619852779
2024-06-16T10:45:38.164 -1408.187816837190 5377.185201066090 3913.103311641650 -6.35890010041231 1.29546102768070 -4.06270841973275
2024-06-16T10:49:38.164 -2864.689276521050 5489.132817798730 2807.468298742040 -5.70454030085085 -0.36847466077727 -5.09473694599278
2024-06-16T10:53:38.164 -4113.083364635770 5202.360315304970 1497.338929075570 -4.63515687569043 -2.00690902744116 -5.75629551322139
2024-06-16T10:57:38.164 -5062.493461221190 4537.449865191450 78.076057051770 -3.22822901329287 -3.50027961256347 -5.99852504667660
2024-06-16T11:01:38.164 -5643.792938174600 3542.619833509050 -1346.879272857090 -1.58638153432636 -4.73935840523302 -5.80341950752057
2024-06-16T11:05:38.164 -5814.740670408370 2290.211772604210 -2673.638955169280 0.17038596238707 -5.63362094084406 -5.18528761339763
2024-06-16T11:09:38.164 -5563.078815917770 871.348341740828 -3805.544020090030 1.91381704957931 -6.11807145627284 -4.18966402611246
2024-06-16T11:13:38.164 -4907.343693810010 -610.811759573820 -4660.263267884830 3.51717326014749 -6.15797521879103 -2.88958720239726
2024-06-16T11:17:38.164 -3895.368593442480 -2048.638855215210 -5175.729019326940 4.86450066634056 -5.75094368227140 -1.37979327991173
2024-06-16T11:21:38.164 -2600.705557827550 -3337.801445390140 -5314.523804513590 5.85865121230129 -4.92662007052448 0.23026745753035
2024-06-16T11:25:38.164 -1117.295399109250 -4384.714220453230 -5066.498653333210 6.42782226814196 -3.74437621593085 1.82413431796128
2024-06-16T11:29:38.164 447.235389372428 -5113.213578419870 -4449.498515378470 6.53044021962804 -2.28919765970812 3.28631256872550
2024-06-16T11:33:38.164 1979.238436835570 -5470.057006715990 -3508.170555378780 6.15824811635089 -0.66605471262990 4.51027569606220
2024-06-16T11:37:38.164 3367.212758265630 -5428.898865585850 -2310.873225999460 5.33739853718006 1.00719951983209 5.40619257762752
2024-06-16T11:41:38.164 4509.958364472820 -4992.385395413020 -944.819446267721 4.12713780718562 2.60830895357157 5.90781509367934
2024-06-16T11:45:38.164 5324.095996575390 -4192.120642992110 490.263970151924 2.61585400592202 4.01976135070998 5.97784770086635
2024-06-16T11:49:38.164 5750.328468347930 -3086.419100316830 1889.524280524460 0.91453675236186 5.13796651985133 5.61118712578714
2024-06-16T11:53:38.164 5757.848087528810 -1755.959826356410 3150.812832507220 -0.85195748059014 5.88132204214363 4.83527847912186
2024-06-16T11:57:38.164 5346.519744615090 -297.745409340978 4182.259269811980 -2.55451059645680 6.19623955310706 3.70773378352709
2024-06-16T12:01:38.164 4546.722547059210 1182.123292219640 4908.982011155980 -4.06955794381348 6.06085814185505 2.31153210737430
2024-06-16T12:05:38.164 3416.920490158390 2576.219260908830 5278.416142482470 -5.28798070071904 5.48593413636828 0.74847626473028
2024-06-16T12:09:38.164 2039.287803523340 3783.491748682740 5263.945784120720 -6.12237350439728 4.51346274001718 -0.86826542971863
2024-06-16T12:13:38.164 513.785403440837 4716.432075150780 4866.710266822440 -6.51277967679250 3.21365914492548 -2.42188908304481
2024-06-16T12:17:38.164 -1048.971082556260 5307.300983629040 4115.508729148150 -6.43087154768047 1.68008818509553 -3.80004333903635
2024-06-16T12:21:38.164 -2535.584135279330 5512.997770170410 3064.792883777090 -5.88199105081139 0.02337566509211 -4.90256080788237
2024-06-16T12:25:38.164 -3838.016181502330 5318.276154850020 1790.856931754900 -4.90528492093055 -1.63636674486413 -5.64872553508393
2024-06-16T12:29:38.164 -4861.471626638880 4737.002258611880 386.398547957600 -3.57136018327990 -3.17812478645482 -5.98348225889020
2024-06-16T12:33:38.164 -5531.419136281590 3811.284646829240 -1046.228052398200 -1.97745140392380 -4.48910615132436 -5.88199345296648
2024-06-16T12:37:38.164 -5799.139545016810 2608.424357569120 -2402.566681106130 -0.24003933746753 -5.47349093594408 -5.35167812878527
2024-06-16T12:41:38.164 -5645.309277608790 1215.948537824640 -3583.776608205180 1.51395790459048 -6.05962268898180 -4.43161010026825
2024-06-16T12:45:38.164 -5081.349065114840 -264.870740886171 -4503.903173986780 3.15688404733038 -6.20528850719867 -3.18936238053586
2024-06-16T12:49:38.164 -4148.453888307730 -1726.461954742430 -5096.106362083890 4.56977239731850 -5.90044487204462 -1.71560882136000
2024-06-16T12:53:38.164 -2914.479014355990 -3062.752615819070 -5317.408356131570 5.65070724716362 -5.16747838168361 -0.11730615912267
2024-06-16T12:57:38.164 -1468.986331184630 -4176.759147783330 -5151.696255665710 6.32171912915495 -4.05925562566880 1.48993208102252
2024-06-16T13:01:38.164 83.159129804314 -4987.489722562240 -4610.854967689530 6.53399021875137 -2.65543218832630 2.98974189162085
2024-06-16T13:05:38.164 1629.245429704920 -5435.770093418100 -3733.981803237170 6.27137137695464 -1.05715233165451 4.27303059944347
2024-06-16T13:09:38.164 3056.788413792830 -5488.618870929690 -2584.708280411060 5.55202060674822 0.61970664300912 5.24571728957428
2024-06-16T13:13:38.164 4261.736262125160 -5141.821239530720 -1246.706155077860 4.42769713047666 2.25277209584438 5.83598643916988
2024-06-16T13:17:38.164 5156.174643086960 -4420.404089250320 182.381043022871 2.98033714589546 3.72228668588614 6.00001594704485
2024-06-16T13:21:38.164 5674.909075543870 -3376.897043653710 1598.140615993560 1.31615342823542 4.92032084962857 5.72564213676631
2024-06-16T13:25:38.164 5780.345802863120 -2087.448724304720 2897.183718242240 -0.44259644468101 5.75928133005399 5.03348794529345
2024-06-16T13:29:38.164 5465.200685378110 -646.100920453236 3984.840589893020 -2.16723953698001 6.17855031085168 3.97504543831548
2024-06-16T13:33:38.164 4752.859170071770 842.225571791498 4782.086694307110 -3.73243846582263 6.14854824437124 2.62830811154843
2024-06-16T13:37:38.164 3695.480864672580 2269.428555910200 5231.204707149950 -5.02519104202665 5.67244531183880 1.09170632098191
2024-06-16T13:41:38.164 2370.049662602400 3532.040099215880 5299.816676868950 -5.95279192807173 4.78532211679778 -0.52333620385018
2024-06-16T13:45:38.164 872.758011893724 4538.560722133710 4983.063076808650 -6.44870362401745 3.55125238622638 -2.10021564223186
2024-06-16T13:49:38.164 -687.827638928267 5215.940912841310 4303.913068479130 -6.47698459198525 2.05906159356365 -3.52494487615756
2024-06-16T13:53:38.164 -2198.491364122800 5514.836331560600 3311.584746983670 -6.03510466207768 0.41632836430270 -4.69408392832855
2024-06-16T13:57:38.164 -3549.486767960480 5413.244665900240 2078.101567344330 -5.15441367231852 -1.25798531145566 -5.52218647032021
2024-06-16T14:01:38.164 -4642.510544800760 4918.247914242170 693.177060318663 -3.89842028295644 -2.84194958555323 -5.94825466388118
2024-06-16T14:05:38.164 -5397.962879326180 4065.643957624090 -742.282599298994 -2.35855976945518 -4.21973854965855 -5.94068359275711
2024-06-16T14:09:38.164 -5760.875764024140 2917.390498489450 -2123.611576819610 -0.64733825890959 -5.29057848402676 -5.49995111658539
2024-06-16T14:13:38.164 -5704.974631261840 1557.041515503840 -3350.127235921090 1.11017110588521 -5.97643572532668 -4.65855426941049
2024-06-16T14:17:38.164 -5234.548178048620 83.549450707774 -4332.545946923720 2.78596367760170 -6.22776322133519 -3.47833069234948
2024-06-16T14:21:38.164 -4384.010199175330 -1396.016465063620 -4999.473036929620 4.25854464067615 -6.02682947243167 -2.04554004757657
2024-06-16T14:25:38.164 -3215.268326615580 -2774.256546867250 -5302.500190631330 5.42161292016261 -5.38854487777048 -0.46428537409359
2024-06-16T14:29:38.164 -1813.182019818340 -3951.147449651010 -5219.604006780950 6.19129821627222 -4.35906462137963 1.15096474425246
2024-06-16T14:33:38.164 -279.465648491817 -4841.172470856300 -4756.681601621780 6.51179700906388 -3.01241541164068 2.68334372050100
2024-06-16T14:37:38.164 1274.543623503760 -5379.444616177170 -3947.168266465910 6.35922859550458 -1.44553994563099 4.02155414408177
2024-06-16T14:41:38.164 2735.839261014900 -5526.460077688060 -2849.756950354360 5.74373646674575 0.22818627229717 5.06769289632091
2024-06-16T14:45:38.164 3997.939855864310 -5271.126664785400 -1544.288031759220 4.70933412490338 1.88677950174562 5.74457913273608
2024-06-16T14:49:38.164 4968.761656409130 -4631.771658945590 -126.002385379940 3.33131793001256 3.40863937957500 6.00197564275331
2024-06-16T14:53:38.164 5577.515800485120 -3654.906400793860 1301.487469154450 1.71070327046560 4.68203534802983 5.82081428758937
2024-06-16T14:57:38.164 5779.991853944450 -2411.802308004810 2633.909273453420 -0.03346148630975 5.61370433803770 5.21472325697300
2024-06-16T15:01:38.164 5561.798880174550 -993.155403475264 3774.099743703060 -1.77336272852462 6.13606224495279 4.22887833539574
2024-06-16T15:05:38.164 4939.280637333260 497.707019276526 4639.161270864900 -3.38233225914678 6.21201108632489 2.93613931216857
2024-06-16T15:09:38.164 3958.103926848880 1952.450553572060 5166.420925674730 -4.74411005501756 5.83705219115379 1.43107817893155
2024-06-16T15:13:38.164 2689.780673491260 3265.567164870010 5317.821653572280 -5.76082305609109 5.03904174365133 -0.17696997951973
2024-06-16T15:17:38.164 1226.418365737010 4341.907254815200 5082.536801557980 -6.35965656967054 3.87585210639306 -1.77178546737876
2024-06-16T15:21:38.164 -325.882853308667 5103.401032372770 4477.659093557590 -6.49744105979192 2.43116032091732 -3.23821654592107
2024-06-16T15:25:38.164 -1854.541680709230 5494.632608766820 3547.012414891460 -6.16371799333679 0.80902292660212 -4.46994868338584
2024-06-16T15:29:38.164 -3248.540221958490 5486.914078537110 2358.114704868040 -5.38199910167303 -0.87318083704503 -5.37707655612314
2024-06-16T15:33:38.164 -4406.480532227740 5080.497474954130 997.395824740953 -4.20850376645578 -2.49311946889730 -5.89291070031098
2024-06-16T15:37:38.164 -5244.040356614620 4304.703608611820 -436.034479497204 -2.72850639086961 -3.93241246664431 -5.97921981369683
2024-06-16T15:41:38.164 -5700.253476482560 3215.873277688510 -1837.662487310930 -1.05012283527787 -5.08574896293662 -5.62952656072450
2024-06-16T15:45:38.164 -5742.028121388230 1893.225884107320 -3105.307830284570 0.70397198625440 -5.86898567361379 -4.86960779255605
2024-06-16T15:49:38.164 -5366.534784039050 432.990963999161 -4146.660867585690 2.40586982884161 -6.22539260404871 -3.75538576204758
2024-06-16T15:53:38.164 -4601.299727549930 -1058.699922206260 -4886.019957431010 3.93209368816404 -6.12960992702097 -2.36839613329853
2024-06-16T15:57:38.164 -3502.060814900950 -2473.547344230370 -5269.706720183680 5.17238385294308 -5.58896782777327 -0.80950299150245
2024-06-16T16:01:38.164 -2148.658026696610 -3708.870454749390 -5269.849965932540 6.03729248803220 -4.64262543813879 0.80838937813999
2024-06-16T16:05:38.164 -639.283663343014 -4674.933663440700 -4886.336809172200 6.46420652122358 -3.35867640144816 2.36819939588461
2024-06-16T16:09:38.164 916.516672006406 -5301.369837415600 -4146.846612097840 6.42169360228026 -1.82952144173945 3.75675012195893
2024-06-16T16:13:38.164 2405.658889183120 -5542.298667476330 -3104.956820700770 5.91194050153296 -0.16565697471104 4.87268686915627
2024-06-16T16:17:38.164 3719.677785618240 -5379.787416673670 -1836.409528572800 4.97113902655430 1.51186637037381 5.63382728560497
2024-06-16T16:21:38.164 4762.708465243000 -4825.359364035030 -433.704479673660 3.66754240153809 3.08018560042410 5.98368366077157
2024-06-16T16:25:38.164 5458.662692270620 -3919.296694151630 1000.689735074360 2.09666938074723 4.42409043131673 5.89627609945101
2024-06-16T16:29:38.164 5756.932435699700 -2727.694187723650 2361.974261608090 0.37394767014898 5.44508570981646 5.37827605440649
2024-06-16T16:33:38.164 5636.113753970480 -1337.508093208200 3550.831678175860 -1.37428330909982 6.06891888287648 4.46835940059275
2024-06-16T16:37:38.164 5105.456766691710 149.955917979381 4480.762819793870 -3.02054497870983 6.25095755425402 3.23391670658429
2024-06-16T16:41:38.164 4203.986981843750 1626.546004226110 5084.349386257110 -4.44568281063751 5.97902790527985 1.76549018558503
2024-06-16T16:45:38.164 2997.481895604930 2985.132765114740 5317.997858968130 -5.54719717346858 5.27367174366447 0.16984815868987
2024-06-16T16:49:38.164 1573.618174724140 4127.266309759830 5164.929696520840 -6.24610737448161 4.18619743938008 -1.43760616314544
2024-06-16T16:53:38.164 35.660822417006 4970.148363894610 4636.308872186630 -6.49221062121541 2.79495958711230 -2.94078025680685
2024-06-16T16:57:38.164 -1504.878895443650 5452.513784824180 3770.444346882970 -6.26740118394113 1.20006653197422 -4.23084237052110
2024-06-16T17:01:38.164 -2936.178726250350 5539.085064318480 2630.128919685620 -5.58729068298629 -0.48327381846718 -5.21383045412581
2024-06-16T17:05:38.164 -4154.172175799460 5223.256163854310 1298.218325370980 -4.50061491472041 -2.13275859792724 -5.81758874412873
2024-06-16T17:09:38.164 -5070.185913877390 4527.731119911880 -128.319864537134 -3.08616686194995 -3.62798222232992 -5.99746976471302
2024-06-16T17:13:38.164 -5617.526079079920 3502.971653424320 -1545.493994114030 -1.44719336579707 -4.85952796379954 -5.74002766853191
2024-06-16T17:17:38.164 -5756.442377636630 2223.518402799640 -2849.982849739630 0.29648523353850 -5.73745023799092 -5.06424296739444
2024-06-16T17:21:38.164 -5477.021123263280 782.464139947143 -3946.771942897620 2.01764040619329 -6.19804792893794 -4.01987515297953
2024-06-16T17:25:38.164 -4799.808256846160 -715.432544994931 -4756.102127103750 3.59125975432968 -6.20834274569308 -2.68344160475273
2024-06-16T17:29:38.164 -3774.170472627800 -2161.405758438100 -5219.205479163630 4.90359732861832 -5.76803702180957 -1.15223263787525
2024-06-16T17:33:38.164 -2474.625227997910 -3450.519138734680 -5302.451711896310 5.85999816525718 -4.90909680989198 0.46280462994523
2024-06-16T17:37:38.164 -995.459641230907 -4489.157442105820 -4999.705961903010 6.39130601428263 -3.69333423742785 2.04482474713067
2024-06-16T17:41:38.164 555.990976013804 -5201.716525546590 -4332.783012257550 6.45859624609658 -2.20819978014507 3.47909477010950
2024-06-16T17:45:38.164 2066.999211723580 -5536.090102355340 -3349.973147103610 6.05618625308941 -0.56093826114983 4.66105443960048
2024-06-16T17:49:38.164 3427.564120330650 -5467.555971922510 -2122.672214067660 5.21242430575398 1.12882405125575 5.50389093072055
2024-06-16T17:53:38.164 4538.454017357330 -5000.752244167580 -740.312420018117 3.98826535225988 2.73754227062549 5.94513749314294
2024-06-16T17:57:38.164 5318.601154361440 -4169.513455403410 696.149597358540 2.47321761472618 4.14703333401449 5.95192848543380
2024-06-16T18:01:38.164 5711.201270014570 -3034.453643073040 2081.740661346900 0.77864047610352 5.25382436824185 5.52390187139600
2024-06-16T18:05:38.164 5687.930029751850 -1678.425762533020 3315.320300979910 -0.97105527154611 5.97723404311503 4.69309856780813
2024-06-16T18:09:38.164 5250.925278310680 -200.295334460506 4307.072574510670 -2.64807988635014 6.26529520132124 3.52117295997510
2024-06-16T18:13:38.164 4432.430341352150 1292.407516250980 4985.036128202210 -4.13086995988771 6.09810644287509 2.09425165967090
2024-06-16T18:17:38.164 3292.248614364970 2691.331273008590 5300.202229640170 -5.31263964651498 5.48867278705149 0.51628645185780
2024-06-16T18:21:38.164 1913.299968117930 3895.079828579070 5229.903711922040 -6.10862827664078 4.48154761664319 -1.09847948329080
2024-06-16T18:25:38.164 395.625978802156 4816.410434924230 4779.328000796710 -6.46168696205598 3.14940460409879 -2.63347570305190
2024-06-16T18:29:38.164 -1150.731122757240 5388.416886916030 3981.138591556680 -6.34613287656946 1.58810861170516 -3.97763216384567
2024-06-16T18:33:38.164 -2613.559871493050 5569.359923904290 2893.207679391270 -5.76973616773387 -0.08966489631262 -5.03318814242037
2024-06-16T18:37:38.164 -3886.549523487830 5345.795371338210 1594.553238836360 -4.77369144371201 -1.76220602277107 -5.72281922885362
2024-06-16T18:41:38.164 -4877.055600201020 4733.700036141820 179.682872890821 -3.43006639273170 -3.30756065107880 -5.99562437880863
2024-06-16T18:45:38.164 -5512.961910883350 3777.430859559960 -1248.287700102560 -1.83682006028046 -4.61270238581131 -5.83128909278027
2024-06-16T18:49:38.164 -5748.051240203590 2546.519284743090 -2585.246367349350 -0.11042419352594 -5.58223089440378 -5.24189237378214
2024-06-16T18:53:38.164 -5565.396947129140 1130.527019398490 -3733.792997600410 1.62308238258772 -6.14568033415789 -4.27088765748245
2024-06-16T18:57:38.164 -4978.509483027660 -367.592038138200 -4610.380718144580 3.23767586006837 -6.26253526171862 -2.98948413017189
2024-06-16T19:01:38.164 -4030.219126796040 -1839.036455256890 -5151.346163136090 4.61652544248934 -5.92481714157765 -1.49109773289898
2024-06-16T19:05:38.164 -2789.455139021060 -3177.027971593340 -5317.418117752610 5.66020826563738 -5.15717438557755 0.11565205901152
2024-06-16T19:09:38.164 -1346.241724585430 -4284.434042747370 -5096.462367608170 6.29333815913026 -4.01485883856675 1.71454661885471
2024-06-16T19:13:38.164 194.720258601341 -5080.696605549950 -4504.354914720500 6.46972206622204 -2.57996693336831 3.18973382656716
2024-06-16T19:17:38.164 1721.505567629050 -5507.652138864780 -3583.924794204360 6.17576163516772 -0.95598412171814 4.43377889525589
2024-06-16T19:21:38.164 3123.008197630260 -5533.852675791010 -2401.995671211950 5.43194245226810 0.73925378013238 5.35541980209307
2024-06-16T19:25:38.164 4297.054002649790 -5157.018726920930 -1044.640154878010 4.29181777336508 2.38199537049492 5.88655871697930
2024-06-16T19:29:38.164 5157.960667594250 -4404.369608319460 389.060987587818 2.83849511325824 3.85171741087263 5.98763352420093
2024-06-16T19:33:38.164 5642.975282183240 -3330.734713164070 1794.329622243150 1.17873011717581 5.04039859690137 5.65113088463531
2024-06-16T19:37:38.164 5716.977401881200 -2014.485456645590 3068.536818040250 -0.56552223268340 5.86116699283756 4.90230854199486
2024-06-16T19:41:38.164 5374.984232106530 -551.635673103960 4118.836235796130 -2.26666795707069 6.25474578335724 3.79683683054717
2024-06-16T19:45:38.164 4642.347177542210 951.321405221507 4868.950992857710 -3.80111852319501 6.19354570554838 2.41616892524282
2024-06-16T19:49:38.164 3572.689292684470 2385.233380303370 5264.610154848910 -5.05823234634841 5.68300885498582 0.86106189244986
2024-06-16T19:53:38.164 2243.870210470220 3646.138156537360 5277.311052842490 -5.94779671220001 4.76061166731605 -0.75577554131816
2024-06-16T19:57:38.164 752.340258442476 4642.649258711110 4906.256587415310 -6.40597764764864 3.49306402286009 -2.31751696128968
2024-06-16T20:01:38.164 -793.748700213161 5302.445949308890 4178.369876442120 -6.39963528308339 1.97160399490249 -3.71130395558925
2024-06-16T20:05:38.164 -2282.226354685190 5577.455089144760 3146.417897408940 -5.92869594875836 0.30595759712903 -4.83589056127399
2024-06-16T20:09:38.164 -3604.951825746580 5447.418448498810 1885.325113243800 -5.02667914613658 -1.38319803810428 -5.60904192880365
2024-06-16T20:13:38.164 -4665.681885327870 4921.500366611710 486.832406584082 -3.75870015660397 -2.97283005844478 -5.97377000849050
2024-06-16T20:17:38.164 -5387.184069547850 4037.764233052640 -947.156200341209 -2.21711075162874 -4.34669070375973 -5.90298632744162
2024-06-16T20:21:38.164 -5716.988948621810 2860.451060548730 -2312.088086322170 -0.51459362711398 -5.40431199847210 -5.40185797232015
2024-06-16T20:25:38.164 -5631.261193835770 1475.230100614630 -3508.499884406720 1.22445383573570 -6.06871796026149 -4.50734151553224
2024-06-16T20:29:38.164 -5136.472843584780 -17.160149338886 -4449.334750811150 2.87347717791354 -6.29203978314292 -3.28514591360689
2024-06-16T20:33:38.164 -4268.784779283090 -1508.318127156020 -5066.244517508710 4.31311081650365 -6.05857824794546 -1.82444818243315
2024-06-16T20:37:38.164 -3091.302630840920 -2890.022599842470 -5314.445798146460 5.43946942345800 -5.38548433632925 -0.23125788647983
2024-06-16T20:41:38.164 -1689.478242778040 -4061.989261960110 -5175.865626320130 6.17128297868933 -4.32130652862952 1.37916970334155
2024-06-16T20:45:38.164 -164.993154245488 -4939.015949199970 -4660.408931273070 6.45533527368078 -2.94247569533900 2.89026132243795
2024-06-16T20:49:38.164 1371.463188297220 -5457.107396710690 -3805.319819695000 6.27028340060845 -1.34831131446496 4.19209782486422
2024-06-16T20:53:38.164 2808.124677520770 -5578.196799281480 -2672.630497766870 5.62863320274643 0.34568358779208 5.18930444658274
2024-06-16T20:57:38.164 4040.280739821440 -5293.082910421030 -1344.789767396310 4.57643327540811 2.01592285403486 5.80824451579931
2024-06-16T21:01:38.164 4978.032330572510 -4622.275513720450 81.306974147249 3.19031641508684 3.53999326828012 6.00298946967250
2024-06-16T21:05:38.164 5553.001203894720 -3614.587737694060 1501.459157450480 1.57189804406015 4.80593985676011 5.75902297670297
2024-06-16T21:09:38.164 5723.455533145860 -2343.562957347340 2811.923659278660 -0.15985860339077 5.72104386894286 5.09467248682878
2024-06-16T21:13:38.164 5477.352140058820 -901.940357775580 3917.156429113460 -1.87813900476400 6.21901866762259 4.05940865912163
2024-06-16T21:17:38.164 4833.059575679020 605.280127852195 4736.823068804630 -3.45790277030702 6.26453296459510 2.72963797218810
2024-06-16T21:21:38.164 3837.822114564750 2068.569497060150 5211.569565271330 -4.78501025594589 5.85531763393528 1.20265293294390
2024-06-16T21:25:38.164 2564.158820859090 3381.802863148250 5307.169731708470 -5.76416305142017 5.02173621797857 -0.41072728986065
2024-06-16T21:29:38.164 1104.554972418500 4449.813332370080 5016.838498332260 -6.32516916347273 3.82415728273980 -1.99394974446510
2024-06-16T21:33:38.164 -435.143245960975 5195.125819937360 4361.667498094020 -6.42753656976978 2.34884195957939 -3.43259318837238
2024-06-16T21:37:38.164 -1943.258141560210 5563.508635649530 3389.153282061180 -6.06347355764584 0.70210012956988 -4.62232711170088
2024-06-16T21:41:38.164 -3310.268771633250 5527.939862401440 2169.876812420370 -5.25872267972549 -0.99691656777462 -5.47629114486675
2024-06-16T21:45:38.164 -4436.749814527210 5090.708236731370 792.498962915574 -4.07123810212746 -2.62459225028381 -5.93166360796621
2024-06-16T21:49:38.164 -5240.692518598850 4283.396890547830 -642.647816480833 -2.58736597261126 -4.06196832020622 -5.95469061125392
2024-06-16T21:53:38.164 -5663.611112765740 3164.655917145500 -2030.936660189270 -0.91552575913824 -5.20392627359346 -5.54359752677255
2024-06-16T21:57:38.164 -5674.867768619530 1815.878600072560 -3271.189876455380 0.82212984226007 -5.96724999878479 -4.72869191283583
2024-06-16T22:01:38.164 -5273.862435629010 335.169508854524 -4273.129174005820 2.49902847990449 -6.29672434077217 -3.56987992103331
2024-06-16T22:05:38.164 -4489.959163435770 -1169.881390317920 -4963.949617504700 3.99358223833423 -6.16896229824113 -2.15189653916841
2024-06-16T22:09:38.164 -3380.213596136040 -2590.039347793640 -5293.513833732940 5.19795341856815 -5.59360678961117 -0.57770850197793
2024-06-16T22:13:38.164 -2025.178670340480 -3822.249174753470 -5237.855647187510 6.02526406415410 -4.61218202800414 1.03879978927536
2024-06-16T22:17:38.164 -523.134234443355 -4776.977522965670 -4800.876464128300 6.41552280873422 -3.29520201491209 2.58064531944945
2024-06-16T22:21:38.164 1016.903716033430 -5384.631965875830 -4014.111597034350 6.33979954833233 -1.73739965669011 3.93584858932392
2024-06-16T22:25:38.164 2482.963275440220 -5600.651282987070 -2934.585443727410 5.80263329246264 -0.05146625186016 5.00527837042710
2024-06-16T22:29:38.164 3768.230903842130 -5408.907537812100 -1640.818306883340 4.84231300556774 1.63978033780213 5.71009219461127
2024-06-16T22:33:38.164 4778.930569893530 -4823.070357595410 -227.179910841900 3.52860354341627 3.21239237768600 5.99796777872328
2024-06-16T22:37:38.164 5441.343967903960 -3885.737462926410 1203.054888322720 1.95782598773257 4.55086591609168 5.84755083892335
2024-06-16T22:41:38.164 5707.325375581870 -2665.295515914450 2545.401182619640 0.24536825336784 5.55716749264292 5.27015959124879
2024-06-16T22:45:38.164 5557.828577654690 -1250.805688042840 3701.938906584920 -1.48322518323473 6.15813348357240 4.30880330874694
2024-06-16T22:49:38.164 5004.195465355650 254.662670098292 4588.539978215920 -3.10190877946739 6.31088292986161 3.03460395105047
2024-06-16T22:53:38.164 4087.114336415080 1741.668216227510 5140.948560464940 -4.49363510278396 6.00536727933060 1.54091782304698
2024-06-16T22:57:38.164 2873.477723193470 3102.325235169330 5319.289034786010 -5.55832393515684 5.26446972482847 -0.06366460716044
2024-06-16T23:01:38.164 1451.465827314420 4238.020358166600 5110.803477168830 -6.21964606375775 4.14206345373349 -1.66309566867934
2024-06-16T23:05:38.164 -75.791993394894 5066.407045182130 4530.676138999040 -6.43003427393666 2.71902853105815 -3.14188998687853
2024-06-16T23:09:38.164 -1597.540818252350 5527.264017284040 3620.960355353240 -6.17392634886591 1.09785853541237 -4.39291956677274
2024-06-16T23:13:38.164 -3003.303943665600 5586.884241526430 2447.652076645510 -5.46925983476358 -0.60427318530004 -5.32499378885390
2024-06-16T23:17:38.164 -4190.871942235890 5240.639547602790 1096.032963504110 -4.36666348219210 -2.26365895842235 -5.86964579200229
2024-06-16T23:21:38.164 -5073.807353233100 4513.469669751110 -335.476844845228 -2.94617666056567 -3.75916632133126 -5.98659508762071
2024-06-16T23:25:38.164 -5587.857679175740 3458.154377354490 -1742.528369721360 -1.31148255026843 -4.98141893511546 -5.66707764603893
2024-06-16T23:29:38.164 -5695.723635990590 2151.458021851400 -3022.558968267030 0.41793317567274 -5.84121253657152 -4.93464339153287
2024-06-16T23:33:38.164 -5389.767571371970 688.436797019004 -4082.366717396660 2.11597565427539 -6.27625099814175 -3.84320156067888
2024-06-16T23:37:38.164 -4692.452526433180 -824.586335260176 -4844.910584029640 3.65944711644730 -6.25544359499896 -2.47260851017676
2024-06-16T23:41:38.164 -3654.572056087160 -2277.771565645160 -5254.827971034190 4.93683710695693 -5.78067677017178 -0.92255017677185
2024-06-16T23:45:38.164 -2351.493572388510 -3565.667164498680 -5282.343083018650 5.85604615349553 -4.88636046417858 0.69474462088135
2024-06-16T23:49:38.164 -877.729553260935 -4594.732927291750 -4925.335268778460 6.35052166039948 -3.63675606353727 2.26233292328638
2024-06-16T23:53:38.164 659.780500188606 -5290.021343930550 -4209.531357235200 6.38390172871839 -2.12169760288258 3.66645161985270
2024-06-16T23:57:38.164 2149.296838120530 -5600.632744052150 -3186.766827248110 5.95283800905006 -0.45060928720698 4.80459120402462
2024-06-17T00:01:38.164 3482.337178701950 -5503.547174783580 -1931.380582629660 5.08779330941618 1.25494790958589 5.59292772554398
2024-06-17T00:05:38.164 4561.659199961030 -5005.505984855230 -534.901105630166 3.85145397419474 2.87010856704138 5.97303168829182
2024-06-17T00:09:38.164 5308.513312054330 -4142.657886916510 900.667756228170 2.33429913395455 4.27625370681543 5.91664669493283
2024-06-17T00:13:38.164 5668.542303221660 -2977.941205721340 2270.428388497160 0.64780661613729 5.37022573635732 5.42808474437825
2024-06-17T00:17:38.164 5615.810646255260 -1596.376384029020 3474.415510579050 -1.08422148445574 6.07234623517422 4.54383477203334
2024-06-17T00:21:38.164 5154.607896565740 -98.680487645952 4424.989605147990 -2.73531972116419 6.33223683260519 3.32939782833695
2024-06-17T00:25:38.164 4318.942779825960 1406.206390797880 5053.208044063170 -4.18585714784710 6.13209833296410 1.87402266961532
2024-06-17T00:29:38.164 3169.848294037480 2809.072405160170 5313.690418819580 -5.33149572530317 5.48733621874926 0.28357963671551
2024-06-17T00:33:38.164 1790.865493410520 4008.238861391930 5187.724747720670 -6.09005791478941 4.44491417805789 -1.32684014701963
2024-06-17T00:37:38.164 282.031924475379 4916.773577370140 4684.535662191610 -6.40703448688092 3.08004990750605 -2.84088192617330
2024-06-17T00:41:38.164 -1247.247826922350 5468.685962095250 3840.613697810510 -6.25933186763948 1.49102904493795 -4.14899930381362
2024-06-17T00:45:38.164 -2685.991853470380 5623.688252243790 2717.160787451440 -5.65704303375384 -0.20744531551772 -5.15602098176276
2024-06-17T00:49:38.164 -3929.627111755210 5370.218919165020 1395.794725868120 -4.64326265160925 -1.89209387461718 -5.78807362242642
2024-06-17T00:53:38.164 -4887.647834060880 4726.447582812110 -27.299683692772 -3.29145277228111 -3.44001080156836 -5.99847851534550
2024-06-17T00:57:38.164 -5490.322803903740 3739.058124923020 -1448.400994295430 -1.70021866042675 -4.73799414460885 -5.77155214476083
2024-06-17T01:01:38.164 -5693.880936351270 2479.856959952000 -2763.912874229810 0.01412125958699 -5.69125673740911 -5.12401805930186
2024-06-17T01:05:38.164 -5483.702995361080 1040.451787697760 -3878.022576088430 1.72650492442310 -6.23058549103529 -4.10355763118658
2024-06-17T01:09:38.164 -4875.292779039960 -474.523332604937 -4709.710732422380 3.31253931722160 -6.31726067682877 -2.78493635226932
2024-06-17T01:13:38.164 -3913.013365413970 -1955.066434949320 -5198.580632295460 4.65755361314685 -5.94545251747194 -1.26414806392048
2024-06-17T01:17:38.164 -2666.773939447450 -3293.739041177520 -5309.125935842490 5.66454371903025 -5.14215975138711 0.34861781206363
2024-06-17T01:21:38.164 -1226.976473028820 -4393.334932716360 -5033.224339377990 6.26071360140318 -3.96516281777834 1.93668731776278
2024-06-17T01:25:38.164 301.927851039294 -5173.829561212900 -4390.721916389670 6.40245941286439 -2.49903236850819 3.38499485377231
2024-06-17T01:29:38.164 1808.865102004370 -5578.163889165320 -3428.104073692250 6.07860875587898 -0.84953919902982 4.58792012678721
2024-06-17T01:33:38.164 3184.134447225650 -5576.506249431570 -2215.287080183550 5.31179008760516 0.86353909983346 5.45706366947548
2024-06-17T01:37:38.164 4327.433643532350 -5168.609599238530 -840.645515779485 4.15731808707940 2.51493974719376 5.92804110055154
2024-06-17T01:41:38.164 5155.327885076660 -4384.009431776030 595.430727234793 2.69960520889962 3.98337621164670 5.96583431169102
2024-06-17T01:45:38.164 5607.510084124600 -3279.906832263300 1987.995348674560 1.04570603165544 5.16107610907438 5.56772971717587
2024-06-17T01:49:38.164 5651.277733184780 -1936.909096837410 3235.370515420950 -0.68288896571597 5.96202637603272 4.76350524546031
2024-06-17T01:53:38.164 5283.873271154720 -452.976080667220 4246.699784993100 -2.35976386419654 6.32852080384234 3.61288907690203
2024-06-17T01:57:38.164 4532.504442112820 1063.888846388220 4948.573547184070 -3.86318127030355 6.23498220845799 2.20057797945784
2024-06-17T02:01:38.164 3452.141263297190 2503.548790481770 5290.252270624580 -5.08485626934092 5.68919627165071 0.62956280540615
2024-06-17T02:05:38.164 2121.392627718830 3761.647644848760 5247.159721017120 -5.93718174338545 4.73119035725823 -0.98640908621215
2024-06-17T02:09:38.164 636.819346984930 4747.006767804440 4822.525942781900 -6.35896752738396 3.43009613859877 -2.53066709200106
2024-06-17T02:13:38.164 -893.930454557324 5388.092635724930 4047.151039149570 -6.31959611233228 1.87959858483848 -3.89146716385925
2024-06-17T02:17:38.164 -2359.795178333770 5638.183361546870 2977.261699198090 -5.82144173114632 0.19156926422184 -4.96993471088267
2024-06-17T02:21:38.164 -3654.275955586740 5478.824949474620 1690.553000500620 -4.90000378638504 -1.51165846028615 -5.68714205241352
2024-06-17T02:25:38.164 -4683.191461000620 4921.322292053990 280.649181989696 -3.62188929045879 -3.10595360416529 -5.99017821526705
2024-06-17T02:29:38.164 -5371.645333573400 4006.051881601550 -1149.711198863250 -2.08021581799948 -4.47474537464842 -5.85653543578136
2024-06-17T02:33:38.164 -5669.595694757110 2799.553157480230 -2496.253170171680 -0.38766459200015 -5.51799449521820 -5.29601927967824
2024-06-17T02:37:38.164 -5555.536085530220 1389.606658156670 -3660.880328195220 1.33219212695611 -6.15984084072512 -4.34994409801727
2024-06-17T02:41:38.164 -5037.984978164780 -121.273227749371 -4558.872222155930 2.95429120617612 -6.35406878313779 -3.08770204504679
2024-06-17T02:45:38.164 -4154.729910250840 -1623.359066855500 -5125.002589145920 4.36125303340873 -6.08706939472801 -1.60130408431358
2024-06-17T02:49:38.164 -2969.975277731020 -3007.646863426030 -5318.165958910710 5.45158411438169 -5.37837925374258 0.00147521106392
2024-06-17T02:53:38.164 -1569.673666154210 -4173.649718992770 -5124.256270911370 6.14655173035862 -4.27898596556429 1.60472022017098
2024-06-17T02:57:38.164 -55.398040117568 -5036.560716966790 -4557.177167756460 6.39549678470894 -2.86786150577027 3.09227271958652
2024-06-17T03:01:38.164 1462.887992755440 -5533.375930616910 -3657.923723013030 6.17960419515843 -1.24667939466249 4.35586533582563
2024-06-17T03:05:38.164 2874.711620402210 -5627.544573727470 -2491.756386972000 5.51357590959567 0.46702408629765 5.30279174709944
2024-06-17T03:09:38.164 4077.140116508410 -5311.818357966460 -1143.594627167760 4.44525616322810 2.14810921287251 5.86303308889281
2024-06-17T03:13:38.164 4982.417253273250 -4608.961420428610 288.144886479828 3.05254234939216 3.67320896404182 5.99491593146001
2024-06-17T03:17:38.164 5524.545865614750 -3570.173976032550 1698.826532173670 1.43770085535956 4.93028402486982 5.68866868378735
2024-06-17T03:21:38.164 5664.219931040990 -2271.296229572050 2985.411329360560 -0.28057718825729 5.82738227392297 4.96726716826445
2024-06-17T03:25:38.164 5391.665792261480 -807.104724979063 4054.125352168100 -1.97648735975845 6.29961908727737 3.88437869717814
2024-06-17T03:29:38.164 4727.190798821940 715.771978285894 4827.325835067460 -3.52671193858681 6.31362248677395 2.51983491843980
2024-06-17T03:33:38.164 3719.502377520200 2186.693123610430 5249.062849055510 -4.81934740341491 5.86945482923322 0.97340529057923
2024-06-17T03:37:38.164 2441.998861716050 3499.002146174940 5288.966187916390 -5.76164860638228 4.99994457023675 -0.64279839010708
2024-06-17T03:41:38.164 987.420908812698 4557.604918834460 4944.284813694910 -6.28607507700813 3.76802632628463 -2.21205312470556
2024-06-17T03:45:38.164 -538.768359848754 5285.698286642290 4240.034508595540 -6.35472868669565 2.26232747000501 -3.62099899422233
2024-06-17T03:49:38.164 -2025.858381808840 5630.269695104810 3227.264738129740 -5.96212477602146 0.59139639929219 -4.76732411860186
2024-06-17T03:53:38.164 -3365.832060385280 5566.020841298580 1979.498119312030 -5.13613225693377 -1.12374842101744 -5.56724319952683
2024-06-17T03:57:38.164 -4461.223190866720 5097.335817671640 587.492420733114 -3.93633795570598 -2.75825773251385 -5.96185525696998
2024-06-17T04:01:38.164 -5232.296712584300 4258.103173256290 -847.340793302980 -2.45004068958594 -4.19268265447844 -5.92190590018477
2024-06-17T04:05:38.164 -5622.972968384860 3109.304397537270 -2220.400952037570 -0.78581076178185 -5.32216226515212 -5.45025634161377
2024-06-17T04:09:38.164 -5604.970290021580 1734.522304468530 -3431.629280095380 0.93474649206921 -6.06440432397475 -4.58165505001776
2024-06-17T04:13:38.164 -5179.824189243260 233.741951842665 -4392.880771645460 2.58637305801258 -6.36583326110437 -3.37992463451500
2024-06-17T04:17:38.164 -4378.634238201020 -1284.013877220150 -5034.314366089050 4.04943741287435 -6.20508480210169 -1.93278939385952
2024-06-17T04:21:38.164 -3259.681407218720 -2708.592479774790 -5309.362546444650 5.21837262171265 -5.59408461910521 -0.34527014452686
2024-06-17T04:25:38.164 -1904.166649144990 -3936.599807847910 -5197.996409142090 6.00882336784828 -4.57687265088201 1.26778343630793
2024-06-17T04:29:38.164 -410.401619563127 -4878.771816189280 -4708.139372971560 6.36336735503731 -3.22647815482172 2.78962885520268
2024-06-17T04:33:38.164 1113.170942125980 -5466.383799889290 -3875.161891044780 6.25555130891184 -1.64010662140357 4.10960387763263
2024-06-17T04:37:38.164 2555.736443031510 -5656.308357768450 -2759.472105469820 5.69227724077386 0.06737310899633 5.13101383369732
2024-06-17T04:41:38.164 3812.165168118060 -5434.312216909900 -1442.265877651300 4.71380939485529 1.77148801738817 5.77845688138853
2024-06-17T04:45:38.164 4790.773520869590 -4816.284414624630 -19.662095645220 3.39131605547022 3.34728557380233 6.00383786832537
2024-06-17T04:49:38.164 5420.184379625230 -3847.192166690070 1404.381549111000 1.82178759632604 4.67898555852531 5.79039218525676
2024-06-17T04:53:38.164 5654.675241498890 -2597.775890367840 2725.818625558400 0.12062079898017 5.66900066841235 5.15416340122921
2024-06-17T04:57:38.164 5477.528754950690 -1159.236269395150 3848.279363337120 -1.58747695024554 6.24549625548384 4.14259328690130
2024-06-17T05:01:38.164 4902.108833113690 363.609857011895 4690.156343415230 -3.17810874934734 6.36745340217705 2.83040153281021
2024-06-17T05:05:38.164 3970.683221173920 1860.066362749430 5190.469514842310 -4.53624955588920 6.02709188048203 1.31365552574392
2024-06-17T05:09:38.164 2751.176538444180 3221.580879169610 5313.145604424750 -5.56434557888408 5.24985661595894 -0.29745193109674
2024-06-17T05:13:38.164 1332.172849865370 4349.489726832440 5049.461418482890 -6.18871568093461 4.09217732829756 -1.88650430519112
2024-06-17T05:17:38.164 -183.428359627081 5162.003809571190 4418.594800377270 -6.36442380178590 2.63744010035513 -3.33873806611573
2024-06-17T05:21:38.164 -1685.722852106110 5600.035529701960 3466.276150294440 -6.07839630232316 0.99037485870018 -4.54892365498003
2024-06-17T05:25:38.164 -3065.635316056210 5631.510177824340 2261.603532284370 -5.35066807780198 -0.72990365771337 -5.42874949470594
2024-06-17T05:29:38.164 -4222.816756430880 5253.843137786380 892.158959956178 -4.23357449274749 -2.39827214788516 -5.91351120242606
2024-06-17T05:33:38.164 -5073.033602605900 4494.273512720080 -542.318949396611 -2.80828304240082 -3.89288732134374 -5.96730693242554
2024-06-17T05:37:38.164 -5554.424521774280 3407.958402518660 -1937.255939320880 -1.17889468809405 -5.10444468837661 -5.58603533569533
2024-06-17T05:41:38.164 -5632.086467430500 2073.926648654510 -3190.979615717800 0.53550621500514 -5.94459720703681 -4.79781299197526
2024-06-17T05:45:38.164 -5300.581773106090 589.215565474316 -4212.218789357860 2.21001895241707 -6.35251638862526 -3.66059506934564
2024-06-17T05:49:38.164 -4584.217967509870 -938.283404768126 -4926.747177073820 3.72318815681076 -6.29908547019669 -2.25752967867941
2024-06-17T05:53:38.164 -3535.151163170730 -2397.690110395260 -5282.689712318200 4.96576797138894 -5.78855723411471 -0.69055744432815
2024-06-17T05:57:38.164 -2229.535160426880 -3683.092103416770 -5254.163995563100 5.84813615038927 -4.85779866210771 0.92692855313307
2024-06-17T06:01:38.164 -762.061892399566 -4701.093668703920 -4843.097180332490 6.30631822220731 -3.57364975604485 2.47789857272976
2024-06-17T06:05:38.164 760.769216532564 -5377.507739879370 -4079.137405920090 6.30649897028437 -2.02845121760003 3.84972088739272
2024-06-17T06:09:38.164 2228.249941785830 -5662.770510519840 -3017.639303523960 5.84770545952001 -0.33389942180746 4.94210463718947
2024-06-17T06:13:38.164 3533.463119431550 -5535.696051026110 -1735.797486058560 4.96243380666150 1.38660296243867 5.67448959887758
2024-06-17T06:17:38.164 4581.172357989710 -5005.229981743930 -327.118299702310 3.71499935003839 3.00698170751252 5.99248708316601
2024-06-17T06:21:38.164 5294.948149237060 -4109.918818269350 1105.468040249730 2.19681306889906 4.40823121075586 5.87248366510749
2024-06-17T06:25:38.164 5622.877357966780 -2915.095577044200 2457.274618488370 0.51944720307080 5.48759218371683 5.32356222532968
2024-06-17T06:29:38.164 5541.388938001440 -1507.991949095080 3629.665889253850 -1.19402988874064 6.16650057356002 4.38669710184915
2024-06-17T06:33:38.164 5056.875178703200 8.811360962574 4537.341092144180 -2.81860297017346 6.39635354297261 3.13124507866285
2024-06-17T06:37:38.164 4205.026216926300 1524.996036814740 5114.502110895430 -4.23662216923925 6.16156102657853 1.64929940219011
2024-06-17T06:41:38.164 3048.041472817240 2930.535993621100 5319.487753938650 -5.34608902428467 5.48002746016501 0.04865994902961
2024-06-17T06:45:38.164 1670.023001141950 4123.566081858630 5137.626831937550 -6.06749031441379 4.40140069850650 -1.55488169442443
2024-06-17T06:49:38.164 170.922052096733 5017.602421113260 4582.195025590810 -6.34899095754942 3.00346693106374 -3.04555616212323
2024-06-17T06:53:38.164 -1340.564383564680 5547.694224795690 3693.462638647890 -6.16999734382851 1.38686516708033 -4.31546634222096
2024-06-17T06:57:38.164 -2754.739400397650 5675.119321475060 2535.895100253560 -5.54288786377424 -0.33168463235088 -5.27208831771904
2024-06-17T07:01:38.164 -3968.816900321960 5390.317449405270 1193.611778943250 -4.51260388985151 -2.02737194278249 -5.84524612025854
2024-06-17T07:05:38.164 -4894.439102440810 4713.735139276890 -235.668107601991 -3.15377535906725 -3.57647219829085 -5.99252358263399
2024-06-17T07:09:38.164 -5464.237093827060 3694.458397907260 -1647.759357111980 -1.56560712524823 -4.86563250422950 -5.70289029016626
2024-06-17T07:13:38.164 -5636.848343207240 2406.623951340130 -2939.728458085500 0.13581762706335 -5.80077343110172 -4.99770356295086
2024-06-17T07:17:38.164 -5399.912172471030 943.919253593380 -4017.494785912270 1.82644148114726 -6.31405469189452 -3.92887123380056
2024-06-17T07:21:38.164 -4770.867511858200 -587.340466547786 -4802.698773207690 3.38352735494738 -6.36867740150281 -2.57461568674629
2024-06-17T07:25:38.164 -3795.553734184870 -2075.979353869560 -5238.321150366230 4.69453753591697 -5.96108705280217 -1.03343894097538
2024-06-17T07:29:38.164 -2544.803437145580 -3413.967014789580 -5292.711093592900 5.66493463678759 -5.12083756854256 0.58303933061211
2024-06-17T07:33:38.164 -1109.330341280770 -4504.124897879210 -4961.798641613790 6.22449676513410 -3.90828134225752 2.15790423763611
2024-06-17T07:37:38.164 406.716544160206 -5267.071567063430 -4269.414147333750 6.33216574533018 -2.41055266411822 3.57691192068642
2024-06-17T07:41:38.164 1893.170368154400 -5646.990484690710 -3265.685194293690 5.97922381101644 -0.73578671985769 4.73647756095135
2024-06-17T07:45:38.164 3241.789294726190 -5615.811660963860 -2023.554626049850 5.19043722695491 0.99428149735568 5.55125963094342
2024-06-17T07:49:38.164 4354.198960938640 -5175.450249963490 -633.576175446580 4.02283346054055 2.65306790302816 5.96084871018352
2024-06-17T07:53:38.164 5149.215567910500 -4357.833775274370 802.709429498692 2.56180865299300 4.11865895709333 5.93474289949131
2024-06-17T07:57:38.164 5568.958170865160 -3222.617574927340 2180.325591924280 0.91486757503541 5.28347606725723 5.47504341269007
2024-06-17T08:01:38.164 5583.138422623570 -1852.691905872680 3398.717166294660 -0.79710195165382 6.06267537186214 4.61616585107368
2024-06-17T08:05:38.164 5191.161895062270 -347.956466706856 4369.178398051720 -2.44908790302690 6.40018315322297 3.42176441565509
2024-06-17T08:09:38.164 4422.000185687820 1182.089271999110 5021.298588039960 -3.92123794270242 6.27249534601148 1.97962653030756
2024-06-17T08:13:38.164 3331.895267822850 2626.359754704570 5307.961736557110 -5.10749798565332 5.68987321284736 0.39484097658563
2024-06-17T08:17:38.164 2000.148138183740 3880.166738877410 5208.581297088920 -5.92281217196316 4.69495917930476 -1.21789429436886
2024-06-17T08:21:38.164 523.384885662542 4852.636518834500 4730.471158550120 -6.30865618020722 3.35956840679955 -2.74210463269023
2024-06-17T08:25:38.164 -991.320773900302 5473.163791191080 3908.310490148450 -6.23701844714744 1.77982931118886 -4.06753823228859
2024-06-17T08:29:38.164 -2434.068868335790 5696.496077189890 2801.724901533420 -5.71254678705594 0.06970943422779 -5.09777629588591
2024-06-17T08:33:38.164 -3700.031535358180 5506.117273511190 1491.103365315190 -4.77270971140729 -1.64671343114884 -5.75734537160543
2024-06-17T08:37:38.164 -4697.110776958440 4915.598245363000 71.825314640015 -3.48550570657832 -3.24435581141862 -5.99761230514750
2024-06-17T08:41:38.164 -5352.735661610660 3967.721186833110 -1352.682804389480 -1.94470844798801 -4.60639402735021 -5.80063019042342
2024-06-17T08:45:38.164 -5619.268343159860 2731.409565975960 -2678.574630435730 -0.26296388762222 -5.63327208730328 -5.18091041832850
2024-06-17T08:49:38.164 -5477.497646150820 1296.612792520700 -3809.278598364500 1.43700792142178 -6.25039238176923 -4.18410399271207
2024-06-17T08:53:38.164 -4937.951670113510 -232.360046604698 -4662.563914635590 3.03166783497499 -6.41338206328219 -2.88326320939126
2024-06-17T08:57:38.164 -4039.993002783140 -1744.479900496780 -5176.459957184050 4.40567705232447 -6.11086521816381 -1.37310348147196
2024-06-17T09:01:38.164 -2848.871396930130 -3130.014493851900 -5313.644037574690 5.45990041175547 -5.36490006848027 0.23693403484391
2024-06-17T09:05:38.164 -1450.990140217330 -4288.372521733160 -5064.060985342670 6.11819326660798 -4.22912797389470 1.83038751629916
2024-06-17T09:09:38.164 52.256564410082 -5135.274637578330 -4445.646479892900 6.33249197678210 -2.78509943790898 3.29178681710225
2024-06-17T09:13:38.164 1551.686086366520 -5608.847095615580 -3503.132417622180 6.08641185172145 -1.13693004594859 4.51463083262691
2024-06-17T09:17:38.164 2938.171355435910 -5674.219204596010 -2304.956379054900 5.39689410667615 0.59577508446585 5.40910606363334
2024-06-17T09:21:38.164 4110.611577363050 -5326.248223789340 -938.408465890690 4.31357533713168 2.28639793646440 5.90897411629020
2024-06-17T09:25:38.164 4983.449297328430 -4590.076621042470 496.722388718246 2.91556967692929 3.81082667294586 5.97706294264130
2024-06-17T09:29:38.164 5493.080896482060 -3519.359155544670 1895.549657041040 1.30554357452188 5.05710518185751 5.60835146607099
2024-06-17T09:33:38.164 5602.601217844330 -2192.283888943200 3155.917908017750 -0.39813838984453 5.93410657800477 4.83049124006181
2024-06-17T09:37:38.164 5304.460492677990 -705.673765173676 4186.013545455220 -2.07085223485412 6.37860217360721 3.70132846790187
2024-06-17T09:41:38.164 4620.817049033530 832.252120046070 4911.047531682690 -3.59115436181035 6.35931232926968 2.30394388237290
2024-06-17T09:45:38.164 3601.724658015370 2309.792170549840 5278.573292093990 -4.84937866675232 5.87858263791351 0.74027617610754
2024-06-17T09:49:38.164 2321.377152460330 3619.806616574490 5262.137722076920 -5.75518171170493 4.97180154760987 -0.87631197435274
2024-06-17T09:53:38.164 872.708358624394 4667.351452897010 4863.060629386830 -6.24358986023494 3.70455982910566 -2.42908234999699
2024-06-17T09:57:38.164 -639.240335470717 5376.402133067920 4110.297393105560 -6.27926184044575 2.16805762359782 -3.80577402544992
2024-06-17T10:01:38.164 -2104.784020793370 5695.310119234560 3058.432298376770 -5.85913061535035 0.47309869446411 -4.90633767347142
2024-06-17T10:05:38.164 -3417.463023868300 5600.631272055470 1783.853953676270 -5.01305183230961 -1.25747378190639 -5.65027669487091
2024-06-17T10:09:38.164 -4481.790596980830 5098.977242377960 379.295664131400 -3.80215254938267 -2.89757668724717 -5.98278256239108
2024-06-17T10:13:38.164 -5220.310213936440 4226.659432234400 -1052.909735179270 -2.31461745264180 -4.32738492153075 -5.87922197561795
2024-06-17T10:17:38.164 -5579.334720545880 3047.076560922390 -2408.363144831200 -0.65909499837504 -5.44242516892321 -5.34713318093848
2024-06-17T10:21:38.164 -5532.901695323250 1646.050638837380 -3588.310794146030 1.04350608724385 -6.16151336062201 -4.42571425279578
2024-06-17T10:25:38.164 -5084.613386557330 125.463238285062 -4506.908951094780 2.66929899576586 -6.43278945811553 -3.18260343162940
2024-06-17T10:29:38.164 -4267.237113654280 -1404.240500509420 -5097.433541789100 4.10059018487821 -6.23709633990185 -1.70845164618727
2024-06-17T10:33:38.164 -3140.209506323100 -2832.052008207260 -5317.012300056260 5.23410947832394 -5.58885058399966 -0.11017341786112
2024-06-17T10:37:38.164 -1785.304221879610 -4054.342333853650 -5149.632559445520 5.98803815383987 -4.53474529493184 1.49663010404916
2024-06-17T10:41:38.164 -300.786424021596 -4982.249679208140 -4607.275684158100 6.30756208719789 -3.15044382491341 2.99560635643951
2024-06-17T10:45:38.164 1205.570846687070 -5548.064902539390 -3729.134043400090 6.16876485625807 -1.53559833374137 4.27768071604899
2024-06-17T10:49:38.164 2624.196807681130 -5710.229487022790 -2578.920078221630 5.58077838633173 0.19278133961824 5.24886129426250
2024-06-17T10:53:38.164 3851.695946435230 -5456.534661814990 -1240.368797392520 4.58570705142709 1.90860602592191 5.83737920751135
2024-06-17T10:57:38.164 4798.498978311840 -4805.199214063130 188.821072376835 3.25601943153887 3.48600943820667 5.99945787887202
2024-06-17T11:01:38.164 5395.577455292000 -3803.645330661150 1604.206844931170 1.68932242111433 4.80911513350319 5.72308710046940
2024-06-17T11:05:38.164 5599.599026293320 -2524.985230218300 2902.401416567680 0.00073296415792 5.78108645892124 5.02898917464289
2024-06-17T11:09:38.164 5396.078074759900 -1062.536224208870 3988.766306326620 -1.68603940008645 6.33146051861963 3.96883366218778
2024-06-17T11:13:38.164 4800.291265769100 477.174070262427 4784.360197831630 -3.24826070724951 6.42119675367686 2.62084065281523
2024-06-17T11:17:38.164 3855.948921254570 1982.263435483030 5231.589477146280 -4.57312881516412 6.04486521861855 1.08352503447059
2024-06-17T11:21:38.164 2631.855403094410 3343.569236264830 5298.211034123550 -5.56547344524838 5.23033170626617 -0.53162719870092
2024-06-17T11:25:38.164 1216.901640746230 4462.414985219930 4979.529585686670 -6.15403869341068 4.03660778671864 -2.10786262969301
2024-06-17T11:29:38.164 -286.299835899521 5257.627705090860 4298.691355613350 -6.29637419511064 2.54967668849349 -3.53126874708859
2024-06-17T11:33:38.164 -1768.713307036310 5671.338795820550 3305.060223561300 -5.98176027761873 0.87670080815762 -4.69854143767149
2024-06-17T11:37:38.164 -3122.678380459120 5673.232091256420 2070.767957463950 -5.23238498851282 -0.86123384160086 -5.52442668225301
2024-06-17T11:41:38.164 -4249.718956171910 5262.880792995690 685.589494936814 -4.10222445758687 -2.53762096401105 -5.94812353639787
2024-06-17T11:45:38.164 -5067.804046952170 4469.934372583290 -749.562218170351 -2.67352290951471 -4.02996131292557 -5.93828073677975
2024-06-17T11:49:38.164 -5517.434852795150 3352.007094434970 -2130.068326434420 -1.05061336647544 -5.22918882550281 -5.49555468265054
2024-06-17T11:53:38.164 -5566.034015622610 1990.440211530690 -3355.327573988090 0.64792829947595 -6.04790972301298 -4.65255628037089
2024-06-17T11:57:38.164 -5210.288159368420 484.274341330428 -4336.163811095390 2.29837421193260 -6.42691557277565 -3.47123146335393
2024-06-17T12:01:38.164 -4476.266426151770 -1057.053175421780 -5001.308321961850 3.78109385045667 -6.33922848977743 -2.03787402109031
2024-06-17T12:05:38.164 -3417.397316497390 -2521.669829915710 -5302.479391697960 4.98905630887389 -5.79157377415610 -0.45656194950995
2024-06-17T12:09:38.164 -2110.537934093600 -3803.292973718370 -5217.766263569310 5.83514920748462 -4.82347953923358 1.15831262690617
2024-06-17T12:13:38.164 -650.465220665790 -4808.796631750890 -4753.167411144260 6.25800654490024 -3.50444203563202 2.68990006718826
2024-06-17T12:17:38.164 856.853551832681 -5464.885953905950 -3942.215962734160 6.22631720365309 -1.92930999594302 4.02691195557610
2024-06-17T12:21:38.164 2301.822989716550 -5723.463876105540 -2843.703021415840 5.74144237904525 -0.21203608437978 5.07145635668098
2024-06-17T12:25:38.164 3579.168536452350 -5565.295280294420 -1537.551068087080 4.83789708985620 1.52226882571984 5.74647720295101
2024-06-17T12:29:38.164 4595.698196197800 -5001.600078702740 -119.050135537175 3.58130079170491 3.14651953594371 6.00184144344237
2024-06-17T12:33:38.164 5277.266571564370 -4073.364654620570 1308.150053770350 2.06378187739853 4.54136414591276 5.81853113599866
2024-06-17T12:37:38.164 5574.338325172450 -2848.343263496130 2639.772142961270 0.39692925423902 5.60457815488695 5.21037250350342
2024-06-17T12:41:38.164 5465.618619159580 -1415.956381148840 3778.694128825580 -1.29706104563172 6.25895072808769 4.22270736396437
2024-06-17T12:45:38.164 4959.473342743280 119.412167878044 4642.089873197870 -2.89475573602243 6.45769035053686 2.92850721858450
2024-06-17T12:49:38.164 4093.133848472820 1646.127277612260 5167.400958877870 -4.28051924081604 6.18746548686084 1.42258756214881
2024-06-17T12:53:38.164 2929.803965762180 3053.426228944790 5316.727793889980 -5.35478901664067 5.46868573621775 -0.18565694910136
2024-06-17T12:57:38.164 1553.992979029990 4239.307350985410 5079.398387627040 -6.04051080854288 4.35349247444826 -1.78002126960834
2024-06-17T13:01:38.164 65.484124290287 5117.755813524020 4472.668741041320 -6.28821893369768 2.92223119658056 -3.24529409237708
2024-06-17T13:05:38.164 -1427.765801706220 5624.899357166290 3540.526800155510 -6.07968934413223 1.27801468770542 -4.47524541374660
2024-06-17T13:09:38.164 -2817.341838966260 5723.658089174060 2350.615922340590 -5.42942495289681 -0.46026782631200 -5.38016572097729
2024-06-17T13:13:38.164 -4002.207982726940 5406.559635436730 989.447306002750 -4.38412306219597 -2.16625154547986 -5.89354914980657
2024-06-17T13:17:38.164 -4896.128328447930 4696.438010736290 -443.841259711049 -3.01970851729585 -3.71535840069946 -5.97742250393909
2024-06-17T13:21:38.164 -5434.063750764110 3644.854828547790 -1844.765946994670 -1.43578926931409 -4.99430176816455 -5.62551471832562
2024-06-17T13:25:38.164 -5576.988662257910 2328.319517010860 -3111.220473502660 0.25186937756083 -5.90981462327257 -4.86376879852161
2024-06-17T13:29:38.164 -5314.713642556640 842.611447545179 -4151.000215153440 1.92025473890791 -6.39554464844679 -3.74819330230120
2024-06-17T13:33:38.164 -4666.523457903700 -704.287164553062 -4888.522621801940 3.44829005415423 -6.41672030479186 -2.36037997320862
2024-06-17T13:37:38.164 -3679.643624548140 -2200.070404999690 -5270.243391784220 4.72557674722804 -5.97221797768126 -0.80123018095875
2024-06-17T13:41:38.164 -2425.741394835670 -3536.191585994870 -5268.426130182470 5.66000166328797 -5.09424921987250 0.81637055146601
2024-06-17T13:45:38.164 -995.758846016722 -4615.606951333860 -4883.078406334850 6.18395065734585 -3.84588582368352 2.37543755806578
2024-06-17T13:49:38.164 506.549878260532 -5359.705686593930 -4141.980981627030 6.25891869506640 -2.31682812731879 3.76283793493542
2024-06-17T13:53:38.164 1972.005600061890 -5714.024899983060 -3098.810236009870 5.87854187225579 -0.61747516985572 4.87720573330161
2024-06-17T13:57:38.164 3293.877692706020 -5652.348991589680 -1829.404649922770 5.06958562055907 1.12854433148717 5.63640884199211
2024-06-17T14:01:38.164 4375.736777078440 -5178.835348855260 -426.337260942671 3.89068466355155 2.79336066506208 5.98410261157259
2024-06-17T14:05:38.164 5138.658058193000 -4327.853070006970 1007.888348833990 2.42814663759393 4.25471428669739 5.89444081737372
2024-06-17T14:09:38.164 5527.122015013610 -3161.491865642490 2368.462348560430 0.78947111918667 5.40536971693267 5.37420988943815
2024-06-17T14:13:38.164 5513.127699454570 -1764.915977565310 3556.095151431570 -0.90504768235276 6.16151559708570 4.46227199965647
2024-06-17T14:17:38.164 5098.143076002230 -239.954678997163 4484.359578658670 -2.53171992865796 6.46889566160643 3.22619032838908
2024-06-17T14:21:38.164 4312.794392700030 1302.461201897040 5085.943114714720 -3.97270696475883 6.30625476633000 1.75661946425104
2024-06-17T14:25:38.164 3214.457946472720 2750.372809571750 5317.393259451260 -5.12423470492924 5.68627460956458 0.16053333364781
2024-06-17T14:29:38.164 1882.991164015990 3998.828744962880 5162.113890413610 -5.90377847349796 4.65421339431369 -1.44659974711909
2024-06-17T14:33:38.164 414.968085103038 4957.311164991420 4631.442334606800 -6.25529034191005 3.28441900465132 -2.94876143724816
2024-06-17T14:37:38.164 -1083.160286671260 5556.172889603730 3763.848652424610 -6.15304362646304 1.67550769094536 -4.23716505730332
2024-06-17T14:41:38.164 -2502.652759889760 5751.701259020110 2622.271784278540 -5.60387852338232 -0.05626258146577 -5.21794856394151
2024-06-17T14:45:38.164 -3740.330209368040 5529.396044794650 1289.672258244100 -4.64708320966264 -1.78515574995568 -5.81917316577257
2024-06-17T14:49:38.164 -4706.122946904840 4905.172246675760 -136.927112018671 -3.35201544304914 -3.38503100215653 -5.99639950286899
2024-06-17T14:53:38.164 -5329.747203970770 3924.311763582420 -1553.538145031010 -1.81317012404002 -4.73889045251807 -5.73644652204614
2024-06-17T14:57:38.164 -5565.914104746640 2658.162737720650 -2856.896033277970 -0.14301224809456 -5.74789223132774 -5.05846595618121
2024-06-17T15:01:38.164 -5397.636690354600 1198.854496847240 -3952.080134427580 1.53659422790029 -6.33879149635528 -4.01236571266101
2024-06-17T15:05:38.164 -4837.375226455900 -347.525123611882 -4759.454904316920 3.10366109355895 -6.46915608680067 -2.67474920354379
2024-06-17T15:09:38.164 -3925.992033538590 -1868.685343593370 -5220.390037070150 4.44488145281565 -6.12996590855749 -1.14296309400365
2024-06-17T15:13:38.164 -2729.701707484340 -3254.231648783040 -5301.405426967180 5.46350804748967 -5.34588112755972 0.47202085247054
2024-06-17T15:17:38.164 -1335.282042375780 -4403.552449981790 -4996.516592029950 6.08590575117677 -4.17328454447901 2.05337068580461
2024-06-17T15:21:38.164 156.112323012058 -5233.006499853450 -4327.676130631800 6.26660095771737 -2.69641564061342 3.48645093802772
2024-06-17T15:25:38.164 1636.143822089430 -5681.969312177460 -3343.287323133070 5.99161893134192 -1.02177008442470 4.66677802357961
2024-06-17T15:29:38.164 2997.069822070860 -5717.344529845810 -2114.855245794110 5.27998234589747 0.72905389521029 5.50752068223961
2024-06-17T15:33:38.164 4139.632045510210 -5336.181960599260 -731.913380368228 4.18302896465947 2.42800057935183 5.94631256730321
2024-06-17T15:37:38.164 4980.455115782640 -4566.074548011170 704.520228963817 2.78098399030112 3.95026314414627 5.95051292326062
2024-06-17T15:41:38.164 5458.300755719570 -3463.187497599790 2089.462684900960 1.17689202071082 5.18410875170793 5.51992957508011
2024-06-17T15:45:38.164 5538.610117692830 -2108.056771477420 3321.800080479950 -0.51142429668451 6.03947752729356 4.68676437718615
2024-06-17T15:49:38.164 5215.964647664220 -599.538622570183 4311.786739850680 -2.16052937258371 6.45469023310265 3.51288173428032
2024-06-17T15:53:38.164 4514.299734418280 952.562886785579 4987.584747059540 -3.65075157258486 6.40065241303798 2.08461233948942
2024-06-17T15:57:38.164 3484.959530110810 2435.539917817650 5300.347046748830 -4.87468303897973 5.88229063882289 0.50601556882290
2024-06-17T16:01:38.164 2202.851653495310 3741.877548385120 5227.585660108820 -5.74447506339480 4.93763367074255 -1.10858716678186
2024-06-17T16:05:38.164 761.013001755555 4776.890700749650 4774.689753253380 -6.19773481705526 3.63491046436077 -2.64257430307471
2024-06-17T16:09:38.164 -736.021817169882 5465.435018303840 3974.511553757110 -6.20158432370107 2.06784391058524 -3.98499441561422
2024-06-17T16:13:38.164 -2179.640232028660 5757.321139857570 2885.080358805880 -5.75518724016817 0.34948896597212 -5.03824720902591
2024-06-17T16:17:38.164 -3464.950365189670 5631.051478440240 1585.529585294420 -4.89030695553826 -1.39551339363428 -5.72518210499958
2024-06-17T16:21:38.164 -4498.440738286050 5095.537212496450 170.434550322219 -3.66948267576977 -3.03996982453594 -5.99512624678408
2024-06-17T16:25:38.164 -5204.891762137180 4189.571196501460 -1257.079100494960 -2.18169241345935 -4.46365597221842 -5.82801222066468
2024-06-17T16:29:38.164 -5532.964994632900 2979.030540467410 -2592.946503535850 -0.53568303929911 -5.56255522229208 -5.23614015663085
2024-06-17T16:33:38.164 -5458.967977426420 1551.998496976640 -3739.858328341430 1.14839367828509 -6.25678488430071 -4.26310205725206
2024-06-17T16:37:38.164 -4988.504538954440 12.237916313334 -4614.390474249700 2.74809274641592 -6.49632611180299 -2.98024152599412
2024-06-17T16:41:38.164 -4155.932725157250 -1528.421197065100 -5153.024685470570 4.14767397359815 -6.26429207561867 -1.48101968304234
2024-06-17T16:45:38.164 -3021.767800201120 -2958.166371285680 -5316.644578695420 5.24615055252066 -5.57765096681568 0.12589087727743
2024-06-17T16:49:38.164 -1668.289168216130 -4173.198455132190 -5093.281523991300 5.96417197258994 -4.48579568387684 1.72425506452294
2024-06-17T16:53:38.164 -193.670033820862 -5085.140073046870 -4498.974734546870 6.24941975507626 -3.06713868697307 3.19824520144868
2024-06-17T16:57:38.164 1295.007527069540 -5627.414812625310 -3576.704161044810 6.08045633980229 -1.42391941559608 4.44052639488749
2024-06-17T17:01:38.164 2689.430212027600 -5760.161143136420 -2393.412107994390 5.46860452249874 0.32476289046766 5.35995649042163
2024-06-17T17:05:38.164 3887.934956549300 -5473.306077809360 -1035.277296537000 4.45772625292594 2.05125278666978 5.88844900527633
2024-06-17T17:09:38.164 4803.048304454790 -4787.506424986780 398.530020151939 3.12154592100358 3.62877079551293 5.98660984496299
2024-06-17T17:13:38.164 5368.064637382750 -3752.742457299080 1803.203446943510 1.55827194653437 4.94138017785268 5.64721853067772
2024-06-17T17:17:38.164 5542.024324134870 -2444.587567579380 3076.145859350060 -0.11717172209785 5.89310833402094 4.89574082733504
2024-06-17T17:21:38.164 5312.665153677850 -958.512014955399 4124.595263598220 -1.78213444662779 6.41513655955372 3.78807780574790
2024-06-17T17:25:38.164 4697.147605645500 597.255294596728 4872.406630105830 -3.31560056827614 6.47052197263932 2.40585122002843
2024-06-17T17:29:38.164 3740.599621626010 2109.678276546080 5265.480462809850 -4.60688696579325 6.05628615327655 0.84998120345043
2024-06-17T17:33:38.164 2512.700011446420 3469.073470934800 5275.519590981610 -5.56325590346201 5.20310139405805 -0.76673549833032
2024-06-17T17:37:38.164 1102.597042973000 4576.919587139250 4901.930915085340 -6.11608676416117 3.97272425663563 -2.32753639595997
2024-06-17T17:41:38.164 -387.460868609682 5352.835291868950 4171.835111047480 -6.22546472340523 2.45372428346382 -3.71957189169308
2024-06-17T17:45:38.164 -1849.393243250230 5740.340971133630 3138.175915304330 -5.88303333832863 0.75559950249307 -4.84175887616928
2024-06-17T17:49:38.164 -3177.025878864650 5711.019032205060 1876.008737747420 -5.11302028327782 -0.99866461251608 -5.61207252698467
2024-06-17T17:53:38.164 -4273.804442683260 5266.721302077220 477.149441384669 -3.97095518697288 -2.68134743122031 -5.97378965159174
2024-06-17T17:57:38.164 -5059.910787447650 4439.571882393620 -956.489521821499 -2.53994281082856 -4.16950858936156 -5.90008174043005
2024-06-17T18:01:38.164 -5478.190247005190 3289.683652046520 -2320.399625214650 -0.92454725532882 -5.35435412931858 -5.39631750717507
2024-06-17T18:05:38.164 -5498.369933693030 1900.723761106430 -3515.212209477140 0.75724884371119 -6.14964560442099 -4.49964347519952
2024-06-17T18:09:38.164 -5119.201428675670 373.701690239272 -4453.996687422960 2.38306889824340 -6.49794092334878 -3.27586181997741
2024-06-17T18:13:38.164 -4368.430888210650 -1180.456990583070 -5068.554747072440 3.83515312417633 -6.37448954579784 -1.81425067582768
2024-06-17T18:17:38.164 -3300.661963283510 -2648.961352083880 -5314.266762253670 5.00873509430557 -5.78849766395716 -0.22082036324828
2024-06-17T18:21:38.164 -1993.364782229030 -3925.225705414060 -5173.219293453970 5.81909925544692 -4.78214017668629 1.38917859069843
2024-06-17T18:25:38.164 -541.343394841171 -4916.468720235330 -4655.479509866080 6.20735287004076 -3.42763269181063 2.89917053459159
2024-06-17T18:29:38.164 949.998198641458 -5550.386238801490 -3798.445207314980 6.14461988301239 -1.82246745792280 4.19930378063828
2024-06-17T18:33:38.164 2372.198873194910 -5780.470945831940 -2664.281226541570 5.63454538330143 -0.08287881060464 5.19432364030938
2024-06-17T18:37:38.164 3621.620159200230 -5589.552948980720 -1335.531689210520 4.71349985622897 1.66435135093426 5.81074963520303
2024-06-17T18:41:38.164 4607.083313017210 -4991.242163047870 90.834925248862 3.44839050053402 3.29111412633884 6.00268819835526
2024-06-17T18:45:38.164 5256.701571871810 -4029.073421122450 1510.562829871340 1.93208185125545 4.67779187437061 5.75578993949902
2024-06-17T18:49:38.164 5523.282824977450 -2773.306821218970 2819.910266258030 0.27610490758723 5.72277420353374 5.08863656802038
2024-06-17T18:53:38.164 5387.770535601880 -1315.629735336440 3923.393013706870 -1.39812662367224 6.35021085353000 4.05094798156339
2024-06-17T18:57:38.164 4860.500200917500 237.725664603281 4740.799507999610 -2.96866612509795 6.51542518870322 2.71938168149264
2024-06-17T19:01:38.164 3980.230879302390 1773.835451233450 5212.941417682760 -4.32200100470724 6.20754160166784 1.19133393367716
2024-06-17T19:05:38.164 2811.158664185750 3181.254808217360 5305.780271582730 -5.36085998717054 5.44959902714441 -0.42226454809758
2024-06-17T19:09:38.164 1438.213953870700 4357.966929790490 5012.749695451060 -6.01070474308785 4.29664390454752 -2.00475634579291
2024-06-17T19:13:38.164 -39.030796730647 5218.626912418410 4355.155731912520 -6.22472509296513 2.83173424637678 -3.44184625807886
2024-06-17T19:17:38.164 -1513.433263286500 5700.646863314690 3380.683350963950 -5.98707924501335 1.16042779677299 -4.62928386810217
2024-06-17T19:21:38.164 -2877.941731649150 5768.773787794830 2160.068308189390 -5.31441192661426 -0.59637511225168 -5.48042019109237
2024-06-17T19:25:38.164 -4033.341688705870 5417.775542570830 782.070726558564 -4.25509301749304 -2.31090509788997 -5.93267443898814
2024-06-17T19:29:38.164 -4895.552249397750 4672.970214674280 -652.938372860956 -2.88612512253488 -3.85795310749510 -5.95254608743649
2024-06-17T19:33:38.164 -5401.868209117920 3588.461005497130 -2040.351794041510 -1.30750624663182 -5.12441435599003 -5.53849781484159
2024-06-17T19:37:38.164 -5515.594734079180 2243.155386166280 -3279.066858084160 0.36540599388252 -6.01800562456141 -4.72106140243653
2024-06-17T19:41:38.164 -5228.684331085550 734.904703927152 -4278.930509881630 2.01077337878651 -6.47409508234981 -3.56031698045954
2024-06-17T19:45:38.164 -4562.195450098270 -826.710540172550 -4967.286628095840 3.50936099137072 -6.46007857467888 -2.14103188742796
2024-06-17T19:49:38.164 -3564.640479889460 -2328.341192420730 -5294.159224647760 4.75295521684407 -5.97729214898200 -0.56627613771052
2024-06-17T19:53:38.164 -2308.418214603820 -3661.014676650020 -5235.766823885540 5.65185533949329 -5.06058922467366 1.05003064117484
2024-06-17T19:57:38.164 -884.617921665736 -4727.898677243950 -4796.188368450130 6.14088006792622 -3.77571408634021 2.59095360801761
2024-06-17T20:01:38.164 603.440813267396 -5451.237697476220 -4007.132330170230 6.18393884836065 -2.21502988787999 3.94452255383644
2024-06-17T20:05:38.164 2047.581029360350 -5778.040576182540 -2925.783396083280 5.77695864323631 -0.49137119509569 5.01169767182515
2024-06-17T20:09:38.164 3342.598936394990 -5684.090685044450 -1630.798879688010 4.94875555252461 1.26973680271180 5.71375207329885
2024-06-17T20:13:38.164 4394.018973506130 -5175.904359755460 -216.643218901754 3.75939854634858 2.93933758188460 5.99857931423791
2024-06-17T20:17:38.164 5125.128404099930 -4290.387012096920 1213.348265055800 2.29597012740452 4.39474184207250 5.84488553907280
2024-06-17T20:21:38.164 5482.738976495150 -3092.174251091050 2554.660871871500 0.66612144162293 5.52913644015196 5.26424633281128
2024-06-17T20:25:38.164 5441.112958266310 -1668.768186862740 3709.423476915410 -1.01055791245618 6.25996466873638 4.30000899242703
2024-06-17T20:29:38.164 5003.728605674160 -123.957979198396 4593.624396116890 -2.61173388262580 6.53483513384072 3.02351339893661
2024-06-17T20:33:38.164 4202.839272224620 1429.876385793840 5143.179182394790 -4.02142023505574 6.33490052481867 1.52838399129497
2024-06-17T20:37:38.164 3096.937159726510 2879.956037828090 5318.434415715570 -5.13819832054772 5.67558055605469 -0.07667976292782
2024-06-17T20:41:38.164 1766.415427734270 4121.166073568260 5106.864192924680 -5.88197189841122 4.60488115343311 -1.67561638686316
2024-06-17T20:45:38.164 307.795023809060 5063.502771855120 4523.894806796500 -6.19921393361285 3.20003099993372 -3.15288981348635
2024-06-17T20:49:38.164 -1173.146536999420 5638.497356870900 3611.812780773480 -6.06677465555363 1.56221590208384 -4.40150216279394
2024-06-17T20:53:38.164 -2568.918552054850 5804.172991314110 2436.806344047150 -5.49368561532196 -0.19021747363225 -5.33047384103419
2024-06-17T20:57:38.164 -3778.069816617660 5548.207622439570 1084.287482536710 -4.52101890674057 -1.92997310618316 -5.87161507236468
2024-06-17T21:01:38.164 -4712.622066281340 4888.985946434340 -347.256313298703 -3.21935561620251 -3.53006468844889 -5.98491292622192
2024-06-17T21:05:38.164 -5304.596321393080 3874.358076789400 -1753.481747881730 -1.68371643385176 -4.87352837705167 -5.66193281536692
2024-06-17T21:09:38.164 -5511.040248183180 2578.132201808380 -3031.904615755250 -0.02629349702543 -5.86237963312380 -4.92648215260067
2024-06-17T21:13:38.164 -5317.141085781940 1094.608680820350 -4089.454341107900 1.63209271205225 -6.42488615834224 -3.83267097028176
2024-06-17T21:17:38.164 -4737.214342878790 -468.390278368672 -4849.268100941030 3.17106148627752 -6.52074556414023 -2.46053874305977
2024-06-17T21:21:38.164 -3813.520043417210 -1997.406825626400 -5256.189539272630 4.47948409404000 -6.14345795322539 -0.90978395668510
2024-06-17T21:25:38.164 -2613.117946550220 -3381.494164251130 -5280.639015709630 5.46298745329522 -5.32029113136809 0.70737783630120
2024-06-17T21:29:38.164 -1223.048948657100 -4520.128446628270 -4920.702642236290 6.05039549027222 -4.11032657737574 2.27397003239977
2024-06-17T21:33:38.164 255.853001258661 -5330.396481640560 -4202.301809871530 6.19862114006101 -2.60042481299133 3.67633182384639
2024-06-17T21:37:38.164 1716.130125363330 -5753.016432592940 -3177.448430084210 5.89596359069548 -0.89957120361904 4.81201020381702
2024-06-17T21:41:38.164 3051.448035764640 -5756.792547325420 -1920.631033141780 5.16352970814933 0.86856286348700 5.59735963351419
2024-06-17T21:45:38.164 4164.401017394470 -5341.090079870260 -523.487337946530 4.05425934491020 2.57453961052725 5.97408856453346
2024-06-17T21:49:38.164 4973.784038875750 -4536.047702177800 911.913388127149 2.64937143882092 4.09305840979936 5.91418585523127
2024-06-17T21:53:38.164 5420.669224929890 -3400.391575297710 2280.667325857910 1.05208371809707 5.31270856116257 5.42218925036570
2024-06-17T21:57:38.164 5472.763526342840 -2017.056814392060 3482.857001372370 -0.62029985034633 6.14447583442436 4.53482967985517
2024-06-17T22:01:38.164 5126.709621818080 -486.950737788820 4430.957322934940 -2.24553928557409 6.52851163648997 3.31790524827933
2024-06-17T22:05:38.164 4408.138183665390 1078.571681613380 5056.191467672150 -3.70578270559576 6.43799031535904 1.86079614422404
2024-06-17T22:09:38.164 3369.604870027710 2565.830992491880 5313.392972786640 -4.89580903365954 5.88041794365284 0.26965645129911
2024-06-17T22:13:38.164 2086.666779653580 3866.996347056510 5184.117271176900 -5.73023356159394 4.89665960790113 -1.34031848784688
2024-06-17T22:16:00.000 1250.831554698630 4509.410772695210 4928.725393884520 -6.03067391039766 4.14263299268050 -2.25325540099680
2024-06-17T22:20:00.000 -224.351521575758 5328.058292652660 4215.268901136850 -6.18767404748698 2.63776576914322 -3.65602819773112
2024-06-17T22:24:00.000 -1683.242658447760 5760.109422881270 3195.100334967540 -5.89564297787919 0.94051919351168 -4.79356981944337
2024-06-17T22:28:00.000 -3019.901457157100 5773.930520198630 1942.291180725300 -5.17518473852088 -0.82624480748323 -5.58275829591020
2024-06-17T22:32:00.000 -4137.137617786650 5368.246755240640 547.969846945996 -4.07824154541446 -2.53395264375351 -5.96552643322972
2024-06-17T22:36:00.000 -4953.661776649990 4572.371250390980 -886.292628646526 -2.68459470027009 -4.05788369169287 -5.91351711474400
2024-06-17T22:40:00.000 -5410.112361613640 3444.134374254730 -2255.951857334390 -1.09604371594947 -5.28665740192487 -5.43049887417843
2024-06-17T22:44:00.000 -5473.438493373050 2065.621782578370 -3461.222011415690 0.57138240335963 -6.13081233761335 -4.55207574428342
2024-06-17T22:48:00.000 -5139.256767357940 537.080659943788 -4414.411236660450 2.19633697122057 -6.52936073662005 -3.34273421266461
2024-06-17T22:52:00.000 -4432.041170462400 -1030.455669400050 -5046.272125845930 3.66113620799412 -6.45386565410247 -1.89069577328264
2024-06-17T22:56:00.000 -3403.232356504620 -2523.223319096000 -5310.933758058180 4.86006825652773 -5.91009317450396 -0.30132909276337
2024-06-17T23:00:00.000 -2127.466250822970 -3832.888296247330 -5189.110062432180 5.70661864384799 -4.93719597654356 1.31047609523007
2024-06-17T23:04:00.000 -697.244854093015 -4864.257681275070 -4689.461772847820 6.13929134183222 -3.60493155681617 2.82803945328219
2024-06-17T23:08:00.000 783.631722420489 -5542.117452379110 -3848.056447985500 6.12601488201243 -2.00910644277492 4.14100669614501
2024-06-17T23:12:00.000 2207.474631005470 -5816.749623230350 -2725.901188350720 5.66674529833976 -0.26519141743577 5.15315520569013
2024-06-17T23:16:00.000 3470.522020904410 -5667.728839028490 -1404.666008894460 4.79416171775601 1.49965568227664 5.78967695259408
2024-06-17T23:20:00.000 4480.609299806240 -5105.613847274620 19.223966645770 3.57167701899918 3.15602376414153 6.00326066024635
2024-06-17T23:24:00.000 5164.056507197770 -4171.301918671120 1441.705703846810 2.08896435679249 4.58216650946408 5.77803088796074
2024-06-17T23:28:00.000 5471.190424317900 -2933.019529409590 2758.843136419280 0.45508588124869 5.67359133045204 5.13090482578744
2024-06-17T23:32:00.000 5379.986670936890 -1481.180189952930 3874.569675528930 -1.21013341522150 6.35103170568258 4.11006050550813
2024-06-17T23:36:00.000 4897.555749821540 78.391565559414 4707.754952612040 -2.78526528351882 6.56607707133021 2.79096263711856
2024-06-17T23:40:00.000 4059.415560287050 1632.297921941800 5198.060864666080 -4.15645386275083 6.30428422584732 1.27019699110192
2024-06-17T23:44:00.000 2926.719023494600 3067.792071998850 5310.131899500430 -5.22511195750016 5.58538643514719 -0.34182999722362
2024-06-17T23:48:00.000 1581.771690736650 4280.817001302610 5036.013894063890 -5.91455244103690 4.46162526096562 -1.92852893615511
2024-06-17T23:52:00.000 122.122318109607 5183.403830460610 4395.661527021080 -6.17515627253793 3.01403549328281 -3.37526301168830
2024-06-17T23:56:00.000 -1346.377723560790 5709.946029753370 3435.517558073480 -5.98777218641265 1.34689355973941 -4.57720006435151
2024-06-18T00:00:00.000 -2717.123284039550 5821.970146319140 2225.266726778050 -5.36539313186650 -0.41926193673420 -5.44666590548205
2024-06-18T00:04:00.000 -3890.468312685060 5511.056277041000 852.906811858966 -4.35275382900385 -2.15602520837785 -5.91974548801045
2024-06-18T00:08:00.000 -4781.044879726310 4799.602030187750 -581.615557557468 -3.02340605997613 -3.73661652681245 -5.96145226791926
2024-06-18T00:12:00.000 -5324.089085664430 3739.270191514030 -1973.740761030300 -1.47442150769235 -5.04551410713310 -5.56862179629064
2024-06-18T00:16:00.000 -5480.228148010160 2407.195952123230 -3222.027956940990 0.18105058192271 -5.98731806637209 -4.77021572113340
2024-06-18T00:20:00.000 -5238.317413361120 900.267114610767 -4235.625298709120 1.82242175945874 -6.49382825000589 -3.62491001399244
2024-06-18T00:24:00.000 -4616.140753185780 -672.026233815607 -4940.875239697900 3.33069472793429 -6.52879121610828 -2.21636011751603
2024-06-18T00:28:00.000 -3658.991718966220 -2195.562331537600 -5286.569938281480 4.59695991684139 -6.09000805148845 -0.64683832759646
2024-06-18T00:32:00.000 -2436.332759775390 -3559.776695000750 -5247.558078318450 5.52986377497128 -5.20911912916799 0.97006882878142
2024-06-18T00:36:00.000 -1036.810982044020 -4665.554313747180 -4826.513619536520 6.06179720247449 -3.94932878729859 2.51741910571274
2024-06-18T00:40:00.000 438.031915506751 -5432.322997065940 -4053.785666439150 6.15357041808244 -2.40112078221006 3.88282805524139
2024-06-18T00:44:00.000 1880.994110712260 -5803.932040461040 -2985.355727293910 5.79757684797556 -0.67636812175930 4.96640701758769
2024-06-18T00:48:00.000 3186.963397269150 -5752.884989700610 -1698.923344859590 5.01882278010737 1.09940697959739 5.68820748611682
2024-06-18T00:52:00.000 4260.649387464770 -5282.560918347130 -288.333022445005 3.87374802313512 2.79606657084597 5.99458912122081
2024-06-18T00:56:00.000 5023.711191268800 -4427.115649773950 1143.334764861790 2.44624745609970 4.28894933508981 5.86276234875209
2024-06-18T01:00:00.000 5420.617184029980 -3248.994956731390 2491.443506266380 0.84129566707440 5.46850307311065 5.30264359901692
2024-06-18T01:04:00.000 5422.758501381290 -1834.254100098110 3657.611554900920 -0.82323041064176 6.24881890705180 4.35606174832008
2024-06-18T01:08:00.000 5030.438883278030 -286.071429189075 4556.980860906960 -2.42579588698149 6.57390713823125 3.09309328834951
2024-06-18T01:12:00.000 4272.657241806690 1282.912889859300 5124.360795910460 -3.85030691145990 6.42130376202085 1.60644796774640
2024-06-18T01:16:00.000 3204.790616231150 2758.812450718710 5318.809335998590 -4.99426957952671 5.80303768792539 0.00423301685177
2024-06-18T01:20:00.000 1904.484621225420 4034.644475370470 5126.414536341290 -5.77563361653980 4.76419149143630 -1.59770666824787
2024-06-18T01:24:00.000 466.072771833305 5017.903790399610 4561.214730809290 -6.13817299644668 3.37967387647978 -3.08361268747491
2024-06-18T01:28:00.000 -1006.135826882650 5637.167211877550 3664.215066528510 -6.05550084486343 1.74924881503533 -4.34586298532781
2024-06-18T01:32:00.000 -2405.303108832320 5847.263728327110 2500.504873264010 -5.53309526084315 -0.00933163642418 -5.29256098738672
2024-06-18T01:36:00.000 -3629.752909795850 5632.647572494750 1154.662438799230 -4.60833119745958 -1.76839205698984 -5.85424212942814
2024-06-18T01:40:00.000 -4590.409907669050 5008.688047537740 -275.326013135419 -3.34825244283310 -3.39960145760938 -5.98941244305400
2024-06-18T01:44:00.000 -5217.395598579620 4020.655821613290 -1685.241514197650 -1.84479608741540 -4.78371593603355 -5.68799752864121
2024-06-18T01:48:00.000 -5465.205545552000 2740.419603609110 -2972.334704928630 -0.20782722073457 -5.81976110399916 -4.97223042867544
2024-06-18T01:52:00.000 -5316.017107022070 1261.109936676580 -4042.905363431510 1.44331995665050 -6.43261054231718 -3.89475751040780
2024-06-18T01:56:00.000 -4780.886260079000 -309.765412905791 -4819.131907192940 2.98881494868550 -6.57824903697199 -2.53437831027752
2024-06-18T02:00:00.000 -3898.815043457240 -1858.169111024900 -5244.650955509170 4.31698159165232 -6.24652957690686 -0.98998228963630
2024-06-18T02:04:00.000 -2733.844221350250 -3271.745428708520 -5288.530607059530 5.33203242525552 -5.46146325463527 0.62665169529041
2024-06-18T02:08:00.000 -1370.440388730830 -4447.829916513960 -4947.442059985500 5.96049632291699 -4.27934286071597 2.19858431547678
2024-06-18T02:12:00.000 92.503226085312 -5300.794969151040 -4245.938113080310 6.15636025505683 -2.78505042805706 3.61178031666056
2024-06-18T02:16:00.000 1548.705041892430 -5768.258860046260 -3234.790146156930 5.90447675828183 -1.08635292024980 4.76305840505472
2024-06-18T02:20:00.000 2892.136707526860 -5815.751099422690 -1987.474471693390 5.22222016984560 0.69328304095379 5.56762289880491
2024-06-18T02:24:00.000 4024.801042774350 -5439.433801497890 -594.926083016358 4.15880545457666 2.42363618005781 5.96576301215335
2024-06-18T02:28:00.000 4864.031429767680 -4666.554058178010 841.116198018258 2.79200732604203 3.97757236681834 5.92780543829307
2024-06-18T02:32:00.000 5348.695773726140 -3553.501913777460 2215.678389772170 1.22234678409205 5.24096631388895 5.45666189411674
2024-06-18T02:36:00.000 5443.741503209730 -2181.588132024390 3428.398231513230 -0.43482155408529 6.12160715243213 4.58755936328653
2024-06-18T02:40:00.000 5142.680807445340 -650.917349214225 4390.964549432440 -2.05835279400652 6.55601719175454 3.38497699247998
2024-06-18T02:44:00.000 4467.888935740340 927.070766282247 5033.539350752420 -3.53034319751409 6.51372693408100 1.93736241785890
2024-06-18T02:48:00.000 3468.772901113790 2437.776558597760 5309.709784290740 -4.74475785848803 5.99888258578243 0.35020607369664
2024-06-18T02:52:00.000 2218.047072772510 3771.671665726930 5199.661504233900 -5.61447719471840 5.04928877405551 -1.26160949663029
2024-06-18T02:56:00.000 806.471132831238 4832.070387724750 4711.490186388890 -6.07706577750585 3.73350979036314 -2.78172309464909
2024-06-18T03:00:00.000 -663.600084045740 5541.983798872100 3880.608988292090 -6.09890999999274 2.14624570926069 -4.10012712818795
2024-06-18T03:04:00.000 -2085.496363664530 5849.687297546390 2767.296897449640 -5.67796139811786 0.40211336340947 -5.12089606701679
2024-06-18T03:08:00.000 -3355.917893991060 5732.558751066320 1452.442491824430 -4.84423674739367 -1.37241367246938 -5.76927478841554
2024-06-18T03:12:00.000 -4382.462734453030 5198.862504709130 31.746097036629 -3.65805280833685 -3.04799955813558 -5.99743027499374
2024-06-18T03:16:00.000 -5090.450187103940 4287.274723243970 -1391.264815281780 -2.20586462205253 -4.50218765888926 -5.78843323015039
2024-06-18T03:20:00.000 -5428.454029550740 3064.083859221650 -2712.874953528190 -0.59377543931465 -5.62880208687662 -5.15765103182513
2024-06-18T03:24:00.000 -5372.075958123220 1618.283958343080 -3836.837530496680 1.06056069705571 -6.34600286284332 -4.15153517077307
2024-06-18T03:28:00.000 -4925.636461099910 54.976481902673 -4681.422816729560 2.63696144813519 -6.60215723713218 -2.84377938810523
2024-06-18T03:32:00.000 -4121.726518448630 -1512.327202197200 -5185.296407505300 4.02143762085320 -6.37915985728212 -1.32956731269843
2024-06-18T03:36:00.000 -3018.745336749040 -2969.898781933880 -5311.853741789880 5.11413093922726 -5.69325448427932 0.28143316779320
2024-06-18T03:40:00.000 -1696.673517485140 -4211.915974946940 -5051.787102308750 5.83608131729768 -4.59367450486088 1.87274011734374
2024-06-18T03:44:00.000 -251.384129974034 -5148.010319198390 -4423.764850613580 6.13457617602441 -3.15927114314432 3.32902121969525
2024-06-18T03:48:00.000 1212.160080623250 -5709.802655627650 -3473.200531863300 5.98711848197248 -1.49341215285033 4.54407109801181
2024-06-18T03:52:00.000 2587.452478869550 -5855.974233060470 -2269.117818903520 5.40348464530635 0.28306557229221 5.42858049367598
2024-06-18T03:56:00.000 3774.208697140350 -5575.468945390300 -899.246508604101 4.42554575592990 2.04034825402073 5.91701442850739
2024-06-18T04:00:00.000 4685.813152471270 -4888.493856575690 536.364677276131 3.12465989057290 3.64940453147219 5.97297924611063
2024-06-18T04:04:00.000 5255.811291070810 -3845.127445047010 1932.767513910980 1.59641740077640 4.99197388813849 5.59234211965136
2024-06-18T04:08:00.000 5442.876456362370 -2521.594810408050 3187.961187298080 -0.04677485905944 5.96986080286667 4.80361839514870
2024-06-18T04:12:00.000 5233.791005167240 -1014.513706128840 4210.481143523890 -1.68461560647493 6.51234368744048 3.66544889424660
2024-06-18T04:16:00.000 4644.242330763480 566.334302619783 4926.076164099920 -3.19801558740321 6.58103301412890 2.26165363924387
2024-06-18T04:20:00.000 3717.486360843430 2106.076035915800 5282.997675022180 -4.47771728709874 6.17204299884724 0.69475715038099
2024-06-18T04:24:00.000 2521.044976169860 3493.040442580130 5255.588207557730 -5.43186805208157 5.31568679633980 -0.92167128892015
2024-06-18T04:28:00.000 1141.784356072450 4626.702853755480 4845.985339227580 -5.99202278649995 4.07396615448094 -2.47088521400753
2024-06-18T04:32:00.000 -320.287823871290 5424.808863613030 4083.930975333310 -6.11773408011809 2.53626952974161 -3.84091932387047
2024-06-18T04:36:00.000 -1759.120326457870 5829.263128436490 3024.691750635530 -5.79942780637822 0.81343343389950 -4.93226689626257
2024-06-18T04:40:00.000 -3070.208269589080 5810.419786543890 1745.194787810780 -5.05959599083121 -0.96969849012820 -5.66508405680904
2024-06-18T04:44:00.000 -4158.203377597330 5369.385870114930 338.533763918649 -3.95164438739878 -2.68326703732867 -5.98538992650282
2024-06-18T04:48:00.000 -4943.944363529900 4538.069178327070 -1092.804271733280 -2.55624495973584 -4.20209547905452 -5.86943107861169
2024-06-18T04:52:00.000 -5370.326154444410 3376.896229218400 -2444.486247637660 -0.97536145283578 -5.41523769005008 -5.32569853700645
2024-06-18T04:56:00.000 -5406.499351165810 1970.350267235750 -3618.046192184080 0.67559720627155 -6.23442180576026 -4.39425035385051
2024-06-18T05:00:00.000 -5050.052569120180 420.711588222237 -4528.114526989270 2.27653847159051 -6.60050149235888 -3.14341933438868
2024-06-18T05:04:00.000 -4327.066151753900 -1159.467672297950 -5108.587113675720 3.71158101480542 -6.48745059735221 -1.66437219759608
2024-06-18T05:08:00.000 -3290.098865603040 -2655.515154472610 -5317.309973582170 4.87720944871627 -5.90365758992231 -0.06431769155882
2024-06-18T05:12:00.000 -2014.359823278510 -3958.836663082970 -5139.032489260530 5.68925261124065 -4.89106313660201 1.54105366078815
2024-06-18T05:16:00.000 -592.349135552120 -4974.659732331270 -4586.499979935180 6.08863462511745 -3.52226540682608 3.03547701186947
2024-06-18T05:20:00.000 872.706820787697 -5628.853323114880 -3699.623626755780 6.04560960944976 -1.89573498448157 4.31016220573836
2024-06-18T05:24:00.000 2274.230974168730 -5873.390568563800 -2542.745085093850 5.56227292546608 -0.12930581066642 5.27155845586983
2024-06-18T05:28:00.000 3510.052440127790 -5690.039002623320 -1200.108996416040 4.67313730839907 1.64808858902057 5.84848802887113
2024-06-18T05:32:00.000 4489.985662171320 -5091.885569772550 230.252722540337 3.44297037465050 3.30605124255930 5.99803310527310
2024-06-18T05:36:00.000 5142.568884958260 -4122.485779114610 1643.779680003550 1.96206574802393 4.72272897430100 5.70909397289496
2024-06-18T05:40:00.000 5420.404203435890 -2852.651032382070 2937.189836417610 0.33934146968399 5.79433845555673 5.00334468555508
2024-06-18T05:44:00.000 5303.622989363330 -1375.113554493660 4016.173756132820 -1.30622572880911 6.44312923908599 3.93333953412595
2024-06-18T05:48:00.000 4801.198216445510 202.435537002830 4802.316744008980 -2.85477988174044 6.62288207239304 2.57806094917111
2024-06-18T05:52:00.000 3950.087943344440 1765.302235886240 5238.716798786080 -4.19436748516359 6.32169859487778 1.03663491334941
2024-06-18T05:56:00.000 2812.379456167970 3200.098659106270 5293.949060857950 -5.22872595505280 5.56220267438213 -0.57903624577571
2024-06-18T06:00:00.000 1470.724079361580 4402.829923375820 4964.187890309190 -5.88368303118641 4.39954786456835 -2.15220462374477
2024-06-18T06:04:00.000 22.420219317385 5286.269343885430 4273.411910794720 -6.11205369326464 2.91751507632757 -3.56922426770828
2024-06-18T06:08:00.000 -1427.502213469290 5786.183407723770 3271.720022124860 -5.89699944488429 1.22285002203048 -4.72734346449670
2024-06-18T06:12:00.000 -2773.784078588050 5866.015847983860 2031.831567003580 -5.25354662972827 -0.56184923752167 -5.54198767202227
2024-06-18T06:16:00.000 -3918.554389969310 5519.681122407420 643.915052549810 -4.22792151757721 -2.30680395659151 -5.95325307604971
2024-06-18T06:20:00.000 -4778.516565918030 4772.160715912640 -790.931640328015 -2.89469003595294 -3.88453813734456 -5.93062609191408
2024-06-18T06:24:00.000 -5291.147135281370 3677.760334488150 -2168.118107282760 -1.35124694996686 -5.17975494410414 -5.47572714459115
2024-06-18T06:28:00.000 -5419.298101869600 2316.102693648610 -3387.303169135780 0.28968461947527 -6.09810520653780 -4.62209012283277
2024-06-18T06:32:00.000 -5153.862942084140 786.220791246713 -4359.772436479020 1.90863894150446 -6.57316376675913 -3.43239969231340
2024-06-18T06:36:00.000 -4514.321239201390 -800.741923285807 -5014.866993228570 3.38831826071890 -6.57095606929728 -1.99345374482006
2024-06-18T06:40:00.000 -3547.205907489470 -2329.602866762490 -5305.018024827220 4.62190268751888 -6.09194514618431 -0.40968777924469
2024-06-18T06:44:00.000 -2322.679180899240 -3689.404240312440 -5209.087953048980 5.52039554166410 -5.17060458650254 1.20436489367727
2024-06-18T06:48:00.000 -929.517420260920 -4781.316316461120 -4733.859927158540 6.01857349358840 -3.87296976541483 2.73189432880918
2024-06-18T06:52:00.000 531.182404443539 -5525.730994268350 -3913.622222071980 6.07963377082988 -2.29230756747631 4.06183693621928
2024-06-18T06:56:00.000 1953.217442711440 -5868.090973917720 -2807.834740120650 5.69816591978344 -0.54292590736895 5.09677560566611
2024-06-18T07:00:00.000 3232.971733702220 -5783.023254448730 -1496.959634431280 4.90110646820476 1.24773253000040 5.76025611265464
2024-06-18T07:04:00.000 4277.051727998560 -5276.399909487660 -76.664436521088 3.74625934472285 2.94834341682920 6.00289438311908
2024-06-18T07:08:00.000 5009.281887844740 -4385.069908452150 1349.229736418720 2.31841848128226 4.43384960291671 5.80664123668238
2024-06-18T07:12:00.000 5376.426021190650 -3174.134429482170 2676.513773829420 0.72264430480850 5.59539549677855 5.18631754735155
2024-06-18T07:16:00.000 5352.070760791580 -1732.036929680270 3808.361397699740 -0.92403246716883 6.34850989222664 4.18816132982488
2024-06-18T07:20:00.000 4938.444325064960 -163.934973716002 4662.450627170860 -2.50148257339698 6.63920383607602 2.88597603444747
2024-06-18T07:24:00.000 4166.076315446850 1416.097872971060 5176.905024223960 -3.89544301856346 6.44752645641846 1.37520869610115
2024-06-18T07:28:00.000 3091.387691730860 2893.385132264310 5314.629725367470 -5.00564588558127 5.78830498445925 -0.23434957743067
2024-06-18T07:32:00.000 1792.506150567920 4160.842761525140 5065.829322954340 -5.75246770950044 4.70956382845967 -1.82630470975999
2024-06-18T07:36:00.000 363.650264082327 5126.572157770190 4448.636501092480 -6.08219735778799 3.28909894355191 -3.28566023119570
2024-06-18T07:40:00.000 -1091.572030432300 5720.407243714050 3507.820898721330 -5.97077791227127 1.62918694500957 -4.50671262956177
2024-06-18T07:44:00.000 -2467.548176596030 5898.998968490100 2311.667262033990 -5.42573571108878 -0.15019839172586 -5.40040530429840
2024-06-18T07:48:00.000 -3664.285020025360 5649.097099694230 947.136352409755 -4.48616539309210 -1.91977538403612 -5.90118223558664
2024-06-18T07:52:00.000 -4594.728356711180 4988.642562970530 -486.418542763413 -3.22017814018610 -3.55048164752955 -5.97200122035095
2024-06-18T07:56:00.000 -5191.204092553050 3965.568544769410 -1884.509365586250 -1.72018918737003 -4.92305621270669 -5.60748122516021
2024-06-18T08:00:00.000 -5410.443171877950 2654.303808392910 -3145.256152664820 -0.09579981106669 -5.93741379119995 -4.83454785427825
2024-06-18T08:04:00.000 -5236.705651463280 1150.231327330650 -4176.896371053140 1.53463064632687 -6.52006926993726 -3.71001122039457
2024-06-18T08:08:00.000 -4682.819027021140 -437.356002176894 -4904.453909144970 3.05286573613682 -6.62921238393831 -2.31602249741836
2024-06-18T08:12:00.000 -3789.124051197360 -1993.214333689520 -5275.099241812030 4.34921676547079 -6.25730274987033 -0.75383069185685
2024-06-18T08:16:00.000 -2620.487712233960 -3404.439768264850 -5261.870746656440 5.33016669118283 -5.43120539442110 0.86351002897011
2024-06-18T08:20:00.000 -1261.631838893730 -4568.517727762640 -4865.571904557030 5.92468841019253 -4.21012672945049 2.41901492278165
2024-06-18T08:24:00.000 188.872964793718 -5400.654918794440 -4114.758186626830 6.08912003950860 -2.68173919581716 3.79973834256532
2024-06-18T08:28:00.000 1625.621465367380 -5839.955659459410 -3063.808027291390 5.81058134429374 -0.95639995484167 4.90473363836850
2024-06-18T08:32:00.000 2943.978386123800 -5853.993349471360 -1789.132810064590 5.10843110482916 0.84039855635176 5.65251504617570
2024-06-18T08:36:00.000 4047.766674459080 -5441.385746752160 -383.704782034448 4.03344933471749 2.57706493779720 5.98752856810310
2024-06-18T08:40:00.000 4856.443792665830 -4632.057756192970 1049.774782515270 2.66432952627906 4.12599888130680 5.88481245569674
2024-06-18T08:44:00.000 5311.133455135040 -3485.089433124670 2406.519052259430 1.10179469195221 5.37342343804286 5.35210924174791
2024-06-18T08:48:00.000 5379.006365300350 -2084.285061366410 3587.503019324550 -0.53931705889982 6.22845601111886 4.42930471473668
2024-06-18T08:52:00.000 5055.570985585120 -531.826568265205 4506.782015660990 -2.13919085963571 6.62966395318139 3.18473249427891
2024-06-18T08:56:00.000 4364.805130733360 1059.307897112050 5097.695207521550 -3.58183837252047 6.54897281319378 1.70970794732892
2024-06-18T09:00:00.000 3357.235326751890 2573.580909449280 5317.575369677660 -4.76329964559395 5.99318080059702 0.11162702953219
2024-06-18T09:04:00.000 2106.165278163350 3901.202903571680 5150.682701117630 -5.59879341756872 5.00301962164015 -1.49386410648624
2024-06-18T09:08:00.000 702.371705288796 4945.927863584070 4609.223249969640 -6.02829079428883 3.64995263883485 -2.99082766681594
2024-06-18T09:12:00.000 -752.354124966809 5631.887550582640 3732.477676721830 -6.02058761275032 2.03138826518329 -4.27088873458861
2024-06-18T09:16:00.000 -2152.454725247780 5909.073888607800 2584.065816266960 -5.57575020276934 0.26420948065938 -5.24082467199880
2024-06-18T09:20:00.000 -3396.204137379940 5757.077852821590 1247.455097226080 -4.72554225407599 -1.52327964322289 -5.82952702838923
2024-06-18T09:24:00.000 -4393.146040384520 5186.721128336000 -180.052226387400 -3.53157900684899 -3.20076181840616 -5.99359317063482
2024-06-18T09:28:00.000 -5070.772462420820 4239.360573359540 -1594.435084315060 -2.08088553184876 -4.64570585072325 -5.72081341438582
2024-06-18T09:32:00.000 -5379.881889021060 2983.892460576870 -2892.617422164290 -0.47943995193651 -5.75262287338972 -5.03125128984300
2024-06-18T09:36:00.000 -5298.183700975820 1511.655361016800 -3980.081255574400 1.15594021211506 -6.44115706094628 -3.97565216163030
2024-06-18T09:40:00.000 -4831.833306520880 -70.340241245351 -4777.772660528010 2.70651057983240 -6.66180009459398 -2.63126782489663
2024-06-18T09:44:00.000 -4014.848837795290 -1647.240503222870 -5227.770627547400 4.06018929803866 -6.39900329629255 -1.09584609669618
2024-06-18T09:48:00.000 -2906.562406860730 -3104.624539238600 -5297.374013987170 5.11932574519949 -5.67185046277505 0.51944880509090
2024-06-18T09:52:00.000 -1587.332478326600 -4336.674456879160 -4981.396886283580 5.80734845099979 -4.53250985379767 2.09780339595300
2024-06-18T09:56:00.000 -152.825421102089 -5253.725014508020 -4302.567816743460 6.07399974645271 -3.06268432909020 3.52475702306163
2024-06-18T10:00:00.000 1292.772900052390 -5788.755400880860 -3310.005872473880 5.89904480180946 -1.36833825623575 4.69615860395161
2024-06-18T10:04:00.000 2644.244828526710 -5902.385298951610 -2075.817523112710 5.29426514382998 0.42750492307141 5.52581506980236
2024-06-18T10:08:00.000 3803.035271776510 -5585.941830440030 -689.958565656254 4.30315152093583 2.19353761897875 5.95217489605471
2024-06-18T10:12:00.000 4684.582066758610 -4862.282395775630 746.332972913107 2.99813518574666 3.80002764933255 5.94346188497743
2024-06-18T10:16:00.000 5224.658469205910 -3784.186306605000 2128.068550971500 1.47513569015803 5.12899553869736 5.50040521212841
2024-06-18T10:20:00.000 5384.146178310760 -2430.413580112490 3354.349848703020 -0.15389047265637 6.08331156521491 4.65612850977858
2024-06-18T10:24:00.000 5151.847687192210 -899.768653789139 4335.863324636750 -1.76976700749995 6.59408862726973 3.47333547911501
2024-06-18T10:28:00.000 4545.126203787980 696.293206822976 5001.381053761180 -3.25513812707516 6.62533480977477 2.03900802419612
2024-06-18T10:32:00.000 3608.435840791810 2241.837284988730 5302.797468380770 -4.50291033076415 6.17579666435564 0.45764888227005
2024-06-18T10:36:00.000 2409.973258144800 3624.771648204860 5218.449017405510 -5.42342674109177 5.27853062406365 -1.15618399482752
2024-06-18T10:40:00.000 1036.736027365380 4744.833687996850 4754.575966853060 -5.95056873808572 3.99844696173524 -2.68588333866753
2024-06-18T10:44:00.000 -411.694351735188 5520.715961034130 3944.845437654020 -6.04617901968913 2.42770388187681 -4.02078139072806
2024-06-18T10:48:00.000 -1830.231986821130 5895.911642667900 2848.005469903750 -5.70287745551932 0.67965606472708 -5.06381581627639
2024-06-18T10:52:00.000 -3115.826681165950 5842.894137614980 1543.744225910960 -4.94499380938282 -1.11895323028985 -5.73861855084152
2024-06-18T10:56:00.000 -4174.976854646970 5365.271963368010 126.991324216028 -3.82735442165606 -2.83702728290311 -5.99543099448322
2024-06-18T11:00:00.000 -4930.634759720970 4497.645752102380 -1299.017285180890 -2.43138809099480 -4.34904991307893 -5.81526062619292
2024-06-18T11:04:00.000 -5327.901715061090 3303.106434991530 -2630.350123751520 -0.85908453229439 -5.54463130700363 -5.21134500790187
2024-06-18T11:08:00.000 -5338.059316742710 1868.572297039760 -3770.045000894780 0.77478668748202 -6.33684716609800 -4.22813452943187
2024-06-18T11:12:00.000 -4960.594384026530 298.349075436292 -4635.217552926240 2.35143957872337 -6.66857705741057 -2.93769484989358
2024-06-18T11:16:00.000 -4223.106404518200 -1293.529297665320 -5163.038637530660 3.75679528011425 -6.51628240586347 -1.43400787530872
2024-06-18T11:20:00.000 -3179.198045275230 -2791.552115158940 -5315.176710178180 4.88949090804045 -5.89118618374874 0.17399188972346
2024-06-18T11:24:00.000 -1904.574750130060 -4086.982624260830 -5080.480372222190 5.66773225608592 -4.83816875028252 1.77004285486399
2024-06-18T11:28:00.000 -491.655066229865 -5085.609212145310 -4475.783943304270 6.03484833213789 -3.43271570764913 3.23853028172626
2024-06-18T11:32:00.000 956.983087883317 -5714.532938156370 -3544.797980908280 5.96341113124253 -1.77598572552099 4.47241723226675
2024-06-18T11:36:00.000 2335.951398136970 -5927.560738934810 -2355.105601030430 5.45766111047915 0.01191310763167 5.38106544694850
2024-06-18T11:40:00.000 3544.727906679820 -5708.762430251860 -993.365104238192 4.55375603319908 1.80043858324783 5.89720176599515
2024-06-18T11:44:00.000 4495.104101855280 -5073.827259387860 440.986497905404 3.31756829204616 3.45831529538424 5.98236195187726
2024-06-18T11:48:00.000 5117.797453628180 -4069.022674645580 1843.098255916310 1.83993956482832 4.86369087176463 5.63024542359078
2024-06-18T11:52:00.000 5367.627864135490 -2767.751633922350 3110.553135908720 0.22952998793094 5.91376736971484 4.86725768028868
2024-06-18T11:56:00.000 5226.781674468030 -1265.009885377630 4150.979058737170 -1.39574224458240 6.53247601762326 3.75009831394757
2024-06-18T12:00:00.000 4705.968552383800 329.713816883180 4888.802890838990 -2.91758944804311 6.67581462490446 2.36110920600937
2024-06-18T12:04:00.000 3843.447997079280 1900.519223528840 5270.649745245190 -4.22611086232342 6.33453969118905 0.80173436585640
2024-06-18T12:08:00.000 2702.076725275120 3333.466478811000 5269.035508764010 -5.22734909516929 5.53402504965085 -0.81501152641479
2024-06-18T12:12:00.000 1364.732452938240 4524.669569762340 4884.210029743310 -5.84934567792451 4.33220274941789 -2.37232299321248
2024-06-18T12:16:00.000 -71.594478784045 5387.685959130040 4144.119219081270 -6.04717001396750 2.81566606779897 -3.75755859262748
2024-06-18T12:20:00.000 -1502.714087002910 5859.718173378920 3102.448478358870 -5.80612421805521 1.09375975042948 -4.87011584680422
2024-06-18T12:24:00.000 -2824.694058643260 5906.219157536160 1834.852587352950 -5.14312154452493 -0.70881238261602 -5.62866350069486
2024-06-18T12:28:00.000 -3941.405301506370 5523.542965227350 433.560754923397 -4.10596251374098 -2.46080788136027 -5.97733926111229
2024-06-18T12:32:00.000 -4771.601754637230 4739.351857903150 -999.329534826525 -2.77012385517171 -4.03423158332054 -5.89033949612857
2024-06-18T12:36:00.000 -5254.940457583840 3610.650865577810 -2359.374797271300 -1.23321439056231 -5.31414982926514 -5.37405582075411
2024-06-18T12:40:00.000 -5356.420078477020 2219.570515935560 -3547.498156112440 0.39255164139695 -6.20740580170902 -4.46650689613361
2024-06-18T12:44:00.000 -5068.879717208390 667.283028354132 -4477.260626533580 1.98885850980950 -6.64943802258440 -3.23427464473887
2024-06-18T12:48:00.000 -4413.404245520650 -933.443752304373 -5081.120679242790 3.44007706750915 -6.60868921994600 -1.76723051681522
2024-06-18T12:52:00.000 -3437.678086201890 -2466.433060220830 -5315.235358859670 4.64146189046199 -6.08840514843120 -0.17178608067551
2024-06-18T12:56:00.000 -2212.487679062790 -3820.427769906830 -5162.532530071070 5.50633390797979 -5.12604592229054 1.43669201017857
2024-06-18T13:00:00.000 -826.659156302035 -4897.013648449350 -4633.912588717010 5.97189213535468 -3.79057941287343 2.94178449746375
2024-06-18T13:04:00.000 619.235658877651 -5617.680664132840 -3767.545276132490 6.00368100499165 -2.17799280962472 4.23400261837788
2024-06-18T13:08:00.000 2020.053870457800 -5929.580717011060 -2626.262480185020 5.59837896705763 -0.40496725295383 5.21856822411283
2024-06-18T13:12:00.000 3273.709057030470 -5809.568018043680 -1293.147225472150 4.78474732267854 1.39916947877406 5.82264075041581
2024-06-18T13:16:00.000 4288.729374092200 -5266.092926359620 134.486679910437 3.62195558059885 3.10212407351621 6.00129473024915
2024-06-18T13:20:00.000 4991.086087356670 -4338.702234193560 1552.287129300930 2.19530871768646 4.57872743261614 5.74122019862658
2024-06-18T13:24:00.000 5329.735751890960 -3095.137827184100 2856.653296871510 0.60977027227201 5.72075651745893 5.06195187943386
2024-06-18T13:28:00.000 5280.362135773310 -1626.223465309180 3952.465410712380 -1.01836301601829 6.44528281428625 4.01410199284098
2024-06-18T13:32:00.000 4847.019670693390 -39.034085648383 4760.069018241600 -2.57047993664465 6.70055544887683 2.67502431970530
2024-06-18T13:36:00.000 4061.636528540980 1551.011872565250 5220.980092062260 -3.93427117395000 6.46912325369041 1.14268196043314
2024-06-18T13:40:00.000 2981.536279622350 3028.531996581570 5301.984872330350 -5.01167927307267 5.76863694406006 -0.47162888674959
2024-06-18T13:44:00.000 1685.190702466790 4286.421331187750 4997.376843479460 -5.72544655460538 4.64994576116662 -2.05128986309208
2024-06-18T13:48:00.000 266.613675420492 5233.428427210550 4329.296838792300 -6.02406039160161 3.19360328608525 -3.48215963833921
2024-06-18T13:52:00.000 -1171.304664082270 5800.690729927560 3346.199381320120 -5.88556720233820 1.50458590303992 -4.66039769297165
2024-06-18T13:56:00.000 -2524.166051698880 5946.768236580310 2119.461483811560 -5.31947133763023 -0.29490015446620 -5.50000573593182
2024-06-18T14:00:00.000 -3693.619383969910 5660.771883280330 738.304014612391 -4.36644354248002 -2.07399896524865 -5.93925313714898
2024-06-18T14:04:00.000 -4594.581047631640 4963.301969778810 -696.664464544640 -3.09573683942060 -3.70279813945661 -5.94563934702534
2024-06-18T14:08:00.000 -5161.537708483700 3905.028250946540 -2080.847286761400 -1.60014790457053 -5.06226906579462 -5.51865342050004
2024-06-18T14:12:00.000 -5353.381747759570 2562.957662165980 -3313.386508484020 0.01104960922276 -6.05334840889884 -4.68975858084298
2024-06-18T14:16:00.000 -5156.376498935000 1034.717607482970 -4304.583829124080 1.62049688202453 -6.60430543416580 -3.51983867413586
2024-06-18T14:20:00.000 -4585.041536141010 -568.645628321956 -4982.411276923430 3.11151927445655 -6.67564434408718 -2.09430597702290
2024-06-18T14:24:00.000 -3680.979505600600 -2130.744007651250 -5297.652745732680 4.37643571254325 -6.26254655955720 -0.51665975076108
2024-06-18T14:28:00.000 -2509.803013586510 -3538.209970063570 -5227.363963769620 5.32397948722103 -5.39481060530612 1.09894568402373
2024-06-18T14:32:00.000 -1156.424266521610 -4688.784887010300 -4776.487571573960 5.88550521691906 -4.13466942426360 2.63561879444378
2024-06-18T14:36:00.000 280.973168202805 -5498.638314544160 -3977.545684041430 6.01972793845443 -2.57261647089954 3.98174999166674
2024-06-18T14:40:00.000 1697.916371110370 -5908.473706352670 -2888.427385849930 5.71592033033272 -0.82147366574779 5.03881895387416
2024-06-18T14:44:00.000 2991.188713285220 -5888.001338587570 -1588.356463002940 4.99532492787277 0.99128809042334 5.72873618566757
2024-06-18T14:48:00.000 4066.431321599430 -5438.370047534560 -172.196846403357 3.91014369227336 2.73278402337278 6.00017482423899
2024-06-18T14:52:00.000 4845.199237145790 -4592.245135932760 1256.547086274570 2.53994811451931 4.27502349190640 5.83296037793096
2024-06-18T14:56:00.000 5270.832181172690 -3411.412082709170 2593.452732346360 0.98552229832883 5.50488936434806 5.23966920353940
2024-06-18T15:00:00.000 5312.630740367960 -1982.135788679490 3740.967706890170 -0.63899547324819 6.33280407297130 4.26456515779880
2024-06-18T15:04:00.000 4968.005368618050 -408.667524128032 4615.615869228920 -2.21502430933184 6.69934342025224 2.97984575706164
2024-06-18T15:08:00.000 4262.464904223590 1194.508874598950 5154.016933897310 -3.62839873126523 6.57905750170539 1.47966445755036
2024-06-18T15:12:00.000 3247.580350984760 2711.013426628450 5317.321972560260 -4.77734535230311 5.98158341969855 -0.12693241106043
2024-06-18T15:16:00.000 1997.154519710550 4030.902568113540 5093.878142969680 -5.57943353730331 4.95055580727681 -1.72370504565677
2024-06-18T15:20:00.000 601.890477248701 5058.470977973470 4499.977714042160 -5.97700671825338 3.56028445798206 -3.19533736998356
2024-06-18T15:24:00.000 -837.043531738344 5719.055996475810 3578.699562015140 -5.94105656199050 1.91086493076652 -4.43522062282931
2024-06-18T15:28:00.000 -2215.212142141380 5964.462019600940 2396.904701274780 -5.47361216684061 0.12150927409088 -5.35297304736473
2024-06-18T15:32:00.000 -3432.454832225320 5776.580660234250 1040.507970436530 -4.60812425420066 -1.67779308244179 -5.88123176575581
2024-06-18T15:36:00.000 -4400.222773598110 5168.851284317310 -391.718443381141 -3.40736100015153 -3.35576097202804 -5.98095360735458
2024-06-18T15:40:00.000 -5048.127649465730 4185.382540702250 -1795.384834150150 -1.95895575448030 -4.78974865199547 -5.64470195348907
2024-06-18T15:44:00.000 -5329.150424000120 2897.725815967550 -3068.200290166950 -0.36875026315220 -5.87518142343937 -4.89727377420700
2024-06-18T15:48:00.000 -5223.054282373930 1399.561772571370 -4117.508053037350 1.24733266092829 -6.53334383157221 -3.79361013955653
2024-06-18T15:52:00.000 -4737.760919559800 -200.222110316108 -4867.038070401090 2.77202797134161 -6.71694903377619 -2.41440895293560
2024-06-18T15:56:00.000 -3908.645216614540 -1785.482275779750 -5262.364304756540 4.09516257978909 -6.41308461031952 -0.85987288010770
2024-06-18T16:00:00.000 -2795.901436870430 -3241.174741693290 -5274.740029369680 5.12127507871323 -5.64372980080401 0.75747764730654
2024-06-18T16:04:00.000 -1480.207558200550 -4461.567371117490 -4903.119758271270 5.77609447413963 -4.46405051197810 2.32063927737551
2024-06-18T16:08:00.000 -56.993315233649 -5357.804094510140 -4174.275952700530 6.01170404078974 -2.95873924519779 3.71615473111585
2024-06-18T16:12:00.000 1370.349901585390 -5864.354649506650 -3140.980660249600 5.81012419510308 -1.23638786992457 4.84211382011375
2024-06-18T16:16:00.000 2697.903192284570 -5943.894119146440 -1878.331607696710 5.18506006009984 0.57790178292960 5.61554760573081
2024-06-18T16:20:00.000 3828.825207440310 -5590.237842373760 -478.402533287237 4.18153554440172 2.35132237685158 5.97894532010812
2024-06-18T16:24:00.000 4680.579919084130 -4828.994151173270 956.501619663846 2.87302177610277 3.95349084806669 5.90519275801090
2024-06-18T16:28:00.000 5191.138311491520 -3715.732830109620 2321.482416571300 1.35580275349836 5.26676249489879 5.39992697165665
2024-06-18T16:32:00.000 5323.572560160790 -2331.802827941850 3516.890272357690 -0.25861153216954 6.19532622671813 4.50092896785985
2024-06-18T16:36:00.000 5068.675845981450 -778.195503037444 4455.700302728990 -1.85222071127036 6.67227473976612 3.27486811159374
2024-06-18T16:40:00.000 4445.449625979060 831.982144031173 5069.822657707200 -3.30939662317976 6.66406889123436 1.81180719624911
2024-06-18T16:44:00.000 3499.532228909730 2381.783266441270 5314.907914229530 -4.52508814174734 6.17234337951376 0.21828969943351
2024-06-18T16:48:00.000 2299.772169780800 3758.830919901200 5173.387760101820 -5.41201117290147 5.23323114902305 -1.39036844196351
2024-06-18T16:52:00.000 933.239985851623 4863.296371139360 4655.636409323330 -5.90645637107655 3.91455730520430 -2.89795085076658
2024-06-18T16:56:00.000 -500.979876420862 5614.991284432180 3799.226150279790 -5.97259070520114 2.31124943517086 -4.19533752749164
2024-06-18T17:00:00.000 -1898.832676862630 5959.149879905990 2666.300149614390 -5.60514465771438 0.53904716114378 -5.18812558495166
2024-06-18T17:04:00.000 -3158.772010960150 5870.497255909230 1339.186603090230 -4.83024057922975 -1.27348799200986 -5.80357249499716
2024-06-18T17:08:00.000 -4189.166329224070 5355.236233899890 -85.511833044288 -3.70393853828471 -2.99423014453737 -5.99627732209925
2024-06-18T17:12:00.000 -4915.065050117490 4450.714446665520 -1503.973399813780 -2.30834208183858 -4.49741903708765 -5.75191060848802
2024-06-18T17:16:00.000 -5283.755012889480 3222.721531609140 -2812.822038068920 -0.74545357711690 -5.67334586914532 -5.08849375872322
2024-06-18T17:20:00.000 -5268.609049902580 1760.602841565270 -3916.759254335160 0.87073914307749 -6.43661687222653 -4.05484146304611
2024-06-18T17:24:00.000 -4870.943108312090 170.647092389416 -4735.523900130040 2.42282413820031 -6.73226159616628 -2.72661491318195
2024-06-18T17:28:00.000 -4119.793890406090 -1431.701215996550 -5209.660015225130 3.79859007856714 -6.53931397031114 -1.20042439765756
2024-06-18T17:32:00.000 -3069.717305766180 -2930.168593040030 -5304.713122204850 4.89879830593155 -5.87181160235791 0.41323674256395
2024-06-18T17:36:00.000 -1796.846274887610 -4215.952865198530 -5013.649821837690 5.64390775254547 -4.77760927161815 1.99766840615612
2024-06-18T17:40:00.000 -393.478322785841 -5195.493028884370 -4357.388091157170 5.97954074173101 -3.33516491437689 3.43798098363844
2024-06-18T17:44:00.000 1038.476446672040 -5797.239641330630 -3383.402221322900 5.88052201969507 -1.64843512231084 4.62909348005118
2024-06-18T17:48:00.000 2394.817812175400 -5976.959788671220 -2162.428471009260 5.35312763138297 0.16023821497720 5.48344918659858
2024-06-18T17:52:00.000 3576.647592725630 -5721.140509736000 -783.436757499303 4.43509140032979 1.95871906265989 5.93766805065013
2024-06-18T17:56:00.000 4497.703118492680 -5048.187542377320 652.839040255890 3.19339103052301 3.61488649166682 5.95781263837698
2024-06-18T18:00:00.000 5090.842871213240 -4007.176106370600 2041.383116422450 1.71935497656405 5.00697195272689 5.54242795897550
2024-06-18T18:04:00.000 5313.057940918810 -2674.185797721400 3280.771657322870 0.12141452153077 6.03317706266277 4.72263993403252
2024-06-18T18:08:00.000 5148.572735381590 -1146.545700534810 4280.706617930210 -1.48340596075899 6.61930174577559 3.55938312655967
2024-06-18T18:12:00.000 4609.827824405700 464.458460571768 4968.600014145050 -2.97846332975593 6.72384548859439 2.13828579381251
2024-06-18T18:16:00.000 3736.366430798360 2041.759603325540 5294.720478473000 -4.25586120733337 6.34030380734913 0.56300088884078
2024-06-18T18:20:00.000 2591.830629935060 3470.943494666000 5235.633488813530 -5.22380898333175 5.49710068413729 -1.05228887531598
2024-06-18T18:24:00.000 1259.325401641930 4648.404908358510 4795.768804244710 -5.81281536960052 4.25530788191137 -2.59092006477940
2024-06-18T18:28:00.000 -164.517447670078 5488.696395011490 4007.063094771920 -5.98029579305536 2.70433996929956 -3.94160449044311
2024-06-18T18:32:00.000 -1576.409719452730 5930.664169828840 2926.740372038640 -5.71373909495308 0.95607636485088 -5.00619216730658
2024-06-18T18:36:00.000 -2873.809594741430 5941.949615684830 1633.279455392090 -5.03192667611340 -0.86278688144836 -5.70680419658966
2024-06-18T18:40:00.000 -3962.379712901010 5521.484832380740 220.803472150595 -3.98408953268053 -2.61980532623008 -5.99182416164999
2024-06-18T18:44:00.000 -4762.938830254700 4699.697839813110 -1207.770084774460 -2.64654951502502 -4.18661364850511 -5.84011049193021
2024-06-18T18:48:00.000 -5217.328653631840 3536.340111297210 -2548.320478302590 -1.11704241329657 -5.44881017677946 -5.26283945300325
2024-06-18T18:52:00.000 -5292.678638168790 2116.058994828120 -3703.215414279060 0.49279335244714 -6.31462348900775 -4.30253497241519
2024-06-18T18:56:00.000 -4983.731494133630 542.118959623949 -4588.464617321330 2.06594077117669 -6.72158438474399 -3.02957311600433
2024-06-18T19:00:00.000 -4313.099771533990 -1071.174675486150 -5139.773316939440 3.48855667931250 -6.64064248278926 -1.53666612315849
2024-06-18T19:04:00.000 -3329.526866894250 -2606.750806156140 -5317.101376138920 4.65800262849489 -6.07786568129179 0.06801619718109
2024-06-18T19:08:00.000 -2104.331190596120 -3953.148013697490 -5107.463619144770 5.48984119647707 -5.07362067029650 1.66847551145723
2024-06-18T19:12:00.000 -726.331565196802 -5012.453437454630 -4525.868304717460 5.92352677616157 -3.69983958197931 3.14876607292383
2024-06-18T19:16:00.000 704.447439809357 -5707.360223593500 -3614.339155491720 5.92682542626095 -2.05535824348167 4.40104517537628
2024-06-18T19:20:00.000 2083.931673467480 -5986.869248722680 -2439.026746539210 5.49853043705746 -0.25932742524746 5.33334626557332
2024-06-18T19:24:00.000 3311.574725151680 -5830.192198746720 -1085.526953056550 4.66914494376936 1.55719720696457 5.87668088965879
2024-06-18T19:28:00.000 4297.788579395140 -5248.454068985350 347.335894245300 3.49896858582010 3.26098650243516 5.99053465096546
2024-06-18T19:32:00.000 4970.641378334940 -4284.012949511660 1754.798994872260 2.07394474371055 4.72670897973593 5.66636307070619
2024-06-18T19:36:00.000 5281.254080145670 -3007.341447759420 3034.012861083550 0.49892997526686 5.84696825995122 4.92850660495307
2024-06-18T19:40:00.000 5207.361704813810 -1511.692402608680 4091.710953094070 -1.11060188983917 6.54049014847225 3.83188402128483
2024-06-18T19:44:00.000 4754.803504195940 93.902876758188 4851.037072658500 -2.63739270729170 6.75780294105290 2.45741235630173
2024-06-18T19:48:00.000 3956.902409826010 1692.694940786480 5257.046613802230 -3.97105697020210 6.48432458640703 0.90556783883670
2024-06-18T19:52:00.000 2871.870980735470 3168.674408177030 5280.513897754600 -5.01573457383345 5.74065882666270 -0.71108017550993
2024-06-18T19:56:00.000 1578.539965094350 4414.833050060540 4919.902897993770 -5.69640966104570 4.58076712294313 -2.27567095244369
2024-06-18T20:00:00.000 170.718062298693 5340.770236413690 4201.435096148110 -5.96402154295681 3.08827069559042 -3.67510657246058
2024-06-18T20:04:00.000 -1249.486501426970 5879.154580628300 3177.238725505680 -5.79888434199071 1.37073601218459 -4.80783912318742
2024-06-18T20:08:00.000 -2578.958132217250 5990.645191905190 1921.693706639820 -5.21242925656764 -0.44750658092633 -5.59114356544768
2024-06-18T20:12:00.000 -3721.049610554570 5666.882325494650 526.136284185211 -4.24687850967854 -2.23417192240373 -5.96737206141423
2024-06-18T20:16:00.000 -4592.689655779980 4931.238305955900 -907.765494834639 -2.97246891192324 -3.85879105837755 -5.90869126044332
2024-06-18T20:20:00.000 -5130.528203784020 3837.174350651250 -2275.501894160730 -1.48225945382486 -5.20270948125639 -5.41940453784077
2024-06-18T20:24:00.000 -5295.595880903280 2464.300989735780 -3477.438692206030 0.11492475681154 -6.16803858869935 -4.53557473366278
2024-06-18T20:28:00.000 -5076.112545464580 912.472433183440 -4426.141559427880 1.70279859137659 -6.68501084168394 -3.32208824740233
2024-06-18T20:32:00.000 -4488.220994684310 -705.587757051457 -5052.701893964260 3.16638269966429 -6.71669509966068 -1.86742791561304
2024-06-18T20:36:00.000 -3574.684550093040 -2272.460423379750 -5311.621933068560 4.40007702619027 -6.26103965325096 -0.27702971831271
2024-06-18T20:40:00.000 -2401.759699507950 -3674.431780455330 -5184.014856394120 5.31483799686729 -5.35078410546736 1.33408523622819
2024-06-18T20:44:00.000 -1054.461490432680 -4809.606815890650 -4678.948635192990 5.84427569107239 -4.05110202928443 2.84931849596306
2024-06-18T20:48:00.000 369.456884058847 -5595.214799785680 -3832.868388706100 5.94929091538841 -2.45534115198432 4.15844736573227
2024-06-18T20:52:00.000 1766.470555129010 -5973.680890916000 -2707.119225626430 5.62127347504653 -0.67893059562962 5.16548387699778
2024-06-18T20:56:00.000 3034.787190551420 -5916.994984493010 -1383.635006970280 4.88327839356321 1.14865176102080 5.79596162064175
2024-06-18T21:00:00.000 4081.863654852440 -5428.972228796560 40.980381787910 3.78892173457981 2.89338067225412 6.00297503671563
2024-06-18T21:04:00.000 4831.324573218140 -4545.096137076540 1462.594729287910 2.41844509428205 4.42707992436821 5.77111115405214
2024-06-18T21:08:00.000 5228.657943502080 -3329.924168977700 2777.308503949260 0.87265042186209 5.63722791449273 5.11773582135331
2024-06-18T21:12:00.000 5245.241763152580 -1872.237628389810 3889.210954778260 -0.73496012421977 6.43578411183644 4.09156092272612
2024-06-18T21:16:00.000 4880.324675054110 -278.343456132439 4717.444493866520 -2.28713526785810 6.76554733526542 2.76842840701079
2024-06-18T21:20:00.000 4160.878653017110 1335.799637192490 5202.016624353020 -3.67147028631906 6.60368691742581 1.24525749545171
2024-06-18T21:24:00.000 3139.468916831800 2853.017926031200 5308.005581987190 -4.78833353328188 5.96286849429519 -0.36724777568220
2024-06-18T21:28:00.000 1890.353403795180 4163.316154633470 5027.921162895060 -5.55758881468915 4.88981835044985 -1.95252591134514
2024-06-18T21:32:00.000 504.143852057392 5171.671649714940 4382.160959620470 -5.92384121823172 3.46189282720354 -3.39604043635138
2024-06-18T21:36:00.000 -918.630076757115 5804.817915564760 3417.579837217290 -5.86037352804665 1.78200397625173 -4.59315910213344
2024-06-18T21:40:00.000 -2274.703213170790 6016.564509839630 2204.205059977990 -5.37129641815365 -0.02840436490271 -5.45657714289216
2024-06-18T21:44:00.000 -3465.532586740140 5791.265419439210 830.268583560637 -4.49168866821646 -1.83777643586031 -5.92289540344988
2024-06-18T21:48:00.000 -4404.512412785580 5145.101505272360 -604.173952251781 -3.28538151175803 -3.51409622937231 -5.95765164419403
2024-06-18T21:52:00.000 -5023.377302798270 4124.993974860390 -1994.582681530040 -1.84043298232543 -4.93487273834588 -5.55821882002539
2024-06-18T21:56:00.000 -5277.248362456120 2805.159452982660 -3239.659810895210 -0.26240180453584 -5.99658446743313 -4.75404274472298
2024-06-18T22:00:00.000 -5147.876685197920 1281.595881598300 -4248.802298746080 1.33377659812238 -6.62234151940264 -3.60418930416910
2024-06-18T22:04:00.000 -4644.861072259760 -334.999072787975 -4948.683288481870 2.83238685449212 -6.76720778031781 -2.19262013877032
2024-06-18T22:08:00.000 -3804.833761485880 -1927.290119969100 -5288.492033229890 4.12521503413671 -6.42107442295529 -0.62181924963795
2024-06-18T22:12:00.000 -2688.737907367050 -3379.739871578560 -5243.492539534300 5.11900760064688 -5.60886859990492 0.99466506721541
2024-06-18T22:16:00.000 -1377.464765307410 -4586.832307246090 -4816.767250806050 5.74175128559531 -4.38871986319877 2.53987988381968
2024-06-18T22:20:00.000 33.881364932994 -5460.629752177930 -4039.064480797090 5.94772687061755 -2.84817352197744 3.90158365783070
2024-06-18T22:24:00.000 1442.742771810680 -5937.177628058660 -2966.714995994690 5.72099889337471 -1.09844672392237 4.98010858753890
2024-06-18T22:28:00.000 2746.510596103410 -5981.316359148810 -1677.706931086150 5.07717872785706 0.73314379755818 5.69583595202857
2024-06-18T22:32:00.000 3850.067040718250 -5589.463702305180 -266.077939950071 4.06277507447964 2.51240911897271 5.99555063348718
2024-06-18T22:36:00.000 4672.881339243970 -4790.048000703770 1165.001060140390 2.75210167917261 4.10853679292589 5.85691492622834
2024-06-18T22:40:00.000 5155.052211400710 -3641.447869117830 2510.923571648110 1.24161544174983 5.40440541731172 5.29037570428418
2024-06-18T22:44:00.000 5261.733026194390 -2227.591316336320 3673.452614146690 -0.35772537981926 6.30555172649338 4.33817546659555
2024-06-18T22:48:00.000 4985.599470894010 -651.643724756559 4567.976275731250 -1.92899278030461 6.74709854287276 3.07084806105181
2024-06-18T22:52:00.000 4347.202937656740 971.684095652280 5129.651033402010 -3.35829076235830 6.69818043819698 1.58142736612644
2024-06-18T22:56:00.000 3393.262248927690 2524.511757895010 5317.940053136240 -4.54266083783818 6.16329089742607 -0.02175119574862
2024-06-18T23:00:00.000 2193.187087513550 3894.234976078990 5119.395254489820 -5.39705459413147 5.18160803237644 -1.62263231194702
2024-06-18T23:04:00.000 834.060839439014 4981.542189445550 4548.533793463630 -5.86006704549468 3.82405397336759 -3.10557465968198
2024-06-18T23:08:00.000 -585.562729949843 5707.478169685800 3646.785165743310 -5.89807307515847 2.18840182740780 -4.36322636457369
2024-06-18T23:12:00.000 -1962.671748582220 6019.144896296880 2479.594632682050 -5.50784259297644 0.39278622689297 -5.30401418217970
2024-06-18T23:16:00.000 -3197.216879429750 5893.638870411040 1131.803549639330 -4.71722304374244 -1.43244605400506 -5.85893162192261
2024-06-18T23:20:00.000 -4199.422565074170 5339.867881739440 -298.462495414259 -3.58350633077995 -3.15421027568272 -5.98703045758988
2024-06-18T23:24:00.000 -4896.416658249340 4398.003486843430 -1706.976116894400 -2.18939209649432 -4.64672742603870 -5.67877932118775
2024-06-18T23:28:00.000 -5237.615594268130 3136.554211105960 -2991.104280541470 -0.63672081628538 -5.80114501079216 -4.95689787966726
2024-06-18T23:32:00.000 -5198.405812696640 1647.285886711970 -4057.373702430710 0.96132085224052 -6.53370870934817 -3.87447325153170
2024-06-18T23:36:00.000 -4781.844089336200 38.429797176751 -4828.284757094860 2.48877010620577 -6.79173208259820 -2.51063431260620
2024-06-18T23:40:00.000 -4018.308658676800 -1573.223416603240 -5247.856993842620 3.83525765802913 -6.55691134998814 -0.96446433364525
2024-06-18T23:44:00.000 -2963.220683836110 -3070.726763780110 -5285.581564703010 4.90365841735428 -5.84621941013202 0.65212020726865
2024-06-18T23:48:00.000 -1693.050579976350 -4345.330102446000 -4938.562467603290 5.61667791281485 -4.71056577389062 2.22226218010783
2024-06-18T23:52:00.000 -299.897424287336 -5304.243721642560 -4231.754978970620 5.92215120409626 -3.23133477821723 3.63202991317312
2024-06-18T23:56:00.000 1115.049564936000 -5877.367142129280 -3216.307232051940 5.79701352912982 -1.51516231277768 4.77842634865247
2024-06-19T00:00:00.000 2448.784574013960 -6022.512352058190 -1966.007005833260 5.24937490885626 0.31330944790380 5.57696002692592
2024-06-19T00:04:00.000 3604.022970895190 -5728.703817660040 -572.021920052277 4.31861768350368 2.12025273976273 5.96831454830259
2024-06-19T00:08:00.000 4496.450829957140 -5017.164839741820 863.788284438204 3.07278100286570 3.77290339353839 5.92332074006740
2024-06-19T00:12:00.000 5061.038223434050 -3939.823159757250 2236.449594423970 1.60350602110199 5.14983864285367 5.44538405893758
2024-06-19T00:16:00.000 5256.884819075860 -2575.423523928380 3445.719072252670 0.01887185056700 6.15046365928595 4.57025120663806
2024-06-19T00:20:00.000 5070.149069454310 -1023.576025682670 4403.524417048410 -1.56514518856537 6.70252414162373 3.36285531285838
2024-06-19T00:24:00.000 4514.896497672850 602.688172038214 5040.371801582070 -3.03345806732395 6.76703620734502 1.91204659659474
2024-06-19T00:28:00.000 3631.859022508260 2185.220231062430 5310.264963506110 -4.28019981907582 6.34046220014398 0.32353044663842
2024-06-19T00:32:00.000 2485.347536518130 3609.251367682610 5193.844929276920 -5.21584720090852 5.45425003045501 -1.28770122400358
2024-06-19T00:36:00.000 1158.592354654790 4771.538115500030 4699.684875898550 -5.77314984632299 4.17246236016822 -2.80520052657238
2024-06-19T00:40:00.000 -252.192259180998 5587.719051201900 3863.670540513680 -5.91180489016276 2.58748064285683 -4.11915759048191
2024-06-19T00:44:00.000 -1644.664214396580 5998.383136094760 2746.469553013000 -5.62138106817392 0.81366030590457 -5.13407087768850
2024-06-19T00:48:00.000 -2917.691251025590 5973.442406020000 1429.258551256570 -4.92241855247450 -1.02040430115128 -5.77561857364939
2024-06-19T00:52:00.000 -3978.712320114480 5514.473996573360 7.907949607785 -3.86543741614960 -2.78107571061947 -5.99651178031711
2024-06-19T00:56:00.000 -4750.566240344700 4654.727282112560 -1414.016196674630 -2.52746799338446 -4.33973254636290 -5.78036035884818
2024-06-19T01:00:00.000 -5177.203302876560 3456.727052863160 -2732.894153375690 -1.00627185338387 -5.58262148700852 -5.14311321952202
2024-06-19T01:04:00.000 -5227.782280189530 2007.632388128270 -3852.701535394740 0.58719550493648 -6.41947551172089 -4.13166497543024
2024-06-19T01:08:00.000 -4898.838060382130 412.779393059122 -4692.022015084520 2.13718148134790 -6.78996497149111 -2.82004272520030
2024-06-19T01:12:00.000 -4214.411980740980 -1212.034538799350 -5189.902328250150 3.53159516879670 -6.66768959354946 -1.30365666084652
2024-06-19T01:16:00.000 -3224.213476748000 -2748.913348175500 -5310.160643180400 4.66985911296955 -6.06158901368884 0.30771106252352
2024-06-19T01:20:00.000 -2000.017801733830 -4086.277104129680 -5043.928023289020 5.46970258886241 -5.01505248041305 1.89753586027093
2024-06-19T01:24:00.000 -630.568241717734 -5126.831650205280 -4410.309332331200 5.87284048142302 -3.60306995825343 3.35059692264743
2024-06-19T01:28:00.000 784.717284606835 -5794.588003121760 -3455.104795413190 5.84916307683542 -1.92723263820664 4.56093281455499
2024-06-19T01:32:00.000 2142.858768570550 -6040.487948528370 -2247.667137871860 5.39939730187385 -0.10908288292282 5.43949891371583
2024-06-19T01:36:00.000 3344.828228827660 -5846.185881338040 -875.979279634450 4.55562830814641 1.71854104933130 5.92112544859215
2024-06-19T01:40:00.000 4302.894249904590 -5225.594567918130 559.757679475369 3.37937482663778 3.42139065908867 5.96989917724265
2024-06-19T01:44:00.000 4947.199886188350 -4223.963981978350 1954.568582643930 1.95712525343737 4.87430393168229 5.58222542431252
2024-06-19T01:48:00.000 5230.980415255040 -2914.502871153620 3206.549965293290 0.39353520183198 5.97094869195122 4.78711782206400
2024-06-19T01:52:00.000 5133.953033528500 -1392.855124866760 4224.453719364000 -1.19681019675659 6.63185686037127 3.64370918514946
2024-06-19T01:56:00.000 4663.656092272070 230.075269243118 4934.359335036220 -2.69811237652783 6.81004065986119 2.23628514239662
2024-06-19T02:00:00.000 3854.694759600290 1836.313587276950 5284.942639751510 -4.00196391330945 6.49377876366321 0.66762967139925
2024-06-19T02:04:00.000 2766.059267544280 3309.337099720100 5251.010689677410 -5.01469796085155 5.70673903282884 -0.94856058505368
2024-06-19T02:08:00.000 1476.812511175140 4542.369066551850 4835.180545667940 -5.66363074063306 4.50594448382276 -2.49557122751455
2024-06-19T02:12:00.000 80.452198366474 5445.942840800550 4067.655699163950 -5.90185418840753 2.97785749079100 -3.86151570788513
2024-06-19T02:16:00.000 -1321.732636539590 5954.334546494640 3004.130230514360 -5.71180028477969 1.23273342237520 -4.94716223115819
2024-06-19T02:20:00.000 -2627.931730391630 6030.381556914620 1721.858286875620 -5.10676317547277 -0.60306043405700 -5.67317164437482
2024-06-19T02:24:00.000 -3743.194608520340 5668.308287710020 314.136613419424 -4.13034727998595 -2.39590941582153 -5.98609183203778
2024-06-19T02:28:00.000 -4586.413265914660 4894.289171296850 -1116.479140053180 -2.85361331408131 -4.01488455476726 -5.86276411050185
2024-06-19T02:32:00.000 -5096.322740393300 3764.589714003670 -2465.730197539130 -1.36981217008138 -5.34176656188898 -5.31224865630969
2024-06-19T02:36:00.000 -5236.005772345810 2361.406911842260 -3635.351812006400 0.21272990283656 -6.28004563228223 -4.37509548844127
2024-06-19T02:40:00.000 -4995.524202747700 786.766406403450 -4540.279265816160 1.77893329022872 -6.76196383646627 -3.11999672221418
2024-06-19T02:44:00.000 -4392.519303644360 -844.976095445910 -5114.785145785190 3.21544562241151 -6.75307070976529 -1.63836739852266
2024-06-19T02:48:00.000 -3470.822340767280 -2415.415111411500 -5317.138774528720 4.41862332612624 -6.25419758725266 -0.03755809022105
2024-06-19T02:52:00.000 -2297.256547681290 -3810.566768587990 -5132.535045394020 5.30160458337025 -5.30110890154937 1.56671141307749
2024-06-19T02:56:00.000 -956.879249992051 -4928.989896159920 -4574.155536581260 5.80016704925883 -3.96200093360127 3.05825438221455
2024-06-19T03:00:00.000 453.037120786997 -5689.089781145970 -3682.323181999660 5.87741489729472 -2.33314988467916 4.32843438984232
2024-06-19T03:04:00.000 1829.962753152500 -6035.115792015680 -2521.735486033530 5.52675099127466 -0.53243483133613 5.28401155533651
2024-06-19T03:08:00.000 3073.542902503870 -5941.409743518870 -1176.902260996160 4.77291251177695 1.30876664930636 5.85423081384261
2024-06-19T03:12:00.000 4093.017791109800 -5414.494618868050 253.980456050999 3.67067232379934 3.05535338965527 5.99658786997754
2024-06-19T03:16:00.000 4814.015184619190 -4492.730935672150 1666.292819322950 2.30097412954925 4.57886832922109 5.70045862530432
2024-06-19T03:20:00.000 5184.124443378420 -3243.485696267810 2956.816102358560 0.76466191316596 5.76763849376769 4.98805558474227
2024-06-19T03:24:00.000 5176.734758315480 -1758.037914996760 4031.432216606660 -0.82552515488390 6.53530268512415 3.91244913169202
2024-06-19T03:28:00.000 4792.849517733480 -144.712303765891 4812.034518796790 -2.35366753873447 6.82698288566940 2.55305249859159
2024-06-19T03:32:00.000 4060.821967358870 1479.139778596380 5242.120944823430 -3.70916096556885 6.62268785457704 1.00936258874673
2024-06-19T03:36:00.000 3034.113362413970 2995.665747497180 5290.737223538040 -4.79454757280169 5.93813791157620 -0.60655626982015
2024-06-19T03:40:00.000 1787.344348850640 4294.928064575810 4954.546101969850 -5.53194820872584 4.82314060283996 -2.17793090100204
2024-06-19T03:44:00.000 410.940837177085 5282.697482847070 4258.004370745000 -5.86826692213832 3.35803718866997 -3.59124804353305
2024-06-19T03:48:00.000 -995.281709331688 5887.170922279090 3251.642529115340 -5.77884184720825 1.64836133492658 -4.74398688083055
2024-06-19T03:52:00.000 -2329.237776866390 6064.218316619220 2008.537273286390 -5.26962726540241 -0.18215432565824 -5.55197286131183
2024-06-19T03:56:00.000 -3493.972055487810 5800.721095182200 619.107281879927 -4.37722605208394 -2.00038358628281 -5.95580911755388
2024-06-19T04:00:00.000 -4404.775764280450 5115.660896678080 -815.443984603905 -3.16648858772673 -3.67363010045047 -5.92563756554399
2024-06-19T04:04:00.000 -4995.447345775140 4058.806936741490 -2190.565866992850 -1.72582362683840 -5.07968908750593 -5.46362491994003
2024-06-19T04:08:00.000 -5223.170606419790 2707.052953212640 -3406.080567616790 -0.16044454122101 -6.11614007828599 -4.60380094857315
2024-06-19T04:12:00.000 -5071.601235069260 1158.716457217700 -4373.551707157140 1.41567517415829 -6.70798006645222 -3.40929831098575
2024-06-19T04:16:00.000 -4551.943371029610 -473.722135466598 -5022.692439372120 2.88835101785456 -6.81280719786359 -1.96724065674959
2024-06-19T04:20:00.000 -3702.011765775390 -2071.790871217360 -5306.362636958820 4.15129896944240 -6.42331654103535 -0.38220947974521
2024-06-19T04:24:00.000 -2583.446450344420 -3519.515626961520 -5203.876780644950 5.11338155520388 -5.56746534714157 1.23119924419533
2024-06-19T04:28:00.000 -1277.311449647300 -4711.685665088450 -4722.473592606580 5.70480840392045 -4.30648870253273 2.75622113001498
2024-06-19T04:32:00.000 121.645306334194 -5561.396649745420 -3896.869313406710 5.88202547612085 -2.73088202003005 4.08196830413300
2024-06-19T04:36:00.000 1511.729231827180 -6006.407663406530 -2786.902540888650 5.63115091669337 -0.95453142933613 5.11125123111949
2024-06-19T04:40:00.000 2791.663721040460 -6013.849031917930 -1473.348101066630 4.96962540257355 0.89315264418261 5.76795979225564
2024-06-19T04:44:00.000 3868.057112152750 -5582.833657040100 -52.081135998666 3.94536253032195 2.67673728887302 6.00323067304787
2024-06-19T04:48:00.000 4662.368254532630 -4744.673826673170 1372.994387434170 2.63345558736241 4.26507588042597 5.79950530551857
2024-06-19T04:52:00.000 5116.792215433830 -3560.606495574910 2697.701449946950 1.13047170858149 5.54159289306168 5.17208793419245
2024-06-19T04:56:00.000 5198.527278765460 -2117.174628298670 3825.372512119640 -0.45317905371955 6.41331671378814 4.16779158948433
2024-06-19T05:00:00.000 4902.074587478090 -519.698711160103 4673.978328186910 -2.00184224655084 6.81764964846711 2.86092787324916
2024-06-19T05:04:00.000 4249.452501582150 1115.556632175080 5182.037778065120 -3.40326556012892 6.72642750453802 1.34729374849117
2024-06-19T05:08:00.000 3288.407424298800 2669.857915521110 5312.927279631180 -4.55654510651247 6.14726261083433 -0.26303015361056
2024-06-19T05:12:00.000 2088.846178677610 4030.510518677760 5057.368619539830 -5.37892584285467 5.12250695543893 -1.85358902780446
2024-06-19T05:16:00.000 737.800528490157 5098.859007224340 4434.001858464700 -5.81126873929766 3.72611996526402 -3.30949807139010
2024-06-19T05:20:00.000 -666.764754648104 5797.308832781780 3488.061652551250 -5.82214889811427 2.05866200461348 -4.52530996628680
2024-06-19T05:24:00.000 -2022.930211719720 6074.936817954470 2288.213331470780 -5.41029527509843 0.24059255616349 -5.41240904993575
2024-06-19T05:28:00.000 -3232.159094396170 5911.302923274100 921.688076169820 -4.60508013093352 -1.59603829629314 -5.90568406347739
2024-06-19T05:32:00.000 -4206.506489971720 5318.095279400880 -512.004782867811 -3.46492142891571 -3.31723457141262 -5.96865116970493
2024-06-19T05:36:00.000 -4875.134161784450 4338.373603883020 -1908.376446603690 -2.07304407358494 -4.79724018901643 -5.59659987658130
2024-06-19T05:40:00.000 -5189.535572874410 3043.416366463870 -3165.686410105470 -0.53112611531095 -5.92816302051804 -4.81697312941760
2024-06-19T05:44:00.000 -5127.053534987770 1527.422978393320 -4192.432366592480 1.04848715568424 -6.62805454653207 -3.68705195522452
2024-06-19T05:48:00.000 -4692.425868607230 -99.448184679230 -4913.997307450780 2.55124803704853 -6.84659986573608 -2.28934478618473
2024-06-19T05:52:00.000 -3917.323557972080 -1719.106000354080 -5277.984304686270 3.86860400496037 -6.56834558203619 -0.72535209383918
2024-06-19T05:56:00.000 -2857.982396724290 -3214.021310273880 -5257.901568711230 4.90554799272156 -5.81332498085848 0.89181965026972
2024-06-19T06:00:00.000 -1591.169505763940 -4475.599123425440 -4855.024733927460 5.58697267430505 -4.63554195312800 2.44520409877801
2024-06-19T06:04:00.000 -208.750439385978 -5411.949635389770 -4098.364852503410 5.86293214504789 -3.11944820193329 3.82197825262652
2024-06-19T06:08:00.000 1188.839002967610 -5954.572596608680 -3042.714057780460 5.71244726570149 -1.37442260115758 4.92142376307238
2024-06-19T06:12:00.000 2499.826669832280 -6063.485056663120 -1764.828508842880 5.14552243725956 0.47266532284397 5.66240728148397
2024-06-19T06:16:00.000 3628.562237364250 -5730.359878616510 -357.931565451174 4.20296913739227 2.28648939414127 5.98977577182361
2024-06-19T06:20:00.000 4492.667872794730 -4979.334041702360 1075.134461415460 2.95388751461972 3.93367791422588 5.87912770815233
2024-06-19T06:24:00.000 5029.218524947740 -3865.256701297420 2429.593972853990 1.49020589901333 5.29331774044724 5.33885246870763
2024-06-19T06:28:00.000 5199.383339655370 -2469.561689351660 3606.564739885420 -0.08052491268219 6.26618656397104 4.40930078713269
2024-06-19T06:32:00.000 4991.196873436320 -894.133458577315 4520.366191293500 -1.64342367007429 6.78211858452730 3.15936682163548
2024-06-19T06:36:00.000 4420.272867203950 746.299282479942 5104.733311300370 -3.08498727448008 6.80480291026951 1.68086994678598
2024-06-19T06:40:00.000 3528.467537410710 2332.574154681100 5317.489630319320 -4.30129999821244 6.33369607932130 0.08147039591687
2024-06-19T06:44:00.000 2380.714447493360 3749.655865794110 5143.429465674710 -5.20504240906274 5.40346238970581 -1.52304666924455
2024-06-19T06:48:00.000 1060.318723605720 4894.810216850920 4595.310687400230 -5.73129080508424 4.08134390906842 -3.01678359827267
2024-06-19T06:52:00.000 -336.978106621937 5684.908602788870 3712.921837313780 -5.84194357317251 2.46254491407990 -4.29167321774078
2024-06-19T06:56:00.000 -1709.808215096770 6062.407003025050 2560.302364275340 -5.52855565070203 0.66390928087244 -5.25488488066170
2024-06-19T07:00:00.000 -2958.464031067290 5999.628367397140 1221.227995820540 -4.81339403311854 -1.18404393151495 -5.83588344321709
2024-06-19T07:04:00.000 -3992.160840356920 5500.905012234390 -206.831704931043 -3.74814917254554 -2.94670283192784 -5.99180497232798
2024-06-19T07:08:00.000 -4735.727031882590 4602.383276550490 -1619.811045594290 -2.41047760783169 -4.49524505014938 -5.71098722575041
2024-06-19T07:12:00.000 -5135.182472928100 3369.420854661430 -2914.744674929160 -0.89813786828823 -5.71667991542455 -5.01418122404875
2024-06-19T07:16:00.000 -5161.669766922900 1891.718530301010 -3997.368300138130 0.67860937864278 -6.52237189515871 -3.95263455892667
2024-06-19T07:20:00.000 -4813.464962560590 276.678195035210 -4788.984022822580 2.20530830186152 -6.85427794336248 -2.60396003170088
2024-06-19T07:24:00.000 -4115.986974259890 -1358.446215454880 -5232.104383914940 3.57158510109017 -6.68876766885017 -1.06617457941817
2024-06-19T07:28:00.000 -3119.872700985740 -2895.005239279630 -5294.509480278350 4.67887934216406 -6.03785012764543 0.54941283413324
2024-06-19T07:32:00.000 -1897.312132793660 -4221.422247208210 -4971.513236699410 5.44713727397821 -4.94809255634147 2.12599188371358
2024-06-19T07:36:00.000 -536.933754698603 -5241.156534156050 -4286.331302449950 5.82025121419665 -3.49755867204713 3.54919495123535
2024-06-19T07:40:00.000 862.477442543241 -5879.695615560840 -3288.532471268680 5.77025658704987 -1.79074196998786 4.71509340527027
2024-06-19T07:44:00.000 2199.070032409130 -6090.092438527590 -2050.607947037830 5.29981489132352 0.04846599890264 5.53780457251125
2024-06-19T07:48:00.000 3375.370169147510 -5856.600988645750 -662.809614201947 4.44261708971503 1.88554657099165 5.95623106114175
2024-06-19T07:52:00.000 4305.526856854470 -5196.022984760230 773.455296008568 3.26124414435001 3.58554407381610 5.93915206103423
2024-06-19T07:56:00.000 4921.740517039200 -4156.564321917780 2153.160195444290 1.84262563373706 5.02342112801356 5.48788790226917
2024-06-19T08:00:00.000 5179.337967704210 -2814.229240464060 3375.537518724470 0.29119423599221 6.09412274169992 4.63630643853745
2024-06-19T08:04:00.000 5059.970197899640 -1267.036786703050 4351.552086460990 -1.27951245971945 6.72028989512599 3.44760122168112
2024-06-19T08:08:00.000 4572.784815472500 372.294050624440 5010.363775460570 -2.75531427209969 6.85745587756788 2.00920403870191
2024-06-19T08:12:00.000 3753.579076381620 1984.618168831000 5304.364656756050 -4.02962873222705 6.49677534275982 0.42606265730741
2024-06-19T08:16:00.000 2662.063323766670 3452.977540826940 5212.465021021120 -5.01089901157392 5.66510299136916 -1.18712859660886
2024-06-19T08:20:00.000 1377.497004962840 4670.926078372010 4741.477058956620 -5.62866767464483 4.42264728252311 -2.71384991755506
2024-06-19T08:24:00.000 -6.967108466492 5550.081370961100 3925.605360548980 -5.83829228463108 2.85889192216873 -4.04367364797567
2024-06-19T08:28:00.000 -1390.907386760830 6026.470528521560 2824.055308815140 -5.62424215223198 1.08662611201015 -5.07992056011512
2024-06-19T08:32:00.000 -2673.831553372920 6065.242432347570 1516.869115640700 -5.00155088133854 -0.76566644440102 -5.74674720876283
2024-06-19T08:36:00.000 -3762.486327139220 5663.348842091200 99.177145483091 -4.01519404505746 -2.56310828921181 -5.99509663589410
2024-06-19T08:40:00.000 -4577.714789895470 4849.870815683610 -1325.739053385070 -2.73694575409768 -4.17449552202301 -5.80655507982877
2024-06-19T08:44:00.000 -5060.298801102270 3683.951112416290 -2654.042390829890 -1.26016285514848 -5.48214651137949 -5.19497843604037
2024-06-19T08:48:00.000 -5175.315814996720 2250.422503274460 -3789.014222631330 0.30737802029153 -6.39101346878352 -4.20539452061436
2024-06-19T08:52:00.000 -4914.616633800310 653.504614086112 -4648.130793503190 1.85175381917659 -6.83552246896331 -2.91027572053784
2024-06-19T08:56:00.000 -4297.292123556970 -990.844289474512 -5169.001306205190 3.26123973367319 -6.78392785228634 -1.40384438951900
2024-06-19T09:00:00.000 -3368.194788324800 -2563.308280038050 -5313.779662500940 4.43412985744961 -6.24010367840815 0.20480323329602
2024-06-19T09:04:00.000 -2194.675432115460 -3949.745629704090 -5071.825641710130 5.28571613705561 -5.24300975038314 1.79935700099552
2024-06-19T09:08:00.000 -861.784945312691 -5049.324116920630 -4460.481810546890 5.75404097679907 -3.86399333689833 3.26428115259445
2024-06-19T09:12:00.000 533.740410451941 -5781.786217186110 -3523.928951599890 5.80432945935183 -2.20223739826032 4.49277983891425
2024-06-19T09:16:00.000 1890.395680640890 -6093.376534789090 -2330.147897886470 5.43194217819682 -0.37814222983756 5.39456047321779
2024-06-19T09:20:00.000 3109.289675890840 -5960.953087329700 -966.104306904502 4.66326566682669 1.47511832209487 5.90276111222907
2024-06-19T09:24:00.000 4101.469719043620 -5393.894162134840 468.572176131525 3.55427989957595 3.22146066721251 5.97948125557188
2024-06-19T09:28:00.000 4794.586077190290 -4433.521897208720 1868.985271596310 2.18646622474039 4.73252102542857 5.61903167604684
2024-06-19T09:32:00.000 5138.291543212800 -3150.033493555510 3132.809958342620 0.66050219279318 5.89760013847074 4.84839376560588
2024-06-19T09:36:00.000 5107.920832974880 -1637.199325408690 4167.921905807620 -0.91170287420098 6.63219813011837 3.72495643200452
2024-06-19T09:40:00.000 4706.148637190670 -5.297574800822 4899.137890079400 -2.41567194084136 6.88398813944238 2.33151820129349
2024-06-19T09:44:00.000 3962.587686889300 1627.022114738160 5273.558328860360 -3.74271502921658 6.63582127270576 0.76981619243352
2024-06-19T09:48:00.000 2931.491048767520 3141.304553685260 5264.242946652500 -4.79735448383399 5.90640711157613 -0.84684994708849
2024-06-19T09:52:00.000 1687.775516605950 4427.755712268200 4872.033306991230 -5.50385205479171 4.74873721389837 -2.40163070246679
2024-06-19T09:56:00.000 321.645800959389 5393.042136894610 4125.435497841080 -5.81125714576687 3.24620565687250 -3.78212699533923
2024-06-19T10:00:00.000 -1067.813196296270 5966.965810087760 3078.626910748970 -5.69699342917206 1.50715699629777 -4.88809533803404
2024-06-19T10:04:00.000 -2379.717123099980 6107.608168592750 1807.646378917370 -5.16882776993199 -0.34246734821148 -5.63871829632754
2024-06-19T10:08:00.000 -3518.707055032130 5804.505650300650 404.969835947171 -4.26480543999051 -2.16807618586115 -5.97876431222732
2024-06-19T10:12:00.000 -4401.954734612910 5079.547765849160 -1027.219650413420 -3.05069174918901 -3.83637253692233 -5.88313054393257
2024-06-19T10:16:00.000 -4965.281143203560 3985.430217862640 -2384.554174642230 -1.61514792799208 -5.22557246308355 -5.35882709578092
2024-06-19T10:20:00.000 -5167.874681874970 2601.765377815350 -3568.173481143560 -0.06298831469243 -6.23456684720036 -4.44444265992004
2024-06-19T10:24:00.000 -4995.223119399140 1029.180013500610 -4491.983479601340 1.49283821632076 -6.79040491682834 -3.20704456485798
2024-06-19T10:28:00.000 -4460.055000577080 -618.098737667481 -5088.884330405250 2.93966022498036 -6.85330743400048 -1.73681387542217
2024-06-19T10:32:00.000 -3601.300052638460 -2220.534819102770 -5315.527972457800 4.17307677869431 -6.41898874105960 -0.14030300185702
2024-06-19T10:36:00.000 -2481.229043678220 -3661.838228097270 -5155.358695615260 5.10407795392676 -5.51859912273597 1.46706809728465
2024-06-19T10:40:00.000 -1181.013141190560 -4837.251639883570 -4619.793450927950 5.66507862758593 -4.21655242968443 2.96894472953316
2024-06-19T10:44:00.000 205.020718811957 -5661.068002712910 -3747.491716435790 5.81471919276595 -2.60633734596596 4.25599061253445
2024-06-19T10:48:00.000 1576.112459913080 -6072.917704159520 -2601.717919823930 5.54115519589526 -0.80442506757049 5.23377855060054
2024-06-19T10:52:00.000 2832.365926588980 -6042.350142410470 -1265.880815856820 4.86348674852301 1.05783415969752 5.82996934841586
2024-06-19T10:56:00.000 3882.117669316750 -5571.269807057930 162.499102280269 3.83086302010173 2.84386064875622 6.00012589151859
2024-06-19T11:00:00.000 4648.792603533810 -4693.945169946540 1578.992758757340 2.51909364202606 4.42231426530590 5.73155538995263
2024-06-19T11:04:00.000 5076.640434073510 -3474.486844208970 2880.077831854310 1.02473596058471 5.67749078222962 5.04442827257718
2024-06-19T11:08:00.000 5134.818227771650 -2001.999308884880 3970.854738415090 -0.54255501053062 6.51809074975588 3.98991049837399
2024-06-19T11:12:00.000 4819.539342228680 -383.883874306944 4772.021987393760 -2.06841383821632 6.88385526118772 2.64591760516177
2024-06-19T11:16:00.000 4154.162675150970 1262.141935714010 5225.571677954890 -3.44237841371004 6.74945926107363 1.11081797516113
2024-06-19T11:20:00.000 3187.304182972680 2816.599547156080 5298.826084628740 -4.56561569539804 6.12551377256479 -0.50395919510489
2024-06-19T11:24:00.000 1989.247480730060 4166.770161240950 4986.643332536950 -5.35739609878141 5.05740325261407 -2.08167351544949
2024-06-19T11:28:00.000 646.908535695321 5214.713604308080 4311.741705635940 -5.76067066869448 3.62217900711983 -3.50825987624349
2024-06-19T11:32:00.000 -742.360798208221 5884.267650076040 3323.095079154080 -5.74603283129271 1.92325893760562 -4.68024836737834
2024-06-19T11:36:00.000 -2077.717113411110 6126.584037727940 2092.497346459010 -5.31404381175862 0.08353583771740 -5.51211769020208
2024-06-19T11:40:00.000 -3262.113839862830 5923.797598468550 709.458206208464 -4.49566457674779 -1.76323919856031 -5.94272944467609
2024-06-19T11:44:00.000 -4209.413992070150 5290.474894898930 -725.281806469550 -3.35033115824954 -3.48225391701075 -5.94028214254689
2024-06-19T11:48:00.000 -4850.760272450680 4272.628926070100 -2107.160211425120 -1.96168408155726 -4.94797731169134 -5.50494054915836
2024-06-19T11:52:00.000 -5139.643355376220 2944.323173866890 -3335.507245673630 -0.43113343745660 -6.05363484346755 -4.66876061396563
2024-06-19T11:56:00.000 -5055.265966584680 1402.183583890360 -4320.943587703070 1.12984126241378 -6.71913968577560 -3.49313052148784
2024-06-19T12:00:00.000 -4603.956847035510 -241.734756975341 -4991.870310136970 2.60806523124543 -6.89671579451306 -2.06385666346657
2024-06-19T12:04:00.000 -3818.592364639340 -1868.109929048860 -5299.573069069160 3.89678336463733 -6.57386681071634 -0.48466105543154
2024-06-19T12:08:00.000 -2756.151077248160 -3358.926169974450 -5221.641961430620 4.90304666213096 -5.77384756420957 1.13026769127574
2024-06-19T12:12:00.000 -1493.625694562750 -4605.879047556950 -4763.545962312690 5.55395900217400 -4.55387662528951 2.66410907135057
2024-06-19T12:16:00.000 -122.576567752762 -5518.123328448710 -3958.308076487270 5.80176063242201 -3.00143685943251 4.00540896336779
2024-06-19T12:20:00.000 1257.369134185960 -6028.891508998860 -2864.269479875940 5.62747305243382 -1.22860493682808 5.05590468601303
2024-06-19T12:24:00.000 2545.707937254820 -6100.526804240120 -1561.021187002530 5.04292681097415 0.63556056790591 5.73796472824004
2024-06-19T12:28:00.000 3648.457247561110 -5727.448509847300 -143.663036668906 4.09034937584620 2.45449552142917 6.00086177782525
2024-06-19T12:32:00.000 4485.154904232810 -4936.721228224320 1284.198706779270 2.83951747786673 4.09447478947611 5.82494874981921
2024-06-19T12:36:00.000 4994.892368296950 -3786.111025078170 2618.181593298960 1.38252382270554 5.43508975210260 5.22346652461165
2024-06-19T12:40:00.000 5140.821665537690 -2359.722462236770 3760.934823036790 -0.17355801556807 6.37865704056831 4.24132095112040
2024-06-19T12:44:00.000 4912.754177412030 -761.640065609853 4629.316971652780 -1.71507990150447 6.85731411109040 2.95117524263102
2024-06-19T12:48:00.000 4327.721270252260 891.805716651301 5160.387530131480 -3.13021388866571 6.83741141795443 1.44763265394972
2024-06-19T12:52:00.000 3428.563955984200 2480.539697239770 5315.841726781390 -4.31700989989366 6.32146565627012 -0.15992021650466
2024-06-19T12:56:00.000 2280.695618876420 3889.357683186490 5084.605554357620 -5.19031082686376 5.34721726288777 -1.75525889543610
2024-06-19T13:00:00.000 967.398842564829 5016.085223250380 4483.538634724560 -5.68720960882041 3.98492003180930 -3.22313096867359
2024-06-19T13:04:00.000 -416.082727404412 5778.872221420660 3556.257694628480 -5.77157671065880 2.33274451512023 -4.45712747635755
2024-06-19T13:08:00.000 -1769.348592037060 6122.128451268610 2370.083220893430 -5.43685431758336 0.51008677273324 -5.36733039421847
2024-06-19T13:12:00.000 -2994.074033562570 6020.654629055700 1011.261675554740 -4.70687660881034 -1.35069285394418 -5.88695765015976
2024-06-19T13:16:00.000 -4001.192862560980 5481.624030440240 -421.255111764614 -3.63455201573251 -3.11385012212067 -5.97764097720356
2024-06-19T13:20:00.000 -4717.479862619880 4544.164700667180 -1823.067279772790 -2.29814053968778 -4.65058790301694 -5.63266389078988
2024-06-19T13:24:00.000 -5090.952728014700 3276.486939575010 -3092.033586679960 -0.79528313976449 -5.84886307666937 -4.87744417957434
2024-06-19T13:28:00.000 -5094.654442021420 1770.822264937140 -4135.792472457580 0.76447449495317 -6.62178855244929 -3.76748254823150
2024-06-19T13:32:00.000 -4728.520670284450 136.602012449646 -4878.481904529770 2.26794318534495 -6.91372521099447 -2.38388114729270
2024-06-19T13:36:00.000 -4019.268818734270 -1507.531100241960 -5266.172350618560 3.60647420695422 -6.70393304606923 -0.82715218147515
2024-06-19T13:40:00.000 -3018.383458657820 -3042.268616249790 -5270.665693963540 4.68350240095977 -6.00758830550671 0.79004946703173
2024-06-19T13:44:00.000 -1798.403634429730 -4356.153912570650 -4891.476407365610 5.42113625276848 -4.87454858235382 2.35077785296578
2024-06-19T13:48:00.000 -447.777163415366 -5353.540268383690 -4155.900820331170 5.76547051943742 -3.38599107475964 3.74178960266582
2024-06-19T13:52:00.000 935.403701105265 -5961.518255296130 -3117.180439444250 5.69059773057897 -1.64917888746465 4.86140412366685
2024-06-19T13:56:00.000 2250.449588409090 -6135.351214407780 -1850.815448114960 5.20100416574397 0.20973297457543 5.62702024085254
2024-06-19T14:00:00.000 3401.443049412910 -5861.968420206450 -449.169983202047 4.33184035604160 2.05463825029143 5.98168359621433
2024-06-19T14:04:00.000 4304.391599136820 -5161.121747064910 985.315386134205 3.14670544740067 3.74994963219063 5.89897618857414
2024-06-19T14:08:00.000 4893.513165358070 -4083.977321370240 2347.761071521960 1.73278031912784 5.17114944489492 5.38513377757327
2024-06-19T14:12:00.000 5126.119549895570 -2709.281919743800 3538.682497998700 0.19406349735967 6.21441175851872 4.47855366376472
2024-06-19T14:16:00.000 4985.689374894730 -1137.410079991970 4471.367279014350 -1.35683252544000 6.80442540542268 3.24650902398736
2024-06-19T14:20:00.000 4482.897606238570 517.149994188607 5078.166178046970 -2.80727633591514 6.89948825583957 1.77950216887479
2024-06-19T14:24:00.000 3654.647094710990 2134.185012015310 5315.254854619050 -4.05260386790546 6.49376859881996 0.18437152747273
2024-06-19T14:28:00.000 2561.269623098250 3596.407682368900 5165.656284650610 -5.00337124632892 5.61727199109949 -1.42334745283192
2024-06-19T14:32:00.000 1282.125310289360 4797.800423220160 4640.348341137640 -5.59129587878165 4.33331780043915 -2.92755246792703
2024-06-19T14:36:00.000 -90.037590727112 5651.136522653670 3777.461661890240 -5.77375820629428 2.73433954761441 -4.21937264744164
2024-06-19T14:40:00.000 -1455.664907394140 6094.277368377690 2639.621934094190 -5.53707654371754 0.93579619479703 -5.20477720993900
2024-06-19T14:44:00.000 -2715.560152201030 6094.776179191870 1309.529968015680 -4.89795895057503 -0.93183367271658 -5.81158261982322
2024-06-19T14:48:00.000 -3778.115216894900 5652.370701092880 -115.984926804485 -3.90260604517030 -2.73244460230853 -5.99502866870385
2024-06-19T14:52:00.000 -4566.061491088740 4799.128130573900 -1533.040901833850 -2.62358793551879 -4.33448065803875 -5.74152527760105
2024-06-19T14:56:00.000 -5022.184278542020 3597.118451986650 -2838.374413269030 -1.15436525410740 -5.62107328791125 -5.06976868923292
2024-06-19T15:00:00.000 -5113.498559883520 2133.805334126690 -3936.949579679670 0.39789760123835 -6.49877753184135 -4.02915953395598
2024-06-19T15:04:00.000 -4833.578204533500 515.570333119744 -4748.900088716890 1.92044391602814 -6.90432314761462 -2.69585525476102
2024-06-19T15:08:00.000 -4202.898265694170 -1140.084404761970 -5215.261474383140 3.30317866363376 -6.80876219295325 -1.16678353508750
2024-06-19T15:12:00.000 -3267.264340444500 -2713.012233441580 -5302.135028892470 4.44633837282449 -6.21908746784579 0.44735158251659
2024-06-19T15:16:00.000 -2094.493541049240 -4089.007303037650 -5003.071372662680 5.26729474803859 -5.17751078273309 2.02982132015519
2024-06-19T15:20:00.000 -769.596273730840 -5167.960334464750 -4339.560661944400 5.70624472518164 -3.75864491223832 3.46587830147583
2024-06-19T15:24:00.000 611.250933238827 -5871.087454987400 -3359.589683918890 5.73053730442859 -2.06460355543530 4.65077571696057
2024-06-19T15:28:00.000 1947.583972481470 -6146.746067426950 -2134.322771041510 5.33739474955731 -0.21817416963296 5.49730950628251
2024-06-19T15:32:00.000 3141.962282871710 -5974.411422851300 -753.062794700884 4.55475985771468 1.64568323289332 5.94257248261705
2024-06-19T15:36:00.000 4107.211788558000 -5366.406127740820 683.262549680414 3.43975362300471 3.38998827660413 5.95331604784119
2024-06-19T15:40:00.000 4772.967465307490 -4367.088448864150 2069.622772248960 2.07441133723375 4.88652942945290 5.52882709695766
2024-06-19T15:44:00.000 5090.913406591480 -3049.524080981720 3304.743730955060 0.55922274314987 6.02582998756548 4.70089051788662
2024-06-19T15:48:00.000 5038.282905668510 -1509.957928200050 4298.630726294800 -0.99479359841759 6.72538663008781 3.53103920245769
2024-06-19T15:52:00.000 4619.367090522790 139.403688379313 4979.133090665100 -2.47458320099457 6.93542052595262 2.10541975054886
2024-06-19T15:56:00.000 3865.011208002590 1778.659842382850 5297.064647007540 -3.77322814639290 6.64186522551485 0.52804729271751
2024-06-19T16:00:00.000 2830.232125266690 3288.880635848360 5229.591974609600 -4.79735879479075 5.86672851517662 -1.08678853978581
2024-06-19T16:04:00.000 1590.189757315170 4560.576255540180 4781.760322463350 -5.47343604678973 4.66619207573950 -2.62238923958386
2024-06-19T16:08:00.000 234.806361745660 5501.470142741160 3986.104187806760 -5.75266502952811 3.12670473012390 -3.96769421303918
2024-06-19T16:12:00.000 -1137.614843844030 6043.115504520260 2900.365442516990 -5.61447193823753 1.35930134303720 -5.02495330556988
2024-06-19T16:16:00.000 -2427.425985720140 6145.923270000300 1603.426899406270 -5.06835818213220 -0.50797377950986 -5.71684409952689
2024-06-19T16:20:00.000 -3540.867977290120 5802.180783306640 189.666774647408 -4.15367309055741 -2.33916519475403 -5.99242667731651
2024-06-19T16:24:00.000 -4396.970272171630 5036.744036653530 -1237.911649959150 -2.93700627777380 -4.00052968497731 -5.83127477293722
2024-06-19T16:28:00.000 -4933.542723518100 3905.273030461290 -2575.273362861680 -1.50725508396466 -5.37078952698096 -5.24527772623473
2024-06-19T16:32:00.000 -5111.732733630630 2490.102028437920 -3725.033852618540 0.03124165191273 -6.35031108132598 -4.27757497114809
2024-06-19T16:36:00.000 -4918.799224687650 894.132095802801 -4603.584166677310 1.56661213022674 -6.86836131857050 -2.99905115715298
2024-06-19T16:40:00.000 -4368.919962674910 -766.732028288670 -5147.116906799840 2.98775851106753 -6.88787420371098 -1.50277212848322
2024-06-19T16:44:00.000 -3502.057766461080 -2371.968663567810 -5316.142562166590 4.19214248238415 -6.40759630545260 0.10289704526068
2024-06-19T16:48:00.000 -2381.049165610850 -3805.055948936270 -5098.263768181960 5.09277852521515 -5.46190288494980 1.70185943778498
2024-06-19T16:52:00.000 -1087.133667445010 -4961.783752849860 -4509.076698806780 5.62417711036759 -4.11845384459044 3.17826559842209
2024-06-19T16:56:00.000 285.796260698822 -5757.760719996000 -3591.151124839900 5.74707025346390 -2.47384701025428 4.42452892281347
2024-06-19T17:00:00.000 1637.907203244360 -6134.621240717880 -2411.094680793040 5.45157700529018 -0.64710900290007 5.34915872017965
2024-06-19T17:04:00.000 2870.657848832550 -6064.448962865250 -1054.846664224640 4.75839093341891 1.22852638541345 5.88360209285410
2024-06-19T17:08:00.000 3894.077775678260 -5552.050048333390 378.538611973556 3.71786724003460 3.01535322885177 5.98792746835799
2024-06-19T17:12:00.000 4633.510730740870 -4634.746473217890 1784.238195704640 2.40647444249845 4.58190798401094 5.65435726469620
2024-06-19T17:16:00.000 5035.209151549280 -3379.608490566130 3059.519046468260 0.92079986430072 5.81338520291040 4.90792838331311
2024-06-19T17:20:00.000 5070.265544045820 -1878.366888247110 4111.393376974550 -0.63010914280793 6.62036572149843 3.80423446061694
2024-06-19T17:24:00.000 4736.591236728440 -240.501429613856 4863.433317894050 -2.13323377474459 6.94517693207016 2.42471281770885
2024-06-19T17:28:00.000 4058.866722232730 1414.855048641310 5261.223639045080 -3.47983852467634 6.76541853860934 0.87019675479732
2024-06-19T17:32:00.000 3086.593226184500 2967.550883454190 5276.144074003410 -4.57300902745778 6.09497681760676 -0.74648345296545
2024-06-19T17:36:00.000 1890.440404226690 4305.008727144640 4907.293788625600 -5.33424504611514 4.98264560862350 -2.30851387822593
2024-06-19T17:40:00.000 557.174292538880 5330.211905923800 4181.495454938900 -5.70867505967875 3.50858523126748 -3.70296624721197
2024-06-19T17:44:00.000 -816.511425752582 5968.640745583940 3151.422400130800 -5.66894891653370 1.77905561597710 -4.82864473470431
2024-06-19T17:48:00.000 -2130.899597524210 6173.709498048390 1891.892395608220 -5.21746264385870 -0.08075295050040 -5.60334321427074
2024-06-19T17:52:00.000 -3290.471375511390 5930.275579134070 494.531661254154 -4.38664259878310 -1.93560060318816 -5.97011812070645
2024-06-19T17:56:00.000 -4210.910063803120 5255.876266471380 -938.872239245431 -3.23689113662285 -3.65010166001534 -5.90182931638712
2024-06-19T18:00:00.000 -4825.336225667790 4199.523552336240 -2303.857728674960 -1.85218002837847 -5.09905580752206 -5.40349679275796
2024-06-19T18:04:00.000 -5089.223413005690 2838.084718207950 -3501.008122723390 -0.33361648271620 -6.17699988310179 -4.51184609951751
2024-06-19T18:08:00.000 -4983.599842554340 1270.569133336070 -4443.246393319750 1.20831226138606 -6.80597844512718 -3.29226708978654
2024-06-19T18:12:00.000 -4516.317764086640 -389.160847688683 -5062.128207591850 2.66191707730937 -6.94085751987368 -1.83365113535034
2024-06-19T18:16:00.000 -3721.375890191950 -2020.660262504690 -5312.708819329770 3.92228828627712 -6.57216028298357 -0.24172241479169
2024-06-19T18:20:00.000 -2656.407275232860 -3505.532304636470 -5176.691146286130 4.89848490719583 -5.72628584167034 1.36845460972489
2024-06-19T18:24:00.000 -1398.572297220180 -4735.857972355800 -4663.733604444200 5.51966333292790 -4.46368103211723 2.88031399242449
2024-06-19T18:28:00.000 -39.104123201425 -5621.944649103970 -3810.845349171840 5.74011608258428 -2.87496076667293 4.18384214816470
2024-06-19T18:32:00.000 1323.185182422030 -6098.894104249960 -2679.862906887930 5.54286829116528 -1.07497626535985 5.18343102911664
2024-06-19T18:36:00.000 2589.059540928300 -6131.502850025670 -1353.100152963580 4.94146040698322 0.80516479635798 5.80517597700018
2024-06-19T18:40:00.000 3666.155985139250 -5717.033498616760 72.601218517682 3.97934024719739 2.62769217424281 6.00272183692499
2024-06-19T18:44:00.000 4475.872128259270 -4885.586953969160 1492.992422067070 2.72706272738933 4.25850372010571 5.76120820124472
2024-06-19T18:48:00.000 4959.275219404590 -3697.932967551090 2804.225288610650 1.27687823030792 5.57785550983226 5.09879832068169
2024-06-19T18:52:00.000 5081.447358322510 -2240.899617384730 3910.623284672370 -0.26467799989264 6.48968827583661 4.06489796568483
2024-06-19T18:56:00.000 4833.935011544550 -620.818183454732 4731.719024508320 -1.78500710168504 6.92849888938896 2.73597853448251
2024-06-19T19:00:00.000 4235.184746236530 1044.390445665600 5208.043257992350 -3.17391952770729 6.86366372230057 1.20939100533844
2024-06-19T19:04:00.000 3329.013747842490 2633.808114957090 5305.271189763060 -4.33139644754229 6.30086100484338 -0.40394699005126
2024-06-19T19:08:00.000 2181.342481292310 4032.167477510760 5016.551688583630 -5.17428129806054 5.28120121928185 -1.98732575041362
2024-06-19T19:12:00.000 875.449543185277 5138.052633380040 4362.931798395880 -5.64192210107583 3.87830720044796 -3.42633004723633
2024-06-19T19:16:00.000 -493.960551467997 5871.125639128420 3391.854642537760 -5.70030606957843 2.19325036713957 -4.61665789646964
2024-06-19T19:20:00.000 -1827.500991273070 6177.955877244600 2173.837968668990 -5.34474926861248 0.34789189306901 -5.47151797259752
2024-06-19T19:24:00.000 -3028.280973635990 6036.005501511840 797.463087464134 -4.60066506882035 -1.52372630743915 -5.92814080936143
2024-06-19T19:28:00.000 -4008.991611932400 5455.412079684390 -637.026566237322 -3.52205318448521 -3.28504876756650 -5.95279948669879
2024-06-19T19:32:00.000 -4698.350541901410 4478.345340052840 -2025.091791462560 -2.18762330010256 -4.80742627416590 -5.54366682744381
2024-06-19T19:36:00.000 -5046.355823555640 3175.908776542490 -3265.615989258620 -0.69488146900388 -5.97992168935001 -4.73089793750961
2024-06-19T19:40:00.000 -5027.920869991830 1642.851294618180 -4268.341639336930 0.84741513135394 -6.71763803185467 -3.57419790922764
2024-06-19T19:44:00.000 -4644.587959130480 -9.443599607736 -4960.420027939700 2.32748611604363 -6.96760957151626 -2.15797291991554
2024-06-19T19:48:00.000 -3924.286094851220 -1661.060667334280 -5291.594180000060 3.63848699536778 -6.71203994698297 -0.58494035402295
2024-06-19T19:52:00.000 -2919.257210474770 -3192.154800785450 -5237.739756389550 4.68583184968936 -5.96928340954284 1.03113609540635
2024-06-19T19:56:00.000 -1702.311157599930 -4491.502202269360 -4802.568970577350 5.39367596739100 -4.79239707274930 2.57337307114445
2024-06-19T20:00:00.000 -361.679294059118 -5464.450917367410 -4017.427249877900 5.71012830367730 -3.26570161148593 3.92970364956036
2024-06-19T20:04:00.000 1005.244308039960 -6039.818172372810 -2939.183582127290 5.61126540747240 -1.49936216457488 5.00080687360934
2024-06-19T20:08:00.000 2298.922444459010 -6175.228373100520 -1646.260104547150 5.10335838888332 0.37812459310353 5.70755274450227
2024-06-19T20:12:00.000 3424.987654114670 -5860.432492990710 -232.995623707189 4.22302741154245 2.22923713938823 5.99737228659912
2024-06-19T20:16:00.000 4301.271970622530 -5118.217756008890 1197.303740561980 3.03468073247579 3.91795278469936 5.84860930027628
2024-06-19T20:20:00.000 4863.945886585380 -4002.794174864940 2540.056216166980 1.62577202534968 5.32016893500158 5.27241141433031
2024-06-19T20:24:00.000 5072.267485911230 -2595.721302088380 3697.233668601420 0.09993799954282 6.33356316762206 4.31181620259210
2024-06-19T20:28:00.000 4911.488392760680 -999.725487938212 4584.608646539880 -1.43125375306636 6.88508273212321 3.03798000174312
2024-06-19T20:32:00.000 4393.754595443730 668.955876816221 5137.846147799850 -2.85661957057096 6.93579482012378 1.54442951883869
2024-06-19T20:36:00.000 3557.042376401370 2289.089691784480 5317.037107583950 -4.07336029919021 6.48313617714076 -0.06009565886163
2024-06-19T20:40:00.000 2462.278981038000 3743.170055416300 5109.410754838560 -4.99409211953909 5.56045071260592 -1.65950596274382
2024-06-19T20:44:00.000 1188.926592497010 4925.757973916610 4530.151141543390 -5.55258706678366 4.23439091383813 -3.13824137867084
2024-06-19T20:48:00.000 -170.669883272451 5750.993762691260 3621.318596344520 -5.70838515165028 2.60053416332885 -4.38921631193851
2024-06-19T20:52:00.000 -1517.868211102960 6158.791251688150 2448.895529622080 -5.44981722901817 0.77687518574826 -5.32135410507866
2024-06-19T20:56:00.000 -2754.820860338840 6119.284033417410 1098.116067367390 -4.79520910489725 -1.10424415809622 -5.86634213791730
2024-06-19T21:00:00.000 -3791.605349563220 5635.141780653940 -332.676081800388 -3.79193122660143 -2.90570180906247 -5.98398322839470
2024-06-19T21:04:00.000 -4552.854307972810 4741.489201176530 -1739.223868086570 -2.51316441954710 -4.49591397995615 -5.66555836518134
2024-06-19T21:08:00.000 -4983.323980228900 3503.341635602260 -3019.056019329110 -1.05233291460389 -5.75896278941636 -4.93454997918102
2024-06-19T21:12:00.000 -5051.913715648890 2010.772712854110 -4079.029117418040 0.48408988086222 -6.60322815931307 -3.84467671628404
2024-06-19T21:16:00.000 -4753.841634100020 372.254732468605 -4842.111054251220 1.98460660533256 -6.96789020226238 -2.47559693773206
2024-06-19T21:20:00.000 -4110.876796938330 -1293.273030675000 -5252.901736277660 3.34080162871249 -6.82699164841648 -0.92675969891646
2024-06-19T21:24:00.000 -3169.673108368560 -2864.974427810600 -5281.519166765940 4.45487352105180 -6.19069180929828 0.68986593727153
2024-06-19T21:28:00.000 -1998.415435000440 -4228.720630717530 -4925.704219418890 5.24623786508396 -5.10442328770684 2.25737430547405
2024-06-19T21:32:00.000 -681.990831051393 -5285.245995766250 -4211.037586011540 5.65711072979763 -3.64592836563336 3.66202367367445
2024-06-19T21:36:00.000 684.019684522510 -5957.335656693180 -3189.226079408550 5.65676007706937 -1.92023404798268 4.80113526074101
2024-06-19T21:40:00.000 2000.197495189920 -6195.576562902440 -1934.522515563950 5.24422825035639 -0.05264977304138 5.59072049722879
2024-06-19T21:44:00.000 3170.554289818380 -5982.184568615770 -538.420152239468 4.44897368385864 1.82018248181977 5.97207533272046
2024-06-19T21:48:00.000 4109.670552397930 -5332.509755046160 897.050103831530 3.32910849075541 3.56058769743045 5.91673584992622
2024-06-19T21:52:00.000 4749.102959891880 -4293.977864186530 2266.927095854280 1.96704636288513 5.04071031906809 5.42890473552953
2024-06-19T21:56:00.000 5042.466812175670 -2942.522864023010 3471.159713478310 0.46298987175144 6.15234397861674 4.54499928891669
2024-06-19T22:00:00.000 4968.793319180590 -1376.857844232460 4422.024246137200 -1.07283611088347 6.81504939378699 3.33062238876901
2024-06-19T22:04:00.000 4533.913135968190 288.931152455226 5050.524183756030 -2.52878058755779 6.98183505176050 1.87512727488210
2024-06-19T22:08:00.000 3769.814560939860 1933.770814715270 5311.258441548110 -3.79973862956985 6.64169191262717 0.28460317639626
2024-06-19T22:12:00.000 2732.200443490130 3438.322802089470 5185.549662973020 -4.79433913624231 5.81994297657115 -1.32568404130998
2024-06-19T22:16:00.000 1496.422578102780 4693.498646925110 4682.673640699380 -5.44112999397209 4.57613772478600 -2.83940369426273
2024-06-19T22:20:00.000 152.099487781310 5608.207680617890 3839.160597642620 -5.69335042700420 2.99988139549743 -4.14705119342716
2024-06-19T22:24:00.000 -1203.250629825630 6115.902048162470 2716.237374272760 -5.53238510118818 1.20493161307995 -5.15355956922129
2024-06-19T22:28:00.000 -2471.209297225760 6179.470776560760 1395.511054149290 -4.96945953221433 -0.67858201806546 -5.78524514808423
2024-06-19T22:32:00.000 -3559.615162346400 5794.080300187070 -26.890101295156 -4.04523128475494 -2.51348250874993 -5.99559372335175
2024-06-19T22:36:00.000 -4389.344610600460 4987.641656057510 -1447.333675182020 -2.82703497970594 -4.16580521112763 -5.76902705527795
2024-06-19T22:40:00.000 -4900.152849342860 3818.804443953680 -2762.322255631640 -1.40385135782369 -5.51500236962711 -5.12224132116796
2024-06-19T22:44:00.000 -5055.081451828890 2372.611332029650 -3876.126918921850 0.12050010385801 -6.46306196684386 -4.10283014836718
2024-06-19T22:48:00.000 -4843.080058943290 754.187210843674 -4707.780636744640 1.63530207289565 -6.94161376647597 -2.78537762945342
2024-06-19T22:52:00.000 -4279.686318025460 -918.966106151600 -5196.887996151130 3.03102708780873 -6.91641393189884 -1.26565620303102
2024-06-19T22:56:00.000 -3405.809703266470 -2525.447576361280 -5307.899407438750 4.20699736345617 -6.38936467784941 0.34630654203336
2024-06-19T23:00:00.000 -2284.762995687150 -3948.637548145780 -5032.602759154080 5.07824724732879 -5.39813293921566 1.93403993682154
2024-06-19T23:04:00.000 -997.776154870653 -5085.007413889160 -4390.732428050560 5.58131399427315 -4.01357175382445 3.38243824033939
2024-06-19T23:08:00.000 361.750210823985 -5851.590703676790 -3428.679142546910 5.67888919254976 -2.33523637185797 4.58582342592154
2024-06-19T23:12:00.000 1694.918835100380 -6192.111284550540 -2216.290162732510 5.36284366018194 -0.48474757365422 5.45560376087226
2024-06-19T23:16:00.000 2904.532587927850 -6081.307457553570 -841.922264786678 4.65549723666363 1.40265527203189 5.92720963884338
2024-06-19T23:20:00.000 3902.305936049830 -5526.993280514280 594.014298066316 3.60836703262413 3.18834854022115 5.96545470454363
2024-06-19T23:24:00.000 4615.472276605610 -4569.587734376450 1986.512333473350 2.29843983572975 4.74103786141660 5.56749963125580
2024-06-19T23:28:00.000 4992.220381489570 -3279.103819971750 3233.820367148750 0.82219536848774 5.94700585849753 4.76313112807525
2024-06-19T23:32:00.000 5005.476112190620 -1749.847646988590 4245.019199890370 -0.71205907859775 6.71878215183483 3.61215461338624
2024-06-19T23:36:00.000 4654.748020241650 -93.326368590497 4946.669114029290 -2.19253685613910 7.00130087570095 2.19946169031236
2024-06-19T23:40:00.000 3965.952000428870 1569.998852733580 5288.045711108350 -3.51225281890716 6.77532144331603 0.62819512088834
2024-06-19T23:44:00.000 2989.369406675240 3119.425504675360 5244.620624869210 -4.57629939871362 6.05798515003272 -0.98774621113237
2024-06-19T23:48:00.000 1795.962278345490 4442.604320757260 4819.714197531770 -5.30821474562027 4.90135892338639 -2.53152920717036
2024-06-19T23:52:00.000 472.292865480783 5443.540109048110 4044.225347143660 -5.65521808942168 3.38886784211648 -3.89151353209478
2024-06-19T23:56:00.000 -885.639519671153 6049.466631494230 2974.441777161420 -5.59192863154831 1.62956656312850 -4.96899208193277
2024-06-20T00:00:00.000 -2179.258148274750 6216.151398922650 1688.080544986340 -5.12245511794891 -0.24917004967359 -5.68520442030302
2024-06-20T00:04:00.000 -3314.551496600980 5931.251638452720 278.741280918302 -4.28057445514489 -2.11060515551386 -5.98746272891060
2024-06-20T00:08:00.000 -4208.980007972490 5215.344792901220 -1150.909224881210 -3.12754568054769 -3.81886744387751 -5.85340564406171
2024-06-20T00:12:00.000 -4797.575912920930 4120.480493955100 -2496.695103861970 -1.74760150418118 -5.24926290570574 -5.29292430695084
2024-06-20T00:16:00.000 -5037.707888940200 2726.323906075060 -3660.625112159910 -0.24144193038683 -6.29779182998835 -4.34728787987896
2024-06-20T00:20:00.000 -4912.129661519040 1134.240872292140 -4558.061345650420 1.28142609303105 -6.88868994083033 -3.08575955170438
2024-06-20T00:24:00.000 -4430.123325640150 -540.151903106945 -5123.822307033800 2.71078423058984 -6.97960462781960 -1.60016739323794
2024-06-20T00:28:00.000 -3626.721634781720 -2175.361338135360 -5316.801519537470 3.94351096031033 -6.56412695264976 0.00190081165961
2024-06-20T00:32:00.000 -2560.143443404450 -3652.702771218570 -5122.857625980020 4.89059987400765 -5.67192288426400 1.60461690599230
2024-06-20T00:36:00.000 -1307.655855057070 -4864.768183200400 -4555.838389180650 5.48325173328407 -4.36676761037702 3.09192895189450
2024-06-20T00:40:00.000 39.886213732282 -5723.143648114500 -3656.672248955500 5.67772728568728 -2.74232817828002 4.35550311754200
2024-06-20T00:44:00.000 1384.507668289370 -6164.903879039340 -2490.584160993550 5.45889602690474 -0.91614135896814 5.30249416908532
2024-06-20T00:48:00.000 2628.220069418830 -6157.391429948590 -1142.493945004600 4.84186192359904 0.97859950411417 5.86270600889813
2024-06-20T00:52:00.000 3680.253425010410 -5700.833549433620 289.141652647059 3.87137991895705 2.80278814967051 5.99433996144007
2024-06-20T00:56:00.000 4463.853862135870 -4828.469359627820 1699.630998678410 2.61874537185849 4.42228070874242 5.68759699726084
2024-06-20T01:00:00.000 4922.022745251810 -3604.082336754090 2985.871822401840 1.17621386460497 5.71830678698237 4.96543824314805
2024-06-20T01:04:00.000 5021.707685135670 -2117.187131302080 4054.043167232410 -0.35024668126717 6.59658344465419 3.88168038703128
2024-06-20T01:08:00.000 4756.113362752290 -476.272598726615 4826.502197169370 -1.84920163641333 6.99417908007058 2.51639193313850
2024-06-20T01:12:00.000 4145.000665842010 1199.259287084830 5247.349481902240 -3.21213455737159 6.88350856651948 0.96949905316526
2024-06-20T01:16:00.000 3233.063105113930 2787.774050225280 5286.304485111520 -4.34096303387442 6.27356183006010 -0.64670884635051
2024-06-20T01:20:00.000 2086.610105363480 4174.095556541790 4940.735107874980 -5.15464034509440 5.20878036237536 -2.21545112816032
2024-06-20T01:24:00.000 788.812953260017 5257.668562391820 4235.789098959300 -5.59450008640659 3.76591869864309 -3.62330701706895
2024-06-20T01:28:00.000 -566.205747437275 5959.761022401960 3222.639810629390 -5.62853377567439 2.04903793217105 -4.76813596050264
2024-06-20T01:32:00.000 -1880.106373224790 6229.188292427660 1974.873617252650 -5.25385530175694 0.18231514439276 -5.56642678487595
2024-06-20T01:36:00.000 -3057.428955290490 6046.135509283000 583.250466917890 -4.49728359357815 -1.69856389609815 -5.95952247695575
2024-06-20T01:40:00.000 -4012.582161438250 5423.748281708480 -850.872715704861 -3.41377059093633 -3.45635844823079 -5.91839090127330
2024-06-20T01:44:00.000 -4676.162750870660 4407.248499310530 -2222.993678667130 -2.08241776149361 -4.96272070718354 -5.44603791718096
2024-06-20T01:48:00.000 -5000.064826187760 3070.601750129520 -3433.180141526590 -0.60044821329023 -6.10799306925608 -4.57727322041650
2024-06-20T01:52:00.000 -4960.950459613290 1511.016051735370 -4393.405107616340 0.92427857774488 -6.80930740335288 -3.37581410453964
2024-06-20T01:56:00.000 -4561.840636267150 -158.224704061525 -5033.914510196640 2.38131544353586 -7.01630470366629 -1.92922878862644
2024-06-20T02:00:00.000 -3831.781419159540 -1815.989449436710 -5308.186861199030 3.66549551140367 -6.71426396122271 -0.34237247386297
2024-06-20T02:04:00.000 -2823.693625393640 -3341.983304266480 -5196.202089758560 4.68416901095204 -5.92478524051847 1.27005782999880
2024-06-20T02:08:00.000 -1610.596920904070 -4625.313990959810 -4705.865589710160 5.36344371951878 -4.70420583072952 2.79135864871485
2024-06-20T02:12:00.000 -280.456083592423 -5572.448714105730 -3872.530831520360 5.65345805791809 -3.14006042221213 4.11086414345951
2024-06-20T02:16:00.000 1070.078125636300 -6114.042657268740 -2756.590181900430 5.53217033285434 -1.34526743102239 5.13183589247062
2024-06-20T02:20:00.000 2342.633975058240 -6210.159684968040 -1439.248767801220 5.00749069008020 0.54946767325554 5.77873526920898
2024-06-20T02:24:00.000 3444.355520897210 -5853.421948722650 -16.665308651771 4.11726040562626 2.40523497645902 6.00334159995686
2024-06-20T02:28:00.000 4294.836818734970 -5069.721047699810 1407.138454384440 2.92675852063384 4.08551962622640 5.78884445913544
2024-06-20T02:32:00.000 4832.153212858680 -3916.343158464010 2728.055627180600 1.52369277470509 5.46694022492693 5.15135046580652
2024-06-20T02:36:00.000 5017.438018029400 -2477.635854018960 3849.678492698480 0.01123320621592 6.44879709387358 4.13843219078036
2024-06-20T02:40:00.000 4837.639172369920 -858.629161581629 4690.408879483250 -1.50007205840746 6.96045120417756 2.82504939654617
2024-06-20T02:44:00.000 4306.293795776400 822.789064603862 5189.336018641320 -2.90055199456745 6.96594720133091 1.30754671242379
2024-06-20T02:48:00.000 3462.353156454900 2444.493144602440 5310.512710134160 -4.08931572976579 6.46600019458963 -0.30372640305890
2024-06-20T02:52:00.000 2367.245279310300 3888.879488072430 5045.372395101250 -4.98100226948013 5.49729960004499 -1.89224529874774
2024-06-20T02:56:00.000 1100.436155952990 5051.213889934080 4413.258863125590 -5.51149102381520 4.12976449441492 -3.34328501834308
2024-06-20T03:00:00.000 -246.213075792768 5847.078395146490 3460.051681607860 -5.64222833721700 2.46187356253857 -4.55169716543238
2024-06-20T03:04:00.000 -1574.980710028920 6218.495472972640 2254.965483076070 -5.36330941689015 0.61421672376349 -5.42938834925232
2024-06-20T03:08:00.000 -2789.341138623970 6138.245111947920 885.631702762263 -4.69459712439548 -1.27902297113428 -5.91196914604334
2024-06-20T03:12:00.000 -3801.013425106440 5611.978998547100 -548.237060114142 -3.68456335916370 -3.07979871012554 -5.96383717265198
2024-06-20T03:16:00.000 -4536.468259770450 4677.901918101150 -1942.158040978720 -2.40689766423277 -4.65663030871886 -5.58112825066628
2024-06-20T03:20:00.000 -4942.346538939920 3403.973649615150 -3194.585746014660 -0.95492800838141 -5.89459628058583 -4.79201714203948
2024-06-20T03:24:00.000 -4989.342253951660 1882.868511574450 -4214.385664514820 0.56553892201950 -6.70396223872529 -3.65448650709184
2024-06-20T03:28:00.000 -4674.237446428150 225.110714322341 -4927.457369184350 2.04425371979991 -7.02652509196751 -2.25156299292730
2024-06-20T03:32:00.000 -4020.012152787010 -1448.981177638410 -5282.017514110190 3.37443756842847 -6.83928028365525 -0.68504200991280
2024-06-20T03:36:00.000 -3074.112455186440 -3017.936543441960 -5252.240508356570 4.46014173624129 -6.15563536451432 0.93181678048766
2024-06-20T03:40:00.000 -1905.051338335960 -4367.790567720320 -4840.085314619070 5.22276955572375 -5.02437514351236 2.48207197237277
2024-06-20T03:44:00.000 -597.567410213188 -5400.231884729150 -4075.215083250460 5.60649924417755 -3.52646934134358 3.85312015388153
2024-06-20T03:48:00.000 753.371950770950 -6039.751173589130 -3013.007782778750 5.58251833357522 -1.76992100281579 4.94457760445406
2024-06-20T03:52:00.000 2049.410095631770 -6239.290322023650 -1730.704962959450 5.15165399232038 0.11756917877119 5.67582663418536
2024-06-20T03:56:00.000 3196.009045262960 -5983.899038839770 -321.863231510460 4.34477955351640 1.99779433650807 5.99245733117163
2024-06-20T04:00:00.000 4109.480796832310 -5292.018205784640 1110.522379469740 3.22091271743304 3.73251163575918 5.87079028647748
2024-06-20T04:04:00.000 4723.262049958500 -4214.190178006850 2461.697633501720 1.86280851998464 5.19421677688236 5.31996842725242
2024-06-20T04:08:00.000 4992.860943226990 -2829.255848494510 3632.993133609770 0.37041484429102 6.27612069012476 4.38117342455637
2024-06-20T04:12:00.000 4899.057454087790 -1238.375762905560 4539.130738133850 -1.14699589766696 6.90012585067503 3.12401530515018
2024-06-20T04:16:00.000 4449.142481555140 442.541846989630 5114.397937343650 -2.57914379776904 7.02207308238465 1.64085348651428
2024-06-20T04:20:00.000 3676.194690094390 2091.342080207290 5317.285163835350 -3.82268555074729 6.63427620752113 0.03975988822341
2024-06-20T04:24:00.000 2636.541717815380 3588.422808158270 5133.320416484470 -4.78829311548559 5.76548010262837 -1.56336355026478
2024-06-20T04:28:00.000 1405.665778522280 4825.241518345360 4575.993553466590 -5.40658017280030 4.47855060307858 -3.05271985136108
2024-06-20T04:32:00.000 72.820591015562 5712.028546182420 3685.779357710830 -5.63283846884311 2.86618148725154 -4.32053550488740
2024-06-20T04:36:00.000 -1265.312835621630 6184.239790817050 2527.299547092110 -5.45028930734843 1.04473263251508 -5.27456277349101
2024-06-20T04:40:00.000 -2511.554943303530 6207.328906261060 1184.759584422650 -4.87167969219152 -0.85365044442369 -5.84489670591208
2024-06-20T04:44:00.000 -3575.311437433830 5779.411053209820 -244.105867535856 -3.93885659405977 -2.69063039074774 -5.98947340970839
2024-06-20T04:48:00.000 -4379.253497239360 4931.508669555640 -1655.181455638420 -2.71983717730499 -4.33206265786069 -5.69756045959727
2024-06-20T04:52:00.000 -4865.025205314730 3725.305304617920 -2945.656836375040 -1.30369322031888 -5.65823195224249 -4.99069339809577
2024-06-20T04:56:00.000 -4997.498466681040 2248.558355256460 -4021.604678100580 0.20633692357054 -6.57290740228011 -3.92083598842621
2024-06-20T05:00:00.000 -4767.245256471820 608.598478832011 -4804.819701633310 1.70064734738322 -7.01014449978408 -2.56617887084219
2024-06-20T05:04:00.000 -4191.111302969720 -1075.519502068020 -5238.425844321660 3.07122548355990 -6.93870595813873 -1.02514687321917
2024-06-20T05:08:00.000 -3310.904508515280 -2681.602312996930 -5290.882604227820 4.21924147925204 -6.36374744569379 0.59080057920724
2024-06-20T05:12:00.000 -2190.379645234360 -4093.027940200250 -4958.200724339380 5.06167679816391 -5.32627554386495 2.16484298938842
2024-06-20T05:16:00.000 -910.732409779564 -5207.072520573950 -4264.275566917970 5.53707630049300 -3.90048149676288 3.58277017718873
2024-06-20T05:20:00.000 435.145847352150 -5942.343256621220 -3259.297165586980 5.61006413802628 -2.18896534409860 4.74098279270424
2024-06-20T05:24:00.000 1749.318382435210 -6244.815740556570 -2016.277649907150 5.27430708501502 -0.31588705383605 5.55410506317645
2024-06-20T05:28:00.000 2935.939182182090 -6092.003118087770 -625.855990569257 4.55359932189695 1.58168964965555 5.96163259789768
2024-06-20T05:32:00.000 3908.397018197250 -5494.824591186020 810.337473447574 3.50061568053933 3.36429667423977 5.93314780985322
2024-06-20T05:36:00.000 4595.800496160750 -4496.870450353420 2187.263399789800 2.19283405510295 4.90090700396107 5.47085497807474
2024-06-20T05:40:00.000 4948.243979651850 -3171.137254265010 3404.330431736200 0.72651140363009 6.07907825946725 4.60933598094305
2024-06-20T05:44:00.000 4940.435975558560 -1614.505321809990 4372.861896233350 -0.79083925738275 6.81345825881306 3.41259030398057
2024-06-20T05:48:00.000 4573.411515012220 59.540962957399 5022.557781092080 -2.24873606904135 7.05178424346867 1.96872372338202
2024-06-20T05:52:00.000 3874.259976566890 1729.283067820130 5306.482215269440 -3.54183066380080 6.77799056714938 0.38309176031383
2024-06-20T05:56:00.000 2894.003548528390 3273.562811474750 5204.291132390090 -4.57716354649251 6.01269663188598 -1.22937237178151
2024-06-20T06:00:00.000 1703.854493233440 4580.416277719920 4723.573576819830 -5.28037629489455 4.81143004242844 -2.75217461119426
2024-06-20T06:04:00.000 390.125831066952 5555.028807910470 3899.264741897580 -5.60071744336042 3.26075790988859 -4.07522495624132
2024-06-20T06:08:00.000 -951.903534734083 6126.523686875960 2791.195760145520 -5.51471195549668 1.47249571402682 -5.10235337826877
2024-06-20T06:12:00.000 -2224.813152267990 6253.165016526450 1479.889026107770 -5.02815436182037 -0.42375795176586 -5.75845131794051
2024-06-20T06:16:00.000 -3336.101265170770 5925.522694690480 60.767358120579 -4.17604966493164 -2.29002846594030 -5.99522721292182
2024-06-20T06:20:00.000 -4204.973432617100 5167.287409677210 -1362.778776354480 -3.02041198860265 -3.99001270215372 -5.79508582685220
2024-06-20T06:24:00.000 -4768.330605872430 4033.602266550550 -2687.020300884910 -1.64570425839819 -5.39964806835049 -5.17281471268428
2024-06-20T06:28:00.000 -4985.385958060770 2606.955777406670 -3815.549936114180 -0.15220092027915 -6.41651649496793 -4.17420787351511
2024-06-20T06:32:00.000 -4840.563721403080 991.061388853764 -4666.320241011950 1.35158639453231 -6.96719590259235 -2.87233184539483
2024-06-20T06:36:00.000 -4344.524253024820 -696.749581007385 -5177.541358990760 2.75687018382891 -7.01223256867110 -1.36185439375893
2024-06-20T06:40:00.000 -3533.295645303840 -2334.009820038370 -5312.052679886040 3.96226850116422 -6.54847569444837 0.24786642974229
2024-06-20T06:44:00.000 -2465.644473714140 -3801.869104703970 -5059.935790866030 4.88073185315301 -5.60900415967218 1.84048664839086
2024-06-20T06:48:00.000 -1218.913110162100 -4993.563650396410 -4439.245171951800 5.44542514972565 -4.26092995561092 3.30057760501651
2024-06-20T06:52:00.000 116.440219063298 -5822.113576541140 -3494.825630484880 5.61458215625800 -2.60111641016216 4.52163865150537
2024-06-20T06:56:00.000 1443.298555939200 -6226.736545885580 -2295.231841441490 5.37490114167984 -0.74977315188105 5.41382592724365
2024-06-20T07:00:00.000 2664.943490029910 -6177.485029316640 -927.875618722134 4.74308814005691 1.15790405876270 5.91091422180625
2024-06-20T07:04:00.000 3692.211549392810 -5677.658049979440 507.342741565541 3.76503714625129 2.98182673299271 5.97578261769196
2024-06-20T07:08:00.000 4450.164008896500 -4763.694738883210 1905.446262342440 2.51270270372260 4.58773735721448 5.60359179379687
2024-06-20T07:12:00.000 4883.717418628680 -3502.461891245460 3164.259788289950 1.07840634373996 5.85802934901913 4.82232167894457
2024-06-20T07:16:00.000 4961.645360622230 -1986.150278611430 4192.013858627320 -0.43264583048791 6.70052384030356 3.69007007636248
2024-06-20T07:20:00.000 4678.727224710000 -325.355459170982 4914.043102247990 -1.91030787084417 7.05490856543772 2.29032192395911
2024-06-20T07:24:00.000 4055.956645160120 1359.097163500830 5278.126964264770 -3.24759804909156 6.89667659851518 0.72542577246660
2024-06-20T07:28:00.000 3138.854775520280 2944.938016155110 5258.108557215330 -4.34828367923508 6.23824265323356 -0.89109605902543
2024-06-20T07:32:00.000 1994.092221180870 4317.183599868600 4855.629197827110 -5.13332476876581 5.12751498430770 -2.44242279941980
2024-06-20T07:36:00.000 704.708520514892 5376.296623944970 4099.966347416540 -5.54613985506327 3.64458100441966 -3.81640617426841
2024-06-20T07:40:00.000 -635.792647060012 6045.303672183580 3045.971840692740 -5.55664557883355 1.89632998320915 -4.91331846788242
2024-06-20T07:44:00.000 -1930.121408291110 6275.406189778490 1770.219642884350 -5.16364198467557 0.00932945979808 -5.65301732957758
2024-06-20T07:48:00.000 -3084.244740117010 6049.660224316840 365.526786355727 -4.39535946064455 -1.87918115175561 -5.98118307624277
2024-06-20T07:52:00.000 -4014.270761167340 5384.324716921910 -1065.796994801960 -3.30758586450147 -3.63144995139252 -5.87354363717505
2024-06-20T07:56:00.000 -4652.633197650530 4327.755216227560 -2419.456236142170 -1.97974249190494 -5.11950055321509 -5.33799434226390
2024-06-20T08:00:00.000 -4953.069541096190 2956.835477613570 -3596.881992030960 -0.50876735583695 -6.23508645227329 -4.41399089800815
2024-06-20T08:04:00.000 -4893.945833739190 1371.253283773840 -4512.451464623860 0.99833925961306 -6.89754738946367 -3.16924627299687
2024-06-20T08:08:00.000 -4479.719379859240 -313.837756401126 -5099.665598530570 2.43247358401192 -7.05935032176309 -1.69436887477592
2024-06-20T08:12:00.000 -3740.511747298670 -1976.163780104590 -5315.862013728030 3.69011919419997 -6.70898851073834 -0.09619951240581
2024-06-20T08:16:00.000 -2729.893436612760 -3495.088306354970 -5145.219157312810 4.68051120796148 -5.87149103169288 1.50972807092968
2024-06-20T08:20:00.000 -1521.059817794270 -4760.206343198020 -4599.892620779160 5.33178883355383 -4.60662255676332 3.00714370263529
2024-06-20T08:24:00.000 -201.672300298947 -5679.269011370010 -3719.234702103040 5.59602812065553 -3.00511845255383 4.28700743216669
2024-06-20T08:28:00.000 1132.375544932380 -6184.947778094520 -2567.110057024610 5.45304066139504 -1.18274545691823 5.25535534376206
2024-06-20T08:32:00.000 2383.892544475670 -6239.923026180550 -1227.400796054690 4.91236742591642 0.72767249422714 5.84043970369879
2024-06-20T08:36:00.000 3461.555143843550 -5839.845666548050 202.061891826117 4.01313886584948 2.58595291255325 5.99860827053912
2024-06-20T08:40:00.000 4286.735540551350 -5013.807424324140 1616.744081376550 2.82134917767599 4.25543391980127 5.71804239879561
2024-06-20T08:44:00.000 4799.382023077680 -3822.209680196100 2913.220957295400 1.42480211063600 5.61356326104377 5.01976375556394
2024-06-20T08:48:00.000 4962.455979562920 -2352.196695897990 3996.912664187740 -0.07382837832101 6.56149200912798 3.95589632311574
2024-06-20T08:52:00.000 4764.532847067670 -711.043118754076 4789.036046421810 -1.56514801657745 7.03123305678814 2.60502240296806
2024-06-20T08:56:00.000 4220.437615967290 981.806864839977 5232.235733787570 -2.94110636807461 6.98985950298126 1.06599043063634
2024-06-20T09:00:00.000 3370.006333654330 2603.417723521660 5294.592275200310 -4.10253942652882 6.44130847667369 -0.54936434223297
2024-06-20T09:04:00.000 2275.113465517030 4036.183770604830 4971.788922891490 -4.96600404753992 5.42572588554606 -2.12422157094455
2024-06-20T09:08:00.000 1015.203283981330 5176.188561432100 4287.338428247480 -5.46934191717601 4.01637718611365 -3.54478423704309
2024-06-20T09:12:00.000 -318.356858459174 5940.611105227310 3290.927893446580 -5.57595869146289 2.31483718982116 -4.70801312330353
2024-06-20T09:16:00.000 -1628.788274863870 6273.748401152630 2054.933437848060 -5.27770460336202 0.44420058582396 -5.52905309382571
2024-06-20T09:20:00.000 -2820.890620858930 6151.166566383520 669.258382575184 -4.59585367597913 -1.45959233694754 -5.94763748719758
2024-06-20T09:24:00.000 -3808.005876121200 5581.622586320430 -765.181648536432 -3.57992838115719 -3.25766018632461 -5.93290892665357
2024-06-20T09:28:00.000 -4518.410344633550 4606.492423919010 -2143.871570456160 -2.30406901283910 -4.81878177852872 -5.48592183400321
2024-06-20T09:32:00.000 -4900.585269745310 3296.729451434460 -3366.396748224570 -0.86143776068820 -6.02925527889494 -4.63957616168418
2024-06-20T09:36:00.000 -4926.953327965880 1747.602130720970 -4343.823444737840 0.64290197932305 -6.80140987157158 -3.45598523123666
2024-06-20T09:40:00.000 -4595.788433654930 71.652143812729 -5005.147574798910 2.09992008965400 -7.07976926687300 -2.02146135214478
2024-06-20T09:44:00.000 -3931.222197977930 -1609.498879490960 -5302.342742879670 3.40443014752905 -6.84450513519457 -0.44000681138337
2024-06-20T09:48:00.000 -2981.437802328160 -3173.871490435500 -5213.735961767080 4.46232982656673 -6.11244453753765 1.17405502677049
2024-06-20T09:52:00.000 -1815.224315607740 -4507.820978112420 -4745.543927866950 5.19699190741638 -4.93581897265281 2.70395577639096
2024-06-20T09:56:00.000 -517.116717984823 -5514.167826261740 -3931.505461377260 5.55461570789549 -3.39888137791502 4.03845272258799
2024-06-20T10:00:00.000 818.595031353529 -6119.279560855410 -2830.598217807480 5.50827470329952 -1.61252920449273 5.07975304037338
