CCSDS_OEM_VERS = 2.0
CREATION_DATE  = 2024-06-10T16:54:32.704
ORIGINATOR     = NASA/JSC/FOD/TOPO

META_START
OBJECT_NAME          = ISS
OBJECT_ID            = 1998-067-A
CENTER_NAME          = Earth
REF_FRAME            = EME2000
TIME_SYSTEM          = UTC
START_TIME           = 2024-06-10T12:00:00.000
USEABLE_START_TIME   = 2024-06-10T12:00:00.000
USEABLE_STOP_TIME    = 2024-06-25T12:00:00.000
STOP_TIME            = 2024-06-25T12:00:00.000
META_STOP

COMMENT Source: This file was produced by the TOPO office within FOD at JSC.
COMMENT Units are in kg and m^2
COMMENT MASS=473796.41
COMMENT DRAG_AREA=1693.50
COMMENT DRAG_COEFF=2.45
COMMENT SOLAR_RAD_AREA=0.00
COMMENT SOLAR_RAD_COEFF=0.00
COMMENT Orbits start at the ascending node epoch
COMMENT ISS first asc. node: EPOCH = 2024-06-10T13:24:30.798 $ ORBIT = 1752 $ LAN(DEG) = -112.40132
COMMENT ISS last asc. node : EPOCH = 2024-06-25T10:53:02.553 $ ORBIT = 1983 $ LAN(DEG) = -162.98938
COMMENT Begin sequence of events
COMMENT TRAJECTORY EVENT SUMMARY:
COMMENT 
COMMENT |       EVENT        |       TIG        | ORB |   DV    |   HA    |   HP    |
COMMENT |                    |       GMT        |     |   M/S   |   KM    |   KM    |
COMMENT |                    |                  |     |  (F/S)  |  (NM)   |  (NM)   |
COMMENT =============================================================================
COMMENT  GMT167 Reboost        167:04:10:00.000             2.0     418.0     411.4
COMMENT                                                    (6.6)   (225.7)   (222.2)
COMMENT 
COMMENT  CFT_Undock            170:05:13:00.000             0.0     422.4     413.5
COMMENT                                                    (0.0)   (228.1)   (223.3)
COMMENT 
COMMENT =============================================================================
COMMENT End sequence of events
2024-06-10T12:00:00.000 6093.183937751390 1015.926152794680 2824.971707096950 -3.15862615920596 4.77753874428772 5.09064864206744
2024-06-10T12:04:00.000 5122.541505477900 2111.612990300670 3928.705665938620 -4.88036369212170 4.29747838237823 4.05094545793736
2024-06-10T12:08:00.000 3779.202244679720 3053.694833238500 4745.817529924310 -6.24558619542775 3.50540416929694 2.71684299019642
2024-06-10T12:12:00.000 2161.143218274000 3773.832692317340 5217.002050490690 -7.15588541357367 2.45925581085989 1.18584983413385
2024-06-10T12:16:00.000 386.091168335114 4219.854696593260 5308.160042558570 -7.54601697120966 1.23498908740064 -0.43077237690610
2024-06-10T12:20:00.000 -1416.997526308030 4359.437366824000 5012.747748542110 -7.38811280990349 -0.07894203016572 -2.01601030579261
2024-06-10T12:24:00.000 -3117.150178532280 4182.376380986400 4352.198407486680 -6.69334295651727 -1.38770397571850 -3.45505065899323
2024-06-10T12:28:00.000 -4590.732548492130 3701.352874844170 3374.443116989260 -5.51140634622349 -2.59652323011541 -4.64318975226357
2024-06-10T12:32:00.000 -5730.390977574370 2951.120909334620 2150.566540934430 -3.92755111389254 -3.61733923948335 -5.49340539306533
2024-06-10T12:36:00.000 -6452.955374160320 1986.104218172900 769.735093258194 -2.05690119227342 -4.37537161982284 -5.94303061978069
2024-06-10T12:40:00.000 -6705.665721287960 876.479573602447 -667.293936928997 -0.03615649172939 -4.81498316063767 -5.95880824593007
2024-06-10T12:44:00.000 -6470.139360607470 -296.969528736945 -2055.605461444540 1.98672189791657 -4.90399175520433 -5.53958294246988
2024-06-10T12:48:00.000 -5763.737609824120 -1448.819170175970 -3293.903612590570 3.86375665506022 -4.63617007672650 -4.71647765128164
2024-06-10T12:52:00.000 -4638.190874573110 -2495.324668141260 -4292.000839672380 5.45833191875972 -4.03158673535980 -3.55027669730922
2024-06-10T12:56:00.000 -3175.633385199690 -3360.538795162180 -4977.375481896930 6.65520103293204 -3.13467752392421 -2.12642007353034
2024-06-10T13:00:00.000 -1482.486946993930 -3981.758870035250 -5300.325471456950 7.36833484034142 -2.01066703514300 -0.54845966092844
2024-06-10T13:04:00.000 318.271809371045 -4313.959968459310 -5237.438719572640 7.54655191895929 -0.74076407891692 1.06937391679978
2024-06-10T13:08:00.000 2095.914658170890 -4332.963823860480 -4793.211680950460 7.17678674096160 0.58352353031951 2.61006418236396
2024-06-10T13:12:00.000 3721.268706576890 -4037.175147711460 -3999.757962425620 6.28503400770191 1.86655966461638 3.96181404829121
2024-06-10T13:16:00.000 5075.980417948030 -3447.797111288600 -2914.610892652070 4.93503587258800 3.01512900803837 5.02587243229449
2024-06-10T13:20:00.000 6061.154869580950 -2607.433268703440 -1616.695312667520 3.22431344008551 3.94521933957094 5.72386938441946
2024-06-10T13:24:00.000 6604.717950186840 -1577.102783432260 -200.669073163834 1.27753922874407 4.58838228066976 6.00396607310775
2024-06-10T13:28:00.000 6666.886247150300 -431.822984169890 1230.015682747110 -0.76259396167368 4.89721639185593 5.84525451308520
2024-06-10T13:32:00.000 6243.190958605760 744.936838793961 2570.805928654210 -2.74639773944734 4.84913640309507 5.25951951210459
2024-06-10T13:36:00.000 5364.779960227970 1867.453278213060 3723.828646814650 -4.52868207213851 4.44806010224382 4.29026687104019
2024-06-10T13:40:00.000 4095.977566481010 2854.092680911550 4605.116708257760 -5.97988445520866 3.72385692679269 3.00904529483001
2024-06-10T13:44:00.000 2529.382467831980 3633.256374785330 5150.675464445810 -6.99532162153161 2.72968807962906 1.50964564931104
2024-06-10T13:48:00.000 779.010588457624 4148.483870261850 5320.990437607790 -7.50214228310033 1.53775384152876 -0.09895087774137
2024-06-10T13:52:00.000 -1027.944879647720 4362.429641587470 5103.768267083520 -7.46401342337477 0.23422633059814 -1.70020320836390
2024-06-10T13:56:00.000 -2760.227432956500 4259.509534304820 4514.779284295070 -6.88357722894844 -1.08679088223204 -3.17815893404218
2024-06-10T14:00:00.000 -4291.894898240260 3847.032039365990 3596.753727776250 -5.80228124351444 -2.32970435859262 -4.42539123932066
2024-06-10T14:04:00.000 -5511.396769383320 3154.765436270630 2416.406041535080 -4.29796820056330 -3.40408444916815 -5.35070660564663
2024-06-10T14:08:00.000 -6329.747159397020 2232.893755016080 1059.698063375290 -2.47979676459149 -4.23129016396211 -5.88593628933323
2024-06-10T14:12:00.000 -6687.181451844930 1148.440818509040 -374.382361758506 -0.48059930786282 -4.75057781773677 -5.99147769880356
2024-06-10T14:16:00.000 -6557.657550141570 -19.636647737027 -1781.128171311040 1.55323149401169 -4.92389539413230 -5.65957467380661
2024-06-10T14:20:00.000 -5950.791341993800 -1186.286584878920 -3057.873104898430 3.47284990614439 -4.73882386137490 -4.91488201065569
2024-06-10T14:24:00.000 -4911.071175530910 -2266.654488927560 -4111.583249508080 5.13835069177767 -4.20937335810106 -3.81245521709135
2024-06-10T14:28:00.000 -3514.433189333300 -3182.300349745030 -4865.654671996400 6.42915744088758 -3.37458803206330 -2.43322157859241
2024-06-10T14:32:00.000 -1862.569793623380 -3866.852506431740 -5265.389799201910 7.25242373246194 -2.29532574673263 -0.87764878378046
2024-06-10T14:36:00.000 -75.496551223736 -4270.710838154090 -5281.820912024870 7.54911348560191 -1.04963359790349 0.74158941663451
2024-06-10T14:40:00.000 1717.053751355000 -4364.529452930440 -4913.709997386680 7.29772586208696 0.27271054000591 2.30741186340292
2024-06-10T14:44:00.000 3384.864066484930 -4141.313727939660 -4187.646538591450 6.51577650481009 1.57628317553576 3.70632260754253
2024-06-10T14:48:00.000 4806.547198748900 -3617.000187568980 -3156.244729524140 5.25900934416646 2.76652684181713 4.83625092787183
2024-06-10T14:52:00.000 5878.375290485010 -2829.440108036610 -1894.478870448180 3.61804440694433 3.75650512236822 5.61412240816091
2024-06-10T14:56:00.000 6521.969453385350 -1835.773238199400 -494.323924125342 1.71226909808862 4.47345876829422 5.98228496437972
2024-06-10T15:00:00.000 6690.218447293800 -708.316157296698 941.953806333658 -0.31875782723598 4.86452554756191 5.91324786913706
2024-06-10T15:04:00.000 6370.879422596970 470.763305251281 2309.383149518570 -2.32593864758065 4.90103506664407 5.41214324389668
2024-06-10T15:08:00.000 5587.466758464690 1615.561903744870 3508.119844870690 -4.16233183218046 4.58069016481360 4.51622665268623
2024-06-10T15:12:00.000 4397.381913613410 2642.793780849850 4450.817603720500 -5.69422390112214 3.92740316500886 3.29167896079129
2024-06-10T15:16:00.000 2887.542572825720 3477.873992044470 5068.976840785390 -6.81085616908814 2.98927441734520 1.82833057361925
2024-06-10T15:20:00.000 1167.895231982500 4060.282532838460 5317.811163108880 -7.43212960089472 1.83461353872378 0.23271881822595
2024-06-10T15:24:00.000 -636.589036489879 4347.815842218480 5179.341652556070 -7.51356053255535 0.54686761845712 -1.37960138213462
2024-06-10T15:28:00.000 -2394.839538648090 4319.562063028910 4663.623227128940 -7.04913126648162 -0.78098786219157 -2.89189111353071
2024-06-10T15:32:00.000 -3979.054608154630 3977.424970237340 3808.061332818210 -6.07197287871123 -2.05291949281424 -4.19432615630401
2024-06-10T15:36:00.000 -5273.899321665560 3346.056735011350 2674.804095665870 -4.65231504507047 -3.17650081912687 -5.19178072706037
2024-06-10T15:40:00.000 -6184.924438441940 2471.187094786000 1346.348881238500 -2.89300311902432 -4.06960839931304 -5.81088794075474
2024-06-10T15:44:00.000 -6645.594551997060 1416.386808277940 -80.405708514976 -0.92239900504030 -4.66667269045776 -6.00584837953520
2024-06-10T15:48:00.000 -6622.303954682920 258.442152446808 -1501.285528698790 1.11518663017000 -4.92386638079510 -5.76224958445110
2024-06-10T15:52:00.000 -6116.898830900270 -918.321082262450 -2812.569710673670 3.07056535621818 -4.82259265883844 -5.09824306350068
2024-06-10T15:56:00.000 -5166.467610545560 -2028.283809844200 -3918.668538657920 4.80108907721762 -4.37069562387422 -4.06296717275108
2024-06-10T16:00:00.000 -3840.473889976100 -2990.818821229530 -4739.124382551110 6.18127142999510 -3.60160928607344 -2.73252469058199
2024-06-10T16:04:00.000 -2235.526620615610 -3736.125851941560 -5214.395702201270 7.11168643027639 -2.57151302658509 -1.20398748415551
2024-06-10T16:08:00.000 -468.284231444032 -4210.199310524280 -5310.043163080850 7.52559403138039 -1.35503351429184 0.41179145289061
2024-06-10T16:12:00.000 1332.949327364320 -4378.629028919470 -5019.107256657140 7.39318750160381 -0.03988235358121 1.99799159712702
2024-06-10T16:16:00.000 3037.359171955370 -4229.035105209560 -4362.589442010000 6.72349518031386 1.27909474598086 3.43974583168358
2024-06-10T16:20:00.000 4520.953762892860 -3772.014699212710 -3388.030413584150 5.56408976722657 2.50637857755752 4.63206687836292
2024-06-10T16:24:00.000 5675.532870495360 -3040.506681144040 -2166.222994148140 3.99834283582812 3.55242560386980 5.48738288143826
2024-06-10T16:28:00.000 6416.695885898970 -2087.543848603000 -786.192864329074 2.14005859560914 4.34043726941797 5.94236616388864
2024-06-10T16:32:00.000 6690.199759219950 -982.445945915359 651.289668080057 0.12516447586518 4.81236908518227 5.96314464286097
2024-06-10T16:36:00.000 6476.075051442440 194.259202306327 2041.163816362670 -1.89846566728995 4.93350712011021 5.54811178285332
2024-06-10T16:40:00.000 5790.133039638200 1356.816000059240 3281.909441358840 -3.78250468799430 4.69527163703688 4.72815887226340
2024-06-10T16:44:00.000 4682.686411989270 2420.611932710970 4283.076037706220 -5.38958870020893 4.11564824944155 3.56398770494196
2024-06-10T16:48:00.000 3234.668754623180 3308.378425958400 4971.874488527900 -6.60341111738584 3.23738363238292 2.14107139176508
2024-06-10T16:52:00.000 1551.589335699940 3955.747570862680 5298.364196442240 -7.33665907089918 2.12456590555413 0.56318164533421
2024-06-10T16:56:00.000 -244.188234879907 4315.823448336600 5238.950585441520 -7.53693358888245 0.85777450507371 -1.05525955322098
2024-06-10T17:00:00.000 -2022.240841474110 4362.457041255860 4797.975163051260 -7.18979341850251 -0.47163300022595 -2.59717889289400
2024-06-10T17:04:00.000 -3653.362279621490 4092.123174072510 4007.410169386330 -6.31983630650197 -1.76756066523828 -3.95071543741015
2024-06-10T17:08:00.000 -5018.842037614120 3524.258061043540 2924.658325886640 -4.98950216932172 -2.93591064733786 -5.01711093597564
2024-06-10T17:12:00.000 -6019.117748687010 2699.956976501700 1628.504524749160 -3.29501848596638 -3.89139046466537 -5.71805574028187
2024-06-10T17:16:00.000 -6581.146083239000 1679.082639094630 213.455781240184 -1.35984143986291 -4.56391661349933 -6.00173335540722
2024-06-10T17:20:00.000 -6663.899794829130 535.931499949548 -1217.177480997460 0.67436752862630 -4.90409510095887 -5.84713405651927
2024-06-10T17:24:00.000 -6261.458006057040 -646.242349257115 -2558.944513085340 2.65860816827891 -4.88715869021568 -5.26580285029660
2024-06-10T17:28:00.000 -5403.398545482300 -1781.399041038950 -3713.996128540200 4.44796638576013 -4.51477775923910 -4.30082866664201
2024-06-10T17:32:00.000 -4152.481719222580 -2787.051834448300 -4598.274201195730 5.91254237012229 -3.81463342225150 -3.02324753063508
2024-06-10T17:36:00.000 -2599.897992533590 -3590.247983800890 -5147.572535994520 6.94668383019499 -2.83795857036041 -1.52639548948552
2024-06-10T17:40:00.000 -858.545396644627 -4132.777653757460 -5322.074382573810 7.47614244657323 -1.65559500548292 0.08106775852049
2024-06-10T17:44:00.000 945.126749495756 -4375.281274698150 -5109.116113666640 7.46285225624004 -0.35286704978390 1.68284192738167
2024-06-10T17:48:00.000 2680.146284503390 -4300.032348132680 -4524.061292014630 6.90739460074624 0.97630362899956 3.16300525455572
2024-06-10T17:52:00.000 4220.351815723120 -3912.244574640050 -3609.252941994660 5.84910633929901 2.23576090238759 4.41395808736743
2024-06-10T17:56:00.000 5453.476789741880 -3239.811808901690 -2431.096083588730 4.36388300890656 3.33378806486415 5.34400004647857
2024-06-10T18:00:00.000 6289.410626766340 -2331.429112573720 -1075.386060849550 2.55941662610291 4.18986245149947 5.88433682801982
2024-06-10T18:04:00.000 6666.974006355740 -1253.142746778880 358.906224038080 0.56763717077331 4.74089123491826 5.99475852324265
2024-06-10T18:08:00.000 6558.573794028450 -83.515493310301 1766.957525629800 -1.46532484594734 4.94635793576053 5.66702513332581
2024-06-10T18:12:00.000 5972.272609613600 1092.204708565430 3045.893721496290 -3.39038994965770 4.79141812155294 4.92551325901477
2024-06-10T18:16:00.000 4951.117402991960 2188.411650821250 4102.430030075100 -5.06696969960806 4.28791420108620 3.82520207894017
2024-06-10T18:20:00.000 3569.802408519750 3125.441605781970 4859.713452661220 -6.37353472181977 3.47313668360337 2.44708249832690
2024-06-10T18:24:00.000 1929.034295906880 3835.334588126930 5262.818201874270 -7.21605843413016 2.40666999133377 0.89173112034884
2024-06-10T18:28:00.000 148.147818453011 4266.662187880570 5282.584574304630 -7.53418143605853 1.16585096173446 -0.72797167185660
2024-06-10T18:32:00.000 -1643.497059218480 4388.143877038520 4917.633919957880 -7.30515931846501 -0.15975546429993 -2.29477503745843
2024-06-10T18:36:00.000 -3315.749861436840 4190.851056475330 4194.438330901100 -6.54518963831204 -1.47447903903554 -3.69514637810134
2024-06-10T18:40:00.000 -4746.968457294740 3688.909271918810 3165.486847765470 -5.30864744034743 -2.68299904449703 -4.82710802896147
2024-06-10T18:44:00.000 -5832.839965923420 2918.597691645840 1905.610046053540 -3.68481312170862 -3.69716194378457 -5.60763280748393
2024-06-10T18:48:00.000 -6494.092262707490 1935.818941144700 506.629020260369 -1.79183394791670 -4.44264079309624 -5.97909921831246
2024-06-10T18:52:00.000 -6682.438953182110 812.069814136192 -929.342637801134 0.23183089074882 -4.86467814424845 -5.91397115478608
2024-06-10T18:56:00.000 -6384.225066446220 -370.814009308245 -2297.455448251500 2.23791086486585 -4.93244389475727 -5.41714879313529
2024-06-10T19:00:00.000 -5621.411604454380 -1526.724705827650 -3497.910058467470 4.07979278605211 -4.64136341237072 -4.52549824954831
2024-06-10T19:04:00.000 -4449.833862543630 -2571.635756545100 -4443.304027563110 5.62356567598807 -4.01319002416363 -3.30475703712916
2024-06-10T19:08:00.000 -2954.947208553510 -3429.720264461990 -5064.965974778000 6.75775640211337 -3.09401276438372 -1.84423481673640
2024-06-10T19:12:00.000 -1245.493483302070 -4038.779590266870 -5317.818646355680 7.40085308873912 -1.95058857295270 -0.25004662054664
2024-06-10T19:16:00.000 554.375089946602 -4354.640337141960 -5183.520949529410 7.50664113029636 -0.66547524426509 1.36243621830369
2024-06-10T19:20:00.000 2313.969314317700 -4354.274888977480 -4671.739262613400 7.06717578943837 0.66867063528511 2.87651864684183
2024-06-10T19:24:00.000 3905.383646741380 -4037.479505777070 -3819.500586619450 6.11351112416142 1.95540000117402 4.18223175545586
2024-06-10T19:28:00.000 5212.690298360010 -3426.984503191910 -2688.632994673580 4.71390064532814 3.10118255390445 5.18410387127386
2024-06-10T19:32:00.000 6140.405413818600 -2566.941879120330 -1361.428437943460 2.96954273664315 4.02212770865430 5.80817834731778
2024-06-10T19:36:00.000 6620.631522444000 -1519.836817782320 65.266797968899 1.00775945244982 4.65037905825829 6.00799003686719
2024-06-10T19:40:00.000 6618.238685926900 -361.945639553401 1487.183451874370 -1.02748563981863 4.93965739316068 5.76861074399464
2024-06-10T19:44:00.000 6133.525737761860 822.325834248162 2800.408675962410 -2.98684378607396 4.86892423018647 5.10789119088630
2024-06-10T19:48:00.000 5202.127902189680 1946.721304892540 3909.115914008890 -4.72709259056842 4.44385191423965 4.07488794845703
2024-06-10T19:52:00.000 3892.227434337370 2929.492718996310 4732.607641220160 -6.12188651557606 3.69603168477795 2.74574791087741
2024-06-10T19:56:00.000 2299.389333393060 3699.329383732360 5211.121896275730 -7.07068858964347 2.68026124173672 1.21766005018650
2024-06-10T20:00:00.000 539.514703759084 4200.449528456880 5310.033645828340 -7.50550547369805 1.47033822359200 -0.39836751657147
2024-06-10T20:04:00.000 -1259.540291755600 4396.532644091820 5022.232858189880 -7.39521679455341 0.15367965691851 -1.98536692142969
2024-06-10T20:08:00.000 -2967.099103622930 4273.274899813250 4368.604620843620 -6.74759076234386 -1.17470158366929 -3.42836589127487
2024-06-10T20:12:00.000 -4459.003499573220 3839.446603186440 3396.581758834340 -5.60891845277727 -2.41863645888367 -4.62240203585179
2024-06-10T20:16:00.000 -5626.580118840470 3126.363852072500 2176.826295507400 -4.06127155686501 -3.48755525404697 -5.48006809054994
2024-06-10T20:20:00.000 -6384.628506974410 2185.731629528200 798.195495005064 -2.21706313275299 -4.30319786283786 -5.93814189392730
2024-06-10T20:24:00.000 -6677.792096184100 1085.945062937230 -638.713610077651 -0.21103937843633 -4.80566297417207 -5.96269395447657
2024-06-10T20:28:00.000 -6484.738319253820 -92.917901528124 -2028.985816379970 1.80982426783178 -4.95814808665121 -5.55193883527039
2024-06-10T20:32:00.000 -5819.742049488060 -1265.031002168730 -3271.182493978830 3.69772086528004 -4.74983614477586 -4.73640914985901
2024-06-10T20:36:00.000 -4731.517639125790 -2345.164112335720 -4274.829354564910 5.31524151154352 -4.19642889367275 -3.57630401817075
2024-06-10T20:40:00.000 -3299.490314211760 -3254.910546717210 -4966.993800201670 6.54541979402935 -3.33866774432837 -2.15662672504239
2024-06-10T20:44:00.000 -1627.870728324140 -3928.321917593450 -5297.475760002920 7.29981694402197 -2.23894636523249 -0.58063047600885
2024-06-10T20:48:00.000 161.922279477620 -4316.572334447550 -5242.309623362770 7.52423861695820 -0.97670863308074 1.03759873865443
2024-06-10T20:52:00.000 1939.947408326490 -4391.404247171580 -4805.427925267310 7.20225921484409 0.35706965086238 2.58100133873602
2024-06-10T20:56:00.000 3576.997319621290 -4147.167229283120 -4018.410823567170 6.35643618294804 1.66603680803709 3.93756374408480
2024-06-10T21:00:00.000 4953.873692896520 -3601.317816773680 -2938.324913005460 5.04721773873393 2.85513960278773 5.00821219796506
2024-06-10T21:04:00.000 5970.074546319000 -2793.279353319960 -1643.718608537940 3.36909383295457 3.83748904940998 5.71412619121491
2024-06-10T21:08:00.000 6551.250843620230 -1781.701927571780 -229.002471182162 1.44426184087527 4.54079074613922 6.00284933982361
2024-06-10T21:12:00.000 6654.850333488060 -640.238942072408 1202.453064259820 -0.58616939530329 4.91317590892472 5.85273112391730
2024-06-10T21:16:00.000 6273.380606551440 547.896261540378 2546.011346087610 -2.57308857204728 4.92737750722746 5.27496112656355
2024-06-10T21:20:00.000 5434.924456433810 1696.127737675480 3703.582271856540 -4.37104879862192 4.58278591400588 4.31248845754661
2024-06-10T21:24:00.000 4200.920039288580 2720.928590299870 4590.857008328760 -5.84928476338344 3.90518893300367 3.03640496088612
2024-06-10T21:28:00.000 2661.463967163230 3547.908104216020 5143.402775849690 -6.90111688184419 2.94438651858704 1.54016279373584
2024-06-10T21:32:00.000 928.631230760182 4117.126669685700 5321.207934508210 -7.45106998338990 1.77024823595757 -0.06741232388105
2024-06-10T21:36:00.000 -871.647224337288 4387.330487920920 5111.457549896610 -7.45979223575234 0.46770197375595 -1.66984993135686
2024-06-10T21:40:00.000 -2608.609042553300 4338.864278941450 4529.390682252500 -6.92656353518871 -0.86924265576601 -3.15117548710315
2024-06-10T21:44:00.000 -4155.987891578370 3975.091620053030 3617.238757575630 -5.88944087963512 -2.14385845441349 -4.40373125355813
2024-06-10T21:48:00.000 -5401.114290073930 3322.241132873950 2441.286949368080 -4.42306018764305 -3.26347192646303 -5.33596655473238
2024-06-10T21:52:00.000 -6253.159758448540 2427.622247346580 1087.167032861540 -2.63378490748729 -4.14619748642263 -5.87925571978875
2024-06-10T21:56:00.000 -6649.909463966410 1356.258837357010 -346.336183384058 -0.65223638220106 -4.72726119680537 -5.99337025155995
2024-06-10T22:00:00.000 -6562.455355662020 186.146164070062 -1754.555773502470 1.37642756552748 -4.96406977166437 -5.66988805641798
2024-06-10T22:04:00.000 -5997.353965113630 -997.519010070915 -3034.718012839650 3.30374281164102 -4.83957719958307 -4.93287574097676
2024-06-10T22:08:00.000 -4996.050619639300 -2108.645874299380 -4093.544629276420 4.98928447567611 -4.36337839970067 -3.83683689645109
2024-06-10T22:12:00.000 -3631.673350722780 -3066.554170585640 -4854.058116383290 6.31103086519215 -3.57060954889202 -2.46218894152363
2024-06-10T22:16:00.000 -2003.561021077140 -3801.786378685120 -5261.084233034120 7.17383200715653 -2.51905387017481 -0.90906472599890
2024-06-10T22:20:00.000 -230.002605827317 -4261.047469373720 -5285.117927026220 7.51576905272681 -1.28477196561333 0.71004466257300
2024-06-10T22:24:00.000 1560.249856707050 -4410.955183328600 -4924.358310688580 7.31203095291954 0.04329808012381 2.27807133639612
2024-06-10T22:28:00.000 3237.139924240300 -4240.428600397180 -4204.856666802310 6.57667568605222 1.36930482651850 3.68131820323029
2024-06-10T22:32:00.000 4678.618374242520 -3761.565337170420 -3178.747005379460 5.36205899791379 2.59707229604575 4.81742559927319
2024-06-10T22:36:00.000 5779.512699184480 -3008.900813926550 -1920.615840227040 3.75573366272858 3.63695053877522 5.60284433734430
2024-06-10T22:40:00.000 6459.323616477030 -2037.019658318250 -522.171820774331 1.87452039088187 4.41258901516013 5.97939303419688
2024-06-10T22:44:00.000 6668.276135956300 -916.637188072209 914.439644673243 -0.14390520512268 4.86679125932982 5.91888218347245
2024-06-10T22:48:00.000 6391.135537484310 270.583041615766 2284.196421240920 -2.15129267191343 4.96616807971454 5.42576254660373
2024-06-10T22:52:00.000 5648.338146772170 1438.109590223680 3487.055292770550 -4.00056883633646 4.70377148265315 4.53673748510492
2024-06-10T22:56:00.000 4494.349540132660 2500.964212611110 4435.351999570790 -5.55699956818861 4.09934546880678 3.31753558734604
2024-06-10T23:00:00.000 3013.493198155860 3381.943586292900 5060.173349771620 -6.70800312185041 3.19747782716199 1.85765541129135
2024-06-10T23:04:00.000 1313.647659245180 4017.176391346810 5316.253703137750 -7.37094619069950 2.06393831168965 0.26342064362521
2024-06-10T23:08:00.000 -481.618721668550 4360.632511968030 5185.105187125120 -7.49839068867308 0.78074068527390 -1.34964418944461
2024-06-10T23:12:00.000 -2241.897773217940 4387.360582200600 4676.281383810900 -7.08112078808933 -0.55946005978411 -2.86473184004437
2024-06-10T23:16:00.000 -3839.261627678710 4095.287333285160 3826.706855746450 -6.14890977140592 -1.85979186070504 -4.17189152611882
2024-06-10T23:20:00.000 -5157.447451553780 3505.429922882190 2698.098942626070 -4.76871970256457 -3.02581953483941 -5.17571115587612
2024-06-10T23:24:00.000 -6100.333762284200 2660.494224845540 1372.609235494810 -3.04049708652654 -3.97237215551359 -5.80240416906912
2024-06-10T23:28:00.000 -6599.082442109110 1621.861232563030 -53.091141902497 -1.09029405706968 -4.63001287173178 -6.00560405991105
2024-06-10T23:32:00.000 -6617.324132433070 465.126683492841 -1474.912396372140 0.93910238228654 -4.95051171702347 -5.77029597449940
2024-06-10T23:36:00.000 -6153.876924880930 -725.480117928193 -2789.070725620510 2.89913805575768 -4.91060090330065 -5.11400782623718
2024-06-10T23:40:00.000 -5242.773489184200 -1863.325808538120 -3899.773998353870 4.64678316575404 -4.51362832667981 -4.08535108229805
2024-06-10T23:44:00.000 -3950.617154292890 -2865.753805361400 -4726.243657508170 6.05533184423854 -3.78909683242403 -2.75995653075072
2024-06-10T23:48:00.000 -2371.540442331400 -3660.070046882720 -5208.507106671080 7.02337038981434 -2.78993805033204 -1.23445357533249
2024-06-10T23:52:00.000 -620.300642685841 -4188.700709616810 -5311.601236426700 7.48137059926569 -1.58846826047767 0.38059156491587
2024-06-10T23:56:00.000 1175.966885872430 -4413.257784201670 -5028.008744460880 7.39628152703205 -0.27131277707539 1.96837792486623
2024-06-11T00:00:00.000 2886.809446788570 -4317.268111914730 -4378.185759209690 6.77367377397109 1.06656130474899 3.41391466113599
2024-06-11T00:04:00.000 4387.762994002640 -3907.417319866750 -3409.180564981970 5.65769107085337 2.32823734937159 4.61189662729075
2024-06-11T00:08:00.000 5569.366966551880 -3213.202240690670 -2191.381562088520 4.12856610950785 3.42170406035395 5.47435785005714
2024-06-11T00:12:00.000 6345.247517938560 -2284.927241289840 -813.519348501984 2.29737571490269 4.26668377258713 5.93743111180697
2024-06-11T00:16:00.000 6658.627169131230 -1190.110726059460 623.790307350143 0.29810706527955 4.80097643909218 5.96664958385996
2024-06-11T00:20:00.000 6486.619968832500 -8.526286865768 2015.496343620070 -1.72258892457536 4.98529835317551 5.55976514168348
2024-06-11T00:24:00.000 5841.951862593170 1173.699604221260 3259.928256716350 -3.61652902632783 4.80636519181345 4.74702202024666
2024-06-11T00:28:00.000 4771.936685633580 2270.494280518110 4266.346794595750 -5.24552505279062 4.27784735712210 3.58861228397034
2024-06-11T00:32:00.000 3354.808885098980 3202.164883428830 4961.568986653420 -6.49160995976777 3.43881054000096 2.16965899770557
2024-06-11T00:36:00.000 1693.861052195340 3901.137213113820 5295.193783528080 -7.26513542576686 2.35053625376424 0.59369875263307
2024-06-11T00:40:00.000 -90.122359851306 4316.762807068030 5243.122808262940 -7.51076073889388 1.09191877743577 -1.02494131469868
2024-06-11T00:44:00.000 -1867.559325562450 4418.882833211610 4809.190349421530 -7.21087910814977 -0.24619060469781 -2.56914427644844
2024-06-11T00:48:00.000 -3509.305990324010 4199.970163380450 4024.883141045440 -6.38678971643062 -1.56709734361312 -3.92691734078407
2024-06-11T00:52:00.000 -4895.920403824100 3675.737270320880 2947.155473134540 -5.09762142297950 -2.77499551958719 -4.99929848768373
2024-06-11T00:56:00.000 -5926.340515391850 2884.099273633020 1654.419944217120 -3.43658996399491 -3.78178895770726 -5.70756852870545
2024-06-11T01:00:00.000 -6525.359936291050 1882.523158917720 240.917757293552 -1.52465049970772 -4.51369838845971 -5.99942968694457
2024-06-11T01:04:00.000 -6649.267735052240 743.878673074619 -1190.175821227630 0.49832191471638 -4.91699504592342 -5.85325667601049
2024-06-11T01:08:00.000 -6289.145011067910 -448.922733870329 -2534.391089372900 2.48415836069160 -4.96228791070525 -5.27996658744872
2024-06-11T01:12:00.000 -5471.480693621640 -1609.077830324020 -3693.713996777730 4.28785687444420 -4.64669962698004 -4.32204793122368
2024-06-11T01:16:00.000 -4256.082444985220 -2652.284820991110 -4583.784048176920 5.77848128945697 -3.99375195854935 -3.05000381895993
2024-06-11T01:20:00.000 -2731.542714055250 -3502.859029900250 -5139.979113208470 6.84848446306118 -3.05124907891871 -1.55676542660313
2024-06-11T01:24:00.000 -1008.699644562010 -4099.147246244040 -5321.982504859730 7.42105564400269 -1.88755512886961 0.04932431350911
2024-06-11T01:28:00.000 787.366296482164 -4397.877788803600 -5116.564330672690 7.45494220304408 -0.58659410896623 1.65215226808413
2024-06-11T01:32:00.000 2526.241148668980 -4377.223600925480 -4538.515915468890 6.94723465828390 0.75786237354987 3.13567598137013
2024-06-11T01:36:00.000 4081.479710825120 -4038.413478604160 -3629.658166096170 5.93377548963847 2.04855554971700 4.39200014588698
2024-06-11T01:40:00.000 5339.718718530670 -3405.764448174340 -2455.963322039070 4.48722151648816 3.19149856451660 5.32900192524292
2024-06-11T01:44:00.000 6209.020214466460 -2525.061568325040 -1102.900220014600 2.71243553728941 4.10290522803388 5.87742058405053
2024-06-11T01:48:00.000 6625.763348026250 -1460.324627964210 330.760315985091 0.73910539964946 4.71561955747522 5.99643648589485
2024-06-11T01:52:00.000 6559.482343584090 -289.136413565018 1740.236498138700 -1.28794946331201 4.98454604853037 5.67714313343079
2024-06-11T01:56:00.000 6015.164097905740 903.125005515259 3022.541623570330 -3.22004761365880 4.89021820438628 4.94328571333157
2024-06-11T02:00:00.000 5032.795274303580 2029.630656539530 4084.127153066590 -4.91604324012706 4.44004524130382 3.84922244811867
2024-06-11T02:04:00.000 3684.270790473550 3008.495238806170 4847.749954430220 -6.25286006694790 3.66749461228540 2.47557037308546
2024-06-11T02:08:00.000 2067.939789295770 3768.710159030890 5258.023877768480 -7.13431845496409 2.62909809924043 0.92262805511392
2024-06-11T02:12:00.000 301.382028727616 4255.183407513030 5285.275783656990 -7.49722874505161 1.40016775379684 -0.69685915213716
2024-06-11T02:16:00.000 -1487.062567395760 4432.631468615160 4927.600040928410 -7.31560619398536 0.06949390276837 -2.26561158227527
2024-06-11T02:20:00.000 -3167.475429688910 4288.085970171820 4210.963658425200 -6.60234507234396 -1.26683164719019 -3.66997583436163
2024-06-11T02:24:00.000 -4617.647026214430 3831.863100140510 3187.389892256790 -5.40849855899731 -2.51197841508314 -4.80774304784626
2024-06-11T02:28:00.000 -5731.921149675140 3096.921613411940 1931.314822263340 -3.82022523350097 -3.57523918342580 -5.59551259581070
2024-06-11T02:32:00.000 -6428.986470497400 2136.579125449350 534.274127893938 -1.95305137409910 -4.37874955454423 -5.97516094415308
2024-06-11T02:36:00.000 -6657.966444313300 1020.682289615090 -901.775947453052 0.05650367891121 -4.86354642433375 -5.91856935100382
2024-06-11T02:40:00.000 -6402.250881174550 -169.522502373254 -2271.994889146550 2.06125613003012 -4.99421725069438 -5.42999938396462
2024-06-11T02:44:00.000 -5680.700138741870 -1347.404011460360 -3476.439385998880 3.91469849211343 -4.76156343115730 -4.54570135526971
2024-06-11T02:48:00.000 -4546.137322686840 -2427.339406727710 -4427.425358045980 5.48209536608678 -4.18307926068858 -3.33086934761989
2024-06-11T02:52:00.000 -3081.312363570620 -3330.956302823550 -5055.876029986600 6.65025109799389 -3.30124646199105 -1.87434684723967
2024-06-11T02:56:00.000 -1392.767751952880 -3992.746576370630 -5316.215881650590 7.33518816725045 -2.18009336477687 -0.28194356589955
2024-06-11T03:00:00.000 396.879250094310 -4364.699975430330 -5189.553178600500 7.48766173049923 -0.90055328855113 1.33111115083793
2024-06-11T03:04:00.000 2157.699418038870 -4419.704652618390 -4684.979326042710 7.09630502663542 0.44516077848351 2.84816648873131
2024-06-11T03:08:00.000 3761.695597590780 -4153.514565268280 -3838.971483000600 6.18858281517853 1.75978694651334 4.15898041125687
2024-06-11T03:12:00.000 5092.012126363490 -3585.161662111410 -2712.898512629880 4.82939719345302 2.94776304911399 5.16763800416936
2024-06-11T03:16:00.000 6051.480882066480 -2755.722697626920 -1388.710591608850 3.11704812276443 3.92207742302923 5.79965634389126
2024-06-11T03:20:00.000 6569.895285052250 -1725.450319947120 36.962286956661 1.17653044347293 4.61102149940061 6.00805321268629
2024-06-11T03:24:00.000 6609.329063327870 -569.389766014491 1459.930439249520 -0.84985122427250 4.96384281976501 5.77724692457293
2024-06-11T03:28:00.000 6167.012893141600 628.171879845647 2776.191456563580 -2.81332788935107 4.95479510984515 5.12438660822045
2024-06-11T03:32:00.000 5275.493362538410 1779.983984918710 3889.677293934750 -4.57030277186884 4.58503568468462 4.09795136207440
2024-06-11T03:36:00.000 4000.071790476150 2802.278660767280 4719.322029976840 -5.99307667513821 3.88219218397363 2.77364892153293
2024-06-11T03:40:00.000 2433.841582414470 3620.864462740430 5204.917758849360 -6.97910829573154 2.89786947246253 1.24841523274985
2024-06-11T03:44:00.000 690.788036945254 4176.421665296580 5311.333060473200 -7.45775958535108 1.70360633644106 -0.36696995865453
2024-06-11T03:48:00.000 -1102.444201946660 4428.676936154830 5030.920242657460 -7.39472723350552 0.38566380093750 -1.95556221681525
2024-06-11T03:52:00.000 -2815.592327185720 4359.253040731610 4384.043613734500 -6.79438354289848 -0.96078904207203 -3.40223555001371
2024-06-11T03:56:00.000 -4324.104862730150 3973.027191807370 3417.660554547870 -5.69969888236511 -2.23828107023396 -4.60182373652599
2024-06-11T04:00:00.000 -5518.125827536890 3297.859194239090 2202.020851797280 -4.18952626390337 -3.35388979424529 -5.46656133909771
2024-06-11T04:04:00.000 -6310.548620681100 2382.688921311810 825.676690084142 -2.37351974029119 -4.22598331250439 -5.93271477209088
2024-06-11T04:08:00.000 -6643.527036957460 1294.049580200480 -610.948062105429 -0.38435172074154 -4.79055866833200 -5.96577159613618
2024-06-11T04:12:00.000 -6492.836803952940 111.198539030949 -2002.967160590020 1.63226766620110 -5.00628459262583 -5.56333549497321
2024-06-11T04:16:00.000 -5869.666082406330 -1079.750860654910 -3248.822777084900 3.52886265041216 -4.85771050976851 -4.75532126865927
2024-06-11T04:20:00.000 -4819.679407474800 -2192.198428597660 -4257.778900318730 5.16740632480404 -4.35619532531227 -3.60136304786080
2024-06-11T04:24:00.000 -3419.510110602290 -3145.384654725370 -4956.514622287810 6.42939484566852 -3.53868698205765 -2.18598979592989
2024-06-11T04:28:00.000 -1771.046655391040 -3870.199641620520 -5294.346125054250 7.22405633057520 -2.46467730175229 -0.61213483886477
2024-06-11T04:32:00.000 5.981786282475 -4314.080563207930 -5246.765512790060 7.49427934744487 -1.21173111989547 1.00628334215635
2024-06-11T04:36:00.000 1782.567218390220 -4444.722083685640 -4817.145391644310 7.22030538641050 0.12985260759845 2.55218057058049
2024-06-11T04:40:00.000 3429.616995468940 -4252.408703148490 -4036.525158129350 6.42120673823798 1.46321793647007 3.91342003583144
2024-06-11T04:44:00.000 4827.197928388820 -3750.798948354660 -2961.488158663430 5.15391695295704 2.69155148719097 4.99053341641194
2024-06-11T04:48:00.000 5873.283330788560 -2976.088490113570 -1670.219991602500 3.50990913336833 3.72504005653556 5.70414565188839
2024-06-11T04:52:00.000 6491.346436497090 -1984.502120534800 -256.902150258669 1.60896163461648 4.48766569305276 6.00124725864833
2024-06-11T04:56:00.000 6636.152508070650 -848.240572737809 1175.194245443810 -0.40958797201748 4.92321835354675 5.85964324402719
2024-06-11T05:00:00.000 6297.200804819920 349.855678296728 2521.385309884860 -2.39752159246623 4.99982713918399 5.28984362342751
2024-06-11T05:04:00.000 5499.473138385410 1522.472463428740 3683.375098223350 -4.20928328417830 4.71228641019331 4.33419325962511
2024-06-11T05:08:00.000 4301.450644657700 2584.282280105670 4576.517516630610 -5.71299906591004 4.08220245740900 3.06329441221142
2024-06-11T05:12:00.000 2790.647603306600 3458.186886173860 5135.951012572450 -6.80006619718751 3.15603358176843 1.57033604900898
2024-06-11T05:16:00.000 1077.081576502280 4080.843115197440 5321.181999239480 -7.39254672962329 2.00121200676359 -0.03607276285506
2024-06-11T05:20:00.000 -714.716765335586 4407.130519146250 5118.867776110610 -7.44808719331905 0.70125434625019 -1.63959941381475
2024-06-11T05:24:00.000 -2454.610372207460 4413.325539198130 4543.709712881120 -6.96255697179487 -0.65005989163541 -3.12420038498697
2024-06-11T05:28:00.000 -4016.127266517850 4098.823727957910 3637.440674472840 -5.97055876496068 -1.95494965691466 -4.38197592881076
2024-06-11T05:32:00.000 -5285.588271689250 3486.276675721370 2465.921182007550 -4.54351002655972 -3.11858065271966 -5.32101558519224
2024-06-11T05:36:00.000 -6170.417385570650 2620.050027835920 1114.455687179470 -2.78486873713300 -4.05594326425885 -5.87222569909423
2024-06-11T05:40:00.000 -6606.024606226960 1563.085724509560 -318.372241316071 -0.82298503610190 -4.69826452403707 -5.99481918500996
2024-06-11T05:44:00.000 -6560.671560394560 392.320949307629 -1727.957765513000 1.19848872054277 -4.99846515597267 -5.67975646466127
2024-06-11T05:48:00.000 -6037.837806151070 -806.998560628546 -3011.433995543070 3.13160893736321 -4.93483361616482 -4.95045645856522
2024-06-11T05:52:00.000 -5075.884564395920 -1947.634726742310 -4075.282100712660 4.83550267780843 -4.51252414913388 -3.86084517263393
2024-06-11T05:56:00.000 -3745.076060479920 -2946.753034788830 -4842.157519451990 6.18678328518929 -3.76278689011849 -2.49087131094253
2024-06-11T06:00:00.000 -2142.306710610140 -3731.899700659870 -5256.418605789640 7.08817776332152 -2.74028781996866 -0.94029701836497
2024-06-11T06:04:00.000 -384.020395475065 -4246.148545310800 -5288.024654371930 7.47493475869972 -1.51897461846469 0.67856367006058
2024-06-11T06:08:00.000 1402.143415207290 -4452.120046665960 -4934.616856018590 7.31900206418717 -0.18684317253764 2.24866899195371
2024-06-11T06:12:00.000 3086.427986662950 -4334.654890118110 -4221.702413019800 6.63095285576470 1.15997002353206 3.65616686534576
2024-06-11T06:16:00.000 4546.250781307260 -3901.984279961570 -3200.929275094720 5.45971710406542 2.42383802746048 4.79838415420969
2024-06-11T06:20:00.000 5675.101146179240 -3185.262385680130 -1946.489114460860 3.88960460165161 3.51249742997130 5.59131086096113
2024-06-11T06:24:00.000 6390.427847130440 -2236.450362140830 -549.828196689949 2.03480458824053 4.34596628966805 5.97614651679162
2024-06-11T06:28:00.000 6639.866902898530 -1124.592738807770 887.026152673358 0.03113044049437 4.86280112638416 5.92414441684281
2024-06-11T06:32:00.000 6405.233362597690 69.255476779993 2259.032325644840 -1.97426407064319 5.02504435611024 5.43912539935168
2024-06-11T06:36:00.000 5703.871424106180 1258.066569145960 3465.973235549930 -3.83439797763935 4.82117176098125 4.55717641843321
2024-06-11T06:40:00.000 4587.246217602030 2355.299454423460 4419.879638015790 -5.41370503699357 4.26667726006897 3.34355639163982
2024-06-11T06:44:00.000 3136.980217520780 3281.241291825860 5051.425686439760 -6.59791066454029 3.40254681012239 1.88733896941282
2024-06-11T06:48:00.000 1458.753715048320 3968.750169757000 5314.863373041260 -7.30196981106522 2.29185245653353 0.29468834446827
2024-06-11T06:52:00.000 -325.424604446656 4368.008757517310 5191.190919907070 -7.47554526144303 1.01502705610121 -1.31898219286132
2024-06-11T06:56:00.000 -2085.967816640690 4450.029475750620 4689.430391754890 -7.10617159017340 -0.33578559649987 -2.83689728051950
2024-06-11T07:00:00.000 -3694.951271403300 4208.721697766960 3845.986906331670 -6.22010533532908 -1.66300691511764 -4.14895404284712
2024-06-11T07:04:00.000 -5035.278562613490 3661.406147962700 2722.121873135380 -4.88091751617921 -2.87025703489498 -5.15936792826083
2024-06-11T07:08:00.000 -6009.227491845290 2847.688608193330 1399.636526087410 -3.18558000759934 -3.86937832754486 -5.79387149672310
2024-06-11T07:12:00.000 -6545.706450421300 1826.669533578230 -25.027725383075 -1.25770057374308 -4.58712839128390 -6.00556306759168
2024-06-11T07:16:00.000 -6605.590944296000 672.654240114883 -1447.867048907530 0.76161287691756 -4.97087413262565 -5.77876726395516
2024-06-11T07:20:00.000 -6184.657072722060 -530.327361526432 -2765.023074857460 2.72451935872637 -4.99273144316007 -5.13035805455975
2024-06-11T07:24:00.000 -5313.834563425370 -1694.740744126320 -3880.477692531220 4.48778200233932 -4.65153263044483 -4.10834387881451
2024-06-11T07:28:00.000 -4056.789030469180 -2735.986368163480 -4713.093527450180 5.92352526056255 -3.97268690157963 -2.78785658654059
2024-06-11T07:32:00.000 -2505.104275705020 -3578.534258373920 -5202.437617159470 6.92829727512388 -3.00582345825606 -1.26520020009353
2024-06-11T07:36:00.000 -771.553953705175 -4161.299548368210 -5313.028880712910 7.42992874551822 -1.82094963811622 0.34925231952397
2024-06-11T07:40:00.000 1018.008018148980 -4441.956908743030 -5036.796867085460 7.39218216588421 -0.50348118483809 1.93875674298511
2024-06-11T07:44:00.000 2733.611945756760 -4399.953162501690 -4393.657445823230 6.81720991211340 0.85159724494225 3.38818265204547
2024-06-11T07:48:00.000 4250.446172011730 -4038.042802106180 -3430.167186844580 5.74567817713906 2.14614250896064 4.59195518855223
2024-06-11T07:52:00.000 5457.886742641290 -3382.227798881910 -2216.311238386390 4.25456937761539 3.28575960966219 5.46163353231812
2024-06-11T07:56:00.000 6267.673947556920 -2480.006463140260 -840.540787930030 2.45218297775200 4.18685077786260 5.93282409266207
2024-06-11T08:00:00.000 6620.541696756550 -1396.991962254290 596.669507975106 0.47034733478213 4.78304402894557 5.97041580079098
2024-06-11T08:04:00.000 6490.718129377610 -212.116391862720 1990.254267937170 -1.54544400031795 5.03047558261627 5.57155096157148
2024-06-11T08:08:00.000 5887.864879743660 988.232376762538 3238.391209923790 -3.44733935538514 4.91127255669969 4.76591563517017
2024-06-11T08:12:00.000 4856.263953897720 2116.636636611460 4250.059946787730 -5.09652650421208 4.43472396080340 3.61320026425923
2024-06-11T08:16:00.000 3471.383928169920 3091.080163995510 4951.692939121780 -6.37349959733336 3.63620087985278 2.19817207082644
2024-06-11T08:20:00.000 1834.200927427200 3840.878805644800 5292.428660566750 -7.18639970419812 2.57412325674244 0.62408966964927
2024-06-11T08:24:00.000 63.790573054632 4311.699937687970 5247.661475756880 -7.47707114054758 1.32549623508805 -0.99482749370661
2024-06-11T08:28:00.000 -1711.245959595840 4469.387641028410 4820.709927147740 -7.22470270089465 -0.01951479194954 -2.54143159039964
2024-06-11T08:32:00.000 -3361.957116262670 4302.392159683680 4042.563062222970 -6.44723078798269 -1.36377541335458 -3.90361526048402
2024-06-11T08:36:00.000 -4768.271494478540 3822.646166876160 2969.722339094010 -5.20035824671718 -2.60986914548619 -4.98212973680070
2024-06-11T08:40:00.000 -5827.706514998900 3064.811642938570 1680.235219313520 -3.57415636581005 -3.66694960330773 -5.69784250045936
2024-06-11T08:44:00.000 -6462.934565303930 2083.883681638740 268.095665385262 -1.68697486621059 -4.45752269592657 -5.99786555714212
2024-06-11T08:48:00.000 -6627.600263618770 951.225881779596 -1163.616444441530 0.32307740181384 -4.92358864687868 -5.85994014146178
2024-06-11T08:52:00.000 -6309.811326530730 -250.686320698722 -2510.379815682130 2.30878201275903 -5.03114449650005 -5.29438288983182
2024-06-11T08:56:00.000 -5532.969518950640 -1434.374426045300 -3673.988267038470 4.12512282683656 -4.77274255659135 -4.34312192916860
2024-06-11T09:00:00.000 -4353.912778705380 -2513.809498242000 -4569.762309999380 5.64021511894525 -4.16776002454248 -3.07616658096378
2024-06-11T09:04:00.000 -2858.595060163010 -3410.661957165770 -5132.654072459740 6.74471141354371 -3.26053541276961 -1.58605897278089
2024-06-11T09:08:00.000 -1155.740034445430 -4059.907552356170 -5321.848565258280 7.35927086993715 -2.11688277321031 0.01905748790294
2024-06-11T09:12:00.000 631.015475225936 -4414.419730208290 -5123.591916898670 7.43961259904191 -0.81927582427793 1.62310673014436
2024-06-11T09:16:00.000 2371.929585854010 -4448.313486769190 -4552.153073036060 6.97945116818401 0.53875301174067 3.10997546979972
2024-06-11T09:20:00.000 3940.405448846010 -4158.848593882370 -3648.873117911610 6.01119947744562 1.85897193360021 4.37150106772315
2024-06-11T09:24:00.000 5222.118933522200 -3566.743623589750 -2479.319071565980 4.60421525604585 3.04528823585090 5.31520606427583
2024-06-11T09:28:00.000 6123.413602962650 -2714.820082226520 -1128.657784913560 2.86040304035270 4.01075043169291 5.87130814429358
2024-06-11T09:32:00.000 6578.323930203070 -1665.003378221300 304.498519933849 0.90725642671779 4.68419809527745 5.99835908360091
2024-06-11T09:36:00.000 6553.608374309520 -493.794252446393 1715.383601845060 -1.11183667723640 5.01613668660717 5.68688150901373
2024-06-11T09:40:00.000 6051.231018811080 713.419122079309 3000.894254488330 -3.04878639605557 4.98244743451832 4.96009463952100
2024-06-11T09:44:00.000 5108.130495851700 1868.694692448600 4067.244141189050 -4.76206874953143 4.58607866359747 3.87187928225567
2024-06-11T09:48:00.000 3793.352739150270 2888.022132280950 4836.840501467520 -6.12729679189176 3.85658177284137 2.50238497117758
2024-06-11T09:52:00.000 2202.826792315630 3697.433101030330 5253.860630301180 -7.04613361296861 2.84748668748632 0.95170309698647
2024-06-11T09:56:00.000 452.282647125173 4238.270856048190 5288.157938854520 -7.45278003243028 1.63206718759129 -0.66757208403378
2024-06-11T10:00:00.000 -1331.101069242170 4471.320005164290 4937.326814872420 -7.31814214389694 0.29811872394921 -2.23820313713207
2024-06-11T10:04:00.000 -3017.782123220250 4379.584723122740 4226.843830923510 -6.65174291612645 -1.05805561051403 -3.64642106423187
2024-06-11T10:08:00.000 -4485.114002221700 3969.541721752250 3208.284420961810 -5.50124109869383 -2.33828553804778 -4.78975802662463
2024-06-11T10:12:00.000 -5626.212734983270 3270.776609584700 1955.723598535280 -3.94967056940821 -3.44931563327644 -5.58440532416585
2024-06-11T10:16:00.000 -6357.831970204590 2333.958334564250 560.428486669115 -2.10978367647287 -4.30985079968978 -5.97182112910400
2024-06-11T10:20:00.000 -6626.565736903820 1227.202588987120 -875.783298586047 -0.11600686651137 -4.85673171576941 -5.92323672521374
2024-06-11T10:24:00.000 -6412.893889729610 31.092097486760 -2248.050942076550 1.88554683305933 -5.04993765626723 -5.44230203582716
2024-06-11T10:28:00.000 -5732.613418737310 -1167.299671917230 -3456.279551414980 3.74859182304044 -4.87571077869789 -4.56473941829006
2024-06-11T10:32:00.000 -4635.540670829500 -2280.844924911070 -4412.505854980840 5.33768890448635 -4.34729097828234 -3.35522705637003
2024-06-11T10:36:00.000 -3201.702609488660 -3228.711310880100 -5047.264868700880 6.53800165285212 -3.50352622948166 -1.90223657604039
2024-06-11T10:40:00.000 -1535.400347077550 -3942.168352022540 -5314.519104828330 7.26321072236058 -2.40575141504168 -0.31131959215248
2024-06-11T10:44:00.000 242.358858927542 -4369.456627937780 -5194.869866998040 7.46117569550146 -1.13320397622447 1.30239745642365
2024-06-11T10:48:00.000 2002.507918149650 -4479.442478683440 -4696.901120244060 7.11724145571327 0.22243007378488 2.82216823825019
2024-06-11T10:52:00.000 3617.105753586580 -4263.881312332600 -3856.615323081480 6.25545722146860 1.56318969931347 4.13758524684451
2024-06-11T10:56:00.000 4968.533595653200 -3738.117524676340 -2734.965985716930 4.93738480528959 2.79162503558504 5.15239504211641
2024-06-11T11:00:00.000 5958.097613136900 -2940.118357890340 -1413.581476738520 3.25832103648744 3.81783093417801 5.79168079936595
2024-06-11T11:04:00.000 6513.401017565680 -1927.831886975190 11.112307809487 1.34078052249950 4.56630829153255 6.00791431928196
2024-06-11T11:08:00.000 6593.822767549620 -774.987351336396 1434.987865876470 -0.67461599175216 4.98190408700370 5.78488662684703
2024-06-11T11:12:00.000 6193.614743310050 434.349428312533 2753.965430351980 -2.63980332783495 5.03425600726261 5.13925421100964
2024-06-11T11:16:00.000 5342.267415220130 1612.062568497900 3871.787580598950 -4.41111206013817 4.72009705068316 4.11900643531247
2024-06-11T11:20:00.000 4102.151003271450 2672.491672559220 4707.077252281890 -5.85985836913077 4.06296302905980 2.79933438374544
2024-06-11T11:24:00.000 2563.789146167500 3538.651472196380 5199.200763261820 -6.88148416376404 3.11111786394934 1.27679849468053
2024-06-11T11:28:00.000 839.166922023539 4147.749895115720 5312.552208679240 -7.40271373329021 1.93382408659232 -0.33788839547572
2024-06-11T11:32:00.000 -946.396948507448 4455.633755353070 5038.997365740390 -7.38627100632825 0.61619903690320 -1.92784112750094
2024-06-11T11:36:00.000 -2663.209168951290 4439.896656730220 4398.404763024190 -6.83319240322560 -0.74666815790519 -3.37791992585394
2024-06-11T11:40:00.000 -4186.460941170410 4101.511222635020 3437.266739709780 -5.78297379013784 -2.05617335839629 -4.58269508342602
2024-06-11T11:44:00.000 -5405.232559625130 3464.850035883180 2225.455265123400 -4.31126202351780 -3.21706864472411 -5.45397927297903
2024-06-11T11:48:00.000 -6230.634703259060 2576.045725859580 851.247230373763 -2.52494322356939 -4.14444054041840 -5.92761377384711
2024-06-11T11:52:00.000 -6602.434510277120 1499.698033253120 -585.100552466280 -0.55444901196236 -4.77031070886990 -5.96858855781568
2024-06-11T11:56:00.000 -6493.568165561640 314.155177714974 -1978.732189883250 1.45597429764889 -5.04881963846812 -5.57386783585440
2024-06-11T12:00:00.000 -5912.162822704040 -894.265302188403 -3227.967211355210 3.35923774724671 -4.95986572818163 -4.77277353250726
2024-06-11T12:04:00.000 -4900.843729046120 -2037.675440910520 -4241.817993710520 5.01676252199989 -4.51047687401990 -3.62445167129140
2024-06-11T12:08:00.000 -3533.440104292720 -3033.051740019480 -4946.607215789360 6.30865061242553 -3.73384147180603 -2.21303732655167
2024-06-11T12:12:00.000 -1909.469270634570 -3808.213585279390 -5291.210633244210 7.14193053484577 -2.68652687949168 -0.64118017498674
2024-06-11T12:16:00.000 -146.891865578282 -4306.949310599760 -5250.632891734230 7.45672090837085 -1.44423312302626 0.97732324037118
2024-06-11T12:20:00.000 1626.340965610310 -4492.984802938270 -4827.741684880280 7.23010320697406 -0.09644421137293 2.52540923085911
2024-06-11T12:24:00.000 3281.393180156950 -4352.581564192720 -4053.089409078880 6.47770773597361 1.25956803477813 3.89075573816140
2024-06-11T12:28:00.000 4697.772036986480 -3895.622827701300 -2982.830384192610 5.25312350231022 2.52539360506392 4.97362912105135
2024-06-11T12:32:00.000 5772.104547458570 -3155.040898731700 -1694.796418877200 3.64466176288224 3.60854627516725 5.69426905888094
2024-06-11T12:36:00.000 6425.816033774250 -2184.556254352950 -282.925815994981 1.76946444830615 4.42939884962770 5.99914014504584
2024-06-11T12:40:00.000 6611.077266013090 -1054.814899748570 1149.620359535960 -0.23503582790717 4.92748993079694 5.86547935024363
2024-06-11T12:44:00.000 6314.430625621440 151.824980914680 2498.128162714680 -2.22168862183049 5.06630863396411 5.30319198773173
2024-06-11T12:48:00.000 5557.770891393450 1347.416624812670 3664.131737832320 -4.04497500291558 4.83608358718008 4.35409318238144
2024-06-11T12:52:00.000 4396.587431571880 2444.951279582230 4562.699136272160 -5.57221111218482 4.25428980668353 3.08832549702936
2024-06-11T12:56:00.000 2915.696633535690 3364.724643208520 5128.569239976960 -6.69311135997249 3.36384005937826 1.59859631229590
2024-06-11T13:00:00.000 1222.936887217240 4040.040089740710 5320.756595490800 -7.32715403146784 2.22954279134115 -0.00672546307929
2024-06-11T13:04:00.000 -558.650836940748 4421.933901362290 5125.402116502100 -7.42889483886197 0.93348849211454 -1.61129301824458
2024-06-11T13:08:00.000 -2299.654709351400 4482.644738639430 4556.710478835170 -6.99095236093783 -0.43076809339218 -3.09894524041729
2024-06-11T13:12:00.000 -3873.529127462650 4217.604627992130 3655.950547050550 -6.04451509987804 -1.76458636174263 -4.36160366621577
2024-06-11T13:16:00.000 -5165.697505908480 3645.858008880790 2488.581115799100 -4.65762023314014 -2.97101388711860 -5.30701137597853
2024-06-11T13:20:00.000 -6081.927618818330 2808.803280416520 1139.608199624000 -2.93083795953983 -3.96189703404263 -5.86557970593336
2024-06-11T13:24:00.000 -6555.348996853910 1767.260751417840 -292.561293551480 -0.99020791421215 -4.66457702097848 -5.99601617088186
2024-06-11T13:28:00.000 -6551.471381718770 597.049039494542 -1703.374163114430 1.02219859126767 -5.02756915738897 -5.68872543464086
2024-06-11T13:32:00.000 -6070.749441623370 -616.619921129795 -2989.874401241600 2.95911264960389 -5.02456437557736 -4.96652535312153
2024-06-11T13:36:00.000 -5148.479035834800 -1785.446979599690 -4058.314118356960 4.67931502146992 -4.65627025133622 -3.88280240194327
2024-06-11T13:40:00.000 -3852.054052458460 -2824.530001749450 -4831.009299900100 6.05817346578404 -3.95004468371371 -2.51711790796740
2024-06-11T13:44:00.000 -2275.891768461890 -3658.506822712750 -5251.898156576540 6.99640504620942 -2.95747728911230 -0.96895079774296
2024-06-11T13:48:00.000 -534.517256695280 -4226.916087486340 -5290.465668501700 7.42663195381697 -1.75038260138777 0.64955107335492
2024-06-11T13:52:00.000 1245.657346252710 -4488.462452417400 -4943.857098247760 7.31771597307334 -0.41574733962905 2.22136362044920
2024-06-11T13:56:00.000 2935.329811688900 -4423.963434550730 -4237.090169769870 6.67687884728734 0.95018759266837 3.63255539620731
2024-06-11T14:00:00.000 4411.548059547120 -4037.797463609530 -3221.365352919080 5.54960259668502 2.24844936004353 4.78018431375771
2024-06-11T14:04:00.000 5566.631994590570 -3357.730149204880 -1970.503837993810 4.01700822263277 3.38431105267690 5.57987899862495
2024-06-11T14:08:00.000 6316.138375383260 -2433.039030958910 -575.681438075105 2.19049574427459 4.27438467320388 5.97235597162395
2024-06-11T14:12:00.000 6605.221877264460 -1330.996353332410 861.216201051729 0.20379322556206 4.85310088171174 5.92829705942976
2024-06-11T14:16:00.000 6412.813028010290 -131.928324574076 2235.152807842360 -1.79721536718275 5.07798398965415 5.45096873822450
2024-06-11T14:20:00.000 5753.169537780970 1076.765543468440 3445.781098683140 -3.66593516648357 4.93290296408744 4.57587089979241
2024-06-11T14:24:00.000 4674.701735482410 2207.089835267080 4404.862314168320 -5.26612896754429 4.42901753448832 3.36772208447928
2024-06-11T14:28:00.000 3256.250252526780 3176.915111968750 5042.693788970280 -6.48199874283362 3.60366728534880 1.91522425861667
2024-06-11T14:32:00.000 1601.165813846370 3915.903404236190 5313.061564244860 -7.22621648425944 2.51709829644277 0.32418585285241
2024-06-11T14:36:00.000 -170.233013479025 4370.479286822750 5196.436978550000 -7.44543514250187 1.24793341577197 -1.29011999446222
2024-06-11T14:40:00.000 -1929.268891040210 4507.618291091570 4701.311932191650 -7.12378224569476 -0.11217395701493 -2.81079591055516
2024-06-11T14:44:00.000 -3548.107750847390 4317.224193985110 3863.612836939730 -6.28412461047420 -1.46492636049353 -4.12746787528120
2024-06-11T14:48:00.000 -4908.938711784140 3812.916428079130 2744.193085054330 -4.98671864163270 -2.71213504060128 -5.14403603588694
2024-06-11T14:52:00.000 -5912.551641168180 3031.163600450420 1424.534485023390 -3.32546487932630 -3.76276279727562 -5.78578688229793
2024-06-11T14:56:00.000 -6485.693958060400 2028.732675371930 0.879817986873 -1.42147539565846 -4.53978342263059 -6.00528330061530
2024-06-11T15:00:00.000 -6586.572453894680 878.582234061269 -1422.836330196100 0.58585727115533 -4.98620467153606 -5.78631322803762
2024-06-11T15:04:00.000 -6207.979590246060 -335.528316787093 -2742.693919054160 2.54958966255725 -5.06956453196974 -5.14518633766189
2024-06-11T15:08:00.000 -5377.761563601640 -1525.239131888690 -3862.475517455340 4.32640400015257 -4.78421057224686 -4.12934567900122
2024-06-11T15:12:00.000 -4156.637227509260 -2604.092182213130 -4700.720336058180 5.78737007011468 -4.15148000986687 -2.81347568603460
2024-06-11T15:16:00.000 -2633.601934836550 -3493.809525244080 -5196.584574039910 6.82714306364798 -3.21771764031815 -1.29359211961578
2024-06-11T15:20:00.000 -919.373084304053 -4129.886587840030 -5314.124270604460 7.37105097686777 -2.05063022825555 0.32008034169514
2024-06-11T15:24:00.000 861.595306886818 -4466.148353587180 -5044.779744042330 7.37989255348688 -0.73435835248376 1.91087782867098
2024-06-11T15:28:00.000 2579.973102240110 -4478.021901492080 -4407.974028645920 6.85249586083504 0.63623039068849 3.36360463640342
2024-06-11T15:32:00.000 4110.774553516500 -4164.352749991370 -3449.802394179650 5.82609158898408 1.96196279197753 4.57248637820742
2024-06-11T15:36:00.000 5342.384590720710 -3547.623573805100 -2239.856118725770 4.37434935002517 3.14622606254091 5.44872905029445
2024-06-11T15:40:00.000 6184.801303793180 -2672.472126761440 -866.290636159624 2.60265679370641 4.10219189017932 5.92747620656368
2024-06-11T15:44:00.000 6576.387242317280 -1602.524710346030 570.592340874326 0.64054773108049 4.75948201352783 5.97305421742380
2024-06-11T15:48:00.000 6488.546169089580 -415.752907433239 1965.756784078350 -1.36793074311902 5.06974370462941 5.58199886169629
2024-06-11T15:52:00.000 5927.878259208080 801.318972332551 3217.271086558810 -3.27546213858670 5.01051226130397 4.78344460234408
2024-06-11T15:56:00.000 4935.585742766410 1960.056877056020 4233.875552009860 -4.94285078231647 4.58672055481820 3.63654993354261
2024-06-11T16:00:00.000 3584.259300468150 2976.233443329100 4941.639350495230 -6.24926722297719 3.82984459108824 2.22559249617817
2024-06-11T16:04:00.000 1972.429587968570 3776.117071025740 5289.244930072600 -7.10064999241746 2.79530835122145 0.65356297032242
2024-06-11T16:08:00.000 217.320976857140 4301.730523492790 5251.577278743670 -7.43609086218401 1.55811326721098 -0.96551627598388
2024-06-11T16:12:00.000 -1553.583161481900 4514.916857021010 4831.416072544820 -7.23144051541141 0.20751880062290 -2.51451489419958
2024-06-11T16:16:00.000 -3211.610520948550 4400.070267192430 4059.238634576520 -6.50106945523277 -1.15888676682705 -3.88107718914564
2024-06-11T16:20:00.000 -4636.134246834600 3965.329081876070 2991.118509386380 -5.29732549150975 -2.44200327285484 -4.96556471548357
2024-06-11T16:24:00.000 -5723.338037621450 3242.089300136030 1704.770668027820 -3.70718657930736 -3.54828642177166 -5.68839551087142
2024-06-11T16:28:00.000 -6393.877368738020 2282.831860963020 293.973978562643 -1.84640549671867 -4.39669692310930 -5.99618645014799
2024-06-11T16:32:00.000 -6598.828945880580 1157.350106333730 -1138.285814628510 0.14884723454809 -4.92497100398801 -5.86615944379683
2024-06-11T16:36:00.000 -6323.365627510810 -52.389543687360 -2487.448202243820 2.13245225980984 -5.09457988893278 -5.30802744586814
2024-06-11T16:40:00.000 -5587.808926638000 -1258.323104574250 -3655.124424911590 3.95950549272579 -4.89354279835797 -4.36316118016630
2024-06-11T16:44:00.000 -4446.002167246010 -2372.785799985150 -4556.329380410380 5.49729101360375 -4.33706456566373 -3.10110659978794
2024-06-11T16:48:00.000 -2981.212833041980 -3314.888547815870 -5125.616800450820 6.63476866545255 -3.46601307183717 -1.61408874862807
2024-06-11T16:52:00.000 -1299.971809254400 -4016.318215415900 -5321.709597905800 7.29018035678859 -2.34363589743964 -0.01006205968983
2024-06-11T16:56:00.000 475.634983614268 -4426.175584323890 -5130.369400377500 7.41637208440847 -1.05093969666550 1.59492675220735
2024-06-11T17:00:00.000 2216.686492221460 -4514.579509491990 -4565.379366581880 7.00385023199898 0.31892959663835 3.08474367123466
2024-06-11T17:04:00.000 3796.603567711090 -4274.839440429620 -3667.611113161070 6.08157684593144 1.66695507004443 4.35109132449900
2024-06-11T17:08:00.000 5100.253005698450 -3724.053291089830 -2502.220087332370 4.71552902464045 2.89509759519600 5.30114273044038
2024-06-11T17:12:00.000 6032.396976790290 -2902.020851542770 -1154.063633891160 3.00461142826515 3.91338678844301 5.86463048959764
2024-06-11T17:16:00.000 6524.836731110490 -1868.470673736800 278.436426596183 1.07387077993197 4.64684922269947 5.99961187864002
2024-06-11T17:20:00.000 6541.585232136290 -698.702170390848 1690.574094869370 -0.93504696138411 5.04154759346757 5.69599717734375
2024-06-11T17:24:00.000 6081.567920255080 521.995906672556 2979.151523068650 -2.87473245735688 5.06871358310105 4.97637328443197
2024-06-11T17:28:00.000 5178.640130710920 1704.688552236130 4050.153893548380 -4.60339397205775 4.72689129616181 3.89414071044751
2024-06-11T17:32:00.000 3898.924063891840 2763.365791998700 4825.655166245090 -5.99558748394893 4.04167507543749 2.52902731435567
2024-06-11T17:36:00.000 2335.785733305290 3621.188214022540 5249.397735291100 -6.95100097337026 3.06335113519226 0.98072746819268
2024-06-11T17:40:00.000 602.965248599473 4215.969263286280 5290.733148237140 -7.40111741904585 1.86298819767227 -0.63830603686980
2024-06-11T17:44:00.000 -1173.648440860930 4504.568511625990 4946.736992115230 -7.31373268252961 0.52727471564821 -2.21087178419658
2024-06-11T17:48:00.000 -2865.005573607640 4465.934086137680 4242.375820658980 -6.69486857616564 -0.84741623416514 -3.62304949619898
2024-06-11T17:52:00.000 -4348.105148933350 4102.668386560100 3228.777348393540 -5.58869976513409 -2.16148785113656 -4.77204320143831
2024-06-11T17:56:00.000 -5514.900175839590 3440.957772212360 1979.654533166250 -4.07502537142940 -3.31921116017899 -5.57363681899637
2024-06-11T18:00:00.000 -6280.259172091400 2528.778800756660 586.034902882392 -2.26387970263705 -4.23587283499788 -5.96869762819757
2024-06-11T18:04:00.000 -6588.324782676310 1432.467337794240 -850.369829191566 -0.28767800635900 -4.84419879633236 -5.92796645547037
2024-06-11T18:08:00.000 -6416.718605536560 231.858573064760 -2224.687089101390 1.70881333993000 -5.09971683683768 -5.45454109112600
2024-06-11T18:12:00.000 -5778.172540795010 -985.633431116809 -3436.665262882590 3.57965837414771 -4.98411199598095 -4.58354256280820
2024-06-11T18:16:00.000 -4719.475638653990 -2131.472071119140 -4398.055155039400 5.18876081378912 -4.50635181199162 -3.37919339982735
2024-06-11T18:20:00.000 -3317.883905920460 -3122.464861437020 -5039.013429981310 6.41983380630344 -3.70165378796896 -1.92961392157425
2024-06-11T18:24:00.000 -1675.373625194690 -3886.741741478960 -5313.052288842120 7.18431111003437 -2.62854084705570 -0.34013760330017
2024-06-11T18:28:00.000 88.759001886285 -4368.854469659090 -5200.285389208590 7.42720636370368 -1.36451295515892 1.27420135725880
2024-06-11T18:32:00.000 1846.429264418640 -4533.702735995790 -4708.808833552130 7.13069269939503 -0.00066993021171 2.79658448405510
2024-06-11T18:36:00.000 3469.893625859650 -4369.069742644770 -3874.162791040270 6.31546388955511 1.36447923816996 4.11646416947927
2024-06-11T18:40:00.000 4840.915304096460 -3886.594623281320 -2756.882912079530 5.03966772242243 2.63181482404458 5.13733930042006
2024-06-11T18:44:00.000 5859.381847537680 -3121.075677094140 -1438.262872207130 3.39540884878095 3.70863694788192 5.78384182285401
2024-06-11T18:48:00.000 6450.779962609880 -2128.082866227510 -14.524481556176 1.50264455276558 4.51570051909694 6.00783094231686
2024-06-11T18:52:00.000 6571.859601784410 -979.940385202557 1410.268156427640 -0.49974306821700 4.99357885521117 5.79257358440551
2024-06-11T18:56:00.000 6213.902472140880 239.634426041984 2731.970241701270 -2.46474965292150 5.10736330702431 5.15411698444171
2024-06-11T19:00:00.000 5403.309179488440 1441.765660433760 3854.109395371800 -4.24861306929461 4.84921165953332 4.13989444758007
2024-06-11T19:04:00.000 4199.495646370110 2538.991150018060 4694.987950636940 -5.72167108605819 4.23860382599045 2.82474235242196
2024-06-11T19:08:00.000 2690.357603839290 3451.636374104720 5193.572916931250 -6.77762580505106 3.32049288414762 1.30490736422376
2024-06-11T19:12:00.000 985.758652537529 4113.529268326680 5313.788167209720 -7.34072391683507 2.16171869595644 -0.30915620956451
2024-06-11T19:16:00.000 -790.431935188445 4476.680966744030 5046.993548578380 -7.37062742447399 0.84606335844101 -1.90057790008445
2024-06-11T19:20:00.000 -2509.202468504120 4514.670586717110 4412.569364976580 -6.86506241102949 -0.53154842280569 -3.35408886804328
2024-06-11T19:24:00.000 -4045.609940747170 4224.559651394930 3456.563869983790 -5.86007047550700 -1.87146079706037 -4.56401734173211
2024-06-11T19:28:00.000 -5287.784486461150 3627.205778150240 2248.472727744860 -4.42799169711105 -3.07623095399659 -5.44185208127429
2024-06-11T19:32:00.000 -6145.127297262700 2765.871750385350 876.293482922961 -2.67274759641645 -4.05775900757302 -5.92293422045841
2024-06-11T19:36:00.000 -6555.064644023710 1703.158823317550 -559.859689937609 -0.72252016496817 -4.74404727462776 -5.97164516932969
2024-06-11T19:40:00.000 -6487.757913162980 516.438377813644 -1955.134508203550 1.27982912399651 -5.08483356193474 -5.58442176519966
2024-06-11T19:44:00.000 -5948.313682630320 -707.878384154602 -3207.729266563230 3.18784390133847 -5.05550123082975 -4.79004208838970
2024-06-11T19:48:00.000 -4976.303960289650 -1880.733592902580 -4226.405987949830 4.86257063421615 -4.65871082704779 -3.64714796332261
2024-06-11T19:52:00.000 -3642.708158359580 -2916.949519625860 -4937.128915712760 6.18282128564685 -3.92385476413096 -2.23948654366923
2024-06-11T19:56:00.000 -2044.596522396290 -3741.368382799790 -5288.339523137670 7.05357619252903 -2.90447959826295 -0.66944998376796
2024-06-11T20:00:00.000 -298.058809032213 -4294.191682201930 -5254.559159933500 7.41222030179653 -1.67425815917790 0.94929397774290
2024-06-11T20:04:00.000 1470.109131617670 -4535.211567796730 -4838.160788053870 7.23264866716246 -0.32183323807378 2.49965751144521
2024-06-11T20:08:00.000 3131.434373592940 -4446.699295395340 -4069.228448403880 6.52712626973590 1.05516805659806 3.86912859503738
2024-06-11T20:12:00.000 4564.978961024310 -4034.768608781890 -3003.502777823640 5.34588724823157 2.35686410832925 4.95772040420837
2024-06-11T20:16:00.000 5666.129685169550 -3329.062137075930 -1718.474696811210 3.77400814858899 3.48823685903196 5.68528760245283
2024-06-11T20:20:00.000 6354.346719218940 -2380.743692143590 -307.857702449325 1.92588832886738 4.36612280849743 5.99773091965274
2024-06-11T20:24:00.000 6579.264071073990 -1258.842667769060 1125.265290140780 -0.06301222377410 4.92581288061453 5.87164687871242
2024-06-11T20:28:00.000 6324.530273368750 -45.164637072511 2476.117018019690 -2.04657491914306 5.12626555834260 5.31643365551488
2024-06-11T20:32:00.000 5608.992143007440 1171.811078488240 3646.050429513060 -3.87949099036604 4.95322732785221 4.37339210809695
2024-06-11T20:36:00.000 4485.159371724400 2303.500316237620 4549.835097623400 -5.42832219603877 4.42001277007284 3.11223637082741
2024-06-11T20:40:00.000 3035.154875297470 3267.693295194520 5121.827270110980 -6.58116336834153 3.56601682759870 1.62540076900333
2024-06-11T20:44:00.000 1364.598511382360 3994.457168131770 5320.608732669120 -7.25519649930605 2.45349716859700 0.02110061255632
2024-06-11T20:48:00.000 -405.073029018697 4431.101071273650 5131.858798520100 -7.40216117920696 1.16301135213154 -1.58441594318160
2024-06-11T20:52:00.000 -2145.318212512040 4545.899565421400 4569.307964211120 -7.01140946317721 -0.21229947381319 -3.07495473858105
2024-06-11T20:56:00.000 -3729.658763138420 4330.367374445790 3673.783788800250 -6.11075690259177 -1.57300737778871 -4.34223412512203
2024-06-11T21:00:00.000 -5042.778025351490 3799.952129204670 2510.362712002110 -4.76492096798057 -2.82027331625193 -5.29368436713102
2024-06-11T21:04:00.000 -5988.939927621980 2993.037345939900 1163.755883607680 -3.07144689278204 -3.86301535303329 -5.85932371019058
2024-06-11T21:08:00.000 -6499.097936997060 1968.236146160600 -267.815180142048 -1.15386400557762 -4.62480937504841 -5.99730868643381
2024-06-11T21:12:00.000 -6536.083811159500 800.137750825595 -1679.836837216010 0.84740445413045 -5.04983415288663 -5.69744367505130
2024-06-11T21:16:00.000 -6097.379558050320 -426.201134380819 -2969.262894130950 2.78589839996031 -5.10723531294485 -4.98204505092604
2024-06-11T21:20:00.000 -5215.220343656720 -1621.557590942990 -4042.137599070520 4.52032030393303 -4.79332438088560 -3.90401379477457
2024-06-11T21:24:00.000 -3954.070950035620 -2699.094357598640 -4820.452942076570 5.92500070063239 -4.13147201750663 -2.54245081302190
2024-06-11T21:28:00.000 -2405.779795910540 -3580.641118875370 -5247.732721998090 6.89873635504053 -3.17004217522123 -0.99654656796539
2024-06-11T21:32:00.000 -682.845370238153 -4202.270107454580 -5292.991414372660 7.37157168146587 -1.97860327027332 0.62173557026418
2024-06-11T21:36:00.000 1089.659266354720 -4518.808383553310 -4952.878147047100 7.30924488879001 -0.64299016683043 2.19538189537429
2024-06-11T21:40:00.000 2782.984470186760 -4507.066669431150 -4251.935581426330 6.71560220247928 0.74047360716542 3.61030176166520
2024-06-11T21:44:00.000 4273.910266137510 -4167.581212918420 -3240.936573701610 5.63269252706315 2.07153988279381 4.76329761377091
2024-06-11T21:48:00.000 5453.685764140360 -3524.713525270560 -1993.356001092500 4.13842505503896 3.25313143514879 5.56959539694221
2024-06-11T21:52:00.000 6236.066552958330 -2625.015207087030 -600.125882107472 2.34133301805354 4.19857921702220 5.96945246849860
2024-06-11T21:56:00.000 6563.782802034230 -1533.921432323620 836.980437017647 0.37290577359605 4.83821611181483 5.93290596846566
2024-06-11T22:00:00.000 6412.920324624030 -330.971393215622 2212.882090711130 -1.62222557494283 5.12498986235613 5.46261291621226
2024-06-11T22:04:00.000 5794.708013968110 896.115267197896 3427.059610216890 -3.49776318751695 5.03820992390973 4.59361174881731
2024-06-11T22:08:00.000 4754.557189224120 2057.968088250850 4390.998939042830 -5.11692159894970 4.58482167095310 3.39021393735266
2024-06-11T22:12:00.000 3368.548731861760 3070.133755123930 5034.636809691870 -6.36247060342642 3.79853157473012 1.94082494011258
2024-06-11T22:16:00.000 1737.712427003350 3859.178955837270 5311.339533328750 -7.14488067974889 2.73683657715614 0.35106601351168
2024-06-11T22:20:00.000 -19.358714683281 4367.897429979700 5201.134771585780 -7.40809472686906 1.47664638167454 -1.26380468303529
2024-06-11T22:24:00.000 -1775.019293166130 4559.351197551220 4712.077068565660 -7.13317933653176 0.10898753291749 -2.78684898662785
2024-06-11T22:28:00.000 -3401.695893669290 4419.514449264400 3879.669037644320 -6.33965877740214 -1.26734081492500 -4.10758951723333
2024-06-11T22:32:00.000 -4781.029277210070 3958.340915908910 2764.383832278220 -5.08444960310918 -2.55245968259458 -5.12967301830956
2024-06-11T22:36:00.000 -5812.488374410510 3209.164614982140 1447.397410876460 -3.45837795940041 -3.65263637865079 -5.77802538246961
2024-06-11T22:40:00.000 -6420.809739999030 2226.370298094580 24.748608519980 -1.57993640101350 -4.48728275745610 -6.00471712990351
2024-06-11T22:44:00.000 -6561.644283339080 1081.473244606180 -1399.706540346150 0.41339288837937 -4.99519084062793 -5.79300294016821
2024-06-11T22:48:00.000 -6224.871436625180 -142.148532144053 -2721.998138793430 2.37567749585600 -5.13934714956516 -5.15866111937248
2024-06-11T22:52:00.000 -5435.299705941130 -1355.436416934410 -3845.739183381050 4.16366578684499 -4.90970821189732 -4.14867317185078
2024-06-11T22:56:00.000 -4250.691968890690 -2470.222692784390 -4689.192447299700 5.64767433208123 -4.32360591563107 -2.83728934906083
2024-06-11T23:00:00.000 -2757.371211853200 -3405.624135353060 -5191.136593200110 6.72074180312277 -3.42396160775583 -1.32012059672823
2024-06-11T23:04:00.000 -1063.877553761380 -4093.807188044810 -5315.169646082830 7.30571485114495 -2.27594556819665 0.29283595718202
2024-06-11T23:08:00.000 706.846613127654 -4484.797591452270 -5052.246458918780 7.36038290059719 -0.96232261547582 1.88494588251059
2024-06-11T23:12:00.000 2426.216545609170 -4550.030646067580 -4421.311743424400 6.88021583790580 0.42225438861502 3.34091203098782
2024-06-11T23:16:00.000 3969.169789665710 -4284.460071069600 -3468.030512063660 5.89902464056907 1.77757493780972 4.55467516959026
2024-06-11T23:20:00.000 5223.209476356370 -3707.056211796850 -2261.637136508130 4.48717865536575 3.00491508005734 5.43711490340211
2024-06-11T23:24:00.000 6096.693316881720 -2859.581542578310 -890.027783312152 2.74713785764524 4.01427834944884 5.92288451080432
2024-06-11T23:28:00.000 6525.717488339580 -1803.638125182570 546.633735194248 0.80612888580520 4.73141786604312 5.97581090059899
2024-06-11T23:32:00.000 6478.940843420630 -616.171055202105 1943.321562935980 -1.19341395633433 5.10355116226421 5.59184404197518
2024-06-11T23:36:00.000 5959.954848080420 616.226035707593 3197.972904751490 -3.10474859820763 5.10361348028107 4.79956536913770
2024-06-11T23:40:00.000 5006.930581075430 1803.773102564510 4219.077590965110 -4.78831052768063 4.73220489228542 3.65769211081644
2024-06-11T23:44:00.000 3689.624582666190 2860.115765285130 4932.366274942870 -6.12201530230865 4.01702222286389 2.25021611963870
2024-06-11T23:48:00.000 2104.122731339010 3708.581660672140 5286.125851923860 -7.00981693246386 3.01050454491816 0.67991854928332
2024-06-11T23:52:00.000 365.769092521028 4287.657347176150 5254.808918386990 -7.38813646120084 1.78573987739921 -0.93925285688208
2024-06-11T23:56:00.000 -1399.150272403150 4555.326074177550 4840.760569874860 -7.22983379348001 0.43116361942650 -2.49012680653014
2024-06-12T00:00:00.000 -3062.411321642460 4492.053120475530 4074.042435843420 -6.54605414059457 -0.95536289859055 -3.86024702241366
2024-06-12T00:04:00.000 -4503.043574984400 4102.245077877210 3010.339657615130 -5.38578753059570 -2.27337137146396 -4.94981099365546
2024-06-12T00:08:00.000 -5616.096504272660 3414.028115472870 1727.041028366940 -3.83284189537292 -3.42685480409779 -5.67890586332809
2024-06-12T00:12:00.000 -6320.375539855980 2477.319779494340 317.688245119671 -2.00020553805858 -4.33138211364778 -5.99373368166223
2024-06-12T00:16:00.000 -6564.513295225420 1360.252375469290 -1114.857455445600 -0.02191142232616 -4.92060118422441 -5.87098608985976
2024-06-12T00:20:00.000 -6330.831372033510 144.167050552995 -2466.028942991690 1.95716557188179 -5.15151481161751 -5.31985111293330
2024-06-12T00:24:00.000 -5636.604354950970 -1082.420155798620 -3637.305820474260 3.79249016124173 -5.00767116405069 -4.38116579227749
2024-06-12T00:28:00.000 -4532.657282070250 -2230.345392269750 -4543.450446092250 5.35074485726725 -4.50008850728238 -3.12402094534354
2024-06-12T00:32:00.000 -3099.490644603900 -3216.287621100780 -5118.666410228650 6.51941724395758 -3.66609462095482 -1.64028250403308
2024-06-12T00:36:00.000 -1441.312270605940 -3968.751528657320 -5321.246917497580 7.21453290316039 -2.56624124410906 -0.03758249828906
2024-06-12T00:40:00.000 321.491712594847 -4433.123745972660 -5136.458683594900 7.38598262054175 -1.27984151541808 1.56819520437841
2024-06-12T00:44:00.000 2060.937070637660 -4575.546557009560 -4577.586649675960 7.02093600123442 0.10043354893093 3.06081337314720
2024-06-12T00:48:00.000 3650.560671915940 -4385.385138732320 -3685.046374839790 6.14488495848722 1.47483009238188 4.33172032071369
2024-06-12T00:52:00.000 4974.521931296530 -3876.114562154060 -2523.612130764790 4.82045256578081 2.74338086045685 5.28774537597747
2024-06-12T00:56:00.000 5936.104870750110 -3084.500888200230 -1177.848967398630 3.14350562115556 3.81317575431402 5.85821407187146
2024-06-12T01:00:00.000 6464.955372820520 -2068.045877699290 254.001163989660 1.23653486172529 4.60546515985517 6.00063828555531
2024-06-12T01:04:00.000 6522.419122299960 -900.808539069345 1667.273592678770 -0.76049739563675 5.06196203303778 5.70436631352313
2024-06-12T01:08:00.000 6104.446771985930 332.096666338252 2958.680759109540 -2.70105426649037 5.14939159717566 4.99142911648283
2024-06-12T01:12:00.000 5241.823925848180 1540.827638028490 4033.983013791210 -4.44322893006181 4.86185618465961 3.91467573950747
2024-06-12T01:16:00.000 3997.758738091280 2637.458276621680 4814.919281728280 -5.86046000654499 4.22104994869259 2.55350761724885
2024-06-12T01:20:00.000 2463.050789193570 3542.377168325140 5244.835939981760 -6.85063906999178 3.27404456968846 1.00739248797109
2024-06-12T01:24:00.000 749.396263013555 4189.964548440550 5292.645525333710 -7.34271950240166 2.08966210383503 -0.61133823789688
2024-06-12T01:28:00.000 -1018.685054010630 4533.246789413020 4954.971484811130 -7.30146248217174 0.75353778608230 -2.18545743436909
2024-06-12T01:32:00.000 -2712.760895898390 4547.227977947440 4256.345198306000 -6.72967368295695 -0.63787061855525 -3.60095317503052
2024-06-12T01:36:00.000 -4209.657935531610 4230.714101067410 3247.491582807570 -5.66820189147409 -1.98381041246944 -4.75484711116058
2024-06-12T01:40:00.000 -5400.362837422100 3606.497552530380 2001.775480725770 -4.19357749114802 -3.18635050286293 -5.56262076747135
2024-06-12T01:44:00.000 -6198.034891452700 2719.819145656830 609.966922890035 -2.41297365149149 -4.15753839851526 -5.96472909691965
2024-06-12T01:48:00.000 -6544.485624383050 1635.142719871530 -826.373588630607 -0.45650771090561 -4.82618190296050 -5.93141407772084
2024-06-12T01:52:00.000 -6414.544982787500 431.436254351903 -2202.394205028260 1.53255766230782 -5.14339592725872 -5.46520599624041
2024-06-12T01:56:00.000 -5817.906008938810 -803.670598549404 -3417.729700202060 3.40882671330427 -5.08633076577660 -4.60069463481345
2024-06-12T02:00:00.000 -4798.299718520340 -1980.365179823580 -4383.898161534610 5.03583815782709 -4.65969933005175 -3.40161892562546
2024-06-12T02:04:00.000 -3430.123732369070 -3013.215891279160 -5030.710608718860 6.29600377378311 -3.89499539060257 -1.95567191699459
2024-06-12T02:08:00.000 -1812.908699557860 -3827.310961340060 -5311.249783469060 7.09864548597051 -2.84781558987605 -0.36791621152213
2024-06-12T02:12:00.000 -64.093239365091 -4363.578974152260 -5205.150211024990 7.38602278259609 -1.59377421909605 1.24677786866721
2024-06-12T02:16:00.000 1689.369052693650 -4582.976208079580 -4719.998636021780 7.13701912553174 -0.22319549679839 2.77163926589063
2024-06-12T02:20:00.000 3320.038435117440 -4469.302513773700 -3890.851272305670 6.36880547046976 1.16495265100083 4.09587233260099
2024-06-12T02:24:00.000 4709.143228771630 -4030.471403899600 -2777.837102561810 5.13609128497784 2.46987028081220 5.12259260691322
2024-06-12T02:28:00.000 5755.248240031980 -3298.095461163720 -1461.947593912270 3.52790386600239 3.59608304720219 5.77597449311591
2024-06-12T02:32:00.000 6381.830272726970 -2325.324609747850 -39.206128465962 1.66154222191899 4.46077309189511 6.00744668840663
2024-06-12T02:36:00.000 6543.060298773380 -1183.005136782650 1386.400007173770 -0.32611954295255 5.00026855795455 5.79968622471502
2024-06-12T02:40:00.000 6227.272829455520 45.557748455505 2710.653667221790 -2.28910999291716 5.17509791557039 5.16812432906523
2024-06-12T02:44:00.000 5457.792377454770 1270.807303461800 3836.876642632140 -4.08372510431225 4.97293431895105 4.15969546756639
2024-06-12T02:48:00.000 4291.061518771670 2403.573894355750 4683.054324632780 -5.57939127982768 4.40924149737553 2.84883610383066
2024-06-12T02:52:00.000 2812.313199585090 3361.588981196050 5187.767991680370 -6.66819102770286 3.52563119728211 1.33157593150381
2024-06-12T02:56:00.000 1129.220384298300 4075.383525266040 5314.501677695520 -7.27202596842317 2.38645262831549 -0.28183024085961
2024-06-12T03:00:00.000 -635.896209947121 4493.195841514000 5054.150312093230 -7.34759457544746 1.07406171138357 -1.87452463376148
2024-06-12T03:04:00.000 -2354.816933568840 4584.642170165240 4425.644384527860 -6.88935054076739 -0.31676908875215 -3.33110971951152
2024-06-12T03:08:00.000 -3902.599652549630 4342.923094341720 3474.617705904590 -5.93001421306896 -1.68542980318644 -4.54576124706613
2024-06-12T03:12:00.000 -5166.571444589270 3785.387493546350 2270.202015224470 -4.53859688069692 -2.93247247222966 -5.42966839324757
2024-06-12T03:16:00.000 -6054.569204844870 2952.398433185580 900.123010387694 -2.81605176449709 -3.96675739349920 -5.91772884472101
2024-06-12T03:20:00.000 -6501.805517812130 1904.486770801690 -535.665889514023 -0.88814509117653 -4.71246891535230 -5.97384167616288
2024-06-12T03:24:00.000 -6475.733237125470 717.935128990037 -1932.349203685500 1.10393344548108 -5.11501662815692 -5.59389761117417
2024-06-12T03:28:00.000 -5978.456905882840 -520.863767387303 -3188.031432578570 3.01449178580232 -5.14526979361736 -4.80614243618879
2024-06-12T03:32:00.000 -5046.472587902070 -1721.802549480930 -4211.255856933720 4.70442364194958 -4.80154136494918 -3.66871264473871
2024-06-12T03:36:00.000 -3747.836482339220 -2797.659668088320 -4927.655146380170 6.05142080664106 -4.10935115227287 -2.26493227170734
2024-06-12T03:40:00.000 -2177.068777978110 -3670.394764804420 -5285.252368261910 6.95850786021684 -3.11916240328034 -0.69689590133920
2024-06-12T03:44:00.000 -448.262431114434 -4276.696675628950 -5258.095699473360 7.36043185809864 -1.90250539205387 0.92188526800287
2024-06-12T03:48:00.000 1313.083635422580 -4572.465490038320 -4848.067759700070 7.22794755942633 -0.54703745097188 2.47431632027170
2024-06-12T03:52:00.000 2979.003513967640 -4535.982271372630 -4084.771641139920 6.56987143430787 0.84946305025796 3.84780428710732
2024-06-12T03:56:00.000 4428.214240743880 -4169.554805728300 -3023.519857809260 5.43288458246073 2.18569705557705 4.94198182888466
2024-06-12T04:00:00.000 5554.947481906230 -3499.504523226770 -1741.485697531320 3.89889511338662 3.36408490167664 5.67621829549196
2024-06-12T04:04:00.000 6276.798554306770 -2574.397358590040 -332.177637775737 2.07957115321293 4.29802414040975 5.99595392003001
2024-06-12T04:08:00.000 6540.954027937360 -1461.576636244500 1101.414469958050 0.10827746738820 4.91870920522950 5.87731256255052
2024-06-12T04:12:00.000 6328.194090955690 -242.188706884963 2454.478753443400 -1.87022641109902 5.18064800551269 5.32908036687605
2024-06-12T04:16:00.000 5654.298230255950 994.854821664158 3628.190553365630 -3.71093560558797 5.06502994028427 4.39202783861048
2024-06-12T04:20:00.000 4568.753793831560 2159.479274064540 4537.028200389900 -5.27972511061895 4.58098130079848 3.13544832695816
2024-06-12T04:24:00.000 3150.933372293460 3167.061834927320 5114.978555529390 -6.46317777211312 3.76442580040023 1.65155035169366
2024-06-12T04:28:00.000 1504.142565284200 3944.520443487740 5320.206583639910 -7.17634343272565 2.67497791545322 0.04835122256344
2024-06-12T04:32:00.000 -251.906038678953 4435.493534650840 5137.933246997820 -7.36818558149659 1.39151411425918 -1.55802241474809
2024-06-12T04:36:00.000 -1989.664076391450 4604.313520779070 4581.423412987810 -7.02478743964446 0.00663671509513 -3.05130910007584
2024-06-12T04:40:00.000 -3582.837881204070 4438.577332709520 3691.073561723380 -6.17055735300934 -1.37949983230649 -4.32301690290556
2024-06-12T04:44:00.000 -4915.489665415860 3950.120651888650 2531.589498028880 -4.86691282228385 -2.66627246346777 -5.28029987987738
2024-06-12T04:48:00.000 -5890.484265905090 3174.264045956770 1187.389757003940 -3.20826804240409 -3.75978659060309 -5.85277439934619
2024-06-12T04:52:00.000 -6436.688658911620 2167.348645942040 -243.486188460441 -1.31559380847977 -4.57990637947425 -5.99811224881113
2024-06-12T04:56:00.000 -6514.311456648440 1002.654287217780 -1656.587617863430 0.67256837385217 -5.06654157510492 -5.70558691386926
2024-06-12T05:00:00.000 -6117.868690085100 -235.009573002554 -2948.797121261480 2.61071443129986 -5.18432303122666 -4.99695715519250
2024-06-12T05:04:00.000 -5276.512332798460 -1455.591061014450 -4025.958937951390 4.35755846894753 -4.92515817357232 -3.92460872552353
2024-06-12T05:08:00.000 -4051.735092038230 -2570.414079179450 -4809.752068112980 5.78651819773162 -4.30846184943473 -2.56722111149157
2024-06-12T05:12:00.000 -2532.733209661900 -3498.596279275680 -5243.295225804580 6.79463071302009 -3.37930530789617 -1.02364574275615
2024-06-12T05:16:00.000 -829.873074995132 -4172.816203680690 -5295.138000874600 7.30941541254240 -2.20492396375629 0.59430826002135
2024-06-12T05:20:00.000 933.234599936337 -4544.077081455270 -4961.442160836090 7.29357024270886 -0.86990467345938 2.16966340065100
2024-06-12T05:24:00.000 2628.525053606950 -4585.208141098710 -4266.274986550980 6.74756095770562 0.52947705943593 3.58819071875764
2024-06-12T05:28:00.000 4132.641560999590 -4292.890495519390 -3259.981188877740 5.70997814248307 1.89189165198824 4.74644548406906
2024-06-12T05:32:00.000 5335.866214842060 -3688.031970800720 -2015.686856065150 4.25534135335554 3.11797687575618 5.55922174824039
2024-06-12T05:36:00.000 6150.231407261200 -2814.411348762800 -624.095536262028 2.48932825671926 4.11773735884689 5.96624099032227
2024-06-12T05:40:00.000 6516.140221517430 -1735.575953985340 813.126569913203 0.54123494988847 4.81752275258046 5.93708092171653
2024-06-12T05:44:00.000 6406.899269435610 -530.182456371398 2190.890704574310 -1.44583124249305 5.16591519999958 5.47385892163313
2024-06-12T05:48:00.000 5830.704819713830 713.860310765558 3408.533641051230 -3.32613608743654 5.13770928205451 4.61106085538312
2024-06-12T05:52:00.000 4829.920894602000 1905.932752981000 4377.281230274440 -4.96249268530827 4.73560553208549 3.41258196079036
2024-06-12T05:56:00.000 3477.780310498980 2959.371108054920 5026.714061943620 -6.23636598081268 3.98958397441629 1.96646613514794
2024-06-12T06:00:00.000 1872.877795461620 3797.735940653020 5309.788277584510 -7.05617898873567 2.95428189524673 0.37821186664803
2024-06-12T06:04:00.000 131.932133590843 4360.249865802830 5206.090674561360 -7.36325206798628 1.70477652888740 -1.23704935725789
2024-06-12T06:08:00.000 -1618.598727278290 4606.084379856850 4723.211861271650 -7.13554987532089 0.33126610925908 -2.76243368765622
2024-06-12T06:12:00.000 -3251.533440306990 4517.264487433150 3896.198876222560 -6.38912874581620 -1.06707458233095 -4.08732658318993
2024-06-12T06:16:00.000 -4648.069388224240 4100.032261768710 2785.125293878800 -5.17746842035921 -2.38878815535469 -5.11505590441416
2024-06-12T06:20:00.000 -5706.436956323270 3384.519936717710 1470.856337127430 -3.58823774688986 -3.53749160027135 -5.77014298689127
2024-06-12T06:24:00.000 -6349.426684205980 2422.655939781650 49.221689844322 -1.73721011820368 -4.42908052505890 -6.00420918066573
2024-06-12T06:28:00.000 -6530.163922970040 1284.422603721140 -1376.009580928830 0.24018252971775 -4.99820895715698 -5.79994011093905
2024-06-12T06:32:00.000 -6235.613615132320 52.702991773437 -2700.813810868700 2.19919590212025 -5.20340123860201 -5.17252800570541
2024-06-12T06:36:00.000 -5487.495848950300 -1182.855768105460 -3828.613896978060 3.99681229563624 -5.03010364245010 -4.16842031008488
2024-06-12T06:40:00.000 -4340.548449269460 -2332.453793220530 -4677.367140828220 5.50260342368290 -4.49152649492487 -2.86143042832919
2024-06-12T06:44:00.000 -2878.358731721110 -3312.663820525840 -5185.457278660360 6.60796866081127 -3.62716813513813 -1.34688374216695
2024-06-12T06:48:00.000 -1207.207152762620 -4052.392622087940 -5316.031374705680 7.23343728896613 -2.49966167100779 0.26543264355620
2024-06-12T06:52:00.000 551.585219277621 -4497.916030252390 -5059.558788670650 7.33383492105027 -1.19027453643927 1.85892662942044
2024-06-12T06:56:00.000 2270.298907126360 -4616.702408658160 -4434.508898551100 6.90132792047729 0.20665822826559 3.31819636793611
2024-06-12T07:00:00.000 3823.917532262760 -4399.804677435900 -3486.111443868870 5.96624230816509 1.59004835569038 4.53694249277848
2024-06-12T07:04:00.000 5099.162939232020 -3862.642907769740 -2283.244441172080 4.59559678394812 2.85915265021254 5.42563846559793
2024-06-12T07:08:00.000 6002.843429034380 -3044.035471104980 -913.551236705429 2.88880099425551 3.92095320638848 5.91848317358172
2024-06-12T07:12:00.000 6468.835463787000 -2003.480052718410 522.932676543368 0.97064502021292 4.69727993657484 5.97872611975666
2024-06-12T07:16:00.000 6463.098793908390 -816.817387791380 1921.175359246920 -1.01802056599719 5.13101599418942 5.60179759537383
2024-06-12T07:20:00.000 5986.238284638470 429.399062228108 3178.986412443470 -2.93123608018461 5.19058307641609 4.81577587078695
2024-06-12T07:24:00.000 5073.368139631120 1644.353945527190 4204.615363580090 -4.62922532440081 4.87222424695339 3.67895271604897
2024-06-12T07:28:00.000 3791.350170896620 2739.679176809470 4923.461604386200 -5.98881222942307 4.19987372488742 2.27498580215543
2024-06-12T07:32:00.000 2233.729997306990 3635.866359418210 5283.409849318280 -6.91207662289808 3.22290949160256 0.70641499019395
2024-06-12T07:36:00.000 513.844768726351 4267.938911348380 5258.472973585750 -7.33290439827730 2.01229077166741 -0.91289412721199
2024-06-12T07:40:00.000 -1243.355258593770 4590.043065427890 4850.548945109630 -7.22114719624353 0.65548591886904 -2.46575481570576
2024-06-12T07:44:00.000 -2910.225472588870 4578.703446827630 4089.262750561220 -6.58464859462371 -0.74955214483747 -3.83963602282403
2024-06-12T07:48:00.000 -4365.554296911200 4234.546515285860 3029.898675901310 -5.46892481033937 -2.10108939472336 -4.93449692625333
2024-06-12T07:52:00.000 -5503.330465444480 3582.364885193280 1749.518032560250 -3.95446741486757 -3.30067823965057 -5.67005749738821
2024-06-12T07:56:00.000 -6240.555001365930 2669.448482586160 341.441897028827 -2.15144499466854 -4.26050893405885 -5.99200899131668
2024-06-12T08:00:00.000 -6523.456486205970 1562.191510779720 -1091.561924808210 -0.19171924901235 -4.91022393569089 -5.87649887425868
2024-06-12T08:04:00.000 -6331.524882519300 341.218366632979 -2444.886075670000 1.78118315601498 -5.20236717039817 -5.33216310819577
2024-06-12T08:08:00.000 -5678.991192783770 -904.589257919723 -3619.846095823930 3.62315301802140 -5.11600226697322 -4.39935380831070
2024-06-12T08:12:00.000 -4613.644503091260 -2084.657213655790 -4530.928428095570 5.20037679365451 -4.65797124111617 -3.14671994570761
2024-06-12T08:16:00.000 -3213.179003517760 -3113.315932539930 -5111.964159771030 6.39893052837964 -3.86200442544621 -1.66577621569940
2024-06-12T08:20:00.000 -1579.434688107640 -3915.955216738880 -5320.811108084230 7.13263890152129 -2.78590222517816 -0.06399137928536
2024-06-12T08:24:00.000 168.970059120038 -4434.307374190630 -5142.278281902750 7.34861129703187 -1.50726522557859 1.54280020373726
2024-06-12T08:28:00.000 1905.091022124800 -4630.586285637530 -4589.191252403710 7.03077031175131 -0.11820225938617 3.03829249112072
2024-06-12T08:32:00.000 3502.701958701610 -4490.236836660040 -3701.545005547620 6.20120598561379 1.28090782416529 4.31370767653477
2024-06-12T08:36:00.000 4845.379880683950 -4023.100733060820 -2543.756831870970 4.91914226236200 2.58834160699866 5.27555796717053
2024-06-12T08:40:00.000 5835.032695148540 -3262.864422006400 -1200.129934832990 3.27729455686541 3.70832829262580 5.85269026452690
2024-06-12T08:44:00.000 6399.251589962610 -2264.746951301380 231.230344315390 1.39567787585672 4.55843702508560 6.00209083713290
2024-06-12T08:48:00.000 6496.805310762930 -1101.472551568320 1645.673759983760 -0.58760100759737 5.07615622465858 5.71259995918346
2024-06-12T08:52:00.000 6120.725211264760 142.117451248003 2939.809590364550 -2.52697751991881 5.22367251900032 5.00579116687171
2024-06-12T08:56:00.000 5298.755468136930 1375.374733015120 4019.193466950090 -4.28059807027782 4.99069043453153 3.93412353226655
2024-06-12T09:00:00.000 4091.157192147340 2508.556536494570 4805.265420844300 -5.72102424627757 4.39493425282962 2.57659520026941
2024-06-12T09:04:00.000 2586.111171964340 3459.374259925690 5240.999470834440 -6.74438364357475 3.48032580635277 1.03249916080691
2024-06-12T09:08:00.000 893.182764410139 4158.881572371980 5294.901376002650 -7.27730778612476 2.31342100737845 -0.58597545688348
2024-06-12T09:12:00.000 -864.608638103596 4556.348913000740 4963.164956598470 -7.28165010498240 0.97857757059750 -2.16163370490670
2024-06-12T09:16:00.000 -2559.585368691300 4622.858289380350 4269.899910291290 -6.75696487450088 -0.42784172436225 -3.58037689815947
2024-06-12T09:20:00.000 -4068.529123031990 4353.402876241550 3265.439477377560 -5.74069905641911 -1.80409389779458 -4.73903208683809
2024-06-12T09:24:00.000 -5281.572629470940 3767.339504691720 2022.829706483810 -4.30611188252165 -3.05007913538820 -5.55272154397295
2024-06-12T09:28:00.000 -6110.266237785730 2907.114904279120 632.602421387965 -2.55735997015209 -4.07472495691874 -5.96153996015750
2024-06-12T09:32:00.000 -6494.149244118520 1835.248481712740 -803.806233541495 -0.62213885967803 -4.80289282774696 -5.93515695898098
2024-06-12T09:36:00.000 -6405.312062546580 629.777996335533 -2181.531717967350 1.35775637488428 -5.18129020618688 -5.47558430285649
2024-06-12T09:40:00.000 -5850.452148596660 -621.530160396335 -3400.082607217490 3.23760326399315 -5.18261486387936 -4.61694537322155
2024-06-12T09:44:00.000 -4870.252173684320 -1827.672426597210 -4370.737856081870 4.88067718756031 -4.80730032017622 -3.42252231292703
2024-06-12T09:48:00.000 -3536.245147492320 -2901.059044020930 -5022.973824186560 6.16815624175980 -4.08312700183889 -1.97968401791177
2024-06-12T09:52:00.000 -1945.486073554390 -3763.824709787980 -5309.471911032370 7.00736741262975 -3.06280032300427 -0.39325281559170
2024-06-12T09:56:00.000 -213.497963421033 -4353.360611864640 -5209.425489185260 7.33792360450103 -1.81997531369720 1.22197747847565
2024-06-12T10:00:00.000 1533.984144152110 -4626.747015708360 -4729.983035299820 7.13559241994795 -0.44415626641820 2.74915387802002
2024-06-12T10:04:00.000 3169.957248416010 -4563.854920296270 -3905.788087790860 6.41416060127945 0.96531922034626 4.07733624795390
2024-06-12T10:08:00.000 4575.266754419380 -4168.900110996460 -2796.612609496950 5.22495850845631 2.30610887610569 5.10933484044877
2024-06-12T10:12:00.000 5647.305193077920 -3470.291523771370 -1483.170851249200 3.65382525138863 3.48018050467888 5.76895451182145
2024-06-12T10:16:00.000 6307.658331388400 -2518.705366187130 -61.313323921684 1.81531309852277 4.40122128877402 6.00713604309339
2024-06-12T10:20:00.000 6508.025258224630 -1383.442988293090 1365.020906994610 -0.15572697197671 5.00135282603090 5.80601190550886
2024-06-12T10:24:00.000 6233.902578570400 -147.313928206485 2691.547517535070 -2.11441215751192 5.23667583115443 5.18063152867371
2024-06-12T10:28:00.000 5505.592686969840 1099.566047132920 3821.429515949180 -3.91743964837784 5.09050002609677 4.17749543089012
2024-06-12T10:32:00.000 4376.534348360870 2266.439843996560 4672.386733540470 -5.43366062909684 4.57414829269938 2.87060654465268
2024-06-12T10:36:00.000 2929.223344274920 3268.531944113460 5182.639968872140 -6.55351765398164 3.72578164111125 1.35569733056971
2024-06-12T10:40:00.000 1269.077585824400 4033.155367152000 5315.279041919500 -7.19663019246597 2.60730683787843 -0.25702382810277
2024-06-12T10:44:00.000 -483.236777411191 4504.869012724020 5060.788812489810 -7.31696481038283 1.29965664543253 -1.85078365210792
2024-06-12T10:48:00.000 -2200.440505050250 4649.388048964320 4437.677334284770 -6.90576368153330 -0.10278840599957 -3.31017598188879
2024-06-12T10:52:00.000 -3757.726832727590 4456.058680125890 3491.182383896510 -5.99232313159121 -1.49863188467542 -4.52915984093029
2024-06-12T10:56:00.000 -5041.745761435630 3938.705187548540 2290.110281420290 -4.64234623213774 -2.78646875507087 -5.41857622259025
2024-06-12T11:00:00.000 -5958.898888650430 3134.759312143650 921.944766972000 -2.95379252420009 -3.87222873721718 -5.91298429818709
2024-06-12T11:04:00.000 -6442.290353088070 2102.617874066030 -513.513867076869 -1.04984228955413 -4.67639332471538 -5.97585794030611
2024-06-12T11:08:00.000 -6456.726285090550 917.401148155171 -1911.483236590210 0.93013488535299 -5.14002802290655 -5.60252862989049
2024-06-12T11:12:00.000 -6001.348056462930 -334.587403248991 -3169.971174629650 2.84127630326186 -5.22949134334499 -4.82074682534410
2024-06-12T11:16:00.000 -5109.598980802030 -1562.266639148580 -4197.313765309960 4.54438897045396 -4.93878771582776 -3.68821963594112
2024-06-12T11:20:00.000 -3846.611685057990 -2676.458439006120 -4918.844281699840 5.91619090992439 -4.28960541630491 -2.28791986283073
2024-06-12T11:24:00.000 -2304.321307418840 -3596.329108573210 -5282.209867143130 6.85786607494360 -3.32931291185527 -0.72168619060580
2024-06-12T11:28:00.000 -594.761028283099 -4255.148657944710 -5261.040412148470 7.30167427170865 -2.12734467715798 0.89708581823705
2024-06-12T11:32:00.000 1157.973356706040 -4605.013266259810 -4856.783101266530 7.21538166786755 -0.77024435666463 2.45131964507242
2024-06-12T11:36:00.000 2826.550229744490 -4620.273198688620 -4098.624154283770 6.60446148140050 0.64410875061255 3.82824918029608
2024-06-12T11:40:00.000 4289.512434368650 -4299.471220009920 -3041.506463324860 5.51220041470267 2.01316997741138 4.92729980573707
2024-06-12T11:44:00.000 5440.106754922350 -3665.596676292120 -1762.297589433930 4.01721028283712 3.23700267161754 5.66750382809881
2024-06-12T11:48:00.000 6194.198782501200 -2764.566334047290 -354.295534785861 2.22829041265963 4.22570726448331 5.99385524819142
2024-06-12T11:52:00.000 6496.626323704130 -1661.952301054780 1079.606506005140 0.27653428256389 4.90649024202937 5.88197375490064
2024-06-12T11:56:00.000 6325.372692404420 -438.154193411812 2434.568528546570 -1.69471120020312 5.22938193072996 5.34013291390239
2024-06-12T12:00:00.000 5693.194946895670 817.581655009839 3611.625332978140 -3.54092270226323 5.17110916484924 4.40868701491047
2024-06-12T12:04:00.000 4646.543207862090 2013.812297766300 4525.019889411290 -5.12763070562447 4.73667216259158 3.15652765705032
2024-06-12T12:08:00.000 3261.943162687150 3063.606806145280 5108.400945658030 -6.34012480942734 3.95833753962096 1.67543378426034
2024-06-12T12:12:00.000 1640.286005133050 3890.793252138100 5319.517646590160 -7.09120623386311 2.89292514528794 0.07323855847470
2024-06-12T12:16:00.000 -100.517454102444 4435.381331930030 5143.159525699650 -7.32704388697853 1.61764243011052 -1.53390355108446
2024-06-12T12:20:00.000 -1834.014190093380 4657.813627681190 4592.174241056220 -7.03064462588793 0.22455178052806 -3.02967046308360
2024-06-12T12:24:00.000 -3434.229275452000 4541.790194870560 3706.558360531730 -6.22301714061238 -1.18567875504421 -4.30544617159638
2024-06-12T12:28:00.000 -4784.713638216740 4095.525527508980 2550.674221989460 -4.96215563618312 -2.51063695487521 -5.26804791395083
2024-06-12T12:32:00.000 -5787.038841228430 3351.273288024260 1208.684683790910 -3.33939112160211 -3.65365994188815 -5.84671920484066
2024-06-12T12:36:00.000 -6368.089173358210 2363.076201508560 -221.531868505905 -1.47308394241544 -4.53099957271662 -5.99871259895550
2024-06-12T12:40:00.000 -6485.541660524640 1202.852831860880 -1635.580537287190 0.50017933046535 -5.07842020326070 -5.71283520199399
2024-06-12T12:44:00.000 -6131.005810521020 -44.912434324650 -2930.277779551550 2.43601586977434 -5.25609798751396 -5.01030622072445
2024-06-12T12:48:00.000 -5330.580417231350 -1289.419660101700 -4011.278808235700 4.19323917742866 -5.05153589134605 -3.94305575561429
2024-06-12T12:52:00.000 -4142.792398594250 -2440.237626931270 -4799.980017926040 5.64446289367999 -4.48020901789062 -2.58942649261238
2024-06-12T12:56:00.000 -2654.165239171400 -3413.864486560440 -5239.145480956250 6.68510033235506 -3.58396096245360 -1.04800980628384
2024-06-12T13:00:00.000 -972.869758589351 -4139.685933810670 -5296.920737510540 7.24033297381443 -2.42767150097137 0.56952924992003
2024-06-12T13:04:00.000 779.048561053852 -4564.973983601920 -4969.044448192950 7.26999309639076 -1.09464951160256 2.14624166306445
2024-06-12T13:08:00.000 2474.356317006490 -4658.645845805290 -4279.162481369150 6.77129371983380 0.31905813628506 3.56783839635487
2024-06-12T13:12:00.000 3989.714934358320 -4413.560745082450 -3277.234565429310 5.77937702215443 1.71111043517776 4.73063867766310
2024-06-12T13:16:00.000 5214.611802635300 -3847.185494272340 -2036.066255019000 4.36545200715715 2.98003541422727 5.54914385258471
2024-06-12T13:20:00.000 6059.519197836260 -3000.481750321070 -646.125143146795 2.63218498570338 4.03275647545623 5.96265492086162
2024-06-12T13:24:00.000 6462.623634714110 -1935.018541590240 791.048680673639 0.70644787965823 4.79175974631473 5.94027066833690
2024-06-12T13:28:00.000 6394.522547270800 -728.464546470796 2170.377309815730 -1.27032037236979 5.20129638480569 5.48363087231400
2024-06-12T13:32:00.000 5860.402320743690 531.193676382399 3391.089345169520 -3.15318313889514 5.23164935818812 4.62670675573002
2024-06-12T13:36:00.000 4899.549230292940 1752.189014793090 4364.185199666900 -4.80471841245864 4.88121017605205 3.43295081969846
2024-06-12T13:40:00.000 3582.284257843950 2845.743601498090 5018.929716308660 -6.10529994408843 4.17623714013256 1.99007864112389
2024-06-12T13:44:00.000 2004.649698393010 3732.493778750050 5307.881238891890 -6.96140414708437 3.16836591252977 0.40326052031444
2024-06-12T13:48:00.000 281.379659915002 4348.126049552170 5210.175752370750 -7.31160750524041 1.93063384432307 -1.21247758042018
2024-06-12T13:52:00.000 -1462.328882320540 4647.935481320060 4732.956484499580 -7.13067530927703 0.55245984458861 -2.74012176000630
2024-06-12T13:56:00.000 -3099.773669387250 4610.026390371290 3910.867957504100 -6.43136282039990 -0.86660155571410 -4.06884335374078
2024-06-12T14:00:00.000 -4511.828669049110 4236.940348346850 2803.635484842040 -5.26377326718227 -2.22363158015206 -5.10172266753060
2024-06-12T14:04:00.000 -5595.599698519020 3555.589500272300 1491.849386628870 -3.71233132493192 -3.41971128139590 -5.76290735680198
2024-06-12T14:08:00.000 -6272.026103771270 2615.412307139020 71.166070817008 -1.89005867871454 -4.36723247996845 -6.00356167590362
2024-06-12T14:12:00.000 -6491.804227496720 1484.820204574710 -1354.710565101990 0.06968023331052 -4.99676527186363 -5.80593437080484
2024-06-12T14:16:00.000 -6239.058969635000 246.148133556174 -2681.712684790680 2.02345520999290 -5.26241980566633 -5.18473984612850
2024-06-12T14:20:00.000 -5532.464698096910 -1010.437697947510 -3813.103454720460 3.82863376285854 -5.14522535875231 -4.18594131125145
2024-06-12T14:24:00.000 -4423.743510406120 -2193.588893330730 -4666.572667388580 5.35415946403702 -4.65429732648036 -2.88297005648595
2024-06-12T14:28:00.000 -2993.723849863350 -3217.425469468130 -5180.161904456770 6.48994647375463 -3.82573952106201 -1.37089806078839
2024-06-12T14:32:00.000 -1346.370497725070 -4007.691339495390 -5316.629132092750 7.15435041425721 -2.71968174656000 0.24062772433212
2024-06-12T14:36:00.000 398.721333367951 -4507.012235059750 -5066.027482183070 7.29945450043345 -1.41584689506568 1.83509975919891
2024-06-12T14:40:00.000 2114.840924261750 -4678.967404801140 -4446.406067785180 6.91424450619610 -0.00814422796326 3.29706460907168
2024-06-12T14:44:00.000 3677.187278295760 -4510.751664496540 -3502.598230278640 6.02562989189123 1.40164974231339 4.52006406448854
2024-06-12T14:48:00.000 4971.872006039760 -4014.235589316550 -2303.141822567150 4.69722541305663 2.71091672945983 5.41427671486179
2024-06-12T14:52:00.000 5904.305924756820 -3225.264612185960 -935.421275443079 3.02532443081067 3.82374167825809 5.91351489337502
2024-06-12T14:56:00.000 6406.277321697970 -2201.161203739690 500.682353733246 1.13211453083770 4.65823432924242 5.98054604418797
2024-06-12T15:00:00.000 6441.122711746520 -1016.559138777990 1900.170175200680 -0.84337520728232 5.15299575324306 5.61029529214382
2024-06-12T15:04:00.000 6006.488404851820 242.141345564395 3160.768577875920 -2.75615498202121 5.27200545363827 4.83036718131188
2024-06-12T15:08:00.000 5134.403380409070 1483.220612260440 4190.529423757050 -4.46652515853590 5.00717028530094 3.69857869466236
2024-06-12T15:12:00.000 3888.743174748890 2616.401780200710 4914.545914387960 -5.85037924105817 4.37845830685943 2.29817988982225
2024-06-12T15:16:00.000 2360.404055014220 3559.411312167130 5280.320365301540 -6.80799829204009 3.43213078763373 0.73146814559769
2024-06-12T15:20:00.000 660.583919811624 4243.864876339030 5261.429877522600 -7.27079934760803 2.23689811476218 -0.88788599071979
2024-06-12T15:24:00.000 -1087.228827934520 4620.081055748360 4859.309289910910 -7.20548399634630 0.87904716714997 -2.44270923494230
2024-06-12T15:28:00.000 -2756.048149228480 4660.631796498350 4103.146168397190 -6.61644120645851 -0.54333169654199 -3.82023767967904
2024-06-12T15:32:00.000 -4224.499375125400 4362.369747516490 3047.860513398890 -5.54581172253683 -1.92718130915220 -4.92010386021127
2024-06-12T15:36:00.000 -5385.612424477180 3746.755175370080 1770.230524492690 -4.07086911547749 -3.17172545477218 -5.66165877480949
2024-06-12T15:40:00.000 -6154.694321520220 2858.417211181040 363.388777020175 -2.29890316668412 -4.18588636180175 -5.99017662609351
2024-06-12T15:44:00.000 -6475.661389759040 1761.968306066090 -1069.980806579140 -0.35953345198981 -4.89532477946053 -5.88136688220077
2024-06-12T15:48:00.000 -6325.232361314610 537.256127085995 -2425.246958529590 1.60525639273760 -5.24822318473244 -5.34337732780577
2024-06-12T15:52:00.000 -5714.614234899220 -726.550563834452 -3603.580605590090 3.45191447241069 -5.21920843053589 -4.41607599479649
2024-06-12T15:56:00.000 -4688.552423603610 -1937.549976566130 -4519.216467041110 5.04622300893442 -4.81094770091334 -3.16771140102360
2024-06-12T16:00:00.000 -3321.903247463950 -3007.811881506700 -5105.651920785110 6.27298328120575 -4.05359974475467 -1.68950710335434
2024-06-12T16:04:00.000 -1714.073324638890 -3859.699987535540 -5320.355581254400 7.04393661845283 -3.00222560414683 -0.08878233595919
2024-06-12T16:08:00.000 18.184133998763 -4431.387198864650 -5147.728113956450 7.30358368431870 -1.73271024919848 1.51866802345693
2024-06-12T16:12:00.000 1749.109605131240 -4681.237491677540 -4600.180283362950 7.03278453502900 -0.33647160645249 3.01654794532199
2024-06-12T16:16:00.000 3352.880281571230 -4590.815917606410 -3717.302440757540 6.25022829890837 1.08565525892679 4.29596525714938
2024-06-12T16:20:00.000 4712.650141172840 -4166.329923447600 -2563.155625142310 5.01169490971293 2.43035484433010 5.26314524511509
2024-06-12T16:24:00.000 5729.103685995910 -3438.347587842380 -1221.771014021430 3.40672427445775 3.59919572855343 5.84653972943539
2024-06-12T16:28:00.000 6327.891713431370 -2459.714989684150 208.920502656493 1.55255296122858 4.50619932882606 6.00271204901155
2024-06-12T16:32:00.000 6465.252469564650 -1301.722607530760 1624.328939031340 -0.41479098661264 5.08464041264261 5.71996625937666
2024-06-12T16:36:00.000 6131.302115426370 -48.830875789453 2920.991294818720 -2.35085383713647 5.29222170304845 5.01934721804692
2024-06-12T16:40:00.000 5350.714056707710 1207.627089734850 4004.276459690100 -4.11398435868272 5.11429667280273 3.95288235781836
2024-06-12T16:44:00.000 4180.731879519610 2376.216065196490 4795.343195728430 -5.57609918031494 4.56457955927004 2.59919922094217
2024-06-12T16:48:00.000 2706.785952457820 3372.061852367260 5236.793743625900 -6.63171720775401 3.68361379231184 1.05723277329220
2024-06-12T16:52:00.000 1036.181907960780 4122.932084307040 5296.705031201480 -7.20507608198001 2.53554532380935 -0.56094165744827
2024-06-12T16:56:00.000 -709.686494580968 4574.356963540500 4970.823532470560 -7.25512800041798 1.20333739926134 -2.13818718660661
2024-06-12T17:00:00.000 -2404.005203986520 4693.473871006510 4282.817271944460 -6.77802091477542 -0.21689332848224 -3.56026659007976
2024-06-12T17:04:00.000 -3923.583125817240 4471.434143399330 3282.636749209790 -5.80770933445938 -1.62231123434053 -4.72368978733327
2024-06-12T17:08:00.000 -5157.760953463930 3924.152211245010 2043.021704423550 -4.41413153012261 -2.91065527890478 -5.54324939483670
2024-06-12T17:12:00.000 -6016.536110547380 3091.260131250960 654.298139838214 -2.69849339326412 -3.98775532651537 -5.95854265130318
2024-06-12T17:16:00.000 -6437.264824545520 2033.304664718550 -782.191049909814 -0.78618256536862 -4.77464141416816 -5.93882819249316
2024-06-12T17:20:00.000 -6389.363576627260 827.321997722821 -2161.576546418830 1.18275445847450 -5.21377494924341 -5.48565664448056
2024-06-12T17:24:00.000 -5876.545916307240 -438.870179101319 -3383.239685395520 3.06438515940720 -5.27338864791640 -4.63264043711576
2024-06-12T17:28:00.000 -4936.445818835460 -1673.164906449200 -4358.223096052500 4.72175790975873 -4.94969339245625 -3.44267801488180
2024-06-12T17:32:00.000 -3637.698670593420 -2785.914202350920 -5015.686689157890 6.03501812562738 -4.26675002668132 -2.00282872654076
2024-06-12T17:36:00.000 -2074.815905943270 -3696.386273603430 -5307.934248683340 6.90960723671465 -3.27430798983370 -0.41772930399914
2024-06-12T17:40:00.000 -361.313379464456 -4338.511582671230 -5213.748335593760 7.28257290063983 -2.04405592634183 1.19790210929878
2024-06-12T17:44:00.000 1378.411386367800 -4665.568751180140 -4739.866098934510 7.12670879604416 -0.66461718157715 2.72716914372594
2024-06-12T17:48:00.000 3017.939959103390 -4653.545268351710 -3920.535428549890 6.45251527982672 0.76446310415974 4.05904100145629
2024-06-12T17:52:00.000 4437.887579686850 -4302.956044754910 -2815.164236081630 5.30784978061482 2.13952293795587 5.09613332186348
2024-06-12T17:56:00.000 5534.590944463350 -3638.964342033590 -1504.173224214920 3.77521248096789 3.36006702211332 5.76186007288293
2024-06-12T18:00:00.000 6227.834216550110 -2709.712285324940 -83.231284963991 1.96634516420066 4.33635520423801 6.00664332000915
2024-06-12T18:04:00.000 6466.926459573360 -1582.867374015430 1343.788801795630 0.01395917999929 4.99651521937559 5.81219235950233
2024-06-12T18:08:00.000 6234.526135126390 -340.615272853711 2672.556417210730 -1.93854968887768 5.29221318528624 5.19299657465887
2024-06-12T18:12:00.000 5547.881013483610 926.466837552010 3806.055013756250 -3.74820692611945 5.20226617684678 4.19508257232338
2024-06-12T18:16:00.000 4457.405932736560 2126.127927498670 4661.737506830750 -5.28332507241290 4.73393394599402 2.89216234573574
2024-06-12T18:20:00.000 3042.795860385150 3171.196936398050 5177.487492483830 -6.43301204458888 3.92194909332034 1.37966140951082
2024-06-12T18:24:00.000 1407.090043187450 3985.858411142580 5315.987823778430 -7.11470375303212 2.82557546584539 -0.23244941943782
2024-06-12T18:28:00.000 -330.814398227441 4511.030821722520 5067.289090841690 -7.27954229110995 1.52416180097102 -1.82738863821741
2024-06-12T18:32:00.000 -2044.685784413630 4708.542296588800 4449.479306021060 -6.91558767831370 0.11160290268358 -3.28965943863320
2024-06-12T18:36:00.000 -3609.962231697380 4563.875985526190 3507.412328462910 -6.04868000234826 -1.30997435196855 -4.51300087148779
2024-06-12T18:40:00.000 -4912.712425031740 4087.312119212100 2309.571332683510 -4.74111975914790 -2.63729002749104 -5.40797687173789
2024-06-12T18:44:00.000 -5857.963718857200 3313.311844672120 943.200311769572 -3.08772560594834 -3.77338030567644 -5.90871349946820
2024-06-12T18:48:00.000 -6376.761183921230 2298.101371973840 -492.022363015511 -1.20916522707888 -4.63499954984477 -5.97816595982517
2024-06-12T18:52:00.000 -6431.339272877910 1115.583971953190 -1891.322109293530 0.75698541674524 -5.15906130248569 -5.61123917454268
2024-06-12T18:56:00.000 -6017.919291520590 -148.124898135748 -3152.607764653340 2.66690619428779 -5.30751889775947 -4.83520399230572
2024-06-12T19:00:00.000 -5166.894504200190 -1401.077603441570 -4184.005216018660 4.38145573399761 -5.07007775264043 -3.70733859016695
2024-06-12T19:04:00.000 -3940.445629028090 -2552.245525318730 -4910.544758094390 5.77648570829975 -4.46456457507019 -2.31029034512512
2024-06-12T19:08:00.000 -2427.863554587890 -3518.099074964410 -5279.508437145950 6.75150506345187 -3.53520111987187 -0.74567986832090
2024-06-12T19:12:00.000 -739.031738392423 -4228.560586421050 -5264.118744914050 7.23634533532707 -2.34918019980831 0.87321023222800
2024-06-12T19:16:00.000 1003.449985952490 -4631.973339266570 -4865.403427347630 7.19579114461922 -0.99192924430187 2.42928772233485
2024-06-12T19:20:00.000 2672.992759163890 -4698.804591519550 -4112.151784467720 6.63206393272719 0.43865058548679 3.80963289443698
2024-06-12T19:24:00.000 4148.084622845400 -4423.852034567420 -3058.951161768760 5.58506881256506 1.83889503744498 4.91348620301783
2024-06-12T19:28:00.000 5321.101172013970 -3826.756319372350 -1782.370838956220 4.13004583616203 3.10667695378679 5.65955327135360
2024-06-12T19:32:00.000 6106.266162214340 -2950.735152721940 -375.510871351227 2.37279309973253 4.14890404189688 5.99233610778107
2024-06-12T19:36:00.000 6446.132307227760 -1859.532619639430 1058.804785744010 0.44211329714330 4.88876500141399 5.88690635840797
2024-06-12T19:40:00.000 6315.952061814150 -632.733012323075 2415.690534590350 -1.52010870462542 5.27195809556983 5.35113105697166
2024-06-12T19:44:00.000 5725.490005516670 640.184412336586 3596.033391633600 -3.37001786879793 5.27082459272131 4.42489327105424
2024-06-12T19:48:00.000 4718.163643229960 1866.505333897640 4513.822043468380 -4.97280968129055 4.88615882029407 3.17671481523313
2024-06-12T19:52:00.000 3367.657844608410 2957.084315831280 5102.383298031370 -6.21254427642112 4.14664110662694 1.69816067099651
2024-06-12T19:56:00.000 1772.407023365760 3832.774905442440 5319.101438910140 -7.00007211389984 3.10636423189041 0.09691496437166
2024-06-12T20:00:00.000 48.410877358914 4430.069688783740 5148.369849210990 -7.27896975997591 1.84075302255487 -1.51097997011558
2024-06-12T20:04:00.000 -1679.097369006640 4705.592152413760 4602.629844695930 -7.02912550700164 0.44116969566877 -3.00914118660406
2024-06-12T20:08:00.000 -3284.586635156870 4639.195980246870 3721.504520074470 -6.26823048449310 -0.99125821190941 -4.28878500171661
2024-06-12T20:12:00.000 -4651.241729522300 4235.490287799370 2569.029283533210 -5.05088694171166 -2.35257216792807 -5.25647954302573
2024-06-12T20:16:00.000 -5679.473930685320 3523.625884803600 1229.113471241220 -3.46523871636162 -3.54348390332675 -5.84112114883146
2024-06-12T20:20:00.000 -6294.287458101190 2555.277356962860 -200.523649347717 -1.62687027427267 -4.47678806263010 -5.99950594636409
2024-06-12T20:24:00.000 -6450.896322930470 1400.910146754820 -1615.524696117230 0.32965465959464 -5.08412432117781 -5.71992742034762
2024-06-12T20:28:00.000 -6138.062231018110 144.586690469622 -2912.634012038370 2.26114759418090 -5.32127427365508 -5.02319883360201
2024-06-12T20:32:00.000 -5378.848960208340 -1122.266070027050 -3997.338177589410 4.02677893009668 -5.17143108039620 -3.96083172169147
2024-06-12T20:36:00.000 -4228.777259506410 -2307.584961112150 -4790.763203134190 5.49853715812886 -4.64605911093174 -2.61077428932503
2024-06-12T20:40:00.000 -2771.627529430490 -3325.349987860090 -5235.327009471540 6.57031671242001 -3.78368071184522 -1.07136984274120
2024-06-12T20:44:00.000 -1113.280718792290 -4101.732589396290 -5298.777675463500 7.16504545376696 -2.64671741379239 0.54589123682432
2024-06-12T20:48:00.000 625.885579662747 -4580.321019775100 -4976.432754102090 7.23966070270217 -1.31705702956182 2.12406720946847
2024-06-12T20:52:00.000 2319.562054086060 -4726.149246976500 -4291.532479716010 6.78811281461783 0.10948284743256 3.54875561143443
2024-06-12T20:56:00.000 3844.527356416740 -4528.280461525040 -3293.670323307300 5.84212817414988 1.52962459676498 4.71604825974008
2024-06-12T21:00:00.000 5089.574083292480 -4000.737620535970 -2055.352522454930 4.46958926711042 2.83991138347212 5.54013212886117
2024-06-12T21:04:00.000 5963.703566043220 -3181.634836267770 -666.830467586326 2.77005078744463 3.94429458673603 5.95991466021296
2024-06-12T21:08:00.000 6402.941969189190 -2130.512768552860 770.456150234516 0.86783341915394 4.76143407964912 5.94392274487006
2024-06-12T21:12:00.000 6375.223113306090 -924.006631510091 2151.391689275230 -1.09724195339227 5.23119962950835 5.49326748528458
2024-06-12T21:16:00.000 5882.790198832660 349.867056596276 3375.059684489320 -2.98098426664035 5.31946192146194 4.64154048084920
2024-06-12T21:20:00.000 4961.906542384630 1598.272575255410 4352.228540832770 -4.64585635532382 5.02039899990372 3.45184774388325
2024-06-12T21:24:00.000 3680.008681577820 2730.406447350280 5011.859282073170 -5.97120959412615 4.35656505775860 2.01165174401565
2024-06-12T21:28:00.000 2130.602325933140 3664.080137798460 5306.155542241490 -6.86166718620323 3.37668406810626 0.42596842818132
2024-06-12T21:32:00.000 426.404944278445 4331.571749505100 5213.881710026500 -7.25336898558929 2.15185450604511 -1.19017570420128
2024-06-12T21:36:00.000 -1308.762979958130 4684.425897030010 4741.812863953750 -7.11818426994872 0.77059226220414 -2.71975806447125
2024-06-12T21:40:00.000 -2948.829600098010 4696.908565522340 3924.232670103070 -6.46558037534149 -0.66735358003110 -4.05186253541403
2024-06-12T21:44:00.000 -4374.495437088190 4367.911855547180 2820.545178360790 -5.34230731698465 -2.05770683774377 -5.08934257344948
2024-06-12T21:48:00.000 -5481.901010312670 3721.146883431780 1511.080074156290 -3.82955674441455 -3.29918653644446 -5.75607320061337
2024-06-12T21:52:00.000 -6190.279912375790 2803.527929833190 91.312876226986 -2.03747518162853 -4.30093472902143 -6.00281236098263
2024-06-12T21:56:00.000 -6448.004124127340 1681.813189074590 -1335.123893324070 -0.09719451417031 -4.98953055130337 -5.81132544059233
2024-06-12T22:00:00.000 -6236.441386725740 437.695773808315 -2664.123781322290 1.84922955095843 -5.31475324609863 -5.19590070238369
2024-06-12T22:04:00.000 -5571.278176560530 -838.261375632425 -3798.813083763000 3.65970961450654 -5.25334034591686 -4.20210763343941
2024-06-12T22:08:00.000 -4501.220803980650 -2053.310314085120 -4656.651609254670 5.20286682785514 -4.81038165310779 -2.90299134711879
2024-06-12T22:12:00.000 -3104.267996631080 -3119.258818531980 -5175.361208283230 6.36737389948539 -4.01843787912981 -1.39327520330185
2024-06-12T22:16:00.000 -1481.965518833030 -3958.780713309960 -5317.314804337380 7.06944316336454 -2.93494052773378 0.21757108301149
2024-06-12T22:20:00.000 247.918666972916 -4510.911825900730 -5072.155587693200 7.25840807969380 -1.63797799990673 1.81308938791201
2024-06-12T22:24:00.000 1959.781490654950 -4735.379520217110 -4457.525020865080 6.92003074094978 -0.22093966842624 3.27773761710954
2024-06-12T22:28:00.000 3529.130023936730 -4615.548657436470 -3517.890604659430 6.07784176832086 1.21371279478691 4.50483109910658
2024-06-12T22:32:00.000 4841.567670659840 -4159.755036251800 -2321.481641897880 4.79204415392587 2.56158205181597 5.40426784219147
2024-06-12T22:36:00.000 5801.206959804680 -3400.866433514600 -955.460897453298 3.15582975451147 3.72393386735787 5.90944429336310
2024-06-12T22:40:00.000 6337.848669814780 -2393.998586949080 480.412112789592 1.28873921506900 4.61530081224005 5.98269997812772
2024-06-12T22:44:00.000 6412.278418980710 -1212.520664938920 1881.144029251640 -0.67215913403036 5.17003814657211 5.61842773378406
2024-06-12T22:48:00.000 6019.239740649430 57.375264753782 3144.345669883930 -2.58286264424802 5.34766322911355 4.84377713920781
2024-06-12T22:52:00.000 5187.730796870160 1323.119253169370 4177.854356659900 -4.30373153509171 5.13576727147926 3.71620112120562
2024-06-12T22:56:00.000 3978.695675171240 2492.601994578340 4906.478840743990 -5.70980886829842 4.55050872728768 2.31872582991966
2024-06-12T23:00:00.000 2480.395769521960 3480.882825304830 5277.390038905070 -6.69973933778188 3.63502902868451 0.75347547480662
2024-06-12T23:04:00.000 801.883342035644 4216.277276357230 5263.804952986430 -7.20255829871038 2.45593458164527 -0.86593195365359
2024-06-12T23:08:00.000 -934.875554165135 4645.422352425710 4866.799631097130 -7.18217492661695 1.09841560525812 -2.42227104420404
2024-06-12T23:12:00.000 -2603.705042377410 4737.072247021240 4115.220245972520 -6.63985534339951 -0.33946010746090 -3.80270670828680
2024-06-12T23:16:00.000 -4083.259105310440 4484.384794440330 3063.665359474120 -5.61438278507097 -1.75358172097909 -4.90673672950836
2024-06-12T23:20:00.000 -5265.794414632290 3905.509823404560 1788.640999461890 -4.17974937854128 -3.04103808896563 -5.65345585950829
2024-06-12T23:24:00.000 -6065.088688578720 3042.394438890450 383.078225659898 -2.44026296302965 -4.10768051079458 -5.98779989710878
2024-06-12T23:28:00.000 -6422.871975665630 1957.802312462190 -1050.447357571900 -0.52311121373693 -4.87533031239182 -5.88504312245822
2024-06-12T23:32:00.000 -6313.191787056870 730.710090232250 -2407.306763126600 1.43133880022026 -5.28793836771676 -5.35290594122530
2024-06-12T23:36:00.000 -5744.288282076060 -549.549503384723 -3588.569038703080 3.28033734661856 -5.31576716224927 -4.43081037476052
2024-06-12T23:40:00.000 -4757.865688909160 -1789.881456591360 -4508.267230661620 4.88949776889739 -4.95733792051213 -3.18663387310047
2024-06-12T23:44:00.000 -3425.886350575140 -2900.228163640250 -5099.617387693690 6.14257723323288 -4.23922203706061 -1.71129391467414
2024-06-12T23:48:00.000 -1845.210065196640 -3800.049609585800 -5319.731726389510 6.94945944284402 -3.21360762349197 -0.11178919621910
2024-06-12T23:52:00.000 -130.592719759676 -4424.030689842480 -5152.594331519530 7.25196203967629 -1.95444229079605 1.49621560546456
2024-06-12T23:56:00.000 1593.497718867140 -4726.721215477490 -4610.197458235260 7.02779741607560 -0.55237399936396 2.99634701533276
2024-06-13T00:00:00.000 3201.739112964820 -4685.825912799380 -3731.745499514540 6.29224310886369 0.89137179150152 4.27951093848963
2024-06-13T00:04:00.000 4576.960515081560 -4303.932143311710 -2580.974077361390 5.09766052336795 2.27187938156265 5.25164671656175
2024-06-13T00:08:00.000 5618.723885852080 -3608.494321639750 -1241.663210094070 3.53037209306992 3.48813659506292 5.84086954683151
2024-06-13T00:12:00.000 6250.823713219310 -2649.975453580450 188.412028158409 1.70479963238542 4.45066460191026 6.00327258785759
2024-06-13T00:16:00.000 6427.059129494660 -1498.202577780960 1604.701735943320 -0.24507363293856 5.08866299394057 5.72670167837815
2024-06-13T00:20:00.000 6134.700852387450 -237.186576320394 2903.671309098870 -2.17610119424996 5.35547356491587 5.03170592487821
2024-06-13T00:24:00.000 5395.380116534220 1041.128222235650 3990.500102113120 -3.94692955404129 5.23205225048134 3.96985391665376
2024-06-13T00:28:00.000 4263.350941307200 2243.689668309710 4786.066962052720 -5.42879339986841 4.72818472733679 2.61949646730834
2024-06-13T00:32:00.000 2821.308498506480 3283.133051943820 5232.643844738550 -6.51476678080664 3.88109492246223 1.07940241550832
2024-06-13T00:36:00.000 1174.264033807220 4084.042119183950 5297.945117254850 -7.12687077329553 2.75250821832903 -0.53845674797694
2024-06-13T00:40:00.000 -558.072746489143 4588.313771701350 4977.344939216180 -7.22125490897442 1.42410241587916 -2.11691162786472
2024-06-13T00:44:00.000 -2249.864244963150 4759.275809013800 4294.153677729080 -6.79097820829723 -0.00822925446718 -3.54164703564132
2024-06-13T00:48:00.000 -3778.126188016260 4584.341754770030 3297.989699901140 -5.86670508497641 -1.44082143539482 -4.70904934091565
2024-06-13T00:52:00.000 -5031.603590170140 4076.010005596120 2061.298861078480 -4.51500935582642 -2.76954126254416 -5.53367276900056
2024-06-13T00:56:00.000 -5918.924278541250 3271.076793347490 674.187255010037 -2.83406171833016 -3.89731322557083 -5.95478518771069
2024-06-13T01:00:00.000 -6375.392871062230 2228.039558411870 -762.139680715203 -0.94663007395074 -4.74153857081890 -5.94125407663472
2024-06-13T01:04:00.000 -6367.828821236000 1022.830179281150 -2142.842230940590 1.00911236752674 -5.24047618916075 -5.49414740104363
2024-06-13T01:08:00.000 -5897.009372092140 -256.799511339420 -3367.219788133170 2.89018417132793 -5.35799216098285 -4.64664236445170
2024-06-13T01:12:00.000 -4997.506296859340 -1517.776318132810 -4346.131824542080 4.55972792923061 -5.08608823876780 -3.46121622998016
2024-06-13T01:16:00.000 -3734.986216515210 -2668.520103209380 -5008.457703767410 5.89701204668657 -4.44504629259448 -2.02456169221839
2024-06-13T01:20:00.000 -2201.308046464610 -3625.541458140990 -5306.148348650340 6.80574393716349 -3.48155882590237 -0.44107706080661
2024-06-13T01:24:00.000 -507.840018691375 -4319.390505223400 -5217.583820745140 7.22051629231068 -2.26520263631046 1.17471387020354
2024-06-13T01:28:00.000 1222.497058771030 -4699.580185176190 -4749.064603753630 7.11101121692121 -0.88352615305206 2.70595314423291
2024-06-13T01:32:00.000 2863.969528478780 -4738.217039919550 -3934.425406942890 6.48430665127271 0.56379694122006 4.04140693539425
2024-06-13T01:36:00.000 4297.044847894140 -4432.110922348100 -2832.724224312760 5.38478341211207 1.97177197354528 5.08336497449379
2024-06-13T01:40:00.000 5417.101620714950 -3803.174305859640 -1524.119787857060 3.89170511458051 3.23748588219185 5.75486584282073
2024-06-13T01:44:00.000 6142.225676698840 -2896.985578732780 -104.104473098992 2.11388623335887 4.26792645214724 6.00596671514522
2024-06-13T01:48:00.000 6419.385627266060 -1779.523226670840 1323.519654515670 0.18169043063130 4.98722562620501 5.81786428827743
2024-06-13T01:52:00.000 6228.441669220700 -532.300489436448 2654.366860466830 -1.76292908233728 5.34265255978463 5.20453695995543
2024-06-13T01:56:00.000 5583.612737162620 753.718431037938 3791.251451157960 -3.57748395394617 5.30865481749549 4.21156918396194
2024-06-13T02:00:00.000 4532.282918656820 1984.880846002940 4651.356864187470 -5.12979992116844 4.88844551550721 2.91231476328179
2024-06-13T02:04:00.000 3151.331009066340 3071.710593580920 5172.241319475460 -6.30775053171203 4.11331641269794 1.40203514675796
2024-06-13T02:08:00.000 1541.368273613840 3935.350415584000 5316.217771501510 -7.02673660611199 3.03986377311197 -0.20946020299033
2024-06-13T02:12:00.000 -180.560687867451 4513.153265530320 5072.948948512690 -7.23517799734437 1.74578942260333 -1.80539051665030
2024-06-13T02:16:00.000 -1889.367897107860 4763.132654064400 4460.149071897760 -6.91801929992515 0.32456483748521 -3.27014919236118
2024-06-13T02:20:00.000 -3460.868257180320 4666.986381615010 3522.325199499710 -6.09781383642911 -1.12105740914390 -4.49736720128261
2024-06-13T02:24:00.000 -4780.700660727810 4231.483657654900 2327.652460928410 -4.83348589660285 -2.48612372343091 -5.39737165051084
2024-06-13T02:28:00.000 -5752.674312592720 3488.098694175520 963.141232540151 -3.21670300183628 -3.67098025765689 -5.90392061217571
2024-06-13T02:32:00.000 -6305.912285628340 2490.824051853370 -471.672952795294 -1.36544339980788 -4.58885678682921 -5.97958620905563
2024-06-13T02:36:00.000 -6400.152654458560 1312.246866174130 -1872.058042142820 0.58475999315250 -5.17257631559317 -5.61881631175938
2024-06-13T02:40:00.000 -6028.732760817870 38.185925150673 -3135.854583954650 2.49127480824088 -5.37974936577100 -4.84842829848651
2024-06-13T02:44:00.000 -5218.982572469680 -1238.664754798700 -4171.014046654020 4.21524167750371 -5.19578241525829 -3.72527504982528
2024-06-13T02:48:00.000 -4030.068885086210 -2425.540808584520 -4902.296250273470 5.63182374236672 -4.63461457662861 -2.33163158842508
2024-06-13T02:52:00.000 -2548.542236118180 -3436.320290541100 -5276.634491227800 6.63896122591586 -3.73725188640177 -0.76884762388654
2024-06-13T02:56:00.000 -882.015473745748 -4197.661019173090 -5266.852340859420 7.16415461815842 -2.56853254137982 0.84993820649824
2024-06-13T03:00:00.000 848.546612462387 -4654.204452369480 -4873.560241766880 7.16927087214438 -1.21262296379424 2.40766132664894
2024-06-13T03:04:00.000 2517.434856458490 -4772.543558577800 -4125.129436505680 6.65315174043108 0.23275131709811 3.79134481076696
2024-06-13T03:08:00.000 4003.174777850820 -4543.707264159570 -3075.779075498430 5.65216583526843 1.66285080857192 4.89987819877291
2024-06-13T03:12:00.000 5197.355417357750 -3983.965030449580 -1801.805315802320 4.23823691613203 2.97334742167862 5.65156341724873
2024-06-13T03:16:00.000 6012.655391529380 -3133.811186566520 -396.129291674553 2.51419846711530 4.06798442925304 5.99051665021442
2024-06-13T03:20:00.000 6389.435013429200 -2055.107246260750 1038.510918729210 0.60641949480489 4.86617099033766 5.89141315543042
2024-06-13T03:24:00.000 6300.239952493860 -826.524997659938 2397.203961062330 -1.34497094782831 5.30930276116667 5.36157832903197
2024-06-13T03:28:00.000 5751.833319287270 462.306315455207 3580.686787573320 -3.19682953923726 5.36526246364662 4.44044184188246
2024-06-13T03:32:00.000 4784.578474970390 1717.481942454280 4502.701301999890 -4.81407748671060 5.03069315693750 3.19616544011900
2024-06-13T03:36:00.000 3469.278694554310 2847.737123957600 5096.262929816440 -6.07966535331635 4.33072344887618 1.72013657355891
2024-06-13T03:40:00.000 1901.833765645550 3771.040554738430 5318.405332165670 -6.90264388377758 3.31664237164182 0.11987039861418
2024-06-13T03:44:00.000 196.230253305613 4420.432769069270 5153.136072288710 -7.22405829048154 2.06197055546219 -1.48868927554192
2024-06-13T03:48:00.000 -1523.630943766360 4748.754344437910 4612.507162860010 -7.02069735339712 0.65726965364220 -2.98908999348891
2024-06-13T03:52:00.000 -3132.773545254420 4732.033659363300 3735.783854332800 -6.30693673172374 -0.79590985300026 -4.27237072452553
2024-06-13T03:56:00.000 -4514.137429509000 4371.280406064420 2586.687977128520 -5.13401750872950 -2.19217328880026 -5.24491022710411
2024-06-13T04:00:00.000 -5567.083191811180 3692.516361877000 1248.877247142970 -3.58680666838641 -3.42973743250076 -5.83525672483842
2024-06-13T04:04:00.000 -6214.830598663720 2744.999777629840 -180.086387803154 -1.77807922423623 -4.41799897013494 -5.99980115687185
2024-06-13T04:08:00.000 -6410.202491210230 1597.675564905620 -1595.904520431600 0.15981209566915 -5.08457956405719 -5.72640557113493
2024-06-13T04:12:00.000 -6139.137011582670 334.092627681621 -2895.271048394020 2.08504995160571 -5.38094379839296 -5.03541845889334
2024-06-13T04:16:00.000 -5421.652671955650 -953.792974759495 -3983.512697604090 3.85726129488770 -5.28596462577631 -3.97791288145288
2024-06-13T04:20:00.000 -4310.229021879070 -2172.388290372010 -4781.499043405900 5.34796297757577 -4.80713646878571 -2.63146672856642
2024-06-13T04:24:00.000 -2885.826334706490 -3233.253206410600 -5231.309798604860 6.44966494664305 -3.97957621676886 -1.09413034018800
2024-06-13T04:28:00.000 -1251.940466060050 -4059.424332555170 -5300.303341025540 7.08310506891746 -2.86319435050460 0.52275012022549
2024-06-13T04:32:00.000 472.834688639476 -4590.869623979150 -4983.384408637940 7.20240647049510 -1.53836271551972 2.10227260628754
2024-06-13T04:36:00.000 2163.239984459110 -4788.776771626070 -4303.390179567640 6.79828374814663 -0.10054409534202 3.52992481927191
2024-06-13T04:40:00.000 3696.300497900250 -4638.408190747840 -3309.545462855650 5.89899453825693 1.34625405586094 4.70161054309607
2024-06-13T04:44:00.000 4960.209244927510 -4150.307405635020 -2074.057573883450 4.56893351788248 2.69661040930772 5.53112155546556
2024-06-13T04:48:00.000 5862.579725697780 -3359.711833297550 -686.985091949118 2.90461618800538 3.85147915503383 5.95690783592670
2024-06-13T04:52:00.000 6337.386139386730 -2324.094813544730 750.325325016470 1.02785532959516 4.72582896061187 5.94712983641481
2024-06-13T04:56:00.000 6349.971968270240 -1118.967917422910 2132.757039257190 -0.92345175618821 5.25537094930753 5.50244721338929
2024-06-13T05:00:00.000 5899.638904211180 167.739559666101 3359.277967902540 -2.80607813949314 5.40157444316058 4.65598389453462
2024-06-13T05:04:00.000 5019.591591335360 1442.241746015560 4340.440155511130 -4.48253545422557 5.15441441455176 3.47046630476255
2024-06-13T05:08:00.000 3774.309568864170 2611.817423129830 5004.903890926090 -5.83123638591020 4.53265503037231 2.03307911256088
2024-06-13T05:12:00.000 2254.665418855170 3591.546326874580 5304.535294849850 -6.75512380253818 3.58205562309310 0.44874532872005
2024-06-13T05:16:00.000 571.225012953395 4310.372114442030 5217.732061456700 -7.18800393840087 2.37167057656628 -1.16763931269652
2024-06-13T05:20:00.000 -1153.711477451450 4716.125793786300 4750.877983081680 -7.09881637291600 0.98891697475064 -2.69910745669317
2024-06-13T05:24:00.000 -2794.828818290070 4779.233248675960 3937.873886111660 -6.49365855165678 -0.46637951462457 -4.03461465213541
2024-06-13T05:28:00.000 -4232.761001135410 4494.907364837520 2837.788083592760 -5.41583544499429 -1.88869717696423 -5.07676243853047
2024-06-13T05:32:00.000 -5362.771118904570 3883.609014298850 1530.685878719800 -3.94326653861974 -3.17445066009857 -5.74908678562908
2024-06-13T05:36:00.000 -6102.467336842520 2989.665499939340 111.864373988519 -2.18315359562271 -4.22958674591184 -6.00197606899755
2024-06-13T05:40:00.000 -6397.948020778520 1878.101266059270 -1315.126034223380 -0.26422245763270 -4.97681696184978 -5.81675236701137
2024-06-13T05:44:00.000 -6227.820994162000 629.859025827467 -2646.145964626710 1.67308265009522 -5.36162740953889 -5.20719984718713
2024-06-13T05:48:00.000 -5604.742076528920 -664.196364246099 -3784.171673105550 3.48730347952488 -5.35635870494110 -4.21843977330688
2024-06-13T05:52:00.000 -4574.348026448520 -1909.990696254090 -4646.415284630590 5.04675923418586 -4.96200342754888 -2.92314062149978
2024-06-13T05:56:00.000 -3211.754750462160 -3017.088263338500 -5170.273936889140 6.23890290736890 -4.20763612844784 -1.41576981524279
2024-06-13T06:00:00.000 -1616.008265998720 -3905.172954714670 -5317.740387345230 6.97796297581043 -3.14795904418054 0.19441313568510
2024-06-13T06:04:00.000 97.054581866559 -4509.748171208470 -5078.046919131310 7.21056820170072 -1.85932585519323 1.79098338343094
2024-06-13T06:08:00.000 1803.055737962340 -4786.726204402590 -4468.429202466840 6.91932080267425 -0.43450221777708 3.25833190956703
2024-06-13T06:12:00.000 3377.928714638830 -4715.646538708380 -3532.980791100330 6.12430609053738 1.02350359662462 4.48956708212383
2024-06-13T06:16:00.000 4706.874839138550 -4301.286725167010 -2339.623706680080 4.88230647426150 2.40863647566029 5.39425791185017
2024-06-13T06:20:00.000 5692.797956340550 -3573.479447643300 -975.299108828923 3.28324455979756 3.61945189243547 5.90539472003507
2024-06-13T06:24:00.000 6263.566800493410 -2585.075595672990 460.343754884447 1.44397775310551 4.56684491200035 5.98483455532235
2024-06-13T06:28:00.000 6377.476140391710 -1408.112812440570 1862.315295934690 -0.50042070955829 5.18108787365929 5.62654919711856
2024-06-13T06:32:00.000 6026.390282333820 -128.471556035304 3128.123985295340 -2.40712172295592 5.41730866006572 4.85724416386108
2024-06-13T06:36:00.000 5236.264371819720 1160.541945652510 4165.409628527130 -4.13670518081164 5.25883979216700 3.73401502196167
2024-06-13T06:40:00.000 4065.050819864760 2365.108890582710 4898.703273557620 -5.56356399251401 4.71801715827994 2.33957983133667
2024-06-13T06:44:00.000 2598.283445315420 3397.732515132110 5274.835421186460 -6.58480423309335 3.83479027189500 0.77587406036422
2024-06-13T06:48:00.000 942.742163690100 4183.506679288480 5266.656068081510 -7.12722713661087 2.67345558297587 -0.84354384970351
2024-06-13T06:52:00.000 -781.270975443445 4665.423041537340 4874.866337798680 -7.15195666733602 1.31798240082560 -2.40145759866288
2024-06-13T06:56:00.000 -2448.525840211260 4808.415430148830 4127.939402260050 -6.65704610408858 -0.13378823423909 -3.78499413250737
2024-06-13T07:00:00.000 -3937.810021253720 4601.905277270750 3080.127120802400 -5.67778535280962 -1.57679837621667 -4.89346099398802
2024-06-13T07:04:00.000 -5140.678383923940 4060.676604472550 1807.652333462770 -4.28475600539614 -2.90601938372630 -5.64561836497742
2024-06-13T07:08:00.000 -5969.430722839430 3223.934337432400 403.254166050400 -2.57923917914599 -4.02427303572378 -5.98599719802664
2024-06-13T07:12:00.000 -6363.649282063920 2152.513989002420 -1030.582403023460 -0.68589524196099 -4.84964728657403 -5.88941625415337
2024-06-13T07:16:00.000 -6294.717328996710 924.428595513461 -2389.201036405930 1.25663222353294 -5.32184214257048 -5.36309872215384
2024-06-13T07:20:00.000 -5767.903526318340 -370.911231139136 -3573.535086919380 3.10644198819491 -5.40675664186853 -4.44605549383336
2024-06-13T07:24:00.000 -4821.844609190880 -1639.304426234330 -4497.386406831130 4.72908586255754 -5.09875560394251 -3.20577623960704
2024-06-13T07:28:00.000 -3525.565071279720 -2788.641738868270 -5093.653961465720 6.00729921618776 -4.42073534293369 -1.73286977749695
2024-06-13T07:32:00.000 -1973.337045938270 -3735.537443784390 -5319.079900724150 6.84911162153287 -3.42198102175747 -0.13420665687939
2024-06-13T07:36:00.000 -277.854669869172 -4411.247145253500 -5157.258145337630 7.19381826222315 -2.17450478332632 1.47461399022423
2024-06-13T07:40:00.000 1437.797559656230 -4766.554312752960 -4619.787455932940 7.01604937594586 -0.76810329565389 2.97714789689448
2024-06-13T07:44:00.000 3048.905937275100 -4775.332100624020 -3745.512585482900 6.32773602421254 0.69569339706898 4.26411574832185
2024-06-13T07:48:00.000 4438.086770177560 -4436.543166135120 -2597.862429364820 5.17776709245477 2.11055634546781 5.24118794873830
2024-06-13T07:52:00.000 5503.869453897860 -3774.494449673270 -1260.396135336180 3.64920468747052 3.37291914253109 5.83603574762271
2024-06-13T07:56:00.000 6168.294986441480 -2837.215060832020 169.225624937016 1.85369153492078 4.38997291513101 6.00433488162679
2024-06-13T08:00:00.000 6382.799778897830 -1692.983144228750 1586.463433040900 -0.07700566270976 5.08688060683209 5.73347628994206
2024-06-13T08:04:00.000 6131.864997571630 -425.281160624435 2887.692566261020 -2.00107538947424 5.41260946283058 5.04364067635359
2024-06-13T08:08:00.000 5434.115922858890 873.429503069025 3977.921029164800 -3.77763851981794 5.34382106128669 3.98607719067622
2024-06-13T08:12:00.000 4340.794008892190 2108.579752003010 4777.778177046950 -5.27746418515421 4.88631580359455 2.63881202663433
2024-06-13T08:16:00.000 2931.810849245020 3190.414596110900 5229.228986592800 -6.39226671794431 4.07407701482842 1.10046401480375
2024-06-13T08:20:00.000 1309.798700506350 4040.443620386290 5299.647765838230 -7.04203619344490 2.96637302564815 -0.51712265998861
2024-06-13T08:24:00.000 -407.343043144097 4597.008122569480 4984.050622092950 -7.18023747708694 1.64336666791138 -2.09679745123604
2024-06-13T08:28:00.000 -2094.886013584460 4819.653583549730 4305.396357725920 -6.79682441803298 0.20058306849596 -3.52418479755521
2024-06-13T08:32:00.000 -3630.177213034800 4692.046872213150 3312.973024435870 -5.91909155003901 -1.25766090860119 -4.69552816955672
2024-06-13T08:36:00.000 -4901.473669787730 4223.232411053310 2078.951615239290 -4.61022111542309 -2.62541439751480 -5.52509761231881
2024-06-13T08:40:00.000 -5816.120756416090 3447.113277339610 693.230776225235 -2.96516452854183 -3.80280410980734 -5.95184643563298
2024-06-13T08:44:00.000 -6307.420118355680 2420.073595898100 -743.091690393905 -1.10400633139878 -4.70354330701320 -5.94414928399175
2024-06-13T08:48:00.000 -6339.647377313580 1216.883487676560 -2125.171237202580 0.83692623456309 -5.26174722206105 -5.50265527859659
2024-06-13T08:52:00.000 -5910.677834627840 -74.849343397595 -3352.204760585810 2.71575951685780 -5.43695650754815 -4.66013015036309
2024-06-13T08:56:00.000 -5052.027937027110 -1361.159425681370 -4334.853331585950 4.39578536096858 -5.21693451588772 -3.47867080093782
2024-06-13T09:00:00.000 -3826.392249848070 -2548.609905081720 -5001.716829966440 5.75545809276341 -4.61821755815689 -2.04468244696471
2024-06-13T09:04:00.000 -2322.952845690370 -3551.036436935200 -5304.406048217400 6.69684214674379 -3.68445325991734 -0.46234955330618
2024-06-13T09:08:00.000 -650.886159056746 -4295.684494039690 -5220.928113715300 7.15215769606199 -2.48304371932827 1.15385441125369
2024-06-13T09:12:00.000 1068.438666224020 -4728.367513955820 -4757.214045727840 7.08816132769799 -1.10045469981862 2.68701819245777
2024-06-13T09:16:00.000 2710.087223582790 -4817.369726123510 -3946.748231656330 6.50861561629587 0.36357981798590 4.02577199516963
2024-06-13T09:20:00.000 4154.514952743400 -4555.832069085240 -2848.289175223520 5.45450511412926 1.80286213744725 5.07214830110792
2024-06-13T09:24:00.000 5296.278144513880 -3962.411144743020 -1541.761729314380 4.00175824697441 3.11225489991430 5.74887435757129
2024-06-13T09:28:00.000 6051.872234013860 -3080.081873980900 -122.515005230548 2.25618087700579 4.19553749527041 6.00557708868327
2024-06-13T09:32:00.000 6366.031972611170 -1973.090874440060 1305.683829368100 0.34585841211830 4.97287311151675 5.82299849614449
2024-06-13T09:36:00.000 6215.937620264910 -722.205638538419 2638.390689305850 -1.58876367803224 5.38733570924784 5.21480610844649
2024-06-13T09:40:00.000 5612.840143823480 581.333230474707 3778.284571329990 -3.40601655878300 5.40906093657278 4.22622277459663
2024-06-13T09:44:00.000 4601.079238977570 1842.575166567030 4642.328218232380 -4.97354026615817 5.03714459598571 2.93026109367479
2024-06-13T09:48:00.000 3254.663736338040 2969.823983207440 5167.782805215430 -6.17793683769230 4.29937823404090 1.42195354696542
2024-06-13T09:52:00.000 1671.728507003150 3881.271097687020 5316.641557744800 -6.93268541125148 3.24978023618584 -0.18892726317303
2024-06-13T09:56:00.000 -32.631437557114 4510.809942730280 5078.230304861990 -7.18371893865362 1.96438834801327 -1.78568669694310
2024-06-13T10:00:00.000 -1734.609607052640 4812.710546165460 4469.915754232300 -6.91292205003929 0.53600805689981 -3.25270162112802
2024-06-13T10:04:00.000 -3310.527145608340 4764.903746009960 3535.880374294170 -6.13950742951771 -0.93213680727141 -4.48343234415743
2024-06-13T10:08:00.000 -4645.719939746970 4370.640637710070 2344.030940440470 -4.91903493788910 -2.33347962067840 -5.38792496099862
2024-06-13T10:12:00.000 -5642.905912677210 3658.389533804720 981.171482094944 -3.33998163622124 -3.56577708760686 -5.89970029252951
2024-06-13T10:16:00.000 -6229.384256563250 2679.856681020300 -453.298441391243 -1.51746267336553 -4.53884420668076 -5.98095791889261
2024-06-13T10:20:00.000 -6362.461104636100 1506.252033781600 -1854.676847326050 0.41512460073596 -5.18139539636616 -5.62567039900201
2024-06-13T10:24:00.000 -6032.637604484510 223.040684688757 -3120.731140672770 2.31639663232209 -5.44670954826161 -4.86027363404226
2024-06-13T10:28:00.000 -5264.212404447250 -1076.405900498520 -4159.249865715860 4.04784688505339 -5.31596840771126 -3.74125547084235
2024-06-13T10:32:00.000 -4113.346232977310 -2297.672045653610 -4894.749258280210 5.48408840187504 -4.79925615908515 -2.35057638442291
2024-06-13T10:36:00.000 -2663.826553613580 -3352.128550897080 -5273.853208206190 6.52159314439145 -3.93436960356648 -0.78937369611255
2024-06-13T10:40:00.000 -1020.946493286690 -4163.265162030610 -5269.037924191100 7.08567612528026 -2.78385717464619 0.82932933168665
2024-06-13T10:44:00.000 696.052379658113 -4672.113399191970 -4880.549513433660 7.13541443636843 -1.43051024647067 2.38848036665683
2024-06-13T10:48:00.000 2362.454829036610 -4841.463907975910 -4136.412806031210 6.66643578562355 0.02814150096041 3.77496137442828
2024-06-13T10:52:00.000 3856.984283228230 -4658.631517967660 -3090.535309345940 5.71168945798251 1.48644256013857 4.88749939982462
2024-06-13T10:56:00.000 5070.603028972410 -4136.527262970460 -1818.956410213790 4.33971170760027 2.83803314648106 5.64410877963249
2024-06-13T11:00:00.000 5914.582904686040 -3312.890091199960 -414.419542830507 2.65025645553273 3.98369415251357 5.98854156477936
2024-06-13T11:04:00.000 6327.190285096030 -2247.632881488130 1020.421192874690 0.76709468522046 4.83909155347195 5.89504100387924
2024-06-13T11:08:00.000 6278.351282432810 -1018.447608383200 2380.629259600450 -1.17139508580443 5.34136178892357 5.37049553677434
2024-06-13T11:12:00.000 5771.894754544040 284.978169761864 3566.827956182030 -3.02295945040743 5.45407860542432 4.45402381961781
2024-06-13T11:16:00.000 4845.127957820380 1567.671130755430 4492.569195689040 -4.65262679144385 5.16977995089313 3.21344241400816
2024-06-13T11:20:00.000 3565.890756236360 2736.352085063110 5090.588802980750 -5.94242362085407 4.50988020986695 1.73976744428188
2024-06-13T11:24:00.000 2027.467022125620 3706.172524670650 5317.577737109650 -6.79949756087273 3.52275026848884 0.14038458671560
2024-06-13T11:28:00.000 341.760228982681 4406.777880318640 5157.194433849010 -7.16240384110422 2.28004757007939 -1.46872237287172
2024-06-13T11:32:00.000 -1368.765138091650 4787.296215448330 4621.149508010880 -7.00503650150988 0.87151396420556 -2.97109332960081
2024-06-13T11:36:00.000 -2979.819342520230 4819.964141516810 3748.373293392580 -6.33842651051165 -0.60110191019154 -4.25767088441760
2024-06-13T11:40:00.000 -4374.204588585380 4502.194214866060 2602.305035509090 -5.21038284302386 -2.03097251850375 -5.23452846925586
2024-06-13T11:44:00.000 -5450.341277476060 3856.884943341270 1266.390041587980 -3.70252849395923 -3.31384543584680 -5.82993723711915
2024-06-13T11:48:00.000 -6129.774113131640 2930.866148476400 -161.949628839279 -1.92479622617513 -4.35584010592601 -5.99996193801667
2024-06-13T11:52:00.000 -6363.028306695640 1791.514524521910 -1578.472134396040 -0.00721774816038 -5.08071180730602 -5.73208138236113
2024-06-13T11:56:00.000 -6133.275910083190 521.794748320030 -2879.823886049470 1.90991075455248 -5.43563024434920 -5.04617995339571
2024-06-13T12:00:00.000 -5457.524974385970 -785.879554380485 -3971.181498366760 3.68673855708682 -5.39516728263875 -3.99295966422687
2024-06-13T12:04:00.000 -4385.228036827050 -2036.463752413620 -4773.187827969300 5.19441140964510 -4.96287954882545 -2.64971737980348
2024-06-13T12:08:00.000 -2994.511921421300 -3139.190259791010 -5227.633455367300 6.32420141950376 -4.17055656030938 -1.11427023387369
2024-06-13T12:12:00.000 -1386.433800752510 -4014.061394058640 -5301.544226120770 6.99481350068171 -3.07558679596467 0.50215678776084
2024-06-13T12:16:00.000 322.287265566334 -4597.525597798060 -4989.474456308730 7.15774715186789 -1.75682773593437 2.08270444645087
2024-06-13T12:20:00.000 2007.577629215540 -4847.003497869400 -4313.908212751250 6.80058937559392 -0.30920972269805 3.51281896991985
2024-06-13T12:24:00.000 3546.853314707900 -4744.007243551550 -3323.747425329120 5.94818730761845 1.16256332124465 4.68820805055961
2024-06-13T12:28:00.000 4827.880605514540 -4295.629218084330 -2090.927511091360 4.66153668148051 2.55131504995956 5.52243326132888
2024-06-13T12:32:00.000 5757.045249779490 -3534.196540234510 -705.304076059323 3.03393654264719 3.75525078956953 5.95359767233263
2024-06-13T12:36:00.000 6266.376898404710 -2515.038586879000 731.887787622257 1.18448516939795 4.68574763456509 5.94946282071937
2024-06-13T12:40:00.000 6318.701973110030 -1312.452880600420 2115.547419011640 -0.75096252700737 5.27441228997763 5.51028536459174
2024-06-13T12:44:00.000 5910.410484506440 -14.178305165714 3344.555206526600 -2.63036839645901 5.47832526989394 4.66874501275395
2024-06-13T12:48:00.000 5071.632879560350 1285.144250213760 4329.280117467380 -4.31642953928799 5.28322948293800 3.48721763369158
2024-06-13T12:52:00.000 3863.836241255280 2490.978384262640 4998.124278655910 -5.68688635128862 4.70414176286570 2.05259065695755
2024-06-13T12:56:00.000 2375.149697726540 3515.757699118130 5302.618743509350 -6.64306929150464 3.78367922005380 0.46949245971069
2024-06-13T13:00:00.000 713.891235996168 4285.127842018280 5220.783506691130 -7.11631379551292 2.58866872510082 -1.14724321044076
2024-06-13T13:04:00.000 -999.224137607276 4743.229674447080 4758.635120761760 -7.07258728046201 1.20549857528086 -2.68051743636438
2024-06-13T13:08:00.000 -2639.725642397370 4856.687076096380 3949.744633827660 -6.51479163867078 -0.26593817315942 -4.01912473174006
2024-06-13T13:12:00.000 -4088.297471460030 4617.052643514760 2852.891697965300 -5.48282413188728 -1.71899307654205 -5.06547528935450
2024-06-13T13:16:00.000 -5239.430081049590 4041.528876309270 1547.911089147810 -4.05122000104273 -3.04785331491351 -5.74279666596112
2024-06-13T13:20:00.000 -6009.192042056910 3171.841837297400 129.954304713880 -2.32422764226760 -4.15527292340099 -6.00110238756389
2024-06-13T13:24:00.000 -6341.500692712960 2071.259234123730 -1297.488132277700 -0.42817179039132 -4.96017020604169 -5.82136905454832
2024-06-13T13:28:00.000 -6212.285437925600 819.932266612017 -2630.246545090950 1.49818693116327 -5.40381722895547 -5.21698538245760
2024-06-13T13:32:00.000 -5631.222514756130 -491.037937125990 -3771.171863137240 3.31419874142098 -5.45424972495203 -4.23266605026009
2024-06-13T13:36:00.000 -4640.898100878450 -1766.327995028260 -4637.261436134570 4.88797527759109 -5.10840115288020 -2.94077065826339
2024-06-13T13:40:00.000 -3313.533309490140 -2913.346184014220 -5165.635682512570 6.10589110610233 -4.39188647226492 -1.43554799908967
2024-06-13T13:44:00.000 -1745.633328655770 -3848.883251587230 -5317.969333357570 6.88033608576529 -3.35674875582716 0.17387330392473
2024-06-13T13:48:00.000 -51.014946664634 -4505.015134102560 -5083.150242183040 7.15543610287211 -2.07757006663563 1.77114525373432
2024-06-13T13:52:00.000 1647.296447012830 -4833.927978373050 -4478.065647332540 6.91078421802028 -0.64641055208732 3.24062881177561
2024-06-13T13:56:00.000 3225.819987306250 -4811.392044319970 -3546.476953884680 6.16309648423912 0.83335666427345 4.47530560449746
2024-06-13T14:00:00.000 4569.515497942440 -4438.646040129290 -2356.019574835270 4.96569025095887 2.25412846595779 5.38451012394020
2024-06-13T14:04:00.000 5580.231426681700 -3742.481297279010 -993.412909652868 3.40520852748518 3.51189774707506 5.90092249544882
2024-06-13T14:08:00.000 6184.037449182050 -2773.427500360170 441.829275455919 1.59564052226612 4.51414097380377 5.98598963514794
2024-06-13T14:12:00.000 6336.822161028360 -1602.103226214040 1844.751218417330 -0.33010263723282 5.18709543362290 5.63327423588621
2024-06-13T14:16:00.000 6027.614873885150 -313.971541056434 3112.800939241160 -2.23059744961500 5.48162607547140 4.86908105084886
2024-06-13T14:20:00.000 5279.304391313060 997.048472729972 4153.457062695490 -3.96691077091475 5.37677888210508 3.75008720252975
2024-06-13T14:24:00.000 4146.783934707340 2235.525156572010 4890.999116557470 -5.41288660867843 4.88092721529401 2.35869551689446
2024-06-13T14:28:00.000 2712.766536829950 3311.484981064250 5271.943920077690 -6.46424037068464 4.03080979429220 0.79660716516821
2024-06-13T14:32:00.000 1081.639051922560 4146.864799069590 5268.775470843100 -7.04558643209773 2.88827495391088 -0.82279341073665
2024-06-13T14:36:00.000 -628.070217079295 4681.027400899910 4881.806509989490 -7.11510307699331 1.53588042501646 -2.38229038002340
2024-06-13T14:40:00.000 -2292.143589056760 4875.091857358750 4139.148915482580 -6.66753737741476 0.07131986060411 -3.76878978671020
2024-06-13T14:44:00.000 -3789.580566004040 4714.767810485980 3094.755652970960 -5.73482192294708 -1.39936470897441 -4.88133383694835
2024-06-13T14:48:00.000 -5011.342955094000 4211.484621894990 1824.615396432180 -4.38420874392208 -2.76917371996593 -5.63839901274461
2024-06-13T14:52:00.000 -5868.360317789330 3401.685337143290 421.309830265727 -2.71389562341632 -3.93796182126015 -5.98415985396198
2024-06-13T14:56:00.000 -6298.165574419390 2344.249729316780 -1012.747820286530 -0.84598211116048 -4.82012237536900 -5.89308813190351
2024-06-13T15:00:00.000 -6269.553474345920 1116.184656344230 -2372.888228989640 1.08277436023699 -5.35119111713763 -5.37203341947182
2024-06-13T15:04:00.000 -5784.856073491860 -193.086323445959 -3559.936077606520 2.93146889549276 -5.49277762255854 -4.45959689631752
2024-06-13T15:08:00.000 -4879.651248577140 -1488.332347749440 -4487.493438949110 4.56567592002075 -5.23513637728353 -3.22292747029066
2024-06-13T15:12:00.000 -3620.007027668640 -2675.480634987840 -5088.187561610870 5.86725873780559 -4.59751861662055 -1.75238447843851
2024-06-13T15:16:00.000 -2097.555898435000 -3668.394364128060 -5318.444738683290 6.74251305076681 -3.62635719055082 -0.15472013815343
2024-06-13T15:20:00.000 -422.843393401306 -4395.005243752190 -5161.525179176380 7.12840192128128 -2.39173799353296 1.45451669070828
2024-06-13T15:24:00.000 1282.567242507180 -4802.424053341200 -4628.682661682340 6.99665696204099 -0.98249704766470 2.95891380338747
2024-06-13T15:28:00.000 2894.731830699750 -4860.752028749080 -3758.423011448030 6.35589647722938 0.49969400209876 4.24910196196749
2024-06-13T15:32:00.000 4296.217729105220 -4565.345462972380 -2613.874583503910 5.25154343299353 1.94725622592171 5.23051588871407
2024-06-13T15:36:00.000 5384.682974087640 -3937.336144646050 -1278.361759794720 3.76329812048355 3.25430701781864 5.83053825939544
2024-06-13T15:40:00.000 6080.523943402290 -3022.251806078040 150.611828252041 1.99978465522057 4.32476837996681 6.00447188284906
2024-06-13T15:44:00.000 6332.878477583540 -1886.740165101360 1568.563923495490 0.09037923297598 5.07985794923395 5.73925295916938
2024-06-13T15:48:00.000 6123.458387823930 -613.649624891032 2871.817674022660 -1.82462428824003 5.46426060907119 5.05463302282691
2024-06-13T15:52:00.000 5467.857969653800 704.162568671921 3965.233012536880 -3.60500190138382 5.45037372389032 4.00148206973884
2024-06-13T15:56:00.000 4414.239786470470 1970.733575199830 4769.207708928080 -5.12127320510492 5.03999659652960 2.65749922780223
2024-06-13T16:00:00.000 3039.611962879590 3094.011660215680 5225.394786323880 -6.26390600155252 4.26363819465710 1.12099901782196
2024-06-13T16:04:00.000 1444.109646174410 3992.479665196180 5300.811893243410 -6.95083561237262 3.17800439701519 -0.49626797255011
2024-06-13T16:08:00.000 -256.299325952606 4600.948420773950 4990.097874493130 -7.13284608073658 1.86160991017638 -2.07722207963030
2024-06-13T16:12:00.000 -1938.096505082250 4875.164192197970 4315.838547785040 -6.79660818187665 0.40945277729597 -3.50736080959578
2024-06-13T16:16:00.000 -3479.020045769130 4795.025109213730 3327.002807679070 -5.96594994342085 -1.07336622978825 -4.68262842849916
2024-06-13T16:20:00.000 -4766.897578762920 4366.131397228940 2095.512207271080 -4.70067985421957 -2.47906158136274 -5.51702299889561
2024-06-13T16:24:00.000 -5707.855258519440 3619.493283364840 711.096653956853 -3.09263065310967 -3.70496966249314 -5.94909727627573
2024-06-13T16:28:00.000 -6233.289955177890 2609.365580072200 -725.226106255776 -1.25926509400545 -4.66130127249555 -5.94690406661680
2024-06-13T16:32:00.000 -6304.997613513960 1409.296942866630 -2108.611332307100 0.66519480594104 -5.27812156508169 -5.51071169787514
2024-06-13T16:36:00.000 -5917.977287215210 106.686264832525 -3338.157424246510 2.54004205949534 -5.51066355476837 -4.67287736055653
2024-06-13T16:40:00.000 -5100.704085235340 -1203.691065517300 -4324.336526790000 4.22879400612705 -5.34255803921647 -3.49516504611913
2024-06-13T16:44:00.000 -3912.880017446540 -2426.636954731540 -4995.489840899240 5.60925877880131 -4.78658146152899 -2.06372457352514
2024-06-13T16:48:00.000 -2440.958082912710 -3473.402045561640 -5302.920364291510 6.58198178966487 -3.88332589651108 -0.48257980587185
2024-06-13T16:52:00.000 -791.843891297685 -4268.017234556640 -5224.298956731910 7.07691167162058 -2.69804133490607 1.13384825342316
2024-06-13T16:56:00.000 914.757447666921 -4752.687384383860 -4765.219587670670 7.05804378890555 -1.31605553205653 2.66863180375448
2024-06-13T17:00:00.000 2554.859419819340 -4891.937510427260 -3958.836270325930 6.52594658385674 0.16300406601128 4.01035646443330
2024-06-13T17:04:00.000 4009.058264080550 -4675.253714790190 -2863.597797725590 5.51811069068956 1.63194970637365 5.06090036852659
2024-06-13T17:08:00.000 5171.211017094030 -4118.013714332320 -1559.179262927580 4.10702525466443 2.98351298480576 5.74265684982723
2024-06-13T17:12:00.000 5956.331516470620 -3260.545038906800 -140.772744951733 2.39547474726228 4.11838698550599 6.00483969408289
2024-06-13T17:16:00.000 6307.010383487300 -2165.267028130500 1287.921360326480 0.50900805363185 4.95302327672669 5.82784249351907
2024-06-13T17:20:00.000 6197.744917449080 -912.081379932848 2622.425505925380 -1.41376436578727 5.42622452673652 5.22483466496353
2024-06-13T17:24:00.000 5636.796131449760 407.588262304126 3765.273049057240 -3.23191332437303 5.50375843814663 4.24065904251387
2024-06-13T17:28:00.000 4665.441976500990 1697.597232366230 4633.211218856170 -4.81297810652497 5.18070426087803 2.94808567404185
2024-06-13T17:32:00.000 3354.749917276500 2864.148848959890 5163.221614131160 -6.04262628010974 4.48133633766845 1.44185125529331
2024-06-13T17:36:00.000 1800.252653926030 3822.568389633780 5316.953809079920 -6.83244983964408 3.45686479737553 -0.16846521390113
2024-06-13T17:40:00.000 114.985703435298 4503.327777623430 5083.371701571000 -7.12581979072939 2.18153739708224 -1.76615240845704
2024-06-13T17:44:00.000 -1578.633224633090 4856.968594398550 4479.488561920190 -6.90158152511072 0.74738333049939 -3.23553386863852
2024-06-13T17:48:00.000 -3157.530697393430 4857.645903126280 3549.163626281620 -6.17552536874640 -0.74194652240913 -4.46987002260645
2024-06-13T17:52:00.000 -4506.817355934790 4505.079165448970 2360.032807682140 -4.99973925837248 -2.17832131271383 -5.37896704283591
2024-06-13T17:56:00.000 -5528.171184490410 3824.703686024340 998.704471746955 -3.45943640607496 -3.45691741288251 -5.89596300353978
2024-06-13T18:00:00.000 -6147.123368872190 2865.919903674120 -435.519282192110 -1.66697980374959 -4.48412062768468 -5.98265362704765
2024-06-13T18:04:00.000 -6318.623300702140 1698.516921937310 -1837.949001181510 0.24640830585483 -5.18474921428477 -5.63268113294095
2024-06-13T18:08:00.000 -6030.375857018310 407.517778490200 -3106.273526101760 2.14075767630421 -5.50784906591094 -4.87206175933546
2024-06-13T18:12:00.000 -5303.658047842020 -913.126721293445 -4148.108352739560 3.87803837676692 -5.43038692030352 -3.75692630771677
2024-06-13T18:16:00.000 -4191.607801378640 -2167.444435067650 -4887.721985622540 5.33239584289178 -4.95858447460600 -2.36898407807069
2024-06-13T18:20:00.000 -2775.203576828360 -3264.396714789120 -5271.439553515130 6.39899799686011 -4.12700774749516 -0.80918064052796
2024-06-13T18:24:00.000 -1157.342314793920 -4124.380521746750 -5271.403293117320 7.00104422106020 -2.99579702851072 0.80955543696976
2024-06-13T18:28:00.000 544.541573802216 -4684.880870940030 -4887.514213322960 7.09485784203354 -1.64638857355660 2.37015383807106
2024-06-13T18:32:00.000 2206.832065806410 -4904.946155063980 -4147.470631030820 6.67295096985949 -0.17603040849472 3.75938472151561
2024-06-13T18:36:00.000 3708.570717174400 -4768.210148077780 -3104.882069152530 5.76489403448323 1.30883387335166 4.87584743730066
2024-06-13T18:40:00.000 4940.210327201220 -4284.217560025600 -1835.534570950490 4.43575801193340 2.70000561051575 5.63728703864497
2024-06-13T18:44:00.000 5811.703598407240 -3487.908407420150 -432.000927240848 2.78206747039744 3.89538779337295 5.98704267322378
2024-06-13T18:48:00.000 6259.293719291640 -2437.197660080280 1003.124804853710 0.92502830271117 4.80690809732094 5.89889421720233
2024-06-13T18:52:00.000 6250.358120952960 -1208.728282146460 2364.875219693050 -0.99884315473475 5.36761485021688 5.37941325374815
2024-06-13T18:56:00.000 5785.811284316000 107.857250598572 3553.754222651290 -2.84840113224961 5.53680018899591 4.46729228504903
2024-06-13T19:00:00.000 4899.907444307000 1416.603537688340 4483.103425522830 -4.48872823824926 5.30282346824185 3.23005681046541
2024-06-13T19:04:00.000 3657.529204691460 2622.309256923740 5085.395728327960 -5.80102719015911 4.68348605088753 1.75854971906996
2024-06-13T19:08:00.000 2149.296128638170 3637.423807971380 5317.021668286860 -6.69083711651470 3.72429739274228 0.16001101692332
2024-06-13T19:12:00.000 484.923935838674 4388.305083116390 5161.306420992830 -7.09435408444569 2.49491434304931 -1.44968640539256
2024-06-13T19:16:00.000 -1214.667914533970 4820.434236512920 4629.622719745480 -6.98253586566627 1.08411931256284 -2.95399967112961
2024-06-13T19:20:00.000 -2825.990618178620 4902.305063032570 3760.592425743750 -6.36316106131873 -0.40618137344246 -4.24373873739209
2024-06-13T19:24:00.000 -4231.840044963310 4627.756342546240 2617.382571308650 -5.28060690807784 -1.86791914063701 -5.22478879095944
2024-06-13T19:28:00.000 -5329.814804617710 4016.536469676020 1283.225817586460 -3.81317666124704 -3.19456658351161 -5.82511964879315
2024-06-13T19:32:00.000 -6039.871772931360 3112.982663702840 -144.587794598056 -2.06778254815155 -4.28905694645985 -6.00041632937434
2024-06-13T19:36:00.000 -6310.299060977770 1982.834579124350 -1561.848247723910 -0.17211965775777 -5.07125506167188 -5.73773662649501
2024-06-13T19:40:00.000 -6121.566902503920 708.398276768465 -2865.145781193220 1.73506397198172 -5.48414974357973 -5.05664656164081
2024-06-13T19:44:00.000 -5487.699261287250 -617.564377638388 -3959.521269042260 3.51469485119858 -5.49811258611147 -4.00748521183168
2024-06-13T19:48:00.000 -4455.096816086760 -1898.669641958460 -4765.395843064800 5.03768318404774 -5.11271924240503 -2.66722964942752
2024-06-13T19:52:00.000 -3099.002368171210 -3041.922929198770 -5224.276339471980 6.19417769083812 -4.35637524918392 -1.13348622885376
2024-06-13T19:56:00.000 -1517.955389134100 -3964.375220209540 -5302.860911658960 6.90095080084590 -3.28385066603797 0.48266859241108
2024-06-13T20:00:00.000 173.288547940391 -4599.007676716400 -4995.357027190430 7.10685415967379 -1.97235834619423 2.06437907433737
2024-06-13T20:04:00.000 1851.922257560820 -4899.514494333560 -4323.913130805790 6.79634811615895 -0.51632618592925 3.49700095441975
2024-06-13T20:08:00.000 3395.845085049730 -4843.696709904470 -3337.130266219140 5.99092568323606 0.97893092751347 4.67605090482185
2024-06-13T20:12:00.000 4692.492990834680 -4435.206454155880 -2106.693812403940 4.74817419987916 2.40459706290426 5.51485582927603
2024-06-13T20:16:00.000 5647.111976402860 -3703.446127217360 -722.277118246717 3.15809773242820 3.65622620598497 5.95118156160362
2024-06-13T20:20:00.000 6189.848392390310 -2701.566608940780 714.968954457725 1.33697590371349 4.64165880478050 5.95230433337236
2024-06-13T20:24:00.000 6281.069266025880 -1502.616410404470 2099.910640097060 -0.58130191006355 5.28836836369330 5.51804704707077
2024-06-13T20:28:00.000 5914.329367839750 -194.098243749999 3331.311484020280 -2.45587951265109 5.54918920929711 4.68079043107154
2024-06-13T20:32:00.000 5116.742210896200 1128.570583500490 4319.351630666280 -4.14974808203235 5.40570962402969 3.50262860197758
2024-06-13T20:36:00.000 3946.798015888690 2369.125514995670 4992.186936271010 -5.54003562177255 4.86921957360080 2.07023585306196
2024-06-13T20:40:00.000 2489.903313306400 3437.454412212410 5301.059801607010 -6.52658203773358 3.97930120430432 0.48812610281625
2024-06-13T20:44:00.000 852.094571624718 4256.037125603960 5223.690553719060 -7.03857567974755 2.80066324499037 -1.12886914581420
2024-06-13T20:48:00.000 -847.610905185678 4765.454732640920 4765.793163188160 -7.03926274568218 1.41853543520043 -2.66367894872849
2024-06-13T20:52:00.000 -2485.723388306720 4928.617510047360 3960.638438728670 -6.52834081988231 -0.06727831062318 -4.00501745915079
2024-06-13T20:56:00.000 -3943.116265042840 4733.478371493800 2866.739564647120 -5.54235082342267 -1.54911783280040 -5.05511616259242
2024-06-13T21:00:00.000 -5113.660215765100 4194.009497516420 1563.712903973430 -4.15247746618540 -2.91910898629773 -5.73698120243867
2024-06-13T21:04:00.000 -5912.026039004900 3349.309093534740 146.554296581672 -2.45987224918315 -4.07707906574266 -6.00030921561677
2024-06-13T21:08:00.000 -6280.049371566710 2260.816602777130 -1281.308209156230 -0.58833851662370 -4.93822777505914 -5.82564335623960
2024-06-13T21:12:00.000 -6191.067665261480 1007.804147736570 -2615.674309990710 1.32511357330862 -5.43972163692517 -5.22603310602139
2024-06-13T21:16:00.000 -5651.837018357640 -318.507757626665 -3759.285309099350 3.14080208699253 -5.54541906296984 -4.24586854880183
2024-06-13T21:20:00.000 -4701.894520973130 -1621.689261683590 -4628.950027018170 4.72692466391609 -5.24824427980939 -2.95717558134692
2024-06-13T21:24:00.000 -3410.507184403780 -2807.123149629410 -5161.524603391240 5.96896624232316 -4.57021219994058 -1.45392557821768
2024-06-13T21:28:00.000 -1871.553240772190 -3788.798424115460 -5318.369305192870 6.77752020702969 -3.56055797953733 0.15489526657093
2024-06-13T21:32:00.000 -196.739023035610 -4495.429354761000 -5088.033840639570 7.09422611849853 -2.29200800592256 1.75299795373316
2024-06-13T21:36:00.000 1492.351103386480 -4875.518744530710 -4487.068721899910 6.89561936739740 -0.85583472432196 3.22465449658100
2024-06-13T21:40:00.000 3072.907205035480 -4901.104833665720 -3558.933599654110 6.19509564822733 0.64422395829398 4.46268195054234
2024-06-13T21:44:00.000 4429.741468180960 -4569.911637036020 -2371.007444334620 5.04250996916113 2.09911236434527 5.37616601824897
2024-06-13T21:48:00.000 5463.744021677800 -3905.691491601890 -1009.826471575960 3.52125458995757 3.40235339777818 5.89746090923367
2024-06-13T21:52:00.000 6099.280195604620 -2956.626355582640 425.199291090289 1.74236984599535 4.45814035585931 5.98764649318246
2024-06-13T21:56:00.000 6289.898263729760 -1791.869173604380 1829.114109201690 -0.16349717408640 5.18869231001277 5.63982071659104
2024-06-13T22:00:00.000 6021.850055394990 -496.423723498719 3099.265366125020 -2.05631172401631 5.54057420238772 4.87992291750571
2024-06-13T22:04:00.000 5315.023019035550 835.218040610022 4142.954637232730 -3.79759688762017 5.48860190530339 3.76436016587776
2024-06-13T22:08:00.000 4221.309844751200 2106.084524834720 4884.230022114320 -5.26076320079825 5.03734823424441 2.37534679794901
2024-06-13T22:12:00.000 2820.627783295840 3223.815190039790 5269.338905687760 -6.34023335232539 4.22034492373594 0.81445240918140
2024-06-13T22:16:00.000 1214.979237958130 4107.298327817450 5270.474186595590 -6.95854419389335 3.09716718924928 -0.80497341577514
2024-06-13T22:20:00.000 -478.931299994509 4692.415757721460 4887.662130726770 -7.07129545573153 1.74904185905894 -2.36565594507011
2024-06-13T22:24:00.000 -2138.037599987360 4936.609065043400 4148.741517725110 -6.67021992702284 0.27336210987528 -3.75446488602320
2024-06-13T22:28:00.000 -3641.723137517340 4821.962744465700 3107.406137932880 -5.78391194703501 -1.22308043927854 -4.87033346096906
2024-06-13T22:32:00.000 -4880.523661743520 4356.591078750040 1839.422691842110 -4.47625378722530 -2.63146270797495 -5.63154645248934
2024-06-13T22:36:00.000 -5764.152796951660 3574.175498860220 437.205378772148 -2.84226916233159 -3.84887306610960 -5.98200754328347
2024-06-13T22:40:00.000 -6228.220886617900 2531.597867741680 -996.922487141150 -1.00140025818336 -4.78615770227030 -5.89583058572505
2024-06-13T22:44:00.000 -6239.040963618880 1304.775256861000 -2358.297045773520 0.91160031463161 -5.37486733273180 -5.37951702447406
2024-06-13T22:48:00.000 -5796.075251763320 -16.965087750792 -3547.663218344830 2.75700728373694 -5.57237514015190 -4.47132036327588
2024-06-13T22:52:00.000 -4931.862544509140 -1337.484736461150 -4478.467772569080 4.40062651834624 -5.36487316294176 -3.23811090713111
2024-06-13T22:56:00.000 -3709.482253189300 -2560.882553348900 -5083.118497939280 5.72369214292498 -4.76802929227537 -1.76997081542293
2024-06-13T23:00:00.000 -2217.832333509540 -3598.399271426890 -5317.751725089650 6.63098287012707 -3.82526593527899 -0.17336035265193
2024-06-13T23:04:00.000 -565.198893788880 -4374.720268014050 -5165.288240275530 7.05706926143276 -2.60454589743932 1.43625956787564
2024-06-13T23:08:00.000 1128.469964715880 -4833.331616333680 -4636.641965909330 6.97074344484875 -1.19367584781380 2.94242408479562
2024-06-13T23:12:00.000 2740.089333941120 -4940.593981892950 -3770.002545200200 6.37729303703615 0.30558585008266 4.23560833706874
2024-06-13T23:16:00.000 4152.267974582890 -4688.289202703580 -2628.231938126560 5.31871573473482 1.78438880090638 5.22100746549625
2024-06-13T23:20:00.000 5261.890022642070 -4094.396862581210 -1294.447362644170 3.87134430248498 3.13461438315719 5.82573438950911
2024-06-13T23:24:00.000 5987.801123209700 -3201.947599433730 133.974781952713 2.14078966342792 4.25698907707632 6.00470601077148
2024-06-13T23:28:00.000 6276.941736691070 -2075.936592995350 1552.589499713160 0.25403344951724 5.06895630687596 5.74450144042891
2024-06-13T23:32:00.000 6108.325187614940 -798.517686167930 2857.662965820280 -1.65033915986696 5.51099384882883 5.06444133426531
2024-06-13T23:36:00.000 5494.558910938940 537.114560660643 3953.901714086100 -3.43279008114203 5.55121279049652 4.01504452097038
2024-06-13T23:40:00.000 4480.769216842440 1833.671312188310 4761.479227456000 -4.96358955233155 5.18749283374749 2.67377569375246
2024-06-13T23:44:00.000 3141.089508918620 2996.894591437430 5221.784295216070 -6.13211782508063 4.44697526579399 1.13883647328447
2024-06-13T23:48:00.000 1573.137958389140 3942.345619612130 5301.545319242320 -6.85440782136750 3.38380343910935 -0.47811201207221
2024-06-13T23:52:00.000 -109.090281989813 4601.423821787410 4995.105669944960 -7.07868666028654 2.07500637429043 -2.05995704394419
2024-06-13T23:56:00.000 -1783.389555616960 4926.227573762030 4324.767440977330 -6.78868143564100 0.61507537286006 -3.49213335171143
2024-06-14T00:00:00.000 -3328.065256992190 4893.009306929500 3339.232726626550 -6.00497612337595 -0.89036508781341 -4.67052156899523
2024-06-14T00:04:00.000 -4630.706147154960 4503.969641933490 2110.181354036820 -4.78395924090378 -2.33197398269038 -5.50893110055253
2024-06-14T00:08:00.000 -5596.400485126280 3787.218734670160 727.158568818062 -3.21425049770365 -3.60452764951209 -5.94567071169736
2024-06-14T00:12:00.000 -6154.770428776340 2794.823645523420 -708.939892071574 -1.41043107375546 -4.61488711942462 -5.94848512600982
2024-06-14T00:16:00.000 -6265.221229253180 1599.027478076620 -2093.303351310010 0.49546835444088 -5.28915672897158 -5.51724505184780
2024-06-14T00:20:00.000 -5919.935471846340 286.906789555650 -3324.974249555510 2.36410918691283 -5.57840256873940 -4.68395250892229
2024-06-14T00:24:00.000 -5144.344825683840 -1046.083789688550 -4314.284227798770 4.05950354226875 -5.46211756086555 -3.51002457708754
2024-06-14T00:28:00.000 -3995.104843203520 -2303.110376955800 -4989.354302396670 5.45898977653238 -4.94929859425299 -2.08130838567797
2024-06-14T00:32:00.000 -2555.844638627090 -3392.953113796530 -5301.206906930940 6.46175191328408 -4.07740650671295 -0.50161780795292
2024-06-14T00:36:00.000 -931.068325783426 -4236.519103964500 -5227.182422748550 6.99557749315691 -2.90939140472644 1.11483589979381
2024-06-14T00:40:00.000 761.307708828365 -4772.449284334150 -4772.511973784720 7.02155994689009 -1.52925403456497 2.65113977748728
2024-06-14T00:44:00.000 2398.335994007380 -4961.524673439440 -3970.008429646700 6.53696856908686 -0.03645773607946 3.99571794286790
2024-06-14T00:48:00.000 3860.834270001280 -4789.588375641620 -2877.831523692980 5.57582911202413 1.46080474302266 5.05017686347517
2024-06-14T00:52:00.000 5042.058511528980 -4268.746632721780 -1575.436961925320 4.20726796503149 2.85320522938895 5.73662149791080
2024-06-14T00:56:00.000 5855.635614059320 -3436.660275543060 -157.864995575413 2.53090351020843 4.03847930476185 6.00396485535993
2024-06-14T01:00:00.000 6242.063649994780 -2353.889121057330 1271.246647848820 0.66965023842817 4.92933485832333 5.83216940625892
2024-06-14T01:04:00.000 6173.213689626710 -1099.435400253800 2607.381486975530 -1.23967746109877 5.46040268013206 5.23400521378595
2024-06-14T01:08:00.000 5654.392382312830 235.165453430261 3752.940517207180 -3.05708885020117 5.59323221444661 4.25392519728218
2024-06-14T01:12:00.000 4723.816428945100 1552.659603151270 4624.448527090930 -4.65003636960889 5.31886576556691 2.96439260184983
2024-06-14T01:16:00.000 3449.613569072950 2757.233659782650 5158.622229356350 -5.90333423388044 4.65808714491581 1.46002598183252
2024-06-14T01:20:00.000 1924.681072110570 3761.436579725970 5316.811037235310 -6.72685854925568 3.65930516069791 -0.14972006126743
2024-06-14T01:24:00.000 259.925319634970 4492.402543274820 5087.665912292920 -7.06150827077466 2.39493766652258 -1.74813277011666
2024-06-14T01:28:00.000 -1423.706873400320 4897.035067694120 4487.899458510600 -6.88318625769103 0.95634392065507 -3.21944651884113
2024-06-14T01:32:00.000 -3003.873392380820 4945.812733606740 3561.088806610230 -6.20444801099373 -0.55249914315316 -4.45684712093459
2024-06-14T01:36:00.000 -4365.614973815110 4634.979816725960 2374.617303751750 -5.07399014225095 -2.02211272610676 -5.36996758493907
2024-06-14T01:40:00.000 -5409.730076171250 3986.939412806790 1014.896264784570 -3.57372322645282 -3.34531737375230 -5.89165741238354
2024-06-14T01:44:00.000 -6060.118553008110 3048.734142846260 -418.897701265301 -1.81307003779107 -4.42528792079242 -5.98340990380644
2024-06-14T01:48:00.000 -6269.456139870100 1888.645184149210 -1822.120326975230 0.07910887466074 -5.18301476147016 -5.63850069991478
2024-06-14T01:52:00.000 -6022.697582412680 591.150742964719 -3092.414708401420 1.96443146344128 -5.56338364127018 -4.88256426164863
2024-06-14T01:56:00.000 -5338.096165190000 -749.333024339924 -4137.263413934520 3.70554645186585 -5.53917437719199 -3.77139036661176
2024-06-14T02:00:00.000 -4265.715714768640 -2035.397575096100 -4880.721989674720 5.17633260460212 -5.11274420161780 -2.38636375044764
2024-06-14T02:04:00.000 -2883.637690325730 -3173.703596403190 -5268.834055970200 6.27076741986753 -4.31536280177477 -0.82819258113456
2024-06-14T02:08:00.000 -1292.247897681870 -4081.645500471600 -5273.415756347760 6.91003695374522 -3.20465530891039 0.79032356198227
2024-06-14T02:12:00.000 392.962197089239 -4693.221783659570 -4894.021279879840 7.04777705896984 -1.86055720638092 2.35218260187624
2024-06-14T02:16:00.000 2049.602525711670 -4963.755565429600 -4157.994366328110 6.67322619676209 -0.37984811896698 3.74409812407384
2024-06-14T02:20:00.000 3557.118980206110 -4873.187244969060 -3118.636975377760 5.81246716284812 1.13028607200337 4.86436861887529
2024-06-14T02:24:00.000 4805.535300820070 -4427.683092117430 -1851.504623484810 4.52713330320603 2.55977782317780 5.63041095601102
2024-06-14T02:28:00.000 5703.580310067910 -3659.376452747720 -449.018448929969 2.91061225712981 3.80369231690590 5.98524613602988
2024-06-14T02:32:00.000 6185.564443947740 -2624.136457875830 986.306322277200 1.08132546407419 4.77047185506510 5.90233566257629
2024-06-14T02:36:00.000 6216.334542490710 -1397.476045854280 2349.484345965990 -0.82629584323651 5.38905034296737 5.38778055721848
2024-06-14T02:40:00.000 5793.895266231400 -68.928137714694 3540.897609894320 -2.67220018129601 5.61442364357924 4.47989974316592
2024-06-14T02:44:00.000 4949.438442630310 1264.650916377780 4473.682634450280 -4.32162115558331 5.43086100671562 3.24590307812878
2024-06-14T02:48:00.000 3744.860672758080 2506.230129108060 5080.054992503280 -5.65503666775072 4.85256616516036 1.77650761300708
2024-06-14T02:52:00.000 2268.056423816720 3565.644791759800 5316.118651256930 -6.57651076783975 3.92213588334127 0.17881178343643
2024-06-14T02:56:00.000 626.468256040653 4366.035111635730 5164.882168100770 -7.01996380601336 2.70712976019637 -1.43138528179626
2024-06-14T03:00:00.000 -1060.629348951200 4849.283288024110 4637.402515261070 -6.95343608702576 1.29530669018589 -2.93746674904134
2024-06-14T03:04:00.000 -2670.650267875890 4980.181820121560 3772.013768891640 -6.38149658999690 -0.21128467291511 -4.23010862812788
2024-06-14T03:08:00.000 -4086.502134598390 4749.021576792060 2631.624246939580 -5.34512942041894 -1.70345146480340 -5.21506232916500
2024-06-14T03:12:00.000 -5205.074080281970 4172.397146702070 1299.258390646810 -3.91925921088888 -3.07250282033860 -5.82001463843164
2024-06-14T03:16:00.000 -5944.838939953940 3292.124888931360 -127.926849871258 -2.20776128010042 -4.21829366483579 -6.00032221047048
2024-06-14T03:20:00.000 -6251.934228208290 2172.248760167270 -1545.774325673800 -0.33584420927422 -5.05694532682175 -5.74270128221591
2024-06-14T03:24:00.000 -6104.165395332370 894.324689878257 -2850.841753172000 1.55951545944887 -5.52734687079149 -5.06634534644932
2024-06-14T03:28:00.000 -5512.572661212010 -448.633130046864 -3948.048308201360 3.34010781439002 -5.59568197730060 -4.02123778897052
2024-06-14T03:32:00.000 -4520.475127546170 -1759.009099067480 -4757.612377075280 4.87679839159753 -5.25758310148378 -2.68403193654147
2024-06-14T03:36:00.000 -3200.160108468910 -2941.681443159310 -5220.768479351080 6.05872320160760 -4.53800207243925 -1.15209273448839
2024-06-14T03:40:00.000 -1647.559393157260 -3910.838072476900 -5303.897483787270 6.80080744568865 -3.48905226652844 0.46364376025333
2024-06-14T03:44:00.000 24.648140276329 -4596.065159121270 -5000.866616754750 7.04933190799742 -2.18620511806449 2.04635978308803
2024-06-14T03:48:00.000 1695.048123352590 -4947.376027329190 -4333.490189054730 6.78568705581901 -0.72324958810566 3.48134607403948
2024-06-14T03:52:00.000 3242.149529723340 -4938.860269251200 -3350.056183028160 6.02790093504352 0.79409774781080 4.66397266114779
2024-06-14T03:56:00.000 4553.145411775210 -4570.704266471860 -2122.000172955000 4.83002460659560 2.25536949917573 5.50720880836496
2024-06-14T04:00:00.000 5532.225612474570 -3869.368079578460 -738.835138297565 3.27885202834332 3.55346396952966 5.94845189797740
2024-06-14T04:04:00.000 6107.759802169430 -2885.791121559610 698.368940284797 1.48785835287126 4.59283125884759 5.95469042101857
2024-06-14T04:08:00.000 6237.720970797370 -1691.692237801800 2084.483502218530 -0.41132822553653 5.29700784858601 5.52536856266870
2024-06-14T04:12:00.000 5912.834556659340 -374.230916460140 3318.178994079530 -2.27920749953496 5.61461100829900 4.69246530964221
2024-06-14T04:16:00.000 5157.163819199800 970.508047539495 4309.455521537130 -3.97924631505593 5.52305728155046 3.51774436896471
2024-06-14T04:20:00.000 4026.161389940950 2244.626264643090 4986.221395525340 -5.38798142319647 5.02985253874156 2.08769007737312
2024-06-14T04:24:00.000 2602.431943036450 3355.558761950310 5299.447126080410 -6.40393412030200 4.17154200865883 0.50673811471198
2024-06-14T04:28:00.000 989.614039995943 4222.699136090090 5226.554000245200 -6.95424316025190 3.01061075312533 -1.11040601649167
2024-06-14T04:32:00.000 -695.097298445730 4783.112351770520 4772.934650831740 -6.99940819643491 1.63095930934320 -2.64670923178954
2024-06-14T04:36:00.000 -2329.307486261710 4996.006531449070 3971.549337297240 -6.53587731274003 0.13219922214220 -3.99076693854571
2024-06-14T04:40:00.000 -3794.179756112040 4845.725597646530 2880.639654273390 -5.59677610567494 -1.37705504022121 -5.04460971064105
2024-06-14T04:44:00.000 -4983.058918910540 4342.983535616160 1579.605460104990 -4.24992795230947 -2.78699239254385 -5.73098785619921
2024-06-14T04:48:00.000 -5809.302212521340 3524.198264615900 163.294528906136 -2.59332333281961 -3.99455998945702 -5.99929060524812
2024-06-14T04:52:00.000 -6212.725870237780 2448.915048301830 -1264.937680372080 -0.74808172326262 -4.91134821411198 -5.82973173112190
2024-06-14T04:56:00.000 -6164.083148596620 1195.437908750390 -2600.874322137890 1.15075914361746 -5.47044499355375 -5.23495184304783
2024-06-14T05:00:00.000 -5667.184232254910 -144.975711061989 -3747.144495210110 2.96455294748845 -5.63148741331131 -4.25897365557124
2024-06-14T05:04:00.000 -4758.480862086950 -1474.863416501550 -4620.363634173100 4.56160908046626 -5.38336805454601 -2.97351051033072
2024-06-14T05:08:00.000 -3504.241378800700 -2697.664977020660 -5157.129190066250 5.82661270630259 -4.74459008363699 -1.47229631783644
2024-06-14T05:12:00.000 -1995.637433405600 -3724.657069090630 -5318.489746438860 6.66850108861772 -3.76151523598069 0.13586806120644
2024-06-14T05:16:00.000 -342.165134178028 -4481.259922583240 -5092.658092205800 7.02648704346160 -2.50494168886835 1.73472973398475
2024-06-14T05:20:00.000 1336.148888124860 -4912.342299764040 -4495.847284419400 6.87410746286078 -1.06524555009726 3.20852166314868
2024-06-14T05:24:00.000 2917.282264242490 -4986.228588154520 -3571.205007169500 6.22139591029931 0.45360125066226 4.44988722986101
2024-06-14T05:28:00.000 4286.012049797330 -4697.113751654380 -2385.850912015720 5.11472589278925 1.94124354551843 5.36766209697856
2024-06-14T05:32:00.000 5342.354171762660 -4065.665478496860 -1026.132150730780 3.63405228254584 3.28879268402920 5.89384146784846
2024-06-14T05:36:00.000 6009.033340451130 -3137.677702054210 408.634394925624 1.88751212629466 4.39712237956696 5.98911658057896
2024-06-14T05:40:00.000 6237.324867325920 -1980.777395503270 1813.504888548450 0.00337988406780 5.18462354738535 5.64625595482219
2024-06-14T05:44:00.000 6010.730198262650 -679.410825385753 3085.748347274390 -1.87984805554803 5.59367039635706 4.89080824501245
2024-06-14T05:48:00.000 5346.126687025160 671.479076375624 4132.505300568700 -3.62433938351642 5.59491381279445 3.77888334050375
2024-06-14T05:52:00.000 4292.346312891220 1973.503413300550 4877.598006786790 -5.10326348253625 5.18909135043269 2.39243158815128
2024-06-14T05:56:00.000 2926.421651815650 3132.025740637870 5266.993310909430 -6.20984426175585 4.40645455794542 0.83288214552970
2024-06-14T06:00:00.000 1347.847424134810 4062.966529338890 5272.587170317210 -6.86468343352850 3.30414018754049 -0.78646040707028
2024-06-14T06:04:00.000 -328.635194940003 4698.774972925070 4894.099029707620 -7.02082485413350 1.96192490395650 -2.34835563599182
2024-06-14T06:08:00.000 -1981.244583302350 4993.221437018030 4159.055702513210 -6.66688945158603 0.47669634283873 -3.73966028796351
2024-06-14T06:12:00.000 -3489.850479434940 4924.735139754340 3120.859644802930 -5.82799630571986 -1.04409848264958 -4.85914163692321
2024-06-14T06:16:00.000 -4744.635819870940 4498.071017083170 1855.042793767380 -4.56456822349963 -2.48985254011482 -5.62479633773709
2024-06-14T06:20:00.000 -5654.158189188460 3744.093326272560 453.856943778204 -2.96841376470537 -3.75495537443559 -5.98022338215197
2024-06-14T06:24:00.000 -6152.143112390320 2717.607031940760 -980.458645716175 -1.15615873515630 -4.74680425122656 -5.89916799694503
2024-06-14T06:28:00.000 -6202.424291118330 1493.353285538990 -2343.225883150140 0.73952779185316 -5.39294339139013 -5.38771186976138
2024-06-14T06:32:00.000 -5801.587115775580 160.474348864196 -3535.082994739730 2.58015554688232 -5.64655398633667 -4.48375365812845
2024-06-14T06:36:00.000 -4979.100491752750 -1184.077467195580 -4469.287939649400 4.23188749203860 -5.48973375297550 -3.25383208456114
2024-06-14T06:40:00.000 -3795.005508077920 -2442.644333062110 -5077.987150373110 5.57532801398474 -4.93444768132825 -1.78777474129979
2024-06-14T06:44:00.000 -2335.422046774660 -3523.900547884580 -5317.013728788340 6.51375727561871 -4.02111808356867 -0.19194221269128
2024-06-14T06:48:00.000 -706.307585285967 -4349.347926289520 -5168.964092082760 6.97949367178612 -2.81557708284789 1.41828993592411
2024-06-14T06:52:00.000 974.094881897939 -4858.896121340810 -4644.423255264960 6.93843997861305 -1.40452325393898 2.92639297102281
2024-06-14T06:56:00.000 2583.663822465990 -5015.196247594970 -3781.278600835820 6.39261347256938 0.11028958964966 4.22269968032047
2024-06-14T07:00:00.000 4005.153284992110 -4806.451628424810 -2642.132270953160 5.38050059925032 1.61890720580452 5.21217208931959
2024-06-14T07:04:00.000 5134.760241792800 -4247.461807592390 -1309.918309733510 3.97508330147616 3.01103139102138 5.82155348173012
2024-06-14T07:08:00.000 5889.871264331550 -3378.702514124270 118.086956852958 2.27887939378242 4.18436600367195 6.00541850423993
2024-06-14T07:12:00.000 6215.282860088090 -2263.441437206280 1537.447682463130 0.41635320405484 5.05252314192732 5.74995442754284
2024-06-14T07:16:00.000 6087.361894426000 -983.073253806253 2844.356566482400 -1.47559613155110 5.55183445240191 5.07418253541638
2024-06-14T07:20:00.000 5515.758940597550 368.965583240870 3943.377358294060 -3.25831642971975 5.64623349245554 4.02834042975334
2024-06-14T07:24:00.000 4542.542717324750 1694.158872807340 4754.476303381680 -4.80199183679592 5.32963907575195 2.68965299240459
2024-06-14T07:28:00.000 3238.922734683570 2896.145461984660 5218.791695288330 -5.99503507126344 4.62588748543297 1.15617966675655
2024-06-14T07:32:00.000 1699.918357079970 3887.670795674810 5302.769864338480 -6.75172944669900 3.58650646225023 -0.46051848461040
2024-06-14T07:36:00.000 37.433063892915 4596.793886225960 5000.460288793210 -7.01784308558592 2.28681512032854 -2.04333207764898
2024-06-14T07:40:00.000 -1627.763730394370 4971.993827914840 4333.877704939490 -6.77415123415785 0.82068086451147 -3.47765073279621
2024-06-14T07:44:00.000 -3174.659434413020 4985.869487658830 3351.451744345330 -6.03790342921122 -0.70592604659506 -4.65925608878221
2024-06-14T07:48:00.000 -4490.700601805730 4637.187683878870 2124.631616949010 -4.86202691630781 -2.18216564503407 -5.50172806546846
2024-06-14T07:52:00.000 -5480.008381716550 3951.105977768610 742.788880191752 -3.33174429859031 -3.50032731944919 -5.94309958064975
2024-06-14T07:56:00.000 -6070.473573389990 2977.450610421060 -693.267576393443 -1.55876647167349 -4.56387572181997 -5.95070292058522
2024-06-14T08:00:00.000 -6219.163647612840 1787.102006515770 -2078.724296968500 0.32709673804201 -5.29504625349298 -5.52407890545597
2024-06-14T08:04:00.000 -5915.471507850650 466.743991954944 -3312.540861297680 2.18799019601328 -5.64072831658545 -4.69488798576379
2024-06-14T08:08:00.000 -5181.795664080620 -887.556898796341 -4304.888744192580 3.88846376324375 -5.57628657434541 -3.52424605455766
2024-06-14T08:12:00.000 -4071.743190943710 -2177.406059874150 -4983.661862800950 5.30545820924563 -5.10697813542399 -2.09774816408315
2024-06-14T08:16:00.000 -2666.097706607550 -3309.191841632390 -5299.602680087650 6.33686619109624 -4.26711599516152 -0.51903296687824
2024-06-14T08:20:00.000 -1066.925352716100 -4200.766878510860 -5229.747240989400 6.90839732985716 -3.11731144314431 1.09771814145078
2024-06-14T08:24:00.000 609.716899586050 -4787.276233003080 -4779.023532115270 6.97842302772587 -1.74024908525137 2.63557309074725
2024-06-14T08:28:00.000 2242.024042252020 -5025.817954052550 -3979.955213691080 6.54100564555415 -0.23516086998474 3.98282973986112
2024-06-14T08:32:00.000 3711.160339320980 -4898.630608893080 -2890.455449006610 5.62677644685617 1.28888916488459 5.04089455173955
2024-06-14T08:36:00.000 4909.901607011960 -4414.548572502060 -1589.784604387160 4.30139289004576 2.72067708165741 5.73162490685478
2024-06-14T08:40:00.000 5750.583998152140 -3608.540444218450 -172.864861402609 2.66127033222221 3.95500548760175 6.00354248254195
2024-06-14T08:44:00.000 6171.723208338980 -2539.274612987000 1256.691062402000 0.82678708862293 4.90094625154550 5.83625726118683
2024-06-14T08:48:00.000 6142.672623842660 -1284.777980182050 2594.317856731530 -1.06718408031739 5.48913704489301 5.24227044544803
2024-06-14T08:52:00.000 5665.839102618580 63.397100269478 3742.303209060550 -2.88182235814028 5.67690329813829 4.26575636025703
2024-06-14T08:56:00.000 4776.375705398090 1406.980270002110 4616.994207420140 -4.48478473179697 5.45124564284288 2.97890723551260
2024-06-14T09:00:00.000 3539.429627422490 2648.226350263610 5154.866789256800 -5.75998198359970 4.82943273024813 1.47615991052881
2024-06-14T09:04:00.000 2045.222863129650 3697.006005146330 5317.013670786300 -6.61571573926600 3.85717792639377 -0.13306136293682
2024-06-14T09:08:00.000 402.443551757675 4477.226463390260 5091.812789378700 -6.99063286101236 2.60502518167842 -1.73211939125621
2024-06-14T09:12:00.000 -1269.558495999590 4932.225657914700 4495.696640527400 -6.85774034217176 1.16342559437557 -3.20522273152395
2024-06-14T09:16:00.000 -2849.295224525110 5028.829451765120 3571.980561794260 -6.22634533760688 -0.36347256909338 -4.44543636364288
2024-06-14T09:20:00.000 -4221.856929134230 4759.799368364190 2387.830232771170 -5.14173165904823 -1.86490599858360 -5.36215518478217
2024-06-14T09:24:00.000 -5287.279375669610 4144.494417077920 1029.486681166110 -3.68246336692948 -3.23140956725645 -5.88807406523773
2024-06-14T09:28:00.000 -5967.917701194350 3227.557341914590 -403.989537460849 -1.95485819000095 -4.36305279170837 -5.98435938595127
2024-06-14T09:32:00.000 -6214.232421693470 2075.711203521290 -1807.976498310930 -0.08536386071566 -5.17696839977945 -5.64388128615477
2024-06-14T09:36:00.000 -6008.482247533530 772.844440912034 -3080.059310781620 1.78925789403484 -5.61391650120490 -4.89199661192505
2024-06-14T09:40:00.000 -5365.933436803800 -586.225405217510 -4127.592747115190 3.53242493203345 -5.64257667510722 -3.78419223840015
2024-06-14T09:44:00.000 -4333.588680254760 -1902.730140539140 -4874.435414554570 5.01785531995775 -5.26145363316304 -2.40159023155893
2024-06-14T09:48:00.000 -2986.622693374680 -3081.108744502680 -5266.383292471980 6.13842296503088 -4.49855873594137 -0.84473378599973
2024-06-14T09:52:00.000 -1422.875828131710 -4035.848942507510 -5274.971752103860 6.81343385769609 -3.40906993030082 0.77368313500961
2024-06-14T09:56:00.000 244.171926153792 -4697.553948102080 -4899.460687315460 6.99395366000444 -2.07133245809160 2.33665191390081
2024-06-14T10:00:00.000 1893.458473722900 -5017.902935655690 -4166.916499913000 6.66615455742733 -0.58166081597804 3.73078648351461
2024-06-14T10:04:00.000 3404.979392000560 -4973.209397719250 -3130.387823161110 5.85271564600390 0.95214848441949 4.85425176106408
2024-06-14T10:08:00.000 4668.480045747310 -4566.293236925230 -1865.222886807730 4.61182897339229 2.41832550176938 5.62423389904474
2024-06-14T10:12:00.000 5591.601871320750 -3826.463010594570 -463.697251304722 3.03360708536790 3.70930264288692 5.98346903128834
2024-06-14T10:16:00.000 6106.825372516140 -2807.499156482270 971.743093500819 1.23362307564099 4.73005860465892 5.90505984865190
2024-06-14T10:20:00.000 6176.569550880330 -1583.730405140700 2336.092582286000 -0.65578588006037 5.40550236421333 5.39476190573350
2024-06-14T10:24:00.000 5796.006394022690 -244.491511902046 3529.647753027280 -2.49587664188540 5.68651349819330 4.49066555954045
2024-06-14T10:28:00.000 4993.273891486630 1112.577915574170 4465.398602878830 -4.15238484199876 5.55331849984339 3.25969227493605
2024-06-14T10:32:00.000 3827.214710722520 2388.724867999370 5075.336491274130 -5.50523769509629 5.01639648579628 1.79223350201848
2024-06-14T10:36:00.000 2382.929928908330 3491.246599272690 5315.290241314490 -6.45694997228412 4.11532826091324 0.19531368909526
2024-06-14T10:40:00.000 765.521712157285 4340.137772094920 5167.994679435410 -6.93925303371175 2.91565826964621 -1.41523777227187
2024-06-14T10:44:00.000 -907.487873486962 4873.767424862530 4644.231322573600 -6.91747056315322 1.50406605442443 -2.92284038673818
2024-06-14T10:48:00.000 -2514.543955778000 5053.268984480610 3782.058305298880 -6.39290369510735 -0.01749732343724 -4.21809639063487
2024-06-14T10:52:00.000 -3938.771156986860 4865.392207542590 2644.152399001310 -5.40309548007777 -1.53874279876258 -5.20649576932505
2024-06-14T10:56:00.000 -5076.458060134290 4323.586633855540 1313.366879140270 -4.01962563296376 -2.94882321376417 -5.81549424945724
2024-06-14T11:00:00.000 -5844.703661273690 3467.139067922520 -113.258617846610 -2.34329192091651 -4.14465305753200 -6.00021773779848
2024-06-14T11:04:00.000 -6187.579712550190 2358.350756195630 -1531.620177035910 -0.49665177685716 -5.03875614520915 -5.74706238822307
2024-06-14T11:08:00.000 -6080.275060548170 1077.965732617700 -2838.239419092660 1.38518592077332 -5.56590907582222 -5.07483305882488
2024-06-14T11:12:00.000 -5530.879866301310 -280.810869539499 -3937.917272539130 3.16493131330525 -5.68812834695274 -4.03322030591772
2024-06-14T11:16:00.000 -4579.650636491200 -1619.200171420610 -4750.693174442190 4.71347852667722 -5.39715392811457 -2.69865327074127
2024-06-14T11:20:00.000 -3295.912030504690 -2840.039967441150 -5217.571050813500 5.91909081555278 -4.71455543263996 -1.16829953551612
2024-06-14T11:24:00.000 -1772.948462111530 -3854.749726406990 -5304.665674774930 6.69496639393988 -3.68980875216921 0.44699974458262
2024-06-14T11:28:00.000 -121.287444642331 -4589.625226552450 -5005.562810077580 6.98501206349691 -2.39666985333116 2.03047225789877
2024-06-14T11:32:00.000 1539.166071056780 -4991.084202416500 -4341.791058914790 6.76763461272459 -0.92813708636139 3.46737426768136
2024-06-14T11:36:00.000 3087.662786202450 -5029.573442539770 -3361.378999856850 6.05753283170805 0.60967178423120 4.65291890580270
2024-06-14T11:40:00.000 4411.322731734610 -4701.856110340350 -2135.539611543600 4.90529615721966 2.10487980538566 5.49991054334932
2024-06-14T11:44:00.000 5413.433952578510 -4031.430048652450 -753.615855069810 3.39433826626223 3.44795830697963 5.94547222079703
2024-06-14T11:48:00.000 6020.698125253510 -3066.963621432110 683.418583108892 1.63517319275890 4.54006747473438 5.95627144563796
2024-06-14T11:52:00.000 6188.775783392570 -1878.767233703810 2070.455197113530 -0.24296604411452 5.30088707359107 5.53142278931059
2024-06-14T11:56:00.000 5905.599440037440 -553.567718799813 3306.098502144370 -2.10211774921241 5.67481526323784 4.70254819045893
2024-06-14T12:00:00.000 5192.184996674930 811.975454481858 4300.209118037430 -3.80635492868611 5.63516246005263 3.53114286554148
2024-06-14T12:04:00.000 4100.895568154030 2118.445754748670 4980.492055059610 -5.23196610453581 5.18569352254691 2.10340284998818
2024-06-14T12:08:00.000 2711.426800804540 3270.915018201040 5297.641655300990 -6.27618438085220 4.35970641789385 0.52350677717431
2024-06-14T12:12:00.000 1124.930740206430 4185.731492562160 5228.770852597380 -6.86396233721811 3.21731043685075 -1.09386072887929
2024-06-14T12:16:00.000 -543.285545441412 4796.478547287160 4778.977986865900 -6.95306434008354 1.84115500215939 -2.63155198784828
2024-06-14T12:20:00.000 -2172.017092050360 5058.707494178440 3980.956414904960 -6.53685165516675 0.33061336326287 -3.97805765271167
2024-06-14T12:24:00.000 -3642.831035854960 4953.170202059750 2892.709776186820 -5.64500744205453 -1.20488976438115 -5.03526196522051
2024-06-14T12:28:00.000 -4848.634894325950 4487.319212843280 1593.447595135420 -4.34187139292252 -2.65360280725082 -5.72565301507877
2024-06-14T12:32:00.000 -5701.551637119470 3694.894999866840 177.897806006066 -2.72230911111175 -3.90961028890174 -5.99832223582983
2024-06-14T12:36:00.000 -6139.461699780150 2633.533024707830 -1250.637684498110 -0.90472646485740 -4.88099009742110 -5.83321191283226
2024-06-14T12:40:00.000 -6130.607891618330 1380.531923889130 -2587.922001105690 0.97786195827424 -5.49685394425520 -5.24263332512204
2024-06-14T12:44:00.000 -5675.901152460170 27.126300184112 -3736.484313805340 2.78798960103362 -5.71266939125095 -4.27027222851788
2024-06-14T12:48:00.000 -4808.731356316770 -1328.257148698060 -4612.768617718640 4.39415918646844 -5.51334444705035 -2.98760137312962
2024-06-14T12:52:00.000 -3592.365589423950 -2587.192521286150 -5153.152526531740 5.68035736362495 -4.91389744244532 -1.48818193284176
2024-06-14T12:56:00.000 -2115.242737092450 -3658.337597355990 -5318.430821811660 6.55401064086939 -3.95791739795586 0.11930066966419
2024-06-14T13:00:00.000 -484.578204883467 -4463.922764425450 -5096.540394743390 6.95207815626763 -2.71425340880358 1.71864706606887
2024-06-14T13:04:00.000 1181.268509275980 -4945.279241633460 -4503.415121757410 6.84527562554434 -1.27233163624821 3.19408257780250
2024-06-14T13:08:00.000 2761.206432110100 -5067.084346678530 -3581.933443942860 6.24034254256029 0.26380475741922 4.43815127056008
2024-06-14T13:12:00.000 4140.123211404810 -4820.044514493530 -2398.981644318270 5.18017006844989 1.78256268662524 5.35950758574778
2024-06-14T13:16:00.000 5217.316094648680 -4221.756473292440 -1040.723277577540 3.74130881301112 3.17284029959531 5.88990833495996
2024-06-14T13:20:00.000 5914.002861083070 -3315.583566686150 393.640910848117 2.02879416808977 4.33240397776293 5.98972054738312
2024-06-14T13:24:00.000 6179.279318041460 -2167.552151846070 1799.202689164510 0.16842050231423 5.17589584329770 5.65138972086050
2024-06-14T13:28:00.000 5993.950481844280 -861.451265686564 3073.192810842530 -1.70312425635416 5.64161533978864 4.90014500808354
2024-06-14T13:32:00.000 5371.868268845520 507.437627302806 4122.628415515810 -3.44889400089088 5.69603389111036 3.79172649599762
2024-06-14T13:36:00.000 4358.754946070200 1839.406439786030 4871.132164492490 -4.94189577950847 5.33598256511388 2.40784183680245
2024-06-14T13:40:00.000 3028.672685224070 3037.635045809000 5264.419263641880 -6.07436052879452 4.58842614841049 0.84969038086216
2024-06-14T13:44:00.000 1478.493606674900 4015.149212090160 5274.083030343330 -6.76498527237136 3.50788972826763 -0.76958054887374
2024-06-14T13:48:00.000 -179.103157234243 4700.987409590080 4899.521813632850 -6.96407844962236 2.17253510438922 -2.33271675515326
2024-06-14T13:52:00.000 -1823.682296326790 5045.267306912400 4167.969517337080 -6.65711575263358 0.67883269106090 -3.72637653623917
2024-06-14T13:56:00.000 -3335.682485164760 5022.796087745440 3132.586575578670 -5.86589087247512 -0.86511592531877 -4.84911837106023
2024-06-14T14:00:00.000 -4605.041855146210 4634.981999303920 1868.711485915010 -4.64738356273323 -2.34706315638644 -5.61872783131215
2024-06-14T14:04:00.000 -5539.259290913920 3909.859073877530 468.465327776656 -3.09013600648412 -3.65875406413447 -5.97850166186030
2024-06-14T14:08:00.000 -6070.265502165350 2900.136182600890 -965.972415940598 -1.30793441485793 -4.70415111144867 -5.90190154600160
2024-06-14T14:12:00.000 -6159.492577980800 1679.348057133910 -2329.915952975030 0.56874378457429 -5.40688447226820 -5.39472211095458
2024-06-14T14:16:00.000 -5800.689011233880 336.399073107616 -3523.920359393340 2.40279555971311 -5.71600800959308 -4.49452655048242
2024-06-14T14:20:00.000 -5020.268929397350 -1031.010795582890 -4461.084046833280 4.06082433376215 -5.60958856960599 -3.26756197656830
2024-06-14T14:24:00.000 -3875.226757661310 -2323.545864257340 -5073.335247985850 5.42291699243291 -5.09592967292363 -1.80346857474380
2024-06-14T14:28:00.000 -2448.868486796040 -3447.406905481500 -5316.256080200090 6.39096738892762 -4.21252482054054 -0.20851613672770
2024-06-14T14:32:00.000 -844.753495549801 -4321.018841445690 -5172.177146920040 6.89523387782531 -3.02311203787419 1.40197082828327
2024-06-14T14:36:00.000 820.699804851386 -4880.817325281190 -4651.405148661850 6.89889923578946 -1.61320128085941 2.91149538097283
2024-06-14T14:40:00.000 2426.478788747260 -5085.819502371880 -3791.553792706040 6.40078482122545 -0.08440307437731 4.21032559165077
2024-06-14T14:44:00.000 3855.642429488880 -4920.685591560180 -2654.979667744130 5.43590823639428 1.45240815879703 5.20325017758559
2024-06-14T14:48:00.000 5003.853174572480 -4397.027115124150 -1324.419425670480 4.07376897136842 2.88491397009666 5.81678791401346
2024-06-14T14:52:00.000 5787.153995022220 -3552.730036801340 102.984787234501 2.41366777833161 4.10788877377584 6.00521246850491
2024-06-14T14:56:00.000 6148.284112811230 -2449.266626328400 1522.849699477990 0.57739514592190 5.03128954318064 5.75433740554509
2024-06-14T15:00:00.000 6061.002461195300 -1167.168715759170 2831.333957910360 -1.30005613680778 5.58739553935792 5.08285217503691
2024-06-14T15:04:00.000 5531.990770452740 200.001887297611 3932.891113433790 -3.08110597550244 5.73600180746767 4.04068146702993
2024-06-14T15:08:00.000 4600.202533278050 1552.628601520530 4747.304197892240 -4.63609460479183 5.46707769706264 2.70474650435186
2024-06-14T15:12:00.000 3333.816134549220 2792.344435405110 5215.457118858720 -5.85254678405099 4.80093314311195 1.17286674449973
2024-06-14T15:16:00.000 1825.139716178160 3829.140853920810 5303.506884393310 -6.64303725769469 3.78641292088996 -0.44349643390302
2024-06-14T15:20:00.000 183.862433878593 4587.774986178780 5005.188786941340 -6.95087611227182 2.49695880556107 -2.02731228213025
2024-06-14T15:24:00.000 -1470.781463407460 5013.097455261860 4342.205973816560 -6.75369016876156 1.02565615662104 -3.46386087911454
2024-06-14T15:28:00.000 -3018.517797731590 5074.042687976730 3362.725568927930 -6.06532127957201 -0.52104147273401 -4.64864212554446
2024-06-14T15:32:00.000 -4346.712165320140 4765.959001594860 2137.995819478190 -4.93525855980348 -2.03078711904139 -5.49501345415473
2024-06-14T15:36:00.000 -5358.591967395810 4111.062589565110 757.253408901403 -3.44547401866831 -3.39340849399029 -5.94069211559885
2024-06-14T15:40:00.000 -5980.412982936550 3156.921572551500 -678.760756850266 -1.70473585991974 -4.50915778641313 -5.95276327921310
2024-06-14T15:44:00.000 -6166.958356728800 1973.009185689370 -2065.236416892780 0.15953141780537 -5.29644364993766 -5.53045382338915
2024-06-14T15:48:00.000 -5904.865610253980 645.558877127438 -3301.055227430650 2.01100643733394 -5.69805968450759 -4.70509113245701
2024-06-14T15:52:00.000 -5213.514059794000 -728.829966732215 -4296.236921823690 3.71489129820895 -5.68532166471317 -3.53750926353899
2024-06-14T15:56:00.000 -4143.447273710520 -2050.287285027750 -4978.465329778580 5.14783508720169 -5.25973513564405 -2.11310924132365
2024-06-14T16:00:00.000 -2772.563092458370 -3222.897361898380 -5298.235222685320 6.20655779266339 -4.45248839955058 -0.53539288498299
2024-06-14T16:04:00.000 -1200.424828553030 -4161.552904080320 -5232.314335244370 6.81479210948462 -3.32190156426812 1.08147684450702
2024-06-14T16:08:00.000 458.869961192044 -4798.002181291460 -4785.362548746100 6.92836641811779 -1.94930246290275 2.62056906174861
2024-06-14T16:12:00.000 2084.799194873470 -5085.735367859460 -3989.635483623620 6.53825792014944 -0.43353652035635 3.97017160972252
2024-06-14T16:16:00.000 3559.017325478770 -5003.417289321140 -2902.791494106640 5.67162685731255 1.11564485536103 5.03156291730725
2024-06-14T16:20:00.000 4773.947655323650 -4556.606809041460 -1603.887299709520 4.39063344938513 2.58523148507437 5.72632220173102
2024-06-14T16:24:00.000 5640.762177754010 -3777.545430239510 -187.713435717426 2.78847313849502 3.86728670882611 6.00267813133917
2024-06-14T16:28:00.000 6096.079845282110 -2722.917549875990 1242.183172716410 0.98264245632480 4.86743814560947 5.83994773496023
2024-06-14T16:32:00.000 6106.741746395260 -1469.672245768860 2581.215789936940 -0.89413366150902 5.51226939607745 5.25021539645112
2024-06-14T16:36:00.000 5672.249810102750 -109.283154284478 3731.560153679140 -2.70417607642907 5.75492341628990 4.27735369689456
2024-06-14T16:40:00.000 4824.677925922500 1259.078420465840 4609.394606196290 -4.31547647546304 5.57845005519197 2.99334872389016
2024-06-14T16:44:00.000 3626.114579112900 2535.860129497340 5150.968764630360 -5.61139489363240 4.99654275744661 1.49236353714173
2024-06-14T16:48:00.000 2163.981406441530 3628.337928659880 5317.092041662110 -6.49864873638791 4.05199084893777 -0.11633365115927
2024-06-14T16:52:00.000 544.638404294143 4457.234102571960 5095.845411590320 -6.91359655325118 2.81336392203222 -1.71610277635105
2024-06-14T16:56:00.000 -1114.272766926580 4962.338479614610 4503.365171013210 -6.82634720583850 1.37006585239838 -3.19112687139027
2024-06-14T17:00:00.000 -2692.210386600100 5106.814587904530 3582.697303255370 -6.24282698986773 -0.17361222759350 -4.43428703171978
2024-06-14T17:04:00.000 -4074.379853464690 4879.937379559580 2400.784211577860 -5.20481363178695 -1.70564012570805 -5.35477171689865
2024-06-14T17:08:00.000 -5160.099626422680 4297.998698383290 1043.709242514760 -3.78748602988105 -3.11431025986125 -5.88493252584264
2024-06-14T17:12:00.000 -5870.241077217560 3403.227041958090 -389.540164717841 -2.09420056684073 -4.29655502685293 -5.98562292541640
2024-06-14T17:16:00.000 -6153.123749662180 2260.749864769060 -1794.355181267920 -0.24888631384746 -5.16586359995040 -5.64947351586454
2024-06-14T17:20:00.000 -5988.341546878290 953.784139127935 -3068.258542734270 1.61346550817856 -5.65896227066961 -4.90147676695066
2024-06-14T17:24:00.000 -5388.181431693230 -422.539672445931 -4118.462416798080 3.35712308443534 -5.74042024627540 -3.79682622750765
2024-06-14T17:28:00.000 -4396.576159356920 -1768.180924168920 -4868.625892447360 4.85572539895028 -5.40493041437999 -2.41645946065329
2024-06-14T17:32:00.000 -3085.752941869310 -2985.452963239760 -5264.303249652260 6.00119050952800 -4.67721395889044 -0.86075932950245
2024-06-14T17:36:00.000 -1550.939174950070 -3986.012924752550 -5276.761756611250 6.71101477902101 -3.60991998861248 0.75765284792225
2024-06-14T17:40:00.000 96.473926259010 -4697.140510552560 -4904.985552954940 6.93375130846546 -2.27983632177129 2.32174037633677
2024-06-14T17:44:00.000 1736.853707125160 -5066.938457573120 -4175.780163647760 6.65260503605414 -0.78272536233453 3.71804387638921
2024-06-14T17:48:00.000 3250.865321136420 -5068.134620983050 -3141.951242800360 5.88690931801634 0.77314405053703 4.84464449050566
2024-06-14T17:52:00.000 4528.091765137890 -4700.198263700540 -1878.636721953170 4.69131389967274 2.27450265755075 5.61852261586704
2024-06-14T17:56:00.000 5475.170978395400 -3989.576745659550 -477.969116158615 3.15253307949437 3.61121241659665 5.98206309130159
2024-06-14T18:00:00.000 6022.826651050510 -2987.916828153630 957.657295161633 1.38331905583207 4.68482631887997 5.90800717392590
2024-06-14T18:04:00.000 6131.117025872290 -1768.289219090980 2323.220111452950 -0.48624328799357 5.41643921591034 5.40185714162871
2024-06-14T18:08:00.000 5792.392143639910 -419.728364594837 3518.919902468060 -2.31889890150804 5.75276397470827 4.50132233360375
2024-06-14T18:12:00.000 5031.739801275580 959.422463566551 4457.577553034410 -3.98082863286047 5.66993668471502 3.27311399549272
2024-06-14T18:16:00.000 3904.950391005920 2268.778584818700 5070.975837770480 -5.35153748908407 5.17482610530964 1.80747948846907
2024-06-14T18:20:00.000 2494.276929576350 3413.213766738780 5314.699475473190 -6.33226358980535 4.30404765324330 0.21128704081075
2024-06-14T18:24:00.000 902.382456714538 4309.676662193360 5171.205216757610 -6.85261468891521 3.12095224542412 -1.39972565686120
2024-06-14T18:28:00.000 -755.059055055961 4893.080503855950 4650.998247247660 -6.87517171154597 1.71102762362785 -2.90889275204084
2024-06-14T18:32:00.000 -2357.629330688520 5120.943361292350 3791.884902784090 -6.39805619650062 0.17609336151918 -4.20670096186509
2024-06-14T18:36:00.000 -3788.787847806030 4976.500047932600 2656.321062377420 -5.45535820776283 -1.37260272496533 -5.19849830062703
2024-06-14T18:40:00.000 -4944.324703344020 4470.033793990150 1326.983403123720 -4.11519723783754 -2.82227547637261 -5.81150048131214
2024-06-14T18:44:00.000 -5740.032692638950 3638.249973144270 -99.194639104857 -2.47516466248790 -4.06692226489163 -6.00049630570830
2024-06-14T18:48:00.000 -6117.974948040730 2541.661706846640 -1518.131848416240 -0.65522122198012 -5.01542909732600 -5.75155186083684
2024-06-14T18:52:00.000 -6050.794279036810 1260.139755457000 -2826.305576794800 1.21143221118319 -5.59865009740224 -5.08322022625868
2024-06-14T18:56:00.000 -5543.661385748080 -113.021477241412 -3928.405417332490 2.98865170648742 -5.77451757703326 -4.04488892359998
2024-06-14T19:00:00.000 -4633.757768849440 -1477.985482121910 -4744.290864450420 4.54747501671785 -5.53086440931205 -2.71273707387462
2024-06-14T19:04:00.000 -3387.408647266720 -2735.649945761380 -5214.736850113020 5.77541648817793 -4.88584132864314 -1.18376622449178
2024-06-14T19:08:00.000 -1895.182063228090 -3794.751686608090 -5305.594581767700 6.58405833120034 -3.88619128892554 0.43130069149476
2024-06-14T19:12:00.000 -265.374978187915 -4578.351657485900 -5010.171807766200 6.91491028607851 -2.60384352982076 2.01569448493427
2024-06-14T19:16:00.000 1383.690185702380 -5029.322510811470 -4349.727778462210 6.74341446401064 -1.13104701848967 3.45458772099128
2024-06-14T19:20:00.000 2932.093815712670 -5114.513958138470 -3372.051580514220 6.08099366624039 0.42577513775514 4.64304969551258
2024-06-14T19:24:00.000 4266.975027010750 -4827.285582787820 -2148.152174888550 4.97477397961654 1.95344833199013 5.49371816764114
2024-06-14T19:28:00.000 5290.804481383890 -4188.165691947370 -767.222869959639 3.50472029683727 3.34011188430756 5.94342640461471
2024-06-14T19:32:00.000 5928.678882740100 -3243.526617126180 669.830320672873 1.77829723785998 4.48369226379099 5.95844884156825
2024-06-14T19:36:00.000 6134.007497056160 -2062.241949806100 2057.871608406510 -0.07756247262404 5.29999916315640 5.53755830639856
2024-06-14T19:40:00.000 5892.006702503930 -730.559083934051 3295.415679361470 -1.92648674134372 5.72937993815350 4.71214372184763
2024-06-14T19:44:00.000 5220.699071559950 654.364565424079 4292.172916262470 -3.63323022112349 5.74109815143677 3.54346284252562
2024-06-14T19:48:00.000 4169.398772643730 1991.676132385310 4975.649959619100 -5.07386644909141 5.33518080273676 2.11753931228267
2024-06-14T19:52:00.000 2814.916694352480 3184.181551217580 5296.312746408690 -6.14449039158495 4.54181761337755 0.53848250191966
2024-06-14T19:56:00.000 1255.883896554150 4145.317230625380 5231.037412654440 -6.76819071435751 3.41884997547415 -1.07904547451538
2024-06-14T20:00:00.000 -394.384231951459 4805.314347322520 4784.675741317240 -6.90018052131318 2.04753691420043 -2.61794634281753
2024-06-14T20:04:00.000 -2015.989746504110 5116.159292284940 3989.676902933720 -6.53072638181390 0.52690512649565 -3.96662620328934
2024-06-14T20:08:00.000 -3491.030814231430 5055.083067291970 2903.827281763050 -5.68615757965340 -1.03292865786146 -5.02683865828351
2024-06-14T20:12:00.000 -4712.126674913890 4626.310369126860 1606.159310434950 -4.42738882609506 -2.51846988794663 -5.72088054869047
2024-06-14T20:16:00.000 -5590.302050883500 3860.878183234110 191.273022044275 -2.84598692041097 -3.82119332420262 -5.99759762228524
2024-06-14T20:20:00.000 -6061.599198580220 2814.447452783940 -1237.579663782250 -1.05758065801539 -4.84574042501610 -5.83656316023105
2024-06-14T20:24:00.000 -6091.838857426900 1563.228982686790 -2576.136374910790 0.80692393697186 -5.51734140651893 -5.24982506263894
2024-06-14T20:28:00.000 -5679.091254756970 198.325336976475 -3726.839301079540 2.61140963870445 -5.78741956468044 -4.28081571259574
2024-06-14T20:32:00.000 -4853.685739014060 -1181.005714786050 -4605.982324844970 4.22483897461083 -5.63693818259662 -3.00073087558229
2024-06-14T20:36:00.000 -3675.838458524910 -2474.594903606310 -5149.730889479280 5.53065330681965 -5.07731670335447 -1.50291733860136
2024-06-14T20:40:00.000 -2231.180434740650 -3588.572906275780 -5318.629309073670 6.43482954078282 -4.14925735026511 0.10405959216835
2024-06-14T20:44:00.000 -624.561411842657 -4442.049941583030 -5100.341438589230 6.87210196709578 -2.91956657003820 1.70405776823504
2024-06-14T20:48:00.000 1027.407746263820 -4972.864003308990 -4510.530899878430 6.81031411516356 -1.47664370419810 3.18121659483362
2024-06-14T20:52:00.000 2604.646552471870 -5142.086298863990 -3591.832956976080 6.25294760164229 0.07539490493652 4.42796555960717
2024-06-14T20:56:00.000 3992.238941065280 -4936.962373722270 -2410.926888837870 5.23942272783734 1.62381675847168 5.35274794712892
2024-06-14T21:00:00.000 5088.852689955680 -4372.023142056320 -1053.826995521510 3.84290098199043 3.05539844464935 5.88707753561760
2024-06-14T21:04:00.000 5814.280510546340 -3488.178299792890 380.351731029183 2.16522030669058 4.26492595129541 5.99099746637216
2024-06-14T21:08:00.000 6115.493922615750 -2349.815946571590 1786.694402642610 0.32961915179519 5.16327717855373 5.65655838728819
2024-06-14T21:12:00.000 5970.656388681490 -1040.041963526510 3062.344670652490 -1.52895924809780 5.68462309755208 4.90871284780210
2024-06-14T21:16:00.000 5390.668000207160 345.552586737163 4114.177828565280 -3.27441155669656 5.79136361448438 3.80300725220576
2024-06-14T21:20:00.000 4418.200759331390 1706.005165239770 4865.631473467850 -4.77971317957059 5.47654518910273 2.42099529212568
2024-06-14T21:24:00.000 3124.384835395770 2942.390498701630 5262.206754793990 -5.93613840672616 4.76388565154570 0.86377702882615
2024-06-14T21:28:00.000 1603.493662972480 3964.945865317380 5275.267784540260 -6.66061098765744 3.70549122135841 -0.75551011290661
2024-06-14T21:32:00.000 -33.894919065856 4699.446135984810 4903.992023952400 -6.90108162778608 2.37799571311796 -2.31955488638041
2024-06-14T21:36:00.000 -1668.815136518000 5092.494604814790 4175.400382684600 -6.64012414545518 0.87730796949696 -3.71500760553262
2024-06-14T21:40:00.000 -3182.424102127840 5115.370002707480 3142.449064905250 -5.89621981062066 -0.68800263121166 -4.84034733227266
2024-06-14T21:44:00.000 -4464.563451531870 4766.193319345540 1880.299573306680 -4.72291759009054 -2.20416325503076 -5.61321433807160
2024-06-14T21:48:00.000 -5421.822557355010 4070.189998678880 480.939745120956 -3.20545237165602 -3.56047736617850 -5.97667716756262
2024-06-14T21:52:00.000 -5984.471239554250 3077.944689979690 -953.520939328625 -1.45470011491833 -4.65768027313634 -5.90392297038457
2024-06-14T21:56:00.000 -6111.645042417470 1861.711669758440 -2318.401596961050 0.40121790521298 -5.41562367848552 -5.40046433015664
2024-06-14T22:00:00.000 -5794.329655699920 510.066664343826 -3514.195680175340 2.22669117050877 -5.77928743832751 -4.50361918176008
2024-06-14T22:04:00.000 -5055.925215977490 -878.654597439466 -4453.887220246340 3.88893816206381 -5.72282974584420 -3.27941708935403
2024-06-14T22:08:00.000 -3950.364697961430 -2203.580166390290 -5069.234026751900 5.26781725405787 -5.25097148344990 -1.81724687002071
2024-06-14T22:12:00.000 -2558.060500214090 -3368.566906319730 -5315.585563213760 6.26402515597056 -4.39809932817931 -0.22313822130065
2024-06-14T22:16:00.000 -980.080573192205 -4289.043967647750 -5175.004366627970 6.80571924337119 -3.22569107561141 1.38763195542715
2024-06-14T22:20:00.000 669.065396368280 -4898.029549087550 -4657.529452954920 6.85335225048325 -1.81799821921821 2.89853491380474
2024-06-14T22:24:00.000 2269.553964541360 -5150.947138857640 -3800.525084779720 6.40251515518494 -0.27645767244127 4.19970307842022
2024-06-14T22:28:00.000 3704.832401965920 -5028.959709663950 -2666.141006069390 5.48482807373933 1.28712057871982 5.19573846648017
2024-06-14T22:32:00.000 4870.122307740680 -4540.521247720340 -1336.951821169450 4.16629844721419 2.75850121818495 5.81294035602881
2024-06-14T22:36:00.000 5680.217458988850 -3720.942483448600 89.997100546938 2.54306096841167 4.02958214690675 6.00528882971712
2024-06-14T22:40:00.000 6075.901225772880 -2629.885236550110 1510.353348999690 0.73416619808554 5.00684552993048 5.75832105432229
2024-06-14T22:44:00.000 6028.392430004750 -1346.976258908330 2820.228661408720 -1.12742341574110 5.61853889932536 5.09037466779038
2024-06-14T22:48:00.000 5541.462896539840 34.139759881571 3923.955371301050 -2.90519392487108 5.82033983741618 4.05111641681054
2024-06-14T22:52:00.000 4651.008373034270 1412.799748247480 4741.142925634600 -4.46964528064157 5.59833766266596 2.71729364457583
2024-06-14T22:56:00.000 3422.219661769000 2688.713995524660 5212.473973420110 -5.70758123950531 4.96947062000507 1.18664837212866
2024-06-14T23:00:00.000 1944.693523513570 3769.221743510260 5303.884792217500 -6.52997361706807 3.97991772886843 -0.42942320981373
2024-06-14T23:04:00.000 325.885496058358 4575.907093668250 5008.887597038390 -6.87783241791968 2.70145834610826 -2.01386019238161
2024-06-14T23:08:00.000 -1316.594202766900 5050.156958531370 4348.971794794810 -6.72600113545362 1.22642416923665 -3.45189469697684
2024-06-14T23:12:00.000 -2863.377103579790 5157.380944670920 3372.098839737730 -6.08513253941984 -0.33849992815425 -4.63901417277927
2024-06-14T23:16:00.000 -4201.930586979520 4889.576242325640 2149.326225033870 -5.00127161397885 -1.87972096838100 -5.48843805378467
2024-06-14T23:20:00.000 -5234.763772968060 4266.029576670800 769.739291510452 -3.55302427686777 -3.28483075877398 -5.93771273891193
2024-06-14T23:24:00.000 -5886.632463694460 3332.017226585400 -666.025023481645 -1.84605581456821 -4.45103242631788 -5.95368264957121
2024-06-14T23:28:00.000 -6110.141898876880 2155.534207383240 -2053.190789792510 -0.00530214052860 -5.29304522357027 -5.53526470239614
2024-06-14T23:32:00.000 -5889.242173798070 822.261696094996 -3290.605784188850 1.83466421117946 -5.74968918195218 -4.71351040349129
2024-06-14T23:36:00.000 -5240.309182939060 -570.789231119613 -4288.187025093520 3.53991216456576 -5.78826490752951 -3.54897064644252
2024-06-14T23:40:00.000 -4210.788462311310 -1922.399508509510 -4973.453263559000 4.98700371215518 -5.40653969079610 -2.12681408063541
2024-06-14T23:44:00.000 -2875.611730029170 -3134.471644207940 -5296.685014052730 6.07166673062027 -4.63253705089698 -0.55035135763441
2024-06-14T23:48:00.000 -1331.718486728850 -4119.039888378610 -5234.385624532480 6.71575645773916 -3.52211863781507 1.06646268807925
2024-06-14T23:52:00.000 308.864593398008 -4804.508486923650 -4790.924032047810 6.87242776519796 -2.15507680253337 2.60668737560124
2024-06-14T23:56:00.000 1926.982116373320 -5140.787529438520 -3998.284458782600 6.52949607559065 -0.62982726177946 3.95848117383824
2024-06-15T00:00:00.000 3404.858780406130 -5102.992559893030 -2913.896873288110 5.71069444028849 0.94318812311777 5.02290608346682
2024-06-15T00:04:00.000 4634.656949816460 -4693.426138183880 -1616.640028376700 4.47470765747376 2.44922781216479 5.72134081113924
2024-06-15T00:08:00.000 5526.465214507980 -3941.602156208330 -201.177776468998 2.91138906865574 3.77770944113137 6.00176277399025
2024-06-15T00:12:00.000 6015.064232936670 -2902.212273575640 1228.993982569070 1.13536491257282 4.83080035843971 5.84313762434286
2024-06-15T00:16:00.000 6064.855394280570 -1651.104504346630 2569.261781007250 -0.72278336123002 5.53119632992018 5.25724676427689
2024-06-15T00:20:00.000 5672.477551742840 -279.608979695387 3721.699129275020 -2.52673046583550 5.82796736767642 4.28763328051349
2024-06-15T00:24:00.000 4866.938701218450 1112.271710118450 4602.306904876930 -4.14476821251868 5.70019074776108 3.00604228836231
2024-06-15T00:28:00.000 3707.291740731270 2423.254436802140 5147.126810548230 -5.45976731506268 5.15805885700246 1.50655339021708
2024-06-15T00:32:00.000 2278.144877990650 3558.111631408140 5316.735773077870 -6.37705392876229 4.24147208963793 -0.10164483369021
2024-06-15T00:36:00.000 683.480521152558 4434.472701816660 5098.973636755160 -6.83076961602039 3.01701918198608 -1.70191244242407
2024-06-15T00:40:00.000 -960.832406634332 4988.690058366860 4509.746008322870 -6.78826728315570 1.57321052057779 -3.17836781522288
2024-06-15T00:44:00.000 -2535.316278600560 5180.388946442930 3591.879720611220 -6.25232011115598 0.01438514329143 -4.42383745465885
2024-06-15T00:48:00.000 -3925.451432818220 4995.435687870760 2412.118107283180 -5.26131332308921 -1.54640425708722 -5.34740272667241
2024-06-15T00:52:00.000 -5030.005609480610 4447.078131214590 1056.384154624170 -3.88699902229837 -2.99541493420131 -5.88120488218930
2024-06-15T00:56:00.000 -5768.505370445770 3575.098598216180 -376.444150514862 -2.22957499564299 -4.22668515785896 -5.98587290555121
2024-06-15T01:00:00.000 -6087.222963667970 2442.954172346480 -1781.804017063050 -0.41031219739333 -5.15016409790739 -5.65374527095931
2024-06-15T01:04:00.000 -5963.147750806100 1133.096778600160 -3057.191282655920 1.43773892185772 -5.69861593015940 -4.90950449134545
2024-06-15T01:08:00.000 -5405.601809169110 -259.140510449309 -4109.722369207220 3.17990823558529 -5.83257643015460 -3.80807973203787
2024-06-15T01:12:00.000 -4455.407881282940 -1632.569437936010 -4862.895255714700 4.68996038906252 -5.54293180714517 -2.43013077356143
2024-06-15T01:16:00.000 -3181.768716239280 -2887.493279895510 -5262.044238530180 5.85899236718326 -4.85106549273058 -0.87583746723596
2024-06-15T01:20:00.000 -1677.190797135770 -3932.837440590220 -5278.178861608980 6.60280150632725 -3.80699741030955 0.74229134704613
2024-06-15T01:24:00.000 -50.845590801698 -4692.628570347650 -4910.001455297630 6.86748014971208 -2.48580403271581 2.30731987622824
2024-06-15T01:28:00.000 1579.178293177090 -5111.418964700050 -4184.026411822460 6.63310073077867 -0.98251969105842 3.70571672946398
2024-06-15T01:32:00.000 3094.296049377430 -5158.350042957100 -3152.811006285610 5.91556872751993 0.59415761360775 4.83532288824312
2024-06-15T01:36:00.000 4384.003261487760 -4829.543922869400 -1891.306850728040 4.76602789686902 2.12939605437376 5.61284161765425
2024-06-15T01:40:00.000 5354.031020597280 -4148.593957304680 -491.522976071044 3.26788969452583 3.51057797653777 5.98043138040488
2024-06-15T01:44:00.000 5933.428581464420 -3164.974763055000 944.215719086273 1.53084082074823 4.63604249720963 5.91056515388108
2024-06-15T01:48:00.000 6079.916369172800 -1950.440300507670 2310.873530928340 -0.31740914258417 5.42302394507583 5.40835185553247
2024-06-15T01:52:00.000 5783.045049030960 -593.672200322190 3508.552438001810 -2.14109374329067 5.81413205428451 4.51120301448587
2024-06-15T01:56:00.000 5064.853056055380 806.359022759965 4449.908785488290 -3.80693738572033 5.78149230636685 3.28557755806452
2024-06-15T02:00:00.000 3978.067414632690 2147.724403741650 5066.520983511360 -5.19408649375833 5.32838325096610 1.82164312962906
2024-06-15T02:04:00.000 2602.053644673510 3332.961841303680 5313.747828655060 -6.20263753595399 4.48843396059441 0.22614118067510
2024-06-15T02:08:00.000 1036.967949978710 4276.050546919410 5173.795837441610 -6.76018561503445 3.32273848059755 -1.38523256884727
2024-06-15T02:12:00.000 -603.449429341091 4908.511162782720 4656.924766464650 -6.82658942272132 1.91556489609578 -2.89573996245786
2024-06-15T02:16:00.000 -2200.009548653560 5184.312405540560 3800.717850819060 -6.39687265120620 0.36861906678528 -4.19578149944930
2024-06-15T02:20:00.000 -3636.622946771890 5083.224210707010 2667.425027214580 -5.50173396149744 -1.20603924179196 -5.19061053237894
2024-06-15T02:24:00.000 -4808.700156539140 4612.382517111110 1339.556046555070 -4.20582754904022 -2.69377912314134 -5.80722651999980
2024-06-15T02:28:00.000 -5630.846507542200 3805.902448700400 -86.065778456321 -2.60351860528820 -3.98584342743058 -6.00016762399225
2024-06-15T02:32:00.000 -6043.215461185820 2722.453296014680 -1505.406191272990 -0.81200710641896 -4.98768740381073 -5.75522727865346
2024-06-15T02:36:00.000 -6015.950525223450 1440.945524911210 -2814.922827980370 1.03761890377671 -5.62627559766311 -5.09067334901126
2024-06-15T02:40:00.000 -5551.317382444280 54.668940484020 -3919.216561774460 2.81047048734228 -5.85552477971921 -4.05560922694866
2024-06-15T02:44:00.000 -4683.397939844600 -1335.592034315380 -4737.991122127770 4.37793074104993 -5.65937926061072 -2.72594382756353
2024-06-15T02:48:00.000 -3475.455059664190 -2628.898569968200 -5211.808596693910 5.62686672609880 -5.05253601983213 -1.19847890761091
2024-06-15T02:52:00.000 -2015.256597935930 -3731.401498337440 -5306.268340030440 6.46734457819211 -4.07896588496530 0.41618848187235
2024-06-15T02:56:00.000 -408.760917173593 -4563.006841930260 -5014.406311834600 6.83855488004620 -2.80867428894991 2.00131862697411
2024-06-15T03:00:00.000 1227.416564920800 -5063.094913578210 -4357.212307842380 6.71303798239554 -1.33301226025161 3.44206465175359
2024-06-15T03:04:00.000 2774.302503737250 -5194.923789930240 -3382.217766044780 6.09878780710682 0.24148678926200 4.63336232181254
2024-06-15T03:08:00.000 4119.133927538710 -4948.436676263640 -2160.233604616130 5.03938703523086 1.80030344222442 5.48753135345449
2024-06-15T03:12:00.000 5163.650380687810 -4341.190643502060 -780.328022171594 3.61145109732565 3.22926577795468 5.94112730295341
2024-06-15T03:16:00.000 5831.445675372660 -3417.237804576460 656.658703495769 1.91937977145058 4.42320241058025 5.96020527199420
2024-06-15T03:20:00.000 6073.744655635410 -2243.947779344390 2045.598842924600 0.08754841686179 5.29427200553110 5.54323601462372
2024-06-15T03:24:00.000 5873.058743025410 -906.990120309667 3284.931476364810 -1.74941953104855 5.77878135245987 4.72126968710284
2024-06-15T03:28:00.000 5244.393140736550 496.072192168525 4284.222218643180 -3.45710829321734 5.84190243299036 3.55530926262226
2024-06-15T03:32:00.000 4233.973605386920 1863.034621061690 4970.783667866720 -4.91137536757770 5.47995057494403 2.13125286317737
2024-06-15T03:36:00.000 2915.666542010950 3094.534451308220 5294.870947606700 -6.00735375417309 4.72002701487048 0.55314291496268
2024-06-15T03:40:00.000 1385.485401594490 4101.182076625470 5233.125141526970 -6.66636705899908 3.61760046150677 -1.06447141362233
2024-06-15T03:44:00.000 -245.353651536131 4809.909877681180 4790.144612769940 -6.84108149739713 2.25239858506201 -2.60451163674591
2024-06-15T03:48:00.000 -1858.365234947990 5169.165744275380 3998.136615510920 -6.51864613335135 0.72301327045566 -3.95528375086194
2024-06-15T03:52:00.000 -3336.277296090600 5152.672259275910 2914.676934140690 -5.72203464206804 -0.85977736770442 -5.01838707027456
2024-06-15T03:56:00.000 -4571.521664822020 4761.417265241220 1618.625330398290 -4.50870672493724 -2.38089053338740 -5.71594752622552
2024-06-15T04:00:00.000 -5474.111123131920 4023.701011024460 204.460446048271 -2.96688672069106 -3.72921963134893 -5.99656383932992
2024-06-15T04:04:00.000 -5978.320844635760 2993.162289795070 -1224.628231401320 -1.20927131870071 -4.80609348426341 -5.83955819635039
2024-06-15T04:08:00.000 -6047.571156775810 1744.851700517770 -2564.371176217330 0.63551508670220 -5.53290133537037 -5.25665872914924
2024-06-15T04:10:00.000 -5916.329044939110 1066.995941194750 -3169.764603054090 1.54845958108644 -5.74746014077605 -4.81783622905859
2024-06-15T04:10:02.000 -5913.217104928990 1055.498319243940 -3179.392197270210 1.56347909637260 -5.75015694158216 -4.80975390946718
2024-06-15T04:10:04.000 -5910.075133909650 1043.995332906640 -3189.003602395420 1.57849057762135 -5.75282452505794 -4.80164714507180
2024-06-15T04:10:06.000 -5906.903148025300 1032.487040630720 -3198.598769581690 1.59349394868741 -5.75546287801968 -4.79351597746863
2024-06-15T04:10:08.000 -5903.701163572420 1020.973500890270 -3208.177650064300 1.60848913346834 -5.75807198743113 -4.78536044837588
2024-06-15T04:10:10.000 -5900.469196999660 1009.454772185290 -3217.740195162090 1.62347605590480 -5.76065184040363 -4.77718059963367
2024-06-15T04:10:12.000 -5897.207264907710 997.930913041443 -3227.286356277710 1.63845463998092 -5.76320242419619 -4.76897647320395
2024-06-15T04:10:14.000 -5893.915384049290 986.401982009694 -3236.816084897830 1.65342480972459 -5.76572372621566 -4.76074811117040
2024-06-15T04:10:16.000 -5890.593571328990 974.868037666062 -3246.329332593450 1.66838648920782 -5.76821573401683 -4.75249555573837
2024-06-15T04:10:18.000 -5887.241843803220 963.329138611307 -3255.826051020070 1.68333960254708 -5.77067843530255 -4.74421884923472
2024-06-15T04:10:20.000 -5883.860218680120 951.785343470632 -3265.306191917970 1.69828407390367 -5.77311181792391 -4.73591803410779
2024-06-15T04:10:22.000 -5880.448713319460 940.236710893391 -3274.769707112460 1.71321982748408 -5.77551586988034 -4.72759315292727
2024-06-15T04:10:24.000 -5877.007345232540 928.683299552792 -3284.216548514100 1.72814678754037 -5.77789057931977 -4.71924424838407
2024-06-15T04:10:26.000 -5873.536132082120 917.125168145596 -3293.646668118960 1.74306487837053 -5.78023593453876 -4.71087136329023
2024-06-15T04:10:28.000 -5870.035091682310 905.562375391823 -3303.060018008850 1.75797402431894 -5.78255192398266 -4.70247454057881
2024-06-15T04:10:30.000 -5866.504241998500 893.994980034456 -3312.456550351570 1.77287414977670 -5.78483853624575 -4.69405382330372
2024-06-15T04:10:32.000 -5862.943601147240 882.423040839135 -3321.836217401140 1.78776517918211 -5.78709576007139 -4.68560925463966
2024-06-15T04:10:34.000 -5859.353187396150 870.846616593870 -3331.198971498060 1.80264703702104 -5.78932358435217 -4.67714087788190
2024-06-15T04:10:36.000 -5855.733019163840 859.265766108732 -3340.544765069540 1.81751964782738 -5.79152199813005 -4.66864873644619
2024-06-15T04:10:38.000 -5852.083115019810 847.680548215561 -3349.873550629750 1.83238293618349 -5.79369099059650 -4.66013287386860
2024-06-15T04:10:40.000 -5848.403493684320 836.091021767663 -3359.185280780020 1.84723682672061 -5.79583055109267 -4.65159333380534
2024-06-15T04:10:42.000 -5844.694174028350 824.497245639513 -3368.479908209160 1.86208124411933 -5.79794066910950 -4.64303016003259
2024-06-15T04:10:44.000 -5840.955175073450 812.899278726454 -3377.757385693610 1.87691611311007 -5.80002133428791 -4.63444339644636
2024-06-15T04:10:46.000 -5837.186515991670 801.297179944396 -3387.017666097740 1.89174135847348 -5.80207253641886 -4.62583308706226
2024-06-15T04:10:48.000 -5833.388216105430 789.691008229519 -3396.260702374080 1.90655690504096 -5.80409426544357 -4.61719927601532
2024-06-15T04:10:50.000 -5829.560294887450 778.080822537968 -3405.486447563530 1.92136267769510 -5.80608651145359 -4.60854200755981
2024-06-15T04:10:52.000 -5825.702771960630 766.466681845557 -3414.694854795630 1.93615860137018 -5.80804926469095 -4.59986132606900
2024-06-15T04:10:54.000 -5821.815667097960 754.848645147461 -3423.885877288770 1.95094460105261 -5.80998251554828 -4.59115727603495
2024-06-15T04:10:56.000 -5817.899000222390 743.226771457925 -3433.059468350480 1.96572060178146 -5.81188625456894 -4.58242990206831
2024-06-15T04:10:58.000 -5813.952791406750 731.601119809951 -3442.215581377570 1.98048652864888 -5.81376047244711 -4.57367924889803
2024-06-15T04:11:00.000 -5809.977060873610 719.971749255004 -3451.354169856490 1.99524230680064 -5.81560516002792 -4.56490536137117
2024-06-15T04:11:02.000 -5805.971828995220 708.338718862710 -3460.475187363460 2.00998786143657 -5.81742030830755 -4.55610828445263
2024-06-15T04:11:04.000 -5801.937116293370 696.702087720547 -3469.578587564760 2.02472311781109 -5.81920590843329 -4.54728806322488
2024-06-15T04:11:06.000 -5797.872943439280 685.061914933550 -3478.664324216950 2.03944800123364 -5.82096195170370 -4.53844474288771
2024-06-15T04:11:08.000 -5793.779331253500 673.418259624006 -3487.732351167110 2.05416243706923 -5.82268842956863 -4.52957836875795
2024-06-15T04:11:10.000 -5789.656300705780 661.771180931148 -3496.782622353080 2.06886635073884 -5.82438533362936 -4.52068898626921
2024-06-15T04:11:12.000 -5785.503872915000 650.120738010859 -3505.815091803650 2.08355966771998 -5.82605265563861 -4.51177664097155
2024-06-15T04:11:14.000 -5781.322069149010 638.466990035362 -3514.829713638860 2.09824231354711 -5.82769038750065 -4.50284137853124
2024-06-15T04:11:16.000 -5777.110910824520 626.809996192921 -3523.826442070200 2.11291421381216 -5.82929852127137 -4.49388324473042
2024-06-15T04:11:18.000 -5772.870419507030 615.149815687536 -3532.805231400810 2.12757529416498 -5.83087704915830 -4.48490228546682
2024-06-15T04:11:20.000 -5768.600616910660 603.486507738641 -3541.766036025760 2.14222548031380 -5.83242596352066 -4.47589854675345
2024-06-15T04:11:22.000 -5764.301524898070 591.820131580799 -3550.708810432270 2.15686469802571 -5.83394525686947 -4.46687207471829
2024-06-15T04:11:24.000 -5759.973165480300 580.150746463400 -3559.633509199910 2.17149287312714 -5.83543492186748 -4.45782291560396
2024-06-15T04:11:26.000 -5755.615560816710 568.478411650357 -3568.540087000870 2.18610993150425 -5.83689495132930 -4.44875111576740
2024-06-15T04:11:28.000 -5751.228733214810 556.803186419800 -3577.428498600150 2.20071579910349 -5.83832533822138 -4.43965672167958
2024-06-15T04:11:30.000 -5746.812705130150 545.125130063775 -3586.298698855810 2.21531040193193 -5.83972607566201 -4.43053977992513
2024-06-15T04:11:32.000 -5742.367499166220 533.444301887942 -3595.150642719200 2.22989366605779 -5.84109715692139 -4.42140033720201
2024-06-15T04:11:34.000 -5737.893138074300 521.760761211266 -3603.984285235170 2.24446551761083 -5.84243857542161 -4.41223844032125
2024-06-15T04:11:36.000 -5733.389644753360 510.074567365716 -3612.799581542330 2.25902588278281 -5.84375032473663 -4.40305413620650
2024-06-15T04:11:38.000 -5728.857042249920 498.385779695962 -3621.596486873200 2.27357468782788 -5.84503239859234 -4.39384747189382
2024-06-15T04:11:40.000 -5724.295353757920 486.694457559071 -3630.374956554530 2.28811185906304 -5.84628479086649 -4.38461849453126
2024-06-15T04:11:42.000 -5719.704602618620 475.000660324201 -3639.134946007460 2.30263732286852 -5.84750749558875 -4.37536725137854
2024-06-15T04:11:44.000 -5715.084812320440 463.304447372300 -3647.876410747760 2.31715100568822 -5.84870050694062 -4.36609378980675
2024-06-15T04:11:46.000 -5710.436006498860 451.605878095800 -3656.599306386060 2.33165283403008 -5.84986381925548 -4.35679815729798
2024-06-15T04:11:48.000 -5705.758208936260 439.905011898316 -3665.303588628060 2.34614273446650 -5.85099742701855 -4.34748040144499
2024-06-15T04:11:50.000 -5701.051443561840 428.201908194339 -3673.989213274750 2.36062063363473 -5.85210132486683 -4.33814056995092
2024-06-15T04:11:52.000 -5696.315734451430 416.496626408936 -3682.656136222640 2.37508645823723 -5.85317550758913 -4.32877871062888
2024-06-15T04:11:54.000 -5691.551105827420 404.789225977443 -3691.304313463990 2.38954013504209 -5.85421997012600 -4.31939487140168
2024-06-15T04:11:56.000 -5686.757582058580 393.079766345164 -3699.933701087000 2.40398159088339 -5.85523470756972 -4.30998910030150
2024-06-15T04:11:58.000 -5681.935187659930 381.368306967067 -3708.544255276040 2.41841075266153 -5.85621971516426 -4.30056144546953
2024-06-15T04:12:00.000 -5677.083947292660 369.654907307479 -3717.135932311880 2.43282754734367 -5.85717498830522 -4.29111195515566
2024-06-15T04:12:02.000 -5672.203885763930 357.939626839787 -3725.708688571910 2.44723190196404 -5.85810052253984 -4.28164067771818
2024-06-15T04:12:04.000 -5667.295028026780 346.222525046128 -3734.262480530320 2.46162374362429 -5.85899631356692 -4.27214766162344
2024-06-15T04:12:06.000 -5662.357399179960 334.503661417094 -3742.797264758350 2.47600299949388 -5.85986235723678 -4.26263295544554
2024-06-15T04:12:08.000 -5657.391024467840 322.783095451421 -3751.312997924490 2.49036959681038 -5.86069864955125 -4.25309660786599
2024-06-15T04:12:10.000 -5652.395929280220 311.060886655694 -3759.809636794730 2.50472346287987 -5.86150518666359 -4.24353866767347
2024-06-15T04:12:12.000 -5647.372139152240 299.337094544035 -3768.287138232710 2.51906452507724 -5.86228196487847 -4.23395918376345
2024-06-15T04:12:14.000 -5642.319679764200 287.611778637811 -3776.745459199970 2.53339271084652 -5.86302898065189 -4.22435820513792
2024-06-15T04:12:16.000 -5637.238576941460 275.884998465321 -3785.184556756180 2.54770794770125 -5.86374623059119 -4.21473578090510
2024-06-15T04:12:18.000 -5632.128856654280 264.156813561500 -3793.604388059330 2.56201016322479 -5.86443371145496 -4.20509196027910
2024-06-15T04:12:20.000 -5626.990545017680 252.427283467615 -3802.004910365920 2.57629928507066 -5.86509142015299 -4.19542679257969
2024-06-15T04:12:22.000 -5621.823668291310 240.696467730961 -3810.386081031210 2.59057524096285 -5.86571935374628 -4.18574032723194
2024-06-15T04:12:24.000 -5616.628252879270 228.964425904561 -3818.747857509430 2.60483795869615 -5.86631750944691 -4.17603261376600
2024-06-15T04:12:26.000 -5611.404325330050 217.231217546863 -3827.090197353950 2.61908736613650 -5.86688588461807 -4.16630370181677
2024-06-15T04:12:28.000 -5606.151912336300 205.496902221436 -3835.413058217530 2.63332339122127 -5.86742447677395 -4.15655364112363
2024-06-15T04:12:30.000 -5600.871040734730 193.761539496671 -3843.716397852510 2.64754596195963 -5.86793328357976 -4.14678248153016
2024-06-15T04:12:32.000 -5595.561737505970 182.025188945476 -3852.000174111010 2.66175500643281 -5.86841230285162 -4.13699027298389
2024-06-15T04:12:34.000 -5590.224029774410 170.287910144979 -3860.264344945180 2.67595045279448 -5.86886153255655 -4.12717706553598
2024-06-15T04:12:36.000 -5584.857944808050 158.549762676219 -3868.508868407330 2.69013222927103 -5.86928097081242 -4.11734290934100
2024-06-15T04:12:38.000 -5579.463510018390 146.810806123853 -3876.733702650210 2.70430026416193 -5.86967061588792 -4.10748785465663
2024-06-15T04:12:40.000 -5574.040752960220 135.071100075845 -3884.938805927200 2.71845448583998 -5.87003046620247 -4.09761195184340
2024-06-15T04:12:42.000 -5568.589701331540 123.330704123173 -3893.124136592470 2.73259482275171 -5.87036052032623 -4.08771525136446
2024-06-15T04:12:44.000 -5563.110382973370 111.589677859523 -3901.289653101250 2.74672120341765 -5.87066077698000 -4.07779780378526
2024-06-15T04:12:46.000 -5557.602825869640 99.848080880989 -3909.435314009990 2.76083355643265 -5.87093123503524 -4.06785965977333
2024-06-15T04:12:48.000 -5552.067058146970 88.105972785770 -3917.561077976570 2.77493181046623 -5.87117189351398 -4.05790087009803
2024-06-15T04:12:50.000 -5546.503108074600 76.363413173872 -3925.666903760520 2.78901589426288 -5.87138275158879 -4.04792148563026
2024-06-15T04:12:52.000 -5540.911004064200 64.620461646805 -3933.752750223210 2.80308573664240 -5.87156380858274 -4.03792155734225
2024-06-15T04:12:54.000 -5535.290774669710 52.877177807283 -3941.818576328050 2.81714126650019 -5.87171506396934 -4.02790113630726
2024-06-15T04:12:56.000 -5529.642448587230 41.133621258920 -3949.864341140720 2.83118241280762 -5.87183651737254 -4.01786027369937
2024-06-15T04:12:58.000 -5523.966054654820 29.389851605936 -3957.890003829320 2.84520910461230 -5.87192816856664 -4.00779902079318
2024-06-15T04:13:00.000 -5518.261621852370 17.645928452847 -3965.895523664610 2.85922127103847 -5.87199001747628 -3.99771742896362
2024-06-15T04:13:02.000 -5512.529179301450 5.901911404173 -3973.880860020200 2.87321884128728 -5.87202206417636 -3.98761554968565
2024-06-15T04:13:04.000 -5506.768756265150 -5.842139935866 -3981.845972372760 2.88720174463712 -5.87202430889205 -3.97749343453403
2024-06-15T04:13:06.000 -5500.980382147930 -17.586165963652 -3989.790820302200 2.90116991044399 -5.87199675199871 -3.96735113518308
2024-06-15T04:13:08.000 -5495.164086495450 -29.330107076468 -3997.715363491880 2.91512326814177 -5.87193939402183 -3.95718870340641
2024-06-15T04:13:10.000 -5489.319898994430 -41.073903672797 -4005.619561728790 2.92906174724260 -5.87185223563706 -3.94700619107668
2024-06-15T04:13:12.000 -5483.447849472490 -52.817496152625 -4013.503374903790 2.94298527733719 -5.87173527767006 -3.93680365016535
2024-06-15T04:13:14.000 -5477.547967897980 -64.560824917737 -4021.366763011780 2.95689378809515 -5.87158852109656 -3.92658113274243
2024-06-15T04:13:16.000 -5471.620284379830 -76.303830372021 -4029.209686151870 2.97078720926533 -5.87141196704224 -3.91633869097623
2024-06-15T04:13:18.000 -5465.664829167420 -88.046452921766 -4037.032104527630 2.98466547067616 -5.87120561678273 -3.90607637713312
2024-06-15T04:13:20.000 -5459.681632650360 -99.788632975962 -4044.833978447250 2.99852850223595 -5.87096947174353 -3.89579424357725
2024-06-15T04:13:22.000 -5453.670725358390 -111.530310946600 -4052.615268323770 3.01237623393327 -5.87070353350000 -3.88549234277034
2024-06-15T04:13:24.000 -5447.632137961160 -123.271427248972 -4060.375934675210 3.02620859583727 -5.87040780377729 -3.87517072727137
2024-06-15T04:13:26.000 -5441.565901268140 -135.011922301970 -4068.115938124830 3.04002551809797 -5.87008228445028 -3.86482944973639
2024-06-15T04:13:28.000 -5435.472046228380 -146.751736528384 -4075.835239401290 3.05382693094668 -5.86972697754357 -3.85446856291823
2024-06-15T04:13:30.000 -5429.350603930420 -158.490810355204 -4083.533799338870 3.06761276469623 -5.86934188523142 -3.84408811966623
2024-06-15T04:13:32.000 -5423.201605602070 -170.229084213918 -4091.211578877630 3.08138294974142 -5.86892700983768 -3.83368817292604
2024-06-15T04:13:34.000 -5417.025082610270 -181.966498540812 -4098.868539063610 3.09513741655924 -5.86848235383576 -3.82326877573931
2024-06-15T04:13:36.000 -5410.821066460940 -193.702993777268 -4106.504641049050 3.10887609570929 -5.86800791984858 -3.81282998124344
2024-06-15T04:13:38.000 -5404.589588798790 -205.438510370061 -4114.119846092530 3.12259891783407 -5.86750371064851 -3.80237184267135
2024-06-15T04:13:40.000 -5398.330681407140 -217.172988771664 -4121.714115559230 3.13630581365932 -5.86696972915736 -3.79189441335120
2024-06-15T04:13:42.000 -5392.044376207810 -228.906369440541 -4129.287410921050 3.14999671399436 -5.86640597844626 -3.78139774670613
2024-06-15T04:13:44.000 -5385.730705260900 -240.638592841447 -4136.839693756850 3.16367154973241 -5.86581246173569 -3.77088189625401
2024-06-15T04:13:46.000 -5379.389700764630 -252.369599445727 -4144.370925752600 3.17733025185092 -5.86518918239536 -3.76034691560714
2024-06-15T04:13:48.000 -5373.021395055200 -264.099329731617 -4151.881068701620 3.19097275141192 -5.86453614394422 -3.74979285847207
2024-06-15T04:13:50.000 -5366.625820606590 -275.827724184539 -4159.370084504700 3.20459897956231 -5.86385335005036 -3.73921977864923
2024-06-15T04:13:52.000 -5360.203010030410 -287.554723297399 -4166.837935170350 3.21820886753413 -5.86314080453104 -3.72862773003280
2024-06-15T04:13:54.000 -5353.752996075700 -299.280267570887 -4174.284582814960 3.23180234664509 -5.86239851135252 -3.71801676661029
2024-06-15T04:13:56.000 -5347.275811628800 -311.004297513776 -4181.709989662970 3.24537934829880 -5.86162647463009 -3.70738694246232
2024-06-15T04:13:58.000 -5340.771489713150 -322.726753643218 -4189.114118047100 3.25893980398502 -5.86082469862802 -3.69673831176240
2024-06-15T04:14:00.000 -5334.240063489120 -334.447576485040 -4196.496930408490 3.27248364528002 -5.85999318775951 -3.68607092877666
2024-06-15T04:14:02.000 -5327.681566253850 -346.166706574049 -4203.858389296920 3.28601080384691 -5.85913194658663 -3.67538484786357
2024-06-15T04:14:04.000 -5321.096031441050 -357.884084454321 -4211.198457370960 3.29952121143595 -5.85824097982029 -3.66468012347364
2024-06-15T04:14:06.000 -5314.483492620870 -369.599650679505 -4218.517097398190 3.31301479988491 -5.85732029232018 -3.65395681014917
2024-06-15T04:14:08.000 -5307.843983499660 -381.313345813115 -4225.814272255360 3.32649150111933 -5.85636988909473 -3.64321496252400
2024-06-15T04:14:10.000 -5301.177537919860 -393.025110428835 -4233.089944928570 3.33995124715290 -5.85538977530108 -3.63245463532321
2024-06-15T04:14:12.000 -5294.484189859780 -404.734885110808 -4240.344078513470 3.35339397008774 -5.85437995624502 -3.62167588336285
2024-06-15T04:14:14.000 -5287.763973433450 -416.442610453940 -4247.576636215450 3.36681960211470 -5.85334043738096 -3.61087876154968
2024-06-15T04:14:16.000 -5281.016922890410 -428.148227064192 -4254.787581349770 3.38022807551375 -5.85227122431188 -3.60006332488088
2024-06-15T04:14:18.000 -5274.243072615570 -439.851675558882 -4261.976877341790 3.39361932265419 -5.85117232278931 -3.58922962844379
2024-06-15T04:14:20.000 -5267.442457129000 -451.552896566977 -4269.144487727150 3.40699327599507 -5.85004373871326 -3.57837772741562
2024-06-15T04:14:22.000 -5260.615111085760 -463.251830729395 -4276.290376151900 3.42034986808543 -5.84888547813223 -3.56750767706319
2024-06-15T04:14:24.000 -5253.761069275730 -474.948418699297 -4283.414506372750 3.43368903156463 -5.84769754724312 -3.55661953274263
2024-06-15T04:14:26.000 -5246.880366623420 -486.642601142389 -4290.516842257190 3.44701069916269 -5.84647995239124 -3.54571334989911
2024-06-15T04:14:28.000 -5239.973038187790 -498.334318737213 -4297.597347783690 3.46031480370059 -5.84523270007026 -3.53478918406660
2024-06-15T04:14:30.000 -5233.039119162050 -510.023512175448 -4304.655987041880 3.47360127809056 -5.84395579692217 -3.52384709086751
2024-06-15T04:14:32.000 -5226.078644873520 -521.710122162207 -4311.692724232720 3.48687005533643 -5.84264924973727 -3.51288712601247
2024-06-15T04:14:34.000 -5219.091650783410 -533.394089416329 -4318.707523668690 3.50012106853389 -5.84131306545411 -3.50190934530003
2024-06-15T04:14:36.000 -5212.078172486630 -545.075354670679 -4325.700349773940 3.51335425087089 -5.83994725115951 -3.49091380461639
2024-06-15T04:14:38.000 -5205.038245711650 -556.753858672446 -4332.671167084480 3.52656953562786 -5.83855181408845 -3.47990055993506
2024-06-15T04:14:40.000 -5197.971906320260 -568.429542183434 -4339.619940248380 3.53976685617808 -5.83712676162415 -3.46886966731667
2024-06-15T04:14:42.000 -5190.879190307430 -580.102345980364 -4346.546634025890 3.55294614598797 -5.83567210129794 -3.45782118290858
2024-06-15T04:14:44.000 -5183.760133801100 -591.772210855168 -4353.451213289640 3.56610733861742 -5.83418784078929 -3.44675516294466
2024-06-15T04:14:46.000 -5176.614773061980 -603.439077615282 -4360.333643024840 3.57925036772011 -5.83267398792580 -3.43567166374496
2024-06-15T04:14:48.000 -5169.443144483410 -615.102887083948 -4367.193888329400 3.59237516704379 -5.83113055068312 -3.42457074171547
2024-06-15T04:14:50.000 -5162.245284591100 -626.763580100507 -4374.031914414140 3.60548167043063 -5.82955753718497 -3.41345245334775
2024-06-15T04:14:52.000 -5155.021230043020 -638.421097520696 -4380.847686602950 3.61856981181752 -5.82795495570307 -3.40231685521871
2024-06-15T04:14:54.000 -5147.771017629140 -650.075380216940 -4387.641170332950 3.63163952523641 -5.82632281465717 -3.39116400399025
2024-06-15T04:14:56.000 -5140.494684271300 -661.726369078657 -4394.412331154670 3.64469074481459 -5.82466112261500 -3.37999395640901
2024-06-15T04:14:58.000 -5133.192267022970 -673.374005012543 -4401.161134732240 3.65772340477505 -5.82296988829220 -3.36880676930605
2024-06-15T04:15:00.000 -5125.863803069070 -685.018228942878 -4407.887546843490 3.67073743943675 -5.82124912055236 -3.35760249959654
2024-06-15T04:15:02.000 -5118.509329725810 -696.658981811812 -4414.591533380210 3.68373278321500 -5.81949882840697 -3.34638120427947
2024-06-15T04:15:04.000 -5111.128884440460 -708.296204579671 -4421.273060348260 3.69670937062174 -5.81771902101537 -3.33514294043733
2024-06-15T04:15:06.000 -5103.722504791170 -719.929838225245 -4427.932093867720 3.70966713626585 -5.81590970768473 -3.32388776523583
2024-06-15T04:15:08.000 -5096.290228486770 -731.559823746084 -4434.568600173130 3.72260601485352 -5.81407089787002 -3.31261573592355
2024-06-15T04:15:10.000 -5088.832093366590 -743.186102158801 -4441.182545613560 3.73552594118852 -5.81220260117400 -3.30132690983166
2024-06-15T04:15:12.000 -5081.348137400250 -754.808614499356 -4447.773896652870 3.74842685017257 -5.81030482734713 -3.29002134437359
2024-06-15T04:15:14.000 -5073.838398687470 -766.427301823364 -4454.342619869810 3.76130867680562 -5.80837758628758 -3.27869909704473
2024-06-15T04:15:16.000 -5066.302915457870 -778.042105206379 -4460.888681958190 3.77417135618619 -5.80642088804116 -3.26736022542209
2024-06-15T04:15:18.000 -5058.741726070760 -789.652965744196 -4467.412049727070 3.78701482351170 -5.80443474280132 -3.25600478716400
2024-06-15T04:15:20.000 -5051.154869014990 -801.259824553146 -4473.912690100910 3.79983901407879 -5.80241916090904 -3.24463284000980
2024-06-15T04:15:22.000 -5043.542382908690 -812.862622770387 -4480.390570119720 3.81264386328365 -5.80037415285284 -3.23324444177948
2024-06-15T04:15:24.000 -5035.904306499110 -824.461301554202 -4486.845656939240 3.82542930662229 -5.79829972926869 -3.22183965037339
2024-06-15T04:15:26.000 -5028.240678662390 -836.055802084295 -4493.277917831090 3.83819527969096 -5.79619590093999 -3.21041852377189
2024-06-15T04:15:28.000 -5020.551538403390 -847.646065562083 -4499.687320182910 3.85094171818636 -5.79406267879748 -3.19898112003506
2024-06-15T04:15:30.000 -5012.836924855490 -859.232033210991 -4506.073831498560 3.86366855790606 -5.79190007391920 -3.18752749730232
2024-06-15T04:15:32.000 -5005.096877280360 -870.813646276749 -4512.437419398260 3.87637573474874 -5.78970809753041 -3.17605771379214
2024-06-15T04:15:34.000 -4997.331435067750 -882.390846027684 -4518.778051618740 3.88906318471457 -5.78748676100356 -3.16457182780171
2024-06-15T04:15:36.000 -4989.540637735350 -893.963573755015 -4525.095696013400 3.90173084390549 -5.78523607585815 -3.15306989770658
2024-06-15T04:15:38.000 -4981.724524928510 -905.531770773145 -4531.390320552460 3.91437864852553 -5.78295605376073 -3.14155198196035
2024-06-15T04:15:40.000 -4973.883136420090 -917.095378419962 -4537.661893323160 3.92700653488113 -5.78064670652477 -3.13001813909434
2024-06-15T04:15:42.000 -4966.016512110230 -928.654338057122 -4543.910382529830 3.93961443938147 -5.77830804611059 -3.11846842771722
2024-06-15T04:15:44.000 -4958.124692026130 -940.208591070354 -4550.135756494140 3.95220229853875 -5.77594008462530 -3.10690290651474
2024-06-15T04:15:46.000 -4950.207716321890 -951.758078869742 -4556.337983655180 3.96477004896851 -5.77354283432267 -3.09532163424935
2024-06-15T04:15:48.000 -4942.265625278270 -963.302742890030 -4562.517032569650 3.97731762738995 -5.77111630760304 -3.08372466975987
2024-06-15T04:15:50.000 -4934.298459302460 -974.842524590904 -4568.672871912010 3.98984497062621 -5.76866051701325 -3.07211207196116
2024-06-15T04:15:52.000 -4926.306258927940 -986.377365457295 -4574.805470474620 4.00235201560469 -5.76617547524654 -3.06048389984380
2024-06-15T04:15:54.000 -4918.289064814190 -997.907206999662 -4580.914797167880 4.01483869935736 -5.76366119514239 -3.04884021247377
2024-06-15T04:15:56.000 -4910.246917746570 -1009.431990754290 -4587.000821020440 4.02730495902100 -5.76111768968647 -3.03718106899205
2024-06-15T04:15:58.000 -4902.179858636010 -1020.951658283590 -4593.063511179250 4.03975073183759 -5.75854497201051 -3.02550652861437
2024-06-15T04:16:00.000 -4894.087928518890 -1032.466151176370 -4599.102836909820 4.05217595515449 -5.75594305539218 -3.01381665063084
2024-06-15T04:16:02.000 -4885.971168556760 -1043.975411048140 -4605.118767596280 4.06458056642482 -5.75331195325495 -3.00211149440564
2024-06-15T04:16:04.000 -4877.829620036180 -1055.479379541420 -4611.111272741570 4.07696450320768 -5.75065167916802 -2.99039111937666
2024-06-15T04:16:06.000 -4869.663324368480 -1066.977998325990 -4617.080321967590 4.08932770316847 -5.74796224684614 -2.97865558505521
2024-06-15T04:16:08.000 -4861.472323089540 -1078.471209099220 -4623.025885015320 4.10167010407916 -5.74524367014952 -2.96690495102570
2024-06-15T04:16:10.000 -4853.256657859610 -1089.958953586340 -4628.947931744990 4.11399164381856 -5.74249596308369 -2.95513927694528
2024-06-15T04:16:12.000 -4845.016370463060 -1101.441173540740 -4634.846432136220 4.12629226037258 -5.73971913979935 -2.94335862254357
2024-06-15T04:16:14.000 -4836.751502808190 -1112.917810744250 -4640.721356288150 4.13857189183452 -5.73691321459226 -2.93156304762229
2024-06-15T04:16:16.000 -4828.462096926990 -1124.388807007450 -4646.572674419610 4.15083047640533 -5.73407820190311 -2.91975261205502
2024-06-15T04:16:18.000 -4820.148194974960 -1135.854104169930 -4652.400356869230 4.16306795239385 -5.73121411631733 -2.90792737578682
2024-06-15T04:16:20.000 -4811.809839230860 -1147.313644100600 -4658.204374095630 4.17528425821712 -5.72832097256503 -2.89608739883395
2024-06-15T04:16:22.000 -4803.447072096520 -1158.767368697990 -4663.984696677500 4.18747933240056 -5.72539878552079 -2.88423274128358
2024-06-15T04:16:24.000 -4795.059936096600 -1170.215219890500 -4669.741295313800 4.19965311357830 -5.72244757020355 -2.87236346329345
2024-06-15T04:16:26.000 -4786.648473878380 -1181.657139636730 -4675.474140823870 4.21180554049338 -5.71946734177648 -2.86047962509161
2024-06-15T04:16:28.000 -4778.212728211560 -1193.093069925740 -4681.183204147560 4.22393655199801 -5.71645811554682 -2.84858128697611
2024-06-15T04:16:30.000 -4769.752741988020 -1204.522952777350 -4686.868456345410 4.23604608705382 -5.71341990696573 -2.83666850931471
2024-06-15T04:16:32.000 -4761.268558221600 -1215.946730242430 -4692.529868598740 4.24813408473208 -5.71035273162817 -2.82474135254456
2024-06-15T04:16:34.000 -4752.760220047900 -1227.364344403180 -4698.167412209850 4.26020048421399 -5.70725660527277 -2.81279987717198
2024-06-15T04:16:36.000 -4744.227770724020 -1238.775737373420 -4703.781058602080 4.27224522479086 -5.70413154378165 -2.80084414377212
2024-06-15T04:16:38.000 -4735.671253628400 -1250.180851298890 -4709.370779320010 4.28426824586436 -5.70097756318030 -2.78887421298869
2024-06-15T04:16:40.000 -4727.090712260560 -1261.579628357510 -4714.936546029580 4.29626948694678 -5.69779467963746 -2.77689014553372
2024-06-15T04:16:42.000 -4718.486190240860 -1272.972010759690 -4720.478330518220 4.30824888766122 -5.69458290946496 -2.76489200218724
2024-06-15T04:16:44.000 -4709.857731310340 -1284.357940748590 -4725.996104694970 4.32020638774185 -5.69134226911762 -2.75287984379704
2024-06-15T04:16:46.000 -4701.205379330420 -1295.737360600440 -4731.489840590650 4.33214192703413 -5.68807277519305 -2.74085373127840
2024-06-15T04:16:48.000 -4692.529178282760 -1307.110212624800 -4736.959510357980 4.34405544549502 -5.68477444443162 -2.72881372561381
2024-06-15T04:16:50.000 -4683.829172268960 -1318.476439164860 -4742.405086271710 4.35594688319324 -5.68144729371623 -2.71675988785272
2024-06-15T04:16:52.000 -4675.105405510380 -1329.835982597710 -4747.826540728740 4.36781618030945 -5.67809134007225 -2.70469227911130
2024-06-15T04:16:54.000 -4666.357922347910 -1341.188785334640 -4753.223846248290 4.37966327713652 -5.67470660066741 -2.69261096057215
2024-06-15T04:16:56.000 -4657.586767241760 -1352.534789821410 -4758.596975471990 4.39148811407970 -5.67129309281161 -2.68051599348405
2024-06-15T04:16:58.000 -4648.791984771170 -1363.873938538550 -4763.945901164070 4.40329063165692 -5.66785083395688 -2.66840743916175
2024-06-15T04:17:00.000 -4639.973619634290 -1375.206174001630 -4769.270596211400 4.41507077049892 -5.66437984169723 -2.65628535898568
2024-06-15T04:17:02.000 -4631.131716647840 -1386.531438761550 -4774.571033623730 4.42682847134955 -5.66088013376853 -2.64414981440169
2024-06-15T04:17:04.000 -4622.266320746980 -1397.849675404840 -4779.847186533740 4.43856367506597 -5.65735172804844 -2.63200086692086
2024-06-15T04:17:06.000 -4613.377476985020 -1409.160826553900 -4785.099028197200 4.45027632261886 -5.65379464255630 -2.61983857811920
2024-06-15T04:17:08.000 -4604.465230533230 -1420.464834867320 -4790.326531993100 4.46196635509265 -5.65020889545301 -2.60766300963744
2024-06-15T04:17:10.000 -4595.529626680570 -1431.761643040160 -4795.529671423770 4.47363371368577 -5.64659450504095 -2.59547422318077
2024-06-15T04:17:12.000 -4586.570710833530 -1443.051193804240 -4800.708420115020 4.48527833971085 -5.64295148976389 -2.58327228051858
2024-06-15T04:17:14.000 -4577.588528515830 -1454.333429928360 -4805.862751816260 4.49690017459498 -5.63927986820690 -2.57105724348428
2024-06-15T04:17:16.000 -4568.583125368220 -1465.608294218690 -4810.992640400630 4.50849915987989 -5.63557965909627 -2.55882917397499
2024-06-15T04:17:18.000 -4559.554547148270 -1476.875729518960 -4816.098059865150 4.52007523722224 -5.63185088129943 -2.54658813395133
2024-06-15T04:17:20.000 -4550.502839730120 -1488.135678710770 -4821.178984330780 4.53162834839383 -5.62809355382487 -2.53433418543716
2024-06-15T04:17:22.000 -4541.428049104220 -1499.388084713900 -4826.235388042620 4.54315843528182 -5.62430769582207 -2.52206739051936
2024-06-15T04:17:24.000 -4532.330221377180 -1510.632890486560 -4831.267245370020 4.55466543988899 -5.62049332658143 -2.50978781134758
2024-06-15T04:17:26.000 -4523.209402771440 -1521.870039025680 -4836.274530806650 4.56614930433398 -5.61665046553420 -2.49749551013396
2024-06-15T04:17:28.000 -4514.065639625130 -1533.099473367200 -4841.257218970710 4.57760997085152 -5.61277913225241 -2.48519054915294
2024-06-15T04:17:30.000 -4504.898978391760 -1544.321136586340 -4846.215284604980 4.58904738179268 -5.60887934644885 -2.47287299074094
2024-06-15T04:17:32.000 -4495.709465640030 -1555.534971797880 -4851.148702576980 4.60046147962513 -5.60495112797695 -2.46054289729620
2024-06-15T04:17:34.000 -4486.497148053610 -1566.740922156460 -4856.057447879110 4.61185220693335 -5.60099449683078 -2.44820033127842
2024-06-15T04:17:36.000 -4477.262072430850 -1577.938930856840 -4860.941495628730 4.62321950641894 -5.59700947314495 -2.43584535520860
2024-06-15T04:17:38.000 -4468.004285684610 -1589.128941134200 -4865.800821068300 4.63456332090083 -5.59299607719461 -2.42347803166873
2024-06-15T04:17:40.000 -4458.723834841960 -1600.310896264390 -4870.635399565520 4.64588359331556 -5.58895432939536 -2.41109842330153
2024-06-15T04:17:42.000 -4449.420767044020 -1611.484739564250 -4875.445206613420 4.65718026671751 -5.58488425030322 -2.39870659281020
2024-06-15T04:17:44.000 -4440.095129545660 -1622.650414391870 -4880.230217830510 4.66845328427919 -5.58078586061460 -2.38630260295816
2024-06-15T04:17:46.000 -4430.746969715270 -1633.807864146860 -4884.990408960890 4.67970258929150 -5.57665918116622 -2.37388651656876
2024-06-15T04:17:48.000 -4421.376335034590 -1644.957032270670 -4889.725755874350 4.69092812516398 -5.57250423293510 -2.36145839652502
2024-06-15T04:17:50.000 -4411.983273098360 -1656.097862246820 -4894.436234566520 4.70212983542509 -5.56832103703851 -2.34901830576934
2024-06-15T04:17:52.000 -4402.567831614200 -1667.230297601220 -4899.121821158950 4.71330766372247 -5.56410961473391 -2.33656630730324
2024-06-15T04:17:54.000 -4393.130058402270 -1678.354281902420 -4903.782491899300 4.72446155382323 -5.55986998741895 -2.32410246418706
2024-06-15T04:17:56.000 -4383.670001395110 -1689.469758761910 -4908.418223161350 4.73559144961420 -5.55560217663139 -2.31162683953968
2024-06-15T04:17:58.000 -4374.187708637360 -1700.576671834410 -4913.028991445220 4.74669729510222 -5.55130620404907 -2.29913949653822
2024-06-15T04:18:00.000 -4364.683228285490 -1711.674964818120 -4917.614773377420 4.75777903441441 -5.54698209148988 -2.28664049841775
2024-06-15T04:18:02.000 -4355.156608607650 -1722.764581455020 -4922.175545711000 4.76883661179846 -5.54262986091172 -2.27412990847102
2024-06-15T04:18:04.000 -4345.607897983340 -1733.845465531150 -4926.711285325650 4.77986997162289 -5.53824953441243 -2.26160779004809
2024-06-15T04:18:06.000 -4336.037144903210 -1744.917560876880 -4931.221969227810 4.79087905837735 -5.53384113422979 -2.24907420655609
2024-06-15T04:18:08.000 -4326.444397968810 -1755.980811367190 -4935.707574550800 4.80186381667289 -5.52940468274143 -2.23652922145889
2024-06-15T04:18:10.000 -4316.829705892340 -1767.035160921980 -4940.168078554920 4.81282419124224 -5.52494020246483 -2.22397289827679
2024-06-15T04:18:12.000 -4307.193117496420 -1778.080553506300 -4944.603458627570 4.82376012694012 -5.52044771605721 -2.21140530058616
2024-06-15T04:18:14.000 -4297.534681713850 -1789.116933130650 -4949.013692283350 4.83467156874349 -5.51592724631556 -2.19882649201921
2024-06-15T04:18:16.000 -4287.854447587320 -1800.144243851290 -4953.398757164190 4.84555846175186 -5.51137881617651 -2.18623653626359
2024-06-15T04:18:18.000 -4278.152464269220 -1811.162429770470 -4957.758631039440 4.85642075118755 -5.50680244871634 -2.17363549706210
2024-06-15T04:18:20.000 -4268.428781021390 -1822.171435036750 -4962.093291806000 4.86725838239602 -5.50219816715088 -2.16102343821236
2024-06-15T04:18:22.000 -4258.683447214810 -1833.171203845240 -4966.402717488420 4.87807130084611 -5.49756599483547 -2.14840042356646
2024-06-15T04:18:24.000 -4248.916512329450 -1844.161680437920 -4970.686886239010 4.88885945213035 -5.49290595526489 -2.13576651703067
2024-06-15T04:18:26.000 -4239.128025953930 -1855.142809103880 -4974.945776337920 4.89962278196525 -5.48821807207331 -2.12312178256506
2024-06-15T04:18:28.000 -4229.318037785330 -1866.114534179640 -4979.179366193320 4.91036123619156 -5.48350236903419 -2.11046628418318
2024-06-15T04:18:30.000 -4219.486597628930 -1877.076800049390 -4983.387634341420 4.92107476077459 -5.47875887006026 -2.09780008595173
2024-06-15T04:18:32.000 -4209.633755397940 -1888.029551145290 -4987.570559446640 4.93176330180450 -5.47398759920340 -2.08512325199022
2024-06-15T04:18:34.000 -4199.759561113270 -1898.972731947740 -4991.728120301680 4.94242680549653 -5.46918858065457 -2.07243584647060
2024-06-15T04:18:36.000 -4189.864064903280 -1909.906286985670 -4995.860295827630 4.95306521819136 -5.46436183874375 -2.05973793361695
2024-06-15T04:18:38.000 -4179.947317003530 -1920.830160836780 -4999.967065074110 4.96367848635533 -5.45950739793986 -2.04702957770513
2024-06-15T04:18:40.000 -4170.009367756490 -1931.744298127900 -5004.048407219300 4.97426655658077 -5.45462528285063 -2.03431084306242
2024-06-15T04:18:42.000 -4160.050267611350 -1942.648643535160 -5008.104301570120 4.98482937558628 -5.44971551822256 -2.02158179406718
2024-06-15T04:18:44.000 -4150.070067123730 -1953.543141784350 -5012.134727562280 4.99536689021697 -5.44477812894078 -2.00884249514852
2024-06-15T04:18:46.000 -4140.068816955420 -1964.427737651160 -5016.139664760420 5.00587904744482 -5.43981314002898 -1.99609301078592
2024-06-15T04:18:48.000 -4130.046567874160 -1975.302375961480 -5020.119092858150 5.01636579436889 -5.43482057664932 -1.98333340550893
2024-06-15T04:18:50.000 -4120.003370753340 -1986.167001591650 -5024.072991678230 5.02682707821563 -5.42980046410228 -1.97056374389679
2024-06-15T04:18:52.000 -4109.939276571780 -1997.021559468740 -5028.001341172600 5.03726284633920 -5.42475282782661 -1.95778409057807
2024-06-15T04:18:54.000 -4099.854336413480 -2007.865994570850 -5031.904121422520 5.04767304622168 -5.41967769339915 -1.94499451023040
2024-06-15T04:18:56.000 -4089.748601467320 -2018.700251927370 -5035.781312638650 5.05805762547340 -5.41457508653478 -1.93219506758002
2024-06-15T04:18:58.000 -4079.622123026850 -2029.524276619260 -5039.632895161150 5.06841653183324 -5.40944503308625 -1.91938582740152
2024-06-15T04:19:00.000 -4069.474952490000 -2040.338013779320 -5043.458849459790 5.07874971316883 -5.40428755904411 -1.90656685451746
2024-06-15T04:19:02.000 -4059.307141358860 -2051.141408592460 -5047.259156134000 5.08905711747694 -5.39910269053652 -1.89373821379803
2024-06-15T04:19:04.000 -4049.118741239370 -2061.934406296000 -5051.033795913030 5.09933869288367 -5.39389045382918 -1.88089997016074
2024-06-15T04:19:06.000 -4038.909803841090 -2072.716952179910 -5054.782749656000 5.10959438764477 -5.38865087532515 -1.86805218857001
2024-06-15T04:19:08.000 -4028.680380976960 -2083.488991587120 -5058.505998352020 5.11982415014592 -5.38338398156476 -1.85519493403692
2024-06-15T04:19:10.000 -4018.430524563010 -2094.250469913780 -5062.203523120230 5.13002792890301 -5.37808979922542 -1.84232827161880
2024-06-15T04:19:12.000 -4008.160286618090 -2105.001332609510 -5065.875305209970 5.14020567256243 -5.37276835512154 -1.82945226641894
2024-06-15T04:19:14.000 -3997.869719263640 -2115.741525177720 -5069.521326000810 5.15035732990133 -5.36741967620433 -1.81656698358623
2024-06-15T04:19:16.000 -3987.558874723420 -2126.470993175840 -5073.141567002690 5.16048284982790 -5.36204378956166 -1.80367248831485
2024-06-15T04:19:18.000 -3977.227805323250 -2137.189682215630 -5076.736009855940 5.17058218138169 -5.35664072241795 -1.79076884584390
2024-06-15T04:19:20.000 -3966.876563490700 -2147.897537963420 -5080.304636331450 5.18065527373385 -5.35121050213398 -1.77785612145713
2024-06-15T04:19:22.000 -3956.505201754910 -2158.594506140400 -5083.847428330710 5.19070207618746 -5.34575315620673 -1.76493438048254
2024-06-15T04:19:24.000 -3946.113772746260 -2169.280532522900 -5087.364367885900 5.20072253817774 -5.34026871226924 -1.75200368829210
2024-06-15T04:19:26.000 -3935.702329196140 -2179.955562942650 -5090.855437160010 5.21071660927241 -5.33475719809044 -1.73906411030141
2024-06-15T04:19:28.000 -3925.270923936640 -2190.619543287040 -5094.320618446880 5.22068423917195 -5.32921864157500 -1.72611571196938
2024-06-15T04:19:30.000 -3914.819609900360 -2201.272419499410 -5097.759894171330 5.23062537770986 -5.32365307076311 -1.71315855879789
2024-06-15T04:19:32.000 -3904.348440120070 -2211.914137579340 -5101.173246889210 5.24053997485298 -5.31806051383038 -1.70019271633146
2024-06-15T04:19:34.000 -3893.857467728480 -2222.544643582860 -5104.560659287510 5.25042798070174 -5.31244099908763 -1.68721825015698
2024-06-15T04:19:36.000 -3883.346745957970 -2233.163883622780 -5107.922114184450 5.26028934549051 -5.30679455498070 -1.67423522590330
2024-06-15T04:19:38.000 -3872.816328140310 -2243.771803868920 -5111.257594529520 5.27012401958781 -5.30112121009031 -1.66124370924098
2024-06-15T04:19:40.000 -3862.266267706410 -2254.368350548420 -5114.567083403610 5.27993195349666 -5.29542099313185 -1.64824376588194
2024-06-15T04:19:42.000 -3851.696618186030 -2264.953469945970 -5117.850564019080 5.28971309785483 -5.28969393295521 -1.63523546157912
2024-06-15T04:19:44.000 -3841.107433207520 -2275.527108404080 -5121.108019719830 5.29946740343515 -5.28394005854459 -1.62221886212619
2024-06-15T04:19:46.000 -3830.498766497540 -2286.089212323400 -5124.339433981380 5.30919482114579 -5.27815939901831 -1.60919403335722
2024-06-15T04:19:48.000 -3819.870671880820 -2296.639728162910 -5127.544790410960 5.31889530203056 -5.27235198362863 -1.59616104114631
2024-06-15T04:19:50.000 -3809.223203279850 -2307.178602440260 -5130.724072747610 5.32856879726918 -5.26651784176155 -1.58311995140735
2024-06-15T04:19:52.000 -3798.556414714630 -2317.705781731980 -5133.877264862210 5.33821525817758 -5.26065700293661 -1.57007083009361
2024-06-15T04:19:54.000 -3787.870360302400 -2328.221212673800 -5137.004350757600 5.34783463620819 -5.25476949680669 -1.55701374319747
2024-06-15T04:19:56.000 -3777.165094257330 -2338.724841960860 -5140.105314568630 5.35742688295024 -5.24885535315782 -1.54394875675007
2024-06-15T04:19:58.000 -3766.440670890310 -2349.216616348030 -5143.180140562270 5.36699195013003 -5.24291460190898 -1.53087593682099
2024-06-15T04:20:00.000 -3755.697144608610 -2359.696482650130 -5146.228813137660 5.37652978961119 -5.23694727311188 -1.51779534951790
2024-06-15T04:20:02.000 -3744.934569915660 -2370.164387742230 -5149.251316826190 5.38604035339504 -5.23095339695077 -1.50470706098627
2024-06-15T04:20:04.000 -3734.153001410740 -2380.620278559900 -5152.247636291580 5.39552359362079 -5.22493300374221 -1.49161113740899
2024-06-15T04:20:06.000 -3723.352493788700 -2391.064102099460 -5155.217756329940 5.40497946256589 -5.21888612393488 -1.47850764500607
2024-06-15T04:20:08.000 -3712.533101839720 -2401.495805418290 -5158.161661869890 5.41440791264627 -5.21281278810932 -1.46539665003426
2024-06-15T04:20:10.000 -3701.694880448990 -2411.915335635030 -5161.079337972560 5.42380889641662 -5.20671302697781 -1.45227821878678
2024-06-15T04:20:12.000 -3690.837884596470 -2422.322639929890 -5163.970769831740 5.43318236657067 -5.20058687138402 -1.43915241759292
2024-06-15T04:20:14.000 -3679.962169356570 -2432.717665544900 -5166.835942773880 5.44252827594149 -5.19443435230291 -1.42601931281771
2024-06-15T04:20:16.000 -3669.067789897910 -2443.100359784180 -5169.674842258220 5.45184657750171 -5.18825550084042 -1.41287897086160
2024-06-15T04:20:18.000 -3658.154801483030 -2453.470670014160 -5172.487453876830 5.46113722436382 -5.18205034823331 -1.39973145816008
2024-06-15T04:20:20.000 -3647.223259468090 -2463.828543663920 -5175.273763354680 5.47040016978041 -5.17581892584886 -1.38657684118336
2024-06-15T04:20:22.000 -3636.273219302610 -2474.173928225370 -5178.033756549710 5.47963536714446 -5.16956126518472 -1.37341518643599
2024-06-15T04:20:24.000 -3625.304736529200 -2484.506771253560 -5180.767419452930 5.48884276998955 -5.16327739786863 -1.36024656045653
2024-06-15T04:20:26.000 -3614.317866783220 -2494.827020366910 -5183.474738188430 5.49802233199014 -5.15696735565820 -1.34707102981719
2024-06-15T04:20:28.000 -3603.312665792590 -2505.134623247520 -5186.155699013500 5.50717400696181 -5.15063117044066 -1.33388866112347
2024-06-15T04:20:30.000 -3592.289189377430 -2515.429527641350 -5188.810288318650 5.51629774886147 -5.14426887423268 -1.32069952101379
2024-06-15T04:20:32.000 -3581.247493449800 -2525.711681358550 -5191.438492627720 5.52539351178766 -5.13788049918004 -1.30750367615917
2024-06-15T04:20:34.000 -3570.187634013430 -2535.981032273680 -5194.040298597920 5.53446124998068 -5.13146607755750 -1.29430119326281
2024-06-15T04:20:36.000 -3559.109667163450 -2546.237528326000 -5196.615693019900 5.54350091782290 -5.12502564176846 -1.28109213905976
2024-06-15T04:20:38.000 -3548.013649086030 -2556.481117519660 -5199.164662817800 5.55251246983893 -5.11855922434481 -1.26787658031658
2024-06-15T04:20:40.000 -3536.899636058200 -2566.711747924060 -5201.687195049340 5.56149586069582 -5.11206685794662 -1.25465458383092
2024-06-15T04:20:42.000 -3525.767684447480 -2576.929367673990 -5204.183276905850 5.57045104520331 -5.10554857536194 -1.24142621643120
2024-06-15T04:20:44.000 -3514.617850711650 -2587.133924969990 -5206.652895712360 5.57937797831395 -5.09900440950655 -1.22819154497621
2024-06-15T04:20:46.000 -3503.450191398430 -2597.325368078530 -5209.096038927640 5.58827661512338 -5.09243439342372 -1.21495063635477
2024-06-15T04:20:48.000 -3492.264763145210 -2607.503645332310 -5211.512694144280 5.59714691087042 -5.08583856028394 -1.20170355748535
2024-06-15T04:20:50.000 -3481.061622678740 -2617.668705130490 -5213.902849088720 5.60598882093731 -5.07921694338476 -1.18845037531570
2024-06-15T04:20:52.000 -3469.840826814900 -2627.820495938950 -5216.266491621330 5.61480230084983 -5.07256957615045 -1.17519115682250
2024-06-15T04:20:54.000 -3458.602432458330 -2637.958966290570 -5218.603609736460 5.62358730627751 -5.06589649213183 -1.16192596901099
2024-06-15T04:20:56.000 -3447.346496602240 -2648.084064785410 -5220.914191562510 5.63234379303373 -5.05919772500604 -1.14865487891457
2024-06-15T04:20:58.000 -3436.073076328010 -2658.195740091050 -5223.198225361970 5.64107171707588 -5.05247330857624 -1.13537795359450
2024-06-15T04:21:00.000 -3424.782228805010 -2668.293940942790 -5225.455699531470 5.64977103450552 -5.04572327677145 -1.12209526013949
2024-06-15T04:21:02.000 -3413.474011290240 -2678.378616143920 -5227.686602601850 5.65844170156848 -5.03894766364628 -1.10880686566536
2024-06-15T04:21:04.000 -3402.148481128060 -2688.449714565950 -5229.890923238210 5.66708367465502 -5.03214650338070 -1.09551283731468
2024-06-15T04:21:06.000 -3390.805695749910 -2698.507185148880 -5232.068650239970 5.67569691029990 -5.02531983027984 -1.08221324225641
2024-06-15T04:21:08.000 -3379.445712674040 -2708.550976901460 -5234.219772540890 5.68428136518251 -5.01846767877373 -1.06890814768556
2024-06-15T04:21:10.000 -3368.068589505150 -2718.581038901410 -5236.344279209180 5.69283699612701 -5.01159008341714 -1.05559762082284
2024-06-15T04:21:12.000 -3356.674383934180 -2728.597320295680 -5238.442159447490 5.70136376010234 -5.00468707888927 -1.04228172891427
2024-06-15T04:21:14.000 -3345.263153737980 -2738.599770300720 -5240.513402592990 5.70986161422242 -4.99775869999366 -1.02896053923092
2024-06-15T04:21:16.000 -3333.834956779020 -2748.588338202690 -5242.557998117420 5.71833051574614 -4.99080498165786 -1.01563411906850
2024-06-15T04:21:18.000 -3322.389851005120 -2758.562973357750 -5244.575935627150 5.72677042207751 -4.98382595893332 -1.00230253574704
2024-06-15T04:21:20.000 -3310.927894449140 -2768.523625192280 -5246.567204863200 5.73518129076569 -4.97682166699512 -0.98896585661060
2024-06-15T04:21:22.000 -3299.449145228700 -2778.470243203120 -5248.531795701300 5.74356307950509 -4.96979214114184 -0.97562414902688
2024-06-15T04:21:24.000 -3287.953661545870 -2788.402776957850 -5250.469698151940 5.75191574613543 -4.96273741679532 -0.96227748038696
2024-06-15T04:21:26.000 -3276.441501686910 -2798.321176095000 -5252.380902360420 5.76023924864179 -4.95565752950050 -0.94892591810491
2024-06-15T04:21:28.000 -3264.912724021960 -2808.225390324330 -5254.265398606890 5.76853354515471 -4.94855251492521 -0.93556952961756
2024-06-15T04:21:30.000 -3253.367387004770 -2818.115369427040 -5256.123177306390 5.77679859395021 -4.94142240886005 -0.92220838238412
2024-06-15T04:21:32.000 -3241.805549172360 -2827.991063256050 -5257.954229008910 5.78503435344986 -4.93426724721817 -0.90884254388592
2024-06-15T04:21:34.000 -3230.227269144790 -2837.852421736210 -5259.758544399430 5.79324078222085 -4.92708706603513 -0.89547208162608
2024-06-15T04:21:36.000 -3218.632605624830 -2847.699394864600 -5261.536114297930 5.80141783897603 -4.91988190146873 -0.88209706312926
2024-06-15T04:21:38.000 -3207.021617397660 -2857.531932710680 -5263.286929659480 5.80956548257397 -4.91265178979889 -0.86871755594130
2024-06-15T04:21:40.000 -3195.394363330640 -2867.349985416650 -5265.010981574270 5.81768367201903 -4.90539676742744 -0.85533362762901
2024-06-15T04:21:42.000 -3183.750902372930 -2877.153503197610 -5266.708261267640 5.82577236646139 -4.89811687087805 -0.84194534577985
2024-06-15T04:21:44.000 -3172.091293555270 -2886.942436341810 -5268.378760100110 5.83383152519714 -4.89081213679604 -0.82855277800163
2024-06-15T04:21:46.000 -3160.415595989650 -2896.716735210940 -5270.022469567440 5.84186110766833 -4.88348260194829 -0.81515599192230
2024-06-15T04:21:48.000 -3148.723868869050 -2906.476350240350 -5271.639381300690 5.84986107346301 -4.87612830322309 -0.80175505518965
2024-06-15T04:21:50.000 -3137.016171467100 -2916.221231939250 -5273.229487066210 5.85783138231533 -4.86874927763002 -0.78835003547102
2024-06-15T04:21:52.000 -3125.292563137830 -2925.951330891040 -5274.792778765710 5.86577199410562 -4.86134556229987 -0.77494100045308
2024-06-15T04:21:54.000 -3113.553103315370 -2935.666597753460 -5276.329248436290 5.87368286886042 -4.85391719448448 -0.76152801784157
2024-06-15T04:21:56.000 -3101.797851513630 -2945.366983258900 -5277.838888250500 5.88156396675260 -4.84646421155667 -0.74811115536103
2024-06-15T04:21:58.000 -3090.026867326060 -2955.052438214610 -5279.321690516320 5.88941524810144 -4.83898665101016 -0.73469048075456
2024-06-15T04:22:00.000 -3078.240210425280 -2964.722913502940 -5280.777647677270 5.89723667337272 -4.83148455045941 -0.72126606178354
2024-06-15T04:22:02.000 -3066.437940562880 -2974.378360081590 -5282.206752312400 5.90502820317881 -4.82395794763961 -0.70783796622747
2024-06-15T04:22:04.000 -3054.620117569040 -2984.018728983880 -5283.608997136320 5.91278979827880 -4.81640688040650 -0.69440626188362
2024-06-15T04:22:06.000 -3042.786801352300 -2993.643971318930 -5284.984374999280 5.92052141957860 -4.80883138673639 -0.68097101656686
2024-06-15T04:22:08.000 -3030.938051899230 -3003.254038271930 -5286.332878887160 5.92822302813106 -4.80123150472601 -0.66753229810941
2024-06-15T04:22:10.000 -3019.073929274150 -3012.848881104410 -5287.654501921530 5.93589458513610 -4.79360727259243 -0.65409017436056
2024-06-15T04:22:12.000 -3007.194493618820 -3022.428451154440 -5288.949237359660 5.94353605194087 -4.78595872867302 -0.64064471318648
2024-06-15T04:22:14.000 -2995.299805152190 -3031.992699836880 -5290.217078594580 5.95114739003986 -4.77828591142538 -0.62719598246997
2024-06-15T04:22:16.000 -2983.389924170040 -3041.541578643640 -5291.458019155110 5.95872856107510 -4.77058885942721 -0.61374405011017
2024-06-15T04:22:18.000 -2971.464911044740 -3051.075039143890 -5292.672052705870 5.96627952683629 -4.76286761137631 -0.60028898402241
2024-06-15T04:22:20.000 -2959.524826224920 -3060.593032984320 -5293.859173047330 5.97380024926099 -4.75512220609044 -0.58683085213787
2024-06-15T04:22:22.000 -2947.569730235200 -3070.095511889380 -5295.019374115850 5.98129069043480 -4.74735268250731 -0.57336972240342
2024-06-15T04:22:24.000 -2935.599683675870 -3079.582427661520 -5296.152649983690 5.98875081259158 -4.73955907968449 -0.55990566278131
2024-06-15T04:22:26.000 -2923.614747222600 -3089.053732181410 -5297.258994859040 5.99618057811361 -4.73174143679929 -0.54643874124896
2024-06-15T04:22:28.000 -2911.614981626150 -3098.509377408200 -5298.338403086070 6.00357994953182 -4.72389979314875 -0.53296902579869
2024-06-15T04:22:30.000 -2899.600447712090 -3107.949315379770 -5299.390869144960 6.01094888952602 -4.71603418814954 -0.51949658443749
2024-06-15T04:22:32.000 -2887.571206380450 -3117.373498212920 -5300.416387651890 6.01828736092513 -4.70814466133786 -0.50602148518672
2024-06-15T04:22:34.000 -2875.527318605470 -3126.781878103680 -5301.414953359130 6.02559532670741 -4.70023125236938 -0.49254379608186
2024-06-15T04:22:36.000 -2863.468845435280 -3136.174407327480 -5302.386561155020 6.03287275000070 -4.69229400101915 -0.47906358517229
2024-06-15T04:22:38.000 -2851.395847991610 -3145.551038239430 -5303.331206063990 6.04011959408271 -4.68433294718151 -0.46558092052093
2024-06-15T04:22:40.000 -2839.308387469470 -3154.911723274550 -5304.248883246660 6.04733582238122 -4.67634813086998 -0.45209587020405
2024-06-15T04:22:42.000 -2827.206525136890 -3164.256414948010 -5305.139587999760 6.05452139847443 -4.66833959221716 -0.43860850231093
2024-06-15T04:22:44.000 -2815.090322334560 -3173.585065855360 -5306.003315756250 6.06167628609119 -4.66030737147467 -0.42511888494357
2024-06-15T04:22:46.000 -2802.959840475590 -3182.897628672760 -5306.840062085290 6.06880044911127 -4.65225150901296 -0.41162708621645
2024-06-15T04:22:48.000 -2790.815141045170 -3192.194056157250 -5307.649822692290 6.07589385156569 -4.64417204532126 -0.39813317425616
2024-06-15T04:22:50.000 -2778.656285600260 -3201.474301146960 -5308.432593418920 6.08295645763699 -4.63606902100741 -0.38463721720114
2024-06-15T04:22:52.000 -2766.483335769320 -3210.738316561350 -5309.188370243140 6.08998823165954 -4.62794247679774 -0.37113928320134
2024-06-15T04:22:54.000 -2754.296353252000 -3219.986055401450 -5309.917149279200 6.09698913811985 -4.61979245353695 -0.35763944041793
2024-06-15T04:22:56.000 -2742.095399818790 -3229.217470750100 -5310.618926777730 6.10395914165685 -4.61161899218792 -0.34413775702293
2024-06-15T04:22:58.000 -2729.880537310790 -3238.432515772190 -5311.293699125680 6.11089820706222 -4.60342213383160 -0.33063430119891
2024-06-15T04:23:00.000 -2717.651827639340 -3247.631143714890 -5311.941462846370 6.11780629928072 -4.59520191966679 -0.31712914113864
2024-06-15T04:23:02.000 -2705.409332785730 -3256.813307907860 -5312.562214599540 6.12468338341045 -4.58695839101002 -0.30362234504475
2024-06-15T04:23:04.000 -2693.153114800930 -3265.978961763550 -5313.155951181330 6.13152942470322 -4.57869158929534 -0.29011398112934
2024-06-15T04:23:06.000 -2680.883235805210 -3275.128058777370 -5313.722669524330 6.13834438856483 -4.57040155607412 -0.27660411761369
2024-06-15T04:23:08.000 -2668.599757987920 -3284.260552527960 -5314.262366697540 6.14512824055541 -4.56208833301488 -0.26309282272783
2024-06-15T04:23:10.000 -2656.302743607100 -3293.376396677390 -5314.775039906480 6.15188094638967 -4.55375196190303 -0.24958016471020
2024-06-15T04:23:12.000 -2643.992254989220 -3302.475544971460 -5315.260686493130 6.15860247193730 -4.54539248464070 -0.23606621180725
2024-06-15T04:23:14.000 -2631.668354528860 -3311.557951239870 -5315.719303935960 6.16529278322320 -4.53700994324651 -0.22255103227310
2024-06-15T04:23:16.000 -2619.331104688390 -3320.623569396450 -5316.150889849970 6.17195184642779 -4.52860437985529 -0.20903469436911
2024-06-15T04:23:18.000 -2606.980567997650 -3329.672353439450 -5316.555441986700 6.17857962788736 -4.52017583671787 -0.19551726636348
2024-06-15T04:23:20.000 -2594.616807053670 -3338.704257451730 -5316.932958234210 6.18517609409429 -4.51172435620082 -0.18199881653091
2024-06-15T04:23:22.000 -2582.239884520340 -3347.719235600990 -5317.283436617120 6.19174121169738 -4.50324998078618 -0.16847941315213
2024-06-15T04:23:24.000 -2569.849863128090 -3356.717242140010 -5317.606875296640 6.19827494750210 -4.49475275307120 -0.15495912451354
2024-06-15T04:23:26.000 -2557.446805673560 -3365.698231406880 -5317.903272570530 6.20477726847089 -4.48623271576803 -0.14143801890678
2024-06-15T04:23:28.000 -2545.030775019350 -3374.662157825240 -5318.172626873160 6.21124814172340 -4.47768991170350 -0.12791616462832
2024-06-15T04:23:30.000 -2532.601834093630 -3383.608975904480 -5318.414936775470 6.21768753453672 -4.46912438381874 -0.11439362997906
2024-06-15T04:23:32.000 -2520.160045889880 -3392.538640240000 -5318.630200985030 6.22409541434570 -4.46053617516897 -0.10087048326389
2024-06-15T04:23:34.000 -2507.705473466530 -3401.451105513420 -5318.818418346020 6.23047174874309 -4.45192532892310 -0.08734679279129
2024-06-15T04:23:36.000 -2495.238179946680 -3410.346326492810 -5318.979587839230 6.23681650547982 -4.44329188836351 -0.07382262687289
2024-06-15T04:23:38.000 -2482.758228517780 -3419.224258032930 -5319.113708582090 6.24312965246521 -4.43463589688565 -0.06029805382310
2024-06-15T04:23:40.000 -2470.265682431280 -3428.084855075410 -5319.220779828650 6.24941115776716 -4.42595739799780 -0.04677314195862
2024-06-15T04:23:42.000 -2457.760605002350 -3436.928072649060 -5319.300800969590 6.25566098961232 -4.41725643532066 -0.03324795959807
2024-06-15T04:23:44.000 -2445.243059609550 -3445.753865869990 -5319.353771532260 6.26187911638634 -4.40853305258708 -0.01972257506156
2024-06-15T04:23:46.000 -2432.713109694500 -3454.562189941930 -5319.379691180600 6.26806550663394 -4.39978729364171 -0.00619705667028
2024-06-15T04:23:48.000 -2420.170818761570 -3463.353000156380 -5319.378559715250 6.27422012905915 -4.39101920244065 0.00732852725393
2024-06-15T04:23:50.000 -2407.616250377570 -3472.126251892890 -5319.350377073450 6.28034295252539 -4.38222882305115 0.02085410838898
2024-06-15T04:23:52.000 -2395.049468171430 -3480.881900619240 -5319.295143329100 6.28643394605566 -4.37341619965122 0.03437961841295
2024-06-15T04:23:54.000 -2382.470535833850 -3489.619901891680 -5319.212858692750 6.29249307883262 -4.36458137652934 0.04790498900446
2024-06-15T04:23:56.000 -2369.879517117040 -3498.340211355140 -5319.103523511580 6.29852032019870 -4.35572439808410 0.06143015184313
2024-06-15T04:23:58.000 -2357.276475834330 -3507.042784743470 -5318.967138269430 6.30451563965621 -4.34684530882386 0.07495503860990
2024-06-15T04:24:00.000 -2344.661475859920 -3515.727577879640 -5318.803703586740 6.31047900686743 -4.33794415336642 0.08847958098751
2024-06-15T04:24:02.000 -2332.034581128480 -3524.394546675960 -5318.613220220610 6.31641039165467 -4.32902097643870 0.10200371066081
2024-06-15T04:24:04.000 -2319.395855634930 -3533.043647134300 -5318.395689064770 6.32230976400032 -4.32007582287639 0.11552735931716
2024-06-15T04:24:06.000 -2306.745363434020 -3541.674835346330 -5318.151111149560 6.32817709404693 -4.31110873762363 0.12905045864685
2024-06-15T04:24:08.000 -2294.083168640080 -3550.288067493700 -5317.879487641940 6.33401235209725 -4.30211976573268 0.14257294034339
2024-06-15T04:24:10.000 -2281.409335426660 -3558.883299848270 -5317.580819845480 6.33981550861424 -4.29310895236365 0.15609473610394
2024-06-15T04:24:12.000 -2268.723928026230 -3567.460488772350 -5317.255109200350 6.34558653422110 -4.28407634278411 0.16961577762963
2024-06-15T04:24:14.000 -2256.027010729860 -3576.019590718850 -5316.902357283310 6.35132539970131 -4.27502198236885 0.18313599662591
2024-06-15T04:24:16.000 -2243.318647886880 -3584.560562231580 -5316.522565807720 6.35703207599860 -4.26594591659953 0.19665532480289
2024-06-15T04:24:18.000 -2230.598903904590 -3593.083359945400 -5316.115736623500 6.36270653421697 -4.25684819106445 0.21017369387571
2024-06-15T04:24:20.000 -2217.867843247890 -3601.587940586460 -5315.681871717140 6.36834874562068 -4.24772885145819 0.22369103556478
2024-06-15T04:24:22.000 -2205.125530439030 -3610.074260972390 -5315.220973211680 6.37395868163422 -4.23858794358139 0.23720728159621
2024-06-15T04:24:24.000 -2192.372030057230 -3618.542278012540 -5314.733043366710 6.37953631384233 -4.22942551334046 0.25072236370202
2024-06-15T04:24:26.000 -2179.607406738380 -3626.991948708180 -5314.218084578330 6.38508161398993 -4.22024160674731 0.26423621362050
2024-06-15T04:24:28.000 -2166.831725174710 -3635.423230152700 -5313.676099379190 6.39059455398212 -4.21103626991913 0.27774876309650
2024-06-15T04:24:30.000 -2154.045050114510 -3643.836079531840 -5313.107090438410 6.39607510588415 -4.20180954907809 0.29125994388170
2024-06-15T04:24:32.000 -2141.247446361760 -3652.230454123890 -5312.511060561620 6.40152324192135 -4.19256149055117 0.30476968773492
2024-06-15T04:24:34.000 -2128.438978775820 -3660.606311299880 -5311.888012690910 6.40693893447917 -4.18329214076989 0.31827792642237
2024-06-15T04:24:36.000 -2115.619712271130 -3668.963608523820 -5311.237949904850 6.41232215610306 -4.17400154627012 0.33178459171791
2024-06-15T04:24:38.000 -2102.789711816890 -3677.302303352900 -5310.560875418450 6.41767287949850 -4.16468975369188 0.34528961540335
2024-06-15T04:24:40.000 -2089.949042436720 -3685.622353437690 -5309.856792583120 6.42299107753093 -4.15535680977909 0.35879292926869
2024-06-15T04:24:42.000 -2077.097769208330 -3693.923716522360 -5309.125704886720 6.42827672322573 -4.14600276137946 0.37229446511234
2024-06-15T04:24:44.000 -2064.235957263250 -3702.206350444850 -5308.367615953480 6.43352978976819 -4.13662765544426 0.38579415474141
2024-06-15T04:24:46.000 -2051.363671786470 -3710.470213137150 -5307.582529544020 6.43875025050348 -4.12723153902817 0.39929192997193
2024-06-15T04:24:48.000 -2038.480978016110 -3718.715262625420 -5306.770449555310 6.44393807893663 -4.11781445928913 0.41278772262906
2024-06-15T04:24:50.000 -2025.587941243150 -3726.941457030260 -5305.931380020660 6.44909324873251 -4.10837646348817 0.42628146454738
2024-06-15T04:24:52.000 -2012.684626811060 -3735.148754566900 -5305.065325109720 6.45421573371581 -4.09891759898926 0.43977308757104
2024-06-15T04:24:54.000 -1999.771100115510 -3743.337113545390 -5304.172289128410 6.45930550787106 -4.08943791325923 0.45326252355407
2024-06-15T04:24:56.000 -1986.847426604030 -3751.506492370830 -5303.252276518950 6.46436254534258 -4.07993745386758 0.46674970436052
2024-06-15T04:24:58.000 -1973.913671775730 -3759.656849543530 -5302.305291859830 6.46938682043455 -4.07041626848639 0.48023456186472
2024-06-15T04:25:00.000 -1960.969901180910 -3767.788143659290 -5301.331339865770 6.47437830761096 -4.06087440489022 0.49371702795151
2024-06-15T04:25:02.000 -1948.016180420810 -3775.900333409530 -5300.330425387710 6.47933698149567 -4.05131191095599 0.50719703451641
2024-06-15T04:25:04.000 -1935.052575147270 -3783.993377581540 -5299.302553412780 6.48426281687245 -4.04172883466287 0.52067451346586
2024-06-15T04:25:06.000 -1922.079151062370 -3792.067235058670 -5298.247729064310 6.48915578868496 -4.03212522409221 0.53414939671746
2024-06-15T04:25:08.000 -1909.095973918170 -3800.121864820510 -5297.165957601760 6.49401587203689 -4.02250112742742 0.54762161620011
2024-06-15T04:25:10.000 -1896.103109516360 -3808.157225943170 -5296.057244420730 6.49884304219192 -4.01285659295392 0.56109110385430
2024-06-15T04:25:12.000 -1883.100623707920 -3816.173277599380 -5294.921595052930 6.50363727457387 -4.00319166905904 0.57455779163229
2024-06-15T04:25:14.000 -1870.088582392860 -3824.169979058780 -5293.759015166140 6.50839854476673 -3.99350640423192 0.58802161149832
2024-06-15T04:25:16.000 -1857.067051519820 -3832.147289688080 -5292.569510564220 6.51312682851475 -3.98380084706346 0.60148249542885
2024-06-15T04:25:18.000 -1844.036097085830 -3840.105168951270 -5291.353087187060 6.51782210172255 -3.97407504624626 0.61494037541275
2024-06-15T04:25:20.000 -1830.995785135920 -3848.043576409820 -5290.109751110540 6.52248434045523 -3.96432905057450 0.62839518345157
2024-06-15T04:25:22.000 -1817.946181762850 -3855.962471722920 -5288.839508546540 6.52711352093849 -3.95456290894388 0.64184685155973
2024-06-15T04:25:24.000 -1804.887353106750 -3863.861814647620 -5287.542365842900 6.53170961955871 -3.94477667035156 0.65529531176474
2024-06-15T04:25:26.000 -1791.819365354830 -3871.741565039080 -5286.218329483390 6.53627261286317 -3.93497038389609 0.66874049610748
2024-06-15T04:25:28.000 -1778.742284741040 -3879.601682850760 -5284.867406087670 6.54080247756013 -3.92514409877728 0.68218233664240
2024-06-15T04:25:30.000 -1765.656177545750 -3887.442128134620 -5283.489602411310 6.54529919051899 -3.91529786429617 0.69562076543778
2024-06-15T04:25:32.000 -1752.561110095430 -3895.262861041310 -5282.084925345700 6.54976272877049 -3.90543172985494 0.70905571457598
2024-06-15T04:25:34.000 -1739.457148762350 -3903.063841820400 -5280.653381918050 6.55419306950688 -3.89554574495680 0.72248711615368
2024-06-15T04:25:36.000 -1726.344359964180 -3910.845030820560 -5279.194979291380 6.55859019008204 -3.88563995920589 0.73591490228213
2024-06-15T04:25:38.000 -1713.222810163780 -3918.606388489790 -5277.709724764470 6.56295406801175 -3.87571442230721 0.74933900508745
2024-06-15T04:25:40.000 -1700.092565868790 -3926.347875375560 -5276.197625771820 6.56728468097384 -3.86576918406653 0.76275935671087
2024-06-15T04:25:42.000 -1686.953693631310 -3934.069452125090 -5274.658689883640 6.57158200680840 -3.85580429439020 0.77617588930899
2024-06-15T04:25:44.000 -1673.806260047640 -3941.771079485500 -5273.092924805820 6.57584602351801 -3.84581980328513 0.78958853505411
2024-06-15T04:25:46.000 -1660.650331757880 -3949.452718304020 -5271.500338379870 6.58007670926791 -3.83581576085861 0.80299722613446
2024-06-15T04:25:48.000 -1647.485975445660 -3957.114329528190 -5269.880938582920 6.58427404238627 -3.82579221731819 0.81640189475454
2024-06-15T04:25:50.000 -1634.313257837770 -3964.755874206080 -5268.234733527680 6.58843800136441 -3.81574922297155 0.82980247313536
2024-06-15T04:25:52.000 -1621.132245703860 -3972.377313486480 -5266.561731462380 6.59256856485699 -3.80568682822633 0.84319889351480
2024-06-15T04:25:54.000 -1607.943005856120 -3979.978608619060 -5264.861940770780 6.59666571168227 -3.79560508359003 0.85659108814787
2024-06-15T04:25:56.000 -1594.745605148930 -3987.559720954640 -5263.135369972110 6.60072942082236 -3.78550403966977 0.86997898930706
2024-06-15T04:25:58.000 -1581.540110478530 -3995.120611945350 -5261.382027721010 6.60475967142344 -3.77538374717217 0.88336252928262
2024-06-15T04:26:00.000 -1568.326588782720 -4002.661243144820 -5259.601922807560 6.60875644279599 -3.76524425690317 0.89674164038293
2024-06-15T04:26:02.000 -1555.105107040520 -4010.181576208380 -5257.795064157180 6.61271971441505 -3.75508561976780 0.91011625493476
2024-06-15T04:26:04.000 -1541.875732271810 -4017.681572893310 -5255.961460830620 6.61664946592046 -3.74490788677001 0.92348630528365
2024-06-15T04:26:06.000 -1528.638531537050 -4025.161195058950 -5254.101122023940 6.62054567711709 -3.73471110901249 0.93685172379425
2024-06-15T04:26:08.000 -1515.393571936900 -4032.620404666980 -5252.214057068420 6.62440832797508 -3.72449533769637 0.95021244285062
2024-06-15T04:26:10.000 -1502.140920611950 -4040.059163781570 -5250.300275430570 6.62823739863010 -3.71426062412108 0.96356839485659
2024-06-15T04:26:12.000 -1488.880644742320 -4047.477434569560 -5248.359786712070 6.63203286938354 -3.70400701968408 0.97691951223610
2024-06-15T04:26:14.000 -1475.612811547380 -4054.875179300720 -5246.392600649750 6.63579472070280 -3.69373457588060 0.99026572743358
2024-06-15T04:26:16.000 -1462.337488285380 -4062.252360347900 -5244.398727115490 6.63952293322148 -3.68344334430343 1.00360697291423
2024-06-15T04:26:18.000 -1449.054742253160 -4069.608940187210 -5242.378176116240 6.64321748773964 -3.67313337664262 1.01694318116443
2024-06-15T04:26:20.000 -1435.764640785780 -4076.944881398270 -5240.330957793980 6.64687836522399 -3.66280472468525 1.03027428469208
2024-06-15T04:26:22.000 -1422.467251256200 -4084.260146664340 -5238.257082425600 6.65050554680813 -3.65245744031513 1.04360021602694
2024-06-15T04:26:24.000 -1409.162641074950 -4091.554698772570 -5236.156560422960 6.65409901379276 -3.64209157551253 1.05692090772098
2024-06-15T04:26:26.000 -1395.850877689790 -4098.828500614150 -5234.029402332770 6.65765874764590 -3.63170718235390 1.07023629234877
2024-06-15T04:26:28.000 -1382.532028585370 -4106.081515184530 -5231.875618836550 6.66118473000305 -3.62130431301158 1.08354630250779
2024-06-15T04:26:30.000 -1369.206161282910 -4113.313705583590 -5229.695220750630 6.66467694266748 -3.61088301975349 1.09685087081880
2024-06-15T04:26:32.000 -1355.873343339850 -4120.525035015840 -5227.488219026080 6.66813536761031 -3.60044335494283 1.11014992992623
2024-06-15T04:26:34.000 -1342.533642349530 -4127.715466790630 -5225.254624748620 6.67155998697080 -3.58998537103778 1.12344341249848
2024-06-15T04:26:36.000 -1329.187125940820 -4134.884964322290 -5222.994449138640 6.67495078305646 -3.57950912059121 1.13673125122829
2024-06-15T04:26:38.000 -1315.833861777840 -4142.033491130390 -5220.707703551120 6.67830773834325 -3.56901465625033 1.15001337883311
2024-06-15T04:26:40.000 -1302.473917559560 -4149.161010839860 -5218.394399475570 6.68163083547577 -3.55850203075638 1.16328972805542
2024-06-15T04:26:42.000 -1289.107361019500 -4156.267487181210 -5216.054548535980 6.68492005726737 -3.54797129694435 1.17656023166310
2024-06-15T04:26:44.000 -1275.734259925400 -4163.352883990710 -5213.688162490800 6.68817538670038 -3.53742250774263 1.18982482244977
2024-06-15T04:26:46.000 -1262.354682078840 -4170.417165210600 -5211.295253232850 6.69139680692620 -3.52685571617269 1.20308343323511
2024-06-15T04:26:48.000 -1248.968695314950 -4177.460294889230 -5208.875832789290 6.69458430126546 -3.51627097534878 1.21633599686523
2024-06-15T04:26:50.000 -1235.576367502050 -4184.482237181290 -5206.429913321580 6.69773785320819 -3.50566833847759 1.22958244621298
2024-06-15T04:26:52.000 -1222.177766541280 -4191.482956347970 -5203.957507125360 6.70085744641390 -3.49504785885796 1.24282271417834
2024-06-15T04:26:54.000 -1208.772960366330 -4198.462416757150 -5201.458626630500 6.70394306471177 -3.48440958988052 1.25605673368865
2024-06-15T04:26:56.000 -1195.362016943040 -4205.420582883570 -5198.933284400940 6.70699469210073 -3.47375358502744 1.26928443769905
2024-06-15T04:26:58.000 -1181.945004269090 -4212.357419309050 -5196.381493134720 6.71001231274959 -3.46307989787204 1.28250575919274
2024-06-15T04:27:00.000 -1168.521990373650 -4219.272890722630 -5193.803265663840 6.71299591099717 -3.45238858207856 1.29572063118131
2024-06-15T04:27:02.000 -1155.093043317040 -4226.166961920780 -5191.198614954300 6.71594547135238 -3.44167969140179 1.30892898670510
2024-06-15T04:27:04.000 -1141.658231190390 -4233.039597807550 -5188.567554105950 6.71886097849437 -3.43095327968682 1.32213075883347
2024-06-15T04:27:06.000 -1128.217622115300 -4239.890763394790 -5185.910096352500 6.72174241727260 -3.42020940086870 1.33532588066514
2024-06-15T04:27:08.000 -1114.771284243530 -4246.720423802300 -5183.226255061410 6.72458977270696 -3.40944810897218 1.34851428532851
2024-06-15T04:27:10.000 -1101.319285756580 -4253.528544258030 -5180.516043733860 6.72740302998784 -3.39866945811141 1.36169590598197
2024-06-15T04:27:12.000 -1087.861694865440 -4260.315090098240 -5177.779476004690 6.73018217447629 -3.38787350248965 1.37487067581421
2024-06-15T04:27:14.000 -1074.398579810190 -4267.080026767680 -5175.016565642340 6.73292719170403 -3.37706029639900 1.38803852804452
2024-06-15T04:27:16.000 -1060.930008859670 -4273.823319819770 -5172.227326548750 6.73563806737362 -3.36622989422014 1.40119939592311
2024-06-15T04:27:18.000 -1047.456050311150 -4280.544934916810 -5169.411772759360 6.73831478735850 -3.35538235042205 1.41435321273141
2024-06-15T04:27:20.000 -1033.976772490000 -4287.244837830090 -5166.569918443000 6.74095733770312 -3.34451771956175 1.42749991178240
2024-06-15T04:27:22.000 -1020.492243749300 -4293.922994440110 -5163.701777901840 6.74356570462301 -3.33363605628404 1.44063942642091
2024-06-15T04:27:24.000 -1007.002532469540 -4300.579370736760 -5160.807365571340 6.74613987450489 -3.32273741532127 1.45377169002388
2024-06-15T04:27:26.000 -993.507707058267 -4307.213932819480 -5157.886696020160 6.74867983390675 -3.31182185149310 1.46689663600076
2024-06-15T04:27:28.000 -980.007835949747 -4313.826646897430 -5154.939783950120 6.75118556955793 -3.30088941970622 1.48001419779375
2024-06-15T04:27:30.000 -966.502987604606 -4320.417479289660 -5151.966644196120 6.75365706835928 -3.28994017495416 1.49312430887813
2024-06-15T04:27:32.000 -952.993230509499 -4326.986396425320 -5148.967291726080 6.75609431738316 -3.27897417231707 1.50622690276258
2024-06-15T04:27:34.000 -939.478633176766 -4333.533364843780 -5145.941741640850 6.75849730387364 -3.26799146696144 1.51932191298951
2024-06-15T04:27:36.000 -925.959264144086 -4340.058351194850 -5142.890009174170 6.76086601524654 -3.25699211413995 1.53240927313536
2024-06-15T04:27:38.000 -912.435191974137 -4346.561322238920 -5139.812109692620 6.76320043908955 -3.24597616919121 1.54548891681092
2024-06-15T04:27:40.000 -898.906485254245 -4353.042244847140 -5136.708058695480 6.76550056316233 -3.23494368753958 1.55856077766168
2024-06-15T04:27:42.000 -885.373212596050 -4359.501086001610 -5133.577871814740 6.76776637539665 -3.22389472469496 1.57162478936813
2024-06-15T04:27:44.000 -871.835442635152 -4365.937812795520 -5130.421564814960 6.76999786389646 -3.21282933625255 1.58468088564614
2024-06-15T04:27:46.000 -858.293244030774 -4372.352392433340 -5127.239153593270 6.77219501693804 -3.20174757789271 1.59772900024725
2024-06-15T04:27:48.000 -844.746685465410 -4378.744792230990 -5124.030654179230 6.77435782297009 -3.19064950538072 1.61076906695905
2024-06-15T04:27:50.000 -831.195835644489 -4385.114979616000 -5120.796082734810 6.77648627061387 -3.17953517456659 1.62380101960552
2024-06-15T04:27:52.000 -817.640763296022 -4391.462922127680 -5117.535455554280 6.77858034866334 -3.16840464138489 1.63682479204738
2024-06-15T04:27:54.000 -804.081537170258 -4397.788587417300 -5114.248789064160 6.78064004608523 -3.15725796185452 1.64984031818248
2024-06-15T04:27:56.000 -790.518226039343 -4404.091943248260 -5110.936099823130 6.78266535201922 -3.14609519207855 1.66284753194613
2024-06-15T04:27:58.000 -776.950898696969 -4410.372957496240 -5107.597404521980 6.78465625577807 -3.13491638824398 1.67584636731150
2024-06-15T04:28:00.000 -763.379623958028 -4416.631598149380 -5104.232719983480 6.78661274684770 -3.12372160662160 1.68883675829002
2024-06-15T04:28:02.000 -749.804470658268 -4422.867833308440 -5100.842063162370 6.78853481488742 -3.11251090356575 1.70181863893171
2024-06-15T04:28:04.000 -736.225507653947 -4429.081631186980 -5097.425451145250 6.79042244972995 -3.10128433551414 1.71479194332566
2024-06-15T04:28:06.000 -722.642803821480 -4435.272960111510 -5093.982901150490 6.79227564138165 -3.09004195898763 1.72775660560035
2024-06-15T04:28:08.000 -709.056428057098 -4441.441788521680 -5090.514430528150 6.79409438002262 -3.07878383059003 1.74071255992411
2024-06-15T04:28:10.000 -695.466449276497 -4447.588084970410 -5087.020056759950 6.79587865600686 -3.06751000700791 1.75365974050555
2024-06-15T04:28:12.000 -681.872936414493 -4453.711818124100 -5083.499797459130 6.79762845986237 -3.05622054501035 1.76659808159391
2024-06-15T04:28:14.000 -668.275958424670 -4459.812956762740 -5079.953670370380 6.79934378229133 -3.04491550144874 1.77952751747957
2024-06-15T04:28:16.000 -654.675584279032 -4465.891469780140 -5076.381693369790 6.80102461417021 -3.03359493325656 1.79244798249446
2024-06-15T04:28:18.000 -641.071882967659 -4471.947326184020 -5072.783884464730 6.80267094654994 -3.02225889744910 1.80535941101248
2024-06-15T04:28:20.000 -627.464923498352 -4477.980495096250 -5069.160261793790 6.80428277065599 -3.01090745112330 1.81826173744998
2024-06-15T04:28:22.000 -613.854774896288 -4483.990945752950 -5065.510843626680 6.80586007788857 -2.99954065145743 1.83115489626619
2024-06-15T04:28:24.000 -600.241506203667 -4489.978647504690 -5061.835648364140 6.80740285982271 -2.98815855571088 1.84403882196369
2024-06-15T04:28:26.000 -586.625186479366 -4495.943569816640 -5058.134694537880 6.80891110820840 -2.97676122122387 1.85691344908889
2024-06-15T04:28:28.000 -573.005884798586 -4501.885682268710 -5054.408000810440 6.81038481497073 -2.96534870541721 1.86977871223247
2024-06-15T04:28:30.000 -559.383670252503 -4507.804954555760 -5050.655585975180 6.81182397220997 -2.95392106579199 1.88263454602987
2024-06-15T04:28:32.000 -545.758611947915 -4513.701356487710 -5046.877468956100 6.81322857220174 -2.94247835992933 1.89548088516175
2024-06-15T04:28:34.000 -532.130779006897 -4519.574857989750 -5043.073668807830 6.81459860739706 -2.93102064549003 1.90831766435450
2024-06-15T04:28:36.000 -518.500240566444 -4525.425429102450 -5039.244204715460 6.81593407042250 -2.91954798021433 1.92114481838070
2024-06-15T04:28:38.000 -504.867065778123 -4531.253039981930 -5035.389095994530 6.81723495408022 -2.90806042192155 1.93396228205957
2024-06-15T04:28:40.000 -491.231323807721 -4537.057660900050 -5031.508362090880 6.81850125134814 -2.89655802850978 1.94676999025753
2024-06-15T04:28:42.000 -477.593083834892 -4542.839262244540 -5027.602022580550 6.81973295537994 -2.88504085795555 1.95956787788862
2024-06-15T04:28:44.000 -463.952415052809 -4548.597814519150 -5023.670097169730 6.82093005950520 -2.87350896831350 1.97235587991500
2024-06-15T04:28:46.000 -450.309386667809 -4554.333288343820 -5019.712605694620 6.82209255722942 -2.86196241771601 1.98513393134744
2024-06-15T04:28:48.000 -436.664067899042 -4560.045654454850 -5015.729568121360 6.82322044223411 -2.85040126437285 1.99790196724580
2024-06-15T04:28:50.000 -423.016527978118 -4565.734883705010 -5011.721004545920 6.82431370837682 -2.83882556657084 2.01065992271950
2024-06-15T04:28:52.000 -409.366836148757 -4571.400947063730 -5007.686935194000 6.82537234969119 -2.82723538267340 2.02340773292800
2024-06-15T04:28:54.000 -395.715061666436 -4577.043815617260 -5003.627380420910 6.82639636038698 -2.81563077112028 2.03614533308125
2024-06-15T04:28:56.000 -382.061273798035 -4582.663460568790 -4999.542360711530 6.82738573485012 -2.80401179042706 2.04887265844020
2024-06-15T04:28:58.000 -368.405541821487 -4588.259853238600 -4995.431896680140 6.82834046764266 -2.79237849918482 2.06158964431723
2024-06-15T04:29:00.000 -354.747935025423 -4593.832965064270 -4991.296009070350 6.82926055350285 -2.78073095605971 2.07429622607660
2024-06-15T04:29:02.000 -341.088522708824 -4599.382767600740 -4987.134718754970 6.83014598734509 -2.76906921979257 2.08699233913489
2024-06-15T04:29:04.000 -327.427374180665 -4604.909232520550 -4982.948046735960 6.83099676425991 -2.75739334919845 2.09967791896149
2024-06-15T04:29:06.000 -313.764558759562 -4610.412331613910 -4978.736014144270 6.83181287951400 -2.74570340316626 2.11235290107897
2024-06-15T04:29:08.000 -300.100145773425 -4615.892036788900 -4974.498642239730 6.83259432855009 -2.73399944065830 2.12501722106354
2024-06-15T04:29:10.000 -286.434204559099 -4621.348320071580 -4970.235952411010 6.83334110698702 -2.72228152070986 2.13767081454546
2024-06-15T04:29:12.000 -272.766804462017 -4626.781153606180 -4965.947966175430 6.83405321061958 -2.71054970242874 2.15031361720942
2024-06-15T04:29:14.000 -259.098014835847 -4632.190509655190 -4961.634705178900 6.83473063541853 -2.69880404499487 2.16294556479497
2024-06-15T04:29:16.000 -245.427905042138 -4637.576360599560 -4957.296191195780 6.83537337753050 -2.68704460765984 2.17556659309686
2024-06-15T04:29:18.000 -231.756544449972 -4642.938678938780 -4952.932446128800 6.83598143327790 -2.67527144974647 2.18817663796547
2024-06-15T04:29:20.000 -218.084002435608 -4648.277437291090 -4948.543492008930 6.83655479915889 -2.66348463064836 2.20077563530709
2024-06-15T04:29:22.000 -204.410348382135 -4653.592608393560 -4944.129350995280 6.83709347184723 -2.65168420982946 2.21336352108436
2024-06-15T04:29:24.000 -190.735651679119 -4658.884165102280 -4939.690045374960 6.83759744819224 -2.63987024682363 2.22594023131652
2024-06-15T04:29:26.000 -177.059981722249 -4664.152080392460 -4935.225597563000 6.83806672521865 -2.62804280123421 2.23850570207979
2024-06-15T04:29:28.000 -163.383407912994 -4669.396327358610 -4930.736030102200 6.83850130012652 -2.61620193273354 2.25105986950767
2024-06-15T04:29:30.000 -149.705999658243 -4674.616879214610 -4926.221365663060 6.83890117029113 -2.60434770106260 2.26360266979121
2024-06-15T04:29:32.000 -136.027826369962 -4679.813709293950 -4921.681627043630 6.83926633326283 -2.59248016603052 2.27613403917933
2024-06-15T04:29:34.000 -122.348957464840 -4684.986791049750 -4917.116837169400 6.83959678676699 -2.58059938751417 2.28865391397909
2024-06-15T04:29:36.000 -108.669462363942 -4690.136098054980 -4912.527019093200 6.83989252870379 -2.56870542545775 2.30116223055592
2024-06-15T04:29:38.000 -94.989410492357 -4695.261604002560 -4907.912195995050 6.84015355714817 -2.55679833987237 2.31365892533391
2024-06-15T04:29:40.000 -81.308871278849 -4700.363282705500 -4903.272391182080 6.84037987034965 -2.54487819083561 2.32614393479600
2024-06-15T04:29:42.000 -67.627914155508 -4705.441108097030 -4898.607628088380 6.84057146673222 -2.53294503849117 2.33861719548426
2024-06-15T04:29:44.000 -53.946608557404 -4710.495054230730 -4893.917930274920 6.84072834489425 -2.52099894304843 2.35107864400005
2024-06-15T04:29:46.000 -40.265023922234 -4715.525095280670 -4889.203321429390 6.84085050360828 -2.50903996478208 2.36352821700424
2024-06-15T04:29:48.000 -26.583229689976 -4720.531205541530 -4884.463825366100 6.84093794182100 -2.49706816403171 2.37596585121743
2024-06-15T04:29:50.000 -12.901295302541 -4725.513359428740 -4879.699466025860 6.84099065865301 -2.48508360120148 2.38839148342008
2024-06-15T04:29:52.000 0.780709796575 -4730.471531478590 -4874.910267475870 6.84100865339880 -2.47308633675971 2.40080505045273
2024-06-15T04:29:54.000 14.462716162638 -4735.405696348390 -4870.096253909570 6.84099192552658 -2.46107643123854 2.41320648921610
2024-06-15T04:29:56.000 28.144654350027 -4740.315828816560 -4865.257449646540 6.84094047467818 -2.44905394523359 2.42559573667133
2024-06-15T04:29:58.000 41.826454912573 -4745.201903782770 -4860.393879132410 6.84085430066893 -2.43701893940362 2.43797272984004
2024-06-15T04:30:00.000 55.508048403917 -4750.063896268100 -4855.505566938650 6.84073340348757 -2.42497147447016 2.45033740580453
2024-06-15T04:30:02.000 69.189365377846 -4754.901781415110 -4850.592537762560 6.84057778329614 -2.41291161121725 2.46268970170787
2024-06-15T04:30:04.000 82.870336388648 -4759.715534487990 -4845.654816427060 6.84038744042992 -2.40083941049108 2.47502955475405
2024-06-15T04:30:06.000 96.550891991451 -4764.505130872690 -4840.692427880610 6.84016237539730 -2.38875493319970 2.48735690220812
2024-06-15T04:30:08.000 110.230962742577 -4769.270546077050 -4835.705397197070 6.83990258887973 -2.37665824031276 2.49967168139627
2024-06-15T04:30:10.000 123.910479199879 -4774.011755730900 -4830.693749575610 6.83960808173167 -2.36454939286116 2.51197382970596
2024-06-15T04:30:12.000 137.589371923097 -4778.728735586180 -4825.657510340540 6.83927885498047 -2.35242845193684 2.52426328458605
2024-06-15T04:30:14.000 151.267571474196 -4783.421461517100 -4820.596704941210 6.83891490982638 -2.34029547869246 2.53653998354689
2024-06-15T04:30:16.000 164.945008417713 -4788.089909520210 -4815.511358951920 6.83851624764247 -2.32815053434118 2.54880386416046
2024-06-15T04:30:18.000 178.621613321106 -4792.734055714570 -4810.401498071720 6.83808286997464 -2.31599368015640 2.56105486406045
2024-06-15T04:30:20.000 192.297316755097 -4797.353876341840 -4805.267148124360 6.83761477854153 -2.30382497747152 2.57329292094241
2024-06-15T04:30:22.000 205.972049294019 -4801.949347766390 -4800.108335058120 6.83711197523455 -2.29164448767969 2.58551797256384
2024-06-15T04:30:24.000 219.645741516158 -4806.520446475450 -4794.925084945730 6.83657446211788 -2.27945227223360 2.59772995674433
2024-06-15T04:30:26.000 233.318324004105 -4811.067149079220 -4789.717423984190 6.83600224142843 -2.26724839264526 2.60992881136567
2024-06-15T04:30:28.000 246.989727345093 -4815.589432310980 -4784.485378494680 6.83539531557592 -2.25503291048577 2.62211447437200
2024-06-15T04:30:30.000 260.659882131351 -4820.087273027200 -4779.228974922440 6.83475368714284 -2.24280588738513 2.63428688376994
2024-06-15T04:30:32.000 274.328718960443 -4824.560648207690 -4773.948239836620 6.83407735888453 -2.23056738503205 2.64644597762871
2024-06-15T04:30:34.000 287.996168435620 -4829.009534955660 -4768.643199930190 6.83336633372917 -2.21831746517371 2.65859169408032
2024-06-15T04:30:36.000 301.662161166159 -4833.433910497910 -4763.313882019780 6.83262061477789 -2.20605618961558 2.67072397131971
2024-06-15T04:30:38.000 315.326627767713 -4837.833752184900 -4757.960313045550 6.83184020530479 -2.19378362022127 2.68284274760490
2024-06-15T04:30:40.000 328.989498862658 -4842.209037490850 -4752.582520071120 6.83102510875702 -2.18149981891229 2.69494796125722
2024-06-15T04:30:42.000 342.650705080435 -4846.559744013920 -4747.180530283360 6.83017532875482 -2.16920484766790 2.70703955066143
2024-06-15T04:30:44.000 356.310177057899 -4850.885849476260 -4741.754370992340 6.82929086909168 -2.15689876852489 2.71911745426597
2024-06-15T04:30:46.000 369.967845439668 -4855.187331724150 -4736.304069631150 6.82837173373435 -2.14458164357746 2.73118161058316
2024-06-15T04:30:48.000 383.623640878464 -4859.464168728130 -4730.829653755820 6.82741792682296 -2.13225353497695 2.74323195818941
2024-06-15T04:30:50.000 397.277494035462 -4863.716338583100 -4725.331151045110 6.82642945267114 -2.11991450493176 2.75526843572545
2024-06-15T04:30:52.000 410.929335580642 -4867.943819508410 -4719.808589300490 6.82540631576608 -2.10756461570706 2.76729098189659
2024-06-15T04:30:54.000 424.579096193128 -4872.146589848020 -4714.261996445920 6.82434852076869 -2.09520392962472 2.77929953547295
2024-06-15T04:30:56.000 438.226706561541 -4876.324628070580 -4708.691400527770 6.82325607251367 -2.08283250906301 2.79129403528979
2024-06-15T04:30:58.000 451.872097384346 -4880.477912769570 -4703.096829714670 6.82212897600965 -2.07045041645652 2.80327442024771
2024-06-15T04:31:00.000 465.515199370198 -4884.606422663370 -4697.478312297380 6.82096723643929 -2.05805771429586 2.81524062931300
2024-06-15T04:31:02.000 479.155943238293 -4888.710136595410 -4691.835876688660 6.81977085915941 -2.04565446512758 2.82719260151795
2024-06-15T04:31:04.000 492.794259718713 -4892.789033534280 -4686.169551423150 6.81853984970107 -2.03324073155387 2.83913027596114
2024-06-15T04:31:06.000 506.430079552778 -4896.843092573800 -4680.479365157220 6.81727421376976 -2.02081657623244 2.85105359180778
2024-06-15T04:31:08.000 520.063333493393 -4900.872292933180 -4674.765346668830 6.81597395724546 -2.00838206187623 2.86296248829007
2024-06-15T04:31:10.000 533.693952305397 -4904.876613957120 -4669.027524857440 6.81463908618276 -1.99593725125330 2.87485690470754
2024-06-15T04:31:12.000 547.321866765914 -4908.856035115900 -4663.265928743800 6.81326960681098 -1.98348220718649 2.88673678042743
2024-06-15T04:31:14.000 560.947007664701 -4912.810536005490 -4657.480587469900 6.81186552553429 -1.97101699255333 2.89860205488504
2024-06-15T04:31:16.000 574.569305804497 -4916.740096347690 -4651.671530298770 6.81042684893179 -1.95854167028570 2.91045266758418
2024-06-15T04:31:18.000 588.188692001376 -4920.644695990200 -4645.838786614360 6.80895358375764 -1.94605630336964 2.92228855809749
2024-06-15T04:31:20.000 601.805097085095 -4924.524314906760 -4639.982385921410 6.80744573694112 -1.93356095484513 2.93410966606689
2024-06-15T04:31:22.000 615.418451899445 -4928.378933197240 -4634.102357845310 6.80590331558674 -1.92105568780581 2.94591593120400
2024-06-15T04:31:24.000 629.028687302600 -4932.208531087740 -4628.198732131960 6.80432632697432 -1.90854056539873 2.95770729329056
2024-06-15T04:31:26.000 642.635734167470 -4936.013088930720 -4622.271538647620 6.80271477855904 -1.89601565082410 2.96948369217885
2024-06-15T04:31:28.000 656.239523382050 -4939.792587205090 -4616.320807378760 6.80106867797156 -1.88348100733501 2.98124506779213
2024-06-15T04:31:30.000 669.839985849775 -4943.547006516320 -4610.346568431970 6.79938803301801 -1.87093669823718 2.99299136012509
2024-06-15T04:31:32.000 683.437052489862 -4947.276327596540 -4604.348852033740 6.79767285168008 -1.85838278688865 3.00472250924431
2024-06-15T04:31:34.000 697.030654237673 -4950.980531304640 -4598.327688530380 6.79592314211505 -1.84581933669951 3.01643845528869
2024-06-15T04:31:36.000 710.620722045056 -4954.659598626410 -4592.283108387830 6.79413891265585 -1.83324641113161 3.02813913846992
2024-06-15T04:31:38.000 724.207186880702 -4958.313510674590 -4586.215142191550 6.79232017181100 -1.82066407369827 3.03982449907293
2024-06-15T04:31:40.000 737.789979730495 -4961.942248689000 -4580.123820646350 6.79046692826471 -1.80807238796393 3.05149447745636
2024-06-15T04:31:42.000 751.369031597862 -4965.545794036660 -4574.009174576250 6.78857919087684 -1.79547141754390 3.06314901405302
2024-06-15T04:31:44.000 764.944273504128 -4969.124128211830 -4567.871234924330 6.78665696868287 -1.78286122610403 3.07478804937034
2024-06-15T04:31:46.000 778.515636488860 -4972.677232836200 -4561.710032752570 6.78470027089393 -1.77024187736036 3.08641152399084
2024-06-15T04:31:48.000 792.083051610227 -4976.205089658910 -4555.525599241730 6.78270910689673 -1.75761343507882 3.09801937857259
2024-06-15T04:31:50.000 805.646449945346 -4979.707680556700 -4549.317965691150 6.78068348625352 -1.74497596307492 3.10961155384965
2024-06-15T04:31:52.000 819.205762590632 -4983.184987533970 -4543.087163518660 6.77862341870208 -1.73232952521339 3.12118799063255
2024-06-15T04:31:54.000 832.760920662153 -4986.636992722920 -4536.833224260360 6.77652891415560 -1.71967418540786 3.13274862980869
2024-06-15T04:31:56.000 846.311855295980 -4990.063678383620 -4530.556179570520 6.77439998270265 -1.70701000762051 3.14429341234285
2024-06-15T04:31:58.000 859.858497648532 -4993.465026904090 -4524.256061221390 6.77223663460711 -1.69433705586177 3.15582227927755
2024-06-15T04:32:00.000 873.400778896935 -4996.841020800450 -4517.932901103060 6.77003888030804 -1.68165539418992 3.16733517173354
2024-06-15T04:32:02.000 886.938630239367 -5000.191642716980 -4511.586731223310 6.76780673041961 -1.66896508671080 3.17883203091020
2024-06-15T04:32:04.000 900.471982895409 -5003.516875426190 -4505.217583707420 6.76554019573100 -1.65626619757743 3.19031279808596
2024-06-15T04:32:06.000 914.000768106397 -5006.816701828980 -4498.825490798060 6.76323928720626 -1.64355879098971 3.20177741461870
2024-06-15T04:32:08.000 927.524917135766 -5010.091104954680 -4492.410484855090 6.76090401598425 -1.63084293119403 3.21322582194615
2024-06-15T04:32:10.000 941.044361269407 -5013.340067961150 -4485.972598355410 6.75853439337842 -1.61811868248295 3.22465796158628
2024-06-15T04:32:12.000 954.559031816012 -5016.563574134890 -4479.511863892810 6.75613043087677 -1.60538610919484 3.23607377513771
2024-06-15T04:32:14.000 968.068860107421 -5019.761606891130 -4473.028314177800 6.75369214014166 -1.59264527571358 3.24747320428002
2024-06-15T04:32:16.000 981.573777498977 -5022.934149773900 -4466.521982037450 6.75121953300970 -1.57989624646817 3.25885619077416
2024-06-15T04:32:18.000 995.073715369865 -5026.081186456140 -4459.992900415240 6.74871262149158 -1.56713908593243 3.27022267646278
2024-06-15T04:32:20.000 1008.568605123470 -5029.202700739780 -4453.441102370860 6.74617141777192 -1.55437385862463 3.28157260327057
2024-06-15T04:32:22.000 1022.058378187720 -5032.298676555830 -4446.866621080080 6.74359593420917 -1.54160062910720 3.29290591320460
2024-06-15T04:32:24.000 1035.542966015430 -5035.369097964470 -4440.269489834560 6.74098618333538 -1.52881946198635 3.30422254835462
2024-06-15T04:32:26.000 1049.022300084650 -5038.413949155140 -4433.649742041730 6.73834217785612 -1.51603042191179 3.31552245089338
2024-06-15T04:32:28.000 1062.496311899030 -5041.433214446610 -4427.007411224560 6.73566393065030 -1.50323357357635 3.32680556307692
2024-06-15T04:32:29.049 1069.561280321450 -5043.006584667680 -4423.514491318180 6.73424550469103 -1.49651852675892 3.33271682320848
2024-06-15T04:36:29.049 2627.260022511880 -5214.470437644900 -3472.134973592270 6.16724451767239 0.07663896641806 4.54710803094524
2024-06-15T04:40:29.049 3993.796378116920 -5006.549057717750 -2267.431764331540 5.15083892225751 1.64566166125436 5.43068592156900
2024-06-15T04:44:29.049 5069.527352938830 -4434.087223564970 -897.172019969593 3.75868614748518 3.09578359328988 5.91816514593965
2024-06-15T04:48:29.049 5775.994693860990 -3538.644146396080 538.621952609867 2.09259176632095 4.32057505189872 5.97341221755801
2024-06-15T04:52:29.049 6061.815188727980 -2385.485796680930 1935.085898035580 0.27491894446513 5.23022947289711 5.59250648318761
2024-06-15T04:56:29.049 5906.494636533720 -1058.713880652000 3190.340598633880 -1.56099528437694 5.75859133309360 4.80404922876182
2024-06-15T05:00:29.049 5321.819324401030 345.035435090765 4213.044303865730 -3.28120783395290 5.86795937248951 3.66661776791078
2024-06-15T05:04:29.049 4350.782923466860 1723.753515732210 4929.038113294930 -4.76117362787247 5.55144530465874 2.26383413566117
2024-06-15T05:08:29.049 3064.252139880690 2977.488362031290 5286.607561676120 -5.89453822726716 4.83287816207762 0.69794605830977
2024-06-15T05:12:29.049 1555.695110824140 4015.492502793130 5260.054771023310 -6.60029874179615 3.76460746805048 -0.91779900834297
2024-06-15T05:16:29.049 -65.552324485062 4762.628885194670 4851.407259508530 -6.82795888776976 2.42360294231403 -2.46690930647834
2024-06-15T05:20:29.049 -1682.051058409050 5164.675540086610 4090.247559055030 -6.56086943563533 0.90620667356732 -3.83756106446277
2024-06-15T05:24:29.049 -3176.580389158550 5192.230203713320 3031.670556050610 -5.81757986309241 -0.67822720464707 -4.93021157649899
2024-06-15T05:28:29.049 -4440.557609369780 4842.960333450970 1752.454579754570 -4.65119468358328 -2.21483046510166 -5.66486584817799
2024-06-15T05:32:29.049 -5381.983861134000 4141.929310821450 345.595604201727 -3.14603103119656 -3.59159233598717 -5.98727689866683
2024-06-15T05:36:29.049 -5932.270239406580 3139.892446274520 -1086.447057785300 -1.41166687521213 -4.70779218594715 -5.87338597970319
2024-06-15T05:40:29.049 -6051.364071440720 1909.633388695650 -2439.296806699460 0.42519736139568 -5.48178536314446 -5.33139778086670
2024-06-15T05:44:29.049 -5730.712880159180 540.600757873210 -3614.382178177950 2.23044226600024 -5.85720497568623 -4.40116616271832
2024-06-15T05:48:29.049 -4993.821216821920 -867.700980739457 -4526.196134180790 3.87274207327580 -5.80711485151019 -3.15094724974539
2024-06-15T05:52:29.049 -3894.397220831340 -2213.016685282750 -5108.489790532270 5.23323210070416 -5.33556981514525 -1.67193132735869
2024-06-15T05:56:29.049 -2512.339932474220 -3397.728456871890 -5318.982039144290 6.21376296443037 -4.47687467216477 -0.07143495804108
2024-06-15T06:00:29.049 -947.941630852354 -4335.834517608190 -5142.325001827150 6.74349291059714 -3.29293875849861 1.53471302108167
2024-06-15T06:04:29.049 685.282767261832 -4959.089898938330 -4591.196842242480 6.78372285521081 -1.86897869785131 3.03014830387976
2024-06-15T06:08:29.049 2268.690914590230 -5221.936883246440 -3705.458529735340 6.33072436075286 -0.30778577169103 4.30603560517783
2024-06-15T06:12:29.049 3687.043740737790 -5104.912001443540 -2549.407867779680 5.41653845780291 1.27726081974074 5.26882671361425
2024-06-15T06:16:29.049 4836.944776874910 -4616.223883198890 -1207.230677101080 4.10728475474696 2.77036695876144 5.84745458190018
2024-06-15T06:20:29.049 5634.523371393390 -3791.291386062500 223.123768889475 2.49857647023092 4.06202371616112 5.99906959145163
2024-06-15T06:24:29.049 6021.714894554970 -2690.209623717620 1637.184892468620 0.70848647805362 5.05746162837471 5.71256635120818
2024-06-15T06:28:29.049 5970.589132685130 -1393.289722527870 2931.749968776070 -1.13159526451872 5.68408019860964 5.00952905176899
2024-06-15T06:32:29.049 5485.325115835460 4.961551376774 4012.552847624340 -2.88721715188063 5.89688688729077 3.94229956826850
2024-06-15T06:36:29.049 4601.713979609430 1402.873513553720 4801.157695826000 -4.43102619677935 5.68145768710822 2.58954089856400
2024-06-15T06:40:29.049 3384.330481208360 2699.051186026750 5240.554797325690 -5.65190975493593 5.05438823098373 1.04999331758136
2024-06-15T06:44:29.049 1921.698091045010 3799.649598111130 5299.121686446030 -6.46251933143338 4.06155516591492 -0.56480134774618
2024-06-15T06:48:29.049 319.867761178378 4625.014063896570 4972.755080163200 -6.80491171164801 2.77462643808991 -2.13838099097867
2024-06-15T06:52:29.049 -1305.127319960100 5115.303812176370 4285.107903343080 -6.65432967480138 1.28611126297541 -3.55721058427598
2024-06-15T06:56:29.049 -2835.501064707710 5234.770625453790 3285.947696242190 -6.02105312654951 -0.29686006500503 -4.71846482107609
2024-06-15T07:00:29.049 -4160.135732325040 4974.418179018010 2047.702621223380 -4.95013834579465 -1.85976310570556 -5.53731548862223
2024-06-15T07:04:29.049 -5182.654984956310 4352.819274246780 660.335834803803 -3.51873015155164 -3.28879143503841 -5.95340713220870
2024-06-15T07:08:29.049 -5828.563499012850 3414.915551468030 -775.145166084737 -1.83093418664806 -4.47943601945495 -5.93573486743570
2024-06-15T07:12:29.049 -6050.827673386170 2228.797909881390 -2154.117338143090 -0.01002070398039 -5.34454339463647 -5.48539719661360
2024-06-15T07:16:29.049 -5833.364936840640 880.701098997297 -3376.093370631210 1.81101163584312 -5.82103825067400 -4.63551492193928
2024-06-15T07:20:29.049 -5192.166580460280 -531.380589341127 -4352.126982288070 3.49958399281873 -5.87456922816537 -3.44847810128179
2024-06-15T07:24:29.049 -4174.001353991030 -1904.892429056320 -5011.277345698780 4.93333183908121 -5.50164252740990 -2.01097027707313
2024-06-15T07:28:29.049 -2852.902165273700 -3140.158297571710 -5305.682764937480 6.00876076168440 -4.72953211451399 -0.42742630435255
2024-06-15T07:32:29.049 -1324.754559650100 -4147.524730638360 -5213.922707865580 6.64825502475762 -3.61395882077154 1.18753168074036
2024-06-15T07:36:29.049 299.569022911805 -4853.752970541960 -4742.524654156940 6.80526665091510 -2.23521190324709 2.71696624871152
2024-06-15T07:40:29.049 1902.111683964620 -5207.294607671940 -3925.552419429010 6.46770472605953 -0.69273458499871 4.04968911960677
2024-06-15T07:44:29.049 3366.298339063620 -5182.101208181620 -2822.268596689820 5.65919413405974 0.90164547931007 5.08818117655103
2024-06-15T07:48:29.049 4585.422895726460 -4779.668320086180 -1512.960191058950 4.43793589846725 2.43161573521618 5.75589574990495
2024-06-15T07:52:29.049 5470.546115702580 -4029.095088529850 -93.146921580573 2.89297892035907 3.78491687820344 6.00332250161346
2024-06-15T07:56:29.049 5957.189226533600 -2985.040753471150 1333.466761522190 1.13775272520127 4.86225317441147 5.81225597679914
2024-06-15T08:00:29.049 6010.138925049340 -1723.653958734950 2662.734261522800 -0.69889387604714 5.58497180762144 5.19721866748705
2024-06-15T08:04:29.049 5625.965240743880 -336.877976074148 3797.809106298370 -2.48263862362919 5.90090874739457 4.20407201500508
2024-06-15T08:08:29.049 4833.114253584380 1074.394376837560 4656.250360510370 -4.08383976412487 5.78805087538463 2.90616856428959
2024-06-15T08:12:29.049 3689.621652202530 2407.741993796130 5175.946584351040 -5.38704317012983 5.25564169191410 1.39845362317995
2024-06-15T08:16:29.049 2278.715271846880 3566.600551705080 5319.453394247980 -6.29892045751667 4.34286025084304 -0.20971673432648
2024-06-15T08:20:29.049 702.746032750780 4467.105867580540 5076.536224810130 -6.75430531796226 3.11571383948486 -1.80225695254676
2024-06-15T08:24:29.049 -924.117936634144 5044.010132846690 4464.833005103700 -6.72043839028002 1.66245122199588 -3.26431310448609
2024-06-15T08:28:29.049 -2483.986616645440 5255.329023203900 3528.611969397360 -6.19927255997869 0.08758350157781 -4.49008595978782
2024-06-15T08:32:29.049 -3863.651770520560 5085.423379463250 2335.712496263980 -5.22775573847461 -1.49507450264774 -5.39014619095963
2024-06-15T08:36:29.049 -4962.795239118960 4546.293742764000 972.764401856513 -3.87576092801018 -2.97046425451347 -5.89837381948980
2024-06-15T08:40:29.049 -5701.365573093180 3676.844140435340 -461.054712290330 -2.24133945337457 -4.23082574624917 -5.97701135995301
2024-06-15T08:44:29.049 -6025.557171413480 2540.147713337410 -1861.257641839300 -0.44380509142069 -5.18383297626479 -5.61995574773790
2024-06-15T08:48:29.049 -5911.844143261490 1218.833415562260 -3125.798150317110 1.38550307021988 -5.75991390423888 -4.85347396162841
2024-06-15T08:52:29.049 -5368.657919713910 -191.040641452209 -4162.607492849960 3.11330034341249 -5.91739102007062 -3.73387607554556
2024-06-15T08:56:29.049 -4435.653930849230 -1587.057990467440 -4896.305841151170 4.61424637561033 -5.64521436110624 -2.34301402450365
2024-06-15T09:00:29.049 -3180.708528944900 -2867.895173986460 -5273.610353721970 5.77989501876379 -4.96341713356854 -0.78201097508565
2024-06-15T09:04:29.049 -1694.935785933460 -3940.604686248520 -5267.096331848140 6.52615261161987 -3.92130843538810 0.83604691465347
2024-06-15T09:08:29.049 -86.127811137972 -4727.242301830090 -4877.123070400610 6.79888873832731 -2.59388453422273 2.39404681886459
2024-06-15T09:12:29.049 1528.922839873710 -5170.458832339030 -4131.840860274660 6.57771857638910 -1.07680945438076 3.77885821959351
2024-06-15T09:16:29.049 3032.784158422340 -5237.708982539430 -3085.271480414400 5.87781341587924 0.52006970375661 4.88931685330410
2024-06-15T09:20:29.049 4315.904325113470 -4923.753665733910 -1813.525318859480 4.74937314202888 2.08041028324585 5.64368910442758
2024-06-15T09:24:29.049 5284.699377538410 -4251.209039625820 -409.336734413936 3.27450795242057 3.48990551397065 5.98613859630017
2024-06-15T09:28:29.049 5868.550326812000 -3268.993515631690 1024.752232156470 1.56127505255559 4.64509598829448 5.89132129340194
2024-06-15T09:32:29.049 6025.095611081460 -2048.745933782290 2384.014883470580 -0.26440216718272 5.46137289081427 5.36655194466950
2024-06-15T09:36:29.049 5743.345791504970 -679.446884652153 3569.371151463640 -2.06880687587651 5.87973349783241 4.45115763130521
2024-06-15T09:40:29.049 5044.301840051450 739.249012297070 4494.674904463690 -3.72069812826213 5.87067673358061 3.21284206104982
2024-06-15T09:44:29.049 3979.209420231280 2104.334220903820 5092.916015318910 -5.10078623387113 5.43585039013285 1.74232750209424
2024-06-15T09:48:29.049 2625.662827582940 3316.899331568960 5320.943795074280 -6.11005094939511 4.60748517558908 0.14648452801160
2024-06-15T09:52:29.049 1081.905511580970 4289.188697549930 5162.419861541620 -6.67636451493438 3.44567426301737 -1.45944778525422
2024-06-15T09:56:29.049 -540.212190483375 4950.784677673250 4628.885166179820 -6.75907974543608 2.03398816485076 -2.95967563264911
2024-06-15T10:00:29.049 -2123.160733673280 5253.602847706000 3758.950933888010 -6.35182911679192 0.47392382147524 -4.24570853888019
2024-06-15T10:04:29.049 -3552.099997455490 5175.395402561080 2615.629983510220 -5.48333521493342 -1.12192846658864 -5.22391035786693
2024-06-15T10:08:29.049 -4723.168760694550 4721.501099535950 1281.918684410470 -4.21592412109534 -2.63765727508927 -5.82248010851441
2024-06-15T10:12:29.049 -5551.116813206610 3924.614735473140 -145.165181050861 -2.64144593853285 -3.96266150472420 -5.99715426019342
2024-06-15T10:16:29.049 -5975.635713962500 2842.494639055890 -1561.662450903000 -0.87462011537851 -4.99998726485161 -5.73475928348147
2024-06-15T10:20:29.049 -5965.863184685020 1553.777187767760 -2864.336853434190 0.95545274814190 -5.67377006470174 -5.05449225788314
2024-06-15T10:24:29.049 -5522.653340640500 152.160719152239 -3958.318043799000 2.71528314642002 -5.93512497493062 -4.00636767181842
2024-06-15T10:28:29.049 -4678.410349527510 -1260.517610941790 -4764.048803929040 4.27707814031435 -5.76546721656142 -2.66712740862743
2024-06-15T10:32:29.049 -3494.592957617070 -2581.714666086160 -5223.010395959760 5.52792253971126 -5.17745579734521 -1.13423776200407
2024-06-15T10:36:29.049 -2057.180704807500 -3715.566450320690 -5301.863450140770 6.37756624432874 -4.21371786837754 0.48120003084698
2024-06-15T10:40:29.049 -470.463270124163 -4579.734646280380 -4994.790632158660 6.76453845796607 -2.94365928606634 2.06226434346270
2024-06-15T10:44:29.049 1150.407252230450 -5111.288535126720 -4323.927463281130 6.66031510333448 -1.45870946959305 3.49428254537316
2024-06-15T10:48:29.049 2687.634447606170 -5271.290930692980 -3337.862701125160 6.07160840994053 0.13375734891898 4.67280325928326
2024-06-15T10:52:29.049 4029.293361286930 -5047.750508707970 -2108.253002727850 5.04043016370168 1.71790235910130 5.51125882728907
2024-06-15T10:56:29.049 5077.552703264050 -4456.659854662760 -724.704829722534 3.64158152302464 3.17781384740790 5.94763579789528
2024-06-15T11:00:29.049 5755.978230984130 -3540.957840071910 711.773294562358 1.97746962108988 4.40633056416712 5.94961732267671
2024-06-15T11:04:29.049 6015.264135488260 -2367.397146133740 2096.278221633550 0.17028339351433 5.31345545389057 5.51727001893950
2024-06-15T11:08:29.049 5836.871134255840 -1021.564124973380 3327.828803022200 -1.64745057305534 5.83324590658101 4.68299320494078
2024-06-15T11:12:29.049 5234.271932774820 398.530841137813 4316.851156684780 -3.34322070910720 5.92871471889149 3.50873326997125
2024-06-15T11:16:29.049 4251.741286042730 1789.724699938390 4991.670106557130 -4.79441076452635 5.59404265784165 2.08068424854281
2024-06-15T11:20:29.049 2960.925877990320 3051.183917616290 5303.557472893510 -5.89681042437477 4.85424578810243 0.50270395328834
2024-06-15T11:24:29.049 1455.571172037490 4091.587262467890 5230.096450306580 -6.57150515144762 3.76309053209050 -1.11109546257011
2024-06-15T11:28:29.049 -155.222525607255 4835.596090698350 4776.691917318090 -6.77015412168490 2.39919057819803 -2.64432934792755
2024-06-15T11:32:29.049 -1754.755076147010 5229.185390243910 3976.162153567170 -6.47813533558053 0.86056177408989 -3.98621019072221
2024-06-15T11:36:29.049 -3227.014358773270 5243.551497156740 2886.476124142560 -5.71584601509631 -0.74181788363070 -5.03920950296510
2024-06-15T11:40:29.049 -4465.018789308970 4877.319792915310 1586.695976165750 -4.53781052941556 -2.29172115394532 -5.72616928807164
2024-06-15T11:44:29.049 -5378.657130530590 4156.797056102600 171.342772498454 -3.02927824029077 -3.67612206026754 -5.99631777499152
2024-06-15T11:48:29.049 -5901.379589840140 3134.177778118290 -1256.493571668130 -1.30013771957533 -4.79372710151941 -5.82951466053022
2024-06-15T11:52:29.049 -5995.160325000150 1883.757175262060 -2592.752854642400 0.52331072058840 -5.56283549627109 -5.23787522960208
2024-06-15T11:56:29.049 -5653.302746464540 496.452606718894 -3740.090216154160 2.30796925313856 -5.92749978024538 -4.26487970466521
2024-06-15T12:00:29.049 -4900.854803596870 -926.911690712652 -4615.034594005720 3.92406576750016 -5.86158115429954 -2.98187150006206
2024-06-15T12:04:29.049 -3792.647604234800 -2282.994715208500 -5154.028727661670 5.25466229799159 -5.37029202367889 -1.48237649804129
2024-06-15T12:08:29.049 -2409.208744532090 -3473.405825717560 -5317.936157509320 6.20378002596070 -4.48935807671763 0.12485403518005
2024-06-15T12:12:29.049 -850.923786699509 -4411.731568994790 -5094.786212011870 6.70284258608971 -3.28227033530280 1.72351066419182
2024-06-15T12:16:29.049 769.136334321827 -5029.705911162370 -4500.627125052890 6.71533369516635 -1.83590162268566 3.19774761896138
2024-06-15T12:20:29.049 2333.279995010430 -5282.147559808270 -3578.456212730760 6.23955967251791 -0.25467678529853 4.44016968076562
2024-06-15T12:24:29.049 3727.672849336900 -5150.345813003860 -2395.242679727400 5.30926257357071 1.34653654142793 5.35965901064355
2024-06-15T12:28:29.049 4850.669914064470 -4643.589823522890 -1037.162496229940 3.99173962213928 2.85072517316516 5.88833009909032
2024-06-15T12:32:29.049 5620.372842235860 -3798.629222422220 396.667967834505 2.38326755867492 4.14753257030678 5.98698446498761
2024-06-15T12:36:29.049 5980.778759665310 -2677.034491367740 1801.529552486900 0.60197134516905 5.14185361794938 5.64848195363882
2024-06-15T12:40:29.049 5905.940068146270 -1360.605083791070 3074.922320145850 -1.22148211988085 5.76129454291036 4.89828490542287
2024-06-15T12:44:29.049 5401.763517817330 54.757416320563 4124.160818491620 -2.95398492503791 5.96141386203948 3.79213710824278
2024-06-15T12:48:29.049 4505.394819366360 1466.165488484280 4873.134943063780 -4.46995245918838 5.72873249256396 2.41146987226676
2024-06-15T12:52:29.049 3282.292022546710 2771.272090602290 5267.724817046950 -5.66040095235998 5.08107375220472 0.85692818327568
2024-06-15T12:56:29.049 1821.335340197170 3875.589738499290 5279.534707523010 -6.44016411492333 4.06564779409794 -0.75904370080144
2024-06-15T13:00:29.049 228.431392015250 4699.160508962660 4907.804808631190 -6.75331800061403 2.75564564629573 -2.31987984065993
2024-06-15T13:04:29.049 -1381.015686910320 5182.230050706700 4179.452599508800 -6.57711569267588 1.24526053059350 -3.71285165093762
2024-06-15T13:08:29.049 -2890.310422078280 5289.539548201640 3147.204166274930 -5.92365111940636 -0.35670528025987 -4.83686267770181
2024-06-15T13:12:29.049 -4189.827306175980 5012.970245070880 1885.919394576540 -4.83949550821191 -1.93422106602170 -5.60970973817125
2024-06-15T13:16:29.049 -5185.003462279170 4372.289933536020 487.279376063084 -3.40291530893019 -3.37235646195100 -5.97436598090683
2024-06-15T13:20:29.049 -5803.345669739240 3413.855542718600 -946.863068354204 -1.71845196463002 -4.56589501579651 -5.90369403415299
2024-06-15T13:24:29.049 -5999.847249741880 2207.275779913060 -2311.985562422190 0.09086706418402 -5.42755572382803 -5.40273566971563
2024-06-15T13:28:29.049 -5760.312904022450 840.280369323419 -3508.620114702420 1.89293003114630 -5.89455122445585 -4.50829522668299
2024-06-15T13:32:29.049 -5102.344368371790 -587.758721290236 -4449.676018499410 3.55656068107553 -5.93322425673693 -3.28600717240557
2024-06-15T13:36:29.049 -4073.931868197680 -1973.127980886110 -5066.768852120340 4.96123304485601 -5.54119945388807 -1.82510122818438
2024-06-15T13:40:29.049 -2749.850139355710 -3215.293979884320 -5315.097417452770 6.00556053496839 -4.74713091703788 -0.23166364217401
2024-06-15T13:44:29.049 -1226.202096525180 -4224.107321113520 -5176.587172852960 6.61418728495013 -3.60834300361062 1.37898277173273
2024-06-15T13:48:29.049 386.466074965485 -4926.224815075630 -4661.157874126730 6.74279691356269 -2.20677587896073 2.89020440424717
2024-06-15T13:52:29.049 1971.039835818220 -5270.389753681990 -3806.072917694890 6.38133540944797 -0.64350174107911 4.19211057221195
2024-06-15T13:56:29.049 3412.237183834660 -5231.229671746720 -2673.379050785470 5.55515559607165 0.96807887573998 5.18932275886909
2024-06-15T14:00:29.049 4605.026011167690 -4811.271559615240 -1345.533151481980 4.32388473694339 2.51031811827320 5.80827963924231
2024-06-15T14:04:29.049 5462.416672951050 -4040.904853350470 80.583852924870 2.77734589940790 3.87015535511145 6.00315259838894
2024-06-15T14:08:29.049 5921.968369384880 -2976.229989624060 1500.816322725280 1.02901394971790 4.94779359879781 5.75958653760956
2024-06-15T14:12:29.049 5950.457533811610 -1694.907136647580 2811.499838172300 -0.79272997800859 5.66455449695511 5.09599590559241
2024-06-15T14:16:29.049 5546.254513118340 -290.323768102947 3917.176904854700 -2.55469970679167 5.96884425530638 4.06183867252102
2024-06-15T14:20:29.049 4739.251165815680 1135.367390815080 4737.580883224440 -4.12902988714051 5.83955377527899 2.73335984894789
2024-06-15T14:24:29.049 3588.469187289000 2478.721737769560 5213.371798646940 -5.40225492971218 5.28702892748838 1.20760920202921
2024-06-15T14:28:29.049 2177.623034369140 3642.458378303940 5310.283677534670 -6.28324620844728 4.35186419905890 -0.40482439609866
2024-06-15T14:32:29.049 609.015625325813 4542.342302398010 5021.428153901260 -6.70900591604199 3.10152451878366 -1.98767430997840
2024-06-15T14:36:29.049 -1003.720953793650 5113.120825272850 4367.730441609040 -6.64869042160342 1.62586823900551 -3.42672382094500
2024-06-15T14:40:29.049 -2543.680072387480 5313.210887004410 3396.499278525060 -6.10609219257090 0.03115924593222 -4.61763265890425
2024-06-15T14:44:29.049 -3899.056630120010 5127.778081023880 2178.137314960300 -5.11973693848199 -1.56725633406702 -5.47346810740537
2024-06-15T14:48:29.049 -4971.260052899620 4569.955781381920 801.159762262044 -3.76064524064505 -3.05307956363668 -5.93121594428673
2024-06-15T14:52:29.049 -5682.193068146150 3680.041797949740 -634.191340277066 -2.12757985390083 -4.31767391530501 -5.95686063258570
2024-06-15T14:56:29.049 -5980.087496093350 2522.634679993420 -2023.311909379320 -0.33976777654827 -5.26851078356736 -5.54831554588613
2024-06-15T15:00:29.049 -5843.346591737780 1181.883086299770 -3264.968595177220 1.47218591240428 -5.83622324556392 -4.73558761885936
2024-06-15T15:04:29.049 -5282.088775874540 -244.737225378851 -4268.766773980480 3.17629195898675 -5.97978185832199 -3.57835401727974
2024-06-15T15:08:29.049 -4337.288733092040 -1653.593288422820 -4961.734598300760 4.64895727753954 -5.68916238780164 -2.16118717154562
2024-06-15T15:12:29.049 -3077.679356329060 -2942.429916428400 -5293.553039486860 5.78381628613293 -4.98572151080372 -0.58709837955349
2024-06-15T15:16:29.049 -1594.712986343510 -4017.713949444950 -5240.101318676890 6.49898115887203 -3.92032680719030 1.02989542660559
2024-06-15T15:20:29.049 4.016133984889 -4801.311392260230 -4805.147785405580 6.74257914649914 -2.56968064481243 2.57274979899105
2024-06-15T15:24:29.049 1602.442210005250 -5236.088728983660 -4020.109996088400 6.49632533432795 -1.03110891657395 3.92942908657244
2024-06-15T15:28:29.049 3084.328738850630 -5290.105435952300 -2941.905638662700 5.77719386621726 0.58397781946594 5.00074290875522
2024-06-15T15:32:29.049 4341.710481038070 -4959.081494085540 -1648.969050323740 4.63681167892119 2.15786350453819 5.70774977700345
2024-06-15T15:36:29.049 5282.876063427210 -4266.889885053850 -235.605765789675 3.15825397107311 3.57515296389060 5.99805947314636
2024-06-15T15:40:29.049 5839.247078606890 -3263.907544515590 1194.964260496170 1.44995657474418 4.73184895974116 5.85027708072625
2024-06-15T15:44:29.049 5970.491188161780 -2023.286208644410 2538.293626218630 -0.36264635120415 5.54336961434162 5.27564118721878
2024-06-15T15:48:29.049 5667.458537574720 -635.482362435468 3696.481067382800 -2.14683082781179 5.95100155611527 4.31706451692394
2024-06-15T15:52:29.049 4952.700010672030 798.504740462706 4585.382874563090 -3.77284131535003 5.92607304916053 3.04545873198303
2024-06-15T15:56:29.049 3878.586865615830 2174.575576609030 5140.661465079220 -5.12338563895989 5.47145896651155 1.55386418809583
2024-06-15T16:00:29.049 2523.333756008710 3393.041662439270 5322.277974608180 -6.10160385407769 4.62074725503683 -0.04947285685761
2024-06-15T16:04:29.049 985.279869112479 4365.713166323430 5117.239542416450 -6.63758825705311 3.43555631689113 -1.64876678961937
2024-06-15T16:08:29.049 -624.155721736967 5022.114751432680 4540.439924956820 -6.69280654654170 2.00104879650891 -3.12870988645236
2024-06-15T16:12:29.049 -2188.351716477920 5314.495049291440 3633.617027061530 -6.26275015464554 0.42039152778625 -4.38220065680774
2024-06-15T16:16:29.049 -3593.790655175380 5221.340998488600 2462.470732585000 -5.37775181040013 -1.19218926875647 -5.31786996680044
2024-06-15T16:20:29.049 -4738.284896551320 4749.078403364910 1112.040291035230 -4.10138625450571 -2.71952544830637 -5.86696943945064
2024-06-15T16:24:29.049 -5538.492299877320 3931.750879534880 -319.405715182173 -2.52622880490483 -4.05006116448363 -5.98877137412443
2024-06-15T16:28:29.049 -5936.129200409410 2828.642876931440 -1727.561813600650 -0.76721106987979 -5.08640391741813 -5.67406134251141
2024-06-15T16:32:29.049 -5902.315557930200 1519.939214062010 -3009.799683028370 1.04715492849078 -5.75288737485069 -4.94592896052514
2024-06-15T16:36:29.049 -5439.666260094690 100.794739905633 -4072.743085118120 2.78458639349396 -6.00118236952343 -3.85786880209475
2024-06-15T16:40:29.049 -4581.999026164700 -1325.678893099580 -4839.099473235660 4.31896857391861 -5.81366811146134 -2.48950571918089
2024-06-15T16:44:29.049 -3391.739343800300 -2655.933240821680 -5253.210172485480 5.53939658508811 -5.20426295380700 -0.94037497255425
2024-06-15T16:48:29.049 -1955.326933486750 -3793.431853037030 -5284.985437844380 6.35780800722866 -4.21709474360818 0.67726695369710
2024-06-15T16:52:29.049 -376.984181630351 -4655.545698136450 -4932.018361940370 6.71491580782211 -2.92325501241544 2.24631400162687
2024-06-15T16:56:29.049 1228.724860922490 -5179.475251539990 -4219.781731476030 6.58435090471898 -1.41595921802602 3.65290077595707
2024-06-15T17:00:29.049 2745.087318379180 -5326.828468971090 -3199.882290859610 5.97474513780513 0.19578226093874 4.79440946879743
2024-06-15T17:04:29.049 4061.672652635560 -5086.526128051550 -1946.454735687250 4.92960758987074 1.79470009164781 5.58689612616931
2024-06-15T17:08:29.049 5082.455323035000 -4475.791087046620 -550.872591772539 3.52483584583054 3.26369681124857 5.97164486125549
2024-06-15T17:12:29.049 5733.008779032960 -3539.023740592770 884.948178426677 1.86339259322962 4.49489319535046 5.92015984132607
2024-06-15T17:16:29.049 5966.089829920670 -2344.543849566500 2256.147268895890 0.06734785448726 5.39814798523151 5.43654568561311
2024-06-15T17:20:29.049 5765.100415611800 -979.469284135292 3462.739343255170 -1.73166209872281 5.90793210011330 4.55702016387977
2024-06-15T17:24:29.049 5145.166033305580 456.803154928678 4416.996082650750 -3.40259740453079 5.98802206478629 3.34677655217383
2024-06-15T17:28:29.049 4151.810633600000 1859.942336750180 5049.792587776360 -4.82469821790908 5.63367519830148 1.89460283083013
2024-06-15T17:32:29.049 2857.453044526130 3128.254953344750 5315.471326295480 -5.89587945020960 4.87139231489442 0.30605726695112
2024-06-15T17:36:29.049 1356.073733545680 4169.939207782540 5194.966469907160 -6.53952132511962 3.75655038620066 -1.30410888711967
2024-06-15T17:40:29.049 -243.532715917898 4909.561057411250 4697.078188124520 -6.70948322581327 2.36938407428258 -2.81975924353993
2024-06-15T17:44:29.049 -1825.482811453740 5293.397070786780 3857.846074485090 -6.39317248826863 0.80957588901688 -4.13133272876551
2024-06-15T17:48:29.049 -3275.034747844470 5293.334983172450 2738.052774567440 -5.61273555279433 -0.81034368412254 -5.14343737238293
2024-06-15T17:52:29.049 -4486.852172486900 4909.035555181480 1418.963281439830 -4.42402366533795 -2.37283529550697 -5.78186016610043
2024-06-15T17:56:29.049 -5372.722777095640 4168.120554477070 -3.484428489702 -2.91307951433711 -3.76390263225434 -5.99937249477375
2024-06-15T18:00:29.049 -5868.119722048730 3124.275793153080 -1425.669019946390 -1.19003175908671 -4.88173453021891 -5.77964833644488
2024-06-15T18:04:29.049 -5937.024330290930 1853.352842226320 -2743.939425231630 0.61923204924236 -5.64463797071478 -5.13876675357534
2024-06-15T18:08:29.049 -5574.560287405870 447.760088042688 -3862.279781156390 2.38272580876460 -5.99717806977538 -4.12383543900120
2024-06-15T18:12:29.049 -4807.264965714220 -990.360388380942 -4699.345972691460 3.97230351794308 -5.91412802567930 -2.80918996060471
2024-06-15T18:16:29.049 -3691.021440666080 -2356.603169116900 -5194.334602681510 5.27300719564573 -5.40188513174660 -1.29056991955141
2024-06-15T18:20:29.049 -2306.913539005260 -3551.827163797340 -5311.289980442240 6.19098082443214 -4.49760642714988 0.32194357879735
2024-06-15T18:24:29.049 -755.367548754262 -4489.239025943320 -5041.631258423050 6.65981416386841 -3.26642306176855 1.91163671404184
2024-06-15T18:28:29.049 851.020044881613 -5100.601768269830 -4404.778279524370 6.64509881981721 -1.79697350916482 3.36322365607907
2024-06-15T18:32:29.049 2395.524584990260 -5341.193978662770 -3446.843596339830 6.14712329684977 -0.19546025833435 4.57089524182020
2024-06-15T18:36:29.049 3765.719560637680 -5193.159716079020 -2237.413226750510 5.20126419397825 1.42176939017794 5.44605523251427
2024-06-15T18:40:29.049 4861.698593681610 -4666.965210273630 -864.595478103500 3.87595771603017 2.93647490666202 5.92396774038310
2024-06-15T18:44:29.049 5603.520682594520 -3800.793153854670 571.385855834145 2.26813431161132 4.23744035568189 5.96914493326146
2024-06-15T18:48:29.049 5937.222219879870 -2657.790959651160 1965.635061928280 0.49594377755952 5.22922802213858 5.57843000941223
2024-06-15T18:52:29.049 5838.822834762880 -1321.348542039430 3216.429004501600 -1.31056858557564 5.83966412859277 4.78118398480316
2024-06-15T18:56:29.049 5315.973128568070 111.163982505490 4232.754109550150 -3.01955921066978 6.02510349438709 3.63665598243352
2024-06-15T19:00:29.049 4407.178935556940 1535.626902312060 4940.924173848060 -4.50730978379280 5.77317446316246 2.22899647487157
2024-06-15T19:04:29.049 3178.782735140710 2848.750170747920 5289.793318194000 -5.66688581252127 5.10302414237699 0.66071705491752
2024-06-15T19:08:29.049 1720.046407187600 3955.461338350330 5254.288163672410 -6.41529480238749 4.06353395158167 -0.95471714832664
2024-06-15T19:12:29.049 136.709682359847 4775.638732044150 4837.086002485870 -6.69895029261022 2.72964786665964 -2.50084574050694
2024-06-15T19:16:29.049 -1456.522436478950 5249.770506514230 4068.396098884420 -6.49718104001468 1.19723016936321 -3.86597843314153
2024-06-15T19:20:29.049 -2944.126629286310 5343.241940446970 3003.878386887910 -5.82392755970527 -0.42328527619336 -4.95099286349636
2024-06-15T19:24:29.049 -4218.049757169610 5048.944593844560 1720.751117642170 -4.72724668606508 -2.01446565700814 -5.67648202575675
2024-06-15T19:28:29.049 -5185.599002841950 4387.945853791740 312.294256830966 -3.28635748996480 -3.46039382964911 -5.98889591705808
2024-06-15T19:32:29.049 -5776.308996575470 3408.085408553890 -1118.919283642260 -1.60616228589928 -4.65531718947525 -5.86490664764702
2024-06-15T19:36:29.049 -5947.207495973370 2180.532061360710 -2468.582604251650 0.19061545307144 -5.51185065373148 -5.31350016570356
2024-06-15T19:40:29.049 -5685.983528175450 794.534754195259 -3638.374416531210 1.97282749407557 -5.96765892397482 -4.37522961007161
2024-06-15T19:44:29.049 -5011.812837355560 -649.177946583020 -4543.184944897610 3.61087966672659 -5.98994911975644 -3.11887806192606
2024-06-15T19:48:29.049 -3973.834121549940 -2045.776723950800 -5117.275758935560 4.98617518053700 -5.57749165397389 -1.63605907379102
2024-06-15T19:52:29.049 -2647.477723752800 -3293.920963546510 -5318.958483885540 5.99948137420078 -4.76033706842504 -0.03433586900005
2024-06-15T19:56:29.049 -1128.981879172840 -4303.005828926450 -5133.515240696900 6.57759051167800 -3.59735518604579 1.57039569955952
2024-06-15T20:00:29.049 471.480003593619 -4999.627033617610 -4574.251649058390 6.67827614595562 -2.17221186060295 3.06184759174879
2024-06-15T20:04:29.049 2037.655446306270 -5332.890428366820 -3681.618724170690 6.29345535717672 -0.58776588601283 4.33143747490744
2024-06-15T20:08:29.049 3455.576457522610 -5278.202126841360 -2520.417512024630 5.45024575216264 1.04095469916077 5.28609103492132
2024-06-15T20:12:29.049 4621.894286954220 -4839.216820979030 -1175.199914971130 4.20954022202528 2.59503399759487 5.85538087910826
2024-06-15T20:16:29.049 5451.532418087630 -4047.709780914210 255.870698026277 2.66182927562430 3.96051848999209 5.99705479876111
2024-06-15T20:20:29.049 5884.066289438160 -2961.336694930100 1668.251790072310 0.92076640900472 5.03712545942587 5.70065124762670
2024-06-15T20:24:29.049 5888.251867633130 -1659.362358132130 2958.844297657430 -0.88576820730524 5.74625741729838 4.98854010492208
2024-06-15T20:28:29.049 5464.237209830210 -236.695361346975 4033.665002535610 -2.62574520407133 6.03690076815387 3.91374007349567
2024-06-15T20:32:29.049 4643.362166451760 1203.180316796180 4814.710670319570 -4.17287862287432 5.88898878143110 2.55549368272368
2024-06-15T20:36:29.049 3485.653487710040 2555.794365986390 5245.523120135120 -5.41579177768019 5.31428555114195 1.01293169376197
2024-06-15T20:40:29.049 2075.313671158920 3723.190023976940 5295.096133481270 -6.26550254244941 4.35489983976207 -0.60223939576421
2024-06-15T20:44:29.049 514.622269498471 4620.853237797810 4959.973044145950 -6.66117592339129 3.08010494708334 -2.17345865414740
2024-06-15T20:48:29.049 -1083.350732443090 5183.698098134800 4264.452309040850 -6.57424406135825 1.58157410753004 -3.58733538014834
2024-06-15T20:52:29.049 -2602.769747058600 5370.716903486030 3258.889316232400 -6.01040713728357 -0.03280302202571 -4.74136147096636
2024-06-15T20:56:29.049 -3933.315339150510 5168.030562286500 2016.196118369760 -5.00976423061236 -1.64618879850091 -5.55124779385250
2024-06-15T21:00:29.049 -4978.208848429790 4590.037758726250 626.675853453785 -3.64444275325877 -3.14119694382856 -5.95730856330394
2024-06-15T21:04:29.049 -5661.361790567520 3678.514405813520 -808.503640585133 -2.01371045793033 -4.40853077932583 -5.92934641778966
2024-06-15T21:08:29.049 -5933.050924761020 2499.638494728100 -2184.754491192370 -0.23660688776318 -5.35546508523251 -5.46925348899193
2024-06-15T21:12:29.049 -5773.607390873630 1139.123801182340 -3401.801556736100 1.55704955158953 -5.91296817337292 -4.61084631537136
2024-06-15T21:16:29.049 -5194.813484949680 -304.130760933499 -4371.072234144220 3.23667692790067 -6.04083762256339 -3.41714646217723
2024-06-15T21:20:29.049 -4238.903528608630 -1725.316521573990 -5022.131742885440 4.68062522772360 -5.73024147459231 -1.97528175997930
2024-06-15T21:24:29.049 -2975.372751247200 -3021.303980178790 -5307.700231941570 5.78465713876206 -5.00386297339562 -0.38991746292386
2024-06-15T21:28:29.049 -1495.918668169330 -4098.032649894150 -5206.988536237440 6.46906253036364 -3.91412501552043 1.22417417072891
2024-06-15T21:32:29.049 92.134879158783 -4877.228720639390 -4727.162946852780 6.68406120397352 -2.53939318802366 2.75013574838588
2024-06-15T21:36:29.049 1673.477457338170 -5302.031647625290 -3902.887379290800 6.41332569664152 -0.97876422986750 4.07700980323455
2024-06-15T21:40:29.049 3133.082232254950 -5341.198086933990 -2793.953050572620 5.67562757145179 0.65462757859076 5.10765684803643
2024-06-15T21:44:29.049 4364.583848793200 -4991.531527815910 -1481.064694584970 4.52403986101330 2.24160132892333 5.76606572352043
2024-06-15T21:48:29.049 5278.162867764430 -4278.280108102050 -60.004967969258 3.04254807159598 3.66584108467499 6.00348186627256
2024-06-15T21:52:29.049 5807.258874916730 -3253.360077627700 1365.436211050610 1.33976715934224 4.82284122781511 5.80237128258324
2024-06-15T21:56:29.049 5913.536366481560 -1991.539154437250 2691.182623582380 -0.45922667269850 5.62795175351072 5.17793268456188
2024-06-15T22:00:29.049 5589.678248482250 -584.828219906399 3820.631574444800 -2.22274210748795 6.02302224237983 4.17676085544724
2024-06-15T22:04:29.049 4859.745561872250 864.402693664022 4671.747127995370 -3.82261584291421 5.98030419522011 2.87280153441485
2024-06-15T22:08:29.049 3777.203624684560 2250.941928284770 5182.947282164010 -5.14342873680268 5.50393205416812 1.36145622806075
2024-06-15T22:12:29.049 2420.870016786310 3474.338104701370 5317.410363859040 -6.09052071019113 4.62910734562616 -0.24762043513515
2024-06-15T22:16:29.049 889.151458323698 4446.039390001830 5065.562842552550 -6.59618545229640 3.41914965342485 -1.83832321868441
2024-06-15T22:20:29.049 -706.978896852086 5095.631988791760 4445.691103763790 -6.62399470501847 1.96107121060134 -3.29589016147701
2024-06-15T22:24:29.049 -2251.849713938320 5375.869905806410 3502.673541263160 -6.17150595586766 0.35980887368248 -4.51478987474215
2024-06-15T22:28:29.049 -3633.352175335370 5266.133109099260 2304.857362003550 -5.27075060851938 -1.26894960664470 -5.40615806487180
2024-06-15T22:32:29.049 -4751.052916464400 4774.059868400860 939.238567890908 -3.98648819146040 -2.80683636747687 -5.90447303931498
2024-06-15T22:36:29.049 -5523.582299077190 3935.147093950710 -494.802166931602 -2.41190637861792 -4.14152347704326 -5.97276304170357
2024-06-15T22:40:29.049 -5894.699990129210 2810.257092133030 -1892.779092518860 -0.66190722010334 -5.17535483668969 -5.60577904809803
2024-06-15T22:44:29.049 -5837.480892589950 1481.153484228170 -3152.829145798890 1.13569766146625 -5.83291396600059 -4.83046693645526
2024-06-15T22:48:29.049 -5356.251263364250 44.452685785586 -4183.223138502370 2.84995273580164 -6.06658604106505 -3.70375580972968
2024-06-15T22:52:29.049 -4486.161857235510 -1395.484188211080 -4909.058489938020 4.35650727910688 -5.85979129352455 -2.30801757768482
2024-06-15T22:56:29.049 -3290.509005991670 -2734.154436640610 -5277.634349300860 5.54656366571383 -5.22785280860394 -0.74470332747302
2024-06-15T23:00:29.049 -1856.078426078910 -3874.421149478170 -5262.149984912780 6.33424734330206 -4.21641772126585 0.87305108856129
2024-06-15T23:04:29.049 -286.920477855137 -4733.434878306580 -4863.595179823660 6.66240453461884 -2.89822707821601 2.42813322027784
2024-06-15T23:08:29.049 1303.067428349870 -5248.580896044480 -4110.725496116060 6.50662678160333 -1.36820502874460 3.80762373300643
2024-06-15T23:12:29.049 2798.283192222610 -5382.063754333030 -3058.102919184050 5.87730092579127 0.26291287288170 4.91068413395820
2024-06-15T23:16:29.049 4089.805573834010 -5123.803999958440 -1782.278446205790 4.81947169386843 1.87628553856628 5.65609806475658
2024-06-15T23:20:29.049 5083.432112811900 -4492.349127891640 -376.287674407787 3.41006493237604 3.35370145320837 5.98864556142026
2024-06-15T23:24:29.049 5706.728194609730 -3533.632364088590 1057.187010294970 1.75242134841780 4.58667139516819 5.88373672568440
2024-06-15T23:28:29.049 5914.452855172710 -2317.586154963070 2413.468429152630 -0.03169150276287 5.48499090245293 5.34942838355204
2024-06-15T23:32:29.049 5691.858782881140 -932.900359177657 3593.675369574990 -1.81156551249214 5.98351622886024 4.42561174879462
2024-06-15T23:36:29.049 5055.645283112230 519.602694147258 4512.011713475350 -3.45752240066449 6.04688281192403 3.18069165765128
2024-06-15T23:40:29.049 4052.519391000080 1934.428606167410 5101.978063090010 -4.85071404366112 5.67161534139627 1.70593996234870
2024-06-15T23:44:29.049 2755.590585256720 3209.041859233120 5321.024604985030 -5.89116556077814 4.88562645797414 0.10848730375998
2024-06-15T23:48:29.049 1259.014959803420 4251.169085260480 5153.469981380760 -6.50444956120043 3.74597735288787 -1.49622907385539
2024-06-15T23:52:29.049 -328.763314681656 4985.330432044650 4611.530556497070 -6.64657454400069 2.33472182369618 -2.99249521992494
2024-06-15T23:56:29.049 -1892.705007394970 5358.191709994120 3734.444059705000 -6.30691331892796 0.75334366653252 -4.27212176928786
2024-06-16T00:00:29.049 -3319.358696985550 5342.443206789290 2585.751695644520 -5.50933485483391 -0.88402458143572 -5.24198713518348
2024-06-16T00:04:29.049 -4505.048005842890 4938.899561167700 1248.840055301810 -4.31103176785254 -2.45853151340982 -5.83090865964716
2024-06-16T00:08:29.049 -5363.478673003040 4176.600718286870 -179.038563884462 -2.79882629987181 -3.85530701523737 -5.99530604980561
2024-06-16T00:12:29.049 -5832.150740865630 3110.799080187590 -1593.867895280520 -1.08295351698121 -4.97219047841890 -5.72280589445663
2024-06-16T00:16:29.049 -5877.013710734620 1818.939470837420 -2892.547171824320 0.71126511943949 -5.72759779477770 -5.03336399076510
2024-06-16T00:20:29.049 -5494.953985765450 394.938804556664 -3980.509574828060 2.45300223042470 -6.06670077945480 -3.97765219963913
2024-06-16T00:24:29.049 -4713.922670144970 -1057.748221466210 -4778.642882312330 4.01581825466618 -5.96526831333452 -2.63291307035728
2024-06-16T00:28:29.049 -3590.770111232940 -2433.677162085900 -5228.975326804040 5.28673752738899 -5.43096830317797 -1.09697512371195
2024-06-16T00:32:29.049 -2207.050182974990 -3633.003688394700 -5298.785293967460 6.17405908758811 -4.50249418903705 0.51885088096397
2024-06-16T00:36:29.049 -663.135052464385 -4568.622886159930 -4982.891670480680 6.61353358863229 -3.24666477374564 2.09769317169068
2024-06-16T00:40:29.049 928.934094351811 -5172.396194137780 -4304.044219246940 6.57277296893401 -1.75384540622593 3.52499191556883
2024-06-16T00:44:29.049 2453.450776744610 -5400.113964234520 -3311.398800682640 6.05386459412929 -0.13193271402365 4.69660081284390
2024-06-16T00:48:29.049 3799.398801193800 -5234.830952011900 -2077.091224719760 5.09368650596292 1.50108381982893 5.52635220965839
2024-06-16T00:52:29.049 4868.617549493510 -4688.290408700420 -691.090428777762 3.76190868090481 3.02564910244457 5.95284588728759
2024-06-16T00:56:29.049 5583.131524425920 -3800.193352261740 745.399055123253 2.15602941390554 4.32984200263021 5.94448649871517
2024-06-16T01:00:29.049 5890.991266360320 -2635.306729019870 2127.453530673430 0.39402980938258 5.31807723126271 5.50209429264356
2024-06-16T01:04:29.049 5770.115597066580 -1278.620198320470 3354.255559718860 -1.39481306774579 5.91848944418815 4.65882679397710
2024-06-16T01:08:29.049 5229.797303797480 171.027227177165 4336.560192974140 -3.07999312777172 6.08820322682319 3.47724862063853
2024-06-16T01:12:29.049 4309.816951695630 1608.279505705610 5003.174132105420 -4.53953722121990 5.81601917964386 2.04422948952670
2024-06-16T01:16:29.049 3077.318155186500 2928.937247885610 5305.988386235750 -5.66865901366054 5.12259769780132 0.46402188369733
2024-06-16T01:20:29.049 1621.835810423810 4037.393201224150 5223.260496938240 -6.38657209020659 4.05839475684630 -1.14916034389952
2024-06-16T01:24:29.049 48.866653193699 4853.381336579850 4761.081032939480 -6.64179812241257 2.70008201259383 -2.67891970699691
2024-06-16T01:28:29.049 -1527.631811296520 5317.681444968200 3952.931303388270 -6.41572969095951 1.14535902403983 -4.01473002181383
2024-06-16T01:32:29.049 -2993.345270235060 5396.387125977500 2857.342464588290 -5.72406714576324 -0.49371858119598 -5.05958035872671
2024-06-16T01:36:29.049 -4241.805810078050 5083.456437641740 1553.804490189050 -4.61621461431121 -2.09835255050078 -5.73692694216672
2024-06-16T01:40:29.049 -5182.174352357240 4401.320605741010 137.102588153969 -3.17228028538933 -3.55156308775661 -5.99673547176133
2024-06-16T01:44:29.049 -5745.980170394430 3399.372399185500 -1289.583889252100 -1.49742363858424 -4.74708215438263 -5.81957849581446
2024-06-16T01:48:29.049 -5892.230038790250 2150.395786425270 -2622.288353865770 0.28601861125229 -5.59753020182495 -5.21838775287555
2024-06-16T01:52:29.049 -5610.417243076730 745.190018119518 -3763.947703444430 2.04795573907400 -6.04108385284928 -4.23734920233351
2024-06-16T01:56:29.049 -4921.206423008220 -714.136471245235 -4631.517098653070 3.66033969014188 -6.04586065384063 -2.94831420330659
2024-06-16T02:00:29.049 -3874.803734820770 -2121.638679504200 -5161.969505493680 5.00651206504024 -5.61189011038364 -1.44517219540092
2024-06-16T02:04:29.049 -2547.218468533020 -3375.186317777850 -5316.768598775350 5.98933427543496 -4.77067429089085 0.16310916225785
2024-06-16T02:08:29.049 -1034.761484373790 -4383.759430215510 -5084.580387420600 6.53772133124944 -3.58276189233399 1.76012467188933
2024-06-16T02:12:29.049 552.832656807295 -5073.962703187670 -4482.091632695400 6.61155456963626 -2.13362286891027 3.23014224309120
2024-06-16T02:16:29.049 2100.227952836620 -5395.334894480850 -3552.884801210110 6.20460813707345 -0.52785137153450 4.46605139789099
2024-06-16T02:20:29.049 3494.789650282950 -5324.123044471380 -2364.437091869210 5.34559430723107 1.11789924105429 5.37711594338138
2024-06-16T02:24:29.049 4634.836042409700 -4865.184261104270 -1003.323349417920 4.09659962289760 2.68332088685904 5.89597532821935
2024-06-16T02:28:29.049 5437.203418545100 -4051.790203813060 431.089018593235 2.54893825338900 4.05346994100737 5.98414818938704
2024-06-16T02:32:29.049 5843.491555640180 -2943.238028491320 1834.016372317940 0.81629944065286 5.12786343776715 5.63527520668904
2024-06-16T02:36:29.049 5824.395725406320 -1620.418815366650 3103.071341384560 -0.97411409559683 5.82816336993655 4.87555106586023
2024-06-16T02:40:29.049 5381.778960710110 -179.757630632352 4145.866841087110 -2.69146668032296 6.10405012866271 3.76150243002831
2024-06-16T02:44:29.049 4548.343651538840 1273.972124225030 4886.760204813710 -4.21119625310520 5.93660590644734 2.37518944706049
2024-06-16T02:48:29.049 3385.018266300500 2635.318603088790 5272.234082383100 -5.42401362060910 5.33900666947701 0.81772257438095
2024-06-16T02:52:29.049 1976.387960401770 3805.710139542280 5274.581190415270 -6.24314453745493 4.35500636161966 -0.79819101864166
2024-06-16T02:56:29.049 424.579093947432 4700.426091961010 4893.756353321370 -6.60996630701835 3.05556664501629 -2.35605763419335
2024-06-16T03:00:29.049 -1157.988152259940 5254.575387591030 4157.350258125970 -6.49784416408789 1.53408995868540 -3.74336256684678
2024-06-16T03:04:29.049 -2656.585130240910 5427.773651238700 3118.691487089910 -5.91434966988823 -0.09979237300486 -4.85944226541053
2024-06-16T03:08:29.049 -3962.405837260950 5207.141158471060 1853.108307644940 -4.90103947471550 -1.72783701817416 -5.62274051618772
2024-06-16T03:12:29.049 -4980.474296817300 4608.383726476890 452.582432094106 -3.53100242612175 -3.23152319890206 -5.97696756512384
2024-06-16T03:16:29.049 -5636.668792874310 3674.797993880930 -980.914422714227 -1.90388259236039 -4.50093421557283 -5.89575656662305
2024-06-16T03:20:29.049 -5883.247981164540 2474.169383678890 -2342.924486051390 -0.13847759002858 -5.44323673432393 -5.38491302243218
2024-06-16T03:24:29.049 -5702.384307902960 1093.781089099810 -3534.229208443820 1.63634286082085 -5.98981380979798 -4.48199017676961
2024-06-16T03:28:29.049 -5107.404192991550 -366.044597177172 -4468.146726059530 3.29146718201786 -6.10125092935949 -3.25319119995536
2024-06-16T03:32:29.049 -4141.691279192960 -1799.307690361910 -5076.815028820900 4.70704575068716 -5.76986117547461 -1.78812651730781
2024-06-16T03:36:29.049 -2875.426883265730 -3102.004944869190 -5316.025648144990 5.78089620297930 -5.01981215673065 -0.19309430185637
2024-06-16T03:40:29.049 -1400.484327041410 -4179.578061697810 -5168.332770661890 6.43545502722043 -3.90514359270769 1.41649255905990
2024-06-16T03:44:29.049 176.138548782515 -4953.659180414470 -4644.292230751820 6.62297839830071 -2.50599355605844 2.92402403532471
2024-06-16T03:48:29.049 1739.942531392400 -5367.732135162730 -3781.781364539790 6.32913265833447 -0.92327345743687 4.21979754581997
2024-06-16T03:52:29.049 3177.154896503970 -5391.309764325590 -2643.384597348090 5.57434147522915 0.72825190738157 5.20886575850471
2024-06-16T03:56:29.049 4383.017221841290 -5022.322834647620 -1311.978143986620 4.41295423655273 2.32798994160626 5.81821277374883
2024-06-16T04:00:29.049 5269.556964823530 -4287.439155672770 115.278388025593 2.92968471501697 3.75858514303609 6.00263516461314
2024-06-16T04:04:29.049 5772.185834526920 -3240.192172511020 1534.117391359190 1.23344447156912 4.91499590895896 5.74854116921428
2024-06-16T04:08:29.049 5854.527269954060 -1957.007590809550 2840.948349890470 -0.55113825756882 5.71273528984138 5.07511483297517
2024-06-16T04:12:29.049 5511.029564503730 -531.460783970424 3940.569808568070 -2.29348276490731 6.09424619277450 4.03256007554668
2024-06-16T04:16:29.049 4767.194382697100 932.711439061659 4753.146264323710 -3.86701947964017 6.03284449152229 2.69781324118139
2024-06-16T04:20:29.049 3677.497258802090 2329.230301476450 5219.917918564960 -5.15830546038936 5.53406478632594 1.16846913027877
2024-06-16T04:24:29.049 2321.256337137280 3556.939288950760 5307.296466104960 -6.07488998165542 4.63469641307704 -0.44462340554711
2024-06-16T04:28:29.049 796.852398126152 4526.976992109640 5009.114603403440 -6.55124224923830 3.39978231852453 -2.02509558791606
2024-06-16T04:32:29.049 -785.286300744367 5169.043647027040 4347.005432557030 -6.55304602480222 1.91807679630406 -3.45896709615253
2024-06-16T04:36:29.049 -2310.497677109330 5436.410415373910 3368.897332990510 -6.07960336239174 0.29618855119499 -4.64234112235132
2024-06-16T04:40:29.049 -3668.073779740070 5309.378309401160 2145.696375708310 -5.16447263230550 -1.34857244412039 -5.48883886957828
2024-06-16T04:44:29.049 -4759.305657654630 4796.850509801440 766.266446565452 -3.87354361237209 -2.89661443138761 -5.93616931662307
2024-06-16T04:48:29.049 -5504.753689519390 3935.827532286180 -668.988438122080 -2.30056356228056 -4.23486543302965 -5.95112097198526
2024-06-16T04:52:29.049 -5850.161059140260 2788.788726653960 -2055.490314464230 -0.56030849335082 -5.26545878236313 -5.53238016208408
2024-06-16T04:56:29.049 -5770.480466962640 1439.110846889900 -3292.213551602640 1.22012922004330 -5.91321310287070 -4.71067347673452
2024-06-16T05:00:29.049 -5271.677821471140 -15.093683964385 -4289.137654684740 2.91107407594448 -6.13127463576064 -3.54634408016236
2024-06-16T05:04:29.049 -4390.171659157170 -1468.206898179110 -4973.801466177660 4.38996610920652 -5.90423923219935 -2.12441238884319
2024-06-16T05:08:29.049 -3190.063153922840 -2814.773932154140 -5296.480087712740 5.55001915831413 -5.24879728281232 -0.54814780459719
2024-06-16T05:12:29.049 -1758.447005791890 -3957.066325705670 -5233.685230402890 6.30748208323427 -4.21223147863588 1.06835735576738
2024-06-16T05:16:29.049 -199.169126384659 -4812.057296511990 -4789.825344975240 6.60732082415951 -2.86906444471313 2.60807379719201
2024-06-16T05:20:29.049 1374.567394742860 -5317.386278015830 -3996.939430414350 6.42707946679334 -1.31604440061985 3.95910403943499
2024-06-16T05:24:29.049 2848.303444785620 -5435.949473469840 -2912.515785682350 5.77892283242701 0.33432189011691 5.02256493789212
2024-06-16T05:28:29.049 4114.653952926510 -5158.752864620510 -1615.458028231240 4.70936295215250 1.96170780968128 5.72005166998430
2024-06-16T05:32:29.049 5081.244313014270 -4505.738163298540 -200.386659897697 3.29625703002793 3.44683314906440 5.99988477951989
2024-06-16T05:36:29.049 5677.616608643790 -3524.428400052460 1229.329349357930 1.64324703749894 4.68064277772352 5.84135487949629
2024-06-16T05:40:29.049 5860.507058461870 -2286.429334860580 2569.273333928500 -0.12818226445380 5.57281936299263 5.25650938337229
2024-06-16T05:44:29.049 5617.003248808900 -882.057513761337 3721.770954578310 -1.88824614125409 6.05873658182884 4.28906041738969
2024-06-16T05:48:29.049 4965.336778751830 586.428830558340 4603.079746736840 -3.50884039978460 6.10404518245468 3.01056878632005
2024-06-16T05:52:29.049 3953.330390790530 2012.377188372730 5149.410408620490 -4.87294754277754 5.70658376838230 1.51466318889361
2024-06-16T05:56:29.049 2654.735255504020 3292.455315242970 5321.397956922470 -5.88274922289088 4.89592991336220 -0.09000570908709
2024-06-16T06:00:29.049 1163.810988468710 4334.005393085750 5106.776208405900 -6.46606604252225 3.73088962096927 -1.68758745226887
2024-06-16T06:04:29.049 -411.418404590898 5061.585699286190 4521.162003083200 -6.58102172104629 2.29529623754193 -3.16287961561406
2024-06-16T06:08:29.049 -1956.825412208210 5422.327046439440 3606.955817578800 -6.21894789705589 0.69236481389101 -4.40917737962957
2024-06-16T06:12:29.049 -3360.299019582050 5389.777446975060 2430.398717357490 -5.40529846179427 -0.96220649669268 -5.33571243167770
2024-06-16T06:16:29.049 -4519.831699408700 4965.963750438750 1076.915846226750 -4.19841990509081 -2.54823043360398 -5.87441784308323
2024-06-16T06:20:29.049 -5351.021837936730 4181.407079876820 -355.015180197970 -2.68582636234028 -3.94994660983351 -5.98535118203597
2024-06-16T06:24:29.049 -5793.357688959760 3092.993241432090 -1761.069279110180 -0.97783916310659 -5.06482373238243 -5.66008177808154
2024-06-16T06:28:29.049 -5814.721066234530 1779.824097502030 -3038.786772909750 0.80077939301711 -5.81146396760047 -4.92248438366225
2024-06-16T06:32:29.049 -5413.714705914690 337.362857363939 -4095.139641457290 2.52042338170918 -6.13573995170989 -3.82673014701523
2024-06-16T06:36:29.049 -4619.656056052240 -1129.600397178290 -4853.320341157610 4.05630399689340 -6.01447265650828 -2.45292992192255
2024-06-16T06:40:29.049 -3490.326904922090 -2514.586890303710 -5258.261377190200 5.29742929180676 -5.45678316053199 -0.90098685176777
2024-06-16T06:44:29.049 -2107.708166717920 -3717.090511444910 -5280.519912455740 6.15424956777031 -4.50297218118632 0.71672588955110
2024-06-16T06:48:29.049 -572.087521679438 -4649.746470266350 -4918.345740351630 6.56463217273267 -3.22161946589637 2.28313805070949
2024-06-16T06:52:29.049 1005.081547608160 -5244.596064775850 -4197.846191817240 6.49824122007315 -1.70495637065235 3.68452291774487
2024-06-16T06:56:29.049 2509.146256532470 -5458.049264335780 -3171.217352485690 5.95898576181635 -0.06267143953200 4.81850981472337
2024-06-16T07:00:29.049 3830.550634798010 -5274.188494736580 -1913.098738419770 4.98526102774401 1.58568594761028 5.60163106733076
2024-06-16T07:04:29.049 4872.898692889440 -4706.121174506300 -515.231321521665 3.64779556812188 3.11931134916295 5.97582225797192
2024-06-16T07:08:29.049 5560.186540669130 -3795.150442771600 920.278363879941 2.04467387125500 4.42560922683928 5.91338893884909
2024-06-16T07:12:29.049 5842.484695980900 -2607.734512185900 2288.572294630960 0.29368959083833 5.40889851578884 5.41924302334683
2024-06-16T07:16:29.049 5699.596975439260 -1230.515297833710 3489.859238048890 -1.47678026708372 5.99772640151398 4.53037404630114
2024-06-16T07:20:29.049 5142.422880231420 236.171557890615 4436.782709713700 -3.13764489399374 6.15010086652816 3.31267820434685
2024-06-16T07:24:29.049 4211.955282582330 1685.738119580240 5060.744352248580 -4.56874976920262 5.85611711427671 1.85553391232339
2024-06-16T07:28:29.049 2976.089094840390 3013.095602462880 5316.737457547920 -5.66733939854299 5.13799028111561 0.26492444342908
2024-06-16T07:32:29.049 1524.596704550010 4122.152803174880 5186.426038734260 -6.35485579144095 4.04798626444132 -1.34417569595478
2024-06-16T07:36:29.049 -37.327615627161 4932.604605922290 4679.354044569220 -6.58204115970921 2.66462961967522 -2.85574258177627
2024-06-16T07:40:29.049 -1596.533420975990 5385.624071344980 3832.245696650000 -6.33224982508560 1.08736609596134 -4.16058577614158
2024-06-16T07:44:29.049 -3039.952001143290 5448.104796515800 2706.461261168790 -5.62289140271104 -0.57010617991512 -5.16379529614414
2024-06-16T07:48:29.049 -4262.735896178320 5115.179957752650 1383.706982389270 -4.50472732366937 -2.18757052259346 -5.79186818091049
2024-06-16T07:52:29.049 -5175.916422048400 4410.731433796020 -39.826164327416 -3.05858050601987 -3.64714711292617 -5.99836215869853
2024-06-16T07:56:29.049 -5712.999543518900 3385.777521450810 -1460.448421907020 -1.38980700535166 -4.84203291418332 -5.76772734762709
2024-06-16T08:00:29.049 -5834.947716058050 2114.785064798360 -2774.633914834230 0.37967200974532 -5.68492397703508 -5.11686445743622
2024-06-16T08:04:29.049 -5533.029190628050 690.153803013923 -3886.679125951820 2.12083672604528 -6.11458800672201 -4.09360386809981
2024-06-16T08:08:29.049 -4829.361022654880 -784.602530684240 -4715.705380752730 3.70721425394044 -6.10015978772253 -2.77282871733646
2024-06-16T08:12:29.049 -3775.181488778590 -2202.422053612170 -5201.487069496890 5.02405879381807 -5.64303696679394 -1.25066212938729
2024-06-16T08:16:29.049 -2447.048259201510 -3460.418148194480 -5308.721501607900 5.97633733500566 -4.77636197505506 0.36256769395765
2024-06-16T08:20:29.049 -941.300198088637 -4467.231011186040 -5029.511437158720 6.49514434532980 -3.56246860431975 1.95013786814584
2024-06-16T08:24:29.049 632.806001785206 -5149.559536865000 -4383.945281665280 6.54239621527272 -2.08867569249375 3.39690344384782
2024-06-16T08:28:29.049 2160.888462469940 -5457.488705489300 -3418.750583705680 6.11379137403976 -0.46144734194984 4.59733937486848
2024-06-16T08:32:29.049 3531.692731881330 -5368.232991992300 -2204.051162556270 5.23963356701057 1.20093124040053 5.46322521670393
2024-06-16T08:36:29.049 4645.255412010580 -4887.975117487950 -828.371656402500 3.98322336953657 2.77684462594948 5.93048777880925
2024-06-16T08:40:29.049 5420.351372413610 -4051.560550761060 607.833188026756 2.43644656945072 4.15058922834448 5.96446255471593
2024-06-16T08:44:29.049 5800.587039060900 -2919.995418809200 1999.632360320370 0.71305821669801 5.22132570041074 5.56281609313013
2024-06-16T08:48:29.049 5758.604957512150 -1575.872035071650 3245.475460928840 -1.06041447663211 5.91116852182424 4.75579518118541
2024-06-16T08:52:29.049 5297.950797467020 -117.145673132509 4254.710403386780 -2.75457782182988 6.17068645918976 3.60331358754103
2024-06-16T08:56:29.049 4452.614045730690 1350.120898823090 4954.159235467330 -4.24667867022014 5.98208705655005 2.19011041990204
2024-06-16T09:00:29.049 3284.359293711530 2719.496909312510 5293.318162639790 -5.42936949516436 5.36003274318225 0.61919274230933
2024-06-16T09:04:29.049 1878.114688616740 3891.828251838150 5247.837316637960 -6.21803066061101 4.35003808305600 -0.99580980866661
2024-06-16T09:08:29.049 335.828885474408 4782.246045664120 4821.133529880670 -6.55620804201586 3.02493415063845 -2.53843406614984
2024-06-16T09:12:29.049 -1230.772146427230 5326.165582937480 4044.125215410180 -6.41936380714260 1.47997933542419 -3.89728233148735
2024-06-16T09:16:29.049 -2708.118225375970 5483.926463548260 2973.085132646530 -5.81680853428201 -0.17355211435381 -4.97370134826614
2024-06-16T09:20:29.049 -3988.937220485020 5243.757094404390 1685.714767341620 -4.79151236505557 -1.81587985336721 -5.68891470026756
2024-06-16T09:24:29.049 -4980.079918581580 4622.792377698410 275.600502358600 -3.41752582969246 -3.32741545881462 -5.99020968595485
2024-06-16T09:28:29.049 -5609.395380384720 3665.944730657770 -1154.585779018240 -1.79474167173845 -4.59770232922589 -5.85509236708344
2024-06-16T09:32:29.049 -5831.107031734440 2442.696727976190 -2500.627701775490 -0.04166191829717 -5.53381053985199 -5.29333626741071
2024-06-16T09:36:29.049 -5629.204385254010 1041.978639993440 -3664.484333654710 1.71378458107365 -6.06762468820714 -4.34624019688291
2024-06-16T09:40:29.049 -5018.539276857070 -434.415747670295 -4561.487944553880 3.34395214219598 -6.16067878172032 -3.08320937700311
2024-06-16T09:44:29.049 -4043.617110749930 -1879.290895454190 -5126.467945901690 4.73084767767821 -5.80661053646874 -1.59625364692824
2024-06-16T09:48:29.049 -2775.270777676770 -3187.800518962600 -5318.380857417520 5.77434115532827 -5.03119624475905 0.00678946592270
2024-06-16T09:52:29.049 -1305.517812262830 -4264.954905554490 -5123.203255445360 6.39903034614288 -3.89027937835773 1.60990496374915
2024-06-16T09:56:29.049 259.023086857232 -5032.398531360610 -4554.934230452910 6.55932566762424 -2.46586145955433 3.09693418791282
2024-06-16T10:00:29.049 1804.719535608140 -5434.072182356850 -3654.667487156630 6.24279302709986 -0.86070293829090 4.35958040477063
2024-06-16T10:04:29.049 3219.095577193050 -5440.381786608190 -2487.756102995850 5.47153518601136 0.80869929884417 5.30523445944063
2024-06-16T10:08:29.049 4399.046408161770 -5050.522532258480 -1139.181518241390 4.30116131824556 2.42039603664613 5.86401274525357
2024-06-16T10:12:29.049 5258.500087126440 -4292.705623939860 292.617532398988 2.81716503537932 3.85610614292888 5.99446023959309
2024-06-16T10:16:29.049 5734.872877210550 -3222.155581518630 1703.041628745070 1.12851827767554 5.01047303362971 5.68703440928185
2024-06-16T10:20:29.049 5793.727018679570 -1917.005766684490 2989.131770970090 -0.64072328300980 5.79918110644064 4.96486952906839
2024-06-16T10:24:29.049 5431.242725895480 -472.428784628083 4057.237975811370 -2.36116123045036 6.16544580994996 3.88181092040293
2024-06-16T10:28:29.049 4674.294780758780 1006.487210362980 4829.859606789250 -3.90798717136449 6.08379031649677 2.51764877937347
2024-06-16T10:32:29.049 3578.265435272530 2412.425691853860 5251.148784106100 -5.16980939466075 5.56113227490969 0.97189969427545
2024-06-16T10:36:29.049 2222.894801298840 3643.544551713700 5290.792145542410 -6.05618661985632 4.63585604135802 -0.64343886379333
2024-06-16T10:40:29.049 706.488881975531 4610.715282106290 4946.063870251390 -6.50369555967332 3.37485585697971 -2.21182004093614
2024-06-16T10:44:29.049 -861.095059931052 5243.820377684240 4241.959195925840 -6.48003067437383 1.86876823425618 -3.62006421710894
2024-06-16T10:48:29.049 -2366.234959222540 5496.763413088200 3229.463895196400 -5.98636671169461 0.22603112283656 -4.76604045828021
2024-06-16T10:52:29.049 -3699.669992858220 5350.888002518840 1982.004098284980 -5.05775676195210 -1.43448429403181 -5.56604722140361
2024-06-16T10:56:29.049 -4764.440591808640 4816.471940509490 590.231517374206 -3.76110603365847 -2.99197231219074 -5.96117595799784
2024-06-16T11:00:29.049 -5483.044036755590 3932.128774895900 -844.537661462969 -2.19067834534471 -4.33264678942116 -5.92209812560018
2024-06-16T11:04:29.049 -5803.199645115160 2762.048019070040 -2217.767697276860 -0.46106201935159 -5.35851879956383 -5.45149348725160
2024-06-16T11:08:29.049 -5701.714556491710 1391.284461894530 -3429.417298819400 1.30147755542996 -5.99480282131113 -4.58390370171873
2024-06-16T11:12:29.049 -5186.142133165990 -80.525107420286 -4391.310665116010 2.96862671618932 -6.19550616640858 -3.38298460090221
2024-06-16T11:16:29.049 -4294.111559855850 -1546.494589464780 -5033.547788724070 4.41959257864169 -5.94649906236436 -1.93637124206868
2024-06-16T11:20:29.049 -3090.474964719920 -2900.246570746280 -5309.486370690680 5.54962084134334 -5.26604838398430 -0.34905835803414
2024-06-16T11:24:29.049 -1662.572946085780 -4043.534018914020 -5199.025196337020 6.27712084989363 -4.20321754877061 1.26407580257887
2024-06-16T11:28:29.049 -113.978754876137 -4893.252504050620 -4710.024874347600 6.54919044085853 -2.83440132024776 2.78622710634821
2024-06-16T11:32:29.049 1442.877696859600 -5387.413303044650 -3877.809108047640 6.34540136413386 -1.25819680278136 4.10668569981186
2024-06-16T11:36:29.049 2894.764910427590 -5489.713792061130 -2762.743637875200 5.67964021390870 0.41116844491449 5.12876028893678
2024-06-16T11:40:29.049 4135.888501897770 -5192.345269930450 -1445.979328083710 4.59971122460089 2.05192303935777 5.77706278125795
2024-06-16T11:44:29.049 5075.718574334930 -4516.732052462700 -23.587208755771 3.18428792766087 3.54377105690250 6.00350090055520
2024-06-16T11:48:29.049 5645.772891496120 -3512.063932052780 1400.525916065080 1.53726722601054 4.77716415688931 5.79135455912654
2024-06-16T11:52:29.049 5804.738736873810 -2251.653273203070 2722.377282985060 -0.22034841935411 5.66193648198511 5.15668724450851
2024-06-16T11:56:29.049 5541.457001608490 -827.430434595354 3845.646796236530 -1.95989276016023 6.13405129700509 4.14682991010327
2024-06-16T12:00:29.049 4875.588573694280 656.926964012098 4688.752721651860 -3.55484417437026 6.16020449581053 2.83640120633293
2024-06-16T12:04:29.049 3855.953900426270 2093.644660549160 5190.703435103600 -4.89017071271869 5.73963888667296 1.32124252883204
2024-06-16T12:08:29.049 2556.800856548220 3378.627026962790 5315.340863277490 -5.87017020215057 4.90347506211992 -0.28880295122519
2024-06-16T12:12:29.049 1072.396703369930 4418.837397531040 5053.789073006670 -6.42463474241579 3.71221756935681 -1.87751112639241
2024-06-16T12:16:29.049 -489.700311371529 5138.890362566970 4425.040292302020 -6.51366131599674 2.25159179548083 -3.33022778554136
2024-06-16T12:20:29.049 -2016.285256669590 5486.424646498280 3474.620874110550 -6.13038559402467 0.62667775177947 -4.54174922595413
2024-06-16T12:24:29.049 -3396.576913891340 5435.935388201710 2271.426397482500 -5.30184740635224 -1.04510033418800 -5.42373447197571
2024-06-16T12:28:29.049 -4530.236696659780 4990.759639572880 902.857211185025 -4.08758234590725 -2.64225002239482 -5.91132369797076
2024-06-16T12:32:29.049 -5334.749953948300 4182.996240047400 -531.479854040485 -2.57573551902887 -4.04811278812162 -5.96837328063854
2024-06-16T12:36:29.049 -5751.568344735710 3071.247490281770 -1927.082127320480 -0.87658985236745 -5.15992165333654 -5.59050292914818
2024-06-16T12:40:29.049 -5750.442848510790 1736.322719607860 -3182.263961010600 0.88578974078377 -5.89655242758627 -4.80542311516789
2024-06-16T12:44:29.049 -5331.618285377860 275.272233747238 -4205.651179432250 2.58298734973563 -6.20461857880901 -3.67076779971518
2024-06-16T12:48:29.049 -4525.711215941730 -1205.765376010380 -4922.849259301260 4.09188052780629 -6.06217043207544 -2.26945688520682
2024-06-16T12:52:29.049 -3391.359771859910 -2599.295756444140 -5281.774732972740 5.30344955231335 -5.47985557797242 -0.70333475651673
2024-06-16T12:56:29.049 -2010.907814184990 -3804.198336034130 -5256.325312907400 6.13028457803501 -4.49976884292730 0.91422214026171
2024-06-16T13:00:29.049 -484.484145065012 -4732.935085787400 -4848.210182811260 6.51242307602485 -3.19235663266462 2.46615083708601
2024-06-16T13:04:29.049 1077.123271599110 -5317.823965021840 -4086.871446002780 6.42154991806425 -1.65171114159327 3.83975372166404
2024-06-16T13:08:29.049 2560.380117425230 -5515.989818473590 -3027.484478640590 5.86333280923981 0.01069277903412 4.93457223549586
2024-06-16T13:12:29.049 3857.241969879770 -5312.637333256990 -1747.102463469480 4.87767033630417 1.67374882674995 5.66995048239268
2024-06-16T13:16:29.049 4873.125696957180 -4722.306437180580 -339.103377837822 3.53620377247816 3.21564315056120 5.99142052825986
2024-06-16T13:20:29.049 5533.969543711520 -3787.927196212310 1093.671379873810 1.93725956343104 4.52314215096147 5.87514732921807
2024-06-16T13:24:29.049 5791.789402412070 -2577.678889840630 2446.575187388170 0.19838703017724 5.50047215661323 5.33004413074950
2024-06-16T13:28:29.049 5628.197712196650 -1179.864800309240 3620.972664140070 -1.55295618573700 6.07675669326085 4.39689313419961
2024-06-16T13:32:29.049 5055.598845528860 303.714302861924 4531.503200940940 -3.18925250102938 6.21099936998646 3.14474520439329
2024-06-16T13:36:29.049 4116.072536584160 1765.272014556270 5112.230929018230 -4.59219790076976 5.89455164326279 1.66537942109168
2024-06-16T13:40:29.049 2878.130533346490 3098.869163127170 5321.286943661210 -5.66112604845955 5.15123582382464 0.06629699187811
2024-06-16T13:44:29.049 1431.645391166080 4207.958811095480 5143.710591262860 -6.31960851997451 4.03497593526995 -1.53706413875413
2024-06-16T13:48:29.049 -118.568400323762 5012.190103504910 4592.425273334850 -6.52026815749405 2.62607842102070 -3.02906781190978
2024-06-16T13:52:29.049 -1660.180045772420 5453.136548096180 3707.346765634050 -6.24827205992840 1.02590210499943 -4.30173412948074
2024-06-16T13:56:29.049 -3081.357950922020 5498.543393899590 2552.610805792410 -5.52263083063518 -0.65005966976342 -5.26242325640536
2024-06-16T14:00:29.049 -4278.829591442340 5144.783621002020 1212.056848679820 -4.39532695372342 -2.28015904185278 -5.84063066570833
2024-06-16T14:04:29.049 -5165.451378131480 4417.283404798200 -216.784335029028 -2.94803847324394 -3.74544967848091 -5.99355271415234
2024-06-16T14:08:29.049 -5676.686791779540 3368.776819665090 -1629.821375597990 -1.28627063629135 -4.93879284457719 -5.70971570248234
2024-06-16T14:12:29.049 -5775.394698445360 2075.462198842140 -2924.088427619400 0.46861361520395 -5.77304406221794 -5.00991355834075
2024-06-16T14:16:29.049 -5454.545835627470 631.369900432266 -4005.342976517570 2.18867989097821 -6.18765263884494 -3.94553994111552
2024-06-16T14:20:29.049 -4737.640504022340 -858.571939224706 -4794.955574497630 3.74900901862531 -6.15287149493322 -2.59445309256123
2024-06-16T14:24:29.049 -3676.879320493300 -2286.200793921210 -5235.572129253320 5.03678013872428 -5.67157263462817 -1.05495856823884
2024-06-16T14:28:29.049 -2349.295988973600 -3547.917460624220 -5295.173046081340 5.95905655907468 -4.77864231752310 0.56138908355324
2024-06-16T14:32:29.049 -851.192715368956 -4552.091819116710 -4969.320142833390 6.44910702228949 -3.53833173068074 2.13764022741185
2024-06-16T14:36:29.049 708.726677732856 -5225.611359427160 -4281.487800759350 6.47092511504012 -2.03984638871990 3.55946991582659
2024-06-16T14:40:29.049 2217.103105176920 -5519.192134280440 -3281.478814007430 6.02204050908003 -0.39142826368558 4.72310694949486
2024-06-16T14:44:29.049 3564.104579784660 -5411.083807693200 -2041.967458063420 5.13423386279876 1.28705103705738 5.54294144495441
2024-06-16T14:48:29.049 4651.495177212620 -4908.851202293820 -653.312004070368 3.87187445762763 2.87270282495063 5.95823018911877
2024-06-16T14:52:29.049 5399.980045336460 -4048.967222915190 783.072565016333 2.32742078724853 4.24911319940810 5.93822523097213
2024-06-16T14:56:29.049 5755.134432037210 -2894.151850625710 2162.260548630380 0.61434557546023 5.31537308084348 5.48461704864702
2024-06-16T15:00:29.049 5691.427045336590 -1528.686566641120 3383.641127578120 -1.14163312258329 5.99388199478974 4.63140379026302
2024-06-16T15:04:29.049 5213.988879413490 -52.079014954154 4358.368651482880 -2.81237824966345 6.23609143813736 3.44192591376025
2024-06-16T15:08:29.049 4358.019346929240 1428.331425138960 5015.805970130400 -4.27697347088518 6.02556870303080 2.00353171969319
2024-06-16T15:12:29.049 3186.019585830830 2805.185374840530 5308.497538849150 -5.43011423155372 5.37848692900199 0.42088821842041
2024-06-16T15:16:29.049 1783.156059546030 3978.786486465590 5215.445528907350 -6.18930544981447 4.34208488533281 -1.19153508731237
2024-06-16T15:20:29.049 251.104508475169 4864.149508438060 4743.493001592350 -6.50016602438166 2.99098267788867 -2.71750369044880
2024-06-16T15:24:29.049 -1299.148824799470 5397.007423524530 3926.817579665670 -6.33997247241905 1.42228259162159 -4.04675642076505
2024-06-16T15:28:29.049 -2755.180999718540 5538.466870899320 2824.575274275540 -5.71964374280113 -0.25087123918579 -5.08264662873983
2024-06-16T15:32:29.049 -4011.229171309920 5277.936391682820 1516.756420302450 -4.68348678625750 -1.90719636138287 -5.74931193577006
2024-06-16T15:36:29.049 -4975.911241430030 4634.041919936160 98.467566568312 -3.30639549230071 -3.42597717740365 -5.99748600744849
2024-06-16T15:40:29.049 -5579.000743199030 3653.404524213190 -1326.988061348790 -1.68867789734943 -4.69615742973213 -5.80863622673420
2024-06-16T15:44:29.049 -5776.653138176250 2407.265284909620 -2655.734973019370 0.05153750070560 -5.62494589259138 -5.19654870067609
2024-06-16T15:48:29.049 -5554.621506160990 986.228091335636 -3790.995830649620 1.78729603426553 -6.14478153041917 -4.20619222908781
2024-06-16T15:52:29.049 -4929.228573969980 -506.433870506092 -4650.190980884710 3.39242844429375 -6.21825885908247 -2.91010874565490
2024-06-16T15:56:29.049 -3946.046294937140 -1962.343047464840 -5170.899343242940 4.75079124383342 -5.84041558923592 -1.40267149788404
2024-06-16T16:00:29.049 -2676.500790796870 -3275.843648838840 -5315.289464403370 5.76433175641122 -5.03871267700242 0.20682174808941
2024-06-16T16:04:29.049 -1212.696292928200 -4351.563208345790 -5072.781686228190 6.35975777405658 -3.87086620027896 1.80188514518771
2024-06-16T16:08:29.049 339.165861687456 -5111.232355859990 -4460.813209040100 6.49357725332024 -2.42087404961055 3.26688943714498
2024-06-16T16:12:29.049 1866.359791642010 -5499.345092021960 -3523.661365679590 6.15528150770422 -0.79336189828569 4.49511821301205
2024-06-16T16:16:29.049 3257.734765774770 -5487.281369846920 -2329.375513933490 5.36852442453026 0.89353176733533 5.39639972924933
2024-06-16T16:20:29.049 4411.839229592890 -5075.577102926950 -964.960950806127 4.19010219799498 2.51647522836719 5.90401622209030
2024-06-16T16:24:29.049 5244.484215783740 -4294.060212576410 469.956881866955 2.70620449446311 3.95629210560364 5.98028005097998
2024-06-16T16:28:29.049 5695.064846160850 -3199.716377715380 1870.541357910330 1.02588557473534 5.10734439147291 5.61973855034804
2024-06-16T16:32:29.049 5731.055378499250 -1872.425696929470 3134.574080425970 -0.72745180959682 5.88570273105597 4.84949520786647
2024-06-16T16:36:29.049 5350.310039568490 -408.960101391471 4170.038447716870 -2.42568509836818 6.23536918710561 3.72684923088654
2024-06-16T16:40:29.049 4581.023943384530 1084.224620506580 4901.832952565520 -3.94566232292876 6.13205296266325 2.33447634486375
2024-06-16T16:44:29.049 3479.462342576900 2498.786095620120 5277.099042826020 -5.17797469213121 5.58430750162452 0.77388266819153
2024-06-16T16:48:29.049 2125.743134683440 3732.276195486570 5268.863431927280 -6.03435752978368 4.63232063198252 -0.84200009570632
2024-06-16T16:52:29.049 618.031306081456 4695.395048241230 4877.854625751090 -6.45352382751399 3.34481840240639 -2.39658678789822
2024-06-16T16:56:29.049 -934.457236999915 5318.300165032370 4132.415517456700 -6.40516829091288 1.81430854633950 -3.77765008105135
2024-06-16T17:00:29.049 -2419.191512040810 5555.612815255840 3086.532291555560 -5.89221182093003 0.15101179134151 -4.88498565236834
2024-06-16T17:04:29.049 -3728.379461306660 5389.791006487280 1816.065333493290 -4.95107644222256 -1.52466420421377 -5.63764107334767
2024-06-16T17:08:29.049 -4766.811637543970 4832.562944886260 413.357860251515 -3.64963226695601 -3.09073036232101 -5.98013623666569
2024-06-16T17:12:29.049 -5458.896517219940 3924.209065901040 -1019.458340781750 -2.08252463494390 -4.43274097045621 -5.88695218886234
2024-06-16T17:16:29.049 -5754.294011148380 2730.684567426780 -2377.976927317180 -0.36417105424981 -5.45258687225624 -5.36480551506009
2024-06-16T17:20:29.049 -5631.627953169370 1338.760699529370 -3563.240834932570 1.38001724798456 -6.07600204388574 -4.45206567144898
2024-06-16T17:24:29.049 -5099.991715999840 -150.394731674638 -4489.010414766350 3.02315062723642 -6.25798115505235 -3.21563111024542
2024-06-16T17:28:29.049 -4198.162713158760 -1628.643188527220 -5088.015641369940 4.44624367548568 -5.98572120465620 -1.74564838202230
2024-06-16T17:32:29.049 -2991.679759075810 -2988.708392479340 -5316.743672399270 5.54655239526548 -5.27909727611328 -0.14874470892163
2024-06-16T17:36:29.049 -1568.077854222160 -4131.859021614450 -5158.503123024320 6.24456752450410 -4.18900535518093 1.45950442214391
2024-06-16T17:40:29.049 -30.626375259895 -4974.962506135380 -4624.614922739570 6.48943396775831 -2.79380485202019 2.96257568631044
2024-06-16T17:44:29.049 1509.028798965350 -5456.484210518090 -3753.673757838400 6.26267602496993 -1.19410683898735 4.25106708279772
2024-06-16T17:48:29.049 2938.884447421830 -5541.030916461550 -2608.877635262250 5.57987225097428 0.49412898380028 5.23060490539968
2024-06-16T17:52:29.049 4154.725251779460 -5222.078930946060 -1273.564069901620 4.49006448354339 2.14771798585155 5.82882086293729
2024-06-16T17:56:29.049 5067.846194757030 -4522.635238714340 154.807686887571 3.07272256028299 3.64532305317960 6.00124694915574
2024-06-16T18:00:29.049 5611.715493002090 -3493.660036918500 1571.867567214650 1.43197574706376 4.87690439581946 5.73519184731363
2024-06-16T18:04:29.049 5746.951486929120 -2210.274995358860 2874.146936918750 -0.31156987850148 5.75246375848692 5.05076611939269
2024-06-16T18:08:29.049 5464.155586518440 -766.099981678859 3966.777777176390 -2.03029247849265 6.20879005297812 3.99901170326282
2024-06-16T18:12:29.049 4784.417179760280 733.749775341049 4770.441145413860 -3.59933735133601 6.21379078374012 2.65754915013613
2024-06-16T18:16:29.049 3757.548779032090 2180.385095506600 5227.029458648050 -4.90559636240522 5.76819260761233 1.12438095225549
2024-06-16T18:20:29.049 2458.315181400080 3468.991477277360 5303.685418149660 -5.85541839669935 4.90495210497298 -0.48934517361419
2024-06-16T18:24:29.049 980.980656432859 4506.282814794770 4995.018871734560 -6.38084077946763 3.68656214325030 -2.06721445000289
2024-06-16T18:28:29.049 -567.420166263995 5217.085558114170 4323.429134791200 -6.44401553849859 2.20062745396366 -3.49535340758803
2024-06-16T18:32:29.049 -2074.675623341390 5549.701949346480 3337.553115386090 -6.03992969859267 0.55408176833190 -4.67028278781837
2024-06-16T18:36:29.049 -3431.405938436740 5479.709219516150 2108.874063092560 -5.19716060829495 -1.13403406528276 -5.50626856600497
2024-06-16T18:40:29.049 -4538.991557116060 5011.871011042160 726.656818189669 -3.97632230908681 -2.74101156974335 -5.94182720984175
2024-06-16T18:44:29.049 -5316.828280784630 4179.939694965210 -708.495318282482 -2.46605836355167 -4.14951930952074 -5.94461557326293
2024-06-16T18:48:29.049 -5708.326158559080 3044.278125290820 -2092.018549193860 -0.77656966148657 -5.25656963500056 -5.51422955029668
2024-06-16T18:52:29.049 -5685.101760693120 1687.436283838530 -3323.123032198630 0.96879805079489 -5.98144768285744 -4.68230188338132
2024-06-16T18:56:29.049 -5249.012183842900 208.038258863977 -4312.215931526140 2.64299300362832 -6.27170443618127 -3.50985755117225
2024-06-16T19:00:29.049 -4431.907361944430 -1286.469795579100 -4987.411592653410 4.12464624600015 -6.10666802355395 -2.08247907302637
2024-06-16T19:04:29.049 -3293.202680154540 -2687.631477589690 -5299.672488296100 5.30676686852366 -5.49855476545805 -0.50379008280223
2024-06-16T19:08:29.049 -1915.522756547250 -3893.759748728240 -5226.257700990940 6.10401280956345 -4.49119319164098 1.11197078327840
2024-06-16T19:12:29.049 -398.786227448132 -4817.190009338730 -4772.334556076000 6.45844867947487 -3.15694869178217 2.64781135680557
2024-06-16T19:16:29.049 1146.905979419340 -5390.584341637650 -3970.669474311850 6.34368927176274 -1.59190124067102 3.99207964047352
2024-06-16T19:20:29.049 2609.152616144180 -5571.880908943090 -2879.388444677280 5.76716899513031 0.09060547196814 5.04639216599475
2024-06-16T19:24:29.049 3881.423057754060 -5347.504559529600 -1577.885716801100 4.77014690313361 1.76796499314751 5.73304892565583
2024-06-16T19:28:29.049 4870.908187780040 -4733.524353786000 -161.096231643397 3.42507268887328 3.31729218197182 6.00110281681148
2024-06-16T19:32:29.049 5505.456970550100 -3774.605362710350 1267.470092143110 1.83061100048859 4.62472046734942 5.83059960840992
2024-06-16T19:36:29.049 5739.008901737600 -2540.741383199500 2603.458923660830 0.10404725927672 5.59447558344514 5.23450286829019
2024-06-16T19:40:29.049 5554.954342646760 -1121.977280623830 3749.473299072030 -1.62808927517661 6.15625215659209 4.25736679544972
2024-06-16T19:44:29.049 4967.197901048840 378.343065328158 4622.238164562580 -3.23965902848936 6.27017117665589 2.97150169176863
2024-06-16T19:48:29.049 4018.922233210820 1851.222242990900 5158.589264475940 -4.61427530094096 5.92915216560514 1.47106898221228
2024-06-16T19:52:29.049 2779.256866159530 3189.900340603320 5319.879847950090 -5.65331589571103 5.15870396947961 -0.13501883027363
2024-06-16T19:56:29.049 1338.205779235270 4297.447682054350 5094.611834565090 -6.28240137291379 4.01474108975830 -1.73074363743606
2024-06-16T20:00:29.049 -199.799835224972 5093.629034210550 4499.182743799650 -6.45636491128644 2.57963616190298 -3.20101068916034
2024-06-16T20:04:29.049 -1723.314760975520 5520.600888846300 3576.718489450770 -6.16227811024496 0.95660527795626 -4.43942592168146
2024-06-16T20:08:29.049 -3121.813390334360 5547.127454241720 2394.084786161590 -5.42078412354228 -0.73713267429111 -5.35578181458415
2024-06-16T20:12:29.049 -4293.673342166070 5170.964609057980 1037.165600474610 -4.28505538687887 -2.37862957038067 -5.88280508200416
2024-06-16T20:16:29.049 -5153.625762162700 4419.179319673610 -395.305924957569 -2.83743237779691 -3.84810956834654 -5.98144292961325
2024-06-16T20:20:29.049 -5639.094287250090 3346.286302713940 -1798.972462665080 -1.18348597462705 -5.03810743484970 -5.64422860630082
2024-06-16T20:24:29.049 -5714.840791074880 2030.265775519930 -3071.565529292220 0.55599101614976 -5.86179707517377 -4.89590919569812
2024-06-16T20:28:29.049 -5375.526000516490 566.788078849279 -4120.447910791650 2.25424576237556 -6.25948639024708 -3.79144581887347
2024-06-16T20:32:29.049 -4645.987255129910 -937.844038755435 -4869.371777789250 3.78811083585173 -6.20273000650859 -2.41154078573452
2024-06-16T20:36:29.049 -3579.303688809630 -2374.429173777830 -5263.940231585990 5.04676205363043 -5.69589555216279 -0.85646076743506
2024-06-16T20:40:29.049 -2252.896981017560 -3638.719206284260 -5275.455553473170 5.93934908463313 -4.77561339821492 0.76119025732769
2024-06-16T20:44:29.049 -762.959031267107 -4638.868726919560 -4902.936007173660 6.40117672898348 -3.50798830196452 2.32437189803751
2024-06-16T20:48:29.049 782.389889113202 -5302.008711912590 -4173.226050806070 6.39815372212400 -1.98419372743496 3.71957653849977
2024-06-16T20:52:29.049 2270.820194358990 -5579.572084715680 -3139.185814306380 5.92958729750369 -0.31441335937255 4.84483766230890
2024-06-16T20:56:29.049 3593.924578662330 -5450.966681382880 -1875.998842926640 5.02876566142355 1.37978762622432 5.61727840147117
2024-06-16T21:00:29.049 4655.206839843830 -4925.262746057010 -475.775827243353 3.76110359515004 2.97436697494525 5.97969377003739
2024-06-16T21:04:29.049 5377.275684719620 -4040.647001706510 959.211970839582 2.21940592484666 4.35226996079178 5.90517888519609
2024-06-16T21:08:29.049 5707.636117579340 -2861.660355533750 2324.127030384020 0.51702243809267 5.41240014313021 5.39945825156967
2024-06-16T21:12:29.049 5622.579480952230 -1474.361947422330 3519.408773530660 -1.22113710489624 6.07768598840793 4.50041565738746
2024-06-16T21:16:29.049 5128.788446928950 20.148711895024 4458.129605357190 -2.86832199078595 6.30056280132461 3.27469478972070
2024-06-16T21:20:29.049 4262.644753487850 1513.222730256520 5072.283048661270 -4.30529993809206 6.06598350860345 1.81228348630656
2024-06-16T21:24:29.049 3087.382465295760 2896.578980117580 5317.577960709890 -5.42882203189360 5.39193002660538 0.21956773940283
2024-06-16T21:28:29.049 1688.391967869680 4070.048296223230 5176.455413687200 -6.15850893057040 4.32753659051922 -1.38836908064421
2024-06-16T21:32:29.049 167.079015205218 4948.642866551210 4659.241069442930 -6.44200356712322 2.94948040447260 -2.89554026454671
2024-06-16T21:36:29.049 -1366.331596582900 5468.594575973550 3803.413021001640 -6.25863826116515 1.35689752539739 -4.19298849647695
2024-06-16T21:40:29.049 -2800.643028306410 5591.957494573330 2670.988688756850 -5.62107813400540 -0.33536962401098 -5.18638381537995
2024-06-16T21:44:29.049 -4031.679239285270 5309.461313461640 1344.169343290590 -4.57490632023303 -2.00461800579979 -5.80293537232510
2024-06-16T21:48:29.049 -4969.896175231330 4641.344300244060 -80.543072892907 -3.19579916524563 -3.52916611731869 -5.99706809201795
2024-06-16T21:52:29.049 -5547.020781577020 3636.004905836300 -1499.381106073840 -1.58424290294673 -4.79755929388640 -5.75426088415137
2024-06-16T21:56:29.049 -5721.127824931670 2366.484903746590 -2808.972639048190 0.14209999503909 -5.71720631262521 -5.09229580649836
2024-06-16T22:00:29.049 -5479.701545864010 925.071766353989 -3913.966805774740 1.85737949840516 -6.22130229844568 -4.05978273964898
2024-06-16T22:04:29.049 -4840.466192055710 -583.506391025952 -4734.013816683730 3.43700647159721 -6.27358468584427 -2.73229219957364
2024-06-16T22:08:29.049 -3849.975369243860 -2049.745972050060 -5209.558940796320 4.76678403005111 -5.87067021026258 -1.20641185160046
2024-06-16T22:12:29.049 -2580.140005727380 -3367.264253466140 -5306.040360362130 5.75076667838724 -5.04172818492815 0.40739304135681
2024-06-16T22:16:29.049 -1123.048519513130 -4440.387519123340 -5016.323164791520 6.31773237572643 -3.84632159978610 1.99235158930789
2024-06-16T22:20:29.049 415.597308978562 -5190.998370631860 -4361.240830639160 6.42612169479890 -2.37035691513768 3.43351995614443
2024-06-16T22:24:29.049 1924.010929547470 -5564.201023472750 -3388.196580306930 6.06716550234938 -0.72037231303929 4.62573882757791
2024-06-16T22:28:29.049 3292.377778818190 -5532.438567508100 -2167.880117771740 5.26607387519231 0.98368882986074 5.48135137032969
2024-06-16T22:32:29.049 4420.911679671070 -5097.689435178750 -789.224562700536 4.08077362547311 2.61716406170626 5.93700171385938
2024-06-16T22:36:29.049 5227.293418203660 -4291.482993819600 647.092071182581 2.59802407066945 4.06007932548238 5.95888474782166
2024-06-16T22:40:29.049 5652.847762142090 -3172.619966957580 2036.137717080450 0.92679304451960 5.20663298557225 5.54557704010995
2024-06-16T22:44:29.049 5666.878208134380 -1822.771065429340 3276.549694642270 -0.81024206546088 5.97324600769004 4.72803253889057
2024-06-16T22:48:29.049 5268.837980930100 -340.352317392481 4278.045910971200 -2.48613354598349 6.30481647971890 3.56698390810514
2024-06-16T22:52:29.049 4488.180114517800 1166.816125007010 4968.007814039430 -3.97941483692823 6.17843168805808 2.14785972422433
2024-06-16T22:56:29.049 3381.980337689170 2589.383454378370 5296.616256627250 -5.18264482744772 5.60422878098202 0.57405852632458
2024-06-16T23:00:29.049 2030.680571627700 3824.309426773390 5240.288205486330 -6.00965275691660 4.62428447001848 -1.04050262635438
2024-06-16T23:04:29.049 532.264045889392 4782.177516185580 4803.243634641900 -6.40122813262677 3.30935295529656 -2.57938141915523
2024-06-16T23:08:29.049 -1004.714523182020 5393.515708253260 4017.165241022450 -6.32898737104592 1.75397488876751 -3.93144642973038
2024-06-16T23:12:29.049 -2468.829864288740 5613.790064291840 2938.999851667420 -5.79760987664182 0.07023621660783 -4.99855063846805
2024-06-16T23:16:29.049 -3753.781326279440 5426.711197614510 1646.974263143990 -4.84495025049980 -1.61993654721447 -5.70262009281160
2024-06-16T23:20:29.049 -4766.136244608550 4845.572016292660 235.019714238645 -3.53979929250104 -3.19348737183327 -5.99174101143078
2024-06-16T23:24:29.049 -5432.230171935070 3912.408572509680 -1194.055036027900 -1.97710619496319 -4.53546647799545 -5.84436917706311
2024-06-16T23:28:29.049 -5703.640963695110 2694.984118868090 -2536.129981213110 -0.27093777978323 -5.54781810274794 -5.27121211752781
2024-06-16T23:32:29.049 -5560.758338221530 1281.798084399400 -3693.468442967100 1.45422611003018 -6.15689239581614 -4.31438979326022
2024-06-16T23:36:29.049 -5014.146035339280 -224.461587809006 -4581.889974668370 3.07299980836637 -6.31877869329456 -3.04397927993776
2024-06-16T23:40:29.049 -4103.645003494130 -1714.441133512110 -5136.850004485510 4.46824193210864 -6.02209219514680 -1.55249367272957
2024-06-16T23:44:29.049 -2895.391259948340 -3080.024189356850 -5318.032203122750 5.53924926132273 -5.28842882390891 0.05191730629394
2024-06-16T23:48:29.049 -1477.014098879340 -4222.076947990630 -5112.176285762420 6.20860610877114 -4.17056229160984 1.65324287481491
2024-06-16T23:52:29.049 48.610551903757 -5057.520188478210 -4534.028876183020 6.42743351738814 -2.74877309396927 3.13542609065837
2024-06-16T23:56:29.049 1570.685650578730 -5525.333484283350 -3625.383271499120 6.17903955204930 -1.12556810160602 4.39049409484224
2024-06-17T00:00:29.049 2978.448983332770 -5591.082274456290 -2452.193983794250 5.48051025461059 0.58127671847910 5.32630175549397
2024-06-17T00:04:29.049 4169.266560822390 -5249.616593773420 -1099.913567703140 4.38218320571271 2.24700951308643 5.87363111169360
2024-06-17T00:08:29.049 5056.265152775430 -4525.618729941280 332.735095248217 2.96426639903239 3.74938203099930 5.99186576375026
2024-06-17T00:12:29.049 5574.836681265560 -3471.862142545670 1741.074915118780 1.33091214046593 4.97808658104842 5.67236091265881
2024-06-17T00:16:29.049 5687.454961904690 -2165.284082172180 3022.289648704310 -0.39783094855478 5.84337916175068 4.93914961627858
2024-06-17T00:20:29.049 5386.375418316180 -701.190862199398 4083.066298501150 -2.09546318766718 6.28285037422994 3.84680189366399
2024-06-17T00:24:29.049 4694.023219511700 813.860393494547 4846.419216920360 -3.63864706915932 6.26565351467012 2.47590824117548
2024-06-17T00:28:29.049 3661.122496356610 2269.894737422960 5257.191405492440 -4.91626823279574 5.79419371553925 0.92654069724505
2024-06-17T00:32:29.049 2362.852353400880 3561.431015330010 5285.844493093050 -5.83677323987683 4.90320334140497 -0.68910369300322
2024-06-17T00:36:29.049 893.394981990315 4594.955600935210 4930.459671492730 -6.33424009694262 3.65710162879047 -2.25439491038569
2024-06-17T00:40:29.049 -640.785031306210 5295.553477473580 4216.832789833750 -6.37282523335188 2.14555934896136 -3.65634672505549
2024-06-17T00:44:29.049 -2128.501367554600 5612.261340020160 3196.656969800560 -5.94928203326746 0.47738142254079 -4.79337560664075
2024-06-17T00:48:29.049 -3461.783231680660 5521.806041493370 1943.915442008530 -5.09359160155231 -1.22680894631634 -5.58245206700185
2024-06-17T00:52:29.049 -4543.710819423060 5030.445991979990 549.644370400192 -3.86739029088863 -2.84304291390757 -5.96546996556634
2024-06-17T00:56:29.049 -5295.560264064220 4173.662877204980 -884.662677452806 -2.35976821550480 -4.25331050517801 -5.91397715499560
2024-06-17T01:00:29.049 -5662.655110682910 3013.641588909510 -2254.508405982740 -0.68075866851919 -5.35454168542800 -5.43160202560798
2024-06-17T01:04:29.049 -5618.405836599120 1634.699476696410 -3460.118641930530 1.04712544469688 -6.06653119585533 -4.55378702796692
2024-06-17T01:08:29.049 -5166.197976244230 137.051272882035 -4413.774528616910 2.69817898767917 -6.33779629703363 -3.34487498092138
2024-06-17T01:12:29.049 -4339.033218626500 -1370.553045467100 -5046.176171960420 4.15280732735610 -6.14905329849250 -1.89300848172128
2024-06-17T01:16:29.049 -3197.024634788440 -2778.715417926590 -5311.381729088280 5.30598698399114 -5.51414037713825 -0.30350717323988
2024-06-17T01:20:29.049 -1823.013757495750 -3985.224481294860 -5190.047423265590 6.07440986230861 -4.47874464512629 1.30859256829479
2024-06-17T01:24:29.049 -316.644588843138 -4902.361236847120 -4690.803723937650 6.40217497630557 -3.11724530742242 2.82657231692732
2024-06-17T01:28:29.049 1212.723050293570 -5463.209418996950 -3849.694548445180 6.26473323096071 -1.52766997779852 4.14000332496647
2024-06-17T01:32:29.049 2653.844817025280 -5626.586955214880 -2727.724362444920 5.67112970340773 0.17480003439870 5.15262316428787
2024-06-17T01:36:29.049 3901.690051960080 -5380.210369045990 -1406.558095489780 4.66387309713656 1.86596173314582 5.78963729167068
2024-06-17T01:40:29.049 4865.214649441720 -4741.784624732460 17.383462047898 3.31636857082873 3.42171770762278 6.00374471828386
2024-06-17T01:44:29.049 5474.193455213330 -3757.807621875920 1440.056347387500 1.72755333825030 4.72782163928380 5.77916264037928
2024-06-17T01:48:29.049 5684.455463559250 -2500.118983724220 2757.557394080800 0.01422143952076 5.68869005063267 5.13283385653526
2024-06-17T01:52:29.049 5481.107455887210 -1060.506426509690 3873.864672143580 -1.69805579130985 6.23473256366757 4.11301070659772
2024-06-17T01:56:29.049 4879.471277041560 456.184495182364 4707.895964092630 -3.28465187999731 6.32729916959794 2.79506993382968
2024-06-17T02:00:29.049 3923.735355577880 1939.789622494930 5199.328574914640 -4.63108874017416 5.96087666400484 1.27547368546630
2024-06-17T02:04:29.049 2683.549565593670 3282.792605438910 5312.792072198550 -5.64083363294918 5.16281951806799 -0.33556030227789
2024-06-17T02:08:29.049 1248.926969868080 4387.967849697020 5040.248143069060 -6.24164800296206 3.99096139164426 -1.92179213162334
2024-06-17T02:12:29.049 -276.179449333869 5175.237480450060 4401.500576932020 -6.39027119688404 2.52959976371603 -3.36874028290489
2024-06-17T02:16:29.049 -1781.253410381410 5587.394626604560 3442.824072930500 -6.07563659568571 0.88393187135102 -4.57162136704677
2024-06-17T02:20:29.049 -3157.109636901470 5594.273350830870 2233.722248561310 -5.31988922709677 -0.82719351309110 -5.44279617162065
2024-06-17T02:24:29.049 -4303.774417385130 5195.057043709490 862.018102907154 -4.17728442291270 -2.47949974312162 -5.91823877110809
2024-06-17T02:28:29.049 -5137.827432114670 4418.500277612450 -572.469654875429 -2.73070670936904 -3.95240492729803 -5.96271548251754
2024-06-17T02:32:29.049 -5598.595877153090 3320.925361058810 -1965.243484939450 -1.08564918266310 -5.13824225118704 -5.57275215873252
2024-06-17T02:36:29.049 -5652.653618379750 1982.101273390380 -3214.846622654400 0.63779519034115 -5.95054463830415 -4.77698989070806
2024-06-17T02:40:29.049 -5296.233083182300 499.338742209492 -4230.337475089320 2.31413717285379 -6.33047729043694 -3.63380666004647
2024-06-17T02:44:29.049 -4555.392872386090 -1019.674681930540 -4937.905777487700 3.82184148310948 -6.25086073584899 -2.22665049723140
2024-06-17T02:48:29.049 -3484.007281913140 -2464.704372451130 -5286.155326762790 5.05199752560581 -5.71770820906607 -0.65769587155956
2024-06-17T02:52:29.049 -2159.811790798170 -3730.886973678040 -5249.729556530120 5.91580590858377 -4.76945186306199 0.95951948618708
2024-06-17T02:56:29.049 -678.828951470017 -4726.209794210360 -4831.103051051030 6.35053822982979 -3.47415222811432 2.50792391307303
2024-06-17T03:00:29.049 851.459860648222 -5378.123091815160 -4060.465203480320 6.32404697860841 -1.92502119413856 3.87500775210874
2024-06-17T03:04:29.049 2319.802003740910 -5638.845241976310 -2993.657783523850 5.83729569804092 -0.23408922278725 4.96077731881979
2024-06-17T03:08:29.049 3619.225286187950 -5488.992897442020 -1708.273338214960 4.92490142308483 1.47543567326591 5.68516504716314
2024-06-17T03:12:29.049 4654.932537232050 -4939.191625858090 -298.071694928401 3.65314055352837 3.07826924390228 5.99442573218689
2024-06-17T03:16:29.049 5351.391893737050 -4029.425533074490 1133.916481953600 2.11528480751913 4.45664507881804 5.86560895920374
2024-06-17T03:20:29.049 5658.001363068180 -2826.106812054050 2483.074181624110 0.42444610771315 5.50954162321552 5.30853796714290
2024-06-17T03:24:29.049 5552.807432082290 -1417.082831130590 3651.011787326450 -1.29532757236946 6.16048510815159 4.36488477514255
2024-06-17T03:28:29.049 5043.978021986700 94.968325671636 4552.823444342290 -2.91868610603623 6.36305397982530 3.10453881608744
2024-06-17T03:32:29.049 4168.991731878270 1600.141584741350 5123.211788141430 -4.32818840265236 6.10372642955135 1.61996587966446
2024-06-17T03:36:29.049 2991.710354361880 2989.302173485000 5321.079356533010 -5.42267330697694 5.40226852206838 0.01905995824083
2024-06-17T03:40:29.049 1597.648282005900 4161.870996636670 5132.304203560930 -6.12385020004029 4.30974531993907 -1.58255461343812
2024-06-17T03:44:29.049 87.833799867268 5032.927170909350 4570.654799031000 -6.38142844192288 2.90480968337603 -3.06941230464032
2024-06-17T03:48:29.049 -1428.345362102450 5539.224500764620 3676.812092557940 -6.17647186098429 1.28846343447731 -4.33396860355901
2024-06-17T03:52:29.049 -2840.920082691750 5643.792122944730 2515.558517563960 -5.52320159219343 -0.42260636728517 -5.28416857935273
2024-06-17T03:56:29.049 -4047.280975269380 5338.728955294360 1171.209678563550 -4.46841509411194 -2.10428032845717 -5.85032329550305
2024-06-17T04:00:29.049 -4959.682713254850 4645.926985584170 -258.439179205886 -3.08848764459813 -3.63394928496848 -5.99056406551643
2024-06-17T04:04:29.049 -5511.742692552490 3615.589358977800 -1669.258250431240 -1.48396115917661 -4.89982282971251 -5.69435257868188
2024-06-17T04:08:29.049 -5663.365995449650 2322.578497076460 -2958.463514811500 0.22802887693603 -5.80950215152725 -4.98336548291504
2024-06-17T04:12:29.049 -5403.681188815450 860.889167630441 -4032.199489997920 1.92267886311787 -6.29696189131601 -3.90982916765944
2024-06-17T04:16:29.049 -4751.734008779160 -663.296953320959 -4812.400598783600 3.47701430905145 -6.32720752843357 -2.55221143545528
2024-06-17T04:20:29.049 -3754.975797215290 -2139.354782810450 -5242.394615772310 4.77870021802555 -5.89835929720933 -1.00919900755805
2024-06-17T04:24:29.049 -2485.752165592580 -3460.177719642780 -5290.907281266370 5.73379096299179 -5.04139373720657 0.60749642335166
2024-06-17T04:28:29.049 -1036.097983954730 -4529.826372600390 -4954.266759728360 6.27309859687297 -3.81784550413267 2.18090468810341
2024-06-17T04:32:29.049 488.810778040391 -5270.395178413240 -4256.699718346180 6.35695049112632 -2.31564071635223 3.59683658161302
2024-06-17T04:36:29.049 1978.150493627260 -5627.689249214370 -3248.708320359970 5.97833841394910 -0.64332102990337 4.75184383286253
2024-06-17T04:40:29.049 3323.466300085940 -5575.299009691960 -2003.558294154060 5.16397248663579 1.07748010200126 5.56089738355009
2024-06-17T04:44:29.049 4426.637817124460 -5116.711539639400 -612.031021295519 3.97281668341205 2.72079911754233 5.96404579997988
2024-06-17T04:48:29.049 5207.193152552190 -4285.210106556080 824.228537751519 2.49207946403255 4.16592507272742 5.93135003525676
2024-06-17T04:52:29.049 5608.344981159420 -3141.467890571520 2200.271427498460 0.83064756477201 5.30681429645006 5.46542345586769
2024-06-17T04:56:29.049 5601.201683125690 -1769.005479318920 3415.691216764670 -0.88944945490301 6.06035535930382 4.60121915177776
2024-06-17T05:00:29.049 5186.778768874080 -267.894252442118 4382.062511611200 -2.54262594717514 6.37252951484349 3.40289096928417
2024-06-17T05:04:29.049 4395.716282154630 1252.690417259610 5029.347270435630 -4.00909482055436 6.22184815817943 1.95849399128189
2024-06-17T05:08:29.049 3285.844642835270 2682.435996412660 5310.846228402100 -5.18339300912517 5.62028015509594 0.37324048814829
2024-06-17T05:12:29.049 1937.855313153440 3917.799039693960 5206.400230178210 -5.98149706427252 4.61185370535312 -1.23823847513088
2024-06-17T05:16:29.049 449.476602691060 4869.332746274110 4723.706986520080 -6.34624820175877 3.26931417165927 -2.75973802361427
2024-06-17T05:20:29.049 -1071.472164000580 5468.014825754100 3897.752421957180 -6.25119963347086 1.68916530656857 -4.08136998565755
2024-06-17T05:24:29.049 -2514.728056112290 5670.205376566160 2788.375338620920 -5.70261395626017 -0.01474217712016 -5.10712883936497
2024-06-17T05:28:29.049 -3775.488651276860 5460.915704284260 1476.082332461270 -4.73957637631965 -1.71891645775605 -5.76189186320405
2024-06-17T05:32:29.049 -4762.067121588130 4855.058171907120 56.297410596625 -3.43168306871111 -3.29922405844098 -5.99731329721666
2024-06-17T05:36:29.049 -5402.674957521190 3896.481874931200 -1367.586256999800 -1.87414733080237 -4.64019921406559 -5.79579921025261
2024-06-17T05:40:29.049 -5650.758719695200 2654.811714309120 -2691.824536925880 -0.18069910053189 -5.64390183470082 -5.17206022775284
2024-06-17T05:44:29.049 -5488.414655307520 1220.309106407300 -3819.989138202240 1.52518493644899 -6.23736812331375 -4.17191590154863
2024-06-17T05:48:29.049 -4927.613191996200 -302.794044513637 -4670.029191613350 3.11956939932852 -6.37781224405562 -2.86856221961716
2024-06-17T05:52:29.049 -4009.213508208390 -1803.926444671460 -5180.192293403470 4.48711422443309 -6.05543742599101 -1.35686449344977
2024-06-17T05:56:29.049 -2799.902234645740 -3174.163731310330 -5313.398637355360 5.52914338502250 -5.29361337067231 0.25366861423388
2024-06-17T06:00:29.049 -1387.374238294240 -4314.008122166190 -5059.846840506550 6.17025915559508 -4.14705985523619 1.84653838977054
2024-06-17T06:04:29.049 125.911295624780 -5140.502789813340 -4437.737941547660 6.36356144640746 -2.69812934727580 3.30623911893865
2024-06-17T06:08:29.049 1630.027929136610 -5593.240537038470 -3492.066670818670 6.09414935679834 -1.05133450301012 4.52632227657564
2024-06-17T06:12:29.049 3015.486541725870 -5638.863428673850 -2291.508802438980 5.38063877246891 0.67372896666021 5.41712373531322
2024-06-17T06:16:29.049 4181.248043507050 -5273.693529233970 -923.549767775350 4.27453547541374 2.35086071805324 5.91263183038280
2024-06-17T06:20:29.049 5042.267350917730 -4524.168965918180 511.902700725161 2.85676410878694 3.85693157727131 5.97607397748028
2024-06-17T06:24:29.049 5535.855995771940 -3444.952035147090 1909.949837260470 1.23151869178665 5.08139364285373 5.60291507876188
2024-06-17T06:28:29.049 5626.334889058410 -2114.855258719460 3168.535967143280 -0.48179374206900 5.93485148580918 4.82119761411023
2024-06-17T06:32:29.049 5307.584720174700 -630.909491089165 4196.025315940130 -2.15785936249883 6.35580856698048 3.68908353572150
2024-06-17T06:36:29.049 4603.309221037450 898.888090726114 4917.885190772780 -3.67500898260573 6.31483372154247 2.28996166873674
2024-06-17T06:40:29.049 3565.088302383130 2363.497339064610 5281.982133716320 -4.92397300265519 5.81603694301222 0.72590646857824
2024-06-17T06:44:29.049 2268.481941502650 3656.819836795160 5262.178438536930 -5.81530047935024 4.89616219832252 -0.88981350452933
2024-06-17T06:48:29.049 807.537626725473 4685.221215594470 4860.074597145740 -6.28521137918680 3.62170737304513 -2.44065162979312
2024-06-17T06:52:29.049 -711.906418048381 5374.154591720670 4104.842168415040 -6.29979726422959 2.08433481318478 -3.81469297940862
2024-06-17T06:56:29.049 -2179.728749066040 5673.488122436300 3051.189655085860 -5.85753430577447 0.39469203624946 -4.91227992480137
2024-06-17T07:00:29.049 -3489.402497790870 5561.199344105400 1775.550014560300 -4.98981064404286 -1.32495701160578 -5.65319915592159
2024-06-17T07:04:29.049 -4545.726535090250 5045.130282523590 370.634022729188 -3.75910408725308 -2.94954586720305 -5.98287482772226
2024-06-17T07:08:29.049 -5271.835014023880 4162.561792251150 -1061.275652746790 -2.25486922857019 -4.36036134034313 -5.87671507487446
2024-06-17T07:12:29.049 -5614.935371776960 2977.567407446040 -2415.852725239160 -0.58693108599767 -5.45432699594196 -5.34240734559676
2024-06-17T07:16:29.049 -5550.192790584730 1576.282601775770 -3594.443854041610 1.12303692954559 -6.15180530468087 -4.41920978666117
2024-06-17T07:20:29.049 -5082.479693262440 60.539661487503 -4511.310208584490 2.75069986375123 -6.40240159642807 -3.17474775482689
2024-06-17T07:24:29.049 -4245.908601082090 -1459.606049912750 -5099.829657970430 4.17820699309529 -6.18831863198616 -1.69967306626314
2024-06-17T07:28:29.049 -3101.256670192240 -2873.844127618520 -5317.239466879770 5.30249633427060 -5.52519202209116 -0.10095995504151
2024-06-17T07:32:29.049 -1731.539779434770 -4079.510745581100 -5147.648583503370 6.04233514248496 -4.46068984954831 1.50574842745969
2024-06-17T07:36:29.049 -236.090510490352 -4988.914872838680 -4603.172459323390 6.34378758643719 -3.07122917726870 3.00404598160356
2024-06-17T07:40:29.049 1276.503851185130 -5535.667727586670 -3723.148910917750 6.18417883663054 -1.45692467094683 4.28482174253726
2024-06-17T07:44:29.049 2696.192865426370 -5679.591538545670 -2571.436840286500 5.57415481750090 0.26517467108144 5.25410898055162
2024-06-17T07:48:29.049 3919.487034234260 -5409.821489148930 -1231.905233796470 4.55751147274013 1.96932925235530 5.84023695646678
2024-06-17T07:52:29.049 4857.129908477570 -4745.783418686180 197.654384365098 3.20836395903943 3.53045290525109 5.99965662476890
2024-06-17T07:56:29.049 5440.790886499030 -3735.878827416470 1612.765330142290 1.62590791356323 4.83379950396109 5.72063071939799
2024-06-17T08:00:29.049 5628.191216376620 -2453.870666023200 2910.088919857780 -0.07346414931938 5.78414882795659 5.02427980848996
2024-06-17T08:04:29.049 5406.127236479830 -993.306299462790 3995.112909843440 -1.76539338076693 6.31281532227076 3.96248482248262
2024-06-17T08:08:29.049 4791.267426052560 539.462675447789 4789.060367162070 -3.32685809895978 6.38238346982151 2.61360484221398
2024-06-17T08:12:29.049 3828.737386630720 2033.111354235700 5234.533067814520 -4.64516429061049 5.98898460675957 1.07627314975289
2024-06-17T08:16:29.049 2588.667053863140 3379.399681882700 5299.497264676170 -5.62580664831331 5.16191676154104 -0.53806617515462
2024-06-17T08:20:29.049 1161.053619735860 4480.859884408180 4979.428850001100 -6.19862597099969 3.96109484337971 -2.11290913186961
2024-06-17T08:24:29.049 -350.664793661360 5257.681566331140 4297.580082091220 -6.32241172890693 2.47291999933258 -3.53462060124881
2024-06-17T08:28:29.049 -1836.948120680180 5653.401716355330 3303.346824989450 -5.98785298650717 0.80445353397032 -4.70022653067131
2024-06-17T08:32:29.049 -3189.967327073110 5639.030104454050 2068.829836869960 -5.21852759431312 -0.92371392907760 -5.52467474691884
2024-06-17T08:36:29.049 -4311.411451695430 5215.300359714430 683.720094898363 -4.06976424513841 -2.58601165444559 -5.94739303696238
2024-06-17T08:40:29.049 -5119.703956101170 4412.751245610060 -751.184151330630 -2.62487093530123 -4.06116963778327 -5.93700281492363
2024-06-17T08:44:29.049 -5556.053901892820 3289.600357235800 -2131.349390894140 -0.98925090780671 -5.24130250237810 -5.49404631276480
2024-06-17T08:48:29.049 -5588.823020870940 1927.483297282680 -3356.248194004760 0.71772040707851 -6.04041042717466 -4.65109335886602
2024-06-17T08:52:29.049 -5215.791917465050 425.398945218738 -4336.753796675010 2.37180060287291 -6.40065604655549 -3.46994852415055
2024-06-17T08:56:29.049 -4464.212015841090 -1107.572591000950 -5001.610425224690 3.85314347838453 -6.29629188373796 -2.03674424175958
2024-06-17T09:00:29.049 -3388.717122197220 -2560.186230462150 -5302.518664093140 5.05473826017879 -5.73508439709963 -0.45548289681692
2024-06-17T09:04:29.049 -2067.329451680980 -3827.019946504960 -5217.546278973230 5.88981535410276 -4.75745697655338 1.15940085284896
2024-06-17T09:08:29.049 -595.861396537114 -4815.995860135910 -4752.683759002720 6.29771707195644 -3.43355468470250 2.69099816057495
2024-06-17T09:12:29.049 918.888944137237 -5454.995596931330 -3941.476019085580 6.24815121765822 -1.85864929469715 4.02793592790972
2024-06-17T09:16:29.049 2366.775711902870 -5697.158874125110 -2842.735137771720 5.74376217348772 -0.14674913374518 5.07231535878793
2024-06-17T09:20:29.049 3642.300974286040 -5524.454695383520 -1536.409378851260 4.82050373908653 1.57734828792924 5.74704298248684
2024-06-17T09:24:29.049 4652.411442106800 -4949.192398882010 -117.818482317574 3.54555722700209 3.18721386092465 6.00202406520204
2024-06-17T09:28:29.049 5323.465197804970 -4013.237278228070 1309.384066082100 2.01246749478732 4.56459448528557 5.81837970598546
2024-06-17T09:32:29.049 5606.737817769180 -2784.929551106130 2640.939441282350 0.33400310477905 5.60854914614381 5.21000334444203
2024-06-17T09:36:29.049 5482.005569952130 -1353.946078250250 3779.776736311480 -1.36671022067483 6.24338168181054 4.22243376048509
2024-06-17T09:40:29.049 4958.863358782250 175.464934207224 4643.155829567000 -2.96587353259906 6.42397528835014 2.92869599244984
2024-06-17T09:44:29.049 4075.796126799370 1692.175814386920 5168.593424213850 -4.34795875459242 6.13836710419946 1.42348377004071
2024-06-17T09:48:29.049 2897.212684316500 3086.222221183250 5318.237610947720 -5.41370087210024 5.40808589050675 -0.18388224121026
2024-06-17T09:52:29.049 1508.704228056930 4256.659072260100 5081.448443928900 -6.08682536988837 4.28625406784223 -1.77730863246853
2024-06-17T09:56:29.049 10.896816050802 5118.700318383500 4475.462071309270 -6.31899696094262 2.85362617370628 -3.24187751310503
2024-06-17T10:00:29.049 -1487.684216732740 5609.736596602430 3544.179920873440 -6.09314309288595 1.21323675650520 -4.47158225631856
2024-06-17T10:04:29.049 -2878.342842365270 5693.890553313800 2355.120435471860 -5.42500108827544 -0.51645551699302 -5.37684140187297
2024-06-17T10:08:29.049 -4060.053807780740 5364.745991222670 994.642878331803 -4.36246004514250 -2.20986659199917 -5.89122283752849
2024-06-17T10:12:29.049 -4946.872021406640 4645.967090482140 -438.269135624462 -2.98256445062152 -3.74350675623680 -5.97669623584515
2024-06-17T10:16:29.049 -5474.296931199800 3589.659176481210 -1839.252347833720 -1.38585864396947 -5.00535964756996 -5.62676246114614
2024-06-17T10:20:29.049 -5604.043246735480 2272.576447980460 -3106.252245241650 0.31112036948408 -5.90334719557314 -4.86705732522603
2024-06-17T10:24:29.049 -5326.835027296480 790.457532868070 -4147.050256646430 1.98472802738693 -6.37233204055719 -3.75334372884823
2024-06-17T10:28:29.049 -4662.985042076580 -749.042450617105 -4885.992903304000 3.51356320171135 -6.37868497614883 -2.36697458307765
2024-06-17T10:32:29.049 -3660.793809745040 -2234.198823974560 -5269.408672887200 4.78715831545564 -5.92224309035061 -0.80864493621100
2024-06-17T10:36:29.049 -2392.989206414200 -3557.248682467980 -5269.398408054620 5.71358414357178 -5.03595064398460 0.80884644784520
2024-06-17T10:40:29.049 -951.498008144396 -4622.085933786520 -4885.802889415310 6.22569404069212 -3.78342898629369 2.36845769515981
2024-06-17T10:44:29.049 559.096618118765 -5351.141174160640 -4146.261398204200 6.28579803146822 -2.25468117888164 3.75692718660852
2024-06-17T10:48:29.049 2029.010855800860 -5691.039696659170 -3104.341124615690 5.88859592318063 -0.56019946769530 4.87275381425043
2024-06-17T10:52:29.049 3351.197876476460 -5616.633846605620 -1835.796364375270 5.06215488035040 1.17669032473140 5.63373646798637
2024-06-17T10:56:29.049 4429.223461210430 -5133.026492129700 -433.133148925831 3.86637861943992 2.82879558388394 5.98342644530076
2024-06-17T11:00:29.049 5184.467439958350 -4275.346788184880 1001.179527009400 2.38890690677605 4.27473521613395 5.89585869566334
2024-06-17T11:04:29.049 5562.020951777020 -3106.190213412050 2362.351751575600 0.73838011264460 5.40850744483939 5.37777602822364
2024-06-17T11:08:29.049 5534.728066505530 -1710.919765813660 3551.094357609870 -0.96406583762184 6.14758201910271 4.46794398153747
2024-06-17T11:12:29.049 5105.070821718600 -191.247215264439 4480.959996038700 -2.59420112883810 6.43906013343098 3.23383222236811
2024-06-17T11:16:29.049 4304.774239791330 1342.336168039600 5084.594154049980 -4.03404263984465 6.26300624305284 1.76601443589486
2024-06-17T11:20:29.049 3192.286764722530 2778.603936461920 5318.462703063770 -5.18014038461663 5.63313142386651 0.17118361343293
2024-06-17T11:24:29.049 1848.449415863180 4013.527858226100 5165.821712977270 -5.95036192311367 4.59533747860400 -1.43538123575909
2024-06-17T11:28:29.049 370.685842346504 4957.656401835490 4637.834729872990 -6.28944853036294 3.22446781672582 -2.93775607826273
2024-06-17T11:32:29.049 -1133.933186023200 5542.465539942950 3772.763630367290 -6.17272123209805 1.61909990047846 -4.22731660359203
2024-06-17T11:36:29.049 -2556.297626435720 5725.304731205750 2633.308526723470 -5.60804823788892 -0.10495791997876 -5.21028018134259
2024-06-17T11:40:29.049 -3793.105023365570 5492.590147158290 1302.194498955790 -4.63574619533250 -1.82270339269239 -5.81459943175441
2024-06-17T11:44:29.049 -4754.407412458250 4860.956401872510 -123.751560455269 -3.32618446650816 -3.40890218799284 -5.99562928378694
2024-06-17T11:48:29.049 -5370.274848189130 3876.158173097960 -1540.677987814140 -1.77474519231371 -4.74769096133883 -5.73987206288160
2024-06-17T11:52:29.049 -5595.969168842010 2609.744165262820 -2845.360588254520 -0.09466744437790 -5.74134493137072 -5.06602996698722
2024-06-17T11:56:29.049 -5415.224426752160 1153.782100232370 -3942.811245188660 1.59154902661103 -6.31766585697263 -4.02357395896015
2024-06-17T12:00:29.049 -4841.355727249240 -385.941002882793 -4753.231316318540 3.16144065395016 -6.43517727446454 -2.68875712508142
2024-06-17T12:04:29.049 -3916.166797369700 -1897.656903350060 -5217.756472285460 4.50147654609146 -6.08573746337148 -1.15867219042622
2024-06-17T12:08:29.049 -2706.833047995410 -3271.681589495330 -5302.620889009460 5.51497106997082 -5.29468436554458 0.45587653623525
2024-06-17T12:12:29.049 -1301.046683419630 -4408.245588623290 -5001.527095482610 6.12859615352307 -4.11881445816914 2.03810281124443
2024-06-17T12:16:29.049 199.223596409758 -5224.623119306850 -4336.123726226040 6.29741720869460 -2.64256944418968 3.47325720992344
2024-06-17T12:20:29.049 1684.987654396870 -5661.130513639600 -3354.558978735280 6.00828438232578 -0.97247009632166 4.65656670083060
2024-06-17T12:24:29.049 3048.089028630270 -5685.594021145400 -2128.148776150720 5.28135144034246 0.77010911516223 5.50098733015610
2024-06-17T12:28:29.049 4189.135046996210 -5295.885508196910 -746.278527547473 4.16912474639858 2.45771324922447 5.94398698433034
2024-06-17T12:32:29.049 5024.891408230910 -4520.239662931550 690.129110434248 2.75295136513787 3.96640701180642 5.95263257347647
2024-06-17T12:36:29.049 5494.529351842040 -3415.242705267820 2076.112576388080 1.13698670129912 5.18543361780595 5.52646462593789
2024-06-17T12:40:29.049 5564.144582622600 -2061.589888792120 3310.527648708440 -0.56005846851492 6.02593819491901 4.69748502097589
2024-06-17T12:44:29.049 5229.142509400840 -557.997281478950 4303.539074118960 -2.21422139676202 6.42746725233247 3.52725005172191
2024-06-17T12:48:29.049 4514.383408811260 986.141130611567 4983.145845519320 -3.70550256698266 6.36197519251172 2.10183660591502
2024-06-17T12:52:29.049 3472.171763095290 2458.772442790590 5300.289390620680 -4.92657588880713 5.83534956306257 0.52512009912443
2024-06-17T12:56:29.049 2178.303889752070 3753.226731520420 5232.214679319530 -5.79003770048615 4.88619741984500 -1.08887685037922
2024-06-17T13:00:29.049 726.599690878326 4775.753813195630 4783.973878680340 -6.23392522855760 3.58297751807964 -2.62374038422672
2024-06-17T13:04:29.049 -777.755670094333 5452.180290980830 3988.060779907760 -6.22608659648218 2.01944293638720 -3.96853737731180
2024-06-17T13:08:29.049 -2225.699796472260 5733.244579821030 2902.148525457130 -5.76657736660266 0.30826852393542 -5.02561200571073
2024-06-17T13:12:29.049 -3512.109178074230 5598.244492176960 1605.042399557260 -4.88806204041022 -1.42662270838962 -5.71762498914757
2024-06-17T13:16:29.049 -4543.451725350260 5056.694032143240 191.059260058404 -3.65396388458137 -3.05889756772973 -5.99353053526249
2024-06-17T13:20:29.049 -5244.695179015730 4147.764744174580 -1236.835624928270 -2.15407187438494 -4.46932452222350 -5.83281023401896
2024-06-17T13:24:29.049 -5564.871692754100 2937.472511857770 -2574.613148887290 -0.49787310533472 -5.55488811103708 -5.24718403014473
2024-06-17T13:28:29.049 -5480.827217886250 1513.804503005040 -3724.856516783690 1.19383993472155 -6.23663175224907 -4.27965352865811
2024-06-17T13:32:29.049 -4998.845013438710 -19.778869086187 -4603.900383054980 2.79808075530720 -6.46533927494806 -3.00104542809867
2024-06-17T13:36:29.049 -4154.076003263550 -1551.928505636340 -5147.880702620400 4.19872889241368 -6.22480802616038 -1.50448223489538
2024-06-17T13:40:29.049 -3007.890577777190 -2971.465014226720 -5317.274195888760 5.29467154044061 -5.53258762212539 0.10154560471652
2024-06-17T13:44:29.049 -1643.418075090630 -4175.341399057100 -5099.676025267720 6.00672424390817 -4.43846564361482 1.70086881653351
2024-06-17T13:48:29.049 -159.611454258234 -5075.995329674760 -4510.685334598000 6.28296413482614 -3.02097472110155 3.17761678226400
2024-06-17T13:52:29.049 1335.782783106040 -5607.664741126360 -3592.876469241100 6.10253619807245 -1.38223933280408 4.42419642009983
2024-06-17T13:56:29.049 2733.955376699480 -5731.256267520920 -2412.871132591510 5.47758139259345 0.35888422465363 5.34905118237651
2024-06-17T14:00:29.049 3932.973908932340 -5437.392218989640 -1056.625008845060 4.45303939889751 2.07514807922133 5.88371266100397
2024-06-17T14:04:29.049 4845.369993886190 -4747.281206912380 376.834369685043 3.10375858402669 3.64058054590768 5.98848990483172
2024-06-17T14:08:29.049 5404.683117295050 -3711.230473346680 1782.757467787010 1.52885606189054 4.94022412897869 5.65571500363051
2024-06-17T14:12:29.049 5570.413975194580 -2404.908695045140 3058.494973891530 -0.15587916078101 5.87909509442181 4.91043120545751
2024-06-17T14:16:29.049 5330.945222435860 -923.634932201135 4111.134943492180 -1.82713083986458 6.38941314058397 3.80814527137573
2024-06-17T14:20:29.049 4704.208764749890 624.759221613996 4864.292595104920 -3.36351822373397 6.43522964316188 2.43010175919277
2024-06-17T14:24:29.049 3736.158246519140 2127.847301432340 5263.536996867200 -4.65425152015647 6.01432546375137 0.87687732781510
2024-06-17T14:28:29.049 2497.287032904130 3476.713030531420 5280.174661616300 -5.60681811868011 5.15791595402693 -0.73895621544061
2024-06-17T14:32:29.049 1077.468303658270 4573.687547439460 4913.162070630450 -6.15306262728933 3.92790626249779 -2.30086522134203
2024-06-17T14:36:29.049 -420.434800486215 5339.238271107110 4189.123575107180 -6.25352153191325 2.41271860510133 -3.69610919458282
2024-06-17T14:40:29.049 -1887.850606378200 5717.673471937800 3160.512201959680 -5.90044626006167 0.72148968688486 -4.82346206206884
2024-06-17T14:44:29.049 -3218.278371449180 5681.244663342170 1901.945744791600 -5.11879297531808 -1.02343447343999 -5.60060377698216
2024-06-17T14:48:29.049 -4315.012297586350 5232.294234428490 504.896964114545 -3.96483045323908 -2.69515279842941 -5.97031165452722
2024-06-17T14:52:29.049 -5098.263811123540 4403.231609816790 -928.926030399482 -2.52242275145882 -4.17159715449670 -5.90512988998487
2024-06-17T14:56:29.049 -5511.082389183700 3254.238020061750 -2295.062343791540 -0.89680754002627 -5.34490698073500 -5.40972574859837
2024-06-17T15:00:29.049 -5523.554376958090 1868.842135986210 -3494.010163407520 0.79337869625227 -6.12961143468753 -4.52048344719446
2024-06-17T15:04:29.049 -5134.947025931870 347.739623797514 -4438.538069177990 2.42515433514538 -6.46897441991404 -3.30257615097470
2024-06-17T15:08:29.049 -4373.643953427710 -1198.608115289460 -5060.009166155670 3.88032476794053 -6.33876158418692 -1.84477575018227
2024-06-17T15:12:29.049 -3294.981133270470 -2657.981428404430 -5313.274551687480 5.05380000968628 -5.74859053865600 -0.25284409836315
2024-06-17T15:16:29.049 -1977.207235144830 -3924.453137422960 -5179.855825979120 5.86081225549454 -4.74094003408937 1.35802159371594
2024-06-17T15:20:29.049 -515.881995580967 -4905.955105861290 -4669.259921139580 6.24270576954156 -3.38815954470219 2.87116213392449
2024-06-17T15:24:29.049 982.922064879481 -5530.898884910890 -3818.359269550950 6.17107707791217 -1.78761506285163 4.17652326528990
2024-06-17T15:28:29.049 2410.201034953080 -5753.430421983270 -2688.862325687310 5.65013584838367 -0.05518305963094 5.17843992575547
2024-06-17T15:32:29.049 3661.935629652710 -5556.944184012340 -1362.984903430590 4.71708318364618 1.68274170460145 5.80282732088939
2024-06-17T15:36:29.049 4646.800896119500 -4955.501039528190 62.494149817232 3.43990198805739 3.29863140798184 6.00327773689796
2024-06-17T15:40:29.049 5293.013529701040 -3992.909501849610 1483.403794913440 1.91240705146558 4.67377268269594 5.76502243067841
2024-06-17T15:44:29.049 5553.692011420730 -2739.469264467610 2795.963871571630 0.24693344119422 5.70754122206519 5.10605258999117
2024-06-17T15:48:29.049 5410.267746845270 -1286.677447395780 3904.512949231180 -1.43445535933929 6.32501296387573 4.07554442285608
2024-06-17T15:52:29.049 4873.692840714070 259.634261645188 4728.540964744570 -3.00939196827690 6.48233157840841 2.74968049043702
2024-06-17T15:56:29.049 3983.417521971450 1787.123519070610 5208.452349232980 -4.36416127322657 6.16930386549065 1.22542871172125
2024-06-17T16:00:29.049 2804.349551392650 3185.067699133050 5309.703431419120 -5.40152797328619 5.40943565543906 -0.38666367049474
2024-06-17T16:04:29.049 1422.090477686480 4352.244085376370 5025.146165904190 -6.04725134953159 4.25788713871562 -1.97017845303758
2024-06-17T16:08:29.049 -63.204850958604 5204.084966080730 4375.468524826940 -6.25493705245744 2.79748485613089 -3.41088441557042
2024-06-17T16:12:29.049 -1543.918981269590 5678.692371519970 3407.738544320620 -6.00920765068099 1.13328475080493 -4.60445834824296
2024-06-17T16:16:29.049 -2912.634599578430 5741.358077749980 2192.124916308410 -5.32718151199501 -0.61448021053598 -5.46388255011177
2024-06-17T16:20:29.049 -4069.901780551660 5387.220917602230 816.936534626378 -4.25781351750417 -2.31883901771457 -5.92600801364788
2024-06-17T16:24:29.049 -4931.540286074470 4641.768476197940 -617.749269379460 -2.87866387567412 -3.85543890246144 -5.95658540634649
2024-06-17T16:28:29.049 -5434.883362838220 3559.070061702590 -2007.419650354640 -1.29031926623330 -5.11198835449359 -5.55318341150547
2024-06-17T16:32:29.049 -5543.415463442770 2217.820046997960 -3250.849671116480 0.39128407561492 -5.99688777458688 -4.74543067063289
2024-06-17T16:36:29.049 -5249.409095441850 715.511849824204 -4257.549980697960 2.04370401393101 -6.44601590588412 -3.59256128354963
2024-06-17T16:40:29.049 -4574.385997228510 -838.739379200863 -4954.351555913510 3.54714432113937 -6.42717864804302 -2.17871791995988
2024-06-17T16:44:29.049 -3567.437047673680 -2332.135153563970 -5290.636605516750 4.79299338036350 -5.94197761341131 -0.60652698835311
2024-06-17T16:48:29.049 -2301.620312692270 -3656.293617389490 -5241.911338938640 5.69128444649194 -5.02536938429987 1.01022263154951
2024-06-17T16:52:29.049 -868.719936732728 -4714.991158231210 -4811.541421210330 6.17682181331264 -3.74313385573975 2.55448816524033
2024-06-17T16:56:29.049 627.282348630789 -5431.072429102160 -4030.569263678290 6.21379484473094 -2.18751258433325 3.91403254479998
2024-06-17T17:00:29.049 2077.639650701410 -5752.091661060080 -2955.590450730740 5.79860216443872 -0.47099330631309 4.98943798396838
2024-06-17T17:04:29.049 3376.703335112850 -5654.264303091980 -1664.787611473530 4.96061430281606 1.28146699994295 5.70137341086845
2024-06-17T17:08:29.049 4429.700871553590 -5144.404843509680 -252.325543566163 3.76062512022171 2.94142498703727 5.99692045310543
2024-06-17T17:12:29.049 5159.833677085980 -4259.588876424530 1178.578177476990 2.28669847975437 4.38682554846611 5.85412643622674
2024-06-17T17:16:29.049 5514.046676524290 -3064.433710146570 2523.375242559710 0.64730212566956 5.51172812098038 5.28390169403559
2024-06-17T17:20:29.049 5466.919697740680 -1646.218536855510 3683.994513428120 -1.03725396023248 6.23440857244711 4.32891394021206
2024-06-17T17:24:29.049 5022.393748519200 -108.315138214162 4576.071779205050 -2.64417181468137 6.50324306255749 3.05990004106511
2024-06-17T17:28:29.049 4213.265026371230 1437.474145407130 5135.025611910780 -4.05723356640969 6.29991995699495 1.56988782075718
2024-06-17T17:32:29.049 3098.611667483250 2879.042782889870 5320.580510749350 -5.17489605202849 5.64014031291869 -0.03284323860937
2024-06-17T17:36:29.049 1759.420276566810 4111.996348181980 5119.504968578050 -5.91713865721355 4.57201337470814 -1.63253186827595
2024-06-17T17:40:29.049 292.761323460500 5047.032612383180 4546.463419541400 -6.23070046180093 3.17247810576066 -3.11377274290879
2024-06-17T17:44:29.049 -1195.105946313210 5616.278716000220 3642.983490742270 -6.09272077525323 1.54218041503381 -4.36941780929895
2024-06-17T17:48:29.049 -2596.287907580920 5778.205368123990 2474.560923947080 -5.51260598787582 -0.20124087336491 -5.30809128994115
2024-06-17T17:52:29.049 -3809.024851672950 5520.751210154870 1126.038528992740 -4.53183491757367 -1.93131977807358 -5.86096838824400
2024-06-17T17:56:29.049 -4745.129620289080 4862.354182803890 -304.486154943270 -3.22139989263425 -3.52195294114269 -5.98717678869361
2024-06-17T18:00:29.049 -5336.514458290820 3850.717678932790 -1712.824676962520 -1.67677067695360 -4.85691879911672 -5.67720251694749
2024-06-17T18:04:29.049 -5540.242769396370 2559.349889708660 -2996.387113935690 -0.01071914599709 -5.83880646900493 -4.95379575512025
2024-06-17T18:08:29.049 -5341.656332351330 1082.120201894620 -4061.748749311810 1.65538622144499 -6.39636941596522 -3.87004429755020
2024-06-17T18:12:29.049 -4755.351783042230 -473.662421311658 -4831.461745849160 3.20062537700973 -6.48950359874735 -2.50512949245510
2024-06-17T18:16:29.049 -3824.004952801620 -1995.082931360100 -5249.617158082350 4.51332312400845 -6.11178516605245 -0.95822244068840
2024-06-17T18:20:29.049 -2615.201871212480 -3371.746682129660 -5285.792604078890 5.49873929964002 -5.29046902987761 0.65871433614645
2024-06-17T18:24:29.049 -1216.580900069070 -4503.658834418640 -4937.200180127600 6.08547367597130 -4.08446647627864 2.22868091171009
2024-06-17T18:28:29.049 270.399516317753 -5308.387202849940 -4228.930879172540 6.23044835744623 -2.58041346607268 3.63770210887447
2024-06-17T18:32:29.049 1737.691092317200 -5727.065779037800 -3212.264762676520 5.92224376454189 -0.88695402208101 4.78283221729753
2024-06-17T18:36:29.049 3078.462409041700 -5728.806562530130 -1961.092598128000 5.18243428235665 0.87279488580790 5.57979230788079
2024-06-17T18:40:29.049 4194.929477316630 -5313.131994039170 -566.626981853187 4.06445419327235 2.57008175426878 5.96947929985411
2024-06-17T18:44:29.049 5005.632666745500 -4510.180391551250 869.261757386710 2.65012851412936 4.08017358154087 5.92282777524334
2024-06-17T18:48:29.049 5451.573789050150 -3378.556510421260 2241.629432428610 1.04355259585892 5.29218346215632 5.44350300668975
2024-06-17T18:52:29.049 5500.586766328530 -2000.923543873020 3450.327282047720 -0.63724717189313 6.11778219941530 4.56746165361623
2024-06-17T18:56:29.049 5149.594031200810 -477.765518613596 4407.415135268130 -2.26946627478312 6.49768290959409 3.35976563148480
2024-06-17T19:00:29.049 4424.626300840340 1080.108738388430 5043.536913808300 -3.73482832846803 6.40553500926515 1.90915969354396
2024-06-17T19:04:29.049 3378.711261167130 2559.657848141800 5312.800418092070 -4.92792490660406 5.84907560427739 0.32122312143840
2024-06-17T19:08:29.049 2087.911635058410 3853.700442853960 5195.924112994970 -5.76326870463710 4.86906918138512 -1.28916974722314
2024-06-17T19:12:29.049 645.830582619788 4868.521155977890 4701.512131403950 -6.18099773827284 3.53627637572097 -2.80586770796910
2024-06-17T19:16:29.049 -843.048863326168 5530.505883528680 3865.409024173610 -6.15082517764808 1.94653227877960 -4.11927355814495
2024-06-17T19:20:29.049 -2270.781876025180 5791.440644200570 2748.215802112530 -5.67443594331699 0.21445726117320 -5.13395005350344
2024-06-17T19:24:29.049 -3533.711513836440 5632.092447649650 1431.024320990440 -4.78573693379465 -1.53446401619505 -5.77563703758643
2024-06-17T19:28:29.049 -4540.018224773580 5063.759577184090 9.620829274338 -3.54893996642452 -3.17287062937835 -5.99697203488010
2024-06-17T19:32:29.049 -5216.507447404190 4127.576538719250 -1412.485318130580 -2.05409170694594 -4.58107479140246 -5.78143344548228
2024-06-17T19:36:29.049 -5514.039459872860 2891.549862284880 -2731.695588593010 -0.41032030377811 -5.65628416292094 -5.14479623836602
2024-06-17T19:40:29.049 -5411.130712864850 1445.530732064190 -3851.967431000620 1.26252619504220 -6.32038233010268 -4.13382396977394
2024-06-17T19:44:29.049 -4915.437600396650 -105.427305822859 -4691.842067773510 2.84298089737050 -6.52551811918200 -2.82245904081636
2024-06-17T19:48:29.049 -4063.075811953740 -1648.744807487960 -5190.308056175330 4.21674580920768 -6.25713476771330 -1.30608430206344
2024-06-17T19:52:29.049 -2915.926441506900 -3072.441634376860 -5311.130745660770 5.28466307629251 -5.53470538953694 0.30546515447935
2024-06-17T19:56:29.049 -1557.157360904160 -4273.148474509180 -5045.397405345450 5.96949340636941 -4.41005984662223 1.89564861469788
2024-06-17T20:00:29.049 -85.306536094901 -5163.485292954520 -4412.179073831940 6.22115340567837 -2.96389576839294 3.34914573455491
2024-06-17T20:04:29.049 1392.724189622800 -5678.395377218960 -3457.271164195960 6.02051115435257 -1.30049923065185 4.55991459782171
2024-06-17T20:08:29.049 2769.360232989980 -5779.988389286540 -2250.025312685980 5.38123035415733 0.45933726571829 5.43892465318064
2024-06-17T20:12:29.049 3944.231364744890 -5460.494918743330 -878.412221798246 4.34939083575567 2.18696997523302 5.92110734085716
2024-06-17T20:16:29.049 4831.625236037970 -4742.992943049370 557.404089442469 3.00032610237060 3.75560470619368 5.97059526570209
2024-06-17T20:20:29.049 5366.902299186700 -3679.804161723200 1952.481513777700 1.43322455313845 5.04995292755633 5.58378496640743
2024-06-17T20:24:29.049 5511.328871069940 -2348.596804777110 3204.963273828900 -0.23669684181675 5.97547132756628 4.78976463440427
2024-06-17T20:28:29.049 5254.841418586280 -846.512740425450 4223.649923472360 -1.88727552823180 6.46539076802805 3.64760282382025
2024-06-17T20:32:29.049 4616.605460076840 717.092752705409 4934.643115984710 -3.39861634534105 6.48524097292710 2.24144130107171
2024-06-17T20:36:29.049 3643.407294775290 2228.687702848910 5286.600192414490 -4.66180323211983 6.03477892331144 0.67387644608620
2024-06-17T20:40:29.049 2406.098556853160 3578.742402401830 5254.261369072780 -5.58632019999116 5.14729557731625 -0.94161550009180
2024-06-17T20:44:29.049 994.444570244025 4669.488309654840 4840.129764679390 -6.10591896353147 3.88694356195119 -2.48845838271223
2024-06-17T20:48:29.049 -489.266703143850 5421.848170267100 4074.263732930050 -6.18312409220029 2.34443360093878 -3.85494192509105
2024-06-17T20:52:29.049 -1937.495819833560 5781.095577473120 3012.168985970160 -5.81192740492021 0.63085097189364 -4.94194518928710
2024-06-17T20:56:29.049 -3245.139019337940 5720.879209110500 1730.910955324030 -5.01860688458693 -1.12980959461660 -5.67005163744431
2024-06-17T21:00:29.049 -4317.157394560660 5245.283107785350 323.628593782314 -3.86032854206326 -2.80945239570159 -5.98562016704457
2024-06-17T21:04:29.049 -5075.583132078430 4388.675189708250 -1107.221319688940 -2.42132926364623 -4.28543314587247 -5.86520692016449
2024-06-17T21:08:29.049 -5465.303186891580 3213.250604986880 -2457.408107746120 -0.80660683599715 -5.44999351004292 -5.31756830361644
2024-06-17T21:12:29.049 -5458.105876414370 1804.450654579640 -3628.617738492130 0.86609028011865 -6.21837757570247 -4.38292414173945
2024-06-17T21:16:29.049 -5054.687669716640 264.654114515367 -4535.667970553650 2.47511957580412 -6.53506092280093 -3.12974659123901
2024-06-17T21:20:29.049 -4284.493770631680 -1294.350458437470 -5112.672319203020 3.90403217669198 -6.37753148971959 -1.64930253317489
2024-06-17T21:24:29.049 -3203.465012414130 -2759.455608981850 -5317.707042740130 5.04971743197014 -5.75729424730594 -0.04882184964686
2024-06-17T21:28:29.049 -1889.981836344440 -4024.316563178330 -5135.764573812480 5.82937244226143 -4.71887388873631 1.55592402347864
2024-06-17T21:32:29.049 -439.272435039344 -4996.950353363610 -4579.842065866380 6.18620982015372 -3.33673717140842 3.04868800581911
2024-06-17T21:36:29.049 1043.349596557300 -5606.362189278650 -3690.092426421900 6.09352118128038 -1.71037062750373 4.32073995750447
2024-06-17T21:40:29.049 2450.028483549580 -5807.796191266540 -2531.075153244880 5.55706468565068 0.04231055267772 5.27869846173808
2024-06-17T21:44:29.049 3678.228699115200 -5586.183964629410 -1187.190204524670 4.61523472022886 1.79332993846489 5.85169523142141
2024-06-17T21:48:29.049 4638.341455613330 -4957.439900964700 243.449227010966 3.33675591479113 3.41414710062664 5.99714981521982
2024-06-17T21:52:29.049 5260.405006056030 -3967.379934491200 1656.295174653460 1.81554705304156 4.78575679663684 5.70437069070423
2024-06-17T21:56:29.049 5499.306714784240 -2688.313979592110 2948.165584761660 0.16343471616047 5.80779153239073 4.99535990400637
2024-06-17T22:00:29.049 5338.068406255400 -1213.612541282180 4024.925879959100 -1.49849755081786 6.40623834075673 3.92296176907515
2024-06-17T22:04:29.049 4788.937790193020 349.310986124986 4808.396164744680 -3.04935415460544 6.53870072262080 2.56634472560088
2024-06-17T22:08:29.049 3892.264231929830 1886.916558762250 5241.933135034030 -4.37720043955776 6.19671871315100 1.02467401336367
2024-06-17T22:12:29.049 2713.405945375050 3287.742263218970 5294.368823532110 -5.38676181808939 5.40588377167938 -0.59022321064695
2024-06-17T22:16:00.000 1511.652984244500 4325.304509357730 5022.229925466640 -5.95338818338612 4.38490782535052 -1.97773437453340
2024-06-17T22:20:00.000 45.370113590851 5208.233234249010 4370.864362426700 -6.19131859882763 2.92797304206812 -3.41729846629499
2024-06-17T22:24:00.000 -1424.189308790670 5713.639388584620 3401.785254277450 -5.98044612072546 1.25791341362697 -4.60921160633295
2024-06-17T22:28:00.000 -2790.430176423710 5804.610481870550 2185.268220644760 -5.33546530230590 -0.50465789619612 -5.46661060644772
2024-06-17T22:32:00.000 -3954.110650846260 5474.247425867810 809.688175041003 -4.30267102635189 -2.23175026059848 -5.92653167714796
2024-06-17T22:36:00.000 -4830.615286815320 4746.314701480590 -624.859322137068 -2.95694729476836 -3.79742527414568 -5.95492824130724
2024-06-17T22:40:00.000 -5356.216427018070 3673.602113352770 -2013.887672179180 -1.39639544985706 -5.08730193188815 -5.54953236621575
2024-06-17T22:44:00.000 -5492.791762597410 2334.067901594710 -3256.233434583040 0.26508805222946 -6.00737261935127 -4.74011293766077
2024-06-17T22:48:00.000 -5230.580574406530 825.065977729600 -4261.501765468700 1.90656237704349 -6.49098687212155 -3.58602500434190
2024-06-17T22:52:00.000 -4588.787142856220 -743.820954232202 -4956.636574552310 3.40906672890649 -6.50343303181160 -2.17145266838628
2024-06-17T22:56:00.000 -3614.077116648050 -2258.745006317940 -5291.146839252050 4.66407018612005 -6.04404855803099 -0.59909049356897
2024-06-17T23:00:00.000 -2377.145060735690 -3609.779635499660 -5240.663727237730 5.58098484130039 -5.14590736468182 1.01736317001655
2024-06-17T23:04:00.000 -967.653969648523 -4698.755509924700 -4808.656991002210 6.09324643693702 -3.87336842940888 2.56092096985159
2024-06-17T23:08:00.000 512.132540944975 -5446.304273059030 -4026.262381241670 6.16306141534361 -2.31788272559023 3.91939330618411
2024-06-17T23:12:00.000 1954.645845849760 -5797.663388208840 -2950.164400316690 5.78435897431343 -0.59189889347112 4.99333498327543
2024-06-17T23:16:00.000 3254.799782462400 -5726.825550545190 -1658.639091340510 4.98389515617874 1.17883157357698 5.70345472000849
2024-06-17T23:20:00.000 4317.748409412320 -5238.642524470890 -245.912228389437 3.81976401364049 2.86452976137345 5.99704024391303
2024-06-17T23:24:00.000 5065.966323170380 -4368.607988043910 1184.786517744610 2.37733065664087 4.34129564973495 5.85230908280698
2024-06-17T23:28:00.000 5445.061945007910 -3180.261842403450 2528.925466970170 0.76274531402082 5.50086006376365 5.28026381322592
2024-06-17T23:32:00.000 5427.785087731510 -1760.394912944650 3688.471468027440 -0.90547347961844 6.25894246601382 4.32364539109057
2024-06-17T23:36:00.000 5015.900827150760 -212.521170269318 4579.116522764630 -2.50557709207649 6.56127251034928 3.05331384716443
2024-06-17T23:40:00.000 4239.853285746820 1350.810959292450 5136.382176629650 -3.92182558784252 6.38718869080236 1.56248865895931
2024-06-17T23:44:00.000 3156.328857871430 2816.214123910120 5320.114085964130 -5.05246560119306 5.75026710808188 -0.04054277680990
2024-06-17T23:48:00.000 1844.068594161260 4077.548268576080 5117.217303408170 -5.81649968586408 4.69694835355250 -1.63989676473065
2024-06-17T23:52:00.000 398.202553942208 5043.450639514960 4542.512200932350 -6.15911859978958 3.30320589386246 -3.12017800257371
2024-06-17T23:56:00.000 -1076.515287820800 5643.826123675650 3637.661232159700 -6.05539684977848 1.66929623044548 -4.37437146778309
2024-06-18T00:00:00.000 -2473.150098081280 5834.903322821790 2468.259710202770 -5.51227333270983 -0.08691076743561 -5.31124452445839
2024-06-18T00:04:00.000 -3690.281556045680 5602.515143893490 1119.222707715430 -4.56857964200558 -1.83803472243480 -5.86207958489867
2024-06-18T00:08:00.000 -4639.421010842700 4963.287267074980 -311.315719283462 -3.29262784280753 -3.45646558081516 -5.98618455425589
2024-06-18T00:12:00.000 -5251.552060245370 3963.533549561190 -1719.173798715360 -1.77738226572939 -4.82399638989248 -5.67422451824085
2024-06-18T00:16:00.000 -5482.242467012770 2675.889619575330 -3001.807469505180 -0.13341954794811 -5.84089132662444 -4.94908429712767
2024-06-18T00:20:00.000 -5314.875559464530 1193.945091130210 -4065.866626445200 1.51951376308492 -6.43334564598034 -3.86397379462867
2024-06-18T00:24:00.000 -4761.774465444870 -374.660691899332 -4834.003704395270 3.06150050095689 -6.55874157571489 -2.49814313974978
2024-06-18T00:28:00.000 -3863.189529678770 -1916.090929287920 -5250.419502634160 4.38110420044804 -6.20827902114532 -0.95079337880158
2024-06-18T00:32:00.000 -2684.316153376900 -3318.498893554840 -5284.810942079600 5.38307370869128 -5.40720467901735 0.66606243459142
2024-06-18T00:36:00.000 -1310.605910430790 -4480.020726545570 -4934.513491288170 5.99482418674533 -4.21297181486808 2.23547105452729
2024-06-18T00:40:00.000 158.304550670200 -5316.068232387910 -4224.722191666280 6.17143515158041 -2.71129457502638 3.64352638320106
2024-06-18T00:44:00.000 1615.683965812080 -5765.479568939320 -3206.812939632970 5.89915156161874 -1.01059323293084 4.78730607918233
2024-06-18T00:48:00.000 2955.411013519070 -5795.105720642640 -1954.767407281440 5.19686100238965 0.76547832296395 5.58253383453903
2024-06-18T00:52:00.000 4079.761341777360 -5402.436938553520 -559.884644577916 4.11533409808263 2.48683777445755 5.97018188038726
2024-06-18T00:56:00.000 4906.709687206390 -4615.953873644970 875.923106574194 2.73379111058246 4.02701561311364 5.92146221877713
2024-06-18T01:00:00.000 5376.069952018770 -3493.068069072620 2247.724622389710 1.15384804705130 5.27295653393110 5.44017110465690
2024-06-18T01:04:00.000 5453.962677160640 -2115.820476288420 3455.407880176950 -0.50835202532804 6.13381534733445 4.56238860549945
2024-06-18T01:08:00.000 5135.208463231370 -584.681057885649 4411.099120784890 -2.13133105270823 6.54774013255519 3.35327003912584
2024-06-18T01:12:00.000 4443.507793494450 988.941361451101 5045.540333918180 -3.59741686194851 6.48590288557610 1.90175048738791
2024-06-18T01:16:00.000 3429.487977590030 2490.851717311910 5312.976589281120 -4.80115365409530 5.95392882946539 0.31350561733891
2024-06-18T01:20:00.000 2166.904857188880 3812.257430998510 5194.266390139550 -5.65633409319898 4.99084987058907 -1.29665083483831
2024-06-18T01:24:00.000 747.318232267956 4857.459525106290 4698.143203011750 -6.10161281649420 3.66613956881673 -2.81254048277605
2024-06-18T01:28:00.000 -726.415136759641 5550.649498523890 3860.592973658370 -6.10477438107123 2.07514042052082 -4.12458578443355
2024-06-18T01:32:00.000 -2147.463882616180 5841.366145315530 2742.327511810180 -5.66513836863662 0.33252385917862 -5.13752012316261
2024-06-18T01:36:00.000 -3412.677204479680 5708.220949772280 1424.515202858650 -4.81396468776160 -1.43550495133232 -5.77721102279888
2024-06-18T01:40:00.000 -4430.091743542880 5160.608791223630 2.984006409045 -3.61272420103709 -3.10021266247411 -5.99646682875698
2024-06-18T01:44:00.000 -5125.720732190220 4238.154910642150 -1418.759141373680 -2.14883778752221 -4.54002532484219 -5.77893975717810
2024-06-18T01:48:00.000 -5449.038993168580 3007.860717433880 -2737.155383275870 -0.52914372122929 -5.64986024484869 -5.14055725121152
2024-06-18T01:52:00.000 -5376.683414846950 1559.151903685810 -3856.234903265210 1.12830231026305 -6.34908819223662 -4.12818948062424
2024-06-18T01:56:00.000 -4914.079704748460 -2.729380344163 -4694.630617941070 2.70314497238839 -6.58728970028386 -2.81584549430033
2024-06-18T02:00:00.000 -4094.932328048290 -1564.418465691770 -5191.438150897170 4.08149140412201 -6.34753502155449 -1.29895322404848
2024-06-18T02:04:00.000 -2978.698124806760 -3012.610516368990 -5310.532818487260 5.16387002898449 -5.64718419052757 0.31265694822366
2024-06-18T02:08:00.000 -1646.289290608980 -4242.153915243770 -5043.114112869140 5.87195907661006 -4.53641791842963 1.90241551869507
2024-06-18T02:12:00.000 -194.322081111643 -5163.569901150100 -4408.370437564300 6.15401420353169 -3.09494435051568 3.35502483863068
2024-06-18T02:16:00.000 1271.759526979230 -5709.532923022760 -3452.195066918210 5.98868196054104 -1.42662977294085 4.56453747383156
2024-06-18T02:20:00.000 2645.250925466480 -5839.872978533400 -2244.023046308500 5.38700362259164 0.34738837577644 5.44197294787679
2024-06-18T02:24:00.000 3825.995924781770 -5544.710684337150 -871.895394925662 4.39225054623741 2.09739127051962 5.92230298288191
2024-06-18T02:28:00.000 4727.835682864220 -4845.360302251050 563.967684406057 3.07711326232426 3.69483199280104 5.96978810404795
2024-06-18T02:32:00.000 5285.073622344980 -3792.839973681630 1958.615225977900 1.53832438365774 5.02235390606995 5.58102851117696
2024-06-18T02:36:00.000 5457.373456464370 -2464.056384985990 3210.217154519450 -0.11093243826175 5.98298094056226 4.78522723556234
2024-06-18T02:40:00.000 5232.649084060720 -955.993895012046 4227.631304501510 -1.74996090827330 6.50738256904046 3.64160044639053
2024-06-18T02:44:00.000 4627.768241707200 621.538871559981 4937.051730333350 -3.25965123112729 6.55859908934117 2.23442692888027
2024-06-18T02:48:00.000 3687.112923529470 2153.990666181520 5287.259455560890 -4.53122253310498 6.13416820891539 0.66640888952935
2024-06-18T02:52:00.000 2479.183782160590 3530.319473032020 5253.133336279450 -5.47355736545925 5.26553906352442 -0.94894171030792
2024-06-18T02:56:00.000 1091.616372630220 4650.867758937070 4837.314263988090 -6.01919224536879 4.01554062438524 -2.49512262078814
2024-06-18T03:00:00.000 -375.055875804385 5434.401345737230 4069.972744819390 -6.12871459789319 2.47403800500983 -3.86049635864407
2024-06-18T03:04:00.000 -1814.524018472410 5823.936742768870 3006.722008901440 -5.79378186334333 0.75211797644888 -4.94596503391851
2024-06-18T03:08:00.000 -3122.328964497590 5790.937602658420 1724.713894285100 -5.03810655322122 -1.02564587233793 -5.67224534065269
2024-06-18T03:12:00.000 -4203.438013259210 5337.515360284070 317.139346601923 -3.91613093802266 -2.72996490782003 -5.98585345474435
2024-06-18T03:16:00.000 -4979.234906514220 4496.421720029890 -1113.532738598920 -2.50940189558663 -4.23642958699941 -5.86350732102765
2024-06-18T03:20:00.000 -5393.343244074790 3328.717753233780 -2463.092751890800 -0.92053118817147 -5.43504942442714 -5.31407765190361
2024-06-18T03:24:00.000 -5415.780758799270 1919.281318833620 -3633.275857601040 0.73456220919119 -6.23860838568860 -4.37791553558919
2024-06-18T03:28:00.000 -5045.090996494930 370.523134830855 -4538.975223727370 2.33558428481996 -6.58906033367148 -3.12355731579161
2024-06-18T03:32:00.000 -4308.329863955870 -1205.124389280100 -5114.390706316780 3.76666220825721 -6.46137528519025 -1.64232561820028
2024-06-18T03:36:00.000 -3259.004283682480 -2693.342625205160 -5317.704447215340 4.92450879446249 -5.86488662374777 -0.04154075430866
2024-06-18T03:40:00.000 -1973.186070693220 -3986.107425526280 -5134.025998155430 5.72544908383215 -4.84238756619761 1.56303227503689
2024-06-18T03:44:00.000 -544.090168805953 -4989.399623236250 -4576.464952590260 6.11111259693836 -3.46714559985765 3.05515240109516
2024-06-18T03:48:00.000 924.535633811975 -5629.988186453380 -3685.288509382890 6.05269975940338 -1.83817735695416 4.32609183328542
2024-06-18T03:52:00.000 2325.856904373810 -5860.841369976950 -2525.160877827060 5.55351182667466 -0.07353193771836 5.28253903265874
2024-06-18T03:56:00.000 3557.729265133240 -5664.733013214670 -1180.566577676380 4.64919696084798 1.69795363367172 5.85372753207573
2024-06-18T04:00:00.000 4530.265543968420 -5055.702009548650 250.322896391459 3.40566532163628 3.34625403377938 5.99716913970929
2024-06-18T04:04:00.000 5172.570738428110 -4078.128182117690 1662.918658818370 1.91427976481966 4.75020854535505 5.70226279437315
2024-06-18T04:08:00.000 5438.047974330140 -2803.442568625020 2954.035831074160 0.28481485054800 5.80704218255516 4.99122512615906
2024-06-18T04:12:00.000 5307.788988583650 -1324.725241525600 4029.588555362460 -1.36329837702715 6.44022535534235 3.91709298300153
2024-06-18T04:16:00.000 4791.789851413440 250.286232919387 4811.483568536030 -2.91012327588118 6.60481505997571 2.55916728830764
2024-06-18T04:20:00.000 3928.014242411420 1807.150029918990 5243.197136027980 -4.24394085555227 6.29011112324313 1.01676020808081
2024-06-18T04:24:00.000 2779.451378541950 3233.003948829910 5293.706448834750 -5.26908961714563 5.51979334543639 -0.59826314820045
2024-06-18T04:28:00.000 1429.488093465590 4424.599472175930 4959.554377083880 -5.91218818292494 4.34978069521662 -2.16934991180548
2024-06-18T04:32:00.000 -24.055385179931 5295.598664554360 4265.030348608430 -6.12701075067756 2.86427337839271 -3.58315756149675
2024-06-18T04:36:00.000 -1475.857942521280 5782.717673355150 3260.462199953390 -5.89766560390758 1.17013237872261 -4.73728330049127
2024-06-18T04:40:00.000 -2820.596205547840 5850.350178797700 2018.712047296490 -5.24013769201504 -0.61018020578229 -5.54751859845474
2024-06-18T04:44:00.000 -3960.572692565680 5493.293612504320 630.008837474584 -4.20166856458124 -2.34730193817603 -5.95430176314466
2024-06-18T04:48:00.000 -4812.890931108830 4737.270746153930 -804.578645633167 -2.85763560267048 -3.91451605189943 -5.92748506620809
2024-06-18T04:52:00.000 -5315.593864157040 3637.131223452890 -2180.554567824340 -1.30606528637820 -5.19737238026062 -5.46887450073839
2024-06-18T04:56:00.000 -5432.238005683130 2272.831441470410 -3397.710388240700 0.33983863089750 -6.10242410441277 -4.61214535467200
2024-06-18T05:00:00.000 -5154.511130823910 743.523609621770 -4367.493558492610 1.96032401768588 -6.56412334303943 -3.42009346911336
2024-06-18T05:04:00.000 -4502.737690114470 -839.741955536279 -5019.434678687340 3.43798252333822 -6.54940130685863 -1.97962389014640
2024-06-18T05:08:00.000 -3524.287578647250 -2362.084095177230 -5306.169301572680 4.66614415708030 -6.05950841300365 -0.39519629727202
2024-06-18T05:12:00.000 -2290.108547384960 -3713.021591859970 -5206.772553607930 5.55610984747717 -5.12961657054751 1.21860672218081
2024-06-18T05:13:00.000 -1951.769339627230 -4012.091185167160 -5121.795710930420 5.71757822224946 -4.83556562464526 1.61288813231877
2024-06-18T05:17:00.000 -525.312781022710 -5012.811530089730 -4552.848545392930 6.09712617497226 -3.45265739577843 3.09960282220129
2024-06-18T05:21:00.000 939.319040079738 -5649.096038575750 -3651.981114369760 6.03359339265402 -1.81700676265969 4.36190809651478
2024-06-18T05:25:00.000 2335.565166047200 -5874.214083862780 -2484.564300195490 5.53057000467623 -0.04720932416856 5.30707801066889
2024-06-18T05:29:00.000 3561.633943034300 -5671.364820121480 -1135.631886227120 4.62407662935362 1.72745207729696 5.86510518000070
2024-06-18T05:33:00.000 4528.067474764950 -5055.092902255890 296.310462744012 3.38025200349921 3.37672059372111 5.99451150779790
2024-06-18T05:37:00.000 5164.430170125130 -4070.316292020610 1706.594145355990 1.89048327269635 4.77939574714503 5.68578029381238
2024-06-18T05:41:00.000 5424.566356407640 -2788.994206427710 2992.210735853620 0.26437782931313 5.83281658791726 4.96215583425278
2024-06-18T05:45:00.000 5289.958333412370 -1304.691637576980 4059.483267620990 -1.37887879392797 6.46071201969642 3.87758668880616
2024-06-18T05:49:00.000 4770.921281057430 274.449595354801 4830.928857166180 -2.91970744695201 6.61853950062789 2.51213794515464
2024-06-18T05:53:00.000 3905.635174304180 1833.694136966870 5250.790835482530 -4.24686735309938 6.29610741192434 0.96562239576067
2024-06-18T05:57:00.000 2757.194795855720 3260.010691567510 5288.903394741540 -5.26515282789266 5.51762679852066 -0.64979933089387
2024-06-18T06:01:00.000 1408.975398459660 4450.115372224450 4942.710806845190 -5.90167882365698 4.33960089393930 -2.21754117544641
2024-06-18T06:05:00.000 -41.326471014154 5317.779074525250 4237.376943513330 -6.11066990018089 2.84683736203185 -3.62449285967200
2024-06-18T06:09:00.000 -1488.624700253500 5799.967690010460 3224.018119861980 -5.87670952013091 1.14673188128760 -4.76875149035248
2024-06-18T06:13:00.000 -2827.936908932410 5861.433482361260 1976.137105274630 -5.21616047498641 -0.63786315373676 -5.56683441106806
2024-06-18T06:17:00.000 -3961.969577453740 5497.411355110060 584.403901123327 -4.17640688947409 -2.37731785168204 -5.96007575303722
2024-06-18T06:21:00.000 -4808.253843671020 4734.122729172770 -849.887967869157 -2.83292936180834 -3.94467431768261 -5.91926047200032
2024-06-18T06:25:00.000 -5305.277021073600 3626.949294559460 -2222.261492262560 -1.28372836645204 -5.22546979553569 -5.44726642740267
2024-06-18T06:29:00.000 -5417.009588171140 2256.360319379270 -3432.777032505310 0.35818229309855 -6.12641935021542 -4.57876171976754
2024-06-18T06:33:00.000 -5135.495277457120 721.960275771135 -4393.373094809560 1.97335902082205 -6.58231257382573 -3.37738258195264
2024-06-18T06:37:00.000 -4481.323825198990 -864.837279403979 -5034.246356929090 3.44481034507143 -6.56046010505684 -1.93066158213236
2024-06-18T06:41:00.000 -3502.033365593350 -2388.891147215280 -5308.831864273780 4.66628189039431 -6.06262539045040 -0.34352996402321
2024-06-18T06:45:00.000 -2268.627687831030 -3739.592599305160 -5197.084300380360 5.54956991386775 -5.12453911583509 1.26923869867966
2024-06-18T06:49:00.000 -870.508773241315 -4818.753142129030 -4706.904246488420 6.03045441931605 -3.81340329814316 2.79087028927543
2024-06-18T06:53:00.000 590.864019997381 -5547.668091807460 -3873.652916727260 6.07331643982970 -2.22348999444187 4.11064061423311
2024-06-18T06:57:00.000 2009.226070103220 -5872.896749282290 -2757.743191842750 5.67405547415732 -0.46986303239678 5.13179375460518
2024-06-18T07:01:00.000 3281.220937807660 -5770.324799485810 -1440.393300057630 4.86095699032156 1.31962256456880 5.77885098833916
2024-06-18T07:05:00.000 4314.031246931280 -5247.132716202560 -17.759618207885 3.69309556910973 3.01365135903850 6.00366832289335
2024-06-18T07:09:00.000 5032.339575325570 -4341.418766811210 1406.167896129980 2.25631759894190 4.48765152454844 5.78960048431307
2024-06-18T07:13:00.000 5383.980568055040 -3119.363313479390 2727.353761243640 0.65638653412512 5.63368960247141 5.15289198535435
2024-06-18T07:17:00.000 5343.731385103310 -1670.223957978320 3849.473785080680 -0.98937879419275 6.36856157969860 4.14107314416729
2024-06-18T07:21:00.000 4915.026926577550 -99.639263917200 4690.990002895940 -2.56100263362936 6.63976271024245 2.82898472824353
2024-06-18T07:25:00.000 4129.516146925570 1478.203021132080 5191.018402102440 -3.94478704353325 6.42888819436165 1.31276121625086
2024-06-18T07:29:00.000 3044.562330007500 2948.875242775710 5313.574926452460 -5.04135705164691 5.75222242713891 -0.29750810132453
2024-06-18T07:33:00.000 1738.991789568190 4205.869842184290 5050.000531825540 -5.77221030906285 4.65904724422869 -1.88551184448841
2024-06-18T07:37:00.000 307.435611386248 5158.134056015750 4419.501399367160 -6.08488225721038 3.22813386219278 -3.33668653961504
2024-06-18T07:41:00.000 -1146.389754064360 5736.541680398530 3467.780702838970 -5.95658535105517 1.56239509160146 -4.54604948940537
2024-06-18T07:45:00.000 -2517.061449758220 5898.894470418540 2263.855866173120 -5.39604854578095 -0.21791018718642 -5.42548945159918
2024-06-18T07:49:00.000 -3705.048284200670 5633.116337562380 895.174034321897 -4.44341816047177 -1.98358745549600 -5.91053736332570
2024-06-18T07:53:00.000 -4623.985228890540 4958.261850091280 -538.693102813628 -3.16764076193277 -3.60598358134544 -5.96528583967306
2024-06-18T07:57:00.000 -5207.058287810860 3923.245102603340 -1933.310688395450 -1.66171227008025 -4.96652814328117 -5.58547078631697
2024-06-18T08:01:00.000 -5411.963512953970 2603.281917759710 -3187.108641414130 -0.03552986484656 -5.96604372777612 -4.79902518302055
2024-06-18T08:05:00.000 -5223.965001258090 1094.307309061430 -4208.858320955210 1.59251745243033 -6.53208619684448 -3.66361401849970
2024-06-18T08:09:00.000 -4656.870958922030 -494.093022293793 -4924.300968046090 3.10441119985398 -6.62395482184835 -2.26205927490683
2024-06-18T08:13:00.000 -3751.923586646150 -2046.652323429720 -5281.461673331950 4.39090228700518 -6.23524022900489 -0.69608051013918
2024-06-18T08:17:00.000 -2574.760949308070 -3450.713077801830 -5254.321304887100 5.35911793210392 -5.39391414255511 0.92101000041728
2024-06-18T08:21:00.000 -1210.699150922510 -4604.265611164230 -4844.660036474690 5.93885664213853 -4.16022409598027 2.47220239292108
2024-06-18T08:25:00.000 241.315791834529 -5423.258708408300 -4081.985972873720 6.08745107243765 -2.62276582388455 3.84478238259257
2024-06-18T08:29:00.000 1675.758455557170 -5847.738608193830 -3021.541359171650 5.79314475541587 -0.89262502912069 4.93831448489887
2024-06-18T08:33:00.000 2988.152102744270 -5846.363581551060 -1740.444609609310 5.07648150535077 0.90425715428783 5.67210635880156
2024-06-18T08:37:00.000 4082.760409374250 -5418.901971995800 -332.153107658032 3.98938794195647 2.63620370494772 5.99165070586309
2024-06-18T08:41:00.000 4879.739441143660 -4596.400671075860 1100.420126727150 2.61153990932407 4.17593992426154 5.87319901514015
2024-06-18T08:45:00.000 5321.116718397040 -3438.934762148460 2452.576895809810 1.04437030084524 5.41041884159885 5.32576417542170
2024-06-18T08:49:00.000 5375.093763086220 -2031.084498908540 3625.678018569940 -0.59694588859078 6.24983324419111 4.39041163973474
2024-06-18T08:53:00.000 5038.243473159940 -475.521940601585 4534.424144039640 -2.19264896431495 6.63403666775968 3.13644290162657
2024-06-18T08:57:00.000 4335.549346137850 1114.606229072550 5112.997942037340 -3.62717772843491 6.53632517172970 1.65584456163022
2024-06-18T09:01:00.000 3318.402214221990 2623.919637902380 5319.696017438940 -4.79731161741117 5.96481882136534 0.05633939492095
2024-06-18T09:05:00.000 2060.763714455260 3943.084886218560 5139.778123875230 -5.61923240408917 4.96140215045658 -1.54645189924878
2024-06-18T09:09:00.000 653.820752059571 4976.560159298420 4586.405292462410 -6.03399708927652 3.59844372325944 -3.03693086936216
2024-06-18T09:13:00.000 -800.491467292292 5649.363887653610 3699.698473406880 -6.01151946929041 1.97396060522606 -4.30732829587014
2024-06-18T09:17:00.000 -2196.735046530170 5912.482796394530 2543.946790327270 -5.55292981462371 0.20512619015173 -5.26523105376754
2024-06-18T09:21:00.000 -3433.544974552960 5746.533403935510 1203.075410945860 -4.69092921982909 -1.57978834037118 -5.84046969119794
2024-06-18T09:25:00.000 -4421.029443379680 5163.318732217450 -225.388296162997 -3.48788243670367 -3.25079350483430 -5.99062830164137
2024-06-18T09:29:00.000 -5087.398307357930 4205.067993420490 -1637.433182309200 -2.03133990493479 -4.68592840632404 -5.70445792748692
2024-06-18T09:33:00.000 -5384.266115582700 2941.389695055000 -2930.214822811570 -0.42757154181065 -5.78045956670500 -5.00290014845588
2024-06-18T09:37:00.000 -5290.200202383810 1464.137389641200 -4009.642636406860 1.20654511782521 -6.45490749209426 -3.93744802835824
2024-06-18T09:41:00.000 -4812.202550728590 -119.382215913501 -4797.251368662320 2.75241588791509 -6.66070246076982 -2.58594631438452
2024-06-18T09:45:00.000 -3985.079434065080 -1694.247290834690 -5235.831340927420 4.09829273590405 -6.38325339323845 -1.04657210227106
2024-06-18T09:49:00.000 -2868.850244950000 -3146.198150147870 -5293.475400594550 5.14702948893249 -5.64259159508760 0.56925383531130
2024-06-18T09:53:00.000 -1544.420359342140 -4369.801022827610 -4965.831021744070 5.82271865982944 -4.49178960686360 2.14464877125904
2024-06-18T09:57:00.000 -107.825794162894 -5275.982848018120 -4276.451982616030 6.07591310710523 -3.01337235665604 3.56529365294984
2024-06-18T10:01:00.000 1336.588427987250 -5798.496754667190 -3275.220834386280 5.88731632392176 -1.31398397508225 4.72741461827230
2024-06-18T10:05:00.000 2683.681102896830 -5898.874439803480 -2034.887099294740 5.26972360912761 0.48289438757634 5.54544438191402
2024-06-18T10:09:00.000 3835.218159391420 -5569.430662233230 -645.871201526785 4.26763457047938 2.24579415739527 5.95868685924515
2024-06-18T10:13:00.000 4707.189729504210 -4834.007247351660 790.352056667097 2.95437935448293 3.84517800081221 5.93639536940743
2024-06-18T10:17:00.000 5236.112489082020 -3746.277029521750 2168.815245389110 1.42655498260745 5.16362451751211 5.48039942969545
2024-06-18T10:21:00.000 5383.739245616640 -2385.720298210630 3388.902296314130 -0.20350708320138 6.10487970918993 4.62487874658073
2024-06-18T10:25:00.000 5139.791819369880 -851.622086581474 4361.817483958030 -1.81660547327034 6.60115690833346 3.43342505748139
2024-06-18T10:29:00.000 4522.517651342170 744.359884006417 5017.034742786530 -3.29569765842123 6.61766024122453 1.99365489571706
2024-06-18T10:33:00.000 3577.144109557660 2286.374305466450 5307.267100881930 -4.53428908100329 6.15430342730059 0.41040489455425
2024-06-18T10:37:00.000 2372.470686226870 3662.679233276550 5211.712491699800 -5.44353187055251 5.24518207701297 -1.20174255025692
2024-06-18T10:41:00.000 995.886584890381 4773.587115063060 4737.442911649400 -5.95824186376596 3.95603027900524 -2.72644640253750
2024-06-18T10:45:00.000 -452.864781299959 5538.532189061010 3918.863706625340 -6.04122833189878 2.37956762662680 -4.05354217787619
2024-06-18T10:49:00.000 -1868.763999003480 5901.850450078370 2815.317044994300 -5.68603538703335 0.62942590305236 -5.08665441913501
2024-06-18T10:53:00.000 -3149.037105104680 5836.890411641160 1506.906082726550 -4.91780696889291 -1.16765488011833 -5.75020975556131
2024-06-18T10:57:00.000 -4200.635690645030 5348.103761012030 88.777816832858 -3.79202214184017 -2.88083616553090 -5.99529027805756
2024-06-18T11:01:00.000 -4947.098882458510 4470.845648237330 -1335.814426612600 -2.39056862496868 -4.38507263379241 -5.80371754564469
2024-06-18T11:05:00.000 -5334.201251838680 3268.829391495210 -2663.108635392460 -0.81569720869448 -5.57059531621820 -5.18946693894157
2024-06-18T11:09:00.000 -5333.937218862080 1829.433878791940 -3796.476853113500 0.81775134466813 -6.35119892078618 -4.19761938376895
2024-06-18T11:13:00.000 -4946.502555302480 257.245921432342 -4653.505228790940 2.39109050204818 -6.67053288502714 -2.90074360162226
2024-06-18T11:17:00.000 -4200.163740857000 -1333.606722243750 -5171.940030670620 3.79048851195163 -6.50584472741721 -1.39319282010422
2024-06-18T11:21:00.000 -3149.114755313930 -2827.707879458190 -5314.098333120630 4.91496448538140 -5.86913791692010 0.21586072537947
2024-06-18T11:25:00.000 -1869.545220965650 -4116.600254775350 -5069.517506283000 5.68323486174621 -4.80605020411877 1.81006129406411
2024-06-18T11:29:00.000 -454.219935449281 -5106.527963799830 -4455.723952955790 6.03926645383607 -3.39277238732713 3.27386419198239
2024-06-18T11:33:00.000 994.104398341814 -5725.206551811800 -3517.081334538430 5.95638617946605 -1.73107183279066 4.50049251124531
2024-06-18T11:37:00.000 2370.052937511600 -5927.185341225530 -2321.738198756070 5.43967358675652 0.05849906796636 5.39977991713350
2024-06-18T11:41:00.000 3573.322621236000 -5697.356056104870 -956.780056042889 4.52614637084793 1.84519066221152 5.90512944050066
2024-06-18T11:45:00.000 4516.124190111530 -5052.245377050420 478.112184434403 3.28247092358270 3.49781297989854 5.97891871597122
2024-06-18T11:49:00.000 5129.767298491230 -4038.899502888280 1878.058459498300 1.80011926913052 4.89491799500223 5.61577944337901
2024-06-18T11:53:00.000 5369.786616582770 -2731.366972818090 3140.836449043300 0.18813183074392 5.93440313490089 4.84303112903732
2024-06-18T11:57:00.000 5219.139709227430 -1225.094901044250 4174.475446831760 -1.43548694700441 6.54110748196270 3.71816584911966
2024-06-18T12:01:00.000 4689.292048792850 370.210194631395 4903.970491029970 -2.95266199478685 6.67204903941035 2.32411050834533
2024-06-18T12:05:00.000 3819.175067599810 1938.676725775280 5276.624603908000 -4.25396933228756 6.31899815071398 0.76263321351720
2024-06-18T12:09:00.000 2672.178382039890 3366.625546093960 5265.676318034900 -5.24611949089445 5.50823458601446 -0.85320123027016
2024-06-18T12:13:00.000 1331.537088222650 4550.628768877440 4872.079396607860 -5.85793737094565 4.29841945259968 -2.40678877703846
2024-06-18T12:17:00.000 -105.595476943564 5404.850051670780 4124.408455422760 -6.04531428873462 2.77664403492079 -3.78590521332916
2024-06-18T12:21:00.000 -1535.060023603790 5867.187756560670 3076.857528375140 -5.79433413431379 1.05250213780384 -4.89052097669533
2024-06-18T12:25:00.000 -2853.132029934410 5903.820799845140 1805.440030084580 -5.12259520497915 -0.74929778358410 -5.63997031082426
2024-06-18T12:29:00.000 -3964.038449963930 5511.803782033140 402.579308882703 -4.07844259853897 -2.49772423310792 -5.97908716549082
2024-06-18T12:33:00.000 -4787.000405633860 4719.426911131860 -1029.597875075630 -2.73773289701582 -4.06516723741403 -5.88273611280460
2024-06-18T12:37:00.000 -5262.213181627430 3584.215224937550 -2386.771229203310 -1.19828799645158 -5.33719847899510 -5.35790555123534
2024-06-18T12:41:00.000 -5355.246219371660 2188.688874050030 -3570.119229686480 0.42761606364841 -6.22123517522625 -4.44311672305279
2024-06-18T12:45:00.000 -5059.508155182460 634.267357607584 -4493.566574511750 2.02173190279685 -6.65332249450925 -3.20535120725753
2024-06-18T12:49:00.000 -4396.623492554880 -966.181024987463 -5090.019242138070 3.46860840757104 -6.60251734320139 -1.73477997843374
2024-06-18T12:53:00.000 -3414.761746858040 -2496.526262382780 -5316.142029392730 4.66377600656006 -6.07267696208869 -0.13801730006836
2024-06-18T12:57:00.000 -2185.116566803690 -3845.703587818860 -5155.407117288750 5.52092889856671 -5.10186154795380 1.46946990454438
2024-06-18T13:01:00.000 -796.819723235667 -4915.632502096920 -4619.269575181640 5.97774033579684 -3.75961374181088 2.97128012013274
2024-06-18T13:05:00.000 649.377603269373 -5628.268500993730 -3746.432731743070 6.00033151671775 -2.14243664719579 4.25808696610179
2024-06-18T13:09:00.000 2048.302273925890 -5931.340884894670 -2600.203357384680 5.58604230548939 -0.36741801494376 5.23544273467266
2024-06-18T13:13:00.000 3298.002566169610 -5802.359087852450 -1264.038585180830 4.76433709161353 1.43588389075382 5.83101491767543
2024-06-18T13:17:00.000 4307.308034794480 -5250.456777284890 164.514753700044 3.59505766653825 3.13518007973408 6.00053864388560
2024-06-18T13:21:00.000 5002.640740120740 -4315.831498017160 1581.042843277620 2.16406827578583 4.60557056326716 5.73145931247541
2024-06-18T13:25:00.000 5333.520599824400 -3066.779736174290 2882.067664158020 0.57669915834573 5.73935903709053 5.04407735523642
2024-06-18T13:29:00.000 5276.254169579350 -1594.527918615920 3972.767573775980 -1.05062975530625 6.45434362350401 3.98968596210858
2024-06-18T13:33:00.000 4835.517157975790 -6.363865259189 4773.931244394080 -2.59944126427637 6.69961169644669 2.64615420051029
2024-06-18T13:37:00.000 4043.798676765040 1582.285782398770 5227.616292616210 -3.95778883118270 6.45856408614948 1.11174557628762
2024-06-18T13:41:00.000 2958.873258325490 3056.227009895440 5301.194241473240 -5.02815686447925 5.74962190676047 -0.50218141183638
2024-06-18T13:45:00.000 1659.519999012950 4308.710587662020 4989.531691505840 -5.73393028794702 4.62425026392541 -2.07916644039528
2024-06-18T13:49:00.000 239.900597579069 5248.965882692340 4315.281913596790 -6.02427222779612 3.16342337202067 -3.50540884014301
2024-06-18T13:53:00.000 -1197.106486481480 5808.686210875800 3327.313027504880 -5.87787175405638 1.47232137427530 -4.67754182068915
2024-06-18T13:57:00.000 -2547.258973082850 5947.010716229630 2097.291947640630 -5.30478525159263 -0.32685556665903 -5.51011323648211
2024-06-18T14:01:00.000 -3712.479809119000 5653.605875251070 714.595766899729 -4.34611120125567 -2.10343601173193 -5.94195141183507
2024-06-18T14:05:00.000 -4608.045371744370 4949.566077186240 -720.141518370547 -3.07138998991297 -3.72782741496555 -5.94108014112161
2024-06-18T14:09:00.000 -5168.854412904750 3885.967025703130 -2102.415673728290 -1.57356747707806 -5.08140630206587 -5.50744139815184
2024-06-18T14:13:00.000 -5354.232865901780 2540.119172061200 -3331.559916668110 0.03804902137639 -6.06555262004509 -4.67286747865387
2024-06-18T14:17:00.000 -5150.874193022260 1009.845469337630 -4318.145388019590 1.64615869389476 -6.60898738002797 -3.49852718947461
2024-06-18T14:21:00.000 -4573.705458957900 -593.719948374497 -4990.473044852060 3.13421461075692 -6.67265995524582 -2.07004540625753
2024-06-18T14:25:00.000 -3664.698935135340 -2154.207178318120 -5299.699133016570 4.39472292176313 -6.25219015058766 -0.49107196032631
2024-06-18T14:29:00.000 -2489.784628114060 -3558.371660152220 -5223.280709323980 5.33666653712912 -5.37781265685236 1.12414910881632
2024-06-18T14:33:00.000 -1134.123671716660 -4704.182009029180 -4766.574735185800 5.89172287481857 -4.11219129612245 2.65871082370828
2024-06-18T14:37:00.000 303.938698927052 -5508.136162506540 -3962.510127795610 6.01901226466035 -2.54622663328422 4.00108645202973
2024-06-18T14:41:00.000 1719.874910441730 -5911.357015810600 -2869.348388164350 5.70829154744396 -0.79308462466905 5.05296310952497
2024-06-18T14:45:00.000 3010.537034032380 -5884.044155475750 -1566.619093729570 4.98134074058901 1.01953574656483 5.73660043439849
2024-06-18T14:49:00.000 4081.765379081760 -5427.870619122360 -149.391459143072 3.89090065432444 2.75869609052310 6.00115662179666
2024-06-18T14:53:00.000 4855.436452899430 -4576.013563725130 1278.753676958660 2.51701097747566 4.29656480600897 5.82703550603248
2024-06-18T14:57:00.000 5275.308492386340 -3390.706327436070 2613.460961839870 0.96078558930606 5.52039719028405 5.22742066707100
2024-06-18T15:01:00.000 5311.157595795210 -1958.549666617510 3757.386540251270 -0.66349850196808 6.34116724608407 4.24713291003663
2024-06-18T15:05:00.000 4960.877453958980 -383.983483775508 4627.382804265300 -2.23733484342000 6.70011224208773 2.95880118357204
2024-06-18T15:09:00.000 4250.418310733200 1218.482928414170 5160.481051210010 -3.64682685934514 6.57246611484442 1.45683440224891
2024-06-18T15:13:00.000 3231.708633340890 2732.602624544190 5318.281969480300 -4.79062304354432 5.96849020277201 -0.14966081467164
2024-06-18T15:17:00.000 1978.795001998390 4048.700681407560 5089.573737458890 -5.58680684842482 4.93231499530149 -1.74457304752163
2024-06-18T15:21:00.000 582.496837512136 5071.439493308790 4491.039547957280 -5.97825869762869 3.53857619633463 -3.21286764022190
2024-06-18T15:25:00.000 -856.027078593180 5726.580353410700 3566.067982466260 -5.93647277197142 1.88751086699223 -4.44832274910481
2024-06-18T15:29:00.000 -2232.462220111370 5966.363958734010 2381.729798889530 -5.46389686922093 0.09829644614786 -5.36099327434589
2024-06-18T15:33:00.000 -3446.856017127920 5773.091828528650 1024.044336613700 -4.59428560820183 -1.69925577602816 -5.88394800706493
2024-06-18T15:37:00.000 -4410.925803025730 5160.557983237970 -408.210302716007 -3.39058908008738 -3.37413949365821 -5.97852776316285
2024-06-18T15:41:00.000 -5054.579480846580 4173.152922883090 -1810.721947348370 -1.94051227493960 -4.80403192862147 -5.63760488849673
2024-06-18T15:45:00.000 -5331.100595940470 2882.631169671520 -3081.341725065910 -0.34988360390368 -5.88468583080358 -4.88620535351208
2024-06-18T15:49:00.000 -5220.544715344560 1382.800099368870 -4127.601315368220 1.26544108148970 -6.53769277320695 -3.77943105092901
2024-06-18T15:53:00.000 -4731.105806314560 -217.396668332714 -4873.451372094370 2.78829420009654 -6.71604716852482 -2.39809131117801
2024-06-18T15:57:00.000 -3898.405305071630 -1801.824593155600 -5264.709548772150 4.10861930061583 -6.40710121637881 -0.84247161142592
2024-06-18T16:01:00.000 -2782.853241104890 -3255.511986796700 -5272.890043952690 5.13109683986104 -5.63309925721820 0.77484694463096
2024-06-18T16:05:00.000 -1465.304752032190 -4472.863820360930 -4897.219588368360 5.78163889444967 -4.44948299473166 2.33683018663372
2024-06-18T16:09:00.000 -41.315977768275 -5365.228320973100 -4164.744563983090 6.01257121873015 -2.94122651494283 3.73004211023521
2024-06-18T16:13:00.000 1385.661611175780 -5867.345369655200 -3128.496656938620 5.80622436115635 -1.21718274235870 4.85267467266899
2024-06-18T16:17:00.000 2711.730779301960 -5942.216275570480 -1863.796782070150 5.17667109981415 0.59734813351917 5.62196351740910
2024-06-18T16:21:00.000 3840.163789794980 -5584.017659439730 -462.879419971016 4.16932612505570 2.36947334767834 5.98071255962740
2024-06-18T16:25:00.000 4688.629631991540 -4818.721767574700 971.876518894609 2.85802175927253 3.96887832339532 5.90221013217365
2024-06-18T16:29:00.000 5195.381281694630 -3702.225489628390 2335.601258952900 1.33931240623319 5.27815623305183 5.39253605018647
2024-06-18T16:33:00.000 5323.821894527710 -2316.129157534370 3528.778651947020 -0.27516058230042 6.20188328790432 4.48989071321584
2024-06-18T16:37:00.000 5065.087545694390 -761.569384485382 4464.608568666100 -1.86743047425057 6.67363844973735 3.26127519681915
2024-06-18T16:41:00.000 4438.495105610790 848.323108947181 5075.289984260130 -3.32206096545129 6.66039667763474 1.79694866341985
2024-06-18T16:45:00.000 3489.936345768070 2396.697189267540 5316.790802819240 -4.53431830819858 6.16426247906426 0.20349434546129
2024-06-18T16:49:00.000 2288.426956619790 3771.372806201920 5171.850933766290 -5.41731027868200 5.22173351987142 -1.40388461591961
2024-06-18T16:53:00.000 921.107661992413 4872.788820085220 4651.110115499260 -5.90773389621252 3.90085499758882 -2.90920820104978
2024-06-18T16:57:00.000 -512.960555111930 5621.058517420510 3792.339130162320 -5.97012207494099 2.29661819530574 -4.20367018681194
2024-06-18T17:01:00.000 -1909.825100576020 5961.715199858200 2657.800253833410 -5.59948916179197 0.52468172250921 -5.19320668387844
2024-06-18T17:05:00.000 -3168.097249240660 5869.749617765480 1329.861553905570 -4.82213441795500 -1.28658300236451 -5.80538862898453
2024-06-18T17:09:00.000 -4196.332380094260 5351.576250353990 -94.902590417220 -3.69418602638427 -3.00530123066848 -5.99506464316087
2024-06-18T17:13:00.000 -4919.771854861630 4444.692030063920 -1512.748780583000 -2.29772609285725 -4.50597303259521 -5.74807153021571
2024-06-18T17:17:00.000 -5285.881971689320 3214.976762355850 -2820.409259139180 -0.73468080038869 -5.67911683115501 -5.08251654917396
2024-06-18T17:21:00.000 -5268.193774196930 1751.817471266050 -3922.706902792480 0.88105761175922 -6.43951408125532 -4.04724183021416
2024-06-18T17:25:00.000 -4868.159124023790 161.508959727529 -4739.504496171970 2.43216346591254 -6.73231782992671 -2.71790790345653
2024-06-18T17:29:00.000 -4114.932449845380 -1440.523671364290 -5211.469383571690 3.80649080085582 -6.53665522362812 -1.19112417222388
2024-06-18T17:33:00.000 -3063.173626723330 -2938.047749580450 -5304.271853158180 4.90485250005993 -5.86665384585280 0.42260173207731
2024-06-18T17:37:00.000 -1789.106943916460 -4222.325626567050 -5011.008453218530 5.64776504569294 -4.77027900208604 2.00654258324192
2024-06-18T17:41:00.000 -385.104179218514 -5199.890937610360 -4352.733463880830 5.98093993856176 -3.32612888512729 3.44578737803349
2024-06-18T17:45:00.000 1046.877550311750 -5799.325151417350 -3377.059067762000 5.87934204172786 -1.63831850800422 4.63526815689185
2024-06-18T17:49:00.000 2402.631460820230 -5976.563604493830 -2154.849323516150 5.34944360275019 0.17066384071218 5.48750345056738
2024-06-18T17:53:00.000 3583.305118577270 -5718.290963173930 -775.174402363002 4.42921281254710 1.96859151769840 5.93926885889586
2024-06-18T17:57:00.000 4502.738808324530 -5043.121533963600 661.177987391969 3.18586357689781 3.62334794061868 5.95685456556536
2024-06-18T18:01:00.000 5093.946457094790 -4000.324265881610 2049.199071768480 1.71091621500801 5.01328635219663 5.53907929613578
2024-06-18T18:05:00.000 5314.110480013880 -2666.129161165060 3287.538580701720 0.11290372734382 6.03684385702071 4.71734053659693
2024-06-18T18:09:00.000 5147.657486486840 -1137.948605771260 4286.031731196520 -1.49116343533834 6.62013681282244 3.55279062354732
2024-06-18T18:13:00.000 4607.212500083820 472.928798380553 4972.265197967870 -2.98477418913588 6.72200854119758 2.13117940043902
2024-06-18T18:17:00.000 3732.459359444830 2049.512827446720 5296.697410156040 -4.26025991186422 6.33626513823738 0.55616267040896
2024-06-18T18:21:00.000 2587.118688837190 3477.531088518180 5236.070052657730 -5.22611102438854 5.49155393291406 -1.05819041253171
2024-06-18T18:25:00.000 1254.305346696550 4653.559779092990 4794.950276260600 -5.81311916488201 4.24904959926651 -2.59542079273764
2024-06-18T18:29:00.000 -169.402136337614 5492.341740270030 4005.355982149150 -5.97893496665709 2.69813791477140 -3.94449572769710
2024-06-18T18:33:00.000 -1580.815590110590 5932.892179648770 2924.530324255390 -5.71119761071900 0.95055430994032 -5.00751888215321
2024-06-18T18:37:00.000 -2877.517005497380 5942.976524459430 1630.915202639310 -5.02873407591988 -0.86722765671527 -5.70681741511646
2024-06-18T18:41:00.000 -3965.291440224850 5521.593685656050 218.556955020664 -3.98072204387277 -2.62300877476458 -5.99089712047222
2024-06-18T18:45:00.000 -4765.057965187620 4699.182028483100 -1209.721567081050 -2.64335774180596 -4.18864060916536 -5.83864282081066
2024-06-18T18:49:00.000 -5218.723926904910 3535.459274131840 -2549.889889432840 -1.11422183168444 -5.44986706330865 -5.26117162889076
2024-06-18T18:53:00.000 -5293.448014692450 2115.014577865680 -3704.384596690390 0.49518924271350 -6.31497373380734 -4.30089496744928
2024-06-18T18:57:00.000 -4983.973242873700 541.050688403441 -4589.255041719360 2.06795348744946 -6.72146755671061 -3.02806460083327
2024-06-18T19:01:00.000 -4312.896836071150 -1072.176140158820 -5140.218641890120 3.49026182748806 -6.64022220484341 -1.53529382760232
2024-06-18T19:05:00.000 -3328.945796180000 -2607.623374697200 -5317.229492880420 4.65945359486434 -6.07721830300768 0.06929563558158
2024-06-18T19:09:00.000 -2103.431727533410 -3953.839806658590 -5107.291653899550 5.49103882008370 -5.07276132529948 1.66970024315547
2024-06-18T19:13:00.000 -725.179851272053 -5012.913462941700 -4525.409046554710 5.92441938571014 -3.69876942847669 3.14992937763385
2024-06-18T19:17:00.000 705.769292998465 -5707.541331456950 -3613.614008160760 5.92733874286475 -2.05411572387161 4.40208271419787
2024-06-18T19:21:00.000 2085.325625022870 -5986.741555372000 -2438.077798120430 5.49861429155760 -0.25802129786492 5.33415546523321
2024-06-18T19:25:00.000 3312.938494221380 -5829.760971205460 -1084.421281111060 4.66882125862490 1.55838564317921 5.87716509958844
2024-06-18T19:29:00.000 4299.036924996510 -5247.773437932500 348.514330810221 3.49835907599355 3.26184058776364 5.99065858993086
2024-06-18T19:33:00.000 4971.729822871590 -4283.186993244590 1755.969491053010 2.07326354964869 4.72704097200357 5.66619397725163
2024-06-18T19:37:00.000 5282.196845905850 -3006.508495382180 3035.124751801640 0.49844219094069 5.84669174670781 4.92822650939928
2024-06-18T19:41:00.000 5208.236109612850 -1510.993746003630 4092.768992703130 -1.11064785196398 6.53967385799084 3.83176545607344
2024-06-18T19:45:00.000 4755.736832471140 94.363477238475 4852.116441827770 -2.63684090026918 6.75668963875922 2.45775766369168
2024-06-18T19:49:00.000 3958.041992598720 1692.890561172470 5258.290877029520 -3.96990438759279 6.48330368914329 0.90663029022971
2024-06-18T19:53:00.000 2873.343156737950 3168.682501307010 5282.113225886110 -5.01416073935159 5.74019583695786 -0.70917788437256
2024-06-18T19:57:00.000 1580.406963209420 4414.841815435140 4922.054894888950 -5.69476278499457 4.58130070643325 -2.27299641961283
2024-06-18T20:01:00.000 172.943888011238 5341.059089684080 4204.296042938280 -5.96275936649646 3.09010570933848 -3.67193599671613
2024-06-18T20:05:00.000 -1247.052206180390 5880.050740282640 3180.875670912070 -5.79848503367051 1.37395330052646 -4.80463140714524
2024-06-18T20:09:00.000 -2576.572315107200 5992.462980316010 1926.048609061700 -5.21328514832736 -0.44309869115997 -5.58846700590034
2024-06-18T20:13:00.000 -3719.043131968410 5669.857912528000 531.011811188090 -4.24920005960137 -2.22902603710598 -5.96579982165921
2024-06-18T20:17:00.000 -4591.415847158640 4935.474021468440 -902.693220294416 -2.97622678010302 -3.85355457757437 -5.90868642508206
2024-06-18T20:21:00.000 -5130.303130124480 3842.604649690050 -2270.644887386160 -1.48717521952294 -5.19811323938053 -5.42122580437123
2024-06-18T20:25:00.000 -5296.642265497830 2470.687668137320 -3473.240651016200 0.10934011248969 -6.16476822294959 -4.53922248228822
2024-06-18T20:29:00.000 -5078.518931337810 919.430612614222 -4423.014751996610 1.69715661396057 -6.68358710469137 -3.32730481522055
2024-06-18T20:33:00.000 -4491.924841342680 -698.540387309909 -5050.970249964020 3.16131397317767 -6.71740090969867 -1.87374643747024
2024-06-18T20:37:00.000 -3579.479284951400 -2265.842572138880 -5311.480040823090 4.39613699196603 -6.26389491642988 -0.28385381089529
2024-06-18T20:41:00.000 -2407.322030542180 -3668.737006141910 -5185.508046606360 5.31243467669517 -5.35556712673518 1.32738681718040
2024-06-18T20:45:00.000 -1060.391678511990 -4805.252556064830 -4681.975331358790 5.84363593309149 -4.05741233397519 2.84332675876123
2024-06-18T20:49:00.000 363.591342371705 -5592.508556865920 -3837.199741470190 5.95046413903631 -2.46267617409074 4.15363478391321
2024-06-18T20:53:00.000 1761.095678906510 -5972.804974005560 -2712.429025528440 5.62416365937075 -0.68676122900164 5.16218760863865
2024-06-18T20:57:00.000 3030.293391048550 -5918.007127976540 -1389.531954920810 4.88769263042519 1.14082840978424 5.79439002195945
2024-06-18T21:01:00.000 4078.587989841620 -5431.815465523500 34.924515708206 3.79461582542057 2.88601574666775 6.00323320471148
2024-06-18T21:05:00.000 4829.542872698000 -4549.610770147580 1456.824691877230 2.42515507367292 4.42058303845330 5.77323691511704
2024-06-18T21:09:00.000 5228.580217458100 -3335.854508258550 2772.272150610050 0.88008994044121 5.63199274651059 5.12171853633249
2024-06-18T21:13:00.000 5247.004903219660 -1879.233415574970 3885.347828625800 -0.72711818003440 6.43220770774700 4.09733990184039
2024-06-18T21:17:00.000 4883.979393354730 -285.957768671075 4715.171295651630 -2.27928800894322 6.76403716245546 2.77586749399958
2024-06-18T21:21:00.000 4166.368911021550 1328.110127947670 5201.703839755090 -3.66411223901671 6.60463044705138 1.25409999453620
2024-06-18T21:25:00.000 3146.608095460370 2845.881204929950 5309.943311355990 -4.78205587726444 5.96657136056635 -0.35742108798978
2024-06-18T21:29:00.000 1898.804462054150 4157.415642962060 5032.276639583960 -5.55304533266642 4.89642258674564 -1.94232179831361
2024-06-18T21:33:00.000 513.411856992995 5167.696258195280 4388.933541386090 -5.92167884307148 3.47128762260049 -3.38624578361611
2024-06-18T21:37:00.000 -909.184420391995 5803.392660388350 3426.563673323710 -5.86113040801973 1.79376044746540 -4.58468404962865
2024-06-18T21:41:00.000 -2265.824434428600 6018.170686345090 2214.970496097270 -5.37529340053733 -0.01505392446647 -5.45035677345737
2024-06-18T21:45:00.000 -3458.006400566480 5796.162933493800 842.171429436862 -4.49893548647063 -1.82389668696482 -5.91975978239241
2024-06-18T21:49:00.000 -4399.083758918550 5153.268822109150 -591.951042571191 -3.29552393932522 -3.50094602323041 -5.95819224347256
2024-06-18T21:53:00.000 -5020.662190967270 4136.099262338760 -1982.958843397590 -1.85275740181410 -4.92375023544931 -5.56267774285592
2024-06-18T21:57:00.000 -5277.654927695820 2818.571919709580 -3229.563999581190 -0.27590583279740 -5.98865494823058 -4.76225533062615
2024-06-18T22:01:00.000 -5151.549322800370 1296.436752481910 -4241.075049902290 1.32026549953361 -6.61848383560142 -3.61558982035680
2024-06-18T22:05:00.000 -4651.656394500260 -319.773857945444 -4943.987239491160 2.82007047888506 -6.76790652185234 -2.20630674831175
2024-06-18T22:09:00.000 -3814.330909567650 -1912.787939798570 -5287.244145608680 4.11518184679598 -6.42637154219602 -0.63666852679060
2024-06-18T22:13:00.000 -2700.279767968240 -3367.026723505910 -5245.826572288350 5.11212239628426 -5.61838463836663 0.97986849451419
2024-06-18T22:17:00.000 -1390.221317546400 -4576.838707716060 -4822.526977182030 5.73858184037502 -4.40171961940303 2.52631636403830
2024-06-18T22:21:00.000 20.837775019515 -5454.077054757760 -4047.825825125600 5.94851856051099 -2.86366761185134 3.89029043894819
2024-06-18T22:25:00.000 1430.360967439810 -5934.530182309660 -2977.829484867350 5.72568728751617 -1.11530104452594 4.97190897059942
2024-06-18T22:29:00.000 2735.690955206450 -5982.759543570200 -1690.358469389800 5.08543428480918 0.71610454456945 5.69130064185078
2024-06-18T22:33:00.000 3841.604597507690 -5594.903889493010 -279.344051235120 4.07405853905633 2.49632356732296 5.99499685159869
2024-06-18T22:37:00.000 4667.422064433500 -4799.128282529340 1152.089916581830 2.76571841678972 4.09445362193035 5.86042123244621
2024-06-18T22:41:00.000 5153.061385511810 -3653.573614756040 2499.329542365210 1.25676092009323 5.39325438285628 5.29780605258294
2024-06-18T22:45:00.000 5263.472335748720 -2241.960044820960 3664.081206192610 -0.34194102283574 6.29813307265621 4.34919522543939
2024-06-18T22:49:00.000 4991.108046166310 -667.278478757516 4561.628969837990 -1.91353153592763 6.74406071070466 3.08492386077828
2024-06-18T22:53:00.000 4356.282278371320 955.894451787961 5126.977357446430 -3.34416861803835 6.69998712001634 1.59782504560625
2024-06-18T22:57:00.000 3405.465737993880 2509.762350695610 5319.387676213190 -4.53092212392785 6.17016615185805 -0.00398065484870
2024-06-18T23:01:00.000 2207.819725756620 3881.738469292390 5125.159158925110 -5.38871250382191 5.19346179082126 -1.60464126064469
2024-06-18T23:05:00.000 850.196674862568 4972.445072189660 4558.511900694640 -5.85601643932866 3.84041541195419 -3.08867612352321
2024-06-18T23:09:00.000 -569.039513950843 5702.763353274090 3660.548588612240 -5.89898125224695 2.20837371638369 -4.34881325878695
2024-06-18T23:13:00.000 -1946.997710846430 6019.528503560620 2496.382855986590 -5.51402951133556 0.41504844564872 -5.29343327523605
2024-06-18T23:17:00.000 -3183.653536459310 5899.475704811700 1150.553919762700 -4.72856379588065 -1.40956643108562 -5.85332644127374
2024-06-18T23:21:00.000 -4189.142419194330 5351.082462101110 -279.046754446044 -3.59938074089411 -3.13259728148315 -5.98718374831333
2024-06-18T23:25:00.000 -4890.384991228940 4414.061887741680 -1688.322954675620 -2.20870284978044 -4.62828203312969 -5.68498423930206
2024-06-18T23:29:00.000 -5236.485463278580 3156.485813258910 -2974.645729258640 -0.65798361775579 -5.78756991139614 -4.96888982329396
2024-06-18T23:33:00.000 -5202.442041276950 1669.755528387510 -4044.411135276160 0.93982791403784 -6.52630930300336 -3.89143580262942
2024-06-18T23:37:00.000 -4790.887943538510 61.851801804334 -4819.864948069920 2.46882359753545 -6.79127235522516 -2.53128114149126
2024-06-18T23:41:00.000 -4031.786879182470 -1550.545305307840 -5244.674849433310 3.81850651142272 -6.56354362056265 -0.98717504737545
2024-06-18T23:45:00.000 -2980.195621306440 -3050.451394850470 -5287.919442267870 4.89146729197394 -5.85948583897563 0.62913295930499
2024-06-18T23:49:00.000 -1712.302847558120 -4328.939955711550 -4946.271285503080 5.61001592890757 -4.72947139337673 2.20077997063173
2024-06-18T23:53:00.000 -320.029056366494 -5292.929251158080 -4244.273706742430 5.92153091540284 -3.25446217787284 3.61368062966643
2024-06-18T23:57:00.000 1095.503095904240 -5871.942078441040 -3232.715568862270 5.80248013270082 -1.54081512555569 4.76455938641155
2024-06-19T00:01:00.000 2431.245651556180 -6023.364274342320 -1985.102160307030 5.26053909422684 0.28696340184047 5.56857006603606
2024-06-19T00:05:00.000 3589.773834744510 -5735.778122298960 -592.409808982928 4.33471379429749 2.09504421943466 5.96599713345731
2024-06-19T00:09:00.000 4486.552833056020 -5029.979008471110 843.596269298294 3.09274628883293 3.75055233262753 5.92726986799182
2024-06-19T00:13:00.000 5056.269401305830 -3957.503775841140 2217.941981992430 1.62605461638159 5.13187069041581 5.45540900402701
2024-06-19T00:17:00.000 5257.695224457560 -2596.760635720880 3430.294958256350 0.04256818109655 6.13814953093456 4.58580260301515
2024-06-19T00:21:00.000 5076.631880273920 -1047.089739716390 4392.410964886590 -1.54183056149752 6.69683399421068 3.38305345665873
2024-06-19T00:25:00.000 4526.772767072600 578.669483307132 5034.547821092920 -3.01208697726593 6.76858923726261 1.93570654853011
2024-06-19T00:29:00.000 3648.477112878060 2162.469320547140 5310.391494912480 -4.26230450232814 6.34947299018758 0.34919392375529
2024-06-19T00:33:00.000 2505.699502571300 3589.538181774000 5200.203733082100 -5.20284955283151 5.47046989323843 -1.26172814392510
2024-06-19T00:37:00.000 1181.352741714830 4756.510986563280 4712.129548503350 -5.76625315989304 4.19511842045567 -2.78077555949089
2024-06-19T00:41:00.000 -228.598830803015 5578.775038555800 3881.600666270160 -5.91186706762130 2.61525225726530 -4.09818397040273
2024-06-19T00:45:00.000 -1621.964955022010 5996.538820467610 2768.837186128600 -5.62878920683915 0.84470643368849 -5.11834682875979
2024-06-19T00:49:00.000 -2897.638670954810 5979.218628544610 1454.614812907570 -4.93698213172998 -0.98835155843722 -5.76665493554988
2024-06-19T00:53:00.000 -3962.937743225170 5527.812840703150 34.494836623295 -3.88633424656620 -2.75053566677735 -5.99534473448114
2024-06-19T00:57:00.000 -4740.429466921330 4674.959166444770 -1388.132863930340 -2.55326835605328 -4.31324061715903 -5.78740083544435
2024-06-19T01:01:00.000 -5173.658105481930 3482.598321236090 -2709.662757911600 -1.03504674711053 -5.56246581852245 -5.15806202093447
2024-06-19T01:05:00.000 -5231.276864472080 2037.394643947000 -3833.912978579910 0.55769604811903 -6.40745427753262 -4.15351696516550
2024-06-19T01:09:00.000 -4909.263796274970 444.330804518946 -4679.149330063220 2.10930965712651 -6.78720038761612 -2.84717555121233
2024-06-19T01:13:00.000 -4231.106228453760 -1180.972717098360 -5183.970578323800 3.50757913062901 -6.67452414913892 -1.33399033399473
2024-06-19T01:17:00.000 -3246.014284149880 -2720.606360675380 -5311.660513463080 4.65160180139221 -6.07757295907940 0.27651481836467
2024-06-19T01:21:00.000 -2025.361344092310 -4062.792888916370 -5052.778934631820 5.45862818765696 -5.03900678752506 1.86786393098809
2024-06-19T01:25:00.000 -657.616993694262 -5109.879973598040 -4425.872747297270 5.86979513503610 -3.63321574068263 3.32468130496586
2024-06-19T01:29:00.000 757.930533078963 -5785.396212678640 -3476.241566675220 5.85437865514366 -1.96135690497641 4.54068897166165
2024-06-19T01:33:00.000 2118.283511478140 -6039.718602644130 -2272.829929762700 5.41250115148936 -0.14472503188292 5.42639532170985
2024-06-19T01:37:00.000 3324.257797664640 -5853.900008680010 -903.330263837617 4.57570422106250 1.68390393294611 5.91610484185519
2024-06-19T01:41:00.000 4287.845508723540 -5241.257256518260 532.215465025113 3.40505175769841 3.39017587434554 5.97334257918919
2024-06-19T01:45:00.000 4938.816428714430 -4246.487640956350 1928.856374096770 1.98668299697135 4.84867830073626 5.59395819631987
2024-06-19T01:49:00.000 5229.962502988010 -2942.320798542450 3184.583477792640 0.42501670557098 5.95272250698870 4.80644169448366
2024-06-19T01:53:00.000 5140.513116753340 -1424.017611576090 4207.922791316520 -1.16549670082745 6.62239886687272 3.66944933232010
2024-06-19T01:57:00.000 4677.498476559600 197.785985140103 4924.620145084020 -2.66909073734942 6.81020547082338 2.26684534490462
2024-06-19T02:01:00.000 3875.020666167870 1805.253175600800 5282.924407994040 -3.97728695332988 6.50385150926288 0.70105962961530
2024-06-19T02:05:00.000 2791.596366065700 3281.855547243780 5257.139170079000 -4.99623874137382 5.72637839034822 -0.91449112693015
2024-06-19T02:09:00.000 1505.873155247380 4520.655043963240 4849.322977825290 -5.65295551359857 4.53414270583616 -2.46326693367904
2024-06-19T02:13:00.000 111.023699195642 5431.860877645200 4089.094387165390 -5.90007900181027 3.01292163975577 -3.83341845266143
2024-06-19T02:17:00.000 -1291.861683049380 5949.264695358530 3031.575806154260 -5.71944360118219 1.27233437060681 -4.92555989637385
2024-06-19T02:21:00.000 -2601.014013501020 6035.080067254420 1753.511463519560 -5.12363511033268 -0.56176576345849 -5.65998992567508
2024-06-19T02:25:00.000 -3721.345390936300 5682.806704198100 347.800999993753 -4.15548864320512 -2.35607625341295 -5.98267981607086
2024-06-19T02:29:00.000 -4571.426801729220 4917.851469971350 -1083.235970008470 -2.88532056777757 -3.97970401426616 -5.86971542727548
2024-06-19T02:33:00.000 -5089.506029002040 3795.740433174880 -2435.381238110150 -1.40575541637358 -5.31415761290097 -5.32929761079151
2024-06-19T02:37:00.000 -5238.051240460130 2398.032692559750 -3610.201251223190 0.17530246944564 -6.26236034464463 -4.40110917560030
2024-06-19T02:41:00.000 -5006.438316408420 826.281361946783 -4522.264046671270 1.74294162329592 -6.75575610090752 -3.15307083567278
2024-06-19T02:45:00.000 -4411.614623485890 -805.419970848208 -5105.309626141300 3.18370849641610 -6.75895647381831 -1.67600300393074
2024-06-19T02:49:00.000 -3496.771861624920 -2378.696271890900 -5316.958742425940 4.39361378227237 -6.27181589979074 -0.07689016238598
2024-06-19T02:53:00.000 -2328.201950197190 -3779.364592947110 -5141.699910566960 5.28524951728230 -5.32917879674271 1.52866245737195
2024-06-19T02:57:00.000 -990.579334691321 -4905.578358784540 -4592.009991965940 5.79371168789823 -3.99845079713295 3.02434307219383
2024-06-19T03:01:00.000 419.032002144302 -5675.169109311360 -3707.564341681750 5.88134510365293 -2.37530644461213 4.30116913585640
2024-06-19T03:05:00.000 1798.127107349970 -6031.694423913030 -2552.517682205750 5.54079184691811 -0.57724317678055 5.26538293020708
2024-06-19T03:09:00.000 3046.197731927680 -5948.740183702120 -1210.977103823920 4.79607223582737 1.26451067022221 5.84558761067519
2024-06-19T03:13:00.000 4072.169688975250 -5432.065227352770 219.100798097637 3.70134091053164 3.01477884579368 5.99857015606294
2024-06-19T03:17:00.000 4801.222356182020 -4519.308621120590 1633.162628971530 2.33704881365181 4.54482673843526 5.71298152135313
2024-06-19T03:21:00.000 5180.396167315780 -3277.203373398420 2927.884816503370 0.80369666618291 5.74253750100939 5.01033879502480
2024-06-19T03:25:00.000 5182.466924521850 -1796.516739018280 4008.884723462410 -0.78617164696596 6.52098077825596 3.94308001466459
2024-06-19T03:29:00.000 4807.795190279230 -185.210384592887 4797.649114871680 -2.31668804765255 6.82461404321191 2.59007047897312
2024-06-19T03:33:00.000 4084.095940801400 1439.558898857180 5237.148256375050 -3.67715611372193 6.63270781739231 1.05034943904379
2024-06-19T03:37:00.000 3064.231592464310 2959.948873047710 5295.804684790240 -4.76988375256843 5.96019026157554 -0.56435630546890
2024-06-19T03:41:00.000 1822.298290988800 4265.837819374510 4969.592151351330 -5.51660336870904 4.85604350465034 -2.13747775017687
2024-06-19T03:45:00.000 448.309825476002 5262.613560152660 4282.249652868130 -5.86367088453156 3.39978645591692 -3.55553165036932
2024-06-19T03:49:00.000 -958.179973272663 5877.898156990120 3283.606767474990 -5.78571837593235 1.69618505771276 -4.71581978060128
2024-06-19T03:53:00.000 -2295.160252820990 6066.817449821360 2046.111112200450 -5.28785747469570 -0.13165281730900 -5.53374301962939
2024-06-19T03:57:00.000 -3465.538268921270 5815.385443774130 659.683832682201 -4.40577943823944 -1.95098912166609 -5.94923512520869
2024-06-19T04:01:00.000 -4384.250151857820 5141.659336440350 -774.782339073735 -3.20344786169703 -3.62920562597829 -5.93156112145649
2024-06-19T04:05:00.000 -4984.539036866880 4094.507393005250 -2152.819514374880 -1.76850916453642 -5.04381935815555 -5.48188157765675
2024-06-19T04:09:00.000 -5222.875489088210 2750.030813597990 -3374.086336138640 -0.20563470019659 -6.09179075900730 -4.63319716301861
2024-06-19T04:13:00.000 -5082.105332357580 1205.939644392540 -4349.744658426970 1.37145542790821 -6.69720764161118 -3.44770493419636
2024-06-19T04:17:00.000 -4572.599652173250 -425.651311279094 -5008.902870509360 2.84851796342829 -6.81658172338094 -2.01178493823799
2024-06-19T04:21:00.000 -3731.389644428980 -2026.364424173050 -5303.667221625780 4.11892042058356 -6.44145178767830 -0.42953080114348
2024-06-19T04:25:00.000 -2619.445934340830 -3480.045170654520 -5212.515568034230 5.09093218224567 -5.59865863891274 1.18466423531533
2024-06-19T04:29:00.000 -1317.328797706150 -4681.048403731960 -4741.836109365510 5.69398744430361 -4.34845171936810 2.71394976606759
2024-06-19T04:33:00.000 80.517366071880 -5541.821915440020 -3925.547484294610 5.88365133154941 -2.78054124073404 4.04708949325319
2024-06-19T04:37:00.000 1472.483750428010 -5999.317280554380 -2822.801664162840 5.64511861590657 -1.00827638260428 5.08632424379135
2024-06-19T04:41:00.000 2757.160488745360 -6019.761670833630 -1513.845891433640 4.99494178624795 0.83919010468443 5.75479819926657
2024-06-19T04:45:00.000 3840.820742989030 -5601.336846860360 -94.220546892398 3.98024773098160 2.62640405300773 6.00279916701128
2024-06-19T04:49:00.000 4644.415367876670 -4774.460548625220 1332.295663099000 2.67548339419334 4.22193831080510 5.81188131469579
2024-06-19T04:53:00.000 5109.497082974580 -3599.570369573770 2661.439102259330 1.17674687019252 5.50871221784687 5.19648047237038
2024-06-19T04:57:00.000 5202.532134857580 -2162.553337843980 3796.254746291370 -0.40582970878294 6.39307269516152 4.20261113239582
2024-06-19T05:01:00.000 4917.245532641970 -568.253980016116 4654.246405820390 -1.95668216865444 6.81161061128993 2.90389227045059
2024-06-19T05:05:00.000 4274.880191809390 1067.332825691990 5173.314763854130 -3.36346364104520 6.73526128731204 1.39555549525084
2024-06-19T05:09:00.000 3322.451341667040 2625.519460314890 5316.099112576110 -4.52499514224385 6.17067570592003 -0.21273890407292
2024-06-19T05:13:00.000 2129.222104818460 3993.422239089440 5072.503809600420 -5.35806812152664 5.15921524772667 -1.80478180497989
2024-06-19T05:17:00.000 781.711649647094 5071.959420331820 4460.315749041970 -5.80290360419588 3.77386151279843 -3.26573344262698
2024-06-19T05:21:00.000 -622.452766147265 5782.882992610660 3523.934288473130 -5.82726069047147 2.11427204245428 -4.48994845446807
2024-06-19T05:25:00.000 -1981.474750436200 6074.416516302780 2331.269018443580 -5.42890610687512 0.30015979770492 -5.38833942227597
2024-06-19T05:29:00.000 -3196.698162157670 5925.116118520950 968.941907508895 -4.63616303752417 -1.53691726919397 -5.89505063971752
2024-06-19T05:33:00.000 -4179.805000133210 5345.588611903030 -463.937669623738 -3.50640765974733 -3.26310259726296 -5.97260660081306
2024-06-19T05:37:00.000 -4859.347892991270 4377.826389138830 -1863.021673907930 -2.12195690930787 -4.75238070631819 -5.61514776679487
2024-06-19T05:41:00.000 -5186.019318884810 3092.151299791900 -3126.427076265110 -0.58381440040484 -5.89620127583508 -4.84892607091395
2024-06-19T05:45:00.000 -5136.236230418120 1582.006592830850 -4162.231240247350 0.99602964705863 -6.61161892190846 -3.73011951906969
2024-06-19T05:49:00.000 -4713.767076995640 -42.936976078278 -4895.153858525540 2.50303630260842 -6.84709623959098 -2.34032964696687
2024-06-19T05:53:00.000 -3949.352682248260 -1664.766216481030 -5271.949248912880 3.82831931987556 -6.58584521622802 -0.78043167057427
2024-06-19T05:57:00.000 -2898.414916049470 -3165.810479332240 -5265.165276055780 4.87624915767850 -5.84658896436422 0.83677183845809
2024-06-19T06:01:00.000 -1637.084829894850 -4437.031282383090 -4875.083578572230 5.57086991686237 -4.68214218499876 2.39429088546725
2024-06-19T06:05:00.000 -256.815255377912 -5385.833585148130 -4129.764745379160 5.86123633316467 -3.17597708508920 3.77896771436205
2024-06-19T06:09:00.000 1142.121156988900 -5942.808706912120 -3083.164588589390 5.72530240895085 -1.43676694753221 4.88947595630722
2024-06-19T06:13:00.000 2457.859294174590 -6066.933114392080 -1811.376219195150 5.17202035352286 0.40900958568702 5.64385715094135
2024-06-19T06:17:00.000 3594.412282501460 -5748.783652002720 -407.177010238171 4.24122895461572 2.22609593015489 5.98598400917072
2024-06-19T06:21:00.000 4468.849307487870 -5011.426059256990 1026.791452776160 3.00121662252232 3.88084919069309 5.89040289575227
2024-06-19T06:25:00.000 5017.522458472180 -3908.737097164750 2385.701848337360 1.54330959825121 5.25181214578735 5.36446261500322
2024-06-19T06:29:00.000 5200.759651567740 -2521.336904446630 3570.378249608230 -0.02532465551421 6.23899243164616 4.44754582728236
2024-06-19T06:33:00.000 5005.689867336760 -950.503348545831 4494.627230103370 -1.58995686432664 6.77127793721308 3.20769673126877
2024-06-19T06:37:00.000 4447.012738295510 689.399002337938 5091.485287549220 -3.03700323807907 6.81129407415843 1.73604232311218
2024-06-19T06:41:00.000 3565.716068898490 2279.308051947720 5317.932549403750 -4.26225152793002 6.35736812750951 0.13973061100075
2024-06-19T06:45:00.000 2425.961508584580 3704.013280965290 5157.820555037590 -5.17787394949852 5.44300441971927 -1.46576336410486
2024-06-19T06:49:00.000 1110.429513531180 4860.327740988950 4622.918186832620 -5.71822855741388 4.13430193065440 -2.96461118947064
2024-06-19T06:53:00.000 -285.566486788724 5664.404966013560 3752.040425169040 -5.84429819143391 2.52541232987494 -4.24854363193170
2024-06-19T06:57:00.000 -1660.845992605580 6057.748451239360 2608.336425560250 -5.54655261759074 0.73229090116531 -5.22423082294778
2024-06-19T07:01:00.000 -2915.614162444330 6011.547651698970 1274.850916712330 -4.84607311644932 -1.11514081047257 -5.82031611388368
2024-06-19T07:05:00.000 -3958.712580883530 5528.901243535980 -151.448096011168 -3.79336467967994 -2.88249787168198 -5.99285211811288
2024-06-19T07:09:00.000 -4714.322508542400 4644.719024246170 -1566.710124492510 -2.46501310921631 -4.44074464924074 -5.72888837060905
2024-06-19T07:13:00.000 -5127.587852324820 3423.229835788920 -2867.864595694340 -0.95796073539154 -5.67621362578114 -5.04782392966247
2024-06-19T07:17:00.000 -5168.618531925190 1953.216365114810 -3960.224193516570 0.61800853954265 -6.49920326783686 -3.99962962784666
2024-06-19T07:21:00.000 -4834.589399044750 341.454295916810 -4764.383467915910 2.14853259487575 -6.85032387498444 -2.66084196857393
2024-06-19T07:25:00.000 -4149.842425580730 -1295.083925874720 -5221.923474064850 3.52294443645498 -6.70444586357569 -1.12870198716189
2024-06-19T07:29:00.000 -3164.050260918250 -2837.667034747470 -5299.547642741270 4.64204627394857 -6.07207008311237 0.48590787252954
2024-06-19T07:33:00.000 -1948.625419899500 -4174.286244647070 -4991.435978405500 5.42488035415018 -4.99837006605865 2.06623115201275
2024-06-19T07:37:00.000 -591.660780730004 -5207.657271776910 -4319.700189177190 5.81424027297828 -3.56022469186880 3.49759839419038
2024-06-19T07:41:00.000 808.316194273615 -5862.273409994910 -3332.917197687600 5.78095757404732 -1.86123451440088 4.67545683958864
2024-06-19T07:45:00.000 2149.419080686620 -6090.019948630040 -2102.769397493670 5.32647510710172 -0.02474508968179 5.51303330046433
2024-06-19T07:49:00.000 3333.853575208610 -5873.897036067120 -718.939135157938 4.48333889930607 1.81489219000921 5.94813946845912
2024-06-19T07:53:00.000 4275.191491118160 -5229.458720586890 717.459584544988 3.31314768561737 3.52250979525263 5.94836055232050
2024-06-19T07:57:00.000 4904.844192665740 -4203.755182535640 2101.402295548260 1.90205482311438 4.97251567470159 5.51379465941210
2024-06-19T08:01:00.000 5177.195962098520 -2871.807404653630 3331.836804522400 0.35399918829309 6.05899260045656 4.67716318903269
2024-06-19T08:05:00.000 5072.869434520180 -1330.882693043260 4319.184429470880 -1.21770772241016 6.70352314714754 3.50065140853446
2024-06-19T08:09:00.000 4599.961384143250 306.778337936287 4991.839112237860 -2.69884723695602 6.86043065415920 2.07085391977318
2024-06-19T08:13:00.000 3793.258734216530 1922.205871253230 5301.250651150780 -3.98253782297217 6.51956297457423 0.49209268233750
2024-06-19T08:17:00.000 2711.563840543300 3398.298779707290 5225.266260601080 -4.97667256576683 5.70644072230822 -1.12131654742901
2024-06-19T08:21:00.000 1433.388422507680 4628.149786802530 4769.574603075300 -5.61000989387476 4.47996198992823 -2.65297251646633
2024-06-19T08:25:00.000 51.352830616636 5522.609682996610 3967.264520300120 -5.83689950339067 2.92838968291037 -3.99225909277513
2024-06-19T08:29:00.000 -1334.387749403390 6016.666300508240 2876.510468263670 -5.64061270222194 1.16347937628857 -5.04197403035600
2024-06-19T08:33:00.000 -2623.303548111400 6074.214026766950 1576.491105906590 -5.03486024207476 -0.68702338451802 -5.72540197352124
2024-06-19T08:37:00.000 -3721.781730296860 5690.820940048450 161.721428658865 -4.06327906770242 -2.48856344589575 -5.99230252784135
2024-06-19T08:41:00.000 -4549.996407279390 4894.163597594410 -1264.819890955700 -2.79642355271266 -4.10978485059310 -5.82285748215341
2024-06-19T08:45:00.000 -5047.793306872260 3742.076865284060 -2599.245642956170 -1.32666801882222 -5.43234740389074 -5.22940929980910
2024-06-19T08:49:00.000 -5179.120222646260 2318.301365337850 -3744.427640937990 0.23882655781018 -6.36008326699913 -4.25553204465765
2024-06-19T08:53:00.000 -4934.600805550900 726.276371394292 -4617.105005475690 1.78632923919400 -6.82596067422837 -2.97244346570829
2024-06-19T08:57:00.000 -4332.104000307690 -918.443671156503 -5153.884994280650 3.20388254054379 -6.79658109087737 -1.47342684337974
2024-06-19T09:01:00.000 -3415.364325366160 -2496.541504964800 -5315.738256832790 4.38915568273756 -6.27411858483136 0.13298301295428
2024-06-19T09:05:00.000 -2250.805084875340 -3893.474970631280 -5090.755486373990 5.25649097453019 -5.29592917532677 1.73062897468314
2024-06-19T09:09:00.000 -922.807194203038 -5007.649694771850 -4495.022562575140 5.74275115716986 -3.93196510185063 3.20372391888075
2024-06-19T09:13:00.000 472.260340547021 -5757.745240008800 -3571.568870427100 5.81183242385087 -2.28031433423304 4.44485061760018
2024-06-19T09:17:00.000 1832.933422328270 -6088.724724523770 -2387.412752229500 5.45772192827013 -0.46065955806556 5.36277562248273
2024-06-19T09:21:00.000 3060.036620678490 -5976.042091891070 -1028.813841618880 4.70548632433129 1.39412507418166 5.88945387258607
2024-06-19T09:25:00.000 4064.032234110100 -5427.651806782850 404.999368101271 3.60993551339635 3.14781879904019 5.98564448037346
2024-06-19T09:29:00.000 4771.731992361190 -4483.535768867090 1809.202891442530 2.25161920480160 4.67150943643409 5.64427699674057
2024-06-19T09:33:00.000 5131.759781545280 -3212.725434547320 3081.216707304440 0.73056788775342 5.85360013146090 4.89099904699661
2024-06-19T09:37:00.000 5118.304370413580 -1708.076394011640 4128.356460887600 -0.84163661730682 6.60841261624207 3.78200888716434
2024-06-19T09:41:00.000 4732.854248893670 -79.258599020803 4874.617732079940 -2.35052574090329 6.88226195482496 2.39912413361766
2024-06-19T09:45:00.000 4003.869652658590 1555.347576416850 5266.071575331240 -3.68712608392833 6.65654001504492 0.84333246955823
2024-06-19T09:49:00.000 2984.552941272270 3077.197950607300 5274.599732237990 -4.75539305960683 5.94843945392176 -0.77254829161510
2024-06-19T09:53:00.000 1748.940130864250 4376.046530947560 4899.786929991640 -5.47874521625698 4.80946025873560 -2.33183840996449
2024-06-19T09:57:00.000 386.587132684118 5357.761044302210 4168.880618262210 -5.80514522377594 3.32160661824848 -3.72198050549828
2024-06-19T10:01:00.000 -1003.782418566590 5951.031171853280 3134.881464641520 -5.71071580894613 1.59202207874454 -4.84220025911774
2024-06-19T10:05:00.000 -2321.313259948470 6112.573064469720 1872.824113792780 -5.20176825237799 -0.25423762075706 -5.61077444414572
2024-06-19T10:09:00.000 -3470.319060864480 5830.395719780350 474.441749368987 -4.31485855603380 -2.08303220071038 -5.97120754890789
2024-06-19T10:13:00.000 -4367.295900411800 5124.814188283870 -958.487580041949 -3.11436088723079 -3.76099015885945 -5.89686743396124
2024-06-19T10:17:00.000 -4947.082184870000 4047.034692108200 -2321.615868549840 -1.68779413136488 -5.16569819890269 -5.39310709450053
2024-06-19T10:21:00.000 -5167.652071666070 2675.393930335830 -3515.704514783840 -0.13920261093952 -6.19490567417417 -4.49688138502436
2024-06-19T10:25:00.000 -5013.147691249580 1109.568846304270 -4453.908777817300 1.41878127757455 -6.77411091418874 -3.27381605487663
2024-06-19T10:29:00.000 -4494.933069189270 -536.757526071899 -5068.069345540640 2.87332894231491 -6.86173367900281 -1.81297752682225
2024-06-19T10:33:00.000 -3650.664925605910 -2144.148098929440 -5313.558573805750 4.11944300726230 -6.45160665185751 -0.22020786463275
2024-06-19T10:37:00.000 -2541.530108156860 -3595.965526326320 -5172.423409814500 5.06714723353158 -5.57306516065067 1.38933953534466
2024-06-19T10:41:00.000 -1247.883885660190 -4786.691291943480 -4654.673467956980 5.64760502198527 -4.28891034409874 2.89913163646254
2024-06-19T10:45:00.000 136.437637109791 -5629.505064018060 -3797.654523541240 5.81801673183772 -2.69132487293486 4.19923314344675
2024-06-19T10:49:00.000 1510.807938885970 -6062.656289511490 -2663.507351471030 5.56501769907394 -0.89586923695573 5.19424430988830
2024-06-19T10:53:00.000 2775.100558654270 -6054.149355577130 -1334.787385773320 4.90621557929848 0.96655529459817 5.81056033157189
2024-06-19T10:57:00.000 3837.078231610740 -5604.293927503480 91.508801758224 3.88940650949598 2.75933497268431 6.00228190057206
2024-06-19T11:01:00.000 4619.293791916740 -4745.829374348100 1511.112009957650 2.58928395504267 4.35061902974871 5.75516468015046
2024-06-19T11:05:00.000 5064.894452537670 -3541.512176600070 2820.289948625840 1.10161073332629 5.62377190530048 5.08786979120300
2024-06-19T11:09:00.000 5141.785313116410 -2079.356209255550 3923.585930666390 -0.46440917737408 6.48624282095508 4.05019101117994
2024-06-19T11:13:00.000 4844.862166503950 -466.004206908755 4740.836086984530 -1.99450120089363 6.87627422885029 2.71888697076684
2024-06-19T11:17:00.000 4196.187513651710 1181.207562572890 5212.924643183400 -3.37794278969025 6.76691163416489 1.19144206371289
2024-06-19T11:21:00.000 3243.181678213070 2742.783365390410 5305.889872478680 -4.51532800189721 6.16708671436372 -0.42129456795518
2024-06-19T11:25:00.000 2055.105649239450 4105.583318218850 5013.204545826960 -5.32505541642903 5.12050675375330 -2.00284077464244
2024-06-19T11:29:00.000 718.098201237505 5170.853229532370 4356.184197412730 -5.74891185980306 3.70264710368094 -3.43901003356347
2024-06-19T11:33:00.000 -670.957918420266 5861.261533521900 3382.476324852990 -5.75609432775516 2.01555385432475 -4.62581482883369
2024-06-19T11:37:00.000 -2011.330392249590 6126.497029572200 2162.722669554820 -5.34559072590489 0.18107018051176 -5.47680133471669
2024-06-19T11:41:00.000 -3205.695334004910 5947.031730104480 785.552330576048 -4.54672246661722 -1.66764919809384 -5.92950611964510
2024-06-19T11:45:00.000 -4167.251654621130 5335.691558745520 -648.816895346991 -3.41736460416326 -3.39582961385385 -5.95049006661616
2024-06-19T11:49:00.000 -4826.128948967850 4336.814132306870 -2035.928502686110 -2.03984250569344 -4.87735960649957 -5.53811186166891
2024-06-19T11:53:00.000 -5134.532633930210 3022.995318236430 -3274.782023244730 -0.51462849244823 -6.00432178860739 -4.72262023656317
2024-06-19T11:57:00.000 -5070.211092867190 1489.728001522970 -4275.250974793690 1.04725614441676 -6.69500892850825 -3.56377071795037
2024-06-19T12:01:00.000 -4637.990470623860 -151.635873021120 -4964.634282241940 2.53258019499823 -6.89971281292144 -2.14606542645013
2024-06-19T12:05:00.000 -3869.317636217780 -1781.994368971820 -5292.852335370530 3.83404268337676 -6.60387193814167 -0.57235067496978
2024-06-19T12:09:00.000 -2819.925529800640 -3283.057961743520 -5235.977095223000 4.85772337977045 -5.82872003229268 1.04357936387797
2024-06-19T12:13:00.000 -1565.835677031110 -4545.783258334410 -4797.922814265580 5.52942529741966 -4.62963962191072 2.58481560061930
2024-06-19T12:17:00.000 -197.979820504135 -5478.180167333530 -4010.236284536500 5.79985468824199 -3.09258808135260 3.93934469242820
2024-06-19T12:21:00.000 1184.258623874600 -6012.016910566500 -2929.967336203160 5.64837400882993 -1.32851947112617 5.00792999408052
2024-06-19T12:25:00.000 2480.217803931990 -6107.961291192920 -1635.694702298620 5.08514795774612 0.53413101375858 5.71160332920539
2024-06-19T12:29:00.000 3595.370629743780 -5758.671789907060 -221.858407032948 4.15087031777705 2.35888671439914 5.99805911611850
2024-06-19T12:33:00.000 4448.367924366730 -4989.494860796680 1208.199542115460 2.91401351268751 4.01158257783379 5.84594972002234
2024-06-19T12:37:00.000 4977.138997193420 -3856.644557763420 2549.950135973130 1.46569715967900 5.37087594315996 5.26681860172089
2024-06-19T12:41:00.000 5143.486156553150 -2442.947435223310 3705.503083720640 -0.08759006863701 6.33775319420085 4.30401218676092
2024-06-19T12:45:00.000 4935.779373042520 -851.564893993146 4590.829431546760 -1.63238190264045 6.84274634075709 3.02886576252093
2024-06-19T12:49:00.000 4369.610121682340 801.687429993507 5141.815100294010 -3.05665552016517 6.85041762731747 1.53493403230832
2024-06-19T12:53:00.000 3486.473076253280 2396.807361358870 5318.770812160660 -4.25788221341136 6.36141607382931 -0.06909609842599
2024-06-19T12:57:00.000 2350.613421108380 3818.217273722940 5109.113730904720 -5.15000784213800 5.41163570910794 -1.66733648488800
2024-06-19T13:01:00.000 1044.397692152800 4962.933774329770 4528.159608827140 -5.66891904125248 4.06956431459881 -3.14448207695883
2024-06-19T13:05:00.000 -337.521425234307 5747.895485727140 3618.045712684490 -5.77699362437038 2.43180887209996 -4.39363154246678
2024-06-19T13:09:00.000 -1694.951065176450 6115.964348695280 2444.786103744200 -5.46598881653610 0.61654384319867 -5.32392208999052
2024-06-19T13:13:00.000 -2929.355508312800 6040.152921577810 1093.599659249620 -4.75795711615236 -1.24462705864451 -5.86719855649956
2024-06-19T13:17:00.000 -3951.033170601600 5525.733276652460 -337.215063235079 -3.70407617293503 -3.01612881003246 -5.98336182689596
2024-06-19T13:21:00.000 -4685.732088183230 4609.971501828620 -1743.466432419190 -2.38110888041808 -4.56866402843827 -5.66375075138653
2024-06-19T13:25:00.000 -5080.127287943110 3359.412016546980 -3022.746935749480 -0.88558031600573 -5.78906393562483 -4.93180011840415
2024-06-19T13:29:00.000 -5105.709842146800 1864.959240138740 -4081.968101665860 0.67357471895770 -6.58877105496870 -3.84118891147764
2024-06-19T13:33:00.000 -4760.781884661520 235.165825889753 -4844.139181880070 2.18323578216685 -6.91010394571602 -2.47151571431252
2024-06-19T13:37:00.000 -4070.476938421920 -1411.686701462690 -5253.893124547830 3.53427873706585 -6.73009092587240 -0.92223842567841
2024-06-19T13:41:00.000 -3084.868031216790 -2956.112132759950 -5281.401072806340 4.62918764067276 -6.06167531222739 0.69453515382735
2024-06-19T13:45:00.000 -1875.359655411740 -4285.957497925400 -4924.479818159830 5.38873310500926 -4.95265306905692 2.26187148000188
2024-06-19T13:49:00.000 -529.621347973673 -5304.419345283790 -4208.786970610550 5.75739701288737 -3.48244549887312 3.66602893250361
2024-06-19T13:53:00.000 854.623153127582 -5937.058198392460 -3186.101994160110 5.70748780263014 -1.75697916016715 4.80436124124124
2024-06-19T13:57:00.000 2176.617652077720 -6137.346718981590 -1930.745622997900 5.24167286032783 0.09841391743430 5.59289236409611
2024-06-19T14:01:00.000 3339.949222902880 -5890.293558068670 -534.271053781720 4.39336910443781 1.94787641150359 5.97298726264997
2024-06-19T14:05:00.000 4259.739799750170 -5213.744663008130 901.264451367320 3.22468387383604 3.65545593109883 5.91637774104359
2024-06-19T14:09:00.000 4869.002715797070 -4157.113392859010 2270.916247074070 1.82164330076235 5.09573332519649 5.42743081320189
2024-06-19T14:13:00.000 5123.615631955620 -2797.668446517310 3474.696861817740 0.28749745624029 6.16351198683418 4.54278736040144
2024-06-19T14:17:00.000 5005.497135666260 -1234.679940014890 4424.995367622500 -1.26543935055060 6.78176055378934 3.32819913439982
2024-06-19T14:21:00.000 4523.743049727530 418.027545134469 5052.936460888500 -2.72440279856051 6.90684553966777 1.87296834908751
2024-06-19T14:25:00.000 3713.757523293440 2040.426799634120 5313.222958046270 -3.98419395713416 6.53089895893633 0.28308147891601
2024-06-19T14:29:00.000 2634.549389449520 3514.923691649620 5187.248346839120 -4.95444512628319 5.68187845518326 -1.32636684752760
2024-06-19T14:33:00.000 1364.417790959020 4734.713535356430 4684.307077227770 -5.56562346245053 4.42115921229425 -2.83928519975061
2024-06-19T14:37:00.000 -4.613209466364 5611.335650545470 3840.897994777020 -5.77355765590103 2.83941843012911 -4.14635315084462
2024-06-19T14:41:00.000 -1373.310202734020 6081.033229607570 2718.180526369500 -5.56276858440705 1.05069262231474 -5.15260636830875
2024-06-19T14:45:00.000 -2642.347952819500 6109.456543444500 1397.671914760370 -4.94804354773373 -0.81546386945157 -5.78445061400414
2024-06-19T14:49:00.000 -3719.529277583020 5694.288980709180 -24.594335973477 -3.97369148391593 -2.62326591089001 -5.99531763884806
2024-06-19T14:53:00.000 -4526.562861599470 4865.550399517880 -1445.062417769430 -2.71059403035438 -4.24076853029099 -5.76954115667429
2024-06-19T14:57:00.000 -5004.849493779280 3683.442043808020 -2760.283799625060 -1.25091161498973 -5.55001466180695 -5.12366980713374
2024-06-19T15:01:00.000 -5119.767052386640 2233.894809866720 -3874.533658497730 0.29898046782534 -6.45586866461455 -4.10508230299855
2024-06-19T15:05:00.000 -4863.132467410540 622.221489939786 -4706.805843952960 1.82652698202266 -6.89291594010233 -2.78823378888698
2024-06-19T15:09:00.000 -4253.685849090650 -1034.597305719860 -5196.640648084180 3.22125603994597 -6.82982681718381 -1.26880422844299
2024-06-19T15:13:00.000 -3335.653732847910 -2616.354731272210 -5308.407285220520 4.38249319904003 -6.27116180584381 0.34321399679804
2024-06-19T15:17:00.000 -2175.547299390680 -4008.214563466360 -5033.821488670820 5.22626041207943 -5.25683921252443 1.93123676114605
2024-06-19T15:21:00.000 -857.437677381559 -5108.919052127920 -4392.572325707290 5.69107048451713 -3.85947444129873 3.38009405374992
2024-06-19T15:25:00.000 523.006291479800 -5838.106037117440 -3431.010926684490 5.74238064207516 -2.17961720903211 4.58409354464841
2024-06-19T15:29:00.000 1865.362442119770 -6142.241380127350 -2218.948144263850 5.37544551393068 -0.33901959614837 5.45463860447676
2024-06-19T15:33:00.000 3071.763347557740 -5998.731668115950 -844.713356431749 4.61629277714439 1.52778407274057 5.92706439900615
2024-06-19T15:37:00.000 4054.170999390830 -5417.807821701120 591.286288628219 3.52034274544799 3.28357810266240 5.96613217395894
2024-06-19T15:41:00.000 4740.988156470810 -4441.869812179290 1984.053064030960 2.16828125440145 4.79928796308711 5.56908417004109
2024-06-19T15:45:00.000 5082.393509431840 -3142.297580201760 3231.863635783510 0.65968157606034 5.96404533209358 4.76575662373790
2024-06-19T15:49:00.000 5053.952224138660 -1614.036113842010 4243.831804680810 -0.89487433228076 6.69354681275834 3.61596437584142
2024-06-19T15:53:00.000 4658.240127738730 31.540849392107 4946.541220129980 -2.38229223303093 6.93594256785648 2.20446829352413
2024-06-19T15:57:00.000 3924.451311400560 1674.848661212890 5289.253426928840 -3.69516246392513 6.67495459388038 0.63428906159161
2024-06-19T16:01:00.000 2906.120537972780 3196.738557756540 5247.395189150250 -4.73920614536896 5.93036093552417 -0.98085010531137
2024-06-19T16:05:00.000 1677.190697328940 4486.974014287940 4824.190270827850 -5.43959095300600 4.75619239576691 -2.52435319840761
2024-06-19T16:09:00.000 326.717254943025 5452.037688090220 4050.387181249020 -5.74590666948514 3.23695031847124 -3.88476130870506
2024-06-19T16:13:00.000 -1047.441678238520 6021.810685349790 2982.099064149170 -5.63569236967897 1.48205188086303 -4.96340758696544
2024-06-19T16:17:00.000 -2345.608846238020 6154.700162029390 1696.861907083340 -5.11640467245678 -0.38158342737850 -5.68154365283847
2024-06-19T16:21:00.000 -3473.499883763780 5840.793676268910 288.105087216287 -4.22533618567708 -2.21848250976792 -5.98635579809653
2024-06-19T16:25:00.000 -4349.143468972340 5102.718790927750 -1141.626517738950 -3.02720049718378 -3.89464935815387 -5.85522828168913
2024-06-19T16:29:00.000 -4908.939883258230 3994.060872467490 -2488.211080467170 -1.60939788627706 -5.28778410216018 -5.29773753443162
2024-06-19T16:33:00.000 -5112.328021472120 2595.407608268240 -3653.630140962530 -0.07529001789101 -6.29655983368517 -4.35480990010106
2024-06-19T16:37:00.000 -4944.696306978560 1008.386841474320 -4553.141831426520 1.46361160129219 -6.84802540120386 -3.09541721612580
2024-06-19T16:41:00.000 -4418.341659785820 -651.796433379796 -5121.399861627240 2.89594211276313 -6.90259028561717 -1.61117585260783
2024-06-19T16:45:00.000 -3571.480747521580 -2264.698886572440 -5317.093649052620 4.11831840077600 -6.45638231175002 -0.00955933590686
2024-06-19T16:49:00.000 -2465.468268595560 -3713.256663482420 -5125.862274520500 5.04241235607858 -5.54125698956534 1.59362451373032
2024-06-19T16:53:00.000 -1180.432587841230 -4892.143057810100 -4561.342384023560 5.60100764713138 -4.22263050511303 3.08220914841690
2024-06-19T16:57:00.000 190.395565171613 -5715.359641243110 -3664.290723238600 5.75284038171532 -2.59528377821830 4.34770834186472
2024-06-19T17:01:00.000 1547.348739117360 -6122.563474569990 -2499.781344718600 5.48592158561808 -0.77699081818067 5.29722222657440
2024-06-19T17:05:00.000 2791.546158036460 -6083.634344642020 -1152.608095642530 4.81886082418929 1.09963719336672 5.86038627644967
2024-06-19T17:09:00.000 3832.196043042690 -5601.108891748430 278.847119125014 3.80011244147776 2.89681319929788 5.99516488443598
2024-06-19T17:13:00.000 4593.402156471760 -4710.143022889390 1689.911439400800 2.50457953424851 4.48229737542816 5.69156116051185
2024-06-19T17:17:00.000 5019.854877522950 -3475.904169436170 2977.474584960140 1.02774409354057 5.73989125076669 4.97246894299543
2024-06-19T17:21:00.000 5080.879755101300 -1988.614568850780 4047.680936318510 -0.52193942856812 6.57830358548393 3.89155916141437
2024-06-19T17:25:00.000 4772.542662755730 -356.736551131876 4822.813318088200 -2.03151921203638 6.93767017961212 2.52869345414843
2024-06-19T17:29:00.000 4117.722142216620 1301.064676460700 5246.837196553950 -3.39183595690792 6.79322160488215 0.98353974793654
2024-06-19T17:33:00.000 3164.275021185510 2864.527084938790 5289.287581159680 -4.50508948336096 6.15641604735490 -0.63177458962618
2024-06-19T17:37:00.000 1981.490912737930 4220.387055685080 4947.310853336610 -5.29147447224987 5.07370032716857 -2.20063266484651
2024-06-19T17:41:00.000 655.113624176418 5270.398931507160 4245.790137035240 -5.69444730952370 3.62307474479919 -3.60978895244453
2024-06-19T17:45:00.000 -718.746271625162 5938.332650650970 3235.603767879680 -5.68468911674980 1.90897646320239 -4.75716269949105
2024-06-19T17:49:00.000 -2040.455672575460 6175.510124977490 1990.052250829900 -5.26242255937425 0.05526635841629 -5.55911748475358
2024-06-19T17:53:00.000 -3214.050341241200 5964.454624609000 599.649426665334 -4.45786795141594 -1.80348291924273 -5.95678547826343
2024-06-19T17:57:00.000 -4154.251891171330 5320.299295532550 -834.420774624361 -3.32936465216055 -3.53178349303786 -5.92073424455506
2024-06-19T18:01:00.000 -4792.763718060070 4289.775436419430 -2207.724544417870 -1.95918456762631 -5.00351166757881 -5.45351819431585
2024-06-19T18:05:00.000 -5083.294148489460 2947.783231697810 -3420.283695432060 -0.44725911299785 -6.11153163578746 -4.58945438748386
2024-06-19T18:09:00.000 -5004.899682968440 1391.841980758390 -4383.911872060330 1.09645984788773 -6.77562091890248 -3.39181104354696
2024-06-19T18:13:00.000 -4563.411886249450 -265.081803773341 -5028.597837017660 2.56015471178317 -6.94799398953521 -1.94781320440983
2024-06-19T18:17:00.000 -3790.917762541160 -1902.779135025810 -5307.498725527070 3.83814716121670 -6.61637077112018 -0.36210559011245
2024-06-19T18:21:00.000 -2743.390384313530 -3402.421223438910 -5200.235205411740 4.83818508455525 -5.80441594451903 1.25069784611752
2024-06-19T18:25:00.000 -1496.699951686620 -4655.026615702270 -4714.352998576410 5.48767109757628 -4.57008714424107 2.77383405454010
2024-06-19T18:29:00.000 -141.251143049382 -5569.289817706280 -3884.872381529580 5.73882895934160 -3.00192798031215 4.09646281917985
2024-06-19T18:33:00.000 1224.451636144780 -6078.267107524040 -2771.908857261760 5.57243539464213 -1.21327915128931 5.12158037788761
2024-06-19T18:37:00.000 2500.936154757930 -6144.427626273870 -1456.450252416190 4.99978041413199 0.66557409507168 5.77340951781239
2024-06-19T18:41:00.000 3595.080169052460 -5762.596979644640 -34.502812929520 4.06222389382377 2.49695286735996 6.00340575082875
2024-06-19T18:45:00.000 4427.053855734090 -4960.505934738640 1389.969682524480 2.82853862407031 4.14610103798609 5.79433444662200
2024-06-19T18:49:00.000 4936.323347788820 -3796.798380268100 2712.832975860270 1.38966091911922 5.49191209924851 5.16201472911920
2024-06-19T18:53:00.000 5086.119305990550 -2356.573253487580 3837.585544830370 -0.14864013645966 6.43641695879494 4.15372797105188
2024-06-19T18:57:00.000 4866.019045821790 -744.941150246147 4682.462813211200 -1.67397420722986 6.91180381748616 2.84415794446718
2024-06-19T19:01:00.000 4292.517955016460 920.813464901949 5186.321878075010 -3.07580545565709 6.88492139582861 1.32931451540235
2024-06-19T19:05:00.000 3407.626071364180 2519.790785730270 5312.900145893500 -4.25326792367704 6.35884722057489 -0.28073852074433
2024-06-19T19:09:00.000 2275.714723170290 3936.120422712420 5053.265714639200 -5.12190659987923 5.37212989221172 -1.86962011017774
2024-06-19T19:13:00.000 978.876653732101 5067.187948758850 4426.374968364340 -5.61935496935508 3.99602443656656 -3.32266565614483
2024-06-19T19:17:00.000 -388.918132407375 5830.925505204970 3477.708662121500 -5.70956318245195 2.32955732116165 -4.53474995451966
2024-06-19T19:21:00.000 -1728.496098902200 6171.737289595420 2276.091771176210 -5.38556266141829 0.49304620797833 -5.41766198169832
2024-06-19T19:25:00.000 -2942.618847169180 6064.628094951440 908.819707463146 -4.67040962339081 -1.38033992903855 -5.90667464363704
2024-06-19T19:29:00.000 -3943.073530057030 5517.161687087880 -524.625913987138 -3.61585818449064 -3.15411839015755 -5.96567666931173
2024-06-19T19:33:00.000 -4657.171131296930 4569.021487987680 -1919.863854968950 -2.29870861036029 -4.69883923634468 -5.59023398248323
2024-06-19T19:37:00.000 -5033.102636587300 3289.117235355810 -3175.306794519970 -0.81507098991202 -5.90194055526628 -4.80790558333276
2024-06-19T19:41:00.000 -5043.718674267040 1770.480321097040 -4199.629027217160 0.72701907045183 -6.67622039172936 -3.67605649272650
2024-06-19T19:45:00.000 -4688.410141542800 123.388425299272 -4918.403903864220 2.21579622356632 -6.96595964756827 -2.27721347790363
2024-06-19T19:49:00.000 -3993.032562274310 -1532.658906412390 -5279.413977805350 3.54376281323153 -6.75039765077928 -0.71279770069649
2024-06-19T19:53:00.000 -3007.986299762730 -3077.515935411700 -5256.342134935370 4.61506552154137 -6.04492648423442 0.90405187489673
2024-06-19T19:57:00.000 -1804.605918861780 -4398.972096832570 -4850.641296066600 5.35209903707929 -4.89987663381714 2.45638731254824
2024-06-19T20:01:00.000 -470.116451488299 -5400.778077194130 -4091.493597927780 5.70084318875174 -3.39723462362160 3.83140957631199
2024-06-19T20:05:00.000 898.552178768008 -6009.658100729940 -3033.857220271390 5.63501472241882 -1.64539827188253 4.92843571066437
2024-06-19T20:09:00.000 2201.750573287980 -6180.800542155720 -1754.636301921130 5.15846630312355 0.22821106710805 5.66644317511632
2024-06-19T20:13:00.000 3344.428945212590 -5901.357043195150 -347.158306629396 4.30552500414969 2.08634262284791 5.99056249325340
2024-06-19T20:17:00.000 4243.222479980340 -5191.547578651210 1085.702417320550 3.13862489337908 3.79244825810925 5.87664087260041
2024-06-19T20:21:00.000 4832.680381060990 -4103.232117585090 2439.188801577270 1.74368175548657 5.22114200793267 5.33329387910553
2024-06-19T20:25:00.000 5070.137633269350 -2716.010984260930 3614.508595664320 0.22337111322134 6.26816295614023 4.40121927107423
2024-06-19T20:29:00.000 4938.765528113250 -1131.173412025330 4526.147547061310 -1.31109413201431 6.85807563568175 3.14957810522428
2024-06-19T20:33:00.000 4448.614497981700 535.870264856701 5108.056871910640 -2.74830052893158 6.94927052567506 1.67034959142968
2024-06-19T20:37:00.000 3635.689021213790 2164.053751751570 5318.305036965750 -3.98465925674633 6.53639012470649 0.07125791550128
2024-06-19T20:41:00.000 2559.195350287570 3635.369564891680 5141.922375329610 -4.93149637401971 5.65002768052109 -1.53206016802785
2024-06-19T20:45:00.000 1297.236885186180 4843.234056565900 4591.854355529290 -5.52086129763571 4.35424168427337 -3.02391413695479
2024-06-19T20:49:00.000 -58.738067731320 5700.055155980820 3708.030103929700 -5.71018241670129 2.74234352678381 -4.29645193031064
2024-06-19T20:53:00.000 -1410.443176397900 6143.527046888730 2554.559431820810 -5.48541514055310 0.93055635989852 -5.25720936597585
2024-06-19T20:57:00.000 -2659.798226384370 6141.215694322410 1215.209653562010 -4.86238710612055 -0.94987310616189 -5.83589391048286
2024-06-19T21:01:00.000 -3716.053301242110 5693.057030548020 -212.607968770477 -3.88604359450418 -2.76209242751606 -5.98985802038552
2024-06-19T21:05:00.000 -4502.462420958130 4831.487347151950 -1624.940929342620 -2.62743944900002 -4.37386138055272 -5.70763993678978
2024-06-19T21:09:00.000 -4961.952052425200 3619.100262426330 -2918.955231870400 -1.17839483913268 -5.66771456299662 -5.00994780841122
2024-06-19T21:13:00.000 -5061.284598805710 2144.012825447610 -4000.499968324780 0.35555221530098 -6.54973229116700 -3.94794209021671
2024-06-19T21:17:00.000 -4793.404490471300 513.362087135932 -4790.970349045080 1.86310637340905 -6.95625212123812 -2.59916105692520
2024-06-19T21:21:00.000 -4177.848575263120 -1154.524341254230 -5232.956019003330 3.23530874119951 -6.85818241299851 -1.06155303570673
2024-06-19T21:25:00.000 -3259.248546607410 -2738.663441952580 -5294.286222789880 4.37316829579393 -6.26252779239772 0.55373225201425
2024-06-19T21:29:00.000 -2104.122270610060 -4124.038790948020 -4970.301741687630 5.19434882701581 -5.21173860110706 2.12988642743792
2024-06-19T21:33:00.000 -796.163720434641 -5209.824400668470 -4284.248632952240 5.63889370600468 -3.78096600377785 3.55253645460589
2024-06-19T21:37:00.000 569.681028527082 -5916.686187911150 -3285.731594043600 5.67361589333368 -2.07319677763456 4.71770181232969
2024-06-19T21:41:00.000 1894.022282631670 -6192.684695864420 -2047.288352995310 5.29499418642612 -0.21241113170796 5.53949201760462
2024-06-19T21:45:00.000 3080.290839609160 -6017.287664764400 -659.211253910032 4.53000223937895 1.66525474502600 5.95684357435078
2024-06-19T21:49:00.000 4041.919146907120 -5403.080044609940 777.064780364512 3.43454187332113 3.42175532654256 5.93864674521532
2024-06-19T21:53:00.000 4708.838077972070 -4394.914548163340 2156.528689032860 2.08928443737611 4.92802570485224 5.48640688776226
2024-06-19T21:57:00.000 5032.685912128740 -3066.528630993480 3378.446424623640 0.59325872832482 6.07395324310721 4.63399267489322
2024-06-19T22:01:00.000 4990.310077340570 -1514.966595681870 4353.834888382490 -0.94385012574047 6.77663376506578 3.44477789001894
2024-06-19T22:05:00.000 4585.309117484180 146.716628497362 5011.959285862980 -2.41026437883457 6.98627318791810 2.00637971669761
2024-06-19T22:09:00.000 3847.538216401190 1797.786172140360 5305.326316602730 -3.70018413293556 6.68890584991943 0.42367423342723
2024-06-19T22:13:00.000 2830.802361462900 3318.526817378560 5212.946436349270 -4.72098318942210 5.90688411828946 -1.18867945604425
2024-06-19T22:17:00.000 1608.916341293560 4598.776708291490 4741.713670646180 -5.39947001648321 4.69695197956285 -2.71432165682219
2024-06-19T22:21:00.000 270.428964020638 5545.732788597640 3925.860380252250 -5.68674009458121 3.14621464187610 -4.04307334478531
2024-06-19T22:25:00.000 -1087.655186627440 6090.589312252900 2824.557977508670 -5.56170971703022 1.36642076040791 -5.07852443945403
2024-06-19T22:29:00.000 -2366.815761801230 6193.572402480690 1517.757591536520 -5.03297181407552 -0.51363567012472 -5.74501168429519
2024-06-19T22:33:00.000 -3474.157134265350 5846.965346473050 100.473808973825 -4.13858447642346 -2.35725272235736 -5.99350983272552
2024-06-19T22:37:00.000 -4329.225034478080 5075.795467571200 -1324.126487413670 -2.94355187777195 -4.02998564831202 -5.80558514388053
2024-06-19T22:41:00.000 -4869.940279558050 3936.060008049770 -2652.309187194780 -1.53502096155165 -5.40984975493135 -5.19498329410030
2024-06-19T22:45:00.000 -5057.147463455500 2510.598785217270 -3787.416067182010 -0.01565021184680 -6.39655098208587 -4.20652258360968
2024-06-19T22:49:00.000 -4877.412868525210 902.961561666956 -4646.931987235840 1.50422961743791 -6.91881361315284 -2.91244172625373
2024-06-19T22:53:00.000 -4343.891353406780 -770.179701302565 -5168.420166410640 2.91470535212697 -6.93913322429176 -1.40676803624485
2024-06-19T22:57:00.000 -3495.289896763380 -2387.452813172700 -5313.954418041240 4.11399466580838 -6.45603919373873 0.20149703055474
2024-06-19T23:01:00.000 -2393.059593998580 -3831.471638364290 -5072.792884842090 5.01541850612535 -5.50398430136775 1.79614048408739
2024-06-19T23:05:00.000 -1117.040773588530 -4997.208298461350 -4462.167589351590 5.55331367792846 -4.15095663781005 3.26156642732210
2024-06-19T23:09:00.000 240.183500593294 -5799.571335890760 -3526.175692719210 5.68783669506618 -2.49419980234881 4.49085911212568
2024-06-19T23:13:00.000 1579.902863315150 -6179.687384835120 -2332.745975440700 5.40816177543350 -0.65372821382492 5.39355374665230
2024-06-19T23:17:00.000 2804.457841229110 -6109.411652813170 -968.835195330684 4.73393599386088 1.23596629679446 5.90265921593658
2024-06-19T23:21:00.000 3824.485810807530 -5593.607007135890 465.921389711338 3.71425710628952 3.03608257100436 5.98023803539865
2024-06-19T23:25:00.000 4565.611105655130 -4669.893504179200 1866.612068531130 2.42412887670014 4.61424427336376 5.62057843908745
2024-06-19T23:29:00.000 4974.005509978440 -3405.843271663590 3130.899687178510 0.95863672804273 5.85485422739384 4.85070012821556
2024-06-19T23:33:00.000 5020.322788890630 -1893.852108807930 4166.651332410360 -0.57463989835607 6.66793696574334 3.72797138223157
2024-06-19T23:37:00.000 4701.708217235690 -244.171896577082 4898.680539529260 -2.06394328080158 6.99550255076726 2.33530452940007
2024-06-19T23:41:00.000 4041.786330130770 1423.260634086660 5274.112509561760 -3.40167744465738 6.81518583643959 0.77446220674641
2024-06-19T23:45:00.000 3088.764492788760 2987.512115674880 5266.007679304940 -4.49174031109453 6.14097876496473 -0.84144054479477
2024-06-19T23:49:00.000 1911.882189293750 4335.256165700640 4875.165501123340 -5.25594304328696 5.02190535327069 -2.39568944852891
2024-06-19T23:53:00.000 596.450859056921 5368.822660747180 4130.020602084500 -5.63931801413727 3.53865453166048 -3.77605310824141
2024-06-19T23:57:00.000 -762.212351215139 6013.169268509330 3084.621653958340 -5.61395222941310 1.79803185675470 -4.88254232760881
2024-06-20T00:01:00.000 -2065.575824907580 6221.323146404580 1814.835820191900 -5.18120468520515 -0.07417382163235 -5.63444097312969
2024-06-20T00:05:00.000 -3219.006138019830 5977.921079247870 412.957066932890 -4.37208290081968 -1.94193810092335 -5.97650542455382
2024-06-20T00:09:00.000 -4138.699851717060 5300.467659815780 -1018.988097804530 -3.24530551562818 -3.66910707885850 -5.88341926412785
2024-06-20T00:13:00.000 -4757.867676278400 4238.131063625470 -2376.729149407480 -1.88304013627214 -5.12967632246121 -5.36195501428879
2024-06-20T00:17:00.000 -5031.639093667000 2868.123200172380 -3561.442990972490 -0.38459610795821 -6.21741902612280 -4.45040205940229
2024-06-20T00:21:00.000 -4940.287980323370 1289.981292472170 -4486.986772923300 1.14112134068368 -6.85363023273785 -3.21543521427808
2024-06-20T00:25:00.000 -4490.571026127680 -381.741331817661 -5086.122195034310 2.58367467812616 -6.99256997921250 -1.74690027866783
2024-06-20T00:29:00.000 -3715.142423553490 -2025.777164075450 -5315.296285441380 3.83895146403060 -6.62428180449268 -0.15113438579356
2024-06-20T00:33:00.000 -2670.162415913930 -3522.821787349700 -5157.714999214140 4.81628753698299 -5.77496961139658 1.45649301349712
2024-06-20T00:37:00.000 -1431.306329365910 -4764.050810096240 -4624.562780060160 5.44467728823713 -4.50527866999693 2.95956473311698
2024-06-20T00:41:00.000 -88.415799620223 -5658.943748978900 -3754.284246545590 5.67778974615050 -2.90627469792930 4.24862442363080
2024-06-20T00:45:00.000 1260.893010389870 -6141.925668888060 -2609.978828558070 5.49766905633890 -1.09361087232036 5.22897625960801
2024-06-20T00:49:00.000 2518.307578514750 -6177.339850718740 -1274.958331658500 4.91658441975437 0.80053528948381 5.82798752182749
2024-06-20T00:53:00.000 3592.072321019260 -5762.284643606960 153.289249380428 3.97664929581248 2.63710918504612 6.00100238640203
2024-06-20T00:57:00.000 4403.859869099200 -4926.978876629760 1570.328731590890 2.74694314973641 4.28102122092799 5.73519122603490
2024-06-20T01:01:00.000 4894.634744859360 -3732.517539521720 2872.590376077900 1.31809182249776 5.61169900877761 5.05054603344946
2024-06-20T01:05:00.000 5028.998073952960 -2266.250507217700 3965.103504702340 -0.20487484762897 6.53233290796792 3.99820779570621
2024-06-20T01:09:00.000 4797.670357271770 -635.172599912760 4768.488158211120 -1.71072748380039 6.97696829463082 2.65604313484484
2024-06-20T01:13:00.000 4217.965723337270 1042.047062040970 5224.649215587040 -3.09044796220300 6.91473736122509 1.12237960246946
2024-06-20T01:17:00.000 3332.326900128420 2643.707258752770 5300.803348230730 -4.24482765163107 6.35127604542549 -0.49144751006347
2024-06-20T01:21:00.000 2205.153491132850 4053.770287733750 4991.669982092340 -5.09112271382090 5.32778728349635 -2.06891641408008
2024-06-20T01:25:00.000 918.174139365214 5170.069157134750 4319.769842279730 -5.56847367581573 3.91803538479283 -3.49615743821027
2024-06-20T01:29:00.000 -435.351528915403 5911.594493939280 3333.849562913790 -5.64226318607651 2.22357040083849 -4.66981064748038
2024-06-20T01:33:00.000 -1757.288469843470 6224.360067536620 2105.447840794430 -5.30675252162330 0.36673752360018 -5.50443733203194
2024-06-20T01:37:00.000 -2951.684129823530 6085.409189129750 723.818496276173 -4.58583878327161 -1.51774726787898 -5.93881065348381
2024-06-20T01:41:00.000 -3931.769354846240 5504.634684926020 -710.509040643257 -3.53173131030622 -3.29257804340447 -5.94085187027058
2024-06-20T01:45:00.000 -4626.352809915980 4524.151125511400 -2093.097113448990 -2.22122858123550 -4.82826225023593 -5.51030127818946
2024-06-20T01:49:00.000 -4985.063659954160 3215.215210182960 -3323.296953959390 -0.74991715556910 -6.01299144665312 -4.67877719066677
2024-06-20T01:53:00.000 -4982.001768639850 1672.943476448050 -4311.637862035120 0.77516994356526 -6.76094404567787 -3.50717140721669
2024-06-20T01:57:00.000 -4617.530671688970 9.306840235264 -4986.311296092380 2.24355188549795 -7.01827612372078 -2.08082049434951
2024-06-20T02:01:00.000 -3918.146514129910 -1655.005854544580 -5298.292942357270 3.54921036938417 -6.76654149740454 -0.50309330532445
2024-06-20T02:05:00.000 -2934.515184335470 -3199.247273754020 -5224.801605036460 4.59790985500920 -6.02365765346226 1.11197094963490
2024-06-20T02:09:00.000 -1737.855724603800 -4511.218549352470 -4770.924310215400 5.31357671924570 -4.84255778069813 2.64748844245900
2024-06-20T02:13:00.000 -414.915978585455 -5495.319355681630 -3969.341694099380 5.64369781413803 -3.30788648167636 3.99176527011614
2024-06-20T02:17:00.000 938.199078060187 -6079.526729065570 -2878.112688335340 5.56331962658190 -1.53038348472679 5.04628059759166
2024-06-20T02:21:00.000 2222.949452347260 -6220.804809564790 -1576.619282593440 5.07735146536902 0.36054459974666 5.73304551761244
2024-06-20T02:25:00.000 3345.605206314440 -5908.484250384730 -159.846397184565 4.22079031439072 2.22628008423750 6.00091479692142
2024-06-20T02:29:00.000 4224.244810415900 -5165.219860574800 1268.620084074920 3.05645365641892 3.92955915030311 5.82989504769411
2024-06-20T02:33:00.000 4794.904578272200 -4045.359633989740 2604.341290723780 1.67017683260401 5.34528277235992 5.23292148573511
2024-06-20T02:37:00.000 5016.313107105060 -2630.825148040520 3749.844175679650 0.16396716741333 6.37023516688176 4.25466323649032
2024-06-20T02:41:00.000 4872.826722369460 -1024.898591723300 4621.821308718740 -1.35202015685568 6.93068559499673 2.96765157872550
2024-06-20T02:45:00.000 4375.385592426060 655.493888910010 5157.137300638890 -2.76776345094854 6.98724721448694 1.46638122609293
2024-06-20T02:49:00.000 3560.514380550730 2288.345711843960 5317.261898693110 -3.98132784457984 6.53709099030519 -0.13993231996887
2024-06-20T02:53:00.000 2487.539685885150 3755.327903552410 5090.856974381900 -4.90569192772756 5.61343794388904 -1.73518991878252
2024-06-20T02:57:00.000 1234.290617168300 4950.175740430820 4494.483922601980 -5.47454222169915 4.28299923866541 -3.20432937451364
2024-06-20T03:01:00.000 -108.428187987506 5786.218990621120 3571.411789590310 -5.64669207621445 2.64147229928507 -4.44110373546386
2024-06-20T03:05:00.000 -1443.276050967180 6202.634453532670 2388.603257786790 -5.40927208388261 0.80733212813738 -5.35553566107559
2024-06-20T03:09:00.000 -2673.379500660190 6168.952544111650 1031.975674278460 -4.77907679692376 -1.08646202634147 -5.88065681298368
2024-06-20T03:13:00.000 -3709.384389545660 5687.404066989600 -399.785280811050 -3.80164052750531 -2.90204240260216 -5.97775232686319
2024-06-20T03:17:00.000 -4476.025707477100 4792.866419569090 -1802.435891784440 -2.54811844679323 -4.50696826139138 -5.63955450303520
2024-06-20T03:21:00.000 -4917.673177772970 3550.333113967270 -3073.849182270190 -1.10994272410207 -5.78428882426510 -4.89084821584152
2024-06-20T03:25:00.000 -5002.391112274740 2050.114277086010 -4121.526719554460 0.40814595492506 -6.64132015296059 -3.78654532156350
2024-06-20T03:29:00.000 -4724.183293802200 401.157376906561 -4869.333999483400 1.89607078408839 -7.01629975482209 -2.40718717329456
2024-06-20T03:33:00.000 -4103.315496482410 -1276.896801634340 -5262.944411604990 3.24635505228229 -6.88234115411203 -0.85283782966196
2024-06-20T03:37:00.000 -3184.783335581840 -2862.315690244280 -5273.674346309390 4.36156791392838 -6.24894737766312 0.76412793418829
2024-06-20T03:41:00.000 -2035.088261112830 -4239.958785227250 -4900.518955593390 5.16096049481083 -5.16123940290599 2.32676007052681
2024-06-20T03:45:00.000 -737.537622801844 -5309.513269907620 -4170.285174308320 5.58605330951265 -3.69700090911634 3.72157581680864
2024-06-20T03:49:00.000 613.647823189396 -5992.782346863310 -3135.806041127790 5.60501657907655 -1.96174499546746 4.84648525167138
2024-06-20T03:53:00.000 1920.113449003280 -6239.527286547480 -1872.278469223970 5.21553141548622 -0.08158123564265 5.61843080924414
2024-06-20T03:57:00.000 3086.577109237730 -6031.357488229600 -471.870112756032 4.44543502250514 1.80584137311447 5.98001464368258
2024-06-20T04:01:00.000 4027.913722590640 -5383.270972783430 963.052735123110 3.35104991823200 3.56174239490789 5.90425195589067
2024-06-20T04:05:00.000 4675.540193718740 -4342.623418664790 2327.558914142670 2.01300332540242 5.05703422690829 5.39692383381387
2024-06-20T04:09:00.000 4982.518804551530 -2985.560883293690 3522.016953145350 0.52983812168404 6.18244575576407 4.49607568813557
2024-06-20T04:13:00.000 4926.941786384890 -1411.229994983960 4459.485438882490 -0.98977762733157 6.85673262531638 3.26864052123407
2024-06-20T04:17:00.000 4513.363610079490 265.666511283431 5072.016421414900 -2.43537344170603 7.03218576143241 1.80490632701317
2024-06-20T04:21:00.000 3772.262719800460 1923.301280471260 5315.450376529080 -3.70266841543333 6.69738895424438 0.21158008832520
2024-06-20T04:25:00.000 2757.672567262580 3441.505459957270 5172.430163283970 -4.70073958519787 5.87739865425424 -1.39603112651513
2024-06-20T04:29:00.000 1543.236301094180 4710.308481755630 4653.510578646200 -5.35801489251963 4.63162307404843 -2.90194365499397
2024-06-20T04:33:00.000 216.953458642119 5637.730237411110 3796.374495685310 -5.62711673067874 3.04973027575484 -4.19737939740858
2024-06-20T04:37:00.000 -1125.063241460820 6156.362224647710 2663.189178179110 -5.48824662825125 1.24568796799998 -5.18828298360873
2024-06-20T04:41:00.000 -2385.451541022580 6228.319055587830 1336.231379177500 -4.95094373039574 -0.64987751655162 -5.80219348946188
2024-06-20T04:45:00.000 -3472.667214330480 5848.139219021160 -88.002324346290 -4.05392182397065 -2.49906511602891 -5.99387995763521
2024-06-20T04:49:00.000 -4307.717886851510 5043.304188557450 -1505.825605188730 -2.86242895562245 -4.16699011352106 -5.74908296681734
2024-06-20T04:53:00.000 -4829.989048487600 3872.275161331510 -2813.997380009860 -1.46338886345584 -5.53203402619370 -5.08575687295145
2024-06-20T04:57:00.000 -5001.675090966870 2420.167836488070 -3917.327651755040 0.04127835431806 -6.49507391585653 -4.05256403214348
2024-06-20T05:01:00.000 -4810.462623230760 792.456788047058 -4735.617073006290 1.54237638814507 -6.98655496707313 -2.72494043272371
2024-06-20T05:05:00.000 -4270.325877042390 -892.734999390802 -5209.422438842270 2.93136736177571 -6.97120917811162 -1.19932196751868
2024-06-20T05:09:00.000 -3420.430690736800 -2513.164403718350 -5304.262489727260 4.10805942667461 -6.45008551033787 0.41394908100985
2024-06-20T05:13:00.000 -2322.305917979590 -3951.189984620900 -5013.048798935530 4.98734670083177 -5.46026526431772 1.99824978642466
2024-06-20T05:17:00.000 -1055.495701027720 -5102.174835222280 -4356.641331259660 5.50510219951236 -4.07245954950130 3.43864239750624
2024-06-20T05:21:00.000 288.066883339372 -5882.055355988360 -3382.476733653520 5.62287555380750 -2.38646993718891 4.62991726490591
2024-06-20T05:25:00.000 1610.637794360570 -6233.568109730810 -2161.297098757340 5.33107005777360 -0.52454756214381 5.48430532464953
2024-06-20T05:29:00.000 2815.777842203240 -6130.649978602210 -782.123875864483 4.65022392663243 1.37710971441616 5.93827853780934
2024-06-20T05:33:00.000 3815.534039948560 -5580.579547414700 654.248166868732 3.63009031891749 3.17870972940767 5.95798557825072
2024-06-20T05:37:00.000 4537.034523187130 -4623.517448503080 2042.774055184420 2.34577449107678 4.74780275689015 5.54209688511842
2024-06-20T05:41:00.000 4927.906614799550 -3329.493214878210 3282.024594493970 0.89187250589749 5.96954480862243 4.72183761840286
2024-06-20T05:45:00.000 4960.090216826340 -1793.094074550550 4281.725474791390 -0.62494202268119 6.75540966242569 3.55827367191543
2024-06-20T05:49:00.000 4631.752785759400 -126.337786128669 4969.346283042720 -2.09417587054268 7.04946959088966 2.13719280792176
2024-06-20T05:53:00.000 3967.215606278470 1549.611718238600 5295.250408311850 -3.40967715987828 6.83176416113277 0.56236391329036
2024-06-20T05:57:00.000 3015.013062934960 3113.211060341540 5236.105384035500 -4.47696529196190 6.11901036333125 -1.05208122566524
2024-06-20T06:01:00.000 1844.311962682660 4451.193996254500 4796.419493342990 -5.21953192962050 4.96302886640101 -2.58961276374986
2024-06-20T06:05:00.000 539.962140433766 5466.599196591660 4008.157004879090 -5.58394189959937 3.44709516584260 -3.93926136919117
2024-06-20T06:09:00.000 -803.523967623611 6085.683642706560 2928.488773238800 -5.54362285699211 1.68035067738592 -5.00314666894996
2024-06-20T06:13:00.000 -2088.718351227930 6263.301403963190 1635.790170585870 -5.10105363682754 -0.20940766835288 -5.70361162044918
2024-06-20T06:17:00.000 -3222.313152482440 5986.308335123250 224.027447903086 -4.28794313561121 -2.08492426532893 -5.98918902173099
2024-06-20T06:21:00.000 -4121.944845485490 5274.649280690450 -1204.043386406700 -3.16328869173455 -3.80941490922323 -5.83864460829702
2024-06-20T06:25:00.000 -4722.288295023180 4179.991114249790 -2544.431072862040 -1.80915008555357 -5.25706902474511 -5.26300674218090
2024-06-20T06:29:00.000 -4979.848980920700 2781.897527062950 -3699.585257478720 -0.32421600284039 -6.32265565069200 -4.30453389819006
2024-06-20T06:33:00.000 -4876.073440465830 1181.936820785820 -4585.524173821530 1.18365665313656 -6.92911618893706 -3.03327800470144
2024-06-20T06:37:00.000 -4418.604528764620 -503.764037109422 -5137.886881263690 2.60536024451073 -7.03285621785376 -1.54164773016106
2024-06-20T06:41:00.000 -3640.639727879570 -2152.921670356540 -5316.502938917530 3.83828584618559 -6.62640996061086 0.06237415442139
2024-06-20T06:45:00.000 -2598.506339896690 -3645.845955806630 -5108.230322845030 4.79337985133050 -5.73868616310501 1.66285321338201
2024-06-20T06:49:00.000 -1367.668699681490 -4873.974166120470 -4527.916714337990 5.40115648422334 -4.43302147984929 3.14380749932240
2024-06-20T06:53:00.000 -37.403601904138 -5747.695408598010 -3617.446294189280 5.61672617558794 -2.80316031737785 4.39724813458144
2024-06-20T06:57:00.000 1295.567553262530 -6202.950065843550 -2442.874476893280 5.42340019010891 -0.96707871922894 5.33099556646670
2024-06-20T07:01:00.000 2534.100928265880 -6206.102165262140 -1089.762764101700 4.83447389869733 0.94118729222378 5.87578003896460
2024-06-20T07:05:00.000 3587.815708508860 -5756.626836864040 343.046488004699 3.89269655489595 2.78151971646181 5.99097225699579
2024-06-20T07:09:00.000 4379.852273385870 -4887.288662155700 1750.762382338030 2.66734613255592 4.41843360295782 5.66801440358830
2024-06-20T07:13:00.000 4852.653283541110 -3661.714351350450 3030.511691535580 1.24884660148163 5.73198071336218 4.93130688868415
2024-06-20T07:17:00.000 4972.161946498010 -2169.517620537440 4089.014150920020 -0.25866712246729 6.62683528226346 3.83577856454997
2024-06-20T07:21:00.000 4730.173398466000 -519.548337119505 4849.399369581490 -1.74525637718566 7.03894614649882 2.46233168419058
2024-06-20T07:25:00.000 4144.750110237530 1168.171529577910 5256.709113610160 -3.10329512533202 6.93973758998370 0.91148101967376
2024-06-20T07:29:00.000 3258.732998243370 2771.189104684250 5281.708876804310 -4.23512370105159 6.33751688515093 -0.70424894553851
2024-06-20T07:33:00.000 2136.537374108140 4173.368458366620 4922.822525343040 -5.05960292656199 5.27625059378708 -2.26819536265804
2024-06-20T07:37:00.000 859.523109762753 5273.113213702080 4206.179238719130 -5.51746663593653 3.83245387964976 -3.66747379075474
2024-06-20T07:41:00.000 -479.782792134135 5990.603020934430 3183.766105994370 -5.57548956316324 2.11005818896880 -4.80073455399930
2024-06-20T07:45:00.000 -1784.275298387020 6273.577715396700 1929.785352489760 -5.22904302767406 0.23351432796009 -5.58535304471291
2024-06-20T07:49:00.000 -2959.272317791710 6101.253227164240 535.370590401734 -4.50289017901709 -1.66093937176256 -5.96379297189292
2024-06-20T07:53:00.000 -3919.426800086890 5485.954506879520 -898.017320430818 -3.44960740991475 -3.43532802861283 -5.90808443760231
2024-06-20T07:57:00.000 -4595.002984227680 4472.311167225070 -2266.009434880270 -2.14593171098611 -4.96015162192919 -5.42219023135072
2024-06-20T08:01:00.000 -4937.018931534710 3133.995704745400 -3469.032451659780 -0.68693680632896 -6.12444478098175 -4.54180648393694
2024-06-20T08:05:00.000 -4920.786408182030 1568.251935932860 -4419.608318466990 0.82128590929116 -6.84391126997255 -3.33136232213455
2024-06-20T08:09:00.000 -4547.611788847910 -111.258538173175 -5048.681339040220 2.26953550542520 -7.06678797967398 -1.87893431248359
2024-06-20T08:13:00.000 -3844.604741149920 -1782.700844369270 -5310.528508096980 3.55324212314965 -6.77707431564114 -0.28972308538275
2024-06-20T08:17:00.000 -2862.682801049570 -3324.801512186530 -5185.992111610090 4.57972502430632 -5.99538002825775 1.32138688374762
2024-06-20T08:21:00.000 -1672.934493021690 -4625.496286899050 -4683.858129645900 5.27451970777185 -4.77741193540039 2.83776067219857
2024-06-20T08:25:00.000 -361.607852618759 -5589.971138618670 -3840.314813624710 5.58655299670199 -3.21046224401066 4.14901174742367
2024-06-20T08:29:00.000 976.016882858905 -6147.606589161140 -2716.497790868300 5.49215774467532 -1.40772913083761 5.15891779062610
2024-06-20T08:33:00.000 2242.511259402850 -6257.301560640880 -1394.197744455560 4.99730786465394 0.49945433594699 5.79270510955716
2024-06-20T08:37:00.000 3345.474418109710 -5910.712673199010 30.046192375088 4.13775120858850 2.37116375777517 6.00312716926326
2024-06-20T08:41:00.000 4204.442311903600 -5133.029354752930 1452.092576038020 2.97658282480627 4.06972764831433 5.77452029642096
2024-06-20T08:45:00.000 4756.910274614530 -3981.133603966360 2767.985444807340 1.59939805544592 5.47042959973015 5.12409825514831
2024-06-20T08:49:00.000 4962.958474213060 -2539.294702227860 3881.736637311510 0.10753466042778 6.47125963927055 4.10054594595991
2024-06-20T08:53:00.000 4808.072872068640 -912.755151549183 4712.401353904900 -1.39001840504096 7.00042831488403 2.77962560311268
2024-06-20T08:57:00.000 4303.997091876420 780.111182009783 5199.871048416440 -2.78474700013369 7.02083260868044 1.25809794842724
2024-06-20T09:01:00.000 3487.697042632590 2416.414791312460 5309.070652581020 -3.97619651063180 6.53208888513272 -0.35345208706182
2024-06-20T09:05:00.000 2418.579323213940 3877.568620284710 5032.337194000810 -4.87888384758843 5.57015168136621 -1.93853686985744
2024-06-20T09:09:00.000 1174.186578570330 5057.708807835700 4389.865789643190 -5.42798959846321 4.20445337167477 -3.38279009897837
2024-06-20T09:13:00.000 -155.312782688946 5871.209503898790 3428.274110844760 -5.58374724037492 2.53330172283449 -4.58166926421917
2024-06-20T09:17:00.000 -1473.531189744920 6258.874524838740 2217.340038566980 -5.33448092892394 0.67737492890305 -5.44790525718267
2024-06-20T09:21:00.000 -2684.796964365010 6192.323242254220 845.046131781411 -4.69784504615240 -1.22872662816292 -5.91802924520468
2024-06-20T09:25:00.000 -3701.126294985800 5676.196398977560 -588.767908338414 -3.71992228773892 -3.04615751619861 -5.95739089635545
2024-06-20T09:29:00.000 -4448.700816143740 4747.906909142050 -1979.714884678070 -2.47192963737230 -4.64239468587978 -5.56299200021009
2024-06-20T09:33:00.000 -4873.292722130330 3474.910548010050 -3226.536338572430 -1.04487263208731 -5.90117975311206 -4.76374546412730
2024-06-20T09:37:00.000 -4944.211436033080 1949.724010922080 -4238.542890906870 0.45737088909669 -6.73123317003209 -3.61821399874386
2024-06-20T09:41:00.000 -4656.458763827110 283.094933857370 -4942.205924376530 1.92590951546523 -7.07276915121304 -2.20989148325607
2024-06-20T09:45:00.000 -4030.983214110510 -1404.067455138670 -5286.404386507810 3.25468722628626 -6.90131314650049 -0.64086873187894
2024-06-20T09:49:00.000 -3113.105250463150 -2989.373793469010 -5246.031842186350 4.34782210062607 -6.22903827092934 0.97542802236675
2024-06-20T09:53:00.000 -1969.274219023750 -4357.683753662380 -4823.782119596650 5.12613365268320 -5.10383338838786 2.52208249996708
2024-06-20T09:57:00.000 -682.373984866251 -5409.344872090210 -4050.031338502610 5.53267022973461 -3.60619156198729 3.88666626292701
2024-06-20T10:01:00.000 654.148623911591 -6067.444765792060 -2980.797685461630 5.53695410785973 -1.84409115481488 4.96922875160914
2024-06-20T10:05:00.000 1943.002655116330 -6283.574109337660 -1693.832607327290 5.13772609666333 0.05432328440955 5.68978890825079
2024-06-20T10:09:00.000 3090.187639094500 -6041.587537140220 -283.034313931840 4.36357741011288 1.94999668598337 5.99469721876524
2024-06-20T10:13:00.000 4011.998582493860 -5358.978997402180 1148.459918312470 3.27121586049291 3.70348872257302 5.86118846031741
2024-06-20T10:17:00.000 4641.308384887830 -4285.647172054500 2495.987928699110 1.94115122221681 5.18599702613899 5.29939871406631
2024-06-20T10:21:00.000 4932.538175281040 -2900.114165609810 3661.194625334470 0.47125772497292 6.28929892799797 4.35135952826989
2024-06-20T10:25:00.000 4864.932229749010 -1303.576177884320 4559.308530462270 -1.03083764075720 6.93383691347344 3.08742718955114
2024-06-20T10:29:00.000 4443.903706191720 387.690547235759 5125.274947457610 -2.45605533391501 7.07413950824840 1.60044912879750
2024-06-20T10:33:00.000 3700.426804654970 2050.859712089210 5318.314658111740 -3.70170154223282 6.70127414568629 -0.00139111376489
2024-06-20T10:37:00.000 2688.660947639570 3565.363487569990 5124.686803497280 -4.67832310460477 5.84283730198606 -1.60224446176650
2024-06-20T10:41:00.000 1482.029253602680 4821.464965334710 4558.585008547540 -5.31578346776995 4.56095161543971 -3.08653315061954
2024-06-20T10:45:00.000 167.974115693052 5728.061336281510 3661.104379726500 -5.56804783049331 2.94789665344920 -4.34693014734268
2024-06-20T10:49:00.000 -1158.250957782720 6219.227776872040 2497.359315462550 -5.41650844701238 1.12003642621019 -5.29181635599096
2024-06-20T10:53:00.000 -2400.411241794500 6259.071502116420 1151.881554981000 -4.87170465890113 -0.79018980036615 -5.85202699600300
2024-06-20T10:57:00.000 -3468.282056770560 5844.484545699390 -277.453479628367 -3.97294733877595 -2.64369842438518 -5.98629378003732
2024-06-20T11:01:00.000 -4284.287379512020 5005.484978620560 -1686.582189047960 -2.78566580076752 -4.30531509294414 -5.68466845292458
2024-06-20T11:05:00.000 -4789.206977944890 3803.033271696370 -2972.909863733760 -1.39644016476703 -5.65396365733667 -4.96925812614619
2024-06-20T11:09:00.000 -4946.500148461170 2324.534684031820 -4042.848783329170 0.09353473598426 -6.59172882634335 -3.89251061662176
2024-06-20T11:13:00.000 -4744.902646469830 677.380897693323 -4818.641051097010 1.57613774028771 -7.05094317022096 -2.53301343765703
2024-06-20T11:17:00.000 -4199.140130647060 -1018.901048291770 -5243.935439241680 2.94420102770861 -6.99867686383602 -0.98945217172644
2024-06-20T11:21:00.000 -3348.785589585350 -2641.266135521880 -5287.768712815610 4.09903173818144 -6.43864908587672 0.62655281287601
2024-06-20T11:25:00.000 -2255.401089549920 -4071.929987778050 -4946.748182914040 4.95711237449889 -5.41071977407414 2.19817384775562
2024-06-20T11:29:00.000 -998.188247660551 -5206.777078166410 -4245.348644590520 5.45583745254696 -3.98832799648321 3.61135900766098
2024-06-20T11:33:00.000 331.606087435020 -5962.897559896500 -3234.287790921310 5.55809480482138 -2.27380945096917 4.76276426346927
2024-06-20T11:37:00.000 1637.227102176390 -6284.757634145450 -1987.027519075500 5.25547975107660 -0.39163642483436 5.56744438735470
2024-06-20T11:41:00.000 2823.484065351840 -6148.477332194530 -594.517260148362 4.56942531859332 1.52051024479040 5.96560223366903
2024-06-20T11:45:00.000 3803.814418536710 -5563.780695134030 841.472402199303 3.55000643119866 3.32207462019932 5.92749856060934
2024-06-20T11:49:00.000 4506.775337526850 -4573.377750265170 2215.931164340610 2.27233012866802 4.88056325810026 5.45609922695867
2024-06-20T11:53:00.000 4881.373173322200 -3249.744758757030 3428.488117017190 0.83054382785456 6.08203510553545 4.58678429240987
2024-06-20T11:57:00.000 4900.751421888610 -1689.600317226590 4390.858808532840 -0.66968934753992 6.83962034086774 3.38415942911805
2024-06-20T12:01:00.000 4563.992146775450 -6.647048660101 5033.255462060510 -2.11920228022892 7.09943711168191 1.93674330073780
2024-06-20T12:05:00.000 3895.997808046080 1676.811739055440 5309.334377806280 -3.41332325163641 6.84401565687466 0.35011947739880
2024-06-20T12:09:00.000 2945.504413016030 3238.712654174840 5199.358284337330 -4.45919406191447 6.09267369813157 -1.26088902132363
2024-06-20T12:13:00.000 1781.514607672360 4565.889377527110 4711.474409957110 -5.18171238142012 4.89981851619799 -2.78003033701428
2024-06-20T12:17:00.000 488.393710371493 5562.109219873220 3881.117825385310 -5.52874343349996 3.35137215375150 -4.09747813202849
2024-06-20T12:21:00.000 -840.135734589354 6154.980686448560 2768.527935635080 -5.47491540054635 1.55895440218660 -5.11759358382909
2024-06-20T12:25:00.000 -2107.694634827140 6301.244291087800 1454.495105396170 -5.02367281721446 -0.34769156840379 -5.76583063349249
2024-06-20T12:29:00.000 -3222.227849450630 5990.048549657680 34.578709876653 -4.20745622748081 -2.22988184102052 -5.99448413401026
2024-06-20T12:33:00.000 -4102.764008867700 5243.870327123290 -1387.851366307640 -3.08561895150382 -3.95035140715857 -5.78663780598823
2024-06-20T12:37:00.000 -4685.376361294550 4116.910316390150 -2709.222390573100 -1.73997037694337 -5.38366466436467 -5.15752098200915
2024-06-20T12:41:00.000 -4927.867239720580 2691.091564601650 -3833.378621335750 -0.26858302002492 -6.42569188211792 -4.15328577165437
2024-06-20T12:45:00.000 -4812.783676329940 1069.998569877500 -4678.600491661040 1.22168237224557 -7.00111213536145 -2.84728894054913
2024-06-20T12:49:00.000 -4348.590758903800 -628.708952148324 -5183.489762507410 2.62302891110679 -7.06858934811666 -1.33443779550914
2024-06-20T12:53:00.000 -3568.970890584360 -2281.802100684240 -5311.323266212870 3.83432118306263 -6.62326631227374 0.27577515454392
2024-06-20T12:57:00.000 -2530.374272375440 -3769.298608766590 -5052.643033794840 4.76805033459687 -5.69686916959493 1.86695778438362
2024-06-20T13:01:00.000 -1308.012080434140 -4983.021116046580 -4425.955550656960 5.35628176014777 -4.35551267845446 3.32379209879849
2024-06-20T13:05:00.000 9.446802667810 -5834.389403628800 -3476.519863737510 5.55552728785920 -2.69551821552258 4.53997528450624
2024-06-20T13:09:00.000 1326.201400811840 -6260.953536035870 -2273.247584566270 5.35027668787578 -0.83709671774876 5.42595344184307
2024-06-20T13:13:00.000 2546.276219002030 -6231.169935662470 -903.823982170973 4.75472079157441 1.08396181437130 5.91589981098627
2024-06-20T13:17:00.000 3580.643109144000 -5746.948134923580 531.693630049569 3.81223293099710 2.92650689975179 5.97329339128174
2024-06-20T13:21:00.000 4353.883674700480 -4843.611134404230 1928.327602248290 2.59213610794725 4.55503953140190 5.59392618060584
2024-06-20T13:25:00.000 4809.818611993860 -3587.263939766940 3184.035823815710 1.18437164482059 5.85024028977515 4.80629566826043
2024-06-20T13:29:00.000 4915.625791163460 -2069.765240583380 4207.316861888320 -0.30766854460492 6.71815194365191 3.66910388953593
2024-06-20T13:33:00.000 4664.100933146300 -401.784512711117 4923.902897643050 -1.77525650870062 7.09684458344973 2.26624548556687
2024-06-20T13:37:00.000 4073.977483438620 1295.389480919700 5282.027947457010 -3.11224683198135 6.96015488599349 0.70017982627610
2024-06-20T13:41:00.000 3188.404159440870 2898.637806331040 5256.012284246980 -4.22252594631199 6.31901116625393 -0.91550082129186
2024-06-20T13:45:00.000 2071.725852028720 4291.803782485180 4847.959204234560 -5.02652066003396 5.22007171597367 -2.46419306714219
2024-06-20T13:49:00.000 804.879536548791 5373.904801230000 4087.537590515770 -5.46631885864146 3.74245842402277 -3.83407882482587
2024-06-20T13:53:00.000 -520.328519228472 6066.351488836590 3029.907638380070 -5.50984709033185 1.99262632523155 -4.92579989029139
2024-06-20T13:57:00.000 -1807.782135478210 6318.681841928150 1751.847387583810 -5.15353494388158 0.09712878652963 -5.65970799288558
2024-06-20T14:01:00.000 -2964.001887354480 6112.333414832410 346.267998608512 -4.42285950145022 -1.80632922180957 -5.98187411196260
2024-06-20T14:05:00.000 -3904.985749919520 5462.136280944210 -1084.520335042670 -3.37086792809444 -3.57895345373557 -5.86847090913225
2024-06-20T14:09:00.000 -4562.402399857710 4415.295203929360 -2436.331218322080 -2.07427031144859 -5.09148115405335 -5.32778574548570
2024-06-20T14:13:00.000 -4888.600129525850 3047.908594342390 -3610.773420665550 -0.62758981555907 -6.23389259025762 -4.39949841879635
2024-06-20T14:17:00.000 -4860.046040108490 1459.337810381310 -4522.453684946600 0.86399696136656 -6.92353237489749 -3.15151670028740
2024-06-20T14:21:00.000 -4478.937935504030 -235.099563481420 -5105.142333339030 2.29254036612310 -7.11079607035551 -1.67459626051267
2024-06-20T14:25:00.000 -3772.952100646820 -1912.479151112550 -5316.478097525690 3.55491773887944 -6.78222634541209 -0.07569034452475
2024-06-20T14:29:00.000 -2793.213477949100 -3451.075567472660 -5140.960199559550 4.55995803358447 -5.96118122506633 1.52961306753606
2024-06-20T14:33:00.000 -1610.659593918930 -4739.049947012530 -4591.074228137660 5.23469052959171 -4.70623906551416 3.02503380889452
2024-06-20T14:37:00.000 -311.029292241296 -5682.489853728030 -3706.487925359160 5.52949646426705 -3.10739886266550 4.30166597267965
2024-06-20T14:41:00.000 1011.229825639400 -6212.283341582270 -2551.339173987300 5.42193022734719 -1.28018574771614 5.26573888195309
2024-06-20T14:45:00.000 2259.783191846360 -6289.347360029450 -1209.735771534830 4.91893337999275 0.64215605052416 5.84573177495419
2024-06-20T14:49:00.000 3343.524700937470 -5907.739182903710 220.335347146976 4.05693331275273 2.51846847109539 5.99834803374511
2024-06-20T14:53:00.000 4183.401794243570 -5095.246268657200 1634.288401816750 2.89930691765747 4.21069998087694 5.71228250003311
2024-06-20T14:57:00.000 4718.330900531300 -3911.322506071120 2928.776601792700 1.53142531717808 5.59473252763829 5.00907916305569
2024-06-20T15:01:00.000 4909.690740258480 -2442.567791134900 4009.403987181170 0.05384952438251 6.56988911644007 3.94124053899356
2024-06-20T15:05:00.000 4744.035577600640 -796.174238017877 4797.666830816820 -1.42553876917506 7.06624865880948 2.58775987129035
2024-06-20T15:09:00.000 4233.883608020980 908.056442294107 5236.569664812480 -2.79956475831617 7.04916381332415 1.04771428316335
2024-06-20T15:13:00.000 3416.625850143870 2546.440378735340 5294.573093875930 -3.96932728977255 6.52099975165142 -0.56712046380138
2024-06-20T15:17:00.000 2351.715285426710 4000.256076155880 4967.712145086750 -4.85092242908766 5.52045590300780 -2.14006053745521
2024-06-20T15:21:00.000 1116.368176972950 5164.163563441240 4279.806288456650 -5.38103392066489 4.11968343748120 -3.55758134906275
2024-06-20T15:25:00.000 -199.911474183539 5953.693981703650 3280.766965750600 -5.52121157274755 2.41951796682199 -4.71703835158684
2024-06-20T15:29:00.000 -1501.693022139550 6311.367312301520 2043.095414920060 -5.26086425305267 0.54274942119195 -5.53397478171719
2024-06-20T15:33:00.000 -2694.486699674740 6210.974245203480 656.732830605060 -4.61846088175693 -1.37439660382047 -5.94847413481541
2024-06-20T15:37:00.000 -3691.643793635270 5659.619472286290 -777.440961526124 -3.64051520034402 -3.19224553954949 -5.92991280762015
2024-06-20T15:41:00.000 -4420.741023868570 4697.295583067990 -2154.997927144450 -2.39830721234283 -4.77818036486725 -5.47957761832754
2024-06-20T15:45:00.000 -4828.904110136960 3393.950248829720 -3375.664044746050 -0.98242710700083 -6.01676515818547 -4.63054232735439
2024-06-20T15:49:00.000 -4886.640144926240 1844.300307739070 -4350.668737496400 0.50412161375582 -6.81827875980706 -3.44495297117505
2024-06-20T15:53:00.000 -4589.894433501330 160.855475392789 -5009.176123762900 1.95366310398634 -7.12500445611641 -2.00914142432361
2024-06-20T15:57:00.000 -3960.241971708390 -1534.257573316440 -5303.332201426250 3.26154488074341 -6.91491374781941 -0.42712393596360
2024-06-20T16:01:00.000 -3043.283929986160 -3118.051754467310 -5211.641866983550 4.33335180737054 -6.20288124160538 1.18673689472737
2024-06-20T16:05:00.000 -1905.396145260670 -4475.453912553260 -4740.511248068320 5.09136672445524 -5.03961389427583 2.71562466620367
2024-06-20T16:09:00.000 -629.046633855601 -5507.560767131690 -3923.875718831700 5.48003500312100 -3.50844145060539 4.04829828200070
2024-06-20T16:13:00.000 693.062067604096 -6138.858837419970 -2820.893208218460 5.47018954269016 -1.71984318825970 5.08710022129231
2024-06-20T16:17:00.000 1964.664320693270 -6322.872567441030 -1511.799363413030 5.06158765391918 0.19606880710221 5.75516304457606
2024-06-20T16:21:00.000 3092.993958787230 -6045.798584930510 -92.147917791961 4.28354231206930 2.09883174704068 6.00262069895273
2024-06-20T16:25:00.000 3995.711440216710 -5327.723252792850 1334.242254518680 3.19311999408009 3.84836491717300 5.81098834073846
2024-06-20T16:29:00.000 4607.091294406780 -4221.180708198600 2663.075494752520 1.87076480934362 5.31615500667953 5.19477969235669
2024-06-20T16:33:00.000 4882.888726938320 -2807.148518892800 3797.385046853540 0.41384214346726 6.39519229753637 4.20010589293104
2024-06-20T16:37:00.000 4803.492211811740 -1188.892471150840 4654.689353999480 -1.07108407315463 7.00783950806861 2.90069745173895
2024-06-20T16:41:00.000 4375.164610474250 515.751515946428 5172.928528254680 -2.47627345640421 7.11093815919536 1.39188274248718
2024-06-20T16:45:00.000 3629.399027371690 2182.994566790770 5314.802314077590 -3.70044011561910 6.69823402012171 -0.21659877170540
2024-06-20T16:49:00.000 2620.515576628500 3691.991494488750 5070.292367059010 -4.65572343928917 5.80027587343096 -1.80848457293400
2024-06-20T16:53:00.000 1421.714191001660 4933.416288594460 4457.273331623360 -5.27353173768145 4.48194724909987 -3.26888619950721
2024-06-20T16:57:00.000 119.862851263812 5817.225636827880 3520.242161455400 -5.50921875653522 2.83816109455562 -4.49215084110085
2024-06-20T17:01:00.000 -1190.670983160390 6279.146113305160 2327.192847797510 -5.34537580389500 0.98754907621534 -5.38930085134014
2024-06-20T17:05:00.000 -2414.795282077870 6285.418574542760 964.796954970105 -4.79346170343787 -0.93574602162042 -5.89466525083713
2024-06-20T17:09:00.000 -3463.606572961470 5835.385960328680 -467.838174386854 -3.89333869451543 -2.79172003614332 -5.97098581177079
2024-06-20T17:13:00.000 -4260.929077112150 4961.649131263170 -1866.408423153160 -2.71055050575304 -4.44499492460313 -5.61253642365705
2024-06-20T17:17:00.000 -4748.921337271200 3727.703449642790 -3129.100598230560 -1.33136677468204 -5.77514208342822 -4.84565415561666
2024-06-20T17:21:00.000 -4892.286636700830 2223.229223383750 -4164.074846207960 0.14382809089874 -6.68571785075691 -3.72653063021069
2024-06-20T17:25:00.000 -4680.762695396090 557.473199262049 -4896.130766928810 1.60807871991261 -7.11104974604317 -2.33674395022837
2024-06-20T17:29:00.000 -4129.768597910680 -1148.715381896720 -5272.088734559380 2.95562097426855 -7.02062513454516 -0.77706756263452
2024-06-20T17:33:00.000 -3279.218481051830 -2771.575244814630 -5264.538677823870 4.08924866749643 -6.42077252820846 0.83977507739656
2024-06-20T17:37:00.000 -2190.664835540800 -4193.252093481180 -4873.789356158600 4.92688444150244 -5.35412299914053 2.39683811867567
2024-06-20T17:41:00.000 -942.959345880700 -5310.232013128510 -4127.920479944430 5.40730544074820 -3.89691348795101 3.78099361641229
2024-06-20T17:45:00.000 373.323416005471 -6040.865576355340 -3080.903437715780 5.49470670858304 -2.15412098537558 4.89091378118126
2024-06-20T17:49:00.000 1662.395324222850 -6331.457682336620 -1808.844596570170 5.18179038441703 -0.25234805077629 5.64466841805454
2024-06-20T17:53:00.000 2830.254449988070 -6160.399694485370 -404.525658358784 4.49072287820885 1.66926079996389 5.98615591174457
2024-06-20T17:57:00.000 3791.661973473600 -5539.958347335030 1029.389080717420 3.47198324811244 3.46934893070464 5.88974684556163
2024-06-20T18:01:00.000 4476.553288241580 -4515.481485790510 2388.020367578270 2.20070275957767 5.01548083638917 5.36276944858040
2024-06-20T18:05:00.000 4835.258957558360 -3161.957944920890 3572.156797295630 0.77054832426459 6.19466198980364 4.44473870288081
2024-06-20T18:09:00.000 4842.086243061410 -1578.306807891960 4495.606406993570 -0.71363739699686 6.92168921402356 3.20387212888598
2024-06-20T18:13:00.000 4497.037631088470 120.061798666574 5091.446778691150 -2.14392578773880 7.14506011211093 1.73143233529416
2024-06-20T18:17:00.000 3825.602225285970 1809.739476116160 5316.726191882020 -3.41710647562926 6.84988988459007 0.13467464112944
2024-06-20T18:21:00.000 2876.759524927120 3368.202243832360 5155.391697306670 -4.44172711308742 6.05832483549147 -1.47080935853796
2024-06-20T18:25:00.000 1719.402019354750 4682.533674296730 4619.330406745190 -5.14425389469750 4.82777916480670 -2.96914095819193
2024-06-20T18:29:00.000 437.410571832880 5657.436522028450 3747.479169301340 -5.47401072169657 3.24685006305681 -4.25203949933097
2024-06-20T18:33:00.000 -876.293535474084 6222.066745894080 2603.100367206240 -5.40685692059117 1.42957302042939 -5.22631424352713
2024-06-20T18:37:00.000 -2126.406025182830 6335.226696339200 1269.308328885540 -4.94723482752473 -0.49248090630572 -5.82075647920078
2024-06-20T18:41:00.000 -3222.145445076280 5988.485202437680 -156.890889358776 -4.12824165662793 -2.37949011692576 -5.99159439301901
2024-06-20T18:45:00.000 -4083.919610550040 5206.921338509980 -1571.668851309150 -3.00945686189007 -4.09380898789668 -5.72616173986954
2024-06-20T18:49:00.000 -4649.188565056190 4047.326159409070 -2872.023090746280 -1.67250277742412 -5.51050739484930 -5.04394536215831
2024-06-20T18:53:00.000 -4877.037931367510 2593.992724688070 -3963.352631018250 -0.21479390275048 -6.52676107554111 -3.99499621730069
2024-06-20T18:57:00.000 -4751.088137639720 952.473847823874 -4766.351648459930 1.25791503944602 -7.06925356804160 -2.65586682632595
2024-06-20T19:01:00.000 -4280.568532232900 -758.129230767263 -5222.691332203190 2.63922636521340 -7.09898586483249 -1.12372998192245
2024-06-20T19:05:00.000 -3499.581218394610 -2413.741135279290 -5299.150657589260 3.82947569853806 -6.61372149079997 0.49060554508490
2024-06-20T19:09:00.000 -2464.640655352080 -3894.179475980480 -4989.964105321640 4.74262136007996 -5.64791430792153 2.07046621647294
2024-06-20T19:13:00.000 -1250.682579698550 -5091.726430568950 -4317.281928172470 5.31209056073347 -4.27045283049665 3.50122359322760
2024-06-20T19:17:00.000 54.218278902385 -5918.923088897470 -3329.718026997610 5.49568509373375 -2.58035939760415 4.67831130932783
2024-06-20T19:21:00.000 1355.147240093250 -6315.053435394570 -2098.995874751070 5.27903753018778 -0.70020294874345 5.51493544809752
2024-06-20T19:25:00.000 2557.270097195170 -6250.801054297930 -714.839470757213 4.67727797482347 1.23254673731612 5.94893111734754
2024-06-20T19:29:00.000 3572.867733087430 -5730.597296870440 721.600117295647 3.73421832348061 3.07592197299404 5.94788023493596
2024-06-20T19:33:00.000 4327.888804136480 -4792.409362354350 2105.259337924780 2.51926324875813 4.69424976415672 5.51188539344433
2024-06-20T19:37:00.000 4767.495221969380 -3504.911708303850 3335.049534713780 1.12200718761391 5.96902825095403 4.67369280404045
2024-06-20T19:41:00.000 4860.057702773670 -1962.238098498550 4321.380857223730 -0.35501016299109 6.80787245207842 3.49568340499044
2024-06-20T19:45:00.000 4599.328077512710 -276.892274212034 4992.692570520160 -1.80415457778746 7.15094907612172 2.06470527392501
2024-06-20T19:49:00.000 4004.702977118270 1428.576278453870 5300.535063990270 -3.12064586296034 6.97476194261647 0.48525650952348
2024-06-20T19:53:00.000 3119.643107622240 3030.456880076510 5222.886132675540 -4.20987655742597 6.29306384153061 -1.12824285951580
2024-06-20T19:57:00.000 2008.454490485790 4412.682073057800 4765.589054722650 -4.99368398336582 5.15540253825435 -2.65930671499363
2024-06-20T20:01:00.000 751.692967395920 5475.063387502010 3961.898585943740 -5.41562763591391 3.64380763197158 -3.99732859112561
2024-06-20T20:05:00.000 -559.566105542332 6140.455410441340 2870.132679566690 -5.44500947015184 1.86719665664334 -5.04527278872937
2024-06-20T20:09:00.000 -1830.226287020810 6360.369355892860 1569.563423422830 -5.07929058201827 -0.04591588732494 -5.72665625722836
2024-06-20T20:13:00.000 -2968.040317113530 6118.617450829250 154.750905011163 -4.34467241701410 -1.95649501656720 -5.99140143071557
2024-06-20T20:17:00.000 -3890.364144963920 5432.627344984750 -1271.325470122450 -3.29452401788170 -3.72523100774710 -5.81993293317156
2024-06-20T20:21:00.000 -4530.249752047750 4352.221158052760 -2604.842504748570 -2.00543283958462 -5.22320967528921 -5.22482982630997
2024-06-20T20:25:00.000 -4841.343996295110 2955.930150197780 -3748.771400291750 -0.57133196516516 -6.34158690593227 -4.24974807894448
2024-06-20T20:29:00.000 -4801.214331576970 1345.188182248620 -4619.965656663650 0.90361858567304 -6.99949246149829 -2.96595539586881
2024-06-20T20:33:00.000 -4412.887568453980 -363.111415267926 -5155.157255101960 2.31273536071298 -7.14968325566522 -1.46675487519720
2024-06-20T20:37:00.000 -3704.530258513940 -2045.076196330240 -5315.425962115130 3.55439166428131 -6.78131958581945 0.13946010605222
2024-06-20T20:41:00.000 -2727.400598017950 -3578.652326855440 -5088.942774177180 4.53889389877357 -5.92048599048486 1.73660922871741
2024-06-20T20:45:00.000 -1552.221403661210 -4852.333815085810 -4491.859760034990 5.19467054932058 -4.62850982983526 3.20895665589556
2024-06-20T20:49:00.000 -264.198526145257 -5773.189337355920 -3567.263545905760 5.47335796582079 -2.99804172167340 4.44909670884188
2024-06-20T20:53:00.000 1043.040204116740 -6273.708963361460 -2382.233609483720 5.35365295203589 -1.14708797862795 5.36576513467956
2024-06-20T20:57:00.000 2274.236347706600 -6316.941577058410 -1023.095477446960 4.84344696088045 0.78924119959195 5.89091350733412
2024-06-20T21:01:00.000 3339.544534752370 -5899.435161238350 410.860258370439 3.97975705015812 2.66868389299876 5.98534058272605
2024-06-20T21:05:00.000 4161.266630521420 -5051.622457746680 1814.764617943010 2.82612569425861 4.35300688136853 5.64207532729473
2024-06-20T21:09:00.000 4679.652226849630 -3835.545032861420 3086.018291389950 1.46758728185454 5.71872750100197 4.88686382008353
2024-06-20T21:13:00.000 4857.287957038870 -2340.150732301680 4131.937370643140 0.00402912576793 6.66654094601344 3.77600132034652
2024-06-20T21:17:00.000 4681.734735668870 -674.559283008744 4876.563606664870 -1.45770875977842 7.12861885132676 2.39158256932473
2024-06-20T21:21:00.000 4166.220582604510 1040.050374007800 5266.081318167200 -2.81181850190051 7.07275516391892 0.83486196668103
2024-06-20T21:25:00.000 3348.508250941170 2679.240843624830 5272.543588697450 -3.96085006114532 6.50408517441545 -0.78115589848452
2024-06-20T21:29:00.000 2288.068640820730 4124.227548106100 4895.731018742000 -4.82236817296190 5.46423181128953 -2.33975883249196
2024-06-20T21:33:00.000 1061.795782029440 5270.299685836850 4163.084869355990 -5.33441626904441 4.02818552368689 -3.72844286536452
2024-06-20T21:37:00.000 -241.446702795183 6034.280301848300 3127.770662864680 -5.45983796122502 2.29940573984892 -4.84661246569174
2024-06-20T21:41:00.000 -1527.162551548430 6360.555251889840 1864.940903083430 -5.18917846606720 0.40281950019852 -5.61275969339957
2024-06-20T21:45:00.000 -2702.034685306710 6225.218481269170 466.384030626780 -4.54172811604816 -1.52386733038967 -5.97068224368425
2024-06-20T21:49:00.000 -3680.738306667730 5637.940602959170 -966.128191685304 -3.56442387819357 -3.34029964451896 -5.89395400550835
2024-06-20T21:53:00.000 -4392.216340818080 4641.339312099930 -2328.302465376000 -2.32848534430339 -4.91402779257671 -5.38814596989517
2024-06-20T21:57:00.000 -4784.898361964310 3307.852599829590 -3521.006516067310 -0.92403585964986 -6.13057958446301 -4.49039958536262
2024-06-20T22:01:00.000 -4830.427692901860 1734.365154101400 -4457.530276032340 0.54684210720469 -6.90192667725700 -3.26638559474164
2024-06-20T22:05:00.000 -4525.623806926830 35.082814655794 -5069.845761090950 1.97770426196744 -7.17254434534261 -1.80511745857165
2024-06-20T22:09:00.000 -3892.619827322180 -1666.740510568660 -5313.448111957580 3.26528868556967 -6.92296239394093 -0.21242010814691
2024-06-20T22:13:00.000 -2977.226996068340 -3247.639499351950 -5170.491669230230 4.31665927611847 -6.17083776836597 1.39667340443532
2024-06-20T22:17:00.000 -1845.684234150750 -4592.729750445630 -4651.070607132300 5.05550951101303 -4.96965072130083 2.90566569804605
2024-06-20T22:21:00.000 -579.994111535140 -5603.955397006990 -3792.610438681820 5.42758899017004 -3.40541283214161 4.20466231328006
2024-06-20T22:25:00.000 727.893427082069 -6207.266119087080 -2657.323287489300 5.40482403695078 -1.59105815962990 5.19825174752264
2024-06-20T22:29:00.000 1982.715057347760 -6358.209250922160 -1327.850413069380 4.98796522903193 0.34115664695211 5.81276888846149
2024-06-20T22:33:00.000 3092.918424220660 -6045.427242878620 98.728713870541 4.20704825268273 2.24946109467041 6.00239128449266
2024-06-20T22:37:00.000 3977.496790728190 -5291.647596876410 1518.086139971440 3.11938554129365 3.99343732135183 5.75298112390876
2024-06-20T22:41:00.000 4572.058600826020 -4152.028372209610 2826.454603605960 1.80521701409373 5.44503257046030 5.08331207298687
2024-06-20T22:45:00.000 4833.596599199920 -2709.963060093640 3928.383630099320 0.36129071074600 6.49850324045945 4.04339522134943
2024-06-20T22:49:00.000 4743.546936215060 -1070.753444451890 4743.769946352580 -1.10676175950734 7.07809178821146 2.71025243949792
2024-06-20T22:53:00.000 4308.952451518010 646.259690268269 5213.630304936720 -2.49251220761197 7.14315958419174 1.18162940509125
2024-06-20T22:57:00.000 3561.744969346010 2316.418995351380 5304.180161084490 -3.69616056468356 6.69016196938387 -0.43145231477334
2024-06-20T23:01:00.000 2556.327962106180 3818.666681757960 5009.114119658520 -4.63129771255693 5.75243516964852 -2.01235831986375
2024-06-20T23:05:00.000 1365.641231761800 5044.154002990030 4349.980465963940 -5.23074737883299 4.39777943615730 -3.44696087694564
2024-06-20T23:09:00.000 75.964657031660 5903.987854433930 3374.626022826670 -5.45116361847017 2.72374715768252 -4.63148864042323
2024-06-20T23:13:00.000 -1219.212394679000 6335.627730723420 2153.831993311610 -5.27622999627203 0.85116279287592 -5.47974262253055
2024-06-20T23:17:00.000 -2425.905756342290 6307.516162732040 776.303682692808 -4.71824089367902 -1.08412952669037 -5.92954903485939
2024-06-20T23:21:00.000 -3456.484235556400 5821.516237248200 -657.737764809262 -3.81755738967272 -2.94121857963726 -5.94775268598033
2024-06-20T23:25:00.000 -4236.113007467950 4912.864966946460 -2043.889771550710 -2.63980140789335 -4.58467108458368 -5.53293247606005
2024-06-20T23:29:00.000 -4708.256706361150 3647.599974534330 -3281.262229827420 -1.27085352658424 -5.89487962413326 -4.71556060266408
2024-06-20T23:33:00.000 -4838.776628639630 2117.662153057780 -4279.875600267220 0.18971246170181 -6.77690363329878 -3.55547514633628
2024-06-20T23:37:00.000 -4618.333982166680 434.120690737602 -4967.181968233360 1.63608571526649 -7.16719018107440 -2.13714847358165
2024-06-20T23:41:00.000 -4062.967418040890 -1280.906226727930 -5293.237996802650 2.96385027414161 -7.03768360262554 -0.56332891627796
2024-06-20T23:45:00.000 -3212.879462373460 -2903.008871570620 -5234.232610702730 4.07720295655054 -6.39742371100283 1.05222774064058
2024-06-20T23:49:00.000 -2129.571438583960 -4314.360987763060 -4794.191995470820 4.89548403945092 -5.29192733202491 2.59265675413910
2024-06-20T23:53:00.000 -891.513223102149 -5412.156868065770 -4004.760444697800 5.35878695250278 -3.80018351695946 3.94597112651763
2024-06-20T23:57:00.000 411.402601547230 -6116.094795567630 -2923.087570872690 5.43249073645424 -2.02971966551002 5.01294394701605
2024-06-21T00:01:00.000 1684.327499918010 -6374.391831754740 -1627.841960001960 5.11024599593789 -0.10928089672005 5.71463274536883
2024-06-21T00:05:00.000 2834.404777693230 -6167.811071123880 -213.556331489506 4.41500578130377 1.82034490106867 5.99871660186213
2024-06-21T00:09:00.000 3777.702159714000 -5511.274571570650 1216.350573351230 3.39772096983441 3.61719199512710 5.84400586840258
2024-06-21T00:13:00.000 4445.497812760350 -4452.800168991220 2557.310003503360 2.13338320934364 5.14920271275954 5.26216374060957
2024-06-21T00:17:00.000 4789.387582917060 -3069.874589609930 3711.428321165430 0.71517480211047 6.30447139482219 4.29675418117843
2024-06-21T00:21:00.000 4784.779635878280 -1463.552377612420 4594.736918250920 -0.75296499233520 6.99966795993956 3.01941808678184
2024-06-21T00:25:00.000 4432.517126666860 249.130999493805 5143.265660537300 -2.16435794284496 7.18566502891698 1.52404436343727
2024-06-21T00:29:00.000 3758.601300170150 1943.759196962380 5317.522320949260 -3.41723107769571 6.85031505902100 -0.08053620791350
2024-06-21T00:33:00.000 2812.169516360740 3497.482114859120 5105.154145397490 -4.42165446165815 6.01863739348559 -1.67831429267308
2024-06-21T00:37:00.000 1661.916576509150 4797.726736982300 4521.725904558690 -5.10547745000540 4.75078138161598 -3.15394963766544
2024-06-21T00:41:00.000 391.207564667075 5750.205770656110 3609.612022517350 -5.41934579277336 3.13811919275028 -4.40070635293519
2024-06-21T00:45:00.000 -907.859618445480 6285.699510533530 2435.003455152960 -5.34029114030274 1.29697704078010 -5.32801816460766
2024-06-21T00:49:00.000 -2141.047231815120 6365.125299871020 1083.221920664140 -4.87362915458268 -0.63927666669233 -5.86804214446170
2024-06-21T00:53:00.000 -3218.814548425910 5982.517965309720 -347.408510349603 -4.05300607971141 -2.52974235534773 -5.98101717133141
2024-06-21T00:57:00.000 -4062.891752335930 5165.576817508470 -1752.743725923240 -2.93813211278983 -4.23656581631982 -5.65854165442910
2024-06-21T01:01:00.000 -4612.042118651740 3973.664715308250 -3030.486352853730 -1.61032650520478 -5.63542902977991 -4.92430350959501
2024-06-21T01:05:00.000 -4826.525506200920 2493.405342645020 -4087.703550822490 -0.16625422651543 -6.62487341694345 -3.83210981847698
2024-06-21T01:09:00.000 -4690.918436260190 832.282612509771 -4847.579037309260 1.28937716971268 -7.13352409809846 -2.46157878865741
2024-06-21T01:13:00.000 -4215.129774717840 -889.198315547337 -5254.911047372670 2.65142499935194 -7.12482055862482 -0.91209224920143
2024-06-21T01:17:00.000 -3433.617074717820 -2546.180481476760 -5280.012939728120 3.82164606145839 -6.59921532430946 0.70436177446718
2024-06-21T01:21:00.000 -2402.911893405170 -4018.355713890940 -4920.818469816890 4.71536680997744 -5.59395066632964 2.27090362000664
2024-06-21T01:25:00.000 -1197.643631907560 -5198.565498388260 -4203.103299776150 5.26736857169600 -4.18079387616703 3.67376788716010
2024-06-21T01:29:00.000 94.735789167484 -6000.571022153900 -3178.763001064120 5.43668070031071 -2.46135203467859 4.81034048784198
2024-06-21T01:33:00.000 1380.200321776540 -6365.458513856470 -1922.226427585040 5.20993979746028 -0.56044042219437 5.59668506569579
2024-06-21T01:37:00.000 2565.013595828860 -6266.183403937310 -525.137167948842 4.60299202844510 1.38282856216131 5.97426254781146
2024-06-21T01:41:00.000 3562.696127383010 -5709.766265439330 910.370026755975 3.66013807001475 3.22552833905481 5.91482641663019
2024-06-21T01:45:00.000 4300.514212968470 -4736.868893823650 2279.293641349340 2.45087808475531 4.83209719054366 5.42291191606703
2024-06-21T01:49:00.000 4724.905790208050 -3418.726447720870 3481.642307621520 1.06439657820286 6.08498263287548 4.53541072383121
2024-06-21T01:53:00.000 4805.373533779900 -1851.713965211750 4429.860814379240 -0.39756919032116 6.89351703236411 3.31831712527995
2024-06-21T01:57:00.000 4536.562201680220 -150.089664024700 5055.194332257220 -1.82853354793377 7.20015857616478 1.86127791023642
2024-06-21T02:01:00.000 3938.453282974630 1562.445928720000 5312.557989971490 -3.12513707948414 6.98410331621717 0.27058844723167
2024-06-21T02:05:00.000 3054.740700669910 3161.694565337930 5183.594545542450 -4.19423786662443 6.26193407240601 -1.33859657644961
2024-06-21T02:09:00.000 1949.611707200550 4531.794110170360 4677.859066760040 -4.95915117443562 5.08608685920066 -2.85017190900566
2024-06-21T02:13:00.000 703.164862138300 5573.421178601500 3832.096633154640 -5.36471614054715 3.54120396094305 -4.15492611578783
2024-06-21T02:17:00.000 -594.261099431035 6210.911864432370 2707.677569844390 -5.38133961376419 1.73870541042446 -5.15811544387657
2024-06-21T02:21:00.000 -1848.560839891560 6397.801101536540 1386.261064791720 -5.00745416481071 -0.19094140238848 -5.78646618021358
2024-06-21T02:25:00.000 -2968.674485286390 6120.312790516620 -36.060446827240 -4.26991298237260 -2.10744546674956 -5.99378249806722
2024-06-21T02:29:00.000 -3873.253187940140 5398.485811894140 -1455.758488560040 -3.22231368036616 -3.87109758197239 -5.76472965624745
2024-06-21T02:33:00.000 -4496.644937317490 4284.751200741310 -2769.479762272600 -1.94103909617296 -5.35337994710732 -5.11608182700955
2024-06-21T02:37:00.000 -4793.702860050270 2860.064010307160 -3881.645637854410 -0.51947431846290 -6.44662298045141 -4.09543188793588
2024-06-21T02:41:00.000 -4743.017019763630 1227.901747010450 -4711.430555973650 0.93920978401522 -7.07188949068511 -2.77728801345243
2024-06-21T02:45:00.000 -4348.360934212060 -493.310247012260 -5198.561654137740 2.32958435541906 -7.18423139226398 -1.25734051361995
2024-06-21T02:49:00.000 -3638.335765447140 -2178.739708288130 -5307.583440860750 3.55136990461469 -6.77545226919565 0.35451533060641
2024-06-21T02:53:00.000 -2664.302185698000 -3706.057917125790 -5030.364541718390 4.51627539254312 -5.87448624106551 1.94178985310775
2024-06-21T02:57:00.000 -1496.756303748010 -4964.166227670370 -4386.723499022010 5.15404514045126 -4.54548928188482 3.38938374023629
2024-06-21T03:01:00.000 -220.374391025457 -5861.216859045900 -3423.140669268240 5.41754597181222 -2.88388225295277 4.59154582000053
2024-06-21T03:05:00.000 1072.034060764210 -6331.406375796360 -2209.569072725680 5.28662046444365 -1.01003882031304 5.45967340633308
2024-06-21T03:09:00.000 2286.271881368870 -6339.991098784890 -834.460982111001 4.77002167833969 0.93914235077717 5.92924906063756
2024-06-21T03:13:00.000 3333.721758247020 -5886.063166382390 601.691598657574 3.90526861587530 2.82041682550791 5.96517868844649
2024-06-21T03:17:00.000 4137.983763942800 -5002.742533621120 1993.833211369160 2.75601197847027 4.49532330092742 5.56481479393650
2024-06-21T03:21:00.000 4640.593795666030 -3754.709169666230 3240.225642368600 1.40706171562082 5.84106671725029 4.75824553551646
2024-06-21T03:25:00.000 4805.310802846460 -2233.262888482460 4250.036005238000 -0.04244962245228 6.75998449794873 3.60557598834564
2024-06-21T03:29:00.000 4620.636748664790 -549.413737404143 4949.969007792240 -1.48676655809552 7.18640230263865 2.19185509004152
2024-06-21T03:33:00.000 4100.465663718810 1174.346145650210 5289.483194069240 -2.82134181637827 7.09078156026431 0.62044284237389
2024-06-21T03:37:00.000 3282.888520906580 2812.942610430610 5244.274623144830 -3.95022012162195 6.48114990995756 -0.99471581252912
2024-06-21T03:41:00.000 2227.349143193730 4247.648063919830 4817.862115168300 -4.79241889310695 5.40200936898435 -2.53701915807206
2024-06-21T03:45:00.000 1010.372746254460 5374.495219703400 4041.275224980050 -5.28737880245761 3.93115837062503 -3.89513296661074
2024-06-21T03:49:00.000 -279.862896599402 6111.682682627590 2970.861416147410 -5.39913748639189 2.17450201949596 -4.97062944762966
2024-06-21T03:53:00.000 -1549.797499524220 6405.521724887490 1684.330067366340 -5.11916109388720 0.25907054569590 -5.68503969749181
2024-06-21T03:57:00.000 -2707.246593560080 6234.461015853750 275.207919824567 -4.46743566807952 -1.67599053045160 -5.98589822673372
2024-06-21T04:01:00.000 -3668.145941872740 5610.780567772190 -1153.951341215330 -3.49125773313375 -3.48966670686489 -5.85096418850644
2024-06-21T04:05:00.000 -4362.740116734820 4579.761100832470 -2499.095965991630 -2.26182023027946 -5.04972755519792 -5.29009759869422
2024-06-21T04:09:00.000 -4740.696569954330 3216.345203325670 -3662.342094403170 -0.86873125123401 -6.24277732161151 -4.34446971294420
2024-06-21T04:13:00.000 -4774.723273818250 1619.582739339730 -4559.128749077010 0.58681554317545 -6.98250957924811 -3.08319381921957
2024-06-21T04:17:00.000 -4462.463795628720 -94.639790799639 -5124.315697367540 1.99949892134772 -7.21571763570619 -1.59795297929966
2024-06-21T04:21:00.000 -3826.571664348000 -1801.994021084690 -5316.802819156480 3.26743020308129 -6.92558302431626 0.00380249977522
2024-06-21T04:25:00.000 -2913.046507759100 -3378.592258555430 -5122.425777870310 4.29905216120871 -6.13256266365411 1.60635110432022
2024-06-21T04:29:00.000 -1787.985778066600 -4709.818564896730 -4554.999764657470 5.01942084290107 -4.89305915940136 3.09358881809837
2024-06-21T04:33:00.000 -532.933978089246 -5698.573949846480 -3655.444149825490 5.37554722438439 -3.29586859826482 4.35708555036947
2024-06-21T04:37:00.000 760.904848918049 -6272.404668687210 -2488.991964022500 5.34048083628124 -1.45643042883950 5.30391955114240
2024-06-21T04:41:00.000 1999.256258386740 -6388.996305292520 -1140.599797973080 4.91588705435529 0.49101792851819 5.86375629987828
2024-06-21T04:45:00.000 3091.755131305690 -6039.522385423100 291.222321808573 4.13250192602758 2.40346461790428 5.99480965031822
2024-06-21T04:49:00.000 3958.699497424710 -5249.427109120030 1701.738354975560 3.04789913377539 4.14018442348255 5.68734100640677
2024-06-21T04:53:00.000 4537.006121557080 -4076.551486455400 2987.831935543210 1.74208064946948 5.57370884048484 4.96448358410503
2024-06-21T04:57:00.000 4784.866116844810 -2606.733608699010 4055.706376705830 0.31114306218143 6.59968397011782 3.88020263369434
2024-06-21T05:01:00.000 4684.711785731480 -947.292797064181 4827.777609855720 -1.14031266268650 7.14448343915719 2.51469219428083
2024-06-21T05:05:00.000 4244.311942400090 780.973468969021 5248.228157415910 -2.50704795863482 7.16997718000155 0.96796248521019
2024-06-21T05:09:00.000 3496.015424348420 2452.601068966470 5286.877820292460 -3.69065474606330 6.67552098448447 -0.64764506281564
2024-06-21T05:13:00.000 2494.292564510860 3946.443400743060 4941.195932866860 -4.60621720061536 5.69746439477181 -2.21540675092988
2024-06-21T05:17:00.000 1311.801204799150 5154.267584686390 4236.390030442440 -5.18794742859682 4.30644629725884 -3.62220134736114
2024-06-21T05:21:00.000 34.222665339022 5988.450159003130 3223.611868485280 -5.39376291090751 2.60260613983038 -4.76619705143341
2024-06-21T05:25:00.000 -1245.835895219830 6388.299925522120 1976.373141266150 -5.20841782335208 0.70900588064797 -5.56406022236448
2024-06-21T05:29:00.000 -2435.493499989690 6324.567822062680 585.309528793387 -4.64494856069518 -1.23700571719512 -5.95732652450260
2024-06-21T05:33:00.000 -3448.352788966750 5801.703176599440 -848.362447156350 -3.74409654825051 -3.09365728037875 -5.91691165274618
2024-06-21T05:37:00.000 -4210.871532287960 4857.638252148140 -2220.262662955960 -2.57155293212007 -4.72554298562286 -5.44573820181439
2024-06-21T05:41:00.000 -4667.766141857840 3560.989587453700 -3430.546800807640 -1.21280195392455 -6.01394982687510 -4.57840935870720
2024-06-21T05:45:00.000 -4786.005897049210 2005.971068788430 -4391.218931409810 0.23337770591537 -6.86557651408313 -3.37838204498292
2024-06-21T05:49:00.000 -4557.131972239110 305.458428813825 -5032.491274858630 1.66226853680795 -7.21908354160038 -1.93295275360079
2024-06-21T05:53:00.000 -3997.775179414250 -1417.203419958840 -5307.752096754950 2.97073292477141 -7.04902555137298 -0.34679871633289
2024-06-21T05:57:00.000 -3148.406721635280 -3037.043885460370 -5196.858423505800 4.06437073667148 -6.36731982085463 1.26548454398674
2024-06-21T06:01:00.000 -2070.463373508020 -4436.367195809230 -4707.580467039830 4.86387467163692 -5.22236499398442 2.78720351235711
2024-06-21T06:05:00.000 -842.034377899447 -5513.193959578900 -3875.144658854710 5.31063026180606 -3.69604451635815 4.10758867380342
2024-06-21T06:09:00.000 447.667414816834 -6188.711909203320 -2759.855246704690 5.37118354990477 -1.89846642662226 5.12971701287245
2024-06-21T06:13:00.000 1704.731185060770 -6413.196905560810 -1442.873694259190 5.04018226872156 0.03949528705502 5.77785457333884
2024-06-21T06:17:00.000 2837.446541574910 -6169.892077089510 -20.358868174318 4.34125824539086 1.97570651502191 6.00363056859973
2024-06-21T06:21:00.000 3763.140354037470 -5476.435484152770 1403.640210418580 3.32569845057180 3.76756674162553 5.79016362057897
2024-06-21T06:25:00.000 4414.406034129420 -4383.594193944480 2724.990400105910 2.06852600887034 5.28346446684519 5.15363004840917
2024-06-21T06:29:00.000 4744.079335616840 -2971.367813919380 3847.269961030570 0.66228293719907 6.41290268468305 4.14161050999567
2024-06-21T06:33:00.000 4728.603124120830 -1342.923400533990 4688.865389977540 -0.79010910216824 7.07447657207623 2.82908298170954
2024-06-21T06:37:00.000 4369.591620248220 383.114261890693 5188.860366563950 -2.18311941188518 7.22147684382910 1.31240230031299
2024-06-21T06:41:00.000 3693.524165535690 2081.373746487240 5311.294368314840 -3.41630110811458 6.84458181017889 -0.29812494163490
2024-06-21T06:45:00.000 2749.682350825710 3628.746507422590 5047.572730462620 -4.40113918488919 5.97177918894252 -1.88606062803792
2024-06-21T06:49:00.000 1606.563530162360 4913.123882680460 4416.987367201160 -5.06691510027505 4.66621495241439 -3.33679489837501
2024-06-21T06:53:00.000 347.002648608759 5841.363715564790 3465.325836134970 -5.36557409139684 3.02190149929228 -4.54540953461842
2024-06-21T06:57:00.000 -937.713397233855 6345.985400646180 2261.658342069090 -5.27519667502198 1.15750196504071 -5.42398033250325
2024-06-21T07:01:00.000 -2154.388974407920 6390.152636313100 893.437293049981 -4.80197098778130 -0.79182524715254 -5.90824283705232
2024-06-21T07:05:00.000 -3214.692216815320 5970.468791347740 -539.815257285900 -3.98002020333087 -2.68427827854455 -5.96252777090236
2024-06-21T07:09:00.000 -4041.628285886820 5117.332420123710 -1933.760331168580 -2.86915440875938 -4.38180525535013 -5.58270148266029
2024-06-21T07:13:00.000 -4575.215145722840 3892.747482008220 -3186.938987981510 -1.55039860393625 -5.76080784768157 -4.79670346082476
2024-06-21T07:17:00.000 -4776.845708081400 2385.706680177220 -4208.221716040460 -0.11972304879903 -6.72132686917791 -3.66209341368253
2024-06-21T07:21:00.000 -4632.020958251240 705.623196691898 -4923.414466430050 1.31920638739578 -7.19412036595938 -2.26150234745545
2024-06-21T07:25:00.000 -4151.298935386820 -1025.632073912220 -5280.552861006670 2.66246882987216 -7.14517686753921 -0.69642144575004
2024-06-21T07:29:00.000 -3369.479495630550 -2682.487493467970 -5253.576875313160 3.81315128335564 -6.57779663007114 0.92003490158316
2024-06-21T07:33:00.000 -2343.105255839910 -4144.624700883980 -4844.189251067450 4.68799398326621 -5.53220207030499 2.47096325006801
2024-06-21T07:37:00.000 -1146.488607008940 -5305.578404021780 -4081.806595416390 5.22306892776455 -4.08302786457163 3.84364885802330
2024-06-21T07:41:00.000 133.528968092997 -6080.476376339910 -3021.593884726630 5.37858212325658 -2.33459746386875 4.93754430539738
2024-06-21T07:45:00.000 1403.801715267820 -6412.369505330740 -1740.629015992860 5.14220625348236 -0.41393537555117 5.67177109170374
2024-06-21T07:49:00.000 2571.691272581870 -6276.634057089960 -332.378824600426 4.53056875880932 1.53826995660917 5.99159992968649
2024-06-21T07:53:00.000 3551.964492751330 -5682.986408707230 1100.186568194430 3.58838580169302 3.37842018987552 5.87312650479549
2024-06-21T07:57:00.000 4273.177464192780 -4674.836830364860 2452.284813910830 2.38512094762148 4.97115230138524 5.32528064609283
2024-06-21T08:01:00.000 4683.006599228260 -3326.017213232130 3625.185118712160 1.00955833563407 6.20002681651970 4.38918339619674
2024-06-21T08:05:00.000 4752.036505096580 -1735.119570488810 4533.531741675790 -0.43746619459801 6.97633796810088 3.13433936978409
2024-06-21T08:09:00.000 4475.732319870010 -18.089962764526 5111.502935339280 -1.85072533702072 7.24495134003259 1.65296131129863
2024-06-21T08:13:00.000 3874.583517240420 1700.283210949010 5317.444532231750 -3.12814180280750 6.98766176596055 0.05299048574769
2024-06-21T08:17:00.000 2992.479810960920 3295.380296000550 5136.717434531250 -4.17791731414936 6.22398253790287 -1.54975059793663
2024-06-21T08:21:00.000 1893.480025101730 4651.627714355350 4582.616087480570 -4.92470257581786 5.00929688742163 -3.03960877813539
2024-06-21T08:25:00.000 657.237629761933 5670.689874899910 3695.393953009790 -5.31464741369009 3.43108738537476 -4.30887071539410
2024-06-21T08:29:00.000 -626.652343891067 6278.526190444110 2539.443894795160 -5.31929015785362 1.60320337723431 -5.26531275547102
2024-06-21T08:33:00.000 -1865.061560530760 6430.821161691670 1198.735446787700 -4.93788802511571 -0.34194927570741 -5.83904103905900
2024-06-21T08:37:00.000 -2968.082806722200 6116.332913199540 -229.221725321434 -4.19792305275003 -2.26287409606335 -5.98788999118512
2024-06-21T08:41:00.000 -3855.624287085270 5357.809793945240 -1640.493646270060 -3.15320349904273 -4.01959927677502 -5.70083941693668
2024-06-21T08:45:00.000 -4463.288065554300 4210.358215524150 -2932.353152877450 -1.87988770350590 -5.48414462367780 -4.99892068258124
2024-06-21T08:49:00.000 -4747.077489496320 2757.379027564620 -4010.832605183320 -0.47072787778940 -6.55019497296045 -3.93359801673399
2024-06-21T08:53:00.000 -4686.543395399340 1104.391540314800 -4797.570978575430 0.97204154280367 -7.14081749008691 -2.58258913617497
2024-06-21T08:57:00.000 -4286.162730442320 -628.684118846076 -5235.424051510810 2.34417501401385 -7.21356846126002 -1.04388341518747
2024-06-21T09:01:00.000 -3574.940287264240 -2316.161109876910 -5292.503203553910 3.54670214815408 -6.76306988093882 0.57128800911197
2024-06-21T09:05:00.000 -2604.316623318770 -3835.555046182830 -4964.434199087280 4.49270006568660 -5.82122157377436 2.14618399052466
2024-06-21T09:09:00.000 -1444.538515423260 -5076.323768974300 -4274.728354693480 5.11328730757028 -4.45512069981379 3.56651051793726
2024-06-21T09:13:00.000 -179.715980695318 -5947.857130380960 -3273.230559643220 5.36255878668796 -2.76289739733999 4.72842892515731
2024-06-21T09:17:00.000 1098.175193744720 -6386.197222963120 -2032.679068528660 5.22136459950428 -0.86724365803160 5.54622619721080
2024-06-21T09:21:00.000 2295.988403064170 -6358.931162400950 -643.520721971911 4.69924677547507 1.09325498211464 5.95904730819927
2024-06-21T09:25:00.000 3326.310939183890 -5867.794909711590 792.706577485761 3.83421203501178 2.97444847381692 5.93600742023506
2024-06-21T09:29:00.000 4114.019547318180 -4948.655660171300 2170.951394021710 2.68998746930507 4.63795341727913 5.47891599417538
2024-06-21T09:33:00.000 4601.881535974540 -3668.810186878860 3390.523225710950 1.35094850147586 5.96192218974560 4.62203781684856
2024-06-21T09:37:00.000 4754.741859619930 -2121.861686771980 4362.583885344510 -0.08454011331399 6.85037450503571 3.42915270302139
2024-06-21T09:41:00.000 4561.960799367330 -420.637759871165 5016.622491464290 -1.51184848765373 7.23996048126280 1.98816758853782
2024-06-21T09:45:00.000 4037.985839773390 1311.158816056240 5305.440173240360 -2.82780159540924 7.10379708627945 0.40420295576056
2024-06-21T09:49:00.000 3221.137584569470 2947.885711172160 5208.377605772860 -3.93773826807976 6.45262880929564 -1.20798269374271
2024-06-21T09:53:00.000 2170.784620622150 4370.924978642540 4732.684053275770 -4.76194361554472 5.33387776971426 -2.73194102590061
2024-06-21T09:57:00.000 963.076799573166 5477.115738826300 3912.949281325680 -5.24106673150744 3.82818050173011 -4.05756979912882
2024-06-21T10:01:00.000 -314.459306442586 6186.125736875400 2808.668112137100 -5.34025584179064 2.04409271292490 -5.08868001090170
2024-06-21T10:05:00.000 -1569.169009984000 6446.304256945770 1500.038701618630 -5.05193305562684 0.11069442231732 -5.74999246783538
2024-06-21T10:09:00.000 -2709.963980895860 6238.558484365120 82.226097528405 -4.39673346399780 -1.83142683308903 -5.99291460898915
2024-06-21T10:13:00.000 -3653.997244822950 5577.870025081900 -1341.571604016010 -3.42227329605570 -3.64073303074126 -5.79955225565782
2024-06-21T10:17:00.000 -4332.749221399990 4512.231688474800 -2667.706182273250 -2.19959501482059 -5.18538650868977 -5.18407098345606
2024-06-21T10:21:00.000 -4697.044520976830 3119.110947048040 -3799.693839291360 -0.81781472009178 -6.35314900667652 -4.19161178221296
2024-06-21T10:25:00.000 -4720.590839625470 1499.713979032470 -4655.263326895520 0.62270615866814 -7.05961951770592 -2.89467425031655
2024-06-21T10:29:00.000 -4401.790974191160 -228.440969528439 -5172.276096838470 2.01778052939355 -7.25400826744633 -1.38746563998013
2024-06-21T10:33:00.000 -3763.770107210640 -1940.021854608360 -5313.126304858610 3.26678294756108 -6.92230115103741 0.22100923559090
2024-06-21T10:37:00.000 -2852.679571931760 -3510.834963300300 -5067.388888778150 4.27953673463088 -6.08792186274366 1.81454265085396
2024-06-21T10:41:00.000 -1734.438129097710 -4826.672557970300 -4452.602399347630 4.98244936232244 -4.81022594167545 3.27765720828209
2024-06-21T10:45:00.000 -490.102182771503 -5791.532940904910 -3513.134807142540 5.32375571929186 -3.18078731575326 4.50356024284072
2024-06-21T10:49:00.000 789.894187958689 -6334.695356124470 -2317.156163998160 5.27763591185813 -1.31751907389443 5.40197274388880
2024-06-21T10:53:00.000 2012.294101117980 -6416.093644331450 -951.802449977560 4.84661923760406 0.64358058506271 5.90618007919947
2024-06-21T10:57:00.000 3087.901586375200 -6029.481248465870 483.170934647518 4.06187570068889 2.55847147750770 5.97848274773039
2024-06-21T11:01:00.000 3938.256513298940 -5203.040101970680 1882.798674851870 2.98114876588339 4.28618690908450 5.61350938849484
2024-06-21T11:05:00.000 4501.514055969110 -3997.284905520220 3144.787885636320 1.68420843836206 5.70004297928933 4.83871049602442
2024-06-21T11:09:00.000 4736.984730980410 -2500.430933091530 4177.144067653220 0.26639319311578 6.69730302016000 3.71182093708501
2024-06-21T11:13:00.000 4627.994940482640 -821.725755849919 4904.901051478030 -1.16875701815056 7.20645277818872 2.31605279797534
2024-06-21T11:17:00.000 4182.932924055300 916.675918070658 5275.477070933350 -2.51725275202936 7.19198668874414 0.75350474855368
2024-06-21T11:21:00.000 3434.440153305070 2588.611304898660 5262.297239031390 -3.68211091466292 6.65605291742433 -0.86250830082577
2024-06-21T11:25:00.000 2436.955360364720 4072.901523951470 4866.543740028190 -4.57966298182800 5.63777686820804 -2.41529032278077
2024-06-21T11:29:00.000 1262.819958445420 5261.956632630200 4117.025485664450 -5.14528614025414 4.21064094214895 -3.79264884126284
2024-06-21T11:33:00.000 -2.875116770632 6069.466479584460 3068.144491254370 -5.33797401336810 2.47748652324490 -4.89475651206618
2024-06-21T11:37:00.000 -1268.351769986300 6436.654387450530 1796.058566128030 -5.14340669490771 0.56360521623351 -5.64126282832132
2024-06-21T11:41:00.000 -2441.758416684820 6336.650421791580 393.250192504420 -4.57536423110586 -1.39199077530101 -5.97737896084620
2024-06-21T11:45:00.000 -3437.878497303400 5776.580328398550 -1038.184408976660 -3.67503986615234 -3.24680916081336 -5.87833289485883
2024-06-21T11:49:00.000 -4184.393551454980 4797.110042267930 -2394.032523022740 -2.50806899118132 -4.86562535645123 -5.35138041623846
2024-06-21T11:53:00.000 -4627.191285733530 3469.445653631900 -3575.631659575720 -1.15953257732883 -6.13075226180842 -4.43519348092562
2024-06-21T11:57:00.000 -4734.270809762250 1890.057243525480 -4497.082541159290 0.27254375481062 -6.95062041939821 -3.19675079150657
2024-06-21T12:01:00.000 -4497.984949164990 173.588163366338 -5091.453315093270 1.68449406557773 -7.26620339836667 -1.72612215295295
2024-06-21T12:05:00.000 -3935.499886434550 -1555.460205103130 -5315.539567214770 2.97441491218926 -7.05479729697416 -0.12977025948605
2024-06-21T12:09:00.000 -3087.515209647900 -3171.649885662890 -5152.909489507430 4.04922738413953 -6.33130685059802 1.47696923627692
2024-06-21T12:13:00.000 -2015.369586050970 -4557.542802670110 -4615.086003830280 4.83099367611906 -5.14712986910517 2.97779543431971
2024-06-21T12:17:00.000 -796.736009414677 -5612.119089163470 -3740.825661866920 5.26237647052525 -3.58697426957468 4.26339452248951
2024-06-21T12:21:00.000 479.876611614717 -6258.164299620260 -2593.492782656370 5.31101514215607 -1.76343039089330 5.23928253905705
2024-06-21T12:25:00.000 1721.495296127070 -6448.098715303230 -1256.615811903870 4.97242739327958 0.19059150158462 5.83304335505310
2024-06-21T12:29:00.000 2837.537987140520 -6167.716836298570 172.167410225278 4.27095155226434 2.13167911093908 6.00036327352605
2024-06-21T12:33:00.000 3746.575706073780 -5437.385310116610 1588.354297158710 3.25805881183495 3.91700013643035 5.72874256666789
2024-06-21T12:37:00.000 4382.426710157300 -4310.567791381540 2888.400537129380 2.00850334555281 5.41542359508985 5.03862444925813
2024-06-21T12:41:00.000 4699.060112972850 -2869.748529539170 3977.466880944860 0.61431628977630 6.51777467674509 3.98156546271671
2024-06-21T12:45:00.000 4673.879943935710 -1220.155345176500 4776.401139462350 -0.82252938316633 7.14480924360980 2.63579729621345
2024-06-21T12:49:00.000 4309.188742506000 518.097126004680 5227.403855647920 -2.19776384528302 7.25233058709511 1.09990028662373
2024-06-21T12:53:00.000 3631.845265217080 2218.779062146650 5298.062446899560 -3.41225727089135 6.83380248370966 -0.51446925893134
2024-06-21T12:57:00.000 2691.181619257000 3758.614621272210 4983.518364107790 -4.37888477329112 5.92010659884352 -2.09068566579359
2024-06-21T13:01:00.000 1555.432105705300 5026.009113496290 4306.715531310300 -5.02812585103663 4.57718313343535 -3.51498081765610
2024-06-21T13:05:00.000 306.905493757869 5928.997920593890 3316.783061802100 -5.31294642002023 2.90177839899266 -4.68418949604717
2024-06-21T13:09:00.000 -963.879293838553 6401.904283007690 2085.585901679330 -5.21241193867211 1.01493280241617 -5.51319355344957
2024-06-21T13:13:00.000 -2164.703016874510 6410.185683246590 702.604835553513 -4.73344301715452 -0.94646351330043 -5.94124408904759
2024-06-21T13:17:00.000 -3208.361487402960 5953.079111328470 -731.524634021375 -3.91069411720859 -2.83955664767990 -5.93678682240304
2024-06-21T13:21:00.000 -4019.073548638120 5063.744992154300 -2112.390985803270 -2.80410765864818 -4.52632701436987 -5.50012061402082
2024-06-21T13:25:00.000 -4538.043632642480 3806.835057138320 -3339.492583242220 -1.49439004653019 -5.88401305000999 -4.66330888885608
2024-06-21T13:29:00.000 -4727.734791280320 2273.698366803600 -4323.602586266370 -0.07684183702169 -6.81426428526009 -3.48760684994743
2024-06-21T13:33:00.000 -4574.514880689990 575.641993326818 -4993.229965254820 1.34586143407153 -7.25004332538916 -2.05859063891747
2024-06-21T13:37:00.000 -4089.545739711890 -1164.156364890110 -5299.714953982940 2.67099954187535 -7.16000206539456 -0.47978742285290
2024-06-21T13:41:00.000 -3307.926028985400 -2819.490798708620 -5220.665724222600 3.80296218723385 -6.55035334325907 1.13470461051077
2024-06-21T13:45:00.000 -2286.186731832160 -4270.128079760010 -4761.560925293010 4.65978872667695 -5.46438218740253 2.66807337413479
2024-06-21T13:49:00.000 -1098.312662386310 -5410.415155791890 -3955.434449565140 5.17885489305093 -3.97966036113806 4.00883781721696
2024-06-21T13:53:00.000 169.476135466175 -6156.956678308720 -2860.645543464280 5.32149319216302 -2.20309219858808 5.05870367879355
2024-06-21T13:57:00.000 1424.901167557280 -6454.852140881070 -1556.822985423920 5.07631125676853 -0.26386976803258 5.73989617604420
2024-06-21T14:01:00.000 2576.391199948560 -6281.970073419650 -139.142398219287 4.46063872204467 1.69583167810306 6.00156081227737
2024-06-21T14:05:00.000 3539.911972486320 -5650.777920848940 1288.713355424370 3.51958706377146 3.53178196425179 5.82417007995015
2024-06-21T14:09:00.000 4245.267235721400 -4607.462296509960 2622.319884241170 2.32259434485441 5.10905460901725 5.22110557934782
2024-06-21T14:13:00.000 4641.308435833360 -3228.418284518530 3764.324271285000 0.95788918966430 6.31245158873608 4.23748676464395
2024-06-21T14:17:00.000 4699.626710075810 -1614.435192649660 4631.650891196900 -0.47451974239261 7.05512826045073 2.94631475440150
2024-06-21T14:21:00.000 4416.462556084930 116.878451944579 5161.496531327270 -1.87050018302179 7.28449797860462 1.44239521681881
2024-06-21T14:25:00.000 3812.789530739350 1839.731938499630 5315.715186698170 -3.12929063181306 6.98523843227871 -0.16485724053726
2024-06-21T14:29:00.000 2932.656593572500 3429.202120249010 5083.405787980050 -4.16046528183950 6.17979810921361 -1.75914580931990
2024-06-21T14:33:00.000 1839.952749197390 4770.119474094720 4481.590748586920 -4.89001869541907 4.92648790654307 -3.22541058256523
2024-06-21T14:37:00.000 613.859545568001 5765.236717414180 3553.978551185300 -5.26526852011426 3.31555172842300 -4.45760616047900
2024-06-21T14:41:00.000 -656.759043746062 6342.223640887510 2367.893748043020 -5.25873435752954 1.46322166971720 -5.36615436406592
2024-06-21T14:45:00.000 -1879.722511323960 6458.990567990940 1009.510235165470 -4.87050407611625 -0.49623040703130 -5.88457972500847
2024-06-21T14:49:00.000 -2966.232473151330 6106.876927531910 -422.356870605987 -4.12854706006936 -2.42020969189549 -5.97471781875112
2024-06-21T14:53:00.000 -3837.389025519980 5311.385643260280 -1823.468899595690 -3.08687967639202 -4.16842808980020 -5.62986779702642
2024-06-21T14:57:00.000 -4429.993473566650 4130.336687726500 -3091.841572133320 -1.82148835272187 -5.61358880106422 -4.87537484703333
2024-06-21T15:01:00.000 -4701.150587235350 2649.573099739760 -4135.229717802800 -0.42449454087946 -6.65088570330477 -3.76650453448975
2024-06-21T15:05:00.000 -4631.320430387110 976.620807146024 -4877.827339771660 1.00281812355469 -7.20549195038001 -2.38407904356541
2024-06-21T15:09:00.000 -4225.633469834200 -767.156639930148 -5265.686341049830 2.35736485706408 -7.23752080321679 -0.82829965524040
2024-06-21T15:13:00.000 -3513.456512898740 -2455.280809249990 -5270.527065557220 3.54142929931640 -6.74444929355675 0.78838527594381
2024-06-21T15:17:00.000 -2546.286770464310 -3965.181363613200 -4891.751106956610 4.46935742820469 -5.76117775445555 2.34906716375457
2024-06-21T15:21:00.000 -1394.130550443870 -5186.959079712540 -4156.555866633960 5.07348641599417 -4.35785441736248 3.74037548648021
2024-06-21T15:25:00.000 -140.565614792901 -6031.355090320270 -3118.113407195340 5.30910209164676 -2.63538404777617 4.86053655774397
2024-06-21T15:29:00.000 1123.227735779440 -6436.364491447850 -1851.878704750430 5.15803787328363 -0.71869406883658 5.62680320986583
2024-06-21T15:33:00.000 2305.103588369590 -6371.998055583540 -450.213974590013 4.63056263706218 1.25196164702782 5.98202084381505
2024-06-21T15:37:00.000 3318.794884582990 -5842.727872189460 984.388394449687 3.76515693826878 3.13153789000148 5.89956677529204
2024-06-21T15:41:00.000 4090.398234242390 -4887.257110740670 2346.981590526310 2.62567421589549 4.78174021820024 5.38574168477626
2024-06-21T15:45:00.000 4563.883284812570 -3575.573165650260 3538.039574151900 1.29620262149680 6.08183801191133 4.47907932312826
2024-06-21T15:49:00.000 4705.166429183310 -2003.599494712430 4470.842548806250 -0.12568134636958 6.93774435584849 3.24698790820597
2024-06-21T15:53:00.000 4504.450525727880 -285.965910427644 5077.770064754870 -1.53643764099263 7.28851222894680 1.78014636739802
2024-06-21T15:57:00.000 3976.749231018560 1452.447193090780 5315.066446628430 -2.83407697490762 7.11006740113456 0.18550883069876
2024-06-21T16:01:00.000 3160.647397217730 3085.541864598670 5165.824444647540 -3.92529387472681 6.41628977223775 -1.42148139645874
2024-06-21T16:05:00.000 2115.443425782890 4494.982956256760 4641.068131391920 -4.73174973647531 5.25758503243410 -2.92481021876542
2024-06-21T16:09:00.000 916.901123649300 5578.593994759540 3778.940633947910 -5.19534962941022 3.71744870079386 -4.21581952767836
2024-06-21T16:13:00.000 -348.124002907714 6257.674751894600 2642.016797212930 -5.28234989098154 1.90693773856410 -5.20078411495063
2024-06-21T16:17:00.000 -1587.889106696930 6482.750599918580 1312.875912491640 -4.98606683123283 -0.04288089922564 -5.80777060700442
2024-06-21T16:21:00.000 -2712.400306051440 6237.287973287890 -111.822972945902 -4.32773268736019 -1.99024435766768 -5.99217065237724
2024-06-21T16:25:00.000 -3640.002008985980 5539.013369611070 -1528.380144912550 -3.35519161201824 -3.79320951903774 -5.74033162414193
2024-06-21T16:29:00.000 -4303.384234224860 4438.664480762600 -2833.681602234740 -2.13939056161602 -5.32040384892055 -5.07076368441694
2024-06-21T16:33:00.000 -4654.503608511470 3016.224646148770 -3932.784496929420 -0.76888358663788 -6.46098766616779 -4.03256386082611
2024-06-21T16:37:00.000 -4668.019253562630 1375.002041299760 -4745.825586722930 0.65686900845288 -7.13257545192136 -2.70147885576800
2024-06-21T16:41:00.000 -4343.039863816890 -365.930135724354 -5213.752650289620 2.03482909784112 -7.28688703595373 -1.17408637853792
2024-06-21T16:45:00.000 -3703.101746224390 -2080.320596177740 -5302.497557595740 3.26563465745704 -6.91267070568614 0.43921756559796
2024-06-21T16:49:00.000 -2794.467200479240 -3643.743174991540 -5005.387991511040 4.26034934351730 -6.03630232272275 2.02183595125919
2024-06-21T16:53:00.000 -1682.870387517330 -4942.475537775700 -4343.682015542390 4.94659000479491 -4.72013918268443 3.45895924253511
2024-06-21T16:57:00.000 -448.900221785455 -5881.714053977530 -3365.175205814730 5.27374719472800 -3.05864902076314 4.64557796890999
2024-06-21T17:01:00.000 817.744364157787 -6392.579660708300 -2140.905765889090 5.21704828912045 -1.17215468723215 5.49424679607523
2024-06-21T17:05:00.000 2024.761175684590 -6437.348018097630 -760.101879130085 4.77978134416266 0.80159616748520 5.94184436948643
2024-06-21T17:09:00.000 3084.054486367900 -6012.449536576380 676.318524332723 3.99359331265054 2.71752803696165 5.95478348519868
2024-06-21T17:13:00.000 3918.348202518540 -5148.890791008740 2063.257901627060 2.91641238254434 4.43452538787135 5.53212311050698
2024-06-21T17:17:00.000 4466.973420435400 -3909.928867622600 3299.350201870710 1.62776163278081 5.82670932997940 4.70562570223153
2024-06-21T17:21:00.000 4690.317989422070 -2386.229204316500 4294.512489081140 0.22242141855504 6.79298602748990 3.53688345124234
2024-06-21T17:25:00.000 4572.605389815300 -688.991626768903 4976.525135117820 -1.19704367386775 7.26428250810345 2.11212448663964
2024-06-21T17:29:00.000 4122.846146283600 1058.303057225460 5296.148342933650 -2.52788091225119 7.20780925610550 0.53541149810399
2024-06-21T17:33:00.000 3374.012259305500 2728.845356401080 5230.508040592770 -3.67429955776285 6.62869640491905 -1.07890881563449
2024-06-21T17:37:00.000 2380.571964451880 4201.562495219630 4784.605384438120 -4.55398502415893 5.56928587125063 -2.61425685960884
2024-06-21T17:41:00.000 1214.566416955510 5369.711287650000 3990.888490217650 -5.10362022299630 4.10597093747821 -3.95975184993345
2024-06-21T17:45:00.000 -39.501216822229 6148.497089253480 2906.973488115490 -5.28333411206448 2.34424730267194 -5.01781700504274
2024-06-21T17:49:00.000 -1290.694653941780 6481.234502572350 1611.573586043720 -5.07974547562561 0.41151933515306 -5.71129605460648
2024-06-21T17:53:00.000 -2448.199978721220 6343.571738045910 198.872523661942 -4.50732828659893 -1.55180291500728 -5.98927962816707
2024-06-21T17:57:00.000 -3427.966010734490 5745.390222695700 -1228.311898808000 -3.60764217890224 -3.40264060386706 -5.83123957938744
2024-06-21T18:01:00.000 -4158.885068445600 4730.143213685450 -2566.085269761870 -2.44631027992207 -5.00610965269737 -5.24878524405142
2024-06-21T18:05:00.000 -4588.002506937030 3371.638330198150 -3717.121560363220 -1.10799615530262 -6.24572428171403 -4.28467198383094
2024-06-21T18:09:00.000 -4684.325117026560 1768.559122048570 -4597.769617236740 0.31011714039749 -7.03190096852638 -3.00932659995352
2024-06-21T18:13:00.000 -4440.969641897960 37.227585454221 -5144.068287272200 1.70550050003635 -7.30803910293888 -1.51537519804133
2024-06-21T18:17:00.000 -3875.580149702420 -1696.800160844060 -5316.285396944060 2.97749261904535 -7.05420024387340 0.08912078745911
2024-06-21T18:21:00.000 -3029.029165147140 -3307.716629857900 -5101.717653188700 4.03428887188970 -6.28819132255308 1.68827552486117
2024-06-21T18:25:00.000 -1962.532301853390 -4678.418050018590 -4515.631188984810 4.79914005909639 -5.06437813786805 3.16622243586732
2024-06-21T18:29:00.000 -753.360556845768 -5708.930085301230 -3600.295026313000 5.21584168839717 -3.47038968567368 4.41514978301712
2024-06-21T18:33:00.000 510.639996775823 -6323.754878703920 -2422.096583089280 5.25308242295478 -1.62143908241811 5.34313544660366
2024-06-21T18:37:00.000 1737.400820017650 -6477.587472288730 -1066.853517233820 4.90730198594776 0.34760570754938 5.88129284288234
2024-06-21T18:41:00.000 2837.418196387070 -6158.858605371010 366.433161450743 4.20334045175181 2.29225502810046 5.98938889894248
2024-06-21T18:45:00.000 3730.423897027170 -5390.749937637190 1772.906448369930 3.19289584983908 4.06928353299462 5.65926759921925
2024-06-21T18:49:00.000 4351.413322231530 -4229.512281842570 3049.728896277170 1.95058081422837 5.54820834662085 4.91577036143781
2024-06-21T18:53:00.000 4655.442799616130 -2760.154374748100 4103.775637518520 0.56784222430997 6.62135625692357 3.81438634703630
2024-06-21T18:57:00.000 4620.828986366040 -1089.988772320240 4858.466420330900 -0.85418563686457 7.21161602339159 2.43655901537680
2024-06-21T19:01:00.000 4250.558832342730 659.375380318439 5259.249113125150 -2.21232683566814 7.27757256534425 0.88319485045309
2024-06-21T19:05:00.000 3571.882496972880 2360.917049319520 5277.367513440420 -3.40873998253088 6.81567126938798 -0.73294091128493
2024-06-21T19:09:00.000 2634.223086880710 3891.290068672010 4911.769143647420 -4.35750341524551 5.85986226836018 -2.29506255777063
2024-06-21T19:13:00.000 1505.611437174190 5139.584413835060 4189.115205347690 -4.99038884559349 4.47923751444527 -3.69035715885443
2024-06-21T19:17:00.000 267.838332336973 6015.232250938030 3161.877698620290 -5.26161784927602 2.77326985710387 -4.81778679686726
2024-06-21T19:21:00.000 -989.361707507741 6454.546980471540 1904.642527753470 -5.15123058403979 0.86522686096114 -5.59524650188203
2024-06-21T19:25:00.000 -2174.761880640960 6425.440415452390 508.796665909179 -4.66688883538426 -1.10640106324688 -5.96574003712970
2024-06-21T19:29:00.000 -3202.292672436820 5929.893350811770 -924.085048569439 -3.84369018058298 -2.99798728771710 -5.90196650278387
2024-06-21T19:33:00.000 -3997.370597516660 5003.881293184670 -2289.695468314710 -2.74164281282694 -4.67168143318855 -5.40860455713981
2024-06-21T19:37:00.000 -4502.361136199550 3714.721344672610 -3488.669042787040 -1.44106983880924 -6.00578010595593 -4.52187673044810
2024-06-21T19:41:00.000 -4680.748987315920 2156.088081760690 -4433.854673641480 -0.03654086214143 -6.90369291551928 -3.30666378831194
2024-06-21T19:45:00.000 -4519.719469226320 441.107974455322 -5056.614755584650 1.37026574963530 -7.30082384796283 -1.85135006848854
2024-06-21T19:49:00.000 -4030.974698938690 -1305.856146330310 -5311.689105592010 2.67789445905383 -7.16858095911744 -0.26119206636043
2024-06-21T19:53:00.000 -3249.848256945270 -2958.090335450710 -5180.384648739700 3.79200390436394 -6.51607995880508 1.34894144353529
2024-06-21T19:57:00.000 -2232.804648415110 -4395.560984433710 -4671.938244307860 4.63185840875517 -5.38955973653192 2.86252122181318
2024-06-21T20:01:00.000 -1053.481692957650 -5513.514304930620 -3822.953081321280 5.13594419999688 -3.86946437612222 4.16934350306849
2024-06-21T20:05:00.000 202.503010015019 -6230.129901142600 -2694.932266996630 5.26662553648968 -2.06542483092414 5.17340685547252
2024-06-21T20:09:00.000 1443.709998804030 -6492.676520955350 -1369.967888323930 5.01340941065553 -0.10878412382427 5.80027020097851
2024-06-21T20:13:00.000 2579.593417267900 -6281.621132120070 55.190761187233 4.39429111584662 1.85688847220164 6.00311772195104
2024-06-21T20:17:00.000 3527.267104420610 -5612.244456739840 1476.307236146790 3.45469152004365 3.68697219849992 5.76680174036519
2024-06-21T20:21:00.000 4217.700112338020 -4533.535164819130 2789.456622803830 2.26390257271268 5.24699396544843 5.10905714287096
2024-06-21T20:25:00.000 4600.836951512160 -3124.481750990830 3898.799335809290 0.90970936085035 6.42306827814887 4.07903684007760
2024-06-21T20:29:00.000 4649.215673340010 -1488.049779621420 4723.662668809880 -0.50867055862949 7.13045843954092 2.75307025854998
2024-06-21T20:33:00.000 4359.793024378300 256.537542871725 5204.343266411540 -1.88819515261605 7.31910846605817 1.22843895081270
2024-06-21T20:37:00.000 3753.981818745220 1982.530887257290 5306.279375198890 -3.12931891699330 6.97663779947679 -0.38392767604472
2024-06-21T20:41:00.000 2875.968690662020 3564.783362698800 5022.371791027420 -4.14288350169181 6.12860783833503 -1.96744948035142
2024-06-21T20:45:00.000 1789.485863248900 4888.640443284910 4373.381489068940 -4.85606089592072 4.83637468618025 -3.40783511177073
2024-06-21T20:49:00.000 573.279878125939 5858.089687592430 3406.445995544310 -5.21732643770103 3.19307699106098 -4.60086678179262
2024-06-21T20:53:00.000 -684.492527234876 6402.675543716240 2191.760007175400 -5.20028176522043 1.31734587217490 -5.45977070152452
2024-06-21T20:57:00.000 -1892.588945532990 6482.681641119430 817.592307983073 -4.80583377126434 -0.65480867983426 -5.92169189813552
2024-06-21T21:01:00.000 -2963.309010810290 6092.142971437920 -616.088801734635 -4.06245307191520 -2.57987308436873 -5.95263900203760
2024-06-21T21:05:00.000 -3818.923202282440 5259.373568780630 -2004.924259166580 -3.02426138927310 -4.31751779977569 -5.55028305060007
2024-06-21T21:09:00.000 -4397.385847532850 4044.906520454200 -3247.846161447480 -1.76698959246025 -5.74129580416255 -4.74418547680494
2024-06-21T21:13:00.000 -4656.845938742070 2536.995639758200 -4254.488745704890 -0.38210829980161 -6.74805576936651 -3.59336149794217
2024-06-21T21:17:00.000 -4578.608500402170 845.102521276378 -4951.733039099560 1.03008120886320 -7.26521688391380 -2.18158115509478
2024-06-21T21:21:00.000 -4168.392755642980 -908.063096450356 -5288.924913970990 2.36763702523124 -7.25557301849343 -0.61113209698125
2024-06-21T21:25:00.000 -3455.861526270010 -2595.361397159140 -5241.444531681010 3.53411083908282 -6.71954752291665 1.00459797499393
2024-06-21T21:29:00.000 -2492.508312674790 -4094.269385447880 -4812.455448292290 4.44507522453023 -5.69500217561424 2.54876146592574
2024-06-21T21:33:00.000 -1348.048352189950 -5295.642421093960 -4032.778429733850 5.03401466385317 -4.25498172152891 3.90909883131431
2024-06-21T21:37:00.000 -105.512916887178 -6111.645178856570 -2958.825144205260 5.25719772078233 -2.50306874377800 4.98588862565628
2024-06-21T21:41:00.000 1144.689826545190 -6482.310818662250 -1668.684907615600 5.09737165921864 -0.56658214318340 5.69941027781433
2024-06-21T21:45:00.000 2311.390435601440 -6380.176412455230 -256.509634569510 4.56554719101067 1.41262619610537 5.99645757878427
2024-06-21T21:49:00.000 3309.431921646280 -5812.505643126610 1174.429396489300 3.70055840296864 3.28889988817321 5.85479756654445
2024-06-21T21:53:00.000 4066.059373183400 -4820.829948444370 2519.465637374310 2.56624783923899 4.92423382505530 5.28511850530990
2024-06-21T21:57:00.000 4526.345608660530 -3477.786057533660 3680.377356490110 1.24631281128542 6.19908523708546 4.33003228662010
2024-06-21T22:01:00.000 4657.176998532200 -1881.578852775530 4572.659749916660 -0.16234442250335 7.02121947753795 3.06045468397588
2024-06-21T22:05:00.000 4449.528002170350 -148.586649213928 5131.668453288330 -1.55720645198936 7.33227184114245 1.56979474288172
2024-06-21T22:09:00.000 3918.903835603200 1595.225317672030 5317.136386714350 -2.83753448962312 7.11102344819886 -0.03342072726562
2024-06-21T22:13:00.000 3104.079159456060 3223.371037932890 5115.910952712050 -3.91126831941998 6.37433420475084 -1.63310225232332
2024-06-21T22:17:00.000 2064.246468414960 4617.864961184410 4542.793256779650 -4.70128879295182 5.17573349698837 -3.11374780512357
2024-06-21T22:21:00.000 874.779135664125 5677.607987133670 3639.437576009990 -5.15064121437368 3.60160933171855 -4.36835687960617
2024-06-21T22:25:00.000 -378.116667339235 6325.626158532620 2471.414242769540 -5.22658793550889 1.76549989529925 -5.30581644565504
2024-06-21T22:29:00.000 -1603.568205027670 6514.703155541490 1123.577151602410 -4.92327921671231 -0.19958771322029 -5.85757914299023
2024-06-21T22:33:00.000 -2712.623483384030 6230.941677995620 -306.039977540763 -4.26251750356724 -2.15072664500980 -5.98309592041895
2024-06-21T22:37:00.000 -3624.765958624910 5494.878000385260 -1713.379484187720 -3.29238543518815 -3.94571008982487 -5.67307613153520
2024-06-21T22:41:00.000 -4273.832714673800 4360.004917879860 -2996.015108529190 -2.08363567692976 -5.45385796497271 -4.95030380930350
2024-06-21T22:45:00.000 -4612.832756189970 2908.803609723440 -4060.672510642050 -0.72426061065508 -6.56577233327460 -3.86774297876902
2024-06-21T22:49:00.000 -4617.303957797820 1246.643937748130 -4830.007211409430 0.68717521470027 -7.20122498040938 -2.50429426725756
2024-06-21T22:53:00.000 -4286.988601871720 -505.909888538191 -5248.134129593620 2.04873970337130 -7.31449757677080 -0.95878111983132
2024-06-21T22:57:00.000 -3645.780482498130 -2221.767207361860 -5284.579179050690 3.26226010735887 -6.89719756086001 0.65710088115523
2024-06-21T23:01:00.000 -2740.009239618070 -3776.377469234030 -4936.445620255420 4.24001501124366 -5.97875972426144 2.22657975141039
2024-06-21T23:05:00.000 -1635.191546199070 -5056.619810402670 -4228.674734069480 4.91076747121387 -4.62450019960590 3.63574281426432
2024-06-21T23:09:00.000 -411.434045397303 -5968.983049963970 -3212.413613547370 5.22496424275970 -2.93165990503280 4.78146949725159
2024-06-21T23:13:00.000 842.279024545975 -6446.500442630650 -1961.482229955610 5.15869578358241 -1.02294263053325 5.57913249522500
2024-06-21T23:17:00.000 2034.550508851890 -6453.881073768680 -567.112876686165 4.71601249224433 0.96199414272847 5.96928040231905
2024-06-21T23:21:00.000 3078.358758970580 -5990.336986686230 868.748743568397 3.92911850935695 2.87717349802978 5.92272966897809
2024-06-21T23:25:00.000 3897.571397354030 -5089.738103521510 2241.055782725280 2.85599094955406 4.58163785485174 5.44300113615760
2024-06-21T23:29:00.000 4432.637803820460 -3818.070115335240 3449.535046949870 1.57589904082966 5.95049087223646 4.56607593908920
2024-06-21T23:33:00.000 4644.953910671960 -2268.380084289550 4406.149845390240 0.18295484484986 6.88447789127180 3.35718965881528
2024-06-21T23:37:00.000 4519.556964890990 -553.742653396349 5041.515941959370 -1.22122741392597 7.31692418145097 1.90549199816869
2024-06-21T23:41:00.000 4066.010973077480 1201.125474406730 5309.811763742090 -2.53506984627264 7.21792334156597 0.31692468197829
2024-06-21T23:45:00.000 3317.546038724310 2868.900752766810 5191.890425116500 -3.66407561910856 6.59566441784539 -1.29346656920464
2024-06-21T23:49:00.000 2328.580717474880 4328.715287016370 4696.524627349340 -4.52714433945976 5.49543953070661 -2.80937353839822
2024-06-21T23:53:00.000 1170.827083594380 5474.750144744590 3859.753893409510 -5.06211966127708 3.99665600994304 -4.12123117492390
2024-06-21T23:57:00.000 -71.814539995176 6223.812772234380 2742.324453170500 -5.23019826565393 2.20737773923479 -5.13391422754543
2024-06-22T00:01:00.000 -1309.240052547300 6521.374319261180 1425.394428360600 -5.01885378608420 0.25705165016075 -5.77351056332836
2024-06-22T00:05:00.000 -2451.643379381650 6345.648817935880 4.726480549984 -4.44314742770982 -1.71257453005317 -5.99305261257596
2024-06-22T00:09:00.000 -3416.083414879830 5709.301859785160 -1416.283566905050 -3.54489762233729 -3.55796570432042 -5.77633807270886
2024-06-22T00:13:00.000 -4132.581769034860 4658.570192566960 -2734.207391740030 -2.38962045594698 -5.14469336349296 -5.13930374546649
2024-06-22T00:17:00.000 -4549.239461280110 3269.830707314740 -3853.189077133580 -1.06148186892734 -6.35757833833839 -4.12867264144621
2024-06-22T00:21:00.000 -4635.961466610350 1643.939355519350 -4691.923829356060 0.34313105178720 -7.10900752700899 -2.81817929687048
2024-06-22T00:25:00.000 -4386.545271437610 -101.151236235413 -5189.494721539020 1.72270400848772 -7.34490789635455 -1.30291561369910
2024-06-22T00:29:00.000 -3819.048134284770 -1838.903416253510 -5309.684868199590 2.97776758874694 -7.04816537109395 0.30760122570610
2024-06-22T00:33:00.000 -2974.468494847010 -3443.221495685670 -5043.537474708810 4.01768903054507 -6.23954542141190 1.89701061061249
2024-06-22T00:37:00.000 -1913.870645361350 -4797.442346993560 -4410.052753020310 4.76688259008192 -4.97649438955339 3.35006572770807
2024-06-22T00:41:00.000 -714.098971302890 -5802.746035159120 -3454.944953044860 5.17022713279253 -3.34945679321164 4.56069216954708
2024-06-22T00:45:00.000 537.664325091149 -6385.428635068460 -2247.519473711480 5.19732229499262 -1.47614638323970 5.43963407544492
2024-06-22T00:49:00.000 1750.211586211250 -6502.512968852750 -875.764871969315 4.84531694317542 0.50665191852138 5.92150947096412
2024-06-22T00:53:00.000 2835.047555968580 -6145.140408878700 560.066239531764 4.13959497038727 2.45322176963565 5.97024186447413
2024-06-22T00:57:00.000 3713.014987658120 -5339.368831347960 1954.920710589890 3.13210646488604 4.22022584610880 5.58219965320943
2024-06-22T01:01:00.000 4320.227653283910 -4144.232755837760 3206.829555986460 1.89728703289193 5.67801452475066 4.78651829278852
2024-06-22T01:05:00.000 4612.772154146450 -2647.223881149310 4224.517038135980 0.52601864710918 6.72057599836662 3.64252306781382
2024-06-22T01:09:00.000 4569.817755428000 -957.655810327627 4934.087187035710 -0.88143766173655 7.27312398820390 2.23473522308792
2024-06-22T01:13:00.000 4194.962479485250 801.484185635327 5284.297290566250 -2.22306438440806 7.29705637493072 0.66615306791240
2024-06-22T01:17:00.000 3515.773099547700 2502.497443469690 5250.071392473010 -3.40226327217660 6.79182830450308 -0.94944797630443
2024-06-22T01:21:00.000 2581.688855196360 4022.100119337280 4834.146834827610 -4.33438975130989 5.79449292302824 -2.49541240355526
2024-06-22T01:25:00.000 1460.459285278290 5250.157808877960 4066.809725637570 -4.95235010607723 4.37697564565444 -3.86009983384007
2024-06-22T01:29:00.000 233.346237252591 6097.549407597190 3003.770541620660 -5.21135950734996 2.64149705480977 -4.94456552852627
2024-06-22T01:33:00.000 -1010.680969023750 6502.637929011490 1722.227010707520 -5.09238575113510 0.71352801231076 -5.66978941964404
2024-06-22T01:37:00.000 -2181.353672675330 6435.830677417160 315.347193046177 -4.60375940290665 -1.26694767516204 -5.98258349572603
2024-06-22T01:41:00.000 -3193.680894231850 5901.861925644090 -1114.489226883080 -3.78090124925788 -3.15566268552172 -5.85990875584994
2024-06-22T01:45:00.000 -3974.191180513660 4939.508219059230 -2463.206332608580 -2.68378360072400 -4.81499948607189 -5.31075429539421
2024-06-22T01:49:00.000 -4466.320293077490 3618.730323129050 -3632.682443159620 -1.39241560547895 -6.12435749281221 -4.37542885278950
2024-06-22T01:53:00.000 -4634.496955705860 2035.476171958950 -4537.925129298700 -0.00060676485496 -6.98906191207053 -3.12227826313419
2024-06-22T01:57:00.000 -4466.630825239840 304.630283426836 -5113.190357641680 1.39097434443389 -7.34686859993802 -1.64234144590418
2024-06-22T02:01:00.000 -3974.894606919310 -1448.300460871630 -5316.645034489800 2.68197906067784 -7.17194816426245 -0.04264227240549
2024-06-22T02:05:00.000 -3194.815455540920 -3096.156901924670 -5133.319003878200 3.77925615289779 -6.47642293883661 1.56128268194993
2024-06-22T02:09:00.000 -2182.769829628630 -4519.182195922280 -4576.202228978870 4.60319627311135 -5.30953460984459 3.05328826796729
2024-06-22T02:13:00.000 -1012.047845448460 -5613.621888094030 -3685.438153320640 5.09335497221235 -3.75471672979807 4.32458514258946
2024-06-22T02:17:00.000 232.337901922859 -6299.332989444760 -2525.599457298680 5.21313179684642 -1.92419687244603 5.28166058267801
2024-06-22T02:21:00.000 1459.772945807770 -6525.820859413030 -1181.138972921190 4.95283232533993 0.04863027542986 5.85346379685727
2024-06-22T02:25:00.000 2580.700937931960 -6276.189840204790 249.734002860842 4.33098842141827 2.01895159178468 5.99722693129018
2024-06-22T02:29:00.000 3513.310937706930 -5568.562174254590 1662.335261828730 3.39323515659507 3.84167134760032 5.70216300547562
2024-06-22T02:33:00.000 4189.676582559560 -4454.769737154840 2953.357722560240 2.20886790494325 5.38284680425000 4.99045692309519
2024-06-22T02:37:00.000 4560.792330207290 -3016.387464914760 4028.606254786660 0.86518043965038 6.53013208124062 3.91528396823522
2024-06-22T02:41:00.000 4600.078188258410 -1358.516871529530 4809.928997628000 -0.53944611744646 7.20096745191087 2.55621781496787
2024-06-22T02:45:00.000 4305.157744133910 398.073423644853 5240.817746607050 -1.90296223163828 7.34803868692009 1.01290214942425
2024-06-22T02:49:00.000 3697.836699055200 2125.791793456940 5290.342705653400 -3.12707007595550 6.96200926639866 -0.60249961633140
2024-06-22T02:53:00.000 2822.393954063910 3699.384452188210 4955.199212828410 -4.12385195928986 6.07151031445630 -2.17324877329956
2024-06-22T02:57:00.000 1742.359634166010 5004.826675879910 4259.854485888570 -4.82169723756547 4.74093507684594 -3.58598291437359
2024-06-22T03:01:00.000 535.997890130092 5947.423890559630 3254.797910460000 -5.17014552944258 3.06609315974488 -4.73845183905541
2024-06-22T03:05:00.000 -709.241206562446 6458.644987421200 2012.998669949000 -5.14364408491841 1.16798012259335 -5.54674014622604
2024-06-22T03:09:00.000 -1903.009141983360 6501.192464562450 624.712577920598 -4.74378924041010 -0.81568121962431 -5.95164598610387
2024-06-22T03:13:00.000 -2958.637374904540 6071.838555003810 -809.049920916155 -3.99950374020241 -2.74047300202792 -5.92335674572212
2024-06-22T03:17:00.000 -3799.498862135200 5201.737193256520 -2183.920203904080 -2.96503179025690 -4.46611631134479 -5.46390499054342
2024-06-22T03:21:00.000 -4364.631228430810 3954.140299730800 -3399.852455201430 -1.71580981042516 -5.86709899381316 -4.60703119064392
2024-06-22T03:25:00.000 -4613.151121837400 2419.704341585950 -4368.452778028630 -0.34267244258195 -6.84195402829110 -3.41543492359655
2024-06-22T03:29:00.000 -4527.152138000840 709.805594970364 -5019.371146504760 1.05494471684993 -7.32046918707311 -1.97580067628651
2024-06-22T03:33:00.000 -4112.899032245530 -1051.555739895440 -5305.302231277100 2.37622996391618 -7.26819191903642 -0.39232013404499
2024-06-22T03:37:00.000 -3400.323705372800 -2736.632171227720 -5205.318312612650 3.52589264041173 -6.68849680453328 1.22065913761401
2024-06-22T03:41:00.000 -2440.909536148200 -4223.023816192540 -4726.378139013450 4.42066645394256 -5.62234734352892 2.74642568901051
2024-06-22T03:45:00.000 -1304.089583195480 -5402.443509656670 -3902.929947073840 4.99512878190689 -4.14577476525148 4.07394964714012
2024-06-22T03:49:00.000 -72.363577991597 -6188.606065877990 -2794.593988963030 5.20653080615671 -2.36511704002675 5.10577554740297
2024-06-22T03:53:00.000 1164.613978240280 -6523.701006498200 -1482.009131185600 5.03848872983149 -0.40994049700257 5.76537863611798
2024-06-22T03:57:00.000 2316.619254263520 -6382.876290758560 -61.014590936333 4.50272370596191 1.57640371963968 6.00351066802546
2024-06-22T04:01:00.000 3299.572600061050 -5776.253091985800 1364.443016161610 3.63842947012340 3.44771099437713 5.80234111785873
2024-06-22T04:05:00.000 4041.834211197350 -4748.240183646540 2690.091823766760 2.50940248424593 5.06635368501896 5.17701569602791
2024-06-22T04:09:00.000 4489.537660241430 -3374.154281370340 3819.146810806090 1.19895096767137 6.31405926791971 4.17431807835036
2024-06-22T04:13:00.000 4610.492519516040 -1754.466626625910 4669.467436849960 -0.19679603543456 7.10073319689745 2.86863052551960
2024-06-22T04:17:00.000 4396.383230372180 -7.248456807175 5179.485137080710 -1.57626336208566 7.37059061802118 1.35586433469389
2024-06-22T04:21:00.000 3863.182134413840 1740.513646986770 5312.510544425130 -2.83982992325824 7.10544092902577 -0.25384016993629
2024-06-22T04:25:00.000 3049.840229234500 3362.069032930080 5059.207640226200 -3.89670296459032 6.32534089443332 -1.84403007876904
2024-06-22T04:29:00.000 2015.427461549990 4739.920357989080 4438.143149836480 -4.67096496573561 5.08687709470404 -3.29994699589350
2024-06-22T04:33:00.000 834.916749033449 5774.167757252140 3494.439900411350 -5.10678500975913 3.47927854578794 -4.51633403623870
2024-06-22T04:37:00.000 -406.141824154487 6389.672338298740 2296.603360528720 -5.17240804589313 1.61853491145793 -5.40476131272453
2024-06-22T04:41:00.000 -1617.738805981880 6541.571973943000 931.663702092551 -4.86269795673525 -0.36055138360675 -5.90027633590123
2024-06-22T04:45:00.000 -2711.920207531910 6218.667070920650 -501.089846672940 -4.19991038542555 -2.31395295335710 -5.96636735435520
2024-06-22T04:49:00.000 -3609.252707588060 5444.355049186020 -1897.361610070110 -3.23233118940362 -4.09926774743608 -5.59814119352553
2024-06-22T04:53:00.000 -4244.655551726790 4274.919645555850 -3155.537504046510 -2.03052163763034 -5.58656497247699 -4.82266350163618
2024-06-22T04:57:00.000 -4572.133904113520 2795.351065644980 -4184.136088403360 -0.68194313128710 -6.66803103861549 -3.69673086997318
2024-06-22T05:01:00.000 -4568.055801736000 1113.064193973520 -4908.438713973370 0.71568141728938 -7.26567533565350 -2.30231914093304
2024-06-22T05:05:00.000 -4232.766863966670 -649.924481723583 -5275.822442240290 2.06144343401575 -7.33647842912278 -0.74046237174923
2024-06-22T05:09:00.000 -3590.500468046950 -2365.766898246140 -5259.478567013520 3.25833514545513 -6.87507204265427 0.87603111173086
2024-06-22T05:13:00.000 -2687.645322231550 -3909.885300016120 -4860.316327235020 4.21978568918075 -5.91394767170514 2.43029494961807
2024-06-22T05:17:00.000 -1589.506957714410 -5169.872165664170 -4106.982822605930 4.87566666757418 -4.52151632181561 3.80938585385250
2024-06-22T05:21:00.000 -375.721754898132 -6053.646059635360 -3053.960021577940 5.17745081635817 -2.79784068119428 4.91226786282324
2024-06-22T05:25:00.000 865.427384174967 -6496.300485775650 -1777.787532416250 5.10214403670440 -0.86802063620010 5.65736065250791
2024-06-22T05:29:00.000 2043.442048399450 -6465.090294604320 -371.581950265365 4.65446700067485 1.12666160636411 5.98905343221785
2024-06-22T05:33:00.000 3072.326048174980 -5962.080909870590 1061.809084867000 3.86707804788771 3.03932374042563 5.88248836031423
2024-06-22T05:37:00.000 3877.061004518960 -5024.079771548270 2417.514377579270 2.79814768289473 4.72925721979851 5.34577258982041
2024-06-22T05:41:00.000 4399.183272554170 -3719.816872203960 3596.506833271780 1.52653664723910 6.07283511225694 4.41910966882513
2024-06-22T05:45:00.000 4601.036424258110 -2144.705134915250 4512.937222202570 0.14564368533865 6.97270157679946 3.17134920048315
2024-06-22T05:49:00.000 4468.407954857600 -413.650060550085 5100.373990494410 -1.24381578697874 7.36469579268323 1.69436225789580
2024-06-22T05:53:00.000 4011.378820547640 1347.458171748900 5316.487477734280 -2.54134155260203 7.22184174358622 0.09584933330258
2024-06-22T05:57:00.000 3263.419913340080 3010.853073465200 5145.920496084570 -3.65362048837483 6.55547331309404 -1.50842782846131
2024-06-22T06:01:00.000 2278.901515233870 4455.993720309520 4601.268660706810 -4.50077919385154 5.41409440616759 -3.00263907471256
2024-06-22T06:05:00.000 1129.198051652260 5578.125348469840 3722.136025617440 -5.02181499703151 3.87999768860953 -4.27883366145055
2024-06-22T06:09:00.000 -102.381420876356 6295.767373811630 2572.344029063630 -5.17887592180213 2.06379850645853 -5.24433741970460
2024-06-22T06:13:00.000 -1326.533776819060 6556.672086801850 1235.420475548950 -4.96024786060762 0.09702621845967 -5.82868399843955
2024-06-22T06:17:00.000 -2454.422025800640 6341.722765276920 -191.415609929912 -4.38153174267747 -1.87742176188262 -5.98896058118127
2024-06-22T06:21:00.000 -3404.161872734590 5666.436768093420 -1604.313534440730 -3.48476623527121 -3.71561610786129 -5.71324308758455
2024-06-22T06:25:00.000 -4106.851204607010 4579.892894671240 -2900.437112001720 -2.33537907626834 -5.28365943484695 -5.02184839704947
2024-06-22T06:29:00.000 -4511.598919956780 3161.069568461630 -3985.530610395380 -1.01707601758980 -6.46779600511564 -3.96545888573929
2024-06-22T06:33:00.000 -4589.169531273040 1512.993304682820 -4780.762966583870 0.37453616728994 -7.18254520362095 -2.62107964374359
2024-06-22T06:37:00.000 -4334.006381811330 -244.785147992000 -5228.372345027810 1.73891270931411 -7.37645675372656 -1.08619042134639
2024-06-22T06:41:00.000 -3764.565933682620 -1984.804996347930 -5295.751989023390 2.97766509378440 -7.03538782242315 0.52829004360798
2024-06-22T06:45:00.000 -2921.973235355300 -3580.788618405270 -4977.764091303370 4.00134126889810 -6.18326534894794 2.10570313003311
2024-06-22T06:49:00.000 -1867.141458662130 -4916.641215117790 -4297.163787921340 4.73545991297065 -4.88060678467678 3.53159251809499
2024-06-22T06:53:00.000 -676.511179341338 -5894.837079963620 -3303.109323989900 5.12592390951792 -3.22081544286614 4.70171174880119
2024-06-22T06:57:00.000 563.380354594901 -6443.627800954560 -2067.779388350170 5.14328656211159 -1.32408813671895 5.52969295776578
2024-06-22T07:01:00.000 1762.175587733360 -6522.514257510680 -681.242714251693 4.78545802879825 0.67093269645896 5.95385829202954
2024-06-22T07:05:00.000 2832.385915751340 -6125.458947897660 755.139244836268 4.07833047207514 2.61757975615903 5.94245079555577
2024-06-22T07:09:00.000 3695.935582617730 -5281.454614431590 2136.267189978300 3.07397508056047 4.37248785843557 5.49632345674606
2024-06-22T07:13:00.000 4290.015557770770 -4052.365053341280 3361.202604275960 1.84667105619459 5.80697714293221 4.64903721234030
2024-06-22T07:17:00.000 4571.698952914940 -2528.150160711580 4340.693061989420 0.48668712879497 6.81698066487889 3.46367118183125
2024-06-22T07:21:00.000 4520.947216457010 -820.056154271702 5003.661263172850 -0.90671486221322 7.33018526131568 2.02759972454861
2024-06-22T07:25:00.000 4141.894119003250 947.620997055149 5302.252050999210 -2.23257342666889 7.31071305495559 0.44574642357850
2024-06-22T07:29:00.000 3462.386847562130 2646.575216915140 5215.129711044540 -3.39539965802919 6.76111731693187 -1.16717410660257
2024-06-22T07:33:00.000 2531.872231665910 4153.669685461850 4748.855577652790 -4.31168891284269 5.72159842282308 -2.69470854557811
2024-06-22T07:37:00.000 1417.834285911250 5359.667885987440 3937.364506302670 -4.91549383635659 4.26714946572733 -4.02651103707527
2024-06-22T07:41:00.000 201.002730045226 6177.034087514500 2839.573153789170 -5.16305518759788 2.50262373989893 -5.06597458057242
2024-06-22T07:45:00.000 -1030.397786787020 6546.298975891420 1535.221200037110 -5.03610576498843 0.55570654123316 -5.73727710824060
2024-06-22T07:49:00.000 -2187.012896212860 6440.488742637550 119.151305476327 -4.54361747909671 -1.43215370498522 -5.99121602903935
2024-06-22T07:53:00.000 -3184.885038720200 5867.189275328480 -1305.591284385130 -3.72132502420475 -3.31621098337599 -5.80908979421875
2024-06-22T07:57:00.000 -3951.604747951770 4868.041476884070 -2635.309650737840 -2.62914387593823 -4.95919964951634 -5.20423344462703
2024-06-22T08:01:00.000 -4431.615403109920 3515.679278495900 -3773.281874742010 -1.34668460919411 -6.24176094592067 -4.22103106538145
2024-06-22T08:05:00.000 -4590.224280817040 1908.334160712740 -4636.821783115910 0.03291761601120 -7.07120713349459 -2.93127586570717
2024-06-22T08:09:00.000 -4416.024063839870 162.622628395287 -5163.218466897620 1.40992133847888 -7.38785274618713 -1.42857865779156
2024-06-22T08:13:00.000 -3921.634071450200 -1594.876483678910 -5314.175480782510 2.68501945312059 -7.16879730165885 0.17842313389945
2024-06-22T08:17:00.000 -3142.765725704880 -3236.664715953170 -5078.518332525040 3.76618902540980 -6.42929854782952 1.77365201611599
2024-06-22T08:21:00.000 -2135.703385977770 -4643.405082057950 -4473.034574114350 4.57499345626284 -5.22175802781759 3.24151187097160
2024-06-22T08:25:00.000 -973.372274322617 -5712.498919330850 -3541.394774501020 5.05205169121819 -3.63255329998131 4.47489256027620
2024-06-22T08:29:00.000 259.814031895758 -6365.628566550510 -2351.173083180760 5.16166876606791 -1.77651392056445 5.38297094884885
2024-06-22T08:33:00.000 1474.045288860740 -6554.678788979630 -989.070925773167 4.89493510481449 0.21099793732748 5.89824388605169
2024-06-22T08:37:00.000 2580.728309038330 -6265.513491156680 445.386085950938 4.27092244313559 2.18398645729422 5.98213264575264
2024-06-22T08:41:00.000 3499.113401188720 -5519.179727458110 1847.252770249460 3.33550596718274 3.99720251247755 5.62837471584579
2024-06-22T08:45:00.000 4162.337989608460 -4370.351058125370 3114.034490840310 2.15777500282814 5.51749535779770 4.86350937019734
2024-06-22T08:49:00.000 4522.372677400550 -2903.153440375150 4153.347043518140 0.82450168089122 6.63416701366024 3.74462812212621
2024-06-22T08:53:00.000 4553.450414650360 -1224.751405888050 4889.699825359960 -0.56676662332477 7.26702992326155 2.35442961729969
2024-06-22T08:57:00.000 4253.768327493260 542.652644313393 5269.871974651120 -1.91511423209872 7.37156193321864 0.79460211046003
2024-06-22T09:01:00.000 3645.433882363200 2270.711801648460 5266.588121640060 -3.12333165574133 6.94129766726331 -0.82161270915616
2024-06-22T09:05:00.000 2772.770899408640 3834.134661060070 4880.345930308890 -4.10457305379512 6.00796991896030 -2.37738136686125
2024-06-22T09:09:00.000 1699.098772665610 5119.602743008460 4139.300726289970 -4.78827035037381 4.63901353117079 -3.76035618010859
2024-06-22T09:13:00.000 502.229941674010 6033.839739148930 3097.267892323390 -5.12494045917731 2.93311136916996 -4.87032423933862
2024-06-22T09:17:00.000 -731.061895900287 6510.360328582920 1829.922102547760 -5.08988412630001 1.01356011421448 -5.62643585689277
2024-06-22T09:21:00.000 -1911.283938058590 6514.392928266920 429.403008328009 -4.68535849539073 -0.98023663960734 -5.97325471725915
2024-06-22T09:25:00.000 -2952.753849639160 6045.536527907150 -1002.372989903730 -3.94067343792680 -2.90307761886518 -5.88530325115217
2024-06-22T09:29:00.000 -3779.880550760070 5137.841021970590 -2361.191947900410 -2.91010626262755 -4.61487731532883 -5.36902704353169
2024-06-22T09:33:00.000 -4332.706252923770 3857.301894217530 -3548.193842382540 -1.66881263660866 -5.99118453141370 -4.46230597005694
2024-06-22T09:37:00.000 -4571.249758619700 2296.965763912080 -4477.104689320750 -0.30703649204991 -6.93239727760333 -3.23143696371514
2024-06-22T09:41:00.000 -4478.327246869840 570.077404953782 -5080.466037305650 1.07665538399881 -7.37074976668166 -1.76590315118162
2024-06-22T09:45:00.000 -4060.702116757170 -1198.139004720070 -5314.422105273700 2.38245181657623 -7.27469021439124 -0.17172224295906
2024-06-22T09:49:00.000 -3348.547125978610 -2879.439538539450 -5161.807345578220 3.51619220560574 -6.65071739789952 1.43598422469229
2024-06-22T09:53:00.000 -2393.312254260560 -4351.686484979510 -4633.393680774910 4.39574674641125 -5.54295549358039 2.94086272248592
2024-06-22T09:57:00.000 -1264.132728814440 -5507.598137840310 -3767.229449489410 4.95676056001643 -4.03045389914484 4.23328037494904
2024-06-22T10:01:00.000 -42.959040893367 -6262.588280150640 -2626.074550240700 5.15750545689792 -2.22226253905037 5.21824296416038
2024-06-22T10:05:00.000 1181.326040698090 -6561.124060376060 -1292.988144157170 4.98238974623424 -0.25001128253709 5.82270024120119
2024-06-22T10:09:00.000 2319.423810206130 -6381.036099574370 134.679662932847 4.44364044483625 1.74163858279846 6.00145172951859
2024-06-22T10:13:00.000 3288.277383617260 -5735.344503904950 1552.489679898570 3.58075743708458 3.60602763949354 5.74108009892017
2024-06-22T10:17:00.000 4017.305994263210 -4671.338983252140 2856.753169770980 2.45749709920324 5.20614948387432 5.06119406215793
2024-06-22T10:21:00.000 4453.635829252280 -3266.950312422620 3952.291120248190 1.15665545529457 6.42526719847720 4.01256625389101
2024-06-22T10:25:00.000 4565.907758725370 -1624.821433397990 4759.443954871190 -0.22642495487389 7.17543020950541 2.67286379862494
2024-06-22T10:29:00.000 4346.424389089360 135.393063760538 5219.806110339420 -1.59117485923824 7.40357701025572 1.14035445790168
2024-06-22T10:33:00.000 3811.507735859290 1885.813120646730 5300.286656616240 -2.83916638897043 7.09447393713636 -0.47357426267826
2024-06-22T10:37:00.000 3000.183534304730 3499.502052717480 4995.317652497300 -3.88066722414273 6.27112145779084 -2.05225159299380
2024-06-22T10:41:00.000 1971.354991141900 4859.493515176320 4327.178418995280 -4.64074876594029 4.99313499087114 -3.48163393629754
2024-06-22T10:45:00.000 799.594280961874 5867.133945241610 3344.402704714090 -5.06451074227727 3.35263273173920 -4.65824782446536
2024-06-22T10:49:00.000 -430.158416909071 6449.185290783020 2118.353988227720 -5.12101535083618 1.46809868088163 -5.49648564709759
2024-06-22T10:53:00.000 -1628.685512956680 6563.212456543220 738.148359229134 -4.80583823780082 -0.52376514220363 -5.93496915341943
2024-06-22T10:57:00.000 -2708.976377529720 6200.799618731550 -695.786679155922 -4.14171782456917 -2.47794222434241 -5.94146215007926
2024-06-22T11:01:00.000 -3592.607841304710 5388.246426758500 -2079.070925131750 -3.17705432414876 -4.25200179797757 -5.51548964336978
2024-06-22T11:05:00.000 -4215.502604870110 4184.632923970600 -3311.047674863900 -1.98220544073137 -5.71690871186065 -4.68833099645008
2024-06-22T11:09:00.000 -4532.579006387050 2677.435848126930 -4302.151153160780 -0.64410304125329 -6.76652009255279 -3.52051409989457
2024-06-22T11:13:00.000 -4520.959983176930 976.075895170976 -4980.393953150440 0.74030101151242 -7.32516470601194 -2.09704580453866
2024-06-22T11:17:00.000 -4181.536318479200 -796.048514746312 -5296.499580564370 2.07106853355923 -7.35265122066458 -0.52101777815889
2024-06-22T11:21:00.000 -3538.842072241850 -2510.422599325110 -5227.376446408900 3.25225308495653 -6.84673398079666 1.09373853102288
2024-06-22T11:25:00.000 -2639.299466333920 -4042.567094773980 -4777.760311995120 4.19842775981292 -5.84309978836791 2.63047046933821
2024-06-22T11:29:00.000 -1547.977213722210 -5280.926789292780 -3979.965586925130 4.84056602284890 -4.41321892688401 3.97744934354764
2024-06-22T11:33:00.000 -344.024438210266 -6134.969278265150 -2891.723034075780 5.13109983854964 -2.65988628560886 5.03588023711298
2024-06-22T11:37:00.000 884.973768460182 -6541.948564741620 -1592.172954867980 5.04785384197694 -0.71052845326218 5.72733945460200
2024-06-22T11:41:00.000 2049.405577739270 -6471.753595428590 -176.169670490422 4.59628201165818 1.29204213036707 6.00022499587182
2024-06-22T11:45:00.000 3064.289826351740 -5929.318328273210 1252.722640392810 3.80931923940394 3.20046771884052 5.83406800946215
2024-06-22T11:49:00.000 3855.640522261800 -4954.342898083320 2589.974993417140 2.74506514228880 4.87432978430066 5.24138194127120
2024-06-22T11:53:00.000 4365.985991634820 -3618.269246594140 3737.938131518010 1.48209782388657 6.19124320070552 4.26653995448575
2024-06-22T11:57:00.000 4558.548707667170 -2018.808368617790 4613.070589239030 0.11312488894881 7.05600805901289 2.98188643134612
2024-06-22T12:01:00.000 4419.781529118810 -272.585087815787 5151.968620250440 -1.26216118790160 7.40704426903040 1.48180139707807
2024-06-22T12:05:00.000 3960.181371082990 1493.447172182840 5315.827560925590 -2.54432287674223 7.22029913563373 -0.12440240083163
2024-06-22T12:09:00.000 3213.362108595130 3151.188773962280 5093.063850316430 -3.64123248282947 6.51017694864401 -1.72053323588341
2024-06-22T12:13:00.000 2233.569163876800 4580.488349471810 4500.018183631920 -4.47403066949853 5.32814317121021 -3.19137749736726
2024-06-22T12:17:00.000 1091.830613008810 5677.685141722190 3579.784243448200 -4.98257160733811 3.75940618529291 -4.43050351096408
2024-06-22T12:21:00.000 -129.095109096841 6363.072443862110 2399.179242931370 -5.12985604998164 1.91722126365610 -5.34786019346197
2024-06-22T12:25:00.000 -1340.646513276820 6586.725607583850 1043.993828804400 -4.90487728302043 -0.06492370930300 -5.87638228490418
2024-06-22T12:29:00.000 -2454.874998772340 6332.248644319730 -387.184025803751 -4.32376445952432 -2.04281974838697 -5.97721317701475
2024-06-22T12:33:00.000 -3390.884644985990 5618.074977557250 -1790.174884693580 -3.42881426504572 -3.87229791636608 -5.64294097950962
2024-06-22T12:37:00.000 -4080.775221614330 4496.130057401880 -3062.871387513940 -2.28533150016200 -5.42018073324551 -4.89812367968816
2024-06-22T12:41:00.000 -4474.592084047640 3047.973629187200 -4112.727391940500 -0.97658986629425 -6.57422791797983 -3.79733188976985
2024-06-22T12:45:00.000 -4543.895396660070 1378.762876546080 -4863.475358769150 0.40252461488869 -7.25116094057788 -2.42076210033736
2024-06-22T12:49:00.000 -4283.725900434410 -390.416717658315 -5260.580684431600 1.75239694450118 -7.40226458962909 -0.86820075563993
2024-06-22T12:53:00.000 -3712.895152748870 -2131.267254111660 -5275.095067553150 2.97569438670631 -7.01644209826651 0.74816528696426
2024-06-22T12:57:00.000 -2872.629587634730 -3717.429291513630 -4905.712683338710 3.98403383668678 -6.12084986468301 2.31150274878670
2024-06-22T13:01:00.000 -1823.679586285130 -5033.499184216540 -4178.924075136800 4.70404396884933 -4.77915473500066 3.70833995187108
2024-06-22T13:05:00.000 -642.069572115708 -5983.362432690520 -3147.256040938590 5.08261446139461 -3.08758947483590 4.83647016915801
2024-06-22T13:09:00.000 586.300678407416 -6497.313178616670 -1885.657273380320 5.09116261622219 -1.16875983697195 5.61247143663836
2024-06-22T13:13:00.000 1771.897807314950 -6537.397169328800 -486.154583896732 4.72826669467664 0.83694517200944 5.97844461270063
2024-06-22T13:17:00.000 2828.192414246320 -6100.446878337660 948.915220696629 4.02028521643868 2.78195458569444 5.90700418761178
2024-06-22T13:21:00.000 3678.146520477910 -5218.406828855780 2314.558932120740 3.01943088009108 4.52314236418004 5.40354611811329
2024-06-22T13:25:00.000 4259.961021709230 -3955.917684638870 3510.995048535390 1.79963221299039 5.93294283896254 4.50579098556236
2024-06-22T13:29:00.000 4531.608052698870 -2405.373659630970 4451.077040492160 0.45060017199400 6.90909530725922 3.28055016149572
2024-06-22T13:33:00.000 4473.780690131630 -679.919990339884 5066.635295536220 -0.92923995099823 7.38188514722254 1.81806053212992
2024-06-22T13:37:00.000 4091.115324191770 1094.926603976980 5313.275499374720 -2.23998461872678 7.31841290802224 0.22498758637784
2024-06-22T13:41:00.000 3411.696545736520 2790.367329464160 5173.418414317340 -3.38727941250581 6.72431960037453 -1.38320473895249
2024-06-22T13:45:00.000 2484.932383921430 4283.522418431790 4657.434748355870 -4.28876404039265 5.64292014249363 -2.89041255979083
2024-06-22T13:49:00.000 1378.010562581020 5466.140755128340 3802.852350864730 -4.87947760608064 4.15215891020491 -4.18771778573432
2024-06-22T13:53:00.000 171.148143186051 6252.349459290880 2671.713653365530 -5.11648476489416 2.35954122828692 -5.18095757168576
2024-06-22T13:57:00.000 -1048.132946613980 6584.920766857270 1346.191895278260 -4.98228254075263 0.39486688567714 -5.79761616835425
2024-06-22T14:01:00.000 -2191.338806748510 6439.539880339360 -77.309366257491 -4.48636485371974 -1.59904498344327 -5.99240655374893
2024-06-22T14:05:00.000 -3175.468923469760 5826.687715520740 -1495.178797655550 -3.66476500419917 -3.47688590154810 -5.75097271071817
2024-06-22T14:09:00.000 -3929.115853052810 4790.912154057450 -2804.217299272050 -2.57743522180363 -5.10189233523678 -5.09107886324674
2024-06-22T14:13:00.000 -4397.681979260620 3407.516101962600 -3909.217695616250 -1.30360125199580 -6.35611329528639 -4.06110017126140
2024-06-22T14:17:00.000 -4547.302880392680 1776.978780361870 -4729.894871064170 0.06428795482477 -7.14895214809722 -2.73619020455414
2024-06-22T14:21:00.000 -4367.208676792720 17.593953916448 -5206.644321572580 1.42738379694083 -7.42335048193959 -1.21244562010692
2024-06-22T14:25:00.000 -3870.425487180790 -1743.057617438810 -5304.756051355140 2.68739272227804 -7.15938638112844 0.39999792334257
2024-06-22T14:29:00.000 -3092.821954374380 -3377.215609022070 -5016.874377482190 3.75333580850024 -6.37547661237495 1.98463103562365
2024-06-22T14:33:00.000 -2090.595012615000 -4766.050996493780 -4363.578356322650 4.54778498884990 -5.12726051894211 3.42652255521987
2024-06-22T14:37:00.000 -936.336460614533 -5808.232783660610 -3392.031680951110 5.01238489087734 -3.50413492096016 4.62039014054339
2024-06-22T14:41:00.000 286.106139998248 -6427.374690301520 -2172.738998497210 5.11233081801375 -1.62342170520566 5.47821763161715
2024-06-22T14:45:00.000 1487.677532990880 -6577.825618766610 -794.563617024947 4.83940342649462 0.37757793178847 5.93608789273556
2024-06-22T14:49:00.000 2580.685992628890 -6248.290965930100 641.750545286445 4.21319907956143 2.35171654156533 5.95965510761963
2024-06-22T14:53:00.000 3485.380962223280 -5462.817586379540 2031.102086180040 3.27986326322546 4.15360172595211 5.54721302102929
2024-06-22T14:57:00.000 4135.923645787500 -4278.980499578620 3271.928998824840 2.10839838222215 5.65104661844763 4.72973421798140
2024-06-22T15:01:00.000 4485.234555533080 -2783.464285679070 4273.779464020840 0.78506546288098 6.73517666336657 3.56815340346209
2024-06-22T15:05:00.000 4508.334337197140 -1085.478761474650 4963.926200154100 -0.59341669699417 7.32823159391212 2.14822172247303
2024-06-22T15:09:00.000 4203.991563483890 691.367945094132 5292.534314716100 -1.92706787397972 7.38859325022986 0.57374248944513
2024-06-22T15:13:00.000 3594.645687938350 2418.073133543730 5236.087256503970 -3.11976825082204 6.91307174321750 -1.04109386378035
2024-06-22T15:17:00.000 2724.677242099300 3969.468838922060 4798.928709473590 -4.08583149372205 5.93657826613876 -2.57962395164003
2024-06-22T15:21:00.000 1657.192742114940 5233.110147777230 4012.898612399160 -4.75576851065244 4.52961570245875 -3.93070580975308
2024-06-22T15:25:00.000 469.546173701903 6117.295755187530 2935.075031406830 -5.08105975492926 2.79360406427688 -4.99640195855932
2024-06-22T15:29:00.000 -752.163255455362 6557.717696010700 1643.740759175860 -5.03783798725288 0.85407963537530 -5.69903663975522
2024-06-22T15:33:00.000 -1919.289931753030 6522.228475200200 232.785148764215 -4.62894114534523 -1.14809838024663 -5.98709357718396
2024-06-22T15:37:00.000 -2947.104440520460 6013.302072297110 -1195.113232785240 -3.88399725730674 -3.06708109861739 -5.83934689946571
2024-06-22T15:41:00.000 -3761.017749341440 5067.915998399230 -2536.023097126950 -2.85735480265806 -4.76304399185134 -5.26666881292281
2024-06-22T15:45:00.000 -4302.045600218940 3754.806353287530 -3692.407631360310 -1.62384651909621 -6.11279840317617 -4.31109064491302
2024-06-22T15:49:00.000 -4531.062456879260 2169.365353374770 -4580.237763033730 -0.27308683302682 -7.01873800008244 -3.04240108000495
2024-06-22T15:53:00.000 -4431.559157888120 426.631953379448 -5135.039217522250 1.09723772013222 -7.41565599000595 -1.55272348424584
2024-06-22T15:57:00.000 -4010.742509527130 -1347.031703108270 -5316.459771183960 2.38832601223900 -7.27488375754675 0.05024886186291
2024-06-22T16:01:00.000 -3298.986193184670 -3022.964100773030 -5111.118228641040 3.50702708953565 -6.60602670714930 1.65073753431475
2024-06-22T16:05:00.000 -2347.698221181990 -4479.368294843330 -4533.600531741550 4.37221336108902 -5.45639180781386 3.13280193929840
2024-06-22T16:09:00.000 -1225.737145466310 -5610.063634517550 -3625.536952007280 4.92049191126249 -3.90814764788663 4.38835012091231
2024-06-22T16:13:00.000 -14.547962783545 -6332.270172973890 -2452.762218072890 5.11106714863485 -2.07302620107875 5.32503772846129
2024-06-22T16:17:00.000 1197.695287793540 -6592.824217742730 -1100.671765807120 4.92907449762877 -0.08467225840306 5.87327216912415
2024-06-22T16:21:00.000 2322.548101931910 -6372.330126418520 331.956932973630 4.38724930395938 1.91093487752648 5.99194517552178
2024-06-22T16:25:00.000 3277.907123928900 -5686.787291562320 1740.291719579060 3.52538477311629 3.76676005859343 5.67211080174386
2024-06-22T16:29:00.000 3994.176824012240 -4586.435183041510 3021.332242096620 2.40720582747268 5.34642243069367 4.93783849504823
2024-06-22T16:33:00.000 4419.427628310450 -3151.891266610480 4081.616725506660 1.11520515025726 6.53475341792720 3.84397372439846
2024-06-22T16:37:00.000 4523.127267185250 -1487.995130568910 4844.095069293480 -0.25598138111227 7.24625048983264 2.47145873612591
2024-06-22T16:41:00.000 4298.195057426000 284.039592331095 5253.634198958160 -1.60675979921151 7.43066001919657 0.92081789513094
2024-06-22T16:45:00.000 3761.336954000570 2035.480900909980 5280.841028825830 -2.83965538726534 7.07585682583511 -0.69526719865790
2024-06-22T16:49:00.000 2951.721161818890 3639.328245664880 4924.025810676090 -3.86603869782762 6.20823647724383 -2.25998522851424
2024-06-22T16:53:00.000 1928.117784916340 4979.341245081950 4209.226116136630 -4.61209691031326 4.89054275088235 -3.66036221358867
2024-06-22T16:57:00.000 764.717567134815 5958.313790634320 3188.363418941160 -5.02391406023761 3.21777742685891 -4.79497374468620
2024-06-22T17:01:00.000 -454.143238175149 6505.090704794300 1935.574019873840 -5.07139865503381 1.31080576649270 -5.58123443275901
2024-06-22T17:05:00.000 -1640.036844257410 6579.814106926200 541.924692255350 -4.75082348334417 -0.69199727819341 -5.96156683704562
2024-06-22T17:09:00.000 -2706.879528643960 6176.940672702730 -891.177184038237 -4.08536623521427 -2.64480995391049 -5.90796962434681
2024-06-22T17:13:00.000 -3577.245647009190 5325.727249832920 -2259.417563935400 -3.12355100773034 -4.40532943647719 -5.42439393208395
2024-06-22T17:17:00.000 -4188.043811554910 4088.068691430510 -3463.252737602820 -1.93553080279456 -5.84557458113609 -4.54636557663532
2024-06-22T17:21:00.000 -4495.086814627080 2553.894076833160 -4415.189731752180 -0.60766766205699 -6.86132792079677 -3.33809070891447
2024-06-22T17:25:00.000 -4476.216784509820 834.543224889317 -5046.097336336930 0.76394273382366 -7.37938871947257 -1.88740544923240
2024-06-22T17:29:00.000 -4132.821731702790 -945.309589868920 -5310.122870554980 2.08034892081132 -7.36244184548538 -0.29927359998375
2024-06-22T17:33:00.000 -3489.685291790190 -2656.590364868520 -5187.919800509560 3.24665502064570 -6.81129115397130 1.31165515775954
2024-06-22T17:37:00.000 -2593.234985330590 -4175.002871776950 -4688.046564679100 4.17841498199744 -5.76476336562715 2.82880955214313
2024-06-22T17:41:00.000 -1508.313980117700 -5389.930267599620 -3846.467934527880 4.80754303369374 -4.29744718942988 4.14172459583466
2024-06-22T17:45:00.000 -313.625945504993 -6212.502617121570 -2724.130563077120 5.08737875527541 -2.51500531853322 5.15396146357395
2024-06-22T17:49:00.000 903.903687406747 -6582.255811716900 -1402.697438764830 4.99658289003275 -0.54708891196446 5.79048558599824
2024-06-22T17:53:00.000 2055.488639570180 -6471.790927492350 21.354644890735 4.54113893713793 1.46212468219226 6.00371449917568
2024-06-22T17:57:00.000 3057.071862696840 -5888.992259664220 1443.842349933870 3.75430259248842 3.36466091086279 5.77752871118960
2024-06-22T18:01:00.000 3835.638452465050 -4876.538624619380 2760.693073045780 2.69420326625758 5.02052357821240 5.12896306957879
2024-06-22T18:05:00.000 4334.652167996380 -3508.629505956390 3875.762569107810 1.43910062075201 6.30871748592655 4.10653632510292
2024-06-22T18:09:00.000 4518.158114927670 -1885.307506609810 4707.930019603280 0.08111795954264 7.13615958188591 2.78606409333428
2024-06-22T18:13:00.000 4373.270670240760 -124.932935508039 5196.950872882860 -1.28085569250640 7.44412031599898 1.26452226977433
2024-06-22T18:17:00.000 3910.919572655860 1644.532449668970 5307.655872477380 -2.54842245420671 7.21165068933218 -0.34738266211788
2024-06-22T18:21:00.000 3164.909420210050 3294.734616861120 5032.313758284950 -3.63041744710590 6.45637627800726 -1.93302445444830
2024-06-22T18:25:00.000 2189.438735348610 4706.066277427340 4391.093299895850 -4.44904910337643 5.23313144299890 -3.37788832392672
2024-06-22T18:29:00.000 1055.221030925680 5776.179902978290 3430.597088760490 -4.94526002096466 3.63009698143433 -4.57746100669262
2024-06-22T18:33:00.000 -155.531891495694 6427.336954344300 2220.574887040970 -5.08291070160696 1.76302377193830 -5.44454375735785
2024-06-22T18:37:00.000 -1354.996639826450 6612.110176790020 848.967464191352 -4.85172290762159 -0.23273057942804 -5.91570421773816
2024-06-22T18:41:00.000 -2456.113175598060 6316.953772025690 -584.433276224902 -4.26833585775962 -2.21192612149090 -5.95630831149276
2024-06-22T18:45:00.000 -3378.959750879220 5563.278927684620 -1975.293159021680 -3.37523355642292 -4.03035790608894 -5.56338771858065
2024-06-22T18:49:00.000 -4056.610798902470 4405.887411156590 -3222.407843666940 -2.23754639864534 -5.55570651440388 -4.76581961381306
2024-06-22T18:53:00.000 -4440.012328965110 2928.908721650700 -4235.122063581400 -0.93811277863620 -6.67743994638867 -3.62202788897067
2024-06-22T18:57:00.000 -4501.485899399820 1239.564098393890 -4939.894555892910 0.42891437745344 -7.31474864879972 -2.21527006309330
2024-06-22T19:01:00.000 -4236.620594832800 -539.645692510837 -5285.527584008550 1.76492762006024 -7.42176539583642 -0.64734770050393
2024-06-22T19:05:00.000 -3664.530347250960 -2279.712771709960 -5246.777838896370 2.97362033844451 -6.99043987213573 0.96850260832975
2024-06-22T19:09:00.000 -2826.498153234740 -3854.314479418890 -4826.168672460620 3.96761968355016 -6.05106030579847 2.51546759352653
2024-06-22T19:13:00.000 -1783.098615446350 -5148.829643229650 -4053.891676260440 4.67447421656379 -4.67037233117275 3.88111397584254
2024-06-22T19:17:00.000 -609.966425074027 -6068.653677201620 -2985.803326923260 5.04195287680916 -2.94756007965673 4.96531256428542
2024-06-22T19:21:00.000 607.592700435717 -6546.246121984580 -1699.548821155180 5.04226654358745 -1.00767399652182 5.68780323991892
2024-06-22T19:25:00.000 1780.816183887560 -6546.321317271000 -288.992612702756 4.67468880359390 1.00720763982324 5.99465157626263
2024-06-22T19:29:00.000 2824.084029400180 -6068.656610830910 1142.705020439160 3.96597328548509 2.94888795870202 5.86286578644130
2024-06-22T19:33:00.000 3661.313650384720 -5148.188995163020 2490.794946226770 2.96836022774786 4.67445885053275 5.30231302010490
2024-06-22T19:37:00.000 4231.641537425670 -3852.385605842180 3656.795445536780 1.75557596907893 6.05755074263472 4.35496922589603
2024-06-22T19:41:00.000 4493.886351224800 -2276.065308613940 4555.807065164430 0.41677816463763 6.99799042148836 3.09121829754351
2024-06-22T19:45:00.000 4429.420660880720 -534.233920943329 5122.665381116600 -0.95040658945098 7.42864158272598 1.60405069072926
2024-06-22T19:49:00.000 4043.352111015140 1246.410249372700 5316.535232054850 -2.24701779880897 7.31968649649858 0.00193340009093
2024-06-22T19:53:00.000 3363.995823771500 2936.660465412250 5123.678953603170 -3.37973612227059 6.68004913466855 -1.59912971413199
2024-06-22T19:57:00.000 2440.748487502710 4414.009543422690 4558.306542935150 -4.26716560564102 5.55627518726271 -3.08354870776417
2024-06-22T20:01:00.000 1340.557108343290 5571.351072861130 3661.535096171280 -4.84532518804991 4.02945684230366 -4.34400367781166
2024-06-22T20:05:00.000 143.157933647720 6324.659603548760 2498.483263334520 -5.07226316035347 2.20975588734443 -5.28898271340004
2024-06-22T20:09:00.000 -1064.621051479380 6619.113910624730 1153.657084650810 -4.93124875654754 0.22896531753759 -5.84947694025277
2024-06-22T20:13:00.000 -2195.135689563490 6433.191242669720 -275.131496338757 -4.43229691525527 -1.76891528366846 -5.98434403838668
2024-06-22T20:17:00.000 -3166.327093016330 5780.339688254650 -1683.896450701830 -3.61168482955411 -3.63830384123281 -5.68364606906280
2024-06-22T20:21:00.000 -3907.751487110860 4708.023232801150 -2970.124611872960 -2.52929731998054 -5.24313192159355 -4.96950153695422
2024-06-22T20:25:00.000 -4365.719306531420 3294.187169516230 -4040.297483476250 -1.26395964864886 -6.46702188782067 -3.89423575441194
2024-06-22T20:29:00.000 -4507.137588504470 1641.486578846430 -4816.682015739070 0.09259534336172 -7.22163102693299 -2.53620303850621
2024-06-22T20:33:00.000 -4321.816589782300 -130.209164798700 -5242.895820430980 1.44239103609167 -7.45266454937084 -0.99385825564036
2024-06-22T20:37:00.000 -3823.131443536680 -1892.455980840210 -5287.881756264120 2.68816116594916 -7.14328201513299 0.62145724235973
2024-06-22T20:41:00.000 -3047.055038443760 -3517.374417035610 -4948.102274115690 3.73993495126293 -6.31502593402903 2.19303670531129
2024-06-22T20:45:00.000 -2049.651096533110 -4886.767102266970 -4247.876208590650 4.52123710431845 -5.02662838249758 3.60681779413209
2024-06-22T20:49:00.000 -903.164128818637 -5900.653446822140 -3237.777369588690 4.97454324317013 -3.37037990836669 4.75936466399266
2024-06-22T20:53:00.000 309.097746150677 -6484.665595081270 -1991.160499435730 5.06583803407277 -1.46622830160097 5.56551462981156
2024-06-22T20:57:00.000 1498.801155415060 -6595.722490046520 -598.930310869671 4.78760028182293 0.54663153485285 5.96518045129557
2024-06-22T21:01:00.000 2579.115248683740 -6225.438139975410 837.121844825731 4.15986621232307 2.52013899784280 5.92839732084825
2024-06-22T21:05:00.000 3471.220974549880 -5400.866629842840 2211.920481318840 3.22893810409632 4.30899346732035 5.45795767982213
2024-06-22T21:09:00.000 4110.208998539400 -4182.449015317100 3424.987457700090 2.06362628885893 5.78206526751337 4.58908818039134
2024-06-22T21:13:00.000 4449.848929710480 -2659.390246039980 4387.914136794270 0.74975702965947 6.83227954561748 3.38644100710503
2024-06-22T21:17:00.000 4465.880564044070 -942.894585264558 5030.833144244340 -0.61665515322356 7.38446590344874 1.93877757276848
2024-06-22T21:21:00.000 4157.580331429770 842.115275784945 5307.354661630490 -1.93662385596972 7.39997406662739 0.35177327863543
2024-06-22T21:25:00.000 3547.653722264000 2566.053057557720 5197.742629789680 -3.11503577725688 6.87876516331661 -1.25946102184010
2024-06-22T21:29:00.000 2680.506525567540 4103.948120020410 4710.204675769750 -4.06720073689334 5.85905909536643 -2.77853152214397
2024-06-22T21:33:00.000 1619.037239914660 5344.328772779820 3880.236144988320 -4.72456933149549 4.41447562619173 -4.09572122489852
2024-06-22T21:37:00.000 440.173979038621 6197.176956245180 2768.106191318250 -5.03950251646216 2.64919079356430 -5.11552039437864
2024-06-22T21:41:00.000 -770.610365231033 6600.463444337410 1454.602187172360 -4.98890798252249 0.69093488381931 -5.76352884995237
2024-06-22T21:45:00.000 -1925.462892617940 6524.759641769130 35.239412355653 -4.57622053454639 -1.31800981016084 -5.99223114054744
2024-06-22T21:49:00.000 -2940.560953123480 5975.488646223130 -1386.690691503700 -3.83141263684339 -3.23131686364059 -5.78479042643256
2024-06-22T21:53:00.000 -3742.263039606750 4992.571043846970 -2707.706388929950 -2.80881010321651 -4.90966663151048 -5.15646668804715
2024-06-22T21:57:00.000 -4272.488448048350 3647.464198029540 -3831.738365785680 -1.58292552428965 -6.23121318027019 -4.15334935929842
2024-06-22T22:01:00.000 -4492.901705979270 2037.858417000300 -4677.128272418000 -0.24273509655372 -7.10049467098023 -2.84862866598346
2024-06-22T22:05:00.000 -4387.601637901560 280.512913501081 -5182.482833004640 1.11491882303155 -7.45493506191074 -1.33693269618573
2024-06-22T22:09:00.000 -3964.187235060620 -1497.163859724190 -5311.020408414440 2.39218201683068 -7.26883954810652 0.27247824051369
2024-06-22T22:13:00.000 -3253.191014871030 -3166.211233723370 -5053.175167675410 3.49688751735971 -6.55502088389629 1.86339556904998
2024-06-22T22:17:00.000 -2305.948073338090 -4605.298228725900 -4427.316972262570 4.34884836925080 -5.36392750865231 3.32052530733842
2024-06-22T22:21:00.000 -1191.023856546570 -5709.448266001820 -3478.584536090550 4.88556045710528 -3.78070862423447 4.53744725612485
2024-06-22T22:25:00.000 10.626478160442 -6397.757551648620 -2275.799436736310 5.06695947915583 -1.91970943112517 5.42444764104753
2024-06-22T22:29:00.000 1211.483731709570 -6619.522756344210 -906.605713902299 4.87887293365201 0.08323652033376 5.91548418108179
2024-06-22T22:33:00.000 2323.920370539400 -6358.221158261370 528.927286656554 4.33462110707034 2.08096533820154 5.97378845961765
2024-06-22T22:37:00.000 3266.746191381680 -5632.878707486200 1925.754695555300 3.47421867965061 3.92634256515991 5.59496859716097
2024-06-22T22:41:00.000 3971.297405873910 -4496.668897141540 3181.734509552450 2.36132729651991 5.48382644841503 4.80744977650665
2024-06-22T22:45:00.000 4386.515966655920 -3032.829295525950 4205.264439932740 1.07800532934770 6.63999345651994 3.66996593571779
2024-06-22T22:49:00.000 4482.612583560800 -1348.323517190990 4922.000269031310 -0.28175039543570 7.31172631592014 2.26663473476187
2024-06-22T22:53:00.000 4253.063082155460 434.160864515065 5280.167644847460 -1.61923870812499 7.45176366693774 0.70015810391016
2024-06-22T22:57:00.000 3714.897626186980 2185.171309550500 5254.109035870830 -2.83802539289910 7.05118920985287 -0.91580187522187
2024-06-22T23:01:00.000 2907.356565907040 3777.747975481920 4845.981978257530 -3.85048976550309 6.13954302035143 -2.46443727755659
2024-06-22T23:05:00.000 1889.050246923280 5096.458322596440 4085.550417031150 -4.58377759010320 4.78279572001454 -3.83386047617466
2024-06-22T23:09:00.000 733.780836418646 6045.639913953440 3028.051380900030 -4.98489047483920 3.07877863169732 -4.92491096810385
2024-06-22T23:13:00.000 -474.708517889466 6556.297085838600 1750.289897279480 -5.02452149997293 1.15064471419544 -5.65811595945465
2024-06-22T23:17:00.000 -1648.745920864530 6591.201334574830 345.161658794758 -4.69950680264883 -0.86162193129803 -5.97975664751122
2024-06-22T23:21:00.000 -2703.115568640750 6147.722333091750 -1085.088498760070 -4.03338360620467 -2.81149029745488 -5.86616825235341
2024-06-22T23:25:00.000 -3561.310940754100 5258.083126337430 -2436.366882695770 -3.07473791877612 -4.55691061096597 -5.32572859000507
2024-06-22T23:29:00.000 -4161.136884898200 3986.969777808400 -3610.389206253060 -1.89346508700465 -5.97110059105836 -4.39811945915515
2024-06-22T23:33:00.000 -4459.203612625390 2426.720052277640 -4521.848864035420 -0.57537995865949 -6.95179114358796 -3.15108591233663
2024-06-22T23:37:00.000 -4433.993793391100 690.537779631591 -5104.557862443940 0.78418295485807 -7.42835237293416 -1.67518689516435
2024-06-22T23:41:00.000 -4087.330103862620 -1095.704622212520 -5316.141719395200 2.08720526230235 -7.36639225957873 -0.07711716366857
2024-06-22T23:45:00.000 -3444.202804872260 -2802.458689643400 -5141.029780467740 3.23973219821523 -6.76982036441049 1.52772699089574
2024-06-22T23:49:00.000 -2551.022824020210 -4305.721110725650 -4591.606452001240 4.15825591335964 -5.68072261694524 3.02314402737273
2024-06-22T23:53:00.000 -1472.392259465470 -5495.930237024370 -3707.430937505000 4.77558819946264 -4.17672358258493 4.30017919514061
2024-06-22T23:57:00.000 -286.573612018643 -6285.965954502300 -2552.568978153550 5.04585373367368 -2.36622864242454 5.26485733218106
2024-06-23T00:01:00.000 920.124019973515 -6617.709235033050 -1211.097514717740 4.94836665243999 -0.38107087804213 5.84550802690364
2024-06-23T00:05:00.000 2059.671413951860 -6466.556304992200 218.988394993898 4.48965292276566 1.63304191982979 5.99865644565088
2024-06-23T00:09:00.000 3048.883741615180 -5843.425139087340 1633.048656676200 3.70334454763851 3.52776151281719 5.71280200235110
2024-06-23T00:13:00.000 3815.668078217720 -4793.979501518850 2927.645245501850 2.64759649514736 5.16379084697734 5.00939518689238
2024-06-23T00:17:00.000 4304.373000026570 -3395.134204441670 4008.288028539070 1.40034044051174 6.42167765421626 3.94100392638376
2024-06-23T00:21:00.000 4479.816852558250 -1749.180079285620 4796.405458368620 0.05311397652002 7.21067204013947 2.58678093254040
2024-06-23T00:25:00.000 4329.712263217020 23.907432502319 5234.991481092980 -1.29607198931929 7.47493049054274 1.04608802506003
2024-06-23T00:29:00.000 3865.357452517000 1795.281047349940 5292.556822864360 -2.54981214717196 7.19666995775406 -0.56908165279830
2024-06-23T00:33:00.000 3120.683298230410 3436.482347911610 4965.222571357580 -3.61798575519725 6.39680910192392 -2.14198150285623
2024-06-23T00:37:00.000 2149.766349459220 4828.561533804710 4276.902443046850 -4.42375844961159 5.13322148429831 -3.55903927443068
2024-06-23T00:41:00.000 1022.989981881090 5870.550867427830 3277.610539583060 -4.90891699127916 3.49706622842747 -4.71763259416416
2024-06-23T00:45:00.000 -177.972192683003 6486.752631375080 2039.922008418490 -5.03816607740725 1.60653982095263 -5.53350940764550
2024-06-23T00:49:00.000 -1366.012277224030 6632.283653344650 653.798757092290 -4.80184558565435 -0.40125921504883 -5.94696477547103
2024-06-23T00:53:00.000 -2454.905976944410 6296.462898958030 -779.910993629771 -4.21698437976486 -2.38019074100422 -5.92761510123855
2024-06-23T00:57:00.000 -3365.629726175890 5503.669871353100 -2156.860993595890 -3.32619083963704 -4.18608104303525 -5.47688705981499
2024-06-23T01:01:00.000 -4032.156148696990 4311.553095393670 -3376.877682788970 -2.19445927611751 -5.68761949197274 -4.62789465978414
2024-06-23T01:05:00.000 -4406.249830015370 2806.737697211100 -4351.292481042710 -0.90409686956437 -6.77611097330256 -3.44273693426650
2024-06-23T01:09:00.000 -4460.893850315410 1098.433569407860 -5009.344612246130 0.45148179392466 -7.37312118060152 -2.00758539634037
2024-06-23T01:13:00.000 -4192.148915451150 -689.498242910408 -5303.212154210850 1.77451072538820 -7.43563503888366 -0.42626539946158
2024-06-23T01:17:00.000 -3619.385138697130 -2427.415765784570 -5211.384664583100 2.96963328059800 -6.95874142443571 1.18706271751492
2024-06-23T01:21:00.000 -2783.914148460330 -3989.118956561100 -4740.210385313390 3.95038704067337 -5.97588732614110 2.71571345755596
2024-06-23T01:25:00.000 -1746.129340376700 -5260.873374443790 -3923.552857744560 4.64519625605050 -4.55700387906197 4.04843144056863
2024-06-23T01:29:00.000 -581.268880154400 -6149.690105404750 -2820.519287584150 5.00270476987417 -2.80409236851711 5.08739500310286
2024-06-23T01:33:00.000 625.944882379558 -6590.261546155040 -1511.338913291630 4.99582050296815 -0.84452142592696 5.75557506613534
2024-06-23T01:37:00.000 1787.483097211440 -6549.999869525540 -91.586840046794 4.62433179650697 1.17812075874736 6.00301390864107
2024-06-23T01:41:00.000 2818.552741616870 -6031.651250095220 1334.870157048350 3.91530321202183 3.11488541707112 5.81109318954404
2024-06-23T01:45:00.000 3643.961947250910 -5073.177055842980 2663.657473181480 2.92114622069625 4.82322259498070 5.19423577717079
2024-06-23T01:49:00.000 4203.730339542340 -3744.848657122180 3797.726566281850 1.71533873157052 6.17816592344162 4.19860674440083
2024-06-23T01:53:00.000 4457.458590098350 -2143.861541995950 4654.542204208660 0.38648551123582 7.08168646918709 2.89811453862228
2024-06-23T01:57:00.000 4387.149613820130 -387.003189276308 5172.042497330440 -0.96851352825630 7.46943196002386 1.38836428195891
2024-06-23T02:01:00.000 3998.334080905480 1397.967517455610 5312.998398511490 -2.25167533371127 7.31474884043387 -0.22065029684467
2024-06-23T02:05:00.000 3319.510062621020 3081.553879977140 5067.507474133940 -3.37068031016941 6.62979660696428 -1.81250285948662
2024-06-23T02:09:00.000 2400.018333298220 4541.740070943290 4453.587319623110 -4.24513382180260 5.46436440196517 -3.27229334752324
2024-06-23T02:13:00.000 1306.514994220910 5672.650450436870 3515.860830516260 -4.81195587590134 3.90242643601404 -4.49446667188304
2024-06-23T02:17:00.000 118.256158311129 6392.149224108410 2322.422570276610 -5.02991328624047 2.05674942161666 -5.39018573132857
2024-06-23T02:21:00.000 -1078.575988753860 6647.862910366280 960.002354146008 -4.88292393413691 0.06111423778128 -5.89398308216835
2024-06-23T02:25:00.000 -2197.122121718040 6421.097364904820 -472.291467211380 -4.38149547485552 -1.93932949761304 -5.96886680747302
2024-06-23T02:29:00.000 -3156.196710269640 5728.287672284620 -1870.213517363230 -3.56213598129486 -3.79884201547688 -5.60932079119442
2024-06-23T02:33:00.000 -3886.244764947250 4619.807239146370 -3132.043216991210 -2.48462351962180 -5.38212029961726 -4.84175496397084
2024-06-23T02:37:00.000 -4334.405303568430 3176.229294802640 -4166.045034625520 -1.22740418794368 -6.57437981447052 -3.72240193689271
2024-06-23T02:41:00.000 -4468.296169717330 1502.356348896820 -4897.121922589700 0.11839785632805 -7.28965507300407 -2.33276393261642
2024-06-23T02:45:00.000 -4278.258835269840 -280.426398965755 -5272.167359560140 1.45566954760813 -7.47646364501480 -0.77347030589258
2024-06-23T02:49:00.000 -3777.985536824960 -2042.863777806020 -5263.809413792810 2.68805054322398 -7.12103654149146 0.84290542914989
2024-06-23T02:53:00.000 -3003.545457744110 -3657.029669532880 -4872.362814144960 3.72649677446654 -6.24817472433160 2.39953199775746
2024-06-23T02:57:00.000 -2010.879492252910 -5005.455276833160 -4125.891153688850 4.49541812344320 -4.91978031805158 3.78333658957082
2024-06-23T03:01:00.000 -871.907037265531 -5989.630423899400 -3078.350523116190 4.93810221358730 -3.23112814941291 4.89292047480311
2024-06-23T03:05:00.000 330.579669515170 -6537.323759083770 -1805.867732586450 5.02130311982245 -1.30468623230891 5.64614875066840
2024-06-23T03:09:00.000 1508.938284795000 -6608.111340984130 -401.286370441139 4.73817103400919 0.71859179524909 5.98681639012480
2024-06-23T03:13:00.000 2577.161363121330 -6196.572513821250 1032.664384255320 4.10915809382300 2.68983502715701 5.88934347324914
2024-06-23T03:17:00.000 3457.316645924460 -5332.807983246190 2391.046465803890 3.18067439804044 4.46387412754678 5.36105273886071
2024-06-23T03:21:00.000 4085.375661263240 -4080.158166734130 3574.593760269620 2.02138213059917 5.91069369765227 4.44153181347859
2024-06-23T03:25:00.000 4415.916055877340 -2530.338826249160 4497.092684199290 0.71662466568778 6.92530842767171 3.19917636152859
2024-06-23T03:29:00.000 4425.335732509340 -796.488828034999 5091.649902891560 -0.63828419800875 7.43517985448351 1.72550254550365
2024-06-23T03:33:00.000 4113.392121256730 995.221012019898 5315.411953251810 -1.94517759229649 7.40477540334566 0.12807576186867
2024-06-23T03:37:00.000 3503.047597915340 2714.744155573290 5152.485645383010 -3.10995455315086 6.83741169586543 -1.47735420824969
2024-06-23T03:41:00.000 2638.723032742780 4237.445057396180 4614.935127512020 -4.04890860619933 5.77456105412964 -2.97487564997241
2024-06-23T03:45:00.000 1583.101870562410 5452.950104193550 3741.873606108840 -4.69443163328836 4.29292512290074 -4.25629865679284
2024-06-23T03:49:00.000 412.678102845460 6273.031670648200 2596.698548878680 -4.99974258260746 2.49934160843192 -5.22863432938169
2024-06-23T03:53:00.000 -787.689713337277 6638.025922359840 1262.606212968650 -4.94238158538286 0.52362402081839 -5.82092760409792
2024-06-23T03:57:00.000 -1930.894159327470 6521.282262966380 -163.378775156338 -4.52627019365584 -1.49060120583038 -5.98966997102178
2024-06-23T04:01:00.000 -2933.956375433760 5931.219183367100 -1577.470662598010 -3.78167848611997 -3.39657306759311 -5.72243327539731
2024-06-23T04:05:00.000 -3724.113869551320 4910.738331239360 -2876.760870906870 -2.76293109815862 -5.05552603428975 -5.03889524995641
2024-06-23T04:09:00.000 -4244.130958193560 3534.029207567340 -3966.774375896490 -1.54425253908769 -6.34711409148272 -3.98916796273824
2024-06-23T04:13:00.000 -4456.410770425490 1901.062287880490 -4768.331374374630 -0.21403067651308 -7.17808990571333 -2.64975742300778
2024-06-23T04:17:00.000 -4345.628041737030 130.281442941078 -5223.216398838620 1.13163933741525 -7.48862795334731 -1.11777773489183
2024-06-23T04:21:00.000 -3919.759200855300 -1649.935928971060 -5298.294358405710 2.39580721673722 -7.25617218568764 0.49612938368462
2024-06-23T04:25:00.000 -3209.492686194270 -3310.422207758870 -4987.850958702400 3.48722369312196 -6.49674263439670 2.07539400946665
2024-06-23T04:29:00.000 -2266.102939583620 -4730.419799619890 -4314.069395429250 4.32659384354164 -5.26406286184203 3.50544296074741
2024-06-23T04:33:00.000 -1157.884360634980 -5806.290087623590 -3325.588115806580 4.85225745229451 -3.64632548017640 4.68171420090008
2024-06-23T04:37:00.000 34.672906826224 -6459.155607749410 -2094.162836341590 5.02494081026221 -1.76053032706385 5.51735955712067
2024-06-23T04:41:00.000 1224.689373998240 -6640.889538075430 -709.571697391464 4.83108621690095 0.25557780126444 5.95005824567294
2024-06-23T04:45:00.000 2325.308396971290 -6337.923942909640 726.944947300138 4.28454500197678 2.25365580960242 5.94734915674310
2024-06-23T04:49:00.000 3256.218782400920 -5572.381958398860 2110.255822294080 3.42562756571588 4.08657724439872 5.50948547289185
2024-06-23T04:53:00.000 3949.649921938440 -4400.399242717400 3339.232964046500 2.31782593916751 5.61986889763205 4.66931215713047
2024-06-23T04:57:00.000 4355.364121597320 -2907.824887937980 4324.281510180100 1.04278102001489 6.74195563744052 3.48941204363738
2024-06-23T05:01:00.000 4444.261284178950 -1203.698724306010 4993.894116916710 -0.30615875593991 7.37228626376383 2.05689625916137
2024-06-23T05:05:00.000 4210.334870172750 587.887238174682 5299.735370616120 -1.63109128666824 7.46659714856400 0.47650697799784
2024-06-23T05:09:00.000 3670.923236972790 2336.833665496890 5219.955750795150 -2.83650209128668 7.01927355948571 -1.13709185104403
2024-06-23T05:13:00.000 2865.345663138120 3916.346355132360 4760.617423374310 -3.83576153462622 6.06326197258184 -2.66732032333487
2024-06-23T05:17:00.000 1852.054203183820 5211.947427833530 3955.187239896620 -4.55697653519756 4.66765377201229 -4.00369282314730
2024-06-23T05:21:00.000 704.477154903304 6129.631659665760 2862.159058151950 -4.94797745057013 2.93303849671255 -5.04932808320279
2024-06-23T05:25:00.000 -494.201427459385 6602.684447990360 1560.936179688350 -4.98018249925332 0.98492987370835 -5.72801860705648
2024-06-23T05:29:00.000 -1657.026846231560 6596.614586167940 146.123808704310 -4.65098271341091 -1.03527899523987 -5.99005768804096
2024-06-23T05:33:00.000 -2699.598953539270 6111.767229890900 -1279.322748129140 -3.98419778146017 -2.98045365304718 -5.81607772466390
2024-06-23T05:37:00.000 -3546.271965234990 5183.381707561120 -2611.657016064950 -3.02849195700770 -4.70886234232641 -5.21892276010833
2024-06-23T05:41:00.000 -4135.693141680210 3878.961936026580 -3753.984389651590 -1.85353119404909 -6.09502229114853 -4.24242169709610
2024-06-23T05:45:00.000 -4425.224970133070 2293.251865760340 -4623.312700850230 -0.54461139112718 -7.03875489676158 -2.95782871736198
2024-06-23T05:49:00.000 -4393.953987623830 541.289314786759 -5156.511684567620 0.80363268275190 -7.47209143536399 -1.45835865634780
2024-06-23T05:53:00.000 -4044.123065495960 -1249.909688842340 -5314.784001644700 2.09400143709934 -7.36369809103816 0.14762099070342
2024-06-23T05:57:00.000 -3400.934037816030 -2950.422379658500 -5086.410576996640 3.23345765236055 -6.72079285903369 1.74414431850860
2024-06-23T06:01:00.000 -2510.790055283210 -4436.661015800590 -4487.627398753050 4.13937655895627 -5.58871134144706 3.21553795045892
2024-06-23T06:05:00.000 -1438.082213279940 -5600.252060059580 -3561.595743304710 4.74540020842409 -4.04825414230386 4.45443007507133
2024-06-23T06:09:00.000 -260.661923154661 -6355.983593866940 -2375.465058750200 5.00646640757767 -2.21057496643607 5.36954723261285
2024-06-23T06:13:00.000 935.752560429896 -6648.233624066910 -1015.640472659880 4.90258134556397 -0.20965361346821 5.89279639815190
2024-06-23T06:17:00.000 2063.875315820030 -6455.308617732440 418.505386815555 4.44082160182712 1.80757074740667 5.98497863620983
2024-06-23T06:21:00.000 3041.360636075640 -5791.214789002140 1822.015969253150 3.65506366519200 3.69244550840192 5.63911864260780
2024-06-23T06:25:00.000 3796.992680203030 -4704.661970902100 3092.242715864160 2.60353698967966 5.30643883587696 4.88128535420751
2024-06-23T06:29:00.000 4275.967926079100 -3275.278382094900 4136.529624825860 1.36382599786360 6.53199108492575 3.76802799308347
2024-06-23T06:33:00.000 4443.823011146680 -1607.538498237810 4878.994028367000 0.02675265389460 7.28082645751520 2.38163960248437
2024-06-23T06:37:00.000 4288.799466346380 177.036018881205 5265.961165812100 -1.31046545090726 7.49993118604302 0.82369813709585
2024-06-23T06:41:00.000 3822.532873068350 1948.782780261550 5269.691554020800 -2.55126569234721 7.17476598190388 -0.79259432261417
2024-06-23T06:45:00.000 3079.077459305620 3579.222868850110 4890.203445791960 -3.60644246622131 6.32958242564313 -2.35043467579479
2024-06-23T06:49:00.000 2112.411823072520 4950.186200420730 4155.190766112620 -4.40010053285658 5.02554977562996 -3.73732602585014
2024-06-23T06:53:00.000 992.597183922201 5962.228478203180 3118.050120257850 -4.87491591827024 3.35668032233552 -4.85281879811407
2024-06-23T06:57:00.000 -199.202540291391 6541.807908291020 1854.117139777900 -4.99627690091189 1.44361069653746 -5.61567571228838
2024-06-23T07:01:00.000 -1376.543778660260 6646.712353978740 455.280134315121 -4.75513284263622 -0.57480797690196 -5.97010294773953
2024-06-23T07:05:00.000 -2453.990655336180 6269.226990633770 -976.689463784463 -4.16889142786949 -2.55172798928208 -5.89006598886903
2024-06-23T07:09:00.000 -3353.358843283490 5436.763014445660 -2337.577577613690 -3.28023531549554 -4.34311439619963 -5.38141760922128
2024-06-23T07:13:00.000 -4009.450562412160 4209.854929526280 -3528.394380478170 -2.15399043406437 -5.81875360099473 -4.48152711330170
2024-06-23T07:17:00.000 -4374.788081648480 2677.645238095220 -4462.610162965580 -0.87203389320053 -6.87188572826745 -3.25616269211947
2024-06-23T07:21:00.000 -4422.978930937000 951.314704523759 -5072.390435017170 0.47287853640446 -7.42665700349946 -1.79433503385153
2024-06-23T07:25:00.000 -4150.536609613640 -843.977015221222 -5313.405609715430 1.78374776292323 -7.44305391819224 -0.20174729704708
2024-06-23T07:29:00.000 -3577.087619807730 -2578.046331659900 -5167.963376395400 2.96607660011104 -6.91943340743340 1.40661406528062
2024-06-23T07:33:00.000 -2743.985092033830 -4124.949912392910 -4646.298000789950 3.93433278279611 -5.89259303709321 2.91435308386899
2024-06-23T07:37:00.000 -1711.445167761620 -5371.995230106860 -3785.947997020740 4.61779924687221 -4.43562358764764 4.21165212622002
2024-06-23T07:41:00.000 -554.337610542215 -6227.961968105730 -2649.226694135840 4.96587798360284 -2.65339725129285 5.20316124937238
2024-06-23T07:45:00.000 643.163361258058 -6629.932595986980 -1318.856782811900 4.95219423993231 -0.67552924880298 5.81527586840578
2024-06-23T07:49:00.000 1793.729197629730 -6548.159371425970 108.002136681082 4.57709365101969 1.35290294142380 6.00216772838563
2024-06-23T07:53:00.000 2813.381346318310 -5988.462875830670 1526.953949274320 3.86799569450891 3.28253795612463 5.74979548066600
2024-06-23T07:57:00.000 3627.784379189440 -4991.851303901660 2834.191520021690 2.87731561677456 4.97142106262935 5.07708101965194
2024-06-23T08:01:00.000 4177.782976382040 -3631.390481806400 3934.280330103670 1.67826468366487 6.29611812927776 4.03436491649534
2024-06-23T08:05:00.000 4423.705615120030 -2006.591288585080 4747.213853715790 0.35890554163996 7.16100153852357 2.69893131124693
2024-06-23T08:09:00.000 4348.113170053870 -235.913126001726 5214.149607783790 -0.98472314510232 7.50460859378648 1.16872505386925
2024-06-23T08:13:00.000 3956.882912090900 1551.922275072990 5301.512537916490 -2.25548706400218 7.30329811651949 -0.44491442263670
2024-06-23T08:17:00.000 3278.658325065040 3227.210557556500 5003.265572228010 -3.36191425791078 6.57250626473797 -2.02521123235920
2024-06-23T08:21:00.000 2362.721043940360 4668.517619083610 4341.234119983440 -4.22445693221789 5.36526423367861 -3.45806539015330
2024-06-23T08:25:00.000 1275.469369252110 5771.309928415410 3363.534951866420 -4.78084842355049 3.76862892081857 -4.63976097845401
2024-06-23T08:29:00.000 95.713823730761 6455.480230885970 2141.180157481580 -4.99058652172302 1.89794157531923 -5.48437415897901
2024-06-23T08:33:00.000 -1090.972846871190 6671.221861154010 763.022618483489 -4.83821716032191 -0.11113246301735 -5.93012322728000
2024-06-23T08:37:00.000 -2198.466159957750 6402.764349045920 -670.669139173065 -4.33466364357843 -2.11237657044276 -5.94431274803236
2024-06-23T08:41:00.000 -3146.390139961140 5669.598717967340 -2055.555704166380 -3.51661900222564 -3.96003170706010 -5.52592227067852
2024-06-23T08:45:00.000 -3866.009390282090 4525.043919995250 -3290.883373432000 -2.44376951723341 -5.51972238238925 -4.70566403610577
2024-06-23T08:49:00.000 -4305.228040255010 3052.288188832400 -4286.861520629460 -1.19419456454150 -6.67845331897300 -3.54356872770146
2024-06-23T08:53:00.000 -4432.311708114340 1358.238857445420 -4971.165466150920 0.14157300769820 -7.35270374933550 -2.12419574378042
2024-06-23T08:57:00.000 -4238.090496834310 -434.267528762828 -5294.081452322630 1.46715305583832 -7.49395389881446 -0.55026251744645
2024-06-23T09:01:00.000 -3736.553528760580 -2195.273059747490 -5232.008610096450 2.68703807587566 -7.09168026973926 1.06460242673164
2024-06-23T09:05:00.000 -2963.856346377540 -3796.943959885820 -4789.149754741400 3.71307081606116 -6.17402222609732 2.60365697222087
2024-06-23T09:09:00.000 -1975.815606240240 -5122.695183827120 -3997.306045241520 4.47053459063247 -4.80611990893237 3.95498122782785
2024-06-23T09:13:00.000 -844.016964475857 -6075.647413919460 -2913.761659936810 4.90356728972324 -3.08618831527545 5.01945105198530
2024-06-23T09:17:00.000 349.266842348466 -6585.841678862120 -1617.296089523260 4.97961061205423 -1.13905594496398 5.71823392643285
2024-06-23T09:21:00.000 1517.058475386610 -6615.603520912020 -202.526000711502 4.69234742656772 0.89272135111584 5.99910465652010
2024-06-23T09:25:00.000 2574.126563484280 -6162.542453089210 1227.061581955460 4.06261352382733 2.85957324372506 5.84093318804090
2024-06-23T09:29:00.000 3443.379707772190 -5259.826842442370 2566.865565895760 3.13694799589203 4.61674037589782 5.25562838389318
2024-06-23T09:33:00.000 4061.614907856060 -3973.639951447600 3719.019427574950 1.98375128174194 6.03560987970644 4.28697492891098
2024-06-23T09:37:00.000 4384.138593453660 -2398.115205350930 4599.641682930990 0.68785483587453 7.01333151397534 3.00691537241981
2024-06-23T09:41:00.000 4387.928338138000 -648.213330566448 5144.918719757390 -0.65616672058172 7.48015315897020 1.50960416363666
2024-06-23T09:45:00.000 4073.118654644450 1148.787855859970 5315.579617954400 -1.95107174869191 7.40364437924764 -0.09587306952650
2024-06-23T09:49:00.000 3462.831372146320 2862.480103801070 5099.546005755670 -3.10360464865885 6.79022499123435 -1.69329746104005
2024-06-23T09:53:00.000 2601.455369909340 4368.623601636440 4512.698837704200 -4.03084153282848 5.68457943090944 -3.16724931407424
2024-06-23T09:57:00.000 1551.454417291680 5558.001494333580 3597.715675523240 -4.66593630214303 4.16648337115142 -4.41112795813917
2024-06-23T10:01:00.000 388.931647763693 6344.246294473710 2421.052537936440 -4.96277724212516 2.34552335594944 -5.33457925873091
2024-06-23T10:05:00.000 -801.804129607562 6670.143766361030 1068.225486939030 -4.89956624006687 0.35363944886777 -5.87012868610119
2024-06-23T10:09:00.000 -1934.336524501300 6511.904812521880 -362.348919069440 -4.48068953366594 -1.66427253987429 -5.97847905615765
2024-06-23T10:13:00.000 -2926.459613373560 5880.997294617710 -1766.549195518200 -3.73666098820093 -3.56118919389689 -5.65170921169933
2024-06-23T10:17:00.000 -3706.211658917790 4823.306879605440 -3042.199863265370 -2.72176880084702 -5.19909739211381 -4.91383433670069
2024-06-23T10:21:00.000 -4217.115285667520 3415.729174098680 -4096.555874129950 -1.50993104733585 -6.45921060858104 -3.81890219293592
2024-06-23T10:25:00.000 -4422.234371015620 1760.476227730490 -4853.037716882590 -0.18904159075967 -7.25058499960970 -2.44668884476455
2024-06-23T10:29:00.000 -4306.761052650220 -22.395476525952 -5256.705252445900 1.14550109298408 -7.51627242594310 -0.89662880087141
2024-06-23T10:33:00.000 -3879.010683089500 -1803.629149359240 -5278.134089730990 2.39752942467688 -7.23694139333509 0.71933956897428
2024-06-23T10:37:00.000 -3169.809040136050 -3453.975053908370 -4915.496309480540 3.47667990297165 -6.43197225391884 2.28448441281039
2024-06-23T10:41:00.000 -2230.354557260590 -4853.392780066190 -4194.765452112660 4.30453947020284 -5.15835947125310 3.68520200464387
2024-06-23T10:45:00.000 -1128.663556379870 -5899.712958180970 -3168.006393689360 4.82023256877242 -3.50727472270904 4.81895724558832
2024-06-23T10:49:00.000 55.230672231230 -6516.200358934000 -1909.799918768820 4.98521061247298 -1.59830993792751 5.60189556078545
2024-06-23T10:53:00.000 1235.078683885880 -6657.409462590480 -511.914039434905 4.78661305906575 0.42898537533309 5.97563405951140
2024-06-23T10:57:00.000 2324.782355911950 -6312.752840311270 923.433795185046 4.23861855664341 2.42552502733000 5.91209670801092
2024-06-23T11:01:00.000 3244.835178261080 -5507.420583843390 2291.204430246620 3.38164282483156 4.24423961574052 5.41605098894742
2024-06-23T11:05:00.000 3928.278358734840 -4300.476247911430 3491.435325086090 2.27910908685885 5.75177951517360 4.52469766393869
2024-06-23T11:09:00.000 4325.629554743660 -2780.302902233240 4436.676250829480 1.01222779706886 6.83867359549881 3.30434457595152
2024-06-23T11:13:00.000 4408.395395160220 -1057.898657091910 5058.348502832660 -0.32640334294731 7.42698624197824 1.84490438542001
2024-06-23T11:17:00.000 4170.992243305660 741.361817750595 5311.609037065870 -1.63967174839926 7.47549452480153 0.25298808559468
2024-06-23T11:21:00.000 3630.970322198970 2486.860538828470 5178.410005977300 -2.83301338147364 6.98181569862100 -1.35605958991855
2024-06-23T11:25:00.000 2827.645201553760 4052.046810766830 4668.644335888610 -3.82060498754357 5.98202025206007 -2.86604462574498
2024-06-23T11:29:00.000 1819.290541693130 5323.430753739860 3819.408739652790 -4.53123128967217 4.54828953358486 -4.16777436714562
2024-06-23T11:33:00.000 678.992946719607 6208.723125905350 2692.387548016200 -4.91340917162984 2.78409753193122 -5.16678537530731
2024-06-23T11:37:00.000 -510.563495493518 6643.536009466640 1369.472795117180 -4.93917274621530 0.81715123115714 -5.79019209193734
2024-06-23T11:41:00.000 -1663.056788326520 6596.159093827380 -53.114791759037 -4.60640794065872 -1.20958509514444 -5.99226435804368
2024-06-23T11:45:00.000 -2694.826868905090 6069.984147157760 -1471.836286372600 -3.93930746367977 -3.14843553703407 -5.75818263952723
2024-06-23T11:49:00.000 -3531.016802019990 5103.278716481520 -2783.444825343400 -2.98656156343909 -4.85825643095303 -5.10516712643764
2024-06-23T11:53:00.000 -4111.040589358410 3766.340956358990 -3892.561267583880 -1.81762990292225 -6.21495982555827 -4.08111126009554
2024-06-23T11:57:00.000 -4392.946531445620 2156.277156004590 -4718.612268431160 -0.51735214128746 -7.12053076539676 -2.76069374271841
2024-06-23T12:01:00.000 -4356.373952377130 389.891422100081 -5201.609956088040 0.82028970410879 -7.50977329832000 -1.23969617121006
2024-06-23T12:05:00.000 -4003.943527807650 -1404.749137470700 -5306.395562158140 2.09887535484493 -7.35450700866240 0.37197140564159
2024-06-23T12:09:00.000 -3361.044338805250 -3097.456231434870 -5025.126137490410 3.22618158487710 -6.66532274833356 1.95790793494963
2024-06-23T12:13:00.000 -2474.061474584520 -4565.190003080510 -4377.878082620260 4.12046520593270 -5.49089724658564 3.40317954214296
2024-06-23T12:17:00.000 -1407.163604866270 -5700.895783664640 -3411.342589959560 4.71618154631411 -3.91509247584218 4.60223656310579
2024-06-23T12:21:00.000 -237.792338765889 -6421.367312191750 -2195.644808638880 4.96900831512322 -2.05169744440034 5.46659779361685
2024-06-23T12:25:00.000 948.904321317668 -6673.549283483480 -819.385539241173 4.85954649421401 -0.03670498806076 5.93183374826451
2024-06-23T12:29:00.000 2066.341678777290 -6438.706699244270 616.829797546097 4.39537271361356 1.98175882469787 5.96308609039547
2024-06-23T12:33:00.000 3032.973158454190 -5733.947452479650 2007.900055409160 3.61062770106699 3.85506522639664 5.55799602921123
2024-06-23T12:37:00.000 3778.390391404940 -4610.952779175890 3252.109423490960 2.56337404279967 5.44563425194469 4.74693870616829
2024-06-23T12:41:00.000 4248.540590134830 -3152.011575491970 4258.725759713860 1.33090235972831 6.63761285343429 3.59040639615617
2024-06-23T12:45:00.000 4409.610568715150 -1463.735146122870 4954.652068254120 0.00347422628183 7.34533480844419 2.17382477721865
2024-06-23T12:49:00.000 4250.327868332740 330.907043895579 5289.615296857540 -1.32248156072636 7.51883019183088 0.60077529785924
2024-06-23T12:53:00.000 3782.612798690300 2101.554669309330 5239.638928652080 -2.55127286543950 7.14677240868811 -1.01451201459756
2024-06-23T12:57:00.000 3040.588756543310 3719.818019761680 4808.620263909940 -3.59460455373251 6.25670130420720 -2.55534091838634
2024-06-23T13:01:00.000 2078.097789934350 5068.385466944380 4027.970753540580 -4.37736367772591 4.91290382011494 -3.91041537120955
2024-06-23T13:05:00.000 964.896583720628 6049.394948448990 2954.394368104120 -4.84285565973298 3.21228335211769 -4.98149773444397
2024-06-23T13:09:00.000 -218.306231878221 6591.532135962370 1665.885089477370 -4.95711534884966 1.27787926746869 -5.69053556159807
2024-06-23T13:13:00.000 -1385.665866861910 6655.291283623410 256.139031968414 -4.71159888936471 -0.74984938868168 -5.98557035718167
2024-06-23T13:17:00.000 -2452.445497103630 6235.965995487470 -1172.248061113240 -4.12407585790332 -2.72319449266246 -5.84492380029107
2024-06-23T13:21:00.000 -3341.234483996130 5364.046475294210 -2515.316953419320 -3.23743608355629 -4.49843390462852 -5.27897942441814
2024-06-23T13:25:00.000 -3987.612904553440 4102.946459097140 -3675.381396414900 -2.11633832425903 -5.94662924311740 -4.32926392923906
2024-06-23T13:29:00.000 -4344.809416444760 2544.291726158800 -4568.152079118790 -0.84225216902069 -6.96304965807823 -3.06515346066425
2024-06-23T13:33:00.000 -4387.014821836550 801.177086553093 -5128.801606482050 0.49268372395850 -7.47450514937928 -1.57840730801888
2024-06-23T13:37:00.000 -4111.160415464690 -1000.015173743510 -5316.553594129790 1.79221819527403 -7.44406020988842 0.02349308385857
2024-06-23T13:41:00.000 -3537.102330543080 -2728.648498862190 -5117.565955303780 2.96265124073588 -6.87337131357602 1.62487091120194
2024-06-23T13:45:00.000 -2706.236444653380 -4259.132795932570 -4545.956450584500 3.91922508003142 -5.80263935459737 3.10974734783098
2024-06-23T13:49:00.000 -1678.628190563360 -5479.933705727940 -3642.906836936900 4.59204946911587 -4.30818912990035 4.36989980328306
2024-06-23T13:53:00.000 -528.805328904571 -6301.709623502010 -2473.860165695860 4.93127322548371 -2.49763504006488 5.31261381143071
2024-06-23T13:57:00.000 659.562238986739 -6664.015095461950 -1123.935499560830 4.91113598129387 -0.50278826537012 5.86774696464042
2024-06-23T14:01:00.000 1799.788397585810 -6540.014906982400 308.233421475704 4.53251210142731 1.52985887188924 5.99365640669226
2024-06-23T14:05:00.000 2808.645051470140 -5938.661971339210 1717.837555588830 3.82318189319893 3.45055489978385 5.68089820518736
2024-06-23T14:09:00.000 3612.604762183320 -4904.052763138320 3001.767552556270 2.83565338876602 5.11810811230481 4.95296774216173
2024-06-23T14:13:00.000 4153.299512051320 -3512.034761451710 4066.327169214490 1.64287495125788 6.41081164954466 3.86423573897224
2024-06-23T14:17:00.000 4391.744196869500 -1864.403967009270 4834.132560504540 0.33235369101236 7.23542236154235 2.49531225481572
2024-06-23T14:21:00.000 4311.038327859940 -81.261787664027 5249.656281120330 -1.00052486081429 7.53344828010475 0.94653727147224
2024-06-23T14:25:00.000 3917.425036638120 1707.798762987150 5283.074453218720 -2.25943528113132 7.28462822457290 -0.66954054940446
2024-06-23T14:29:00.000 3239.704145305890 3373.013766185110 4932.252769766590 -3.35381020983539 6.50774430705406 -2.23604649060693
2024-06-23T14:33:00.000 2327.099246805550 4793.683839894050 4222.819399456310 -4.20496948050993 5.25908896777229 -3.63984284766496
2024-06-23T14:37:00.000 1245.753521247080 5866.762550652170 3206.326629500040 -4.75142556182106 3.62868993858708 -4.77928716175810
2024-06-23T14:41:00.000 74.040752109348 6514.286494445300 1956.609082706040 -4.95339207881290 1.73434777160917 -5.57147333826719
2024-06-23T14:45:00.000 -1103.049503493650 6689.103964275070 564.516540448453 -4.79592692452892 -0.28649313322099 -5.95843866669645
2024-06-23T14:49:00.000 -2200.085495800210 6378.421236237720 -868.661702775276 -4.29034222568294 -2.28673173789455 -5.91173615015980
2024-06-23T14:53:00.000 -3137.453891702180 5604.813503656660 -2238.616289814690 -3.47352091561593 -4.12062959150079 -5.43483702648127
2024-06-23T14:57:00.000 -3847.195051013990 4424.549572571610 -3445.694056296920 -2.40505425353507 -5.65489455406261 -4.56278502777062
2024-06-23T15:01:00.000 -4277.933400533220 2923.400404833350 -4402.177346302330 -1.16266354509506 -6.77847104216984 -3.35933333501892
2024-06-23T15:05:00.000 -4398.538511137760 1210.309799073740 -5038.613138756540 0.16372274516701 -7.41040741244210 -1.91194886541141
2024-06-23T15:09:00.000 -4200.281133582430 -590.517841972496 -5308.745480508340 1.47845644034147 -7.50515886565432 -0.32530434039956
2024-06-23T15:13:00.000 -3697.411918731100 -2348.504629949500 -5192.777251977370 2.68678441683978 -7.05544042655351 1.28604988769825
2024-06-23T15:17:00.000 -2926.164267260370 -3935.990793328260 -4698.807042374390 3.70131550157055 -6.09273713313858 2.80553218232137
2024-06-23T15:21:00.000 -1942.253444372380 -5237.368261845550 -3862.358748583900 4.44806830440078 -4.68550930398503 4.12252093476992
2024-06-23T15:25:00.000 -816.983327697442 -6157.496796564270 -2743.986599551670 4.87194888753248 -2.93491947145793 5.14034751501365
2024-06-23T15:29:00.000 367.829060020289 -6628.782856298410 -1425.038744718600 4.94104714657804 -0.96807002514649 5.78350711346285
2024-06-23T15:33:00.000 1525.799627257930 -6616.386213532730 -1.818506117289 4.64955667766515 1.07088221011949 6.00379250676255
2024-06-23T15:37:00.000 2572.395369269930 -6121.024108852710 1421.533027925850 4.01866761059133 3.03172547768537 5.78459227678844
2024-06-23T15:41:00.000 3431.284962851590 -5178.999972642470 2740.862282239360 3.09506818525005 4.77012090842260 5.14240601785440
2024-06-23T15:45:00.000 4040.035211772250 -3859.407128943110 3859.819725453100 1.94709513957240 6.15890942594506 4.12528839675833
2024-06-23T15:49:00.000 4354.667469401010 -2258.817857764450 4696.986697062610 0.65914930850719 7.09764714553695 2.80870890498936
2024-06-23T15:53:00.000 4352.732802837180 -493.992387061538 5191.741371284700 -0.67488396549910 7.51945016437769 1.28936470856454
2024-06-23T15:57:00.000 4034.771157599810 1306.720556854140 5308.496033297440 -1.95845584336098 7.39510125533064 -0.32210113950705
2024-06-23T16:01:00.000 3424.133239247530 3012.659601779750 5039.097867475490 -3.09913503294192 6.73456795397284 -1.90907380915467
2024-06-23T16:05:00.000 2565.223069164180 4500.165468826330 4403.293670257510 -4.01489106013014 5.58586484597040 -3.35696002867835
2024-06-23T16:09:00.000 1520.318552755530 5661.372893245640 3447.311125774980 -4.63967387002071 4.03187042792296 -4.56099550185026
2024-06-23T16:13:00.000 365.154166449993 6411.959814275020 2240.588115934770 -4.92809394181757 2.18481045506191 -5.43367716428369
2024-06-23T16:17:00.000 -816.495073545726 6697.314543005510 870.832364275593 -4.85899372993819 0.17856699430477 -5.91124391079949
2024-06-23T16:21:00.000 -1938.880258599930 6496.608565222030 -562.308778882150 -4.43723368585005 -1.84092544064876 -5.95862375646414
2024-06-23T16:25:00.000 -2920.550164321000 5824.408464443540 -1954.529826078460 -3.69355204405638 -3.72653045534856 -5.57235805263656
2024-06-23T16:29:00.000 -3690.321641846230 4729.611208289420 -3204.542690975660 -2.68222719566041 -5.34110327718640 -4.78086376169853
2024-06-23T16:33:00.000 -4192.459575412510 3291.794072517690 -4221.494557186310 -1.47686832395786 -6.56769355044193 -3.64208271170771
2024-06-23T16:37:00.000 -4390.661840704460 1615.327334285840 -4931.537877127870 -0.16480054890719 -7.31783134593116 -2.23887446817605
2024-06-23T16:41:00.000 -4270.600362111310 -178.227603769310 -5283.095566467660 1.15929056829168 -7.53752098461525 -0.67281354986634
2024-06-23T16:45:00.000 -3840.885410784120 -1958.849752483500 -5250.492139183280 2.40003639666720 -7.21060258732146 0.94307492572501
2024-06-23T16:49:00.000 -3132.452200108300 -3597.300729274990 -4835.788691170450 3.46781689017557 -6.35974883326814 2.49199006614011
2024-06-23T16:53:00.000 -2196.432754356200 -4974.346225701370 -4068.733568921050 4.28493967186213 -5.04524945058521 3.86135473770874
2024-06-23T16:57:00.000 -1100.606212624530 -5989.394655354940 -3004.786317391750 4.79124973329547 -3.36136654229747 4.95078461545432
2024-06-23T17:01:00.000 75.405787985436 -6567.967240452990 -1721.272358406460 4.94890048117011 -1.43018938046942 5.67965421129683
2024-06-23T17:05:00.000 1245.913532604360 -6667.374185620210 -311.834639460965 4.74554919640704 0.60708299664077 5.99352336636784
2024-06-23T17:09:00.000 2325.482230838710 -6280.083266927610 1120.430623682010 4.19573795265324 2.60051186939490 5.86866315984604
2024-06-23T17:13:00.000 3235.337448146040 -5434.428764976650 2470.688392769460 3.34006751144166 4.40318804756158 5.31444800994408
2024-06-23T17:17:00.000 3909.266022381490 -4192.447926671270 3640.263845572320 2.24187621889997 5.88300320518567 4.37241658844598
2024-06-23T17:21:00.000 4298.478109800720 -2645.097447318240 4543.965477411290 0.98205907001215 6.93253893672934 3.11260950624876
2024-06-23T17:25:00.000 4375.079428289560 -905.355582669803 5116.274484197820 -0.34730039590444 7.47674101390713 1.62779834189769
2024-06-23T17:29:00.000 4133.925391424290 900.164910611597 5315.950904252560 -1.64985287603535 7.47758414950474 0.02627428611915
2024-06-23T17:33:00.000 3592.827558152700 2640.389498134520 5128.833793253290 -2.83173142671583 6.93603883636981 -1.57591235984570
2024-06-23T17:37:00.000 2791.189063567510 4189.147530980140 4568.742260047080 -3.80792107471109 5.89173832462019 -3.06301284436661
2024-06-23T17:41:00.000 1787.159561143870 5434.150537801450 3676.435418212640 -4.50808834316877 4.42006467555219 -4.32754100634602
2024-06-23T17:45:00.000 653.514012751168 6285.024973001040 2516.732134331910 -4.88145379522663 2.62726417410337 -5.27770149349092
2024-06-23T17:49:00.000 -527.542476787479 6679.894068487120 1173.910612832410 -4.90073127092973 0.64316157097181 -5.84414392012869
2024-06-23T17:53:00.000 -1670.312223538160 6589.968683207580 -254.350409006799 -4.56432663078185 -1.38799125797949 -5.98530614370538
2024-06-23T17:57:00.000 -2691.856053357990 6021.752921222800 -1664.101789314480 -3.89669799206537 -3.31821875354350 -5.69086185966265
2024-06-23T18:01:00.000 -3518.073143790010 5016.585619197470 -2952.767486985900 -2.94658647273289 -5.00703036432892 -4.98248463795105
2024-06-23T18:05:00.000 -4089.120244299310 3647.560513757080 -4026.664834100250 -1.78326602065627 -6.33196456803059 -3.91211242772358
2024-06-23T18:09:00.000 -4363.710913792390 2014.087556861000 -4807.807545308850 -0.49111483097924 -7.19745492061130 -2.55773705971315
2024-06-23T18:13:00.000 -4322.002004008200 234.621349467113 -5239.469331198970 0.83662030348518 -7.54120695851025 -1.01743967299405
2024-06-23T18:17:00.000 -3966.950464612970 -1561.846714950990 -5290.189190702840 2.10428149551969 -7.33820314147968 0.59754688772767
2024-06-23T18:21:00.000 -3324.096861805910 -3244.983243225880 -4956.009121004630 3.22041461775040 -6.60231657017347 2.17058579021332
2024-06-23T18:25:00.000 -2439.800613752180 -4692.388509602230 -4260.822799818230 4.10397462845490 -5.38548372934568 3.58753722027332
2024-06-23T18:29:00.000 -1378.040732858540 -5798.421916397570 -3254.821804250550 4.69010098452869 -3.77472169404156 4.74471825508002
2024-06-23T18:33:00.000 -215.907802053461 -6482.002910244560 -2011.047687665260 4.93512126567676 -1.88653856597208 5.55661536825792
2024-06-23T18:37:00.000 961.957626956376 -6692.774583626200 -620.194480623832 4.82029365450608 0.14109720297594 5.96267570551222
2024-06-23T18:41:00.000 2069.615036040880 -6415.041914423650 816.044058662077 4.35362187258202 2.15916884476352 5.93242336536978
2024-06-23T18:45:00.000 3026.229512002340 -5669.066410481960 2192.550781597060 3.56941900448331 4.01899281740587 5.46805011491870
2024-06-23T18:49:00.000 3762.129357434950 -4509.570050199710 3408.685001877870 2.52576582482597 5.58402494932368 4.60438025647678
2024-06-23T18:53:00.000 4223.965308507930 -3021.508113613400 4375.790253108840 1.29964325950933 6.74042026864920 3.40573038474452
2024-06-23T18:57:00.000 4378.525349338840 -1313.603688197630 5023.667282831950 -0.01918867353281 7.40509725665426 1.96055472257328
2024-06-23T19:01:00.000 4215.003589246840 489.753867419512 5305.562934309840 -1.33493833537441 7.53126941057077 0.37452247616259
2024-06-23T19:05:00.000 3745.615350282650 2257.589608164220 5201.368494942090 -2.55268341422609 7.11104006782072 -1.23733333013759
2024-06-23T19:09:00.000 3004.597203725630 3861.717010705960 4718.910000355380 -3.58484884814190 6.17534946148352 -2.75856662188255
2024-06-23T19:13:00.000 2045.731982462940 5185.848321544390 3893.339311679040 -4.35708497011506 4.79187275371463 -4.07924084572193
2024-06-23T19:17:00.000 938.519577246262 6133.909704266620 2784.635259286600 -4.81353911896155 3.06042815300875 -5.10361055833199
2024-06-23T19:21:00.000 -236.773535484525 6636.994320691390 1473.355622740020 -4.92092626705428 1.10629830206506 -5.75701327975090
2024-06-23T19:25:00.000 -1394.886860770170 6658.455899519380 54.858139709839 -4.67121647533465 -0.92857975984801 -5.99158207131420
2024-06-23T19:29:00.000 -2451.771286950810 6196.686970833940 -1367.633027128740 -4.08251825724828 -2.89599108921461 -5.79009772338323
2024-06-23T19:33:00.000 -3330.757910402510 5285.277260700440 -2690.610641876830 -3.19782247935058 -4.65271783960324 -5.16742308781809
2024-06-23T19:37:00.000 -3968.161817671000 3990.503513262860 -3817.881145439910 -2.08162832601668 -6.07127469439683 -4.16922494850520
2024-06-23T19:41:00.000 -4317.872216721200 2406.405517023930 -4667.564350257880 -0.81495332736126 -7.04916072194735 -2.86832635343190
2024-06-23T19:45:00.000 -4354.615073686640 647.888411587082 -5177.973541528970 0.51064843176106 -7.51600089338423 -1.35910883977923
2024-06-23T19:49:00.000 -4075.692390565640 -1157.587901963880 -5311.967614083710 1.79969164711439 -7.43805188022169 0.24947782812345
2024-06-23T19:53:00.000 -3501.146339661090 -2879.083542523960 -5059.567048592120 2.95924141494602 -6.82023845398959 1.84130478041966
2024-06-23T19:57:00.000 -2672.377736615830 -4391.494336776440 -4438.733532926710 3.90526978449844 -5.70602978398205 3.30102000232147
2024-06-23T20:01:00.000 -1649.291786910240 -5584.535962611360 -3494.217627703940 4.56853364163686 -4.17484349811643 4.52203817474777
2024-06-23T20:05:00.000 -506.106020496412 -6370.834979912290 -2294.517435136810 4.89980056441955 -2.33714747579566 5.41432129933436
2024-06-23T20:09:00.000 673.970463151163 -6692.527783561870 -927.036546955347 4.87393050414670 -0.32692887022701 5.91142235464951
2024-06-23T20:13:00.000 1804.844705040750 -6525.769670804510 508.279639712187 4.49226370238940 1.70810702402646 5.97604689330328
2024-06-23T20:17:00.000 2803.972524957940 -5882.669266212590 1906.390719566830 3.78286063488123 3.61805794584010 5.60333420761622
2024-06-23T20:21:00.000 3598.544857485550 -4810.388839065310 3165.044079664260 2.79822789726470 5.26260716993492 4.82119804599369
2024-06-23T20:25:00.000 4130.883426744680 -3387.528240330190 4192.407496679370 1.61110833431291 6.52176245985089 3.68795029597429
2024-06-23T20:29:00.000 4362.627092395600 -1718.123424206250 4913.831051036190 0.30861772414367 7.30483915210652 2.28745065516221
2024-06-23T20:33:00.000 4277.362340080810 76.168193742142 5277.175214788710 -1.01456213576773 7.55638249071058 0.72222192821819
2024-06-23T20:37:00.000 3881.645102305750 1864.955495533570 5256.411016962950 -2.26283888523913 7.25943141642581 -0.89398658981985
2024-06-23T20:41:00.000 3204.409946671850 3518.496682936140 4853.344583022100 -3.34638921956094 6.43624692388443 -2.44432633971518
2024-06-23T20:45:00.000 2294.840179446990 4916.934136115970 4097.393791131910 -4.18724100875370 5.14644217989606 -3.81684446476242
2024-06-23T20:49:00.000 1218.870661242560 5958.830237854180 3043.489928264560 -4.72461569712573 3.48306668210068 -4.91213621089892
2024-06-23T20:53:00.000 54.497608245029 6568.490366950420 1768.196321695800 -4.91941041212597 1.56638153362164 -5.65044663853770
2024-06-23T20:57:00.000 -1113.820910854210 6701.535626307430 364.236714058781 -4.75726504689938 -0.46448193743874 -5.97775093707563
2024-06-23T21:01:00.000 -2201.303214301620 6348.237130773890 -1066.235114359030 -4.24989257609199 -2.46169911590764 -5.87002090910190
2024-06-23T21:05:00.000 -3129.051991843630 5534.282336073340 -2419.122571336550 -3.43430941248731 -4.27983569950580 -5.33520956972026
2024-06-23T21:09:00.000 -3829.826700235400 4318.871300538260 -3596.035755454340 -2.37001203183248 -5.78681184368339 -4.41259341014175
2024-06-23T21:13:00.000 -4252.916144254620 2790.305148576020 -4511.473331728410 -1.13434712094458 -6.87366514632188 -3.16956700578049
2024-06-23T21:17:00.000 -4367.737224979050 1059.479977808680 -5098.969210419980 0.18333170001637 -7.46211801151668 -1.69635402586035
2024-06-23T21:21:00.000 -4165.955803691110 -748.137386534154 -5315.805710121890 1.48805801192570 -7.50969119757426 -0.09945901792351
2024-06-23T21:25:00.000 -3662.046695983080 -2501.481778417010 -5146.030519968410 2.68581323715041 -7.01243874416338 1.50589054460393
2024-06-23T21:29:00.000 -2892.293072335670 -4073.205498289130 -4601.614723671730 3.68991943568860 -6.00514698060704 3.00351531335045
2024-06-23T21:33:00.000 -1912.290994998650 -5348.792777142880 -3721.734184901230 4.42708328146110 -4.55944449796275 4.28425346283091
2024-06-23T21:37:00.000 -793.072477852578 -6234.915842961240 -2570.121419637180 4.84278239746406 -2.77932031444404 5.25387507183341
2024-06-23T21:41:00.000 383.950156372182 -6666.434036346460 -1230.607439420700 4.90568077696550 -0.79432884516273 5.84028069523455
2024-06-23T21:45:00.000 1532.937467217460 -6611.441796097200 198.956917548235 4.61052235118808 1.24989053347675 5.99955560842586
2024-06-23T21:49:00.000 2570.011706749320 -6073.812421846950 1613.958954915760 3.97884762106973 3.20276904842283 5.71968593115811
2024-06-23T21:53:00.000 3419.547413183240 -5092.963785414170 2910.868383163360 3.05742917025737 4.92062344937004 5.02165085110285
2024-06-23T21:57:00.000 4019.808535662740 -3740.833886118900 3994.999421492260 1.91443460456090 6.27789531031559 3.95761504081180
2024-06-23T22:01:00.000 4327.448688724100 -2116.362133548260 4787.498350373010 0.63390811818115 7.17647978060319 2.60645416114215
2024-06-23T22:05:00.000 4320.538191793020 -338.026835833469 5231.026944330230 -0.69085691299282 7.55254317176803 1.06734511138285
2024-06-23T22:09:00.000 3999.972486888480 1464.880731242270 5293.727372082240 -1.96407082235204 7.38019335324402 -0.54780492599452
2024-06-23T22:13:00.000 3389.269615424260 3161.553350059600 4971.356503524680 -3.09406768054749 6.67271723196396 -2.12211331431298
2024-06-23T22:17:00.000 2532.825334275500 4628.996938332650 4287.509155560190 -3.99953859887323 5.48154915136734 -3.54184249535160
2024-06-23T22:21:00.000 1492.734552024730 5760.800333631190 3291.902826683010 -4.61515726234570 3.89264500961397 -4.70429489029678
2024-06-23T22:25:00.000 344.380256618921 6474.770901192200 2056.856982392670 -4.89620262581177 2.02075653839087 -5.52494871473896
2024-06-23T22:29:00.000 -828.955281871816 6718.957157809990 672.151432869743 -4.82202837015452 0.00165928018776 -5.94378896419998
2024-06-23T22:33:00.000 -1942.128221453400 6475.542678575850 -761.472161379531 -4.39790449702977 -2.01773583508799 -5.93008112198945
2024-06-23T22:37:00.000 -2914.366114398110 5762.218139064010 -2139.682251654600 -3.65477227317521 -3.89032664457489 -5.48487421674565
2024-06-23T22:41:00.000 -3675.186019032340 4630.874471972590 -3362.233037022510 -2.64686938822347 -5.48001755387052 -4.64090711065206
2024-06-23T22:45:00.000 -4169.510025522760 3163.725893080940 -4340.288339642350 -1.44750348990127 -6.67173990973270 -3.45988440677117
2024-06-23T22:49:00.000 -4361.597626153730 1467.241927750080 -5002.832802264550 -0.14350366922208 -7.37960242236437 -2.02764681362896
2024-06-23T22:53:00.000 -4237.541680855360 -335.592063781361 -5301.719574981670 1.17110232697349 -7.55260228095940 -0.44776808098050
2024-06-23T22:57:00.000 -3806.210135774230 -2114.078720098880 -5215.066073470650 2.40162920218521 -7.17781000265903 1.16571288975826
2024-06-23T23:01:00.000 -3098.632665743400 -3739.104024670870 -4748.838035280170 3.45914466955313 -6.28131164446563 2.69611724932392
2024-06-23T23:05:00.000 -2165.869464310910 -5092.362995244750 -3936.514787907580 4.26663341068123 -4.92663387175390 4.03214537372516
2024-06-23T23:09:00.000 -1075.473224073220 -6074.939076919620 -2836.863652145770 4.76456325465182 -3.21100446824465 5.07567760380815
2024-06-23T23:13:00.000 93.303102050297 -6614.680517181770 -1529.854611997000 4.91562958132310 -1.25894543335586 5.74930499871068
2024-06-23T23:17:00.000 1255.260149897920 -6671.739093028750 -110.908510438346 4.70798925663785 0.78651756668491 6.00259965372402
2024-06-23T23:21:00.000 2325.573403680510 -6241.742611191260 1316.155134472570 4.15665258073353 2.77474616224485 5.81651964951499
2024-06-23T23:25:00.000 3226.158436267760 -5356.191049720690 2646.899179196880 3.30238809943922 4.55937894816249 5.20499151340547
2024-06-23T23:29:00.000 3891.498420127850 -4080.055549797190 3784.101776397550 2.20844381317871 6.00969032476980 4.21378739542972
2024-06-23T23:33:00.000 4273.455015084040 -2506.784025796300 4644.973199232820 0.95541253072121 7.02055615783482 2.91653065505635
2024-06-23T23:37:00.000 4344.679476705850 -751.215670872407 5167.149878987270 -0.36519219441114 7.51983510201712 1.40867245385696
2024-06-23T23:41:00.000 4100.414701594920 1058.926123434230 5313.059273474900 -1.65773259399768 7.47279584821761 -0.19992521398025
2024-06-23T23:45:00.000 3558.683744897370 2792.272849148770 5072.444458724370 -2.82911916286469 6.88387062105903 -1.79283766925566
2024-06-23T23:49:00.000 2758.910462787000 4323.166450905080 4462.980384142580 -3.79508318965967 5.79592920466881 -3.25501940919996
2024-06-23T23:53:00.000 1759.104196959750 5540.602908009150 3529.002908984650 -4.48595099104161 4.28755472540911 -4.48067128699971
2024-06-23T23:57:00.000 631.729325567943 6356.210170471020 2338.361447092860 -4.85165940722338 2.46767055219862 -5.38081169128413
2024-06-24T00:01:00.000 -541.470465724308 6710.674148545960 977.589633418332 -4.86545555693539 0.46811464993325 -5.88970427029405
2024-06-24T00:05:00.000 -1675.372833299580 6578.157581140520 -454.326313806110 -4.52616633169224 -1.56569467395905 -5.97002615576906
2024-06-24T00:09:00.000 -2687.694878823950 5968.274177201710 -1853.181621408560 -3.85849486754641 -3.48562024372272 -5.61590704228495
2024-06-24T00:13:00.000 -3505.025734656570 4925.393926016590 -3117.211191326900 -2.91119487604594 -5.15200741275753 -4.85340781392402
2024-06-24T00:17:00.000 -4068.176552461240 3525.326430156950 -4154.545144962730 -1.75324868396633 -6.44412342612587 -3.73835650112277
2024-06-24T00:21:00.000 -4336.423419163310 1869.702712915040 -4889.858388947830 -0.46857391899009 -7.26877617412073 -2.35189991226467
2024-06-24T00:25:00.000 -4290.362531209130 78.562616436766 -5269.740448456990 0.85014193656357 -7.56658416935354 -0.79439050278620
2024-06-24T00:29:00.000 -3933.241178646770 -1718.263833774570 -5266.463062296200 2.10792567580379 -7.31577506675380 0.82175888523694
2024-06-24T00:33:00.000 -3290.723302855490 -3390.391142681760 -4879.955695703210 3.21399082945537 -6.53352124705556 2.37977906307096
2024-06-24T00:37:00.000 -2409.138573541420 -4816.169479779230 -4137.906220168940 4.08793930782396 -5.27512459920047 3.76647614121813
2024-06-24T00:41:00.000 -1352.272855909760 -5891.485408057080 -3093.929502238480 4.66558596988947 -3.63063711928656 4.88028101193074
2024-06-24T00:45:00.000 -196.877068748442 -6537.458801191930 -1823.868347207220 4.90382119262660 -1.71913719426829 5.63874336261151
2024-06-24T00:49:00.000 972.873490223711 -6706.464621649690 -420.375480765156 4.78435771286005 0.31959676788574 5.98519967399092
2024-06-24T00:53:00.000 2071.598290709960 -6385.880783800620 1013.890768481930 4.31557344278403 2.33552777103319 5.89355821350313
2024-06-24T00:57:00.000 3019.109408385350 -5599.154238314130 2373.945196000360 3.53208489882275 4.18011993122582 5.37067076418171
2024-06-24T01:01:00.000 3746.416205748570 -4404.018276722390 3560.369842907210 2.49194072191335 5.71806331328297 4.45572220805629
2024-06-24T01:05:00.000 4200.813423785990 -2888.041586601270 4486.712810230430 1.27186896368145 6.83759546985771 3.21680112140907
2024-06-24T01:09:00.000 4349.648249647960 -1161.967732550020 5085.778913715890 -0.03882834004347 7.45843639276143 1.74523289994533
2024-06-24T01:13:00.000 4182.536684559370 648.526219009637 5314.389431159700 -1.34504203163839 7.53706139649182 0.14850537611225
2024-06-24T01:17:00.000 3711.941350470870 2411.979430778170 5156.305125988710 -2.55258810934076 7.06896053459309 -1.45766851768637
2024-06-24T01:21:00.000 2972.168727411900 4000.541755594180 4623.252410259540 -3.57464996330013 6.08850696033648 -2.95730352139307
2024-06-24T01:25:00.000 2016.888623414310 5299.048797593810 3754.032399392500 -4.33758748851979 4.66645640972543 -4.24203233789646
2024-06-24T01:29:00.000 915.341298941324 6213.258022106210 2611.788725671160 -4.78610344094109 2.90545833630313 -5.21860279558775
2024-06-24T01:33:00.000 -252.603242415696 6676.712257754440 1279.528586394160 -4.88749037199265 0.93303850657778 -5.81577871001095
2024-06-24T01:37:00.000 -1402.209746606660 6655.655177266690 -145.849895189576 -4.63419752416457 -1.10746751309413 -5.98980572837879
2024-06-24T01:41:00.000 -2450.050381300290 6151.585098387870 -1560.619465011420 -4.04463574607883 -3.06746272615596 -5.72792613893363
2024-06-24T01:45:00.000 -3320.119013418840 5201.169312173590 -2861.839925804460 -3.16184414949791 -4.80431134342784 -5.04939607159807
2024-06-24T01:49:00.000 -3949.382358426480 3873.519246406000 -3954.907556885990 -2.05018448241098 -6.19199078423380 -4.00397538121686
2024-06-24T01:53:00.000 -4292.323513408340 2265.047314992770 -4760.437059299140 -0.79031984667363 -7.13034658772017 -2.66785994805884
2024-06-24T01:57:00.000 -4324.146523599770 492.401740384538 -5219.933512465260 0.52678265252855 -7.55183402757352 -1.13786455349212
2024-06-24T02:01:00.000 -4042.483953753250 -1315.932264564350 -5299.921194283150 1.80626832462588 -7.42586789608292 0.47556003360610
2024-06-24T02:05:00.000 -3467.552659660730 -3028.780430686590 -4994.316484064340 2.95586575058232 -6.76076162691098 2.05590182273120
2024-06-24T02:09:00.000 -2640.769434265840 -4521.614338381980 -4324.929637109440 3.89218977838547 -5.60331548015573 3.48855459356359
2024-06-24T02:13:00.000 -1621.908915049090 -5685.511646930560 -3340.054512363130 4.54659571799248 -4.03614411566741 4.66874418228974
2024-06-24T02:17:00.000 -484.909322451655 -6435.183055564960 -2111.170822326660 4.87048822518230 -2.17248293193785 5.50928056417298
2024-06-24T02:21:00.000 687.448045403480 -6715.432155978870 -727.865835917624 4.83930093358561 -0.14836315215785 5.94749384999754
2024-06-24T02:25:00.000 1809.619757745860 -6505.460365210070 708.718529405240 4.45481180507964 1.88742699415911 5.95045810225792
2024-06-24T02:29:00.000 2799.691017968380 -5820.565022447480 2093.423279923540 3.74530491394430 3.78485764272458 5.51789005998180
2024-06-24T02:33:00.000 3585.516399408750 -4711.008306359330 3324.979193922990 2.76335056271670 5.40451975467978 4.68224566209598
2024-06-24T02:37:00.000 4110.069841919980 -3258.136838134330 4313.572609338000 1.58150418406246 6.62842514495024 3.50582251037468
2024-06-24T02:41:00.000 4335.560596082420 -1568.163603058460 4987.415137900470 0.28643841483958 7.36853922346307 2.07550975181600
2024-06-24T02:45:00.000 4246.034700974760 235.772096307728 5297.853833078660 -1.02767820676060 7.57258581011373 0.49598515948500
2024-06-24T02:49:00.000 3848.355129845290 2022.609554049550 5222.718806934320 -2.26598594300857 7.22709588595925 -1.11808957053686
2024-06-24T02:53:00.000 3171.584754554770 3662.770498480140 4767.752474588160 -3.33940110005238 6.35775898785399 -2.65009333503917
2024-06-24T02:57:00.000 2264.859722287910 5037.370806483470 3966.127632502640 -4.17068126806852 5.02748795448849 -3.98938222844408
2024-06-24T03:01:00.000 1193.893076401210 6046.691366653110 2876.085102282400 -4.69973995064149 3.33219956041016 -5.03891437860086
2024-06-24T03:05:00.000 36.315896226208 6617.385091633770 1576.817734001440 -4.88799013645980 1.39450442225531 -5.72222255306498
2024-06-24T03:09:00.000 -1123.896404678620 6707.898007381760 162.803016146231 -4.72154046260124 -0.64487047660876 -5.98924679241393
2024-06-24T03:13:00.000 -2202.544907115710 6311.601504618150 -1263.062747949420 -4.21245180426775 -2.63742969560454 -5.82037393179073
2024-06-24T03:17:00.000 -3121.376597460920 5457.324021972420 -2597.018260822820 -3.39790216726711 -4.43807438258480 -5.22806532359191
2024-06-24T03:21:00.000 -3813.807273797830 4207.200050253920 -3742.063436448830 -2.33730831669538 -5.91609757205566 -4.25579690852162
2024-06-24T03:25:00.000 -4229.729692863340 2652.036411820530 -4615.019793480880 -1.10767919036499 -6.96468216334392 -2.97450842638937
2024-06-24T03:29:00.000 -4339.068237821700 904.646469705391 -5152.502739542180 0.20208595793919 -7.50831362703621 -1.47716760539275
2024-06-24T03:33:00.000 -4133.867258032070 -908.312724554645 -5315.407126395740 1.49764628343791 -7.50772601981267 0.12807675913240
2024-06-24T03:37:00.000 -3628.823127975750 -2655.370850203850 -5091.662455641000 2.68563762854181 -6.96230037837693 1.72536753149269
2024-06-24T03:41:00.000 -2860.285563962070 -4209.588871232190 -4497.145683411990 3.68002370477484 -5.91025422777477 3.19899603898998
2024-06-24T03:45:00.000 -1883.764237265340 -5457.666757106660 -3574.683330739830 4.40813403008561 -4.42646049668282 4.44142363879598
2024-06-24T03:49:00.000 -770.057592301348 -6308.233643671150 -2391.144652414570 4.81606202732487 -2.61779851890796 5.36109683852555
2024-06-24T03:53:00.000 399.794344357639 -6698.720630816390 -1032.736329268290 4.87299148738995 -0.61604033942271 5.88950131295299
2024-06-24T03:57:00.000 1540.450304510540 -6600.241430446930 401.255964390263 4.57421391785669 1.43173705275213 5.98698868178756
2024-06-24T04:01:00.000 2568.646166880390 -6019.895394664250 1805.869128337390 3.94163681600404 3.37468246289504 5.64622216118443
2024-06-24T04:05:00.000 3409.421461146310 -5000.260670363610 3078.345412035880 3.02209045854849 5.06993621618580 4.89277424390401
2024-06-24T04:09:00.000 4001.689841011140 -3616.122234728020 4125.816809292240 1.88357510817766 6.39369297512353 3.78289525543953
2024-06-24T04:13:00.000 4302.689373432880 -1968.744092820560 4872.141136571590 0.60976373087456 7.25041885543681 2.39874099045621
2024-06-24T04:17:00.000 4290.970334354780 -178.250110632692 5263.357968780110 -0.70654445573474 7.57931887118486 0.84179486567234
2024-06-24T04:21:00.000 3967.773064550000 1625.200583080430 5271.425336227180 -1.97018489676656 7.35793403821592 -0.77474623062722
2024-06-24T04:25:00.000 3356.798094725470 3310.783135677580 4896.076415218710 -3.09021697094443 6.60313408489695 -2.33397687902202
2024-06-24T04:29:00.000 2502.446584829040 4756.322244816620 4164.738650526370 -3.98605981150886 5.36969605301414 -3.72333336508080
2024-06-24T04:33:00.000 1466.651815262230 5856.985599313380 3130.562989033440 -4.59305924449464 3.74656724546738 -4.84223897586378
2024-06-24T04:37:00.000 324.478570704184 6532.832757829790 1868.683339405300 -4.86711050613539 1.85108315701452 -5.60925712037287
2024-06-24T04:41:00.000 -841.245915652346 6734.686133054790 470.834520493281 -4.78808236496694 -0.17929602960686 -5.96833401701992
2024-06-24T04:45:00.000 -1945.931824027020 6447.801258871900 -961.280819907292 -4.36155592310449 -2.19681191596737 -5.89304038063656
2024-06-24T04:49:00.000 -2909.423749910210 5693.038289264320 -2323.438877492950 -3.61868692828683 -4.05446337144532 -5.38897120396254
2024-06-24T04:53:00.000 -3661.881002128380 4525.302900241160 -3516.572181495040 -2.61369102629474 -5.61730617084849 -4.49317219357537
2024-06-24T04:57:00.000 -4148.832532161680 3029.440312790630 -4453.995366494060 -1.41961104933115 -6.77228809422427 -3.27108397759975
2024-06-24T05:01:00.000 -4335.061147332060 1313.985918594850 -5067.644167734930 -0.12285109859005 -7.43618450568280 -1.81145083030742
2024-06-24T05:05:00.000 -4207.064156499800 -496.706657773691 -5312.904378389090 1.18310770579600 -7.56110574631734 -0.21978576656533
2024-06-24T05:09:00.000 -3773.972779554900 -2271.361393058160 -5171.763849588770 2.40421512579967 -7.13754302305058 1.38904240989185
2024-06-24T05:13:00.000 -3066.924846303900 -3881.106984102220 -4654.120929067360 3.45217200020789 -6.19498016755806 2.89862593513995
2024-06-24T05:17:00.000 -2136.942497384380 -5208.693156379580 -3797.198203190490 4.25056393300019 -4.80030460434717 4.19900638056515
2024-06-24T05:21:00.000 -1051.391815933360 -6157.029550235590 -2663.041681537950 4.74047993469971 -3.05373429073732 5.19456421967836
2024-06-24T05:25:00.000 110.802700119267 -6656.442627478130 -1334.186401780980 4.88518949953526 -1.08222151813370 5.81132134435050
2024-06-24T05:29:00.000 1264.906188033550 -6670.046346708910 92.306803245213 4.67337750586551 0.96968401259972 6.00307077556441
2024-06-24T05:33:00.000 2326.658195720560 -6196.675012003360 1512.036876215650 4.12036953021667 2.95076149128129 5.75531193385424
2024-06-24T05:37:00.000 3218.613205547780 -5271.061144422380 2821.106534421230 3.26722290538954 4.71515800721197 5.08672666645393
2024-06-24T05:41:00.000 3875.919953564260 -3961.121115291030 3923.925786467740 2.17708404464408 6.13391568615781 4.04730350568762
2024-06-24T05:45:00.000 4251.038726239910 -2362.738566685720 4740.252688824930 0.93012271638673 7.10433859323768 2.71408744016747
2024-06-24T05:49:00.000 4317.103633435060 -592.546927835146 5210.985345785870 -0.38264313087396 7.55718612887156 1.18503931795971
2024-06-24T05:53:00.000 4069.719917660860 1220.689509627950 5302.297732239700 -1.66612520120417 7.46108643870246 -0.42850156414315
2024-06-24T05:57:00.000 3527.124618950100 2945.389990417570 5007.892037668080 -2.82789105973712 6.82397160078590 -2.00978395968826
2024-06-24T06:01:00.000 2728.794677183370 4456.530103017490 4349.346028115240 -3.78436833901710 5.69222097486107 -3.44460488992725
2024-06-24T06:05:00.000 1732.620014787500 5644.538951161900 3374.549360372960 -4.46659298355102 4.14750787939758 -4.62916808225525
2024-06-24T06:09:00.000 610.792953348430 6423.163359760750 2154.320879398170 -4.82506580630017 2.30140962680871 -5.47735386407504
2024-06-24T06:13:00.000 -555.346237771267 6735.780841296340 777.362575178744 -4.83358007663229 0.28779137474118 -5.92723161178254
2024-06-24T06:17:00.000 -1681.197959559880 6559.606754942230 -656.162958455026 -4.49136534634971 -1.74696295436456 -5.94582994747995
2024-06-24T06:21:00.000 -2685.070285483240 5907.431813047610 -2041.937104680560 -3.82331515676288 -3.65462430022424 -5.53176985669647
2024-06-24T06:25:00.000 -3494.171495918190 4826.705475804270 -3279.159703725580 -2.87821374259602 -5.29647391745845 -4.71552774484597
2024-06-24T06:29:00.000 -4049.912401312010 3395.977109864990 -4277.926708222330 -1.72485262533107 -6.55362217890074 -3.55681561659264
2024-06-24T06:33:00.000 -4312.099122421790 1719.084001099210 -4965.723827901250 -0.44676323298654 -7.33545267743635 -2.13987526631395
2024-06-24T06:37:00.000 -4261.750155001930 -82.405758420399 -5292.578310072640 0.86386098432314 -7.58562795913289 -0.56719301601422
2024-06-24T06:41:00.000 -3902.407101839960 -1877.907120397530 -5234.589414210830 2.11261742557578 -7.28574069241508 1.04771906373631
2024-06-24T06:45:00.000 -3259.881070988570 -3537.108682858940 -4795.645991277060 3.20937612343858 -6.45647089390774 2.58812539359159
2024-06-24T06:49:00.000 -2380.492032361130 -4939.261772640310 -4007.243766198850 4.07435953396252 -5.15646814070599 3.94202623234563
2024-06-24T06:53:00.000 -1327.876816613090 -5981.930781443350 -2926.393579829680 4.64394781701760 -3.47889235835134 5.01010183103881
2024-06-24T06:57:00.000 -178.496681119699 -6588.599084646030 -1631.665606283960 4.87562258009346 -1.54535432387470 5.71318400004302
2024-06-24T07:01:00.000 983.896508597150 -6714.523631884130 -217.558187672837 4.75162405770189 0.50258963443348 5.99865566527350
2024-06-24T07:05:00.000 2074.462518845200 -6350.270347433200 1212.472598285180 4.28074537371297 2.51419068244800 5.84502865173581
2024-06-24T07:09:00.000 3013.624011564400 -5522.512005773600 2553.758917733650 3.49777365152359 4.34126947851364 5.26377942498551
2024-06-24T07:13:00.000 3733.020776384010 -4292.005075026940 3708.287988410070 2.46075949766943 5.84987800370120 4.29849059575315
2024-06-24T07:17:00.000 4180.549269974040 -2748.884475791180 4591.989719041630 1.24616604749645 6.93063533135259 3.02089254616021
2024-06-24T07:21:00.000 4324.058376979460 -1005.814383909250 5140.808175953190 -0.05725963899355 7.50620148178337 1.52494995589760
2024-06-24T07:25:00.000 4153.522834529230 810.339550288168 5315.206891667260 -1.35498926354387 7.53618182357450 -0.08023420407511
2024-06-24T07:29:00.000 3681.626916367050 2567.715851437150 5102.865304819240 -2.55342488410611 7.01950385442055 -1.67833325723633
2024-06-24T07:33:00.000 2942.753898259430 4138.896010620440 4519.429437115520 -3.56636222400938 5.99397792143835 -3.15393936004922
2024-06-24T07:37:00.000 1990.503125240590 5409.956807249710 3607.354989174670 -4.32078482154331 4.53365182568764 -4.40033013305365
2024-06-24T07:41:00.000 893.894922784912 6288.638208482880 2432.910960311770 -4.76199791914729 2.74400125293759 -5.32699174902655
2024-06-24T07:45:00.000 -267.555807193558 6711.061542556630 1081.461435886750 -4.85780303861373 0.75466991909865 -5.86631302976008
2024-06-24T07:49:00.000 -1409.579247127500 6646.468204248620 -348.687822507219 -4.60108509155701 -1.28966842811263 -5.97879237321133
2024-06-24T07:53:00.000 -2449.306002250600 6099.546231655630 -1753.469497352260 -4.01055524777839 -3.24017306214799 -5.65622601139836
2024-06-24T07:57:00.000 -3311.332706849040 5110.089805038980 -3030.687817585120 -3.12932355095591 -4.95496113807672 -4.92231698751213
2024-06-24T08:01:00.000 -3933.218884219090 3750.040697415670 -4087.506267144890 -2.02160306796759 -6.30969818829416 -3.83082976590356
2024-06-24T08:05:00.000 -4269.983241970530 2118.147002519050 -4847.186558764700 -0.76773652789304 -7.20664672270987 -2.46125648818233
2024-06-24T08:09:00.000 -4297.271398127610 332.737569808543 -5254.561239879140 0.54176735592742 -7.58125667198903 -0.91275444187804
2024-06-24T08:13:00.000 -4013.034779815300 -1476.783827009100 -5279.923201688670 1.81261072902127 -7.40627519508997 0.70290249536801
2024-06-24T08:17:00.000 -3437.667802048990 -3179.147671674070 -4921.138321574030 2.95313317397446 -6.69349851988387 2.26902722885926
2024-06-24T08:21:00.000 -2612.615231180360 -4650.562434448650 -4203.877611746980 3.88059288507290 -5.49315688624104 3.67192707459532
2024-06-24T08:25:00.000 -1597.522726554620 -5783.637976230670 -3179.937462302740 4.52698068263248 -3.89101673242559 4.80890128399623
2024-06-24T08:29:00.000 -466.059091885921 -6495.316728192100 -1923.672862736480 4.84424304756956 -2.00294866593873 5.59587882505823
2024-06-24T08:33:00.000 699.387263110980 -6733.180319361670 -526.698237068929 4.80830567360745 0.03312899232620 5.97409227228192
2024-06-24T08:37:00.000 1813.775768559210 -6479.555480509490 908.823586430473 4.42135955938466 2.06744518091444 5.91506698588094
2024-06-24T08:41:00.000 2795.778562566730 -5752.968929186300 2277.820389866220 3.71195373502795 3.95012901919407 5.42321308344355
2024-06-24T08:45:00.000 3573.866694644790 -4606.737639086870 3480.206997332470 2.73262955649404 5.54300543184947 4.53536283643576
2024-06-24T08:49:00.000 4091.595885125900 -3124.867617034890 4428.339814378570 1.55570646819728 6.73014614803575 3.31762278746149
2024-06-24T08:53:00.000 4311.676977571010 -1415.641866835850 5053.415789552740 0.26741609412247 7.42632449292084 1.85981254074237
2024-06-24T08:57:00.000 4218.527735699710 396.462575016046 5310.338186594480 -1.03870120762074 7.58248278866608 0.26840177202005
2024-06-24T09:01:00.000 3819.230726084460 2179.824649041980 5180.789453553460 -2.26838055028222 7.18839843015229 -1.34121590440487
2024-06-24T09:05:00.000 3142.935286092510 3805.101103490660 4674.426686698900 -3.33308027898797 6.27314988331054 -2.85267639551616
2024-06-24T09:09:00.000 2238.731495723520 5154.449879934180 3828.136142927630 -4.15610868347899 4.90292163997327 -4.15673278834431
2024-06-24T09:13:00.000 1172.161624408770 6129.948340247370 2703.412763020790 -4.67788362326931 3.17662583096539 -5.15878604964994
2024-06-24T09:17:00.000 20.554942770719 6660.695021128930 1381.997793148820 -4.86038882113466 1.21922383714228 -5.78576527819108
2024-06-24T09:21:00.000 -1132.536194597700 6708.050876471620 -39.991244961150 -4.69015727865617 -0.82700704008694 -5.99174439190490
2024-06-24T09:25:00.000 -2203.426879489120 6268.559000135070 -1459.070562744870 -4.17958431638788 -2.81304728348779 -5.76168213067165
2024-06-24T09:29:00.000 -3114.432557182730 5374.206305068760 -2771.988391424940 -3.36595233868797 -4.59437818715845 -5.11252352749873
2024-06-24T09:33:00.000 -3799.539412262190 4090.042803787300 -3883.289496180580 -2.30859998105459 -6.04172618452046 -4.09186332307253
2024-06-24T09:37:00.000 -4209.174046936030 2509.346134013310 -4712.261105433360 -1.08430842806758 -7.05054252426445 -2.77413971243495
2024-06-24T09:41:00.000 -4313.716281523720 746.772778392733 -5198.716694347140 0.21844368888016 -7.54821143479061 -1.25489305668578
2024-06-24T09:45:00.000 -4105.555027815110 -1069.921901734220 -5307.246986642690 1.50580927625993 -7.49876577063361 0.35616895586716
2024-06-24T09:49:00.000 -3599.599035317740 -2808.991229237730 -5029.716449690930 2.68502908508760 -6.90508028069967 1.94276138096819
2024-06-24T09:53:00.000 -2832.260938424510 -4344.057382483980 -4385.902387375200 3.67069518820425 -5.80882565313828 3.38990250825134
2024-06-24T09:57:00.000 -1858.967454384380 -5563.182558799280 -3422.223563771240 4.39071615157556 -4.28807719804922 4.59186069263505
2024-06-24T10:01:00.000 -750.297559426991 -6377.087729150900 -2208.586503715250 4.79176051947106 -2.45255841934295 5.45991234592779
2024-06-24T10:05:00.000 413.073367819478 -6725.897163309830 -833.431044678839 4.84362105970230 -0.43610509846441 5.92938598168950
2024-06-24T10:09:00.000 1546.284249628920 -6583.785331226740 602.722548232425 4.54192205906857 1.61315572831129 5.96500116756855
2024-06-24T10:13:00.000 2566.616291494200 -5961.065943490540 1994.752912704230 3.90881281089733 3.54418363597394 5.56401499903326
2024-06-24T10:17:00.000 3399.702193555120 -4903.442661026340 3240.848545935980 2.99125314611016 5.21507236420486 4.75652668966281
2024-06-24T10:21:00.000 3985.046695225150 -3488.463840846170 4250.114199512780 1.85706803956363 6.50402466953420 3.60273302516539
2024-06-24T10:25:00.000 4280.398025822670 -1819.595140920210 4949.226064224400 0.58948156565093 7.31811493545957 2.18788043075534
2024-06-24T10:29:00.000 4264.704280432110 -18.474643529743 5287.673100331590 -0.71920583179612 7.59967740090577 0.61558297264085
2024-06-24T10:33:00.000 3939.460690300640 1784.015800851330 5241.234600174610 -1.97451040229165 7.32962768451369 -1.00001927714254
2024-06-24T10:37:00.000 3328.467148439590 3457.127776757780 4813.554300133840 -3.08606204396931 6.52811720597343 -2.54216894104937
2024-06-24T10:41:00.000 2476.102572309280 4879.546802192870 4035.823831354650 -3.97375757518313 5.25318791281083 -3.89938292243413
2024-06-24T10:45:00.000 1444.159831997040 5948.071731267370 2964.568248668070 -4.57343437284828 3.59687212879727 -4.97329485145985
2024-06-24T10:49:00.000 307.450022493111 6585.066952278540 1677.632976281080 -4.84146083742659 1.67898206490829 -5.68569263537083
2024-06-24T10:53:00.000 -851.565176652242 6744.174367645010 268.610126482100 -4.75815220660916 -0.36120111727377 -5.98442508346992
2024-06-24T10:57:00.000 -1948.770713001260 6413.797785893770 -1159.961703460250 -4.32953245069980 -2.37511393835230 -5.84761296168312
2024-06-24T11:01:00.000 -2904.557396423880 5617.986279858150 -2504.126205076660 -3.58689610463170 -4.21613439805558 -5.28538024179283
2024-06-24T11:05:00.000 -3649.647246077230 4414.640109980050 -3666.137546538310 -2.58446253815749 -5.75058224274321 -4.33900137987187
2024-06-24T11:09:00.000 -4130.107995163680 2891.191554946590 -4561.581179298460 -1.39508112562262 -6.86749873016341 -3.07755939064352
2024-06-24T11:13:00.000 -4311.194239219060 1158.175010489340 -5125.444228701390 -0.10478542544465 -7.48643438766393 -1.59262164601910
2024-06-24T11:17:00.000 -4179.770778723610 -658.782002976450 -5316.723224342880 1.19342394954415 -7.56273153470729 0.00849461739683
2024-06-24T11:21:00.000 -3745.214776959410 -2427.938873368630 -5121.316669016870 2.40602991447026 -7.09037243447501 1.61022638006133
2024-06-24T11:25:00.000 -3038.770584309480 -4020.807960853780 -4553.058660703000 3.44535374757926 -6.10235330685752 3.09665874822576
2024-06-24T11:29:00.000 -2111.419425051250 -5321.340275034900 -3652.853884867980 4.23558577479287 -4.66883891967829 4.35943734960926
2024-06-24T11:33:00.000 -1030.343284000590 -6234.386726837540 -2485.920868935720 4.71838544571167 -2.89290892044870 5.30557152790368
2024-06-24T11:37:00.000 125.843288050430 -6692.835686115250 -1137.222235505540 4.85751375078457 -0.90379112570316 5.86463103413551
2024-06-24T11:41:00.000 1272.832696603170 -6662.818530957310 294.696883686786 4.64214910614011 1.15249836036685 5.99470092567735
2024-06-24T11:45:00.000 2326.900909632380 -6146.395468019920 1705.039333848680 4.08796501791001 3.12451139038806 5.68594835809334
2024-06-24T11:49:00.000 3211.175306849330 -5181.451272208730 2990.615080887430 3.23601650686734 4.86714363760824 4.96152263643855
2024-06-24T11:53:00.000 3861.370603844350 -3838.779481139430 4057.575347783930 2.14940336045174 6.25303263414821 3.87554598129089
2024-06-24T11:57:00.000 4230.479649824400 -2216.635683323450 4828.335352186150 0.90802843462212 7.18206316212626 2.50845548540257
2024-06-24T12:01:00.000 4292.072771802460 -433.332890317063 5247.129236467420 -0.39760365891288 7.58807968568268 0.96047751707239
2024-06-24T12:05:00.000 4042.057563420130 1381.451068273560 5283.894323113800 -1.67298642891558 7.44302735604371 -0.65574079178961
2024-06-24T12:09:00.000 3498.825145858880 3096.042447143630 4936.274378324020 -2.82633669275635 6.75828708687679 -2.22331916022762
2024-06-24T12:13:00.000 2701.859037311470 4586.131572369290 4229.679909466370 -3.77463372450024 5.58351250854561 -3.62904458256490
2024-06-24T12:17:00.000 1708.941299009490 5743.626764571790 3215.476583953280 -4.44933097798248 4.00346839694974 -4.77110092136486
2024-06-24T12:21:00.000 592.050609078234 6484.457816248410 1967.358447913790 -4.80142186779563 2.13241066245743 -5.56640276756409
2024-06-24T12:25:00.000 -567.801925101247 6754.729982057640 576.075125777843 -4.80512899884771 0.10607531171161 -5.95679744363431
2024-06-24T12:29:00.000 -1686.442661527010 6534.751465415170 -857.134792134625 -4.46008794716902 -1.92802418627652 -5.91364693705279
2024-06-24T12:33:00.000 -2682.697828516110 5840.536440556450 -2227.967627965380 -3.79150883209371 -3.82175514901444 -5.44020757794573
2024-06-24T12:37:00.000 -3484.335019808460 4722.603958869900 -3436.717028329450 -2.84820219075610 -5.43749769361857 -4.57126805986982
2024-06-24T12:41:00.000 -4033.310551609430 3262.210762764690 -4395.555186883730 -1.69882727272862 -6.65830551104468 -3.37036353805715
2024-06-24T12:45:00.000 -4289.919012163930 1565.342285116840 -5034.867185030860 -0.42657829275082 -7.39621588947574 -1.92474090983481
2024-06-24T12:49:00.000 -4235.571847717400 -244.983144699742 -5308.190165082010 0.87680572982189 -7.59803567606330 -0.33893799484281
2024-06-24T12:53:00.000 -3874.083146684100 -2037.522719035860 -5195.494245633200 2.11744812455401 -7.24877398682303 1.27258528349249
2024-06-24T12:57:00.000 -3231.413438036720 -3682.144638865070 -4704.632448562720 3.20573170626920 -6.37265871893460 2.79326695280519
2024-06-24T13:01:00.000 -2353.898611141050 -5059.124793145000 -3870.881200732670 4.06247314194951 -5.03176422043300 4.11247327344427
2024-06-24T13:05:00.000 -1305.050296283170 -6067.824354840700 -2754.569160709000 4.62461838392537 -3.32222732673783 5.13333400843673
2024-06-24T13:09:00.000 -161.078104207894 -6634.175497525500 -1436.889012324890 4.85014516186162 -1.36810945666380 5.78001288021827
2024-06-24T13:13:00.000 994.636306111500 -6716.386637319730 -14.062347980019 4.72177783343865 0.68735623404259 6.00401824582513
2024-06-24T13:17:00.000 2077.729964961130 -6308.259481087940 1409.788096349710 4.24871336552129 2.69276020122345 5.78848714626332
2024-06-24T13:21:00.000 3009.184674804960 -5439.719603369770 2730.456765843500 3.46599606212712 4.50045964609847 5.14958751978830
2024-06-24T13:25:00.000 3721.226932681720 -4174.511783737380 3851.469480701050 2.43162792014024 5.97809792175070 4.13511012070999
2024-06-24T13:29:00.000 4162.296922186750 -2605.292344144330 4691.232323587550 1.22180406708808 7.01858974638630 2.82037902239851
2024-06-24T13:33:00.000 4300.713114244670 -846.607506855421 5188.924001533170 -0.07508003766048 7.54760593643915 1.30202164596403
2024-06-24T13:37:00.000 4126.817446623300 973.579700418872 5308.742156813860 -1.36501043424832 7.52820742606611 -0.30938499606180
2024-06-24T13:41:00.000 3653.522565965430 2723.147755281940 5042.316488226070 -2.55500914455775 6.96281046693657 -1.89714588716351
2024-06-24T13:45:00.000 2915.288542573490 4275.252470682860 4409.204553881870 -3.55949965643666 5.89266584404480 -3.34657661369479
2024-06-24T13:49:00.000 1965.649442103420 5517.343400542520 3455.461054227740 -4.30602349347334 4.39500643385223 -4.55282071263495
2024-06-24T13:53:00.000 873.427720186539 6359.243102716110 2250.379891080980 -4.74041773015197 2.57798937667741 -5.42824356318448
2024-06-24T13:57:00.000 -282.173688909725 6739.730774870250 881.561828794309 -4.83093308878983 0.57334880418153 -5.90891070666322
2024-06-24T14:01:00.000 -1417.302254484470 6631.095583888500 -551.411927592135 -4.57084323402058 -1.47311140008823 -5.95957544211645
2024-06-24T14:05:00.000 -2449.583737434770 6041.239693482160 -1944.255413789720 -3.97913292893773 -3.41231297101888 -5.57657290437004
2024-06-24T14:09:00.000 -3304.158522190300 5013.096942627830 -3195.650022407650 -3.09903095453329 -5.10324486106057 -4.78810066597582
2024-06-24T14:13:00.000 -3919.133281650620 3621.416030858220 -4214.654651653630 -1.99464695608360 -6.42342221548447 -3.65185683414132
2024-06-24T14:17:00.000 -4250.021429877350 1967.220970290850 -4927.282354963910 -0.74600570278650 -7.27764694108961 -2.25050470795823
2024-06-24T14:21:00.000 -4272.871042385510 170.443733857677 -5281.767988844220 0.55682222416917 -7.60440316525565 -0.68542927597282
2024-06-24T14:25:00.000 -3985.924816932860 -1638.677064011180 -5252.217233736340 1.82001738115203 -7.37978283837528 0.93041120394517
2024-06-24T14:29:00.000 -3409.749758424420 -3328.860941764700 -4840.462395466090 2.95242157633088 -6.61906883209714 2.48024048832489
2024-06-24T14:33:00.000 -2585.846477877910 -4777.145790760810 -4076.026177821900 3.87177183344307 -5.37598812932204 3.85142327615035
2024-06-24T14:37:00.000 -1573.792842430700 -5877.783619058140 -3014.159393026250 4.51061886572248 -3.73949948994662 4.94350789863021
2024-06-24T14:41:00.000 -447.056285206861 -6550.048476064550 -1732.010541567850 4.82143503445570 -1.82801634818968 5.67561792119074
2024-06-24T14:45:00.000 712.293845990126 -6744.383809763770 -323.130290532083 4.78060588758354 0.21869091571508 5.99292508042951
2024-06-24T14:49:00.000 1819.638290787680 -6446.319355128880 1109.403833956970 4.39071148963924 2.24990375159733 5.87148000772717
2024-06-24T14:53:00.000 2794.153410314160 -5677.679506063790 2460.723470291700 3.68059438958871 4.11592998456361 5.32040782165254
2024-06-24T14:57:00.000 3564.869524814600 -4494.900106149830 3632.055485639650 2.70295445445468 5.67990551022640 4.38099824051881
2024-06-24T15:01:00.000 4075.905893715530 -2984.661712473460 4538.064253801270 1.52995287267318 6.82822200593827 3.12312629710125
2024-06-24T15:05:00.000 4290.465962575940 -1257.291133911780 5113.048986946660 0.24743386826526 7.47854517605121 1.63943976877544
2024-06-24T15:09:00.000 4193.361504499540 561.433977912106 5315.572938144660 -1.05147322972005 7.58511328855117 0.03823234817080
2024-06-24T15:13:00.000 3791.962855581940 2339.434287726460 5131.283113977110 -2.27302437653423 7.14137990894850 -1.56445262063814
2024-06-24T15:17:00.000 3115.562132053110 3947.780362466390 4573.801772825110 -3.32931667034797 6.17993977310055 -3.05283361519752
2024-06-24T15:21:00.000 2213.245899737370 5269.861677724760 3683.719096925040 -4.14424071826383 4.77028433446028 -4.31928571942650
2024-06-24T15:25:00.000 1150.415368551360 6209.734712154790 2525.712901876790 -4.65878106563822 3.01420168130557 -5.27189197636557
2024-06-24T15:29:00.000 4.126985704265 6699.094605935500 1183.950084878540 -4.83544588115528 1.03887395051068 -5.84119068317034
2024-06-24T15:33:00.000 -1142.459128625010 6702.324244028120 -243.974160614671 -4.66123223833619 -1.01213162008802 -5.98547954377980
2024-06-24T15:37:00.000 -2206.143050798070 6219.181931801560 -1654.148112148950 -4.14883062108638 -2.98944398432650 -5.69419724296694
2024-06-24T15:41:00.000 -3109.779317557100 5284.840508860400 -2943.980406472330 -3.33568346445820 -4.74919162091131 -4.98882677371160
2024-06-24T15:45:00.000 -3787.907698002260 3967.248245503570 -4019.723570667100 -2.28107053949781 -6.16381525508479 -3.92106313378381
2024-06-24T15:49:00.000 -4191.464475740580 2362.075429943140 -4803.266216496500 -1.06148798704687 -7.13120613692438 -2.56867043021329
2024-06-24T15:53:00.000 -4291.255009465000 585.716852710937 -5237.715489655260 0.23500708254885 -7.58174107054885 -1.02959256990090
2024-06-24T15:57:00.000 -4079.977067694090 -1233.091244162400 -5291.406077516840 1.51508800001065 -7.48272250890726 0.58510815429479
2024-06-24T16:01:00.000 -3572.728104458700 -2962.425185151060 -4960.148280900950 2.68647467226971 -6.84045105534844 2.15883057546172
2024-06-24T16:05:00.000 -2805.994932400550 -4476.559986919640 -4267.608443999140 3.66423361653701 -5.70005151964533 3.57738669417610
2024-06-24T16:09:00.000 -1835.164733411210 -5665.025416006550 -3263.767529317620 4.37676495254512 -4.14289489839522 4.73699074635765
2024-06-24T16:13:00.000 -730.651097246863 -6440.744459886780 -2021.489216116200 4.77127667961220 -2.28146001459560 5.55197556045306
2024-06-24T16:17:00.000 427.156866169899 -6746.609901179350 -631.334264584078 4.81801465532437 -0.25152417476685 5.96152519701876
2024-06-24T16:21:00.000 1553.782267537700 -6559.928747617710 805.043819238264 4.51297541251447 1.79768383888164 5.93470193561290
2024-06-24T16:25:00.000 2566.972640561480 -5894.298948334200 2182.478931380400 3.87861202915124 3.71502365831221 5.47343579596408
2024-06-24T16:29:00.000 3392.880314002610 -4798.591655703900 3400.226849296050 2.96199755935667 5.35963586740663 4.61233570686376
2024-06-24T16:33:00.000 3971.533596729790 -3353.160288006740 4369.482816509180 1.83091567620386 6.61167536558883 3.41558044200129
2024-06-24T16:37:00.000 4261.179088540870 -1663.693498176530 5019.876531248960 0.56837040626030 7.38109004858307 1.97153954232911
2024-06-24T16:41:00.000 4241.174922019120 146.696707833354 5304.459461731560 -0.73380830445425 7.61347860999346 0.38578876943238
2024-06-24T16:45:00.000 3913.317356764910 1946.457997214830 5202.923116719590 -1.98154817346682 7.29321955186220 -1.22656226591876
2024-06-24T16:49:00.000 3301.603023284320 3605.040115800870 4722.924064405000 -3.08499898762269 6.44419237177218 -2.74895626282243
2024-06-24T16:53:00.000 2450.460457939760 5002.193959837770 3899.457477228200 -3.96469420880540 5.12784633707338 -4.07140281813262
2024-06-24T16:57:00.000 1421.596388920770 6036.552728290180 2792.374874175480 -4.55699873621427 3.43923896089242 -5.09800574242558
2024-06-24T17:01:00.000 289.602725412857 6632.972343516790 1482.135242054780 -4.81883389112019 1.50055783958390 -5.75399546824345
2024-06-24T17:05:00.000 -863.401601678849 6748.058081818630 64.030959798700 -4.73099934145191 -0.54737549532748 -5.99134132198557
2024-06-24T17:09:00.000 -1953.744821293610 6373.432607286620 -1358.740255266600 -4.29985991113658 -2.55540949282739 -5.79266495633352
2024-06-24T17:13:00.000 -2902.331144680910 5536.383866336990 -2682.658139251950 -3.55694725611409 -4.37738160045680 -5.17265358593109
2024-06-24T17:17:00.000 -3640.427727481790 4297.813551374960 -3811.475007136650 -2.55650667204869 -5.88109481902404 -4.17681544703807
2024-06-24T17:21:00.000 -4114.630344280940 2747.687987557670 -4663.216339932980 -1.37119665184914 -6.95798094507731 -2.87778191645008
2024-06-24T17:25:00.000 -4290.641174713960 998.428342149727 -5176.046803279880 -0.08660962066886 -7.53050998030142 -1.36970143078618
2024-06-24T17:29:00.000 -4155.661356407230 -823.191577915658 -5312.642846045130 1.20473243656070 -7.55727765373071 0.23851995207821
2024-06-24T17:33:00.000 -3719.285366097940 -2585.090405410990 -5062.831423957370 2.40981907476723 -7.03567415579787 1.83083478642458
2024-06-24T17:37:00.000 -3012.858528488350 -4159.258555615860 -4444.366588393750 3.44142348761505 -6.00211083978701 3.29188148744994
2024-06-24T17:41:00.000 -2087.356180521210 -5430.939715327720 -3501.809867485610 4.22418869769375 -4.53008979151127 4.51496315889096
2024-06-24T17:45:00.000 -1009.844454663800 -6307.039490104940 -2303.501890115170 4.70024454084396 -2.72565340879229 5.40986502256117
2024-06-24T17:49:00.000 141.301392230745 -6723.136441313320 -936.740630639158 4.83390446103715 -0.72028363906930 5.90992315527782
2024-06-24T17:53:00.000 1282.135383913300 -6648.462751610900 498.582582842278 4.61476865641794 1.33883841326310 5.97758025808883
2024-06-24T17:57:00.000 2329.373338903190 -6088.356770353890 1897.396909937030 4.05877907877093 3.29993416181749 5.60759351342268
2024-06-24T18:01:00.000 3206.643008306290 -5083.929429677840 3157.355196445300 3.20719206171424 5.01872428781676 4.82772705797362
2024-06-24T18:05:00.000 3850.175441210800 -3708.868102321480 4186.502597027490 2.12303804729392 6.36971715992667 3.69617668521883
2024-06-24T18:09:00.000 4213.444099495370 -2063.787468362220 4910.032796733010 0.88602009287388 7.25534934598453 2.29667176297348
2024-06-24T18:13:00.000 4270.441022139400 -268.665563875133 5275.646523335220 -0.41366952878686 7.61270464689603 0.73180756029978
2024-06-24T18:17:00.000 4017.398836252320 1545.981922619380 5257.160512498650 -1.68200195822491 7.41726972095886 -0.88470008058394
2024-06-24T18:21:00.000 3472.919328547040 3248.491361164390 4856.223703480330 -2.82763659677295 6.68397060503583 -2.43595070461383
2024-06-24T18:25:00.000 2676.589540675960 4715.426421953510 4102.126383868440 -3.76806033662343 5.46606504049183 -3.80984653599709
2024-06-24T18:29:00.000 1686.151121824670 5840.390538897390 3049.697878962900 -4.43537549826178 3.85148094801428 -4.90689510794068
2024-06-24T18:33:00.000 573.397704327768 6541.688063345430 1775.419276173740 -4.78111411350196 1.95697818854241 -5.64727481223702
2024-06-24T18:37:00.000 -580.965426819004 6768.317076152110 371.951296375479 -4.77997711584229 -0.07994446382728 -5.97684718204948
2024-06-24T18:41:00.000 -1693.174084278170 6503.786059357610 -1058.585150888860 -4.43198151374384 -2.11099169476995 -5.87147028951878
2024-06-24T18:45:00.000 -2682.541633970950 5767.370473491390 -2412.102264252690 -3.76258724188856 -3.98830996935431 -5.33899164010116
2024-06-24T18:49:00.000 -3477.361462049160 4612.658190624090 -3590.185564565740 -2.82066900177574 -5.57559485361875 -4.41851229137956
2024-06-24T18:53:00.000 -4020.099044439660 3123.551305531290 -4507.265443742680 -1.67469512877581 -6.75805400756869 -3.17726689754497
2024-06-24T18:57:00.000 -4271.501760335730 1408.082893245120 -5096.779237289030 -0.40758052928072 -7.45056412515413 -1.70537818720137
2024-06-24T19:01:00.000 -4213.341099993140 -409.427390358304 -5315.872791686130 0.88941879427148 -7.60320926123224 -0.10911309292516
2024-06-24T19:05:00.000 -3849.671454279290 -2197.234795653770 -5148.413918331690 2.12292523846812 -7.20439055467970 1.49636411676860
2024-06-24T19:09:00.000 -3206.574864798280 -3825.528829593420 -4606.193289273520 3.20380394543163 -6.28176062274649 2.99488124355126
2024-06-24T19:13:00.000 -2330.398971395920 -5175.711674522010 -3728.203519378970 4.05330437410109 -4.90066755473240 4.27723785376311
2024-06-24T19:17:00.000 -1284.566878578060 -6149.034830996500 -2578.021924143940 4.60878976750605 -3.16031586621138 5.24905311186630
2024-06-24T19:21:00.000 -145.089537191918 -6673.992223069870 -1239.358230618180 4.82873119615525 -1.18719799146604 5.83805722352326
2024-06-24T19:25:00.000 1004.962273295260 -6711.830035587930 189.998737663572 4.69629105073390 0.87393152688373 6.00005469009953
2024-06-24T19:29:00.000 2081.636045275010 -6259.622910819320 1605.440722366240 4.22103544123392 2.87125107754387 5.72281880952275
2024-06-24T19:33:00.000 3006.388480015750 -5350.536326968300 2903.387246885750 3.43816300647962 4.65778019539248 5.02707846614621
2024-06-24T19:37:00.000 3711.937690524260 -4051.283697153130 3989.042567189950 2.40569467636261 6.10274937119417 3.96479277566210
2024-06-24T19:41:00.000 4147.210046921550 -2456.997898815130 4783.413650818360 1.19971935578228 7.10157005156099 2.61475148591548
2024-06-24T19:45:00.000 4280.948304184280 -684.025912254802 5228.997217432840 -0.09175171330011 7.58296498235195 1.07606999682380
2024-06-24T19:49:00.000 4103.819409347400 1138.643467202440 5293.787877253660 -1.37513255871217 7.51341267428041 -0.53919233294997
2024-06-24T19:53:00.000 3628.953374646400 2878.716141920270 4973.420186428900 -2.55790753923897 6.89895487180324 -2.11412331596078
2024-06-24T19:57:00.000 2890.917730081220 4410.032726189800 4291.363816735700 -3.55494636974768 5.78433994553699 -3.53498046406048
2024-06-24T20:01:00.000 1943.245059691560 5621.545685768610 3297.229929444050 -4.29427792433967 4.25007279446082 -4.69894305244657
2024-06-24T20:05:00.000 854.629704468555 6425.304379844730 2063.257696596000 -4.72229338446942 2.40703580919173 -5.52139988327790
2024-06-24T20:09:00.000 -295.984809277955 6762.880639745750 679.162628300880 -4.80776101638721 0.38891165956218 -5.94228165700482
2024-06-24T20:13:00.000 -1425.118927491150 6609.712824486730 -754.359799880603 -4.54438041744671 -1.65750147671694 -5.93076243127364
2024-06-24T20:17:00.000 -2450.853274502750 5976.961258650780 -2132.999421494000 -3.95138486263004 -3.58320089157483 -5.48775981476449
2024-06-24T20:21:00.000 -3298.826038992920 4910.682484882000 -3356.494769963660 -3.07211244818638 -5.24823164768017 -4.64585908705325
2024-06-24T20:25:00.000 -3907.642874258570 3488.377993357820 -4335.960619301100 -1.97056346298336 -6.53210729891281 -3.46662798881761
2024-06-24T20:29:00.000 -4233.265869037600 1813.255885322180 -5000.295400135940 -0.72646532196188 -7.34231370781957 -2.03573649173616
2024-06-24T20:33:00.000 -4252.106981379520 6.733776491281 -5301.232063065590 0.57050321669409 -7.62046682057602 -0.45666159519013
2024-06-24T20:37:00.000 -3962.670217580140 -1800.262206780470 -5216.740958026530 1.82698581439890 -7.34611008118002 1.15671992336267
2024-06-24T20:41:00.000 -3385.671887704810 -3476.592878851250 -4752.604746565510 2.95228730858825 -6.53796719645116 2.68779518035901
2024-06-24T20:45:00.000 -2562.650737638650 -4900.255195108200 -3942.129885746590 3.86460069569866 -5.25310315215340 4.02517837627147
2024-06-24T20:49:00.000 -1553.121288064160 -5967.224783037210 -2843.925173247330 4.49686178225204 -3.58349984711342 5.07067118892330
2024-06-24T20:53:00.000 -430.395109387947 -6599.188590176770 -1537.842214691610 4.80195773866667 -1.65025159377146 5.74664512107909
2024-06-24T20:57:00.000 723.724570073780 -6749.552835046740 -119.230400116765 4.75676020131470 0.40507226359534 6.00248743019335
2024-06-24T21:01:00.000 1824.993935919910 -6407.099979718740 1308.107472868090 4.36424341651531 2.43113983265672 5.81888951115294
2024-06-24T21:05:00.000 2793.036115236870 -5596.924664862300 2639.693655696170 3.65346278902017 4.27868922584419 5.20958146202146
2024-06-24T21:09:00.000 3557.364791149700 -4378.509389994760 3778.220320274730 2.67719086662356 5.81229927637442 4.22013552229346
2024-06-24T21:13:00.000 4062.577824975200 -2841.132506547570 4640.767814151360 1.50750059041742 6.92060728538518 2.92405810315009
2024-06-24T21:17:00.000 4272.317613632010 -1097.083031954040 5164.832891679830 0.22996330494083 7.52433311449663 1.41677466825826
2024-06-24T21:21:00.000 4171.744747599720 726.687315515121 5312.691875250200 -1.06274813092205 7.58112323558637 -0.19187932490837
2024-06-24T21:25:00.000 3768.461125106220 2497.749565836950 5073.951683532210 -2.27737479614856 7.08789963534223 -1.78532302740030
2024-06-24T21:29:00.000 3091.879826881380 4087.674469648500 4466.191364751210 -3.32646605952505 6.08084606464663 -3.24840339884716
2024-06-24T21:33:00.000 2191.095989159880 5381.186939423230 3533.652789030340 -4.13439867570357 4.63275440260632 -4.47535800845543
2024-06-24T21:37:00.000 1131.400642011790 6284.411853792700 2344.097068103320 -4.64264934488861 2.84818725932400 -5.37711891271445
2024-06-24T21:41:00.000 -10.371014529708 6731.704129980040 983.994950130073 -4.81416677673494 0.85648014246117 -5.88785165084986
2024-06-24T21:45:00.000 -1151.384857603430 6690.523414623870 -447.713812313316 -4.63636361600363 -1.19754741965222 -5.97016696251544
2024-06-24T21:49:00.000 -2208.853010298410 6163.880112547330 -1846.847374039360 -4.12223203918821 -3.16431443385003 -5.61808500826016
2024-06-24T21:53:00.000 -3106.099206318080 5190.119403514310 -3111.638378506740 -3.30936426146817 -4.90082385697463 -4.85754894721895
2024-06-24T21:57:00.000 -3778.139902599410 3840.039251448480 -4150.180301833340 -2.25697024795325 -6.28128637701642 -3.74423187808098
2024-06-24T22:01:00.000 -4176.354240872260 2211.638821374220 -4887.075277746830 -1.04132513140519 -7.20614630727111 -2.35912879342313
2024-06-24T22:05:00.000 -4271.916774410080 422.964582767205 -5268.803164146010 0.24988594640202 -7.60881107459759 -0.80244382460127
2024-06-24T22:09:00.000 -4057.800288142290 -1396.359636675840 -5267.496565226570 1.52373948410522 -7.45990980941443 0.81349016914549
2024-06-24T22:13:00.000 -3549.279463700150 -3114.350243823550 -4882.935171235330 2.68837018254354 -6.76928186056109 2.37195370680351
2024-06-24T22:17:00.000 -2782.916561724850 -4606.062364010990 -4142.638116944460 3.65926915052970 -5.58546018053381 3.75980276818761
2024-06-24T22:21:00.000 -1814.073883316170 -5762.596786801120 -3100.067922447510 4.36525519951915 -3.99298257396859 4.87531938392977
2024-06-24T22:25:00.000 -713.041802811080 -6499.151927328570 -1830.949423249090 4.75392156004990 -2.10699770973783 5.63589469367379
2024-06-24T22:29:00.000 440.005023678906 -6761.470822606030 -427.868496657873 4.79592128903414 -0.06537880694727 5.98462483604740
2024-06-24T22:33:00.000 1560.917260422860 -6530.101328723710 1006.534592456140 4.48775571258097 1.98162562018213 5.89525494859202
2024-06-24T22:37:00.000 2567.866346656920 -5821.956713357790 2367.248855202780 3.85214573562042 3.88318175650630 5.37441360266084
2024-06-24T22:41:00.000 3387.471953153900 -4689.042358534440 3554.778632631510 2.93629260689942 5.49963413219003 4.46111812780988
2024-06-24T22:45:00.000 3960.246800550550 -3214.433118581810 4482.563474549760 1.80795107275224 6.71334723068221 3.22334703732143
2024-06-24T22:49:00.000 4244.886290431070 -1505.924647218670 5083.290680360150 0.54987233314543 7.43715580631497 1.75243351708075
2024-06-24T22:53:00.000 4221.115425812050 312.022855858515 5313.653107310650 -0.74651026012935 7.62003833002967 0.15581717604493
2024-06-24T22:57:00.000 3890.995994383670 2107.352799440010 5157.285141176010 -1.98760213839228 7.24997135311063 -1.45076116946156
2024-06-24T23:01:00.000 3278.665730654640 3749.855705422820 4625.799475131510 -3.08404907797568 6.35425222412369 -2.95119642887813
2024-06-24T23:05:00.000 2428.589386422350 5120.441648632660 3757.924304528110 -3.95681927926965 4.99774083470052 -4.23697868035686
2024-06-24T23:09:00.000 1402.389970806210 6119.674354716660 2616.738392108260 -4.54280632627551 3.27840926148197 -5.21488803736712
2024-06-24T23:13:00.000 274.460299739670 6674.961032797750 1285.184029744180 -4.79937136944740 1.32071677407124 -5.81364493602499
2024-06-24T23:17:00.000 -873.382049966163 6745.911220824900 -139.889230902057 -4.70771573735146 -0.73307150946472 -5.98941987959949
2024-06-24T23:21:00.000 -1957.851252369310 6327.373032090490 -1554.785550020290 -4.27450366043131 -2.73341439229266 -5.72937477200502
2024-06-24T23:25:00.000 -2900.294206421000 5449.830978420680 -2856.577268135700 -3.53142834201980 -4.53477623321549 -5.05270445601657
2024-06-24T23:29:00.000 -3632.434824184520 4177.112141855500 -3950.651180864860 -2.53269172608434 -6.00656151269130 -4.00901460493577
2024-06-24T23:33:00.000 -4101.296662221560 2601.630872684240 -4757.568956387070 -1.35076512639088 -7.04254387802780 -2.67432594810250
2024-06-24T23:37:00.000 -4272.954264124280 837.620106862105 -5218.743655889370 -0.07096953614850 -7.56814024013458 -1.14529697040190
2024-06-24T23:41:00.000 -4134.900943481740 -987.094563482223 -5300.575153894100 1.21457474924145 -7.54526783731578 0.46773376682351
2024-06-24T23:45:00.000 -3696.922421320730 -2740.190407950090 -4996.830568000120 2.41325862630727 -6.97473629004992 2.04833088297693
2024-06-24T23:49:00.000 -2990.464957838570 -4294.251229337850 -4329.168751386890 3.43824264926596 -5.89647826194082 3.48185446515276
2024-06-24T23:53:00.000 -2066.501309889260 -5535.933901488880 -3345.735324363490 4.21461487549628 -4.38722622985728 4.66352270299701
2024-06-24T23:57:00.000 -991.997414045300 -6374.281352745740 -2117.877819606600 4.68488830856325 -2.55582462064325 5.50601424977941
2024-06-25T00:01:00.000 154.863062097124 -6747.603768247300 -735.093648611955 4.81373847040475 -0.53585378067281 5.94644168500507
2024-06-25T00:05:00.000 1290.409864499000 -6628.275101475790 701.507093114873 4.59113747266020 1.52420265089611 5.95163299940647
2024-06-25T00:09:00.000 2331.732121570390 -6024.952686818780 2086.743890162710 4.03342262420445 3.47246924978214 5.52110302801146
2024-06-25T00:13:00.000 3202.899995219210 -4981.945622993250 3319.280667488420 3.18202672158024 5.16569940884893 4.68712963072588
2024-06-25T00:17:00.000 3840.611123335900 -3575.777882833010 4309.199794369460 2.10000100257506 6.48038868826021 3.51189660722191
2024-06-25T00:21:00.000 4198.784322706470 -1909.321849628060 4984.591380202490 0.86686748295783 7.32174353619041 2.08227434635984
2024-06-25T00:25:00.000 4251.795129692220 -104.078521181355 5296.689100712270 -0.42753925623257 7.63016902679473 0.50296061410640
2024-06-25T00:29:00.000 3996.157571617380 1708.739003725520 5223.204516616710 -1.68963724901248 7.38466644604848 -1.11138568333868
2024-06-25T00:33:00.000 3450.646587423240 3397.627816473320 4769.771197760240 -2.82856745023772 6.60376443618312 -2.64409533584378
2024-06-25T00:37:00.000 2654.900121006430 4840.143284304100 3969.464372687750 -3.76229818351303 5.34399202592041 -3.98443889511012
2024-06-25T00:41:00.000 1666.615061015860 5931.636941038530 2880.459984257780 -4.42329535907166 3.69633145951632 -5.03523631197247
2024-06-25T00:45:00.000 557.439126434085 6592.836881731570 1581.905930079240 -4.76355946667765 1.78002649112999 -5.71998282693377
2024-06-25T00:49:00.000 -592.177498802640 6775.663826881920 168.240463932478 -4.75822241292911 -0.26577090321662 -5.98859920818959
2024-06-25T00:53:00.000 -1698.819525389090 6466.825117157730 -1257.673466796630 -4.40763511013226 -2.29214105780798 -5.82144128754520
2024-06-25T00:57:00.000 -2682.210454835490 5688.820571867340 -2592.093779965500 -3.73743476261316 -4.15161813392192 -5.23085734312722
2024-06-25T01:01:00.000 -3471.083972765340 4498.260286728880 -3738.005766227900 -2.79657961961028 -5.70921025916051 -4.26020141328059
2024-06-25T01:05:00.000 -4008.347093652250 2981.632094711480 -4612.191126076010 -1.65343344725465 -6.85241224203061 -2.98029300443306
2024-06-25T01:09:00.000 -4255.134858458620 1248.933653294900 -5151.189815751950 -0.39059973160296 -7.49892078211078 -1.48393556664359
2024-06-25T01:13:00.000 -4193.527411438740 -574.274794878693 -5315.785117420110 0.90100624893878 -7.60203653975996 0.12084711318412
2024-06-25T01:17:00.000 -3827.801141446020 -2355.818647220510 -5093.772857029670 2.12838904466556 -7.15365161205556 1.71826409302151
2024-06-25T01:21:00.000 -3184.166452400280 -3966.295481818840 -4500.881926737650 3.20279171072000 -6.18487994316945 3.19265203809536
2024-06-25T01:25:00.000 -2309.015145999020 -5288.338773247190 -3579.793994291590 4.04581382081312 -4.76445234861997 4.43639637558224
2024-06-25T01:29:00.000 -1265.716889563500 -6225.203623589730 -2397.261184321350 4.59528007658128 -2.99455636351561 5.35779919022805
2024-06-25T01:33:00.000 -130.118987540300 -6708.024558747320 -1039.405298877790 4.81009828128387 -1.00398383417262 5.88823413045058
2024-06-25T01:37:00.000 1014.972927745230 -6701.134641851950 394.538165394893 4.67383223945344 1.06114751425823 5.98783883419998
2024-06-25T01:41:00.000 2085.952471262880 -6204.902097439810 1799.592866074600 4.19632635309698 3.04862459555084 5.64899908780541
2024-06-25T01:45:00.000 3004.685781827350 -5255.760721006090 3072.932382248490 3.41303569282526 4.81212323612955 4.89712685382375
2024-06-25T01:49:00.000 3704.346024101090 -3923.385654278050 4121.594563887340 2.38205091505040 6.22274681941651 3.78838638994400
2024-06-25T01:53:00.000 4134.296137351010 -2305.321300530590 4869.324117634890 1.17929063261331 7.17852264982983 2.40487362862209
2024-06-25T01:57:00.000 4263.674634598000 -519.631740758456 5262.042730882230 -0.10743114130103 7.61137346715457 0.84810991740280
2024-06-25T02:01:00.000 4083.468088804830 1303.803326122460 5271.606545277280 -1.38495200297800 7.49136739768877 -0.76865956279412
2024-06-25T02:05:00.000 3607.018237391600 3032.661930005110 4897.652329320550 -2.56121625303642 6.82812247118585 -2.32849578647657
2024-06-25T02:09:00.000 2868.992579533920 4541.607559660570 4167.527833060080 -3.55157280513926 5.66987880718010 -3.71874673182908
2024-06-25T02:13:00.000 1922.903634412370 5721.208672583870 3134.322482102710 -4.28453571756020 4.10020572698229 -4.83878453118334
2024-06-25T02:17:00.000 837.327484291103 6485.811145707280 1873.115440257440 -4.70685580947220 2.23258616490026 -5.60712326329204
2024-06-25T02:21:00.000 -309.002125830506 6779.823973774430 475.612222765045 -4.78770121523671 0.20255432669997 -5.96760242202545
2024-06-25T02:25:00.000 -1432.907329379760 6581.859111100460 -956.506666716713 -4.52113097853653 -1.84216365991291 -5.89381607114105
2024-06-25T02:29:00.000 -2452.849235511530 5906.348528571190 -2319.032938263020 -3.92666737147724 -3.75268598650326 -5.39125779864614
2024-06-25T02:33:00.000 -3294.896652152110 4802.461114209960 -3512.887650766160 -3.04775264473230 -5.39025227746156 -4.49687021806965
2024-06-25T02:37:00.000 -3898.084971130230 3350.416547920370 -4451.348389027910 -1.94829783939934 -6.63641935886006 -3.27599073677661
2024-06-25T02:41:00.000 -4218.775977971750 1655.566271754130 -5066.291043987710 -0.70787140899704 -7.40142029587762 -1.81726980365985
2024-06-25T02:45:00.000 -4233.722913987160 -159.258788020431 -5313.015605230010 0.58418488722920 -7.63012121935657 -0.22608566009591
2024-06-25T02:49:00.000 -3941.682940781800 -1962.519394836150 -5173.392058322170 1.83488302992644 -7.30548356767675 1.38279344240003
2024-06-25T02:53:00.000 -3363.538005044370 -3623.304036777060 -4657.187155562480 2.95389354747801 -6.44979116015580 2.89298304983745
2024-06-25T02:57:00.000 -2540.903376334760 -5020.679840054560 -3801.493105649750 3.85978299212077 -5.12352293011289 4.19449041448502
2024-06-25T03:01:00.000 -1533.279419198820 -6052.478892326610 -2668.241030868080 4.48587195397694 -3.42176301931568 5.19160090902325
2024-06-25T03:05:00.000 -413.870998187097 -6642.921826159960 -1339.886710008970 4.78544803825815 -1.46811126105701 5.81012639279120
2024-06-25T03:09:00.000 735.733035220422 -6748.458524004060 86.535676168271 4.73586622406152 0.59417339686139 6.00367084295490
2024-06-25T03:13:00.000 1831.613076118810 -6361.188528440750 1506.617389999910 4.34050887568963 2.61319055238159 5.75760776970505
2024-06-25T03:17:00.000 2793.795033960220 -5509.524969365510 2816.409287869160 3.62866499357091 4.44023401423492 5.09037449074742
2024-06-25T03:21:00.000 3552.229006008300 -4256.008979072580 3920.222483795920 2.65317163103189 5.94146508445750 4.05186744477072
2024-06-25T03:25:00.000 4051.948193403790 -2692.481168247180 4737.712983205270 1.48601244929016 7.00805177095619 2.71915347917597
2024-06-25T03:29:00.000 4256.993534941530 -933.114638203185 5209.681731580730 0.21256851006509 7.56376167851620 1.19020583342579
2024-06-25T03:33:00.000 4152.867104049670 894.041013786202 5302.211589658660 -1.07478872684769 7.56975501489560 -0.42356431131285
2024-06-25T03:37:00.000 3747.423893612590 2656.336998631400 5008.940705529900 -2.28322948852653 7.02667592923266 -2.00530147617919
2024-06-25T03:41:00.000 3070.221156327910 4225.999194001790 4351.395015432410 -3.32576187827272 5.97423706708034 -3.44078408560001
2024-06-25T03:45:00.000 2170.389285070560 5489.219677016050 3377.416597614070 -4.12722833082786 4.48845370104898 -4.62619817304586
2024-06-25T03:49:00.000 1113.139970907490 6354.312623100560 2157.782451845520 -4.62956477815798 2.67666814826473 -5.47540065488851
2024-06-25T03:53:00.000 -24.875845421054 6758.405165717880 781.155261475077 -4.79614260043214 0.67018698026344 -5.92643335268231
2024-06-25T03:57:00.000 -1161.096077375830 6672.090379175540 -652.318373266473 -4.61468299848554 -1.38506142714022 -5.94619925937799
2024-06-25T04:01:00.000 -2213.079845412380 6101.672258568570 -2038.325332306900 -4.09849194701631 -3.33936442343265 -5.53333895418758
2024-06-25T04:05:00.000 -3104.555666421990 5088.682522117600 -3276.063588336200 -3.28531508086462 -5.05069538828865 -4.71824409189975
2024-06-25T04:09:00.000 -3770.962236591050 3706.759711482690 -4275.607718019090 -2.23435186160922 -6.39516718071025 -3.56054048546873
2024-06-25T04:13:00.000 -4164.081508821040 2056.193737128830 -4964.396090639570 -1.02172748757144 -7.27586370043373 -2.14436208881207
2024-06-25T04:17:00.000 -4255.439316954570 256.624811194043 -5292.386745324200 0.26513085229291 -7.62933265112685 -0.57211506582733
2024-06-25T04:21:00.000 -4038.289508197700 -1561.533097803010 -5235.589693404060 1.53363781370152 -7.42970753253775 1.04278847635042
2024-06-25T04:25:00.000 -3528.101289175470 -3266.352199064390 -4797.784062460860 2.69228942062581 -6.69034664058271 2.58365141429043
2024-06-25T04:29:00.000 -2761.548047495800 -4733.788480036260 -4010.356826090290 3.65692222798270 -5.46329830750172 3.93844050510245
2024-06-25T04:33:00.000 -1794.013677191910 -5856.658111304150 -2930.226203969760 4.35674721575888 -3.83629784478372 5.00773318281264
2024-06-25T04:37:00.000 -695.715658395608 -6552.582831210680 -1635.902709141440 4.73977216146879 -1.92717715318226 5.71219991509611
2024-06-25T04:41:00.000 453.351741186078 -6770.275875589230 -221.861754100573 4.77709132148528 0.12438816561881 5.99906776745599
2024-06-25T04:45:00.000 1569.307580389230 -6493.573884650470 1208.417826989560 4.46554162546485 2.16725628167166 5.84665266335806
2024-06-25T04:49:00.000 2570.690215203780 -5742.768517264030 2550.220311422490 3.82828395716134 4.05085878065298 5.26641828711994
2024-06-25T04:53:00.000 3384.558353674740 -4573.010092594280 3705.471299285350 2.91264044567596 5.63712386375883 4.30179564167733
2024-06-25T04:57:00.000 3951.856072531520 -3070.045026974240 4590.005375896590 1.78622815693006 6.81073651482023 3.02446592827832
2024-06-25T05:01:00.000 4231.669417625280 -1343.706833026690 5139.687220385140 0.53162264150057 7.48745857008623 1.52854314252222
2024-06-25T05:05:00.000 4204.069187675430 480.270912784574 5314.933723200130 -0.75998642079767 7.61969380921643 -0.07679503698667
2024-06-25T05:09:00.000 3871.385743022340 2269.409861645140 5103.382249028490 -1.99536799896744 7.19904753278580 -1.67520406170686
2024-06-25T05:13:00.000 3257.933845687030 3893.961899794610 4520.653440612790 -3.08558500178814 6.25650401924671 -3.15118689101015
2024-06-25T05:17:00.000 2408.244727872270 5236.146048719910 3609.185237503040 -3.95208745159996 4.86023269674783 -4.39805020562519
2024-06-25T05:21:00.000 1383.900904623230 6198.572499989160 2435.222501837640 -4.53216468839838 3.11107218884167 -5.32527756984411
2024-06-25T05:25:00.000 259.160797719791 6711.323597597150 1084.104913236840 -4.78360172204172 1.13576338856513 -5.86529161793488
2024-06-25T05:29:00.000 -884.396455737325 6737.109749916690 -345.896256571059 -4.68799681698106 -0.92219069775727 -5.97858609509844
2024-06-25T05:33:00.000 -1963.801633313430 6274.064101264640 -1750.726940034050 -4.25228330476592 -2.91291638468043 -5.65684794092664
2024-06-25T05:37:00.000 -2900.774868095470 5355.915914452340 -3028.201577175750 -3.50834786201195 -4.69160356029768 -4.92383790233209
2024-06-25T05:41:00.000 -3627.441608873050 4049.435779495700 -4085.492979728860 -2.51043544115031 -6.12937922591655 -3.83324079911192
2024-06-25T05:45:00.000 -4091.220018502910 2449.468945997430 -4845.845981655920 -1.33090406940874 -7.12254362237517 -2.46441632735118
2024-06-25T05:49:00.000 -4258.536757915560 672.005027256042 -5254.045114895180 -0.05486161786531 -7.59956994342993 -0.91641435196936
2024-06-25T05:53:00.000 -4117.180282871720 -1154.155722000350 -5280.313122577080 1.22583844553881 -7.52580295405291 0.69906875712138
2024-06-25T05:57:00.000 -3677.156997122510 -2896.567313494790 -4922.433323703750 2.41894437141185 -6.90568145513122 2.26538178310977
2024-06-25T06:01:00.000 -2970.045360500700 -4428.551038928910 -4205.987832142970 3.43797070584653 -5.78264204698427 3.66883774954057
2024-06-25T06:05:00.000 -2046.870961088270 -5638.320512443330 -3182.689831734150 4.20833675078728 -4.23673022181873 4.80668355163993
2024-06-25T06:09:00.000 -974.561140325164 -6437.217998839180 -1926.832227678180 4.67297935964940 -2.37958497400460 5.59471993235262
2024-06-25T06:13:00.000 168.841613643779 -6766.435460396660 -530.005251037079 4.79700576545929 -0.34683575562019 5.97401815405279
2024-06-25T06:17:00.000 1299.913523835160 -6601.604983489770 905.623186157805 4.57081295511935 1.71201397460958 5.91600178256511
2024-06-25T06:21:00.000 2336.076799578740 -5954.749246195400 2274.940810579020 4.01102867785572 3.64517970720795 5.42490556857843
2024-06-25T06:25:00.000 3201.794967387500 -4873.396949289800 3477.802378766870 3.15931093500398 5.31057831590775 4.53759624743120
2024-06-25T06:29:00.000 3834.192720655790 -3436.869203704190 4426.512503776340 2.07872516485677 6.58699281946854 3.32015683072934
2024-06-25T06:33:00.000 4187.588829882850 -1750.202076568840 5052.205066268200 0.84855693973399 7.38257435116302 1.86237381673620
2024-06-25T06:37:00.000 4236.686188928080 63.683723772924 5309.726899849120 -0.44165841898346 7.64093238789258 0.27082949652617
2024-06-25T06:41:00.000 3978.260045487800 1872.966161771200 5180.743140084090 -1.69862674147057 7.34462682287590 -1.33894262645386
2024-06-25T06:45:00.000 3431.270204939420 3546.399820653940 4674.900707124080 -2.83182859770389 6.51578604022461 -2.85061954755326
2024-06-25T06:49:00.000 2635.453446292140 4962.650659019840 3829.074220480780 -3.75962692605457 5.21442344937422 -4.15492777269489
2024-06-25T06:53:00.000 1648.501725499930 6018.967623971900 2704.752389812360 -4.41492370278372 3.53454052090971 -5.15725356772219
2024-06-25T06:57:00.000 541.966212907355 6638.627598432230 1383.664049066770 -4.75005337315149 1.59777535305106 -5.78459448374215
2024-06-25T07:01:00.000 -603.886128416092 6776.585610852680 -38.102660098816 -4.74055648703618 -0.45512810951802 -5.99109271836226
2024-06-25T07:05:00.000 -1705.920264877330 6422.833288225590 -1457.102559046830 -4.38714528883954 -2.47477586543693 -5.76169104518882
2024-06-25T07:09:00.000 -2684.207368062220 5603.144878990150 -2770.111658300430 -3.71566003727488 -4.31423338626671 -5.11328947608332
2024-06-25T07:13:00.000 -3467.861105408210 4377.155338820310 -3881.694220668070 -2.77512188308934 -5.84004910276942 -4.09344701015646
2024-06-25T07:17:00.000 -4000.168743418580 2833.908500078620 -4711.142440481240 -1.63384196804169 -6.94206236218484 -2.77651155274136
2024-06-25T07:21:00.000 -4242.618340478860 1085.311265283110 -5198.245778886110 -0.37425114615264 -7.54096100533594 -1.25787838930531
2024-06-25T07:25:00.000 -4177.592872060040 -741.933760388450 -5307.539138184520 0.91297681357349 -7.59342653533133 0.35284616037952
2024-06-25T07:29:00.000 -3809.605055194330 -2515.352177727870 -5030.813775255740 2.13515478280149 -7.09494372062655 1.93943151422438
2024-06-25T07:33:00.000 -3165.020697775600 -4106.107324629400 -4387.766721798480 3.20390030716863 -6.08022187912063 3.38689182765293
2024-06-25T07:37:00.000 -2290.292119475050 -5398.236397514820 -3424.741352588630 4.04120064021477 -4.62133235841572 4.58947763047775
2024-06-25T07:41:00.000 -1248.762982590090 -6297.149182205960 -2211.572978300180 4.58522927587786 -2.82334557825038 5.45842469353276
2024-06-25T07:45:00.000 -116.165945334611 -6736.747578066610 -836.653319724581 4.79528849358104 -0.81723156055272 5.92891179360182
2024-06-25T07:49:00.000 1024.904144386620 -6684.547168765660 599.505827399215 4.65534131896361 1.24963088947825 5.96551213129957
2024-06-25T07:53:00.000 2091.145499429820 -6144.270509569770 1991.765851569780 4.17559389831764 3.22491050744715 5.56538323563780
2024-06-25T07:57:00.000 3004.792979323240 -5155.589207939490 3238.266079325140 3.39165829851333 4.96331495859616 4.75848319734635
2024-06-25T08:01:00.000 3699.409492380640 -3791.059717872180 4248.045013942210 2.36166407518946 6.33789142107055 3.60501641046077
2024-06-25T08:05:00.000 4124.739102538930 -2150.535641889620 4947.724018854540 1.16140276484770 7.24944730319770 2.19028551455479
2024-06-25T08:09:00.000 4250.246655033650 -353.651797390085 5286.738983545820 -0.12163454274334 7.63319689492008 0.61787064397642
2024-06-25T08:13:00.000 4067.162807098850 1468.941084059050 5240.819106387150 -1.39460273822993 7.46256100365155 -0.99798917042712
2024-06-25T08:17:00.000 3589.005592615860 3184.975393907180 4813.597103021420 -2.56571722280981 6.75069185022400 -2.54037554886223
2024-06-25T08:21:00.000 2850.549834524410 4670.015134346340 4036.268084814200 -3.55062747640647 5.54927885254888 -3.89782975875271
2024-06-25T08:25:00.000 1905.344880829240 5816.330051956740 2965.357713798740 -4.27815221955482 3.94510388852581 -4.97197853881406
2024-06-25T08:29:00.000 821.914369324530 6540.670459091920 1678.707669439580 -4.69545767065269 2.05421890937441 -5.68464034069658
2024-06-25T08:33:00.000 -321.151557418029 6790.375878581840 269.900235280840 -4.77206315896381 0.01397557714242 -5.98370133789094
2024-06-25T08:37:00.000 -1440.906396658670 6547.311296715530 -1158.550269277680 -4.50239548410776 -2.02710658595283 -5.84734607889992
2024-06-25T08:41:00.000 -2456.115618761480 5829.210219092930 -2502.717643620610 -3.90620607203295 -3.92049559999130 -5.28568416864329
2024-06-25T08:45:00.000 -3293.194559688710 4688.343638922320 -3664.877587286350 -3.02706772058744 -5.52872357735572 -4.33994478801466
2024-06-25T08:49:00.000 -3891.545920900460 3207.614919912540 -4560.628426782300 -1.92892129420416 -6.73553960755522 -3.07917387490062
2024-06-25T08:53:00.000 -4207.884141392260 1494.443086599630 -5124.954085317050 -0.69119293294726 -7.45405502057070 -1.59484327183664
2024-06-25T08:57:00.000 -4219.274779206250 -327.020819993975 -5316.821505714070 0.59696511540841 -7.63247437164978 0.00585743525281
2024-06-25T09:01:00.000 -3924.728512992130 -2124.755230327790 -5122.068040302810 1.84286623863150 -7.25734893810542 1.60747221526141
2024-06-25T09:05:00.000 -3345.302078514100 -3768.233790275040 -4554.453472275860 2.95652477310070 -6.35456445426664 3.09410356854667
2024-06-25T09:09:00.000 -2522.703322822200 -5137.750935554630 -3654.810665166570 3.85684625322205 -4.98799544840097 4.35734599993388
2024-06-25T09:13:00.000 -1516.439709169860 -6133.146229302940 -2488.304021102000 4.47754313420796 -3.25579495597565 5.30414095464802
2024-06-25T09:17:00.000 -399.618316248975 -6681.303680099060 -1139.851306529150 4.77234848205683 -1.28386828037146 5.86403626339616
2024-06-25T09:21:00.000 746.359343313078 -6741.773641618440 292.029224151109 4.71892683075495 0.78316165079516 5.99495747951481
2024-06-25T09:25:00.000 1837.835148259380 -6309.978009136760 1702.523005301390 4.32098438061233 2.79294364013565 5.68692913629560
2024-06-25T09:29:00.000 2795.173937770200 -5417.620014440160 2988.404660727390 3.60810296319845 4.59752386377248 4.96305970238791
2024-06-25T09:33:00.000 3548.710333542730 -4130.209714182620 4055.777341430390 2.63317683754212 6.06492865569636 3.87739634103023
2024-06-25T09:37:00.000 4043.846432425420 -2542.020634184890 4826.991990000690 1.46804771936876 7.08887848819425 2.51036602868123
2024-06-25T09:41:00.000 4244.953681977540 -768.970829940882 5246.239686038860 0.19789939891697 7.59631236280545 0.96232915939693
2024-06-25T09:45:00.000 4137.794330955520 1059.953259607000 5283.427476972310 -1.08527711945028 7.55186676409016 -0.65409675414244
2024-06-25T09:49:00.000 3730.395943080600 2811.994046323070 4936.167686253910 -2.28895594701249 6.95959665101808 -2.22196366208191
2024-06-25T09:53:00.000 3052.427738944360 4360.087167197440 4229.868730250670 -3.32638372992901 5.86263686257110 -3.62792507421663
2024-06-25T09:57:00.000 2153.069137751880 5591.942216161820 3215.910429772200 -4.12266617262545 4.34025313175913 -4.77017506030405
2024-06-25T10:01:00.000 1097.518025666140 6418.118991048310 1967.992762140740 -4.62003934448656 2.50253237324285 -5.56565297392624
2024-06-25T10:05:00.000 -37.669201536768 6778.563259885620 576.868406563060 -4.78222827213889 0.48283726324751 -5.95623184971487
2024-06-25T10:09:00.000 -1170.120407188870 6647.074662120850 -856.236505005652 -4.59737860898619 -1.57184788023444 -5.91335402790887
2024-06-25T10:13:00.000 -2217.666242079240 6033.269556089070 -2227.042018555010 -4.07904444083024 -3.51191622339879 -5.44029410240594
2024-06-25T10:17:00.000 -3104.359783807900 4981.848598832010 -3435.867865638250 -3.26515492799016 -5.19644894148613 -4.57183174415620
2024-06-25T10:21:00.000 -3765.990894648480 3569.242816821560 -4394.902193058950 -2.21495914929810 -6.50355186884037 -3.37143091764480
2024-06-25T10:25:00.000 -4154.688881659110 1897.964686260960 -5034.529937349650 -1.00449872856545 -7.33903307693066 -1.92629644991597
2024-06-25T10:29:00.000 -4242.296171471580 89.153513606811 -5308.276108803020 0.27896888687314 -7.64270593910113 -0.34088951915965
2024-06-25T10:33:00.000 -4022.335315101280 -1726.100142650550 -5196.078765278380 1.54308367351581 -7.39227263331166 1.27042464668130
2024-06-25T10:37:00.000 -3510.477965285420 -3416.065926863380 -4705.731541204470 2.69666747076949 -6.60474085582323 2.79119011033137
2024-06-25T10:41:00.000 -2743.518125820600 -4857.754279507680 -3872.440230261500 3.65591189595848 -5.33562535097872 4.11075558453131
2024-06-25T10:45:00.000 -1776.871949171930 -5945.823914824670 -2756.478835653150 4.35038835348993 -3.67573179244156 5.13215196048742
2024-06-25T10:49:00.000 -680.708525682808 -6600.416180697980 -1439.007293732860 4.72843656310359 -1.74543409696185 5.77946716618479
2024-06-25T10:53:00.000 465.118476880945 -6773.286060597360 -16.228508626468 4.76160667143606 0.31385329087563 6.00416794618339
2024-06-25T10:57:00.000 1576.979449377770 -6451.580886884250 1407.734512999190 4.44711626198919 2.35050889717163 5.78924926711741
2024-06-25T11:01:00.000 2573.721080639730 -5658.894765889490 2728.642565246300 3.80827430091193 4.21445886399089 5.15078647847375
2024-06-25T11:05:00.000 3382.748151486310 -4453.450426121780 3849.975021826980 2.89257296633705 5.76908965268753 4.13653924753415
2024-06-25T11:09:00.000 3945.379052950220 -2923.586696273460 4690.086370576540 1.76764845064449 6.90159999023883 2.82181330077169
2024-06-25T11:13:00.000 4221.045442783530 -1181.043700731520 5188.100167367860 0.51584049629822 7.53083964753394 1.30325125489955
2024-06-25T11:17:00.000 4190.100812281530 647.312165046677 5308.184934090510 -0.77192851062007 7.61260098355169 -0.30839080960655
2024-06-25T11:21:00.000 3855.083312125230 2428.715988541070 5041.967436172400 -2.00279164808530 7.14206783003388 -1.89641128194849
2024-06-25T11:25:00.000 3240.432520674960 4033.972769418140 4409.000728667630 -3.08810393332267 6.15363242262285 -3.34609404803735
2024-06-25T11:29:00.000 2390.749571836430 5346.653495204830 3455.350279578930 -3.94949913885570 4.71871847111502 -4.55250462557842
2024-06-25T11:33:00.000 1367.634305779370 6271.471711168740 2250.334952515700 -4.52455876529954 2.94107531384094 -5.42800047294768
2024-06-25T11:37:00.000 245.283425206550 6741.219363331130 881.572208710331 -4.77139478670663 0.94958756017304 -5.90868441621950
2024-06-25T11:41:00.000 -894.866325736418 6721.741869124220 -551.347730953051 -4.67197238873904 -1.11087412310045 -5.95936275295178
2024-06-25T11:45:00.000 -1970.081080080940 6214.501609354110 -1944.149219674630 -4.23360165576826 -3.09027004617763 -5.57644639512032
2024-06-25T11:49:00.000 -2902.386797942960 5256.455943466140 -3195.530891177280 -3.48837616624358 -4.84469480498694 -4.78813210301668
2024-06-25T11:53:00.000 -3624.252622601120 3917.280451721590 -4214.569383491150 -2.49064314952086 -6.24709376130308 -3.65211799951558
2024-06-25T11:57:00.000 -4083.445092395100 2294.189408007050 -4927.289306761310 -1.31270877095580 -7.19635775545929 -2.25101137626613
2024-06-25T12:00:00.000 -4234.671245157860 960.798432964373 -5228.719329494020 -0.36180348938986 -7.56843895514525 -1.08668337271655
