CCSDS_OEM_VERS = 2.0
CREATION_DATE  = 2024-05-17T16:55:23.425
ORIGINATOR     = NASA/JSC/FOD/TOPO

META_START
OBJECT_NAME          = ISS
OBJECT_ID            = 1998-067-A
CENTER_NAME          = Earth
REF_FRAME            = EME2000
TIME_SYSTEM          = UTC
START_TIME           = 2024-05-17T12:00:00.000
USEABLE_START_TIME   = 2024-05-17T12:00:00.000
USEABLE_STOP_TIME    = 2024-06-01T12:00:00.000
STOP_TIME            = 2024-06-01T12:00:00.000
META_STOP

COMMENT Source: This file was produced by the TOPO office within FOD at JSC.
COMMENT Units are in kg and m^2
COMMENT MASS=459821.60
COMMENT DRAG_AREA=1442.80
COMMENT DRAG_COEFF=3.50
COMMENT SOLAR_RAD_AREA=0.00
COMMENT SOLAR_RAD_COEFF=0.00
COMMENT Orbits start at the ascending node epoch
COMMENT ISS first asc. node: EPOCH = 2024-05-17T12:36:28.307 $ ORBIT = 1379 $ LAN(DEG) = 42.54627
COMMENT ISS last asc. node : EPOCH = 2024-06-01T11:18:47.437 $ ORBIT = 1611 $ LAN(DEG) = -26.94799
COMMENT Begin sequence of events
COMMENT TRAJECTORY EVENT SUMMARY:
COMMENT 
COMMENT |       EVENT        |       TIG        | ORB |   DV    |   HA    |   HP    |
COMMENT |                    |       GMT        |     |   M/S   |   KM    |   KM    |
COMMENT |                    |                  |     |  (F/S)  |  (NM)   |  (NM)   |
COMMENT =============================================================================
COMMENT  CFT_Launch            142:20:43:11.000             0.0     417.2     406.0
COMMENT                                                    (0.0)   (225.3)   (219.2)
COMMENT 
COMMENT  CFT_Dock              143:21:51:56.000             0.0     416.9     405.8
COMMENT                                                    (0.0)   (225.1)   (219.1)
COMMENT 
COMMENT  5/24 Cygnus reboost   145:14:16:00.000             1.1     416.1     406.0
COMMENT                                                    (3.6)   (224.7)   (219.2)
COMMENT 
COMMENT  5/24 Cygnus reboost   145:22:48:00.000             1.1     416.5     409.5
COMMENT                                                    (3.6)   (224.9)   (221.1)
COMMENT 
COMMENT  86P Undock            149:08:42:00.000             0.0     418.5     409.8
COMMENT                                                    (0.0)   (226.0)   (221.3)
COMMENT 
COMMENT  88P Launch            151:09:43:00.000             0.0     417.8     409.9
COMMENT                                                    (0.0)   (225.6)   (221.3)
COMMENT 
COMMENT  CFT_Undock            151:13:48:00.000             0.0     417.7     410.0
COMMENT                                                    (0.0)   (225.5)   (221.4)
COMMENT 
COMMENT  88P_Docking           153:11:53:22.000             0.0     416.9     409.8
COMMENT                                                    (0.0)   (225.1)   (221.3)
COMMENT 
COMMENT =============================================================================
COMMENT End sequence of events
2024-05-17T12:00:00.000 4075.900330872380 -4290.126962665270 -3334.828414512720 2.12433886828089 5.66413105484344 -4.69947220480881
2024-05-17T12:04:00.000 4431.284180646870 -2791.197210572800 -4327.305049053510 0.81946290344233 6.75039437364474 -3.52084305015808
2024-05-17T12:08:00.000 4464.626610963780 -1089.381727867210 -5004.410336876700 -0.54300165475053 7.34480996027394 -2.08751837464705
2024-05-17T12:12:00.000 4173.920302147420 691.527482418871 -5317.260211019020 -1.86462252597096 7.40571020936739 -0.50386006971561
2024-05-17T12:16:00.000 3580.499384322290 2422.293450300710 -5243.385445706490 -3.05042643520578 6.92955764317001 1.11569506180408
2024-05-17T12:20:00.000 2727.436971975420 3977.402112493560 -4788.203355189540 -4.01523132408498 5.95068699252157 2.65446882900249
2024-05-17T12:24:00.000 1676.498395831990 5243.919964048630 -3984.636458095860 -4.68934637340299 4.53907143823433 4.00123947133048
2024-05-17T12:28:00.000 503.815198066588 6129.564848171230 -2890.863018341490 -5.02346591253060 2.79589386057956 5.05800208284367
2024-05-17T12:32:00.000 -705.482964042713 6569.452270246840 -1586.288671289690 -4.99245289907797 0.84704393791223 5.74699479539273
2024-05-17T12:36:00.000 -1863.393047338230 6531.024629176040 -165.912534734642 -4.59772632329755 -1.16563420070705 6.01693036836043
2024-05-17T12:40:00.000 -2885.487360966740 6016.642774082050 1266.578322613420 -3.86753536859765 -3.09482133660252 5.84721848696253
2024-05-17T12:44:00.000 -3697.173536020960 5063.561219331080 2606.453791473350 -2.85509464303452 -4.79893232305029 5.24985131556974
2024-05-17T12:48:00.000 -4239.241831083700 3741.227246676700 3755.722397222990 -1.63453206997933 -6.15301799767604 4.26862108157457
2024-05-17T12:52:00.000 -4472.221992521630 2146.114536924050 4630.383280967620 -0.29516016898176 -7.05818860278324 2.97555309545236
2024-05-17T12:56:00.000 -4379.220122184690 394.566100316214 5166.574490051860 1.06540008273352 -7.44873997272961 1.46532604834136
2024-05-17T13:00:00.000 -3967.059036841050 -1385.746525837570 5325.150521731920 2.34829336509684 -7.29642435427511 -0.15201241355372
2024-05-17T13:04:00.000 -3265.738611913140 -3065.051481933750 5094.460253355750 3.46035526855317 -6.61207924081097 -1.75872224879068
2024-05-17T13:08:00.000 -2326.282602597530 -4520.832803707850 4491.212391761440 4.32059629809951 -5.44502332743416 -3.23762727561074
2024-05-17T13:12:00.000 -1217.096220040390 -5646.727043754400 3559.323742968190 4.86604792486368 -3.87976174417582 -4.48053436266404
2024-05-17T13:16:00.000 -19.054346414589 -6360.319439395390 2366.813428686860 5.05643794056510 -2.03023755033297 -5.39601820164944
2024-05-17T13:20:00.000 1180.373264735180 -6609.310711318130 1000.921790036680 4.87749520415850 -0.03196811215602 -5.91640954209395
2024-05-17T13:24:00.000 2293.580108383110 -6375.521793312930 -438.300076396494 4.34240695388474 1.96807176108413 -6.00335296476276
2024-05-17T13:28:00.000 3239.355638610300 -5676.293527797870 -1845.449033472340 3.49094297952618 3.82278311241664 -5.65092119423713
2024-05-17T13:32:00.000 3948.925233318520 -4563.126718936830 -3117.663058901920 2.38624757575127 5.39646399472926 -4.88601746059390
2024-05-17T13:36:00.000 4370.973353367280 -3117.678217485350 -4162.245929445560 1.10968566658159 6.57505397355348 -3.76582585103018
2024-05-17T13:40:00.000 4475.267492781100 -1445.549952995200 -4903.397045730000 -0.24554967395305 7.27421097711270 -2.37298803388031
2024-05-17T13:44:00.000 4254.666572503450 331.550558218663 -5287.563978693600 -1.58139202715637 7.44473256899268 -0.80908327748417
2024-05-17T13:48:00.000 3725.457612110040 2084.618056416920 -5287.111878973320 -2.80178643425351 7.07524154213320 0.81275531736245
2024-05-17T13:52:00.000 2926.095032086580 3686.514509006580 -4902.172335947710 -3.81908796555837 6.19256723136291 2.37559971242167
2024-05-17T13:56:00.000 1914.462947179930 5020.958111222200 -4160.597282026250 -4.55993909114199 4.85982487171974 3.76666432472273
2024-05-17T14:00:00.000 763.827164860581 5990.789975033450 -3116.055910046520 -4.97029634596955 3.17245734567080 4.88484156657846
2024-05-17T14:04:00.000 -442.324102495557 6525.051468113780 -1844.337691399250 -5.01958869734423 1.25212127200539 5.64806463607900
2024-05-17T14:08:00.000 -1616.258949691740 6584.313832627700 -437.999211575320 -4.70332778877284 -0.76162783618942 5.99961904459360
2024-05-17T14:12:00.000 -2672.404500483120 6163.793685400960 1000.331397653790 -4.04396447747461 -2.72146527616967 5.91291054604670
2024-05-17T14:16:00.000 -3533.691297007700 5293.863322632640 2365.516550032170 -3.08945935556347 -4.48362824615183 5.39377169771390
2024-05-17T14:20:00.000 -4137.277269124640 4037.875003401680 3557.707422394230 -1.90966179838783 -5.91882414206788 4.48018406990553
2024-05-17T14:24:00.000 -4439.187894769860 2487.463549434550 4489.753529800150 -0.59093447156477 -6.92214084636644 3.23925311872574
2024-05-17T14:28:00.000 -4417.502913378950 755.730069082451 5093.590458637280 0.77048923063630 -7.42065997011235 1.76189677016494
2024-05-17T14:32:00.000 -4073.865317137800 -1031.080588700810 5325.147283768270 2.07565035942062 -7.37833413045487 0.15588672460045
2024-05-17T14:36:00.000 -3433.301051207680 -2742.739556875360 5167.472077942420 3.22979912630939 -6.79816885622794 -1.46189692276417
2024-05-17T14:40:00.000 -2542.404053587770 -4254.411158283820 4631.940208016540 4.14897812729250 -5.72184198367711 -2.97362646571385
2024-05-17T14:44:00.000 -1466.028843439620 -5455.673826588200 3757.505609995740 4.76592718413078 -4.22718099495748 -4.26870078100582
2024-05-17T14:48:00.000 -282.640084767076 -6258.628291302900 2607.970044243110 5.03521477091144 -2.42293213944143 -5.25195359356889
2024-05-17T14:52:00.000 921.383386421191 -6604.438284010830 1267.398251293770 4.93678314340763 -0.44111100274480 -5.85078094940546
2024-05-17T14:56:00.000 2058.100441727420 -6467.805298601610 -166.026797562449 4.47781542600436 1.57258207058549 -6.02096283219749
2024-05-17T15:00:00.000 3044.553623431740 -5858.925342103480 -1587.311161385380 3.69239821209437 3.47000073212456 -5.75034478402185
2024-05-17T15:04:00.000 3808.947404457200 -4822.683411960320 -2892.508847950590 2.63883177428320 5.11210642144907 -5.05972625658335
2024-05-17T15:08:00.000 4295.925159759530 -3435.157889188970 -3986.451919645340 1.39486319500005 6.37962097936241 -4.00089935060280
2024-05-17T15:12:00.000 4470.511746865200 -1797.800733209510 -4789.693731296290 0.05148095771440 7.18159723449171 -2.65216625594815
2024-05-17T15:16:00.000 4320.472582306420 -29.868290643090 -5244.149120390590 -1.29396018039140 7.46137076164882 -1.11208616485983
2024-05-17T15:20:00.000 3857.013079244960 1740.248410963900 -5317.096801714410 -2.54461268552079 7.19981830540506 0.50779891322201
2024-05-17T15:24:00.000 3113.859069561850 3384.172662925640 -5003.370135067400 -3.61068925027398 6.41610621018271 2.09070863835055
2024-05-17T15:28:00.000 2144.842780650350 4782.604387988600 -4325.682120540890 -4.41537773635262 5.16632481851249 3.52240198069498
2024-05-17T15:32:00.000 1020.127070153180 5833.803969000650 -3333.069966909520 -4.90020350064066 3.53991396569671 4.69902590453074
2024-05-17T15:36:00.000 -178.722579108738 6460.945447695040 -2097.515545202500 -5.02924091503422 1.65394811106708 5.53439752487707
2024-05-17T15:40:00.000 -1364.549745827710 6617.855081048550 -708.889379228853 -4.79219698712004 -0.35472872329091 5.96662502415255
2024-05-17T15:44:00.000 -2450.946720519440 6292.603423956340 731.519192409803 -4.20564766609664 -2.33934694611105 5.96312485019668
2024-05-17T15:48:00.000 -3358.643341169340 5508.574925220330 2118.437151424820 -3.31215064224800 -4.15430134111819 5.52355381105088
2024-05-17T15:52:00.000 -4021.403607515490 4322.826709140230 3350.427012020390 -2.17706086524045 -5.66641286530401 4.68000983422261
2024-05-17T15:56:00.000 -4390.923231313240 2821.856955474960 4337.414397032250 -0.88347957376628 -6.76506286888879 3.49445328966109
2024-05-17T16:00:00.000 -4440.339431710650 1115.169747789190 5007.302581817620 0.47413782454984 -7.37027129367729 2.05375548857151
2024-05-17T16:04:00.000 -4166.123703885920 -672.789991653373 5311.198088449510 1.79701185048808 -7.43823570884845 0.46317027103492
2024-05-17T16:08:00.000 -3588.262734363710 -2411.704806041590 5226.889691924140 2.98909429208316 -6.96402842302350 -1.16151579588920
2024-05-17T16:12:00.000 -2748.793657146390 -3974.780606972950 4760.421146460030 3.96375870187389 -5.98176756501047 -2.70201677002959
2024-05-17T16:16:00.000 -1708.801092451870 -5247.890311965960 3945.692469191430 4.64983103477707 -4.56231065440584 -4.04583937800811
2024-05-17T16:20:00.000 -544.071794952598 -6137.894225378750 2842.107600972060 4.99677277655194 -2.80875770516668 -5.09426354829836
2024-05-17T16:24:00.000 660.385858751751 -6579.583213318450 1530.342777376390 4.97882150647943 -0.84934953632187 -5.76990154434574
2024-05-17T16:28:00.000 1816.595853887610 -6540.617125391310 106.455772780758 4.59720025175398 1.17195851433799 -6.02283736915051
2024-05-17T16:32:00.000 2840.148165763160 -6024.008713977050 -1325.245081836370 3.88024383342090 3.10643228739833 -5.83471018849645
2024-05-17T16:36:00.000 3656.490080038510 -5067.875205054140 -2660.004871520900 2.88119874302166 4.81217678624448 -5.22014452261638
2024-05-17T16:40:00.000 4206.425379895400 -3742.472953222290 -3800.423662053220 1.67391889555979 6.16496993696476 -4.22536838228691
2024-05-17T16:44:00.000 4450.370487705170 -2144.800074413820 -4663.609043919540 0.34689334431257 7.06750257905309 -2.92415717929626
2024-05-17T16:48:00.000 4371.059050015110 -391.310910098993 -5187.089527052730 -1.00354086640720 7.45579370693383 -1.41180657230648
2024-05-17T16:52:00.000 3974.597166580250 1390.589134253200 -5333.141057416750 -2.28008443312094 7.30297375112817 0.20200609646791
2024-05-17T16:56:00.000 3289.895112887530 3071.647684979680 -5091.326360071400 -3.39106638574630 6.62054684387157 1.80086245644725
2024-05-17T17:00:00.000 2366.570300680560 4529.901704135790 -4479.170123270050 -4.25655673453307 5.45739646232779 3.26947698105247
2024-05-17T17:04:00.000 1271.471894362580 5659.316062224830 -3540.954885973550 -4.81373214983311 3.89669753873109 4.50142181508458
2024-05-17T17:08:00.000 83.995397092436 6377.433369280260 -2344.690237309390 -5.02154694230113 2.05068533832933 5.40661481230160
2024-05-17T17:12:00.000 -1109.572528148380 6631.487786735400 -977.348884644355 -4.86403254210852 0.05311604454310 5.91815335706207
2024-05-17T17:16:00.000 -2222.300476351800 6402.463004714730 461.376266200285 -4.35190605961404 -1.95024248648174 5.99767450737879
2024-05-17T17:20:00.000 -3173.015662776250 5706.687411159780 1866.364062360790 -3.52217832445195 -3.81249738674760 5.63866293218762
2024-05-17T17:24:00.000 -3892.336807884560 4594.744635037560 3134.858489028910 -2.43547490193895 -5.39694521980987 4.86723347154754
2024-05-17T17:28:00.000 -4327.817332105060 3147.736496996460 4174.105559817890 -1.17137407827019 -6.58759032804572 3.74004643814016
2024-05-17T17:32:00.000 -4447.778438448140 1471.239147227750 4908.179306276610 0.17775495181763 -7.29769485091583 2.33975112355688
2024-05-17T17:36:00.000 -4243.555225717040 -312.490730809513 5283.491480998640 1.51367615574453 -7.47577213175881 0.76868096316364
2024-05-17T17:40:00.000 -3730.052226207820 -2073.434457999700 5272.631121182790 2.73938252577299 -7.10895437839867 -0.85869524169614
2024-05-17T17:44:00.000 -2944.631443099760 -3683.207922026190 4876.301009817570 3.76582056293905 -6.22363321970671 -2.42392186983633
2024-05-17T17:48:00.000 -1944.439736469890 -5024.319312826900 4123.291716058820 4.51815057481619 -4.88368986974362 -3.81277810130429
2024-05-17T17:52:00.000 -802.329971304400 -5998.708579716980 3068.478177268380 4.94114353920761 -3.18627136715908 -4.92342383328553
2024-05-17T17:56:00.000 398.378114510466 -6534.995811862890 1788.928273170230 5.00339611505405 -1.25528723883632 -5.67395657197321
2024-05-17T18:00:00.000 1569.985983260560 -6593.884465568850 378.312430241558 4.70013879801630 0.76748166780199 -6.00886553397656
2024-05-17T18:04:00.000 2626.936181503250 -6171.183110840850 -1060.026231521220 4.05388299674271 2.73317178686615 -5.90362213557622
2024-05-17T18:08:00.000 3492.195394305010 -5298.121186991950 -2420.804041598090 3.11267410989379 4.49740730623254 -5.36668251203863
2024-05-17T18:12:00.000 4102.954142836870 -4038.904777067910 -3604.664120910380 1.94618006762925 5.93152987555654 -4.43857919942021
2024-05-17T18:16:00.000 4415.163619137640 -2485.758237762280 -4525.485609903450 0.64002401876665 6.93209292924571 -3.18828731313281
2024-05-17T18:20:00.000 4406.588346797690 -751.979060087803 -5116.567687100690 -0.71077153249967 7.42790539050624 -1.70759352924289
2024-05-17T18:24:00.000 4078.229052062740 1036.390158810630 -5335.281121746010 -2.00875926534688 7.38442543088183 -0.10405822563193
2024-05-17T18:28:00.000 3454.095048865200 2749.601570152660 -5165.946247085370 -3.16070703368836 6.80541720712203 1.50658261538069
2024-05-17T18:32:00.000 2579.442560477570 4263.379438587490 -4620.862463233590 -4.08378271814146 5.73245137032325 3.00821199165575
2024-05-17T18:36:00.000 1517.590458174290 5467.715915685780 -3739.459662205810 -4.71116612393515 4.24222716408710 4.29215387109898
2024-05-17T18:40:00.000 345.487457649173 6274.763932331630 -2585.596129501760 -4.99681004290663 2.44172683106228 5.26473771935163
2024-05-17T18:44:00.000 -851.731654756285 6625.303863689420 -1243.110110792440 -4.91902517170472 0.46120548561533 5.85419189972540
2024-05-17T18:48:00.000 -1986.893297348830 6493.289968907470 190.153892015417 -4.48273666294824 -1.55486902350575 6.01642858104661
2024-05-17T18:52:00.000 -2977.215185993050 5887.959379054070 1609.503591829110 -3.71938820221312 -3.45880762956189 5.73886922304789
2024-05-17T18:56:00.000 -3750.435032366090 4853.259928157480 2911.148700267230 -2.68466032263339 -5.11090460784945 5.04157770891985
2024-05-17T19:00:00.000 -4250.162400007950 3464.631632458700 3999.903131004810 -1.45429138041947 -6.39010764695911 3.97572265257679
2024-05-17T19:04:00.000 -4440.021452202940 1823.396496522550 4796.210290712630 -0.11825171651794 -7.20311255789811 2.61950735576247
2024-05-17T19:08:00.000 -4306.256580396400 49.253739059545 5241.935568389520 1.22611134827643 -7.49094727085798 1.07210578171289
2024-05-17T19:12:00.000 -3858.653244577870 -1728.473155134760 5304.533305367320 2.48113205288954 -7.23279312823724 -0.55370584445707
2024-05-17T19:16:00.000 -3129.786119100420 -3380.189722423190 4979.360874287440 3.55567260776407 -6.44720493985742 -2.13955905231088
2024-05-17T19:20:00.000 -2172.680963681810 -4785.376827903560 4290.021135920360 4.37145111275534 -5.19083569189316 -3.56982673423484
2024-05-17T19:24:00.000 -1057.035812686600 -5841.331704072920 3286.720735915710 4.86867826324597 -3.55467527638339 -4.73974901763479
2024-05-17T19:28:00.000 135.790385437949 -6470.731030338790 2042.737295050800 5.01060687506576 -1.65804568926448 -5.56309143404678
2024-05-17T19:32:00.000 1318.705259145920 -6627.456198866170 649.108246881339 4.78657181117664 0.35998585252274 -5.97905583999460
2024-05-17T19:36:00.000 2405.318692899310 -6300.106109236940 -792.078732926490 4.21309400192320 2.35097531792498 -5.95699354805458
2024-05-17T19:40:00.000 3316.388047098690 -5512.902110039410 -2175.297826817620 3.33283962644556 4.16850872644287 -5.49913367703227
2024-05-17T19:44:00.000 3985.712554955510 -4323.782853435140 -3399.496611175680 2.21104826632209 5.67982763910545 -4.64018421891143
2024-05-17T19:48:00.000 4364.937300656780 -2819.907279100820 -4375.554341462250 0.93020073579513 6.77565799819342 -3.44414343727255
2024-05-17T19:52:00.000 4426.942301164230 -1111.059030843690 -5032.710574981400 -0.41635233799182 7.37779455239494 -1.99898600886916
2024-05-17T19:56:00.000 4167.624450053820 678.457147581523 -5323.525405179570 -1.73130171247946 7.44401171987858 -0.40987459054671
2024-05-17T20:00:00.000 3606.028957360550 2418.773335850450 -5227.114455907390 -2.92015821645866 6.97033966537344 1.20837193882900
2024-05-17T20:04:00.000 2782.909930523650 3983.662343137750 -4750.523731265050 -3.89749436141195 5.99089813517040 2.73911016681617
2024-05-17T20:08:00.000 1757.857195568930 5259.458874119300 -3928.231809557830 -4.59267641391860 4.57569685846161 4.07167768871034
2024-05-17T20:12:00.000 605.128823574299 6153.188583231020 -2819.791302925250 -4.95485954202159 2.82623008849797 5.10902726000044
2024-05-17T20:16:00.000 -591.593995063523 6599.374543044880 -1505.697162830490 -4.95690690535619 0.86887498528401 5.77479749396972
2024-05-17T20:20:00.000 -1745.226066663110 6565.001005230250 -81.666923857663 -4.59783834598289 -1.15388556857767 6.01937365996385
2024-05-17T20:24:00.000 -2771.648940712780 6052.143310838570 1348.317921158490 -3.90328217409778 -3.09390921795383 5.82400444189015
2024-05-17T20:28:00.000 -3595.964562855820 5097.984697912530 2679.696266826890 -2.92396567535779 -4.80875443081169 5.20270714914578
2024-05-17T20:32:00.000 -4158.064330265900 3772.070472198810 3815.114671649340 -1.73156877017239 -6.17285765221376 4.20106539130652
2024-05-17T20:36:00.000 -4417.018376697130 2171.127531849420 4671.597434051080 -0.41323191797601 -7.08664582234978 2.89254461489534
2024-05-17T20:40:00.000 -4354.023502093030 411.921620345651 5186.605039298940 0.93494116662120 -7.48369184012698 1.37289403873663
2024-05-17T20:44:00.000 -3973.714820352440 -1377.303005446010 5322.542719999620 2.21493218567888 -7.33528813854688 -0.24706897454121
2024-05-17T20:48:00.000 -3303.776320137200 -3066.127888404600 5069.420637894270 3.33380531087609 -6.65207050080554 -1.84945571557116
2024-05-17T20:52:00.000 -2392.939887642540 -4531.352524954200 4445.579950572700 4.21011398016849 -5.48323783279933 -3.31745529148871
2024-05-17T20:56:00.000 -1307.516559029260 -5665.919653357640 3496.434793706840 4.77972436563802 -3.91337031948151 -4.54362197626062
2024-05-17T21:00:00.000 -126.639909828503 -6386.775042687130 2291.276087892730 5.00060105787466 -2.05679401341047 -5.43767690060916
2024-05-17T21:04:00.000 1063.483247716910 -6641.100415353670 918.282351201397 4.85628469513375 -0.04959674659735 -5.93357737502135
2024-05-17T21:08:00.000 2175.941422667930 -6410.334546744370 -521.981156938423 4.35741554499667 1.96066778018474 -5.99481856010601
2024-05-17T21:12:00.000 3129.578046412420 -5711.593267511250 -1924.043825234230 3.54103171179586 3.82614815337759 -5.61733426179204
2024-05-17T21:16:00.000 3855.031859114390 -4596.346698891190 -3185.423486452030 2.46770845918327 5.41032218324157 -4.82988002304118
2024-05-17T21:20:00.000 4299.817250868660 -3146.408555892900 -4214.227268009340 1.21653736599505 6.59838034300810 -3.69128718467542
2024-05-17T21:24:00.000 4432.035116373700 -1467.707351325630 -4935.816303382650 -0.12113372668837 7.30532613354765 -2.28550163806737
2024-05-17T21:28:00.000 4242.502119953470 317.573050557809 -5298.060500383970 -1.44848866534982 7.48136553742014 -0.71499027568072
2024-05-17T21:32:00.000 3745.246356856900 2079.831509919540 -5274.912260186750 -2.67003654402503 7.11473824573815 0.90664997760741
2024-05-17T21:36:00.000 2976.400598605130 3691.263348041890 -4868.141983485120 -3.69808328410012 6.23203433317132 2.46252107954816
2024-05-17T21:40:00.000 1991.629953145550 5034.881974478670 -4107.185752131930 -4.45846520063905 4.89635023719699 3.84025807273037
2024-05-17T21:44:00.000 862.246732875051 6012.856829420030 -3047.133221600920 -4.89574820692624 3.20337331348148 4.93970810187418
2024-05-17T21:48:00.000 -329.809943688362 6553.635277265070 -1764.915541930240 -4.97740395648674 1.27518423858102 5.68014695066263
2024-05-17T21:52:00.000 -1497.840131441700 6617.320640876810 -353.870177317733 -4.69662218608542 -0.74804840228171 6.00651538093492
2024-05-17T21:56:00.000 -2556.716399448730 6198.816615345520 1083.020096372600 -4.07329226155278 -2.71833821291692 5.89407774592430
2024-05-17T22:00:00.000 -3429.181389177000 5328.358558546580 2440.714933108100 -3.15271954009693 -4.49111018580146 5.35057148541653
2024-05-17T22:04:00.000 -4051.588582275640 4069.355541438540 3619.920090489880 -2.00229697549267 -5.93631371725453 4.41585222575454
2024-05-17T22:08:00.000 -4378.603419743750 2513.658306600400 4534.455872691450 -0.70620973415543 -6.94845609694406 3.15856449624194
2024-05-17T22:12:00.000 -4386.464514106650 774.724558886392 5117.538697656370 0.64107130530399 -7.45398321797890 1.67067620025941
2024-05-17T22:16:00.000 -4074.639002071580 -1020.682255932640 5326.590112328370 1.94159595878813 -7.41619047021770 0.06070262211349
2024-05-17T22:20:00.000 -3465.824059082120 -2741.687195417860 5146.288089579090 3.10089032782926 -6.83771079016118 -1.55410950447526
2024-05-17T22:24:00.000 -2604.298925881270 -4262.760855329620 4589.661391577430 4.03462855998159 -5.76016732487536 -3.05612889696103
2024-05-17T22:28:00.000 -1552.766090367220 -5472.787690064460 3697.201880242320 4.67452683441967 -4.26142443500015 -4.33548027234259
2024-05-17T22:32:00.000 -387.876020808764 -6283.210752653400 2534.034606596530 4.97339825302358 -2.45054767017350 -5.29805934328349
2024-05-17T22:36:00.000 805.333794651218 -6634.647671867170 1185.238954953790 4.90903051211039 -0.46010968689755 -5.87277771629642
2024-05-17T22:40:00.000 1939.704109539770 -6501.403824600120 -250.391149885290 4.48613183578928 1.56349554997325 -6.01723448029123
2024-05-17T22:44:00.000 2932.447357419830 -5893.447833496960 -1667.707398510310 3.73617705883409 3.47143272011779 -5.72121818427581
2024-05-17T22:48:00.000 3711.305784215530 -4855.603853683060 -2963.065632912810 2.71484552323061 5.12393737826332 -5.00736441506179
2024-05-17T22:52:00.000 4219.858072692580 -3464.074636628950 -4042.023634702600 1.49753380652203 6.40094261976315 -3.92915796010165
2024-05-17T22:56:00.000 4421.551162018120 -1820.613352089370 -4826.237333437950 0.17331742686017 7.21083089060761 -2.56631322543478
2024-05-17T23:00:00.000 4302.177603361620 -44.922937718477 -5259.012917264360 -1.16180769998509 7.49639527156410 -1.01837505296711
2024-05-17T23:04:00.000 3870.716772959080 1734.043284413760 -5309.204144087000 -2.41172958901815 7.23809039145489 0.60256913821223
2024-05-17T23:08:00.000 3158.576802280050 3387.268034922670 -4973.295594796140 -3.48669742369450 6.45487331923504 2.17966345895156
2024-05-17T23:12:00.000 2217.337642444720 4794.781231654740 -4275.608028627770 -4.30930901672462 5.20276787212974 3.59909066802878
2024-05-17T23:16:00.000 1115.140144947360 5854.178644889540 -3266.636480958340 -4.81976666646478 3.57137718235483 4.75782203557974
2024-05-17T23:20:00.000 -68.090168423201 6488.044424770690 -2019.566117947770 -4.98031938167811 1.67818469894841 5.57097244632082
2024-05-17T23:24:00.000 -1246.345036676640 6649.725806682150 -625.118066716794 -4.77841473734468 -0.33943420222441 5.97826077114623
2024-05-17T23:28:00.000 -2333.786276099160 6326.959729116830 814.984122852209 -4.22809621543163 -2.33404459945247 5.94895300850703
2024-05-17T23:32:00.000 -3251.090866287150 5542.962035873480 2195.493723427550 -3.36929030391131 -4.15935481022555 5.48466077819687
2024-05-17T23:36:00.000 -3931.338889595540 4354.783434379450 3415.454864232180 -2.26475830926839 -5.68149209137346 4.61928769535830
2024-05-17T23:40:00.000 -4324.952555329790 2849.089843251420 4385.683447506670 -0.99533886263456 -6.78911467076906 3.41638125832747
2024-05-17T23:44:00.000 -4403.310152345510 1135.712063580920 5035.317135041600 0.34631079355487 -7.40166037352620 1.96406251724124
2024-05-17T23:48:00.000 -4160.753802294220 -660.447491126760 5316.929903806360 1.66264887548484 -7.47476359624605 0.36828638213504
2024-05-17T23:52:00.000 -3614.932785030200 -2408.474853099660 5209.903603261870 2.85809737823375 -7.00294717398225 -1.25480462102299
2024-05-17T23:56:00.000 -2805.536539496970 -3980.879363974260 4721.917767063540 3.84567671685839 -6.02009234698762 -2.78693620468372
2024-05-18T00:00:00.000 -1791.461430531420 -5262.826290062560 3888.446610966430 4.55325738498863 -4.59716986426932 -4.11613761474891
2024-05-18T00:04:00.000 -646.604762702616 -6160.519007312300 2770.277425924490 4.92875858792412 -2.83757008904439 -5.14474441575054
2024-05-18T00:08:00.000 545.475755586803 -6608.177199295130 1449.168342593180 4.94431686165064 -0.86997552344141 -5.79679789792503
2024-05-18T00:12:00.000 1697.698189492840 -6573.026210619330 21.879612476489 4.59867212087469 1.16096373213134 -6.02410810563523
2024-05-18T00:16:00.000 2725.935272728800 -6057.824093999270 -1407.024014778620 3.91756745941935 3.10576854478882 -5.81027787347131
2024-05-18T00:20:00.000 3555.287015453110 -5100.605718525320 -2733.001486748970 2.95161984483055 4.82181911688210 -5.17185320207995
2024-05-18T00:24:00.000 4125.598795589650 -3771.718095958610 -3859.309207098790 1.77225323263088 6.18418746499542 -4.15679159895799
2024-05-18T00:28:00.000 4395.790211913590 -2168.422799492310 -4704.092334265460 0.46593825270021 7.09484302481242 -2.84032503511947
2024-05-18T00:32:00.000 4346.680483181000 -407.595675455678 -5206.226899449490 -0.87243388819386 7.48922520208827 -1.31884650232571
2024-05-18T00:36:00.000 3982.188555990030 1382.819260111390 -5329.547710875930 -2.14639312577723 7.34007447199723 0.29731200339151
2024-05-18T00:40:00.000 3328.911559609900 3072.957075937480 -5065.270955235120 -3.26447328439193 6.65864840527005 1.89159858682529
2024-05-18T00:44:00.000 2434.190315987530 4540.201569347470 -4432.552255724270 -4.14624282681010 5.49376380408778 3.34904998832048
2024-05-18T00:48:00.000 1362.793675492570 5677.869965812840 -3477.169910392450 -4.72774071555270 3.92869633210667 4.56402636873529
2024-05-18T00:52:00.000 192.386901636805 6402.907914259140 -2268.391053129890 -4.96616502532707 2.07601207413069 5.44765117533970
2024-05-18T00:56:00.000 -991.994537521336 6662.054511026680 -894.108847950090 -4.84333887296751 0.06997259850008 5.93459962467188
2024-05-18T01:00:00.000 -2104.101339623100 6435.933557790070 545.471820633765 -4.36746501069154 -1.94303564566826 5.98831028752785
2024-05-18T01:04:00.000 -3062.820996666740 5740.677146208600 1945.166523169390 -3.57292915320789 -3.81539533729181 5.60419906303775
2024-05-18T01:08:00.000 -3798.209064755020 4626.840862356440 3202.620502148190 -2.51780886093966 -5.40974160841632 4.81027058647843
2024-05-18T01:12:00.000 -4256.664415778840 3175.650008692530 4225.904382235210 -1.27931774980674 -6.60945953831637 3.66480103139037
2024-05-18T01:16:00.000 -4404.827059285430 1492.960290941620 4940.263242574580 0.05213049073725 -7.32712247009981 2.25171338473247
2024-05-18T01:20:00.000 -4231.963204865720 -298.538677289531 5293.545235546170 1.37958644595316 -7.51070960804714 0.67424415119748
2024-05-18T01:24:00.000 -3750.669068680780 -2068.283211126340 5259.927074134770 2.60673496570600 -7.14690102292705 -0.95277243320521
2024-05-18T01:28:00.000 -2995.925565692970 -3687.236451235840 4841.736465261400 3.64439444058923 -6.26168294705132 -2.51091767342027
2024-05-18T01:32:00.000 -2022.633369736740 -5037.192633431900 4069.337530481220 4.41677797241083 -4.91887215332877 -3.88635892346783
2024-05-18T01:36:00.000 -901.695479436523 -6019.411538071160 2999.031943437450 4.86714964952384 -3.21592929167009 -4.97813075406518
2024-05-18T01:40:00.000 285.097898896687 -6561.931658202000 1709.044010872980 4.96214017577597 -1.27725405320326 -5.70567983606939
2024-05-18T01:44:00.000 1451.055658557440 -6625.007583385050 293.831712350521 4.69459290682773 0.75474961226752 -6.01519864646211
2024-05-18T01:48:00.000 2511.025289702910 -6204.165896908070 -1142.913410310810 4.08442950128294 2.73048885872751 -5.88410013992866
2024-05-18T01:52:00.000 3387.743821776730 -5330.521611345130 -2496.032152834570 3.17703030306404 4.50490216544861 -5.32277930881969
2024-05-18T01:56:00.000 4017.554481608950 -4068.337186269640 -3666.738410994340 2.03960832690716 5.94860940022070 -4.37354465972085
2024-05-18T02:00:00.000 4355.009421612940 -2510.065143244000 -4569.879863028130 0.75569120382090 6.95745764637581 -3.10689474868494
2024-05-18T02:04:00.000 4376.032914834450 -769.386462998358 -5140.049428336760 -0.58128914907408 7.45967422875467 -1.61577763320323
2024-05-18T02:08:00.000 4079.476161565600 1027.142759282950 -5336.140951601210 -1.87482466613500 7.42023988962315 -0.00851501869591
2024-05-18T02:12:00.000 3487.053232503840 2749.178406452930 -5144.127163710220 -3.03198720151864 6.84270013863880 1.59887305164620
2024-05-18T02:16:00.000 2641.726161692410 4271.814624097990 -4577.960375045760 -3.96961222768318 5.76854370474364 3.09054327913564
2024-05-18T02:20:00.000 1604.685346687460 5484.409151793890 -3678.600959870050 -4.61984225158045 4.27453375106048 4.35854573513980
2024-05-18T02:24:00.000 451.072010234499 6298.518174372750 -2511.216378666490 -4.93499683712366 2.46790937617789 5.31032111939294
2024-05-18T02:28:00.000 -735.334016724637 6654.416643532490 -1160.642740467450 -4.89129706755716 0.47941053082518 5.87558849496403
2024-05-18T02:32:00.000 -1868.167008333170 6525.678308196440 274.679871993873 -4.49118555961879 -1.54594330366017 6.01208519584330
2024-05-18T02:36:00.000 -2864.825195143510 5921.304475827530 1689.912676093070 -3.76342006951445 -3.45980224710072 5.70911432472975
2024-05-18T02:40:00.000 -3652.589571461400 4885.179684068430 2981.568954848000 -2.76110032802471 -5.12171088720144 4.98860987948319
2024-05-18T02:44:00.000 -4174.022235533830 3492.850762251340 4055.202805339090 -1.55762788573235 -6.40996322250981 3.90347013176543
2024-05-18T02:48:00.000 -4391.171713762250 1845.891971151690 4832.376640249960 -0.24093014359689 -7.23068623765965 2.53328819231768
2024-05-18T02:52:00.000 -4288.277415389470 64.393046814771 5256.347440008630 1.09312097796586 -7.52430119246688 0.97813643368887
2024-05-18T02:56:00.000 -3872.855653723650 -1721.794463668850 5296.139202538310 2.34759890942737 -7.26951816099977 -0.64863670913873
2024-05-18T03:00:00.000 -3175.111459636920 -3382.460980228080 4948.750987844360 3.43145785962679 -6.48458398116042 -2.22864557709519
2024-05-18T03:04:00.000 -2245.773613334120 -4796.405456940290 4239.381161166180 4.26568967896484 -5.22595341414674 -3.64663350654074
2024-05-18T03:08:00.000 -1152.512772934280 -5860.239946334980 3219.699103276620 4.78902380660813 -3.58481151139560 -4.79860538896985
2024-05-18T03:12:00.000 24.921567478999 -6496.043126819660 1964.195084154090 4.96276295625357 -1.68093722449205 -5.59962990375705
2024-05-18T03:16:00.000 1200.534070199530 -6657.221151815510 564.773640139492 4.77392191490774 0.34597456232067 -5.99046925199278
2024-05-18T03:20:00.000 2288.450325513540 -6332.076250850530 -876.029602448060 4.23653291568845 2.34670313482947 -5.94241056215575
2024-05-18T03:24:00.000 3209.327233011510 -5544.697663159730 -2252.720910997890 3.39062108168115 4.17421695270251 -5.45965549608932
2024-05-18T03:28:00.000 3896.235717232600 -4353.051652455070 -3464.730919871950 2.29889674492093 5.69503135309127 -4.57871389935048
2024-05-18T03:32:00.000 4299.531082980680 -2844.500804039250 -4423.834465099910 1.04171473908812 6.79917406838408 -3.36520286886431
2024-05-18T03:36:00.000 4390.339464487350 -1129.179861303530 -5060.514404779490 -0.28930256377585 7.40787854362489 -1.90833685616486
2024-05-18T03:40:00.000 4162.461554197820 668.126604279886 -5328.823473245530 -1.59794835387135 7.47844200684304 -0.31411490954530
2024-05-18T03:44:00.000 3632.663638572840 2416.974323500990 -5209.512599519040 -2.79013668479985 7.00657094510371 1.30227566442342
2024-05-18T03:48:00.000 2839.403590044540 3990.513175602350 -4711.297737088710 -3.78020456423510 6.02631681889359 2.82430288138690
2024-05-18T03:52:00.000 1840.106823899220 5274.458162171960 -3870.234978128960 -4.49664807278318 4.60777281477654 4.14195638734678
2024-05-18T03:56:00.000 707.153400727376 6175.247101134850 -2747.240634980440 -4.88710534718193 2.85261703357293 5.15928675197369
2024-05-18T04:00:00.000 -477.217685547528 6626.883342891420 -1423.872412600590 -4.92235873079374 0.88762769817156 5.80133701749295
2024-05-18T04:04:00.000 -1626.820074668140 6595.955976617150 3.459641995757 -4.59902320038609 -1.14407105468653 6.02017103257980
2024-05-18T04:08:00.000 -2657.843975152910 6084.311085115170 1430.523621304970 -3.94021421556577 -3.09368844845631 5.79902467304049
2024-05-18T04:12:00.000 -3495.070024321780 5129.040556252120 2752.978159782380 -2.99395873557054 -4.81818314704951 5.15377150744139
2024-05-18T04:16:00.000 -4077.446430063620 3799.771443734360 3874.117372070790 -1.82951641671917 -6.19120420967086 4.13174647396326
2024-05-18T04:20:00.000 -4362.567049310370 2193.484501870360 4712.018709155340 -0.53200459589711 -7.11256847609131 2.80797788533332
2024-05-18T04:24:00.000 -4329.720379426970 427.323818232875 5205.511735278690 0.80402645393300 -7.51538693008154 1.27925979613880
2024-05-18T04:28:00.000 -3981.331858336400 -1369.976966806850 5318.559118603870 2.08148164146525 -7.37047755915503 -0.34303312783224
2024-05-18T04:32:00.000 -3342.745549023040 -3067.408354330000 5042.822773969280 3.20759612259903 -6.68815897653014 -1.94079561690116
2024-05-18T04:36:00.000 -2460.392079048440 -4541.132505008530 4398.285037471280 4.10043110522197 -5.51752408181487 -3.39753462996996
2024-05-18T04:40:00.000 -1398.490844915350 -5683.448816297880 3431.870260017770 4.69458876770754 -3.94325430524015 -4.60656693318225
2024-05-18T04:44:00.000 -234.461701307815 -6410.718111226910 2214.137611623990 4.94618671247647 -2.08002257701942 -5.47886378493469
2024-05-18T04:48:00.000 946.701426241883 -6669.640546034170 834.193697214570 4.83646864063174 -0.06444213995591 -5.94993762437963
2024-05-18T04:52:00.000 2058.715690231130 -6441.324645561280 -606.869043886452 4.37354863900511 1.95519394833571 -5.98507123738213
2024-05-18T04:56:00.000 3020.445009763820 -5742.737906846890 -2003.513521766520 3.59192130468880 3.83033241516634 -5.58221502190729
2024-05-18T05:00:00.000 3761.932853624460 -4625.357034435230 -3253.662563879590 2.54961350130844 5.42380446403295 -4.77199132752441
2024-05-18T05:04:00.000 4229.518219703600 -3171.162812331210 -4266.251348770280 1.32346498086561 6.62014529216836 -3.61487837237703
2024-05-18T05:08:00.000 4389.634997227200 -1486.399963287260 -4967.826240631960 0.00300619696005 7.33376465934421 -2.19614865858925
2024-05-18T05:12:00.000 4231.063052031510 306.303219693351 -5307.714587385550 -1.31620144046979 7.51439825506779 -0.61917511198038
2024-05-18T05:16:00.000 3765.570653067630 2076.797712550180 -5261.486876930890 -2.53924526178854 7.14990764569902 1.00200020490285
2024-05-18T05:20:00.000 3026.982661363330 3696.662910577620 -4832.582009722750 -3.57825533326402 6.26670552408933 2.55049704418376
2024-05-18T05:24:00.000 2068.776570348630 5048.285961463590 -4052.047733935360 -4.35826818630321 4.92797651983535 3.91442873606745
2024-05-18T05:28:00.000 960.338740811334 6033.253017568980 -2976.404862636590 -4.82246794569272 3.22965256494156 4.99466274935121
2024-05-18T05:32:00.000 -217.917057229046 6579.496712223070 -1683.723186337260 -4.93638146162281 1.29416180374141 5.71184957456137
2024-05-18T05:36:00.000 -1380.296369377660 6646.711002142560 -268.117076156143 -4.69083516322898 -0.73780130666723 6.01256506974656
2024-05-18T05:40:00.000 -2442.076395815670 6229.543458963450 1167.070618899210 -4.10313015354755 -2.71749104859054 5.87391657647490
2024-05-18T05:44:00.000 -3325.788481552950 5358.159931753240 2516.909906144680 -3.21604072173409 -4.49961522360148 5.30567668066750
2024-05-18T05:48:00.000 -3966.975372930020 4096.051365793740 3682.683856839100 -2.09451669039850 -5.95352876323021 4.34950440566109
2024-05-18T05:52:00.000 -4318.935644403520 2535.300883755480 4579.192317932560 -0.82059521650726 -6.97308514008203 3.07561121107038
2024-05-18T05:56:00.000 -4356.087161203720 789.745861947019 5140.973706140790 0.51286244628392 -7.48419141140951 1.57721305377154
2024-05-18T06:00:00.000 -4075.762387075690 -1013.364592743990 5327.014177727590 1.80890641340641 -7.44979537573289 -0.03641629104424
2024-05-18T06:04:00.000 -3498.360301019220 -2742.602258809860 5123.670737407730 2.97341118455148 -6.87228865250889 -1.64783610309763
2024-05-18T06:08:00.000 -2665.866814611880 -4271.835985835770 4545.645384014960 3.92165963041019 -5.79317342549654 -3.13962484010441
2024-05-18T06:12:00.000 -1638.865557813990 -5489.353042092660 3634.997140400890 4.58431845682651 -4.29045320992736 -4.40262426201286
2024-05-18T06:16:00.000 -492.213323833533 -6306.049709850510 2458.185345015240 4.91255963643628 -2.47347783478347 -5.34391780995861
2024-05-18T06:20:00.000 690.388534255946 -6662.088176240410 1101.292943563900 4.88201523995930 -0.47529468823488 -5.89397855382782
2024-05-18T06:24:00.000 1822.557402806190 -6531.442222643960 -336.291026521934 4.49491121374697 1.55716064993677 -6.01220854620619
2024-05-18T06:28:00.000 2821.664035812020 -5923.897209632930 -1749.268780189490 3.78009748195749 3.47434851601873 -5.69031636734100
2024-05-18T06:32:00.000 3614.983797922130 -4884.265900357190 -3034.320388693400 2.79069938074795 5.13582124220027 -4.95292310264650
2024-05-18T06:36:00.000 4145.039335038160 -3488.886107755650 -4097.778456851190 1.59976734615836 6.42095975497233 -3.85523007945958
2024-05-18T06:40:00.000 4373.699027775430 -1839.781715107810 -4862.440069504470 0.29442357860642 7.23755598724446 -2.47830473356734
2024-05-18T06:44:00.000 4284.778295763860 -57.059786275752 -5273.035848311040 -1.03070242815269 7.52791144013522 -0.92267086931172
2024-05-18T06:48:00.000 3885.024934850030 1729.818161433620 -5300.020415850190 -2.28023021978711 7.27209298909384 0.69909019073629
2024-05-18T06:52:00.000 3203.527291236390 3391.246211016130 -4941.546419583130 -3.36440643125886 6.48879668463806 2.27004641559767
2024-05-18T06:56:00.000 2289.633701844650 4806.632704500070 -4223.565598623090 -4.20510189146423 5.23403949424894 3.67678465737239
2024-05-18T07:00:00.000 1209.505834912510 5872.979677397710 -3198.050516284760 -4.74117941930553 3.59765866374280 4.81713877680688
2024-05-18T07:04:00.000 41.468411359306 6512.355097582670 -1939.402029437350 -4.93307504181400 1.69752891805122 5.60754270532760
2024-05-18T07:08:00.000 -1129.577395707570 6677.693675767530 -539.195656249946 -4.76594533753066 -0.32850447475994 5.98937029279234
2024-05-18T07:12:00.000 -2218.310257276550 6356.448699445140 900.404692557049 -4.25125055497836 -2.33237061221038 5.93366290935967
2024-05-18T07:16:00.000 -3145.296956593090 5571.732018569120 2274.156095446180 -3.42632324892055 -4.16695831901993 5.44396622634635
2024-05-18T07:20:00.000 -3842.904820544670 4380.677016732320 3481.578518867750 -2.35150575195692 -5.69769597929755 4.55613204597928
2024-05-18T07:24:00.000 -4260.290402988610 2870.184330000220 4434.401439995780 -1.10547803999967 -6.81264698810817 3.33538295547313
2024-05-18T07:28:00.000 -4367.098552057560 1150.453098435110 5063.036568235040 0.22081153152686 -7.43073670088649 1.87114448601776
2024-05-18T07:32:00.000 -4155.600159384440 -653.132876977721 5321.591116267770 1.53090666462411 -7.50718370001486 0.27023741403199
2024-05-18T07:36:00.000 -3641.191029566330 -2409.103699762920 5191.139106128240 2.72967099478483 -7.03632107262205 -1.35075966895549
2024-05-18T07:40:00.000 -2861.276993572170 -3989.392018759680 4681.085265651800 3.72992475016702 -6.05201477842335 -2.87375272399216
2024-05-18T07:44:00.000 -1872.604343148570 -5278.590918802230 3828.521400384150 4.45861344526728 -4.62531634461942 -4.18744335051619
2024-05-18T07:48:00.000 -747.220393321875 -6182.381468592560 2695.640440745180 4.86212630554654 -2.85994017387698 -5.19527758259247
2024-05-18T07:52:00.000 432.739958148794 -6634.552951411020 1365.283302499670 4.91056775787226 -0.88499434468078 -5.82285876224754
2024-05-18T07:56:00.000 1581.083106525040 -6602.013211184400 -65.114784963485 4.60029544189047 1.15435506067828 -6.02380008331168
2024-05-18T08:00:00.000 2613.967939377060 -6087.339077188650 -1490.763116287390 3.95443859510979 3.10798523559566 -5.78363319854686
2024-05-18T08:04:00.000 3456.156205021330 -5128.548480543900 -2807.368279980140 3.02107278727344 4.83261320482317 -5.12089258933878
2024-05-18T08:08:00.000 4046.566205244690 -3796.114003802250 -3918.894969516760 1.86926612291952 6.20278121977116 -4.08534866142780
2024-05-18T08:12:00.000 4342.658636737590 -2187.539151906320 -4744.589241647610 0.58343776759151 7.12000182837170 -2.75366745239134
2024-05-18T08:16:00.000 4323.353208428830 -420.053695639263 -5224.718740409220 -0.74310090100988 7.51922106534929 -1.22323496540657
2024-05-18T08:20:00.000 3990.374468074480 1377.926589328710 -5324.701905623320 -2.01473275609608 7.37273537701967 0.39501002115004
2024-05-18T08:24:00.000 3368.007617376400 3075.981285443880 -5037.429415220190 -3.14013190448989 6.69154214195220 1.98437872388571
2024-05-18T08:28:00.000 2501.333813473750 4550.894843702570 -4383.709063571330 -4.03827888331784 5.52436859137774 3.43021121191688
2024-05-18T08:32:00.000 1453.083086201660 5695.399444978220 -3410.846962450520 -4.64399906663868 3.95469639223911 4.62763571887557
2024-05-18T08:36:00.000 299.240136290400 6425.923140225400 -2189.391735619460 -4.91271216559038 2.09544134251476 5.48901523049559
2024-05-18T08:40:00.000 -876.359714436800 6688.797294650730 -808.180531947453 -4.82406550712875 0.08141857181593 5.95061196947558
2024-05-18T08:44:00.000 -1988.112069695790 6464.374007389070 632.058401114485 -4.38380030307486 -1.94042783191332 5.97773566259740
2024-05-18T08:48:00.000 -2954.928312252930 5768.658312959100 2026.073167920660 -3.62364779625861 -3.82179645149238 5.56771884750600
2024-05-18T08:52:00.000 -3706.265190639750 4652.251278310380 3271.905374580680 -2.59917492863526 -5.42462017420269 4.75048800675895
2024-05-18T08:56:00.000 -4187.347896210010 3196.584539661820 4278.462976063090 -1.38535629953427 -6.63163067430803 3.58605295014656
2024-05-18T09:00:00.000 -4363.161976059700 1507.865072625480 4972.212808163740 -0.07084489788259 -7.35488162913406 2.15977743750459
2024-05-18T09:04:00.000 -4220.953622247630 -290.759875297095 5302.514069942380 1.24865845325313 -7.54195162386788 0.57585028846654
2024-05-18T09:08:00.000 -3771.090301511500 -2068.186324826730 5245.226454375630 2.47732889116440 -7.17927723843213 -1.05040429879436
2024-05-18T09:12:00.000 -3046.279330474300 -3694.808725369900 4804.421271591350 3.52588094445632 -6.29283382616475 -2.60056486092022
2024-05-18T09:16:00.000 -2099.248184385890 -5051.873417014700 4012.137267087280 4.31779213102308 -4.94660589766871 -3.96139835475396
2024-05-18T09:20:00.000 -998.981541402418 -6040.139573786360 2926.141862339530 4.79493910195401 -3.23829386002453 -5.03303230822687
2024-05-18T09:24:00.000 174.248229405064 -6587.223522554000 1625.815141286690 4.92202404671840 -1.29270313364844 -5.73640836215694
2024-05-18T09:28:00.000 1334.753399094170 -6653.066604860130 206.370715666756 4.68955591049222 0.74726946689870 -6.01953037734775
2024-05-18T09:32:00.000 2397.788822960230 -6233.010234490340 -1228.199995638170 4.11486802190043 2.73144657286536 -5.86177311764362
2024-05-18T09:36:00.000 3285.879098206420 -5358.129519057930 -2572.916560435520 3.24078057877186 4.51418745197213 -5.27553542337246
2024-05-18T09:40:00.000 3934.546046889470 -4092.776998097410 -3729.633710715850 2.13203177010686 5.96557199414852 -4.30494318808486
2024-05-18T09:44:00.000 4296.966744342930 -2529.625000638170 -4614.246154887700 0.87003963666520 6.98093145918301 -3.02204885732716
2024-05-18T09:48:00.000 4347.241334181680 -782.683884381340 -5162.718966223550 -0.45338065828082 7.48810002328824 -1.52091848720310
2024-05-18T09:52:00.000 4082.073990786300 1021.071946031450 -5335.518796632340 -1.74277111703672 7.45167591269661 0.08956634743091
2024-05-18T09:56:00.000 3520.869002658280 2750.784772553150 -5120.277905551240 -2.90549175191729 6.87483887950349 1.69318861302184
2024-05-18T10:00:00.000 2704.299674715410 4280.975100972940 -4532.609492296200 -3.85792994986702 5.79894946581699 3.17432252403767
2024-05-18T10:04:00.000 1691.455123906990 5500.421981747270 -3615.026935424110 -4.53111776980109 4.30086318363976 4.42569113511308
2024-05-18T10:08:00.000 555.718002397500 6320.158989917470 -2434.032971572860 -4.87566262913731 2.48819145417711 5.35588349919013
2024-05-18T10:12:00.000 -620.430514672339 6680.044800102220 -1075.469196526060 -4.86566980527548 0.49214910222686 5.89619493779469
2024-05-18T10:16:00.000 -1751.366797885460 6553.360925635700 361.627554458362 -4.50110321047963 -1.54165159903992 6.00616320966717
2024-05-18T10:20:00.000 -2754.626619844770 5948.972393623280 1772.277364112530 -3.80818520519843 -3.46421383870187 5.67707777361008
2024-05-18T10:24:00.000 -3557.015105254060 4910.770477545470 3053.324037848010 -2.83745179663953 -5.13449989748284 4.93276952622297
2024-05-18T10:28:00.000 -4100.023746532950 3514.458498366430 4111.086869726640 -1.65998070671560 -6.43015053671911 3.82785636374221
2024-05-18T10:32:00.000 -4344.130310083440 1861.914053770360 4868.279154940120 -0.36184328028787 -7.25675191517555 2.44340908233576
2024-05-18T10:36:00.000 -4271.609214515380 73.645799273213 5269.618167804400 0.96247711408640 -7.55429479347492 0.88057740486768
2024-05-18T10:40:00.000 -3887.757684326750 -1719.988727645860 5285.785416848620 2.21676224262667 -7.30118593586610 -0.74673660339611
2024-05-18T10:44:00.000 -3220.486627871510 -3388.221482494680 4915.513532972580 3.30989310732990 -6.51558629155599 -2.32006322144406
2024-05-18T10:48:00.000 -2318.320916628720 -4809.303580832120 4185.689079980640 4.16219938369056 -5.25408281079199 -3.72461120617489
2024-05-18T10:52:00.000 -1246.957039441100 -5879.348171270880 3149.492803924190 4.71116721510818 -3.60812766617055 -4.85740215461151
2024-05-18T10:56:00.000 -84.538414683822 -6520.002352449300 1882.628554047100 4.91626389647736 -1.69782179382808 -5.63491530365115
2024-05-18T11:00:00.000 1084.048938240330 -6684.345624246520 477.835727498917 4.76225167656116 0.33662757917999 -5.99968322286198
2024-05-18T11:04:00.000 2173.462916543340 -6360.470985222680 -961.971463296001 4.26061847657706 2.34552461499822 -5.92496237476611
2024-05-18T11:08:00.000 3104.264683163920 -5572.382548538640 -2331.393394772440 3.44874253721613 4.18126802231552 -5.41691674032349
2024-05-18T11:12:00.000 3808.811154944300 -4378.101696437660 -3530.419366934410 2.38686414956650 5.70981541346909 -4.51393670386899
2024-05-18T11:16:00.000 4236.177901757580 -2865.166435863140 -4471.800885329730 1.15310969503437 6.82072469889272 -3.28320726406334
2024-05-18T11:20:00.000 4355.729964781250 -1144.001372938660 -5087.325703677160 -0.16264270098657 7.43475095215956 -1.81511693915557
2024-05-18T11:24:00.000 4159.159176512220 660.211953410488 -5332.586223077380 -1.46532434007278 7.50879381332868 -0.21642436040265
2024-05-18T11:28:00.000 3660.931832623400 2416.550332707920 -5189.990122317940 -2.66129420904694 7.03825882724295 1.39747627417486
2024-05-18T11:32:00.000 2897.188576365400 3997.616428374460 -4669.906959589680 -3.66458146812508 6.05695105423351 2.91024080118630
2024-05-18T11:36:00.000 1923.197878028440 5288.548080774950 -3809.959296852110 -4.40267260546224 4.63497748274496 4.21242911683449
2024-05-18T11:40:00.000 809.501088842033 6195.240833360070 -2672.440386876790 -4.82158357344998 2.87430106174516 5.20909035880192
2024-05-18T11:44:00.000 -363.058417872256 6651.257351000630 -1339.990511663310 -4.89005503084364 0.90222931233965 5.82674149617858
2024-05-18T11:48:00.000 -1509.156692269910 6622.874691853830 90.303173703775 -4.60230415359215 -1.13759910425456 6.01929098142450
2024-05-18T11:52:00.000 -2545.237799480670 6111.754513903430 1513.984778134730 -3.97881147261204 -3.09580967339060 5.77188498358828
2024-05-18T11:56:00.000 -3395.704638336330 5154.957732615910 2826.951238190490 -3.06502376934902 -4.82869308676013 5.10232646774777
2024-05-18T12:00:00.000 -3998.536245095850 3822.235651637510 3933.184384504970 -1.92787048995054 -6.20929001707799 4.05972472705172
2024-05-18T12:04:00.000 -4309.842087361900 2210.834708445160 4751.840384790340 -0.65053695109279 -7.13683338949540 2.72061746984838
2024-05-18T12:08:00.000 -4307.013641475390 438.281615591916 5223.158052575560 0.67393782803485 -7.54406663493465 1.18295383984986
2024-05-18T12:12:00.000 -3990.286438638880 -1366.223283010180 5312.716497137070 1.94934817902117 -7.40145363010277 -0.44126810367995
2024-05-18T12:16:00.000 -3382.689634573780 -3071.131672680270 5013.893309790660 3.08305839071485 -6.71909548630076 -2.03376346452120
2024-05-18T12:20:00.000 -2528.402623956690 -4552.047273337010 4348.368939570250 3.99250589241200 -5.54616104316966 -3.47837409806184
2024-05-18T12:24:00.000 -1489.610282140210 -5700.754205117880 3364.614055573870 4.61111472683109 -3.96755760283655 -4.66933654716198
2024-05-18T12:28:00.000 -342.051032467666 -6433.161463080250 2134.462432107370 4.89325860805449 -2.09828322021947 -5.51894220755536
2024-05-18T12:32:00.000 830.488485381006 -6695.611940219690 747.937884219308 4.81798148936327 -0.07542042374603 -5.96436126181169
2024-05-18T12:36:00.000 1942.365156446090 -6468.981119989460 -693.386090526389 4.39090362261108 1.95220580603368 -5.97282264302837
2024-05-18T12:40:00.000 2912.464513461170 -5770.130712980570 -2083.968068285310 3.64389922272798 3.83549953924978 -5.54426997972240
2024-05-18T12:44:00.000 3670.230516381520 -4650.562068769430 -3322.196507625730 2.63245720799191 5.43676508848627 -4.71122321550348
2024-05-18T12:48:00.000 4160.816973747780 -3192.404510943530 -4317.900170321750 1.43111866759598 6.64002702774137 -3.53580737783336
2024-05-18T12:52:00.000 4348.974574801940 -1502.169699914900 -4998.869475528460 0.12758943118867 7.35922127087846 -2.10455181836927
2024-05-18T12:56:00.000 4221.429955028730 297.139033731129 -5315.927410934260 -1.18381586978265 7.54366265831575 -0.52166716625536
2024-05-18T13:00:00.000 3787.676044440280 2074.905428292460 -5246.288137450520 -2.40876848179105 7.18087091635357 1.09841074016962
2024-05-18T13:04:00.000 3079.212161420260 3702.179623538020 -4795.071071025560 -3.45924236488278 6.29709495002522 2.63891182887038
2024-05-18T13:08:00.000 2147.311162212370 5060.790781186260 -3994.916384588950 -4.25940738229720 4.95543313925109 3.98852311459402
2024-05-18T13:12:00.000 1059.447765416500 6051.776391680780 -2903.765951035550 -4.75091568993240 3.25202627204904 5.04898783176536
2024-05-18T13:16:00.000 -105.451173751318 6602.606870313470 -1600.844981585050 -4.89729835197444 1.30978283898945 5.74230709725972
2024-05-18T13:20:00.000 -1262.652442756200 6672.649078656480 -181.044951780053 -4.68703811202635 -0.72997464899742 6.01683491499168
2024-05-18T13:24:00.000 -2327.813934973900 6256.367652771200 1251.974495791030 -4.13493245344117 -2.71797998060303 5.85168512418266
2024-05-18T13:28:00.000 -3223.222064321140 5383.867324575230 2593.437623854220 -3.28110399670889 -4.50836814676461 5.25852879587136
2024-05-18T13:32:00.000 -3883.560150704000 4118.731225885470 3745.231857490750 -2.18806978598394 -5.96984223763875 4.28086622701038
2024-05-18T13:36:00.000 -4260.729832461550 2553.281597125040 4623.173670261250 -0.93584808659381 -6.99567740794591 2.99048407906756
2024-05-18T13:40:00.000 -4327.324327604290 801.716065181469 5163.163404603300 0.38425240062377 -7.51138265744089 1.48186568115922
2024-05-18T13:44:00.000 -4078.538791210430 -1008.280565866620 5325.787916705680 1.67629935262924 -7.47964551011151 -0.13501000744722
2024-05-18T13:48:00.000 -3532.470161715460 -2744.785664651690 5099.109765783700 2.84651187854631 -6.90261895044111 -1.74250820340317
2024-05-18T13:52:00.000 -2728.812918903340 -4281.128178011970 4499.532937762540 3.80972204719345 -5.82171411676211 -3.22343822302241
2024-05-18T13:56:00.000 -1726.053283031440 -5505.070647449150 3570.702339245550 4.49548243315168 -4.31514155556818 -4.46939434224926
2024-05-18T14:00:00.000 -597.278323366545 -6327.049796286210 2380.415793575060 4.85333327941273 -2.49254358789564 -5.38874443785277
2024-05-18T14:04:00.000 575.120186900538 -6686.848706663240 1015.747594980170 4.85673827383874 -0.48738509775418 -5.91354690306641
2024-05-18T14:08:00.000 1705.509015134820 -6558.181668576830 -423.338959479781 4.50544655429731 1.55284819952593 -6.00509325528820
2024-05-18T14:12:00.000 2711.390373673120 -5950.707522123680 -1831.445732556120 3.82567476391455 3.47806480259233 -5.65710407404537
2024-05-18T14:16:00.000 3519.546140144840 -4909.243944846960 -3105.628160855090 2.86799657191331 5.14728296945778 -4.89612809203954
2024-05-18T14:20:00.000 4071.415231334450 -3510.259224734510 -4153.031908460860 1.70313628852065 6.43936588969985 -3.77906859446557
2024-05-18T14:24:00.000 4327.271904009150 -1856.024645704140 -4897.636926823610 0.41629843190670 7.26165584469497 -2.38834480157091
2024-05-18T14:28:00.000 4268.937105658330 -67.001504935253 -5285.629181314820 -0.89925969043117 7.55600636003953 -0.82540797836035
2024-05-18T14:32:00.000 3900.919181173190 1726.898243109110 -5289.091586404970 -2.14883539488368 7.30215276361391 0.79666562805398
2024-05-18T14:36:00.000 3249.986122288290 3395.552617823640 -4907.865697442580 -3.24265165903634 6.51857523200009 2.36092098540917
2024-05-18T14:40:00.000 2363.259080270390 4817.827849367770 -4169.543605648850 -4.10185873829641 5.26130208091753 3.75439264508230
2024-05-18T14:44:00.000 1304.917085245780 5890.201316848700 -3127.569651045490 -4.66397690404699 3.62028286369042 4.87584004459660
2024-05-18T14:48:00.000 151.706354301158 6534.269717313030 -1857.555486424720 -4.88746265088107 1.71376863350230 5.64294946560895
2024-05-18T14:52:00.000 -1012.533592986710 6702.621203307820 -451.940195992543 -4.75518601551951 -0.31976303244984 5.99874151753611
2024-05-18T14:56:00.000 -2102.972588559870 6382.520169877580 986.692136643585 -4.27614622570051 -2.33162286906112 5.91627501248226
2024-05-18T15:00:00.000 -3040.059242551860 5597.019510107690 2353.167813173930 -3.48508099151009 -4.17418814648765 5.40109691641500
2024-05-18T15:04:00.000 -3755.430168963680 4403.326405705680 3547.540717069890 -2.43987986503068 -5.71230819759893 4.49092776229130
2024-05-18T15:08:00.000 -4196.957067885100 2888.542426631110 4482.498206911060 -1.21704725867881 -6.83357142009567 3.25261303829956
2024-05-18T15:12:00.000 -4332.528573235390 1163.187292411430 5089.756819590090 0.09414544747006 -7.45639006743293 1.77688557979747
2024-05-18T15:16:00.000 -4152.327898204690 -646.939966811219 5325.000997983320 1.39834720579546 -7.53571692496745 0.17144215363606
2024-05-18T15:20:00.000 -3669.474551786540 -2409.906405152530 5171.016347139390 2.60088325421226 -7.06574141040237 -1.44687506058669
2024-05-18T15:24:00.000 -2919.064156362340 -3997.150688329120 4638.917663490940 3.61436186501170 -6.08019825383322 -2.96022536920130
2024-05-18T15:28:00.000 -1955.680945003840 -5292.754036537880 3767.397923223910 4.36472365361768 -4.65016998889080 -4.25796576677878
2024-05-18T15:32:00.000 -849.525569625232 -6201.923984198340 2620.038016537530 4.79676134086692 -2.87964310047031 -5.24466705558910
2024-05-18T15:36:00.000 318.672835130588 -6658.062790772350 1280.746485382360 4.87852532866373 -0.89816383747536 -5.84746258511981
2024-05-18T15:40:00.000 1463.587388487770 -6627.805574526990 -152.383881878158 4.60394607149695 1.14860934652764 -6.02183481348839
2024-05-18T15:44:00.000 2501.633070653540 -6113.574150222620 -1574.373741948310 3.99353201549754 3.11006777199924 -5.75530938488057
2024-05-18T15:48:00.000 3357.194549278980 -5153.350939794360 -2881.212080622780 3.09273296555706 4.84239680444415 -5.06833313360224
2024-05-18T15:52:00.000 3968.206473770100 -3817.708495807430 -3977.589585723460 1.96822801885286 6.21957588468436 -4.01244418530417
2024-05-18T15:56:00.000 4290.615592065230 -2204.376042606470 -4783.865984177530 0.70243541671463 7.14261464415198 -2.66574747379544
2024-05-18T16:00:00.000 4301.415642066430 -430.921707756882 -5241.724243613530 -0.61276068373211 7.54605646904266 -1.12668391328382
2024-05-18T16:04:00.000 4000.129345369980 1373.814908462810 -5318.189366938760 -1.88258945356079 7.40185240460115 0.49326069313661
2024-05-18T16:08:00.000 3408.725853763020 3078.915752957420 -5007.841166484910 -3.01582640936381 6.72077254950666 2.07726463157152
2024-05-18T16:12:00.000 2570.029986786230 4560.635369016180 -4333.148437298790 -3.93085406181949 5.55149184005234 3.51103173006466
2024-05-18T16:16:00.000 1544.740988257210 5711.186636446600 -3342.937597696530 -4.56124077735693 3.97764241114388 4.69049228778363
2024-05-18T16:20:00.000 407.176868976068 6446.539330061740 -2109.032963593720 -4.86064142119711 2.11247731493537 5.52925667208860
2024-05-18T16:24:00.000 -760.007600031503 6712.658102108800 -721.200015365134 -4.80642332198054 0.09126012706285 5.96518948607501
2024-05-18T16:28:00.000 -1871.805480497060 6489.665262635360 719.319304090476 -4.40181831345808 -1.93839649110427 5.96547060818169
2024-05-18T16:32:00.000 -2847.121015069020 5793.489486112420 2107.236446965700 -3.67602218670068 -3.82762244623504 5.52947666210972
2024-05-18T16:36:00.000 -3614.793700432170 4674.789558481480 3341.034878112610 -2.68210505674391 -5.43776734844049 4.68906989288123
2024-05-18T16:40:00.000 -4118.866060268540 3215.187923031010 4330.508779052820 -1.49284318884560 -6.65106999810621 3.50598653075161
2024-05-18T16:44:00.000 -4322.659690882430 1521.185410171740 5003.380765815050 -0.19510272279985 -7.37919773614252 2.06692577686078
2024-05-18T16:48:00.000 -4211.391986779480 -283.686165100261 5310.536640552210 1.11665723497912 -7.56937501661451 0.47701067914523
2024-05-18T16:52:00.000 -3793.176894091680 -2067.869437484700 5229.532082641480 2.34720332679491 -7.20782202633611 -1.14798880847456
2024-05-18T16:56:00.000 -3098.415976913300 -3701.275895074790 4766.175491662380 3.40713391837224 -6.32048605114132 -2.68976095193414
2024-05-18T17:00:00.000 -2177.632548596400 -5064.668626167360 3954.147892762960 4.21915977278925 -4.97135591048549 -4.03572992480663
2024-05-18T17:04:00.000 -1097.882135264640 -6058.337690943730 2852.651236181300 4.72364803127656 -3.25828319869373 -5.08708519474799
2024-05-18T17:08:00.000 62.058642034750 -6609.495798972660 1542.199621350900 4.88324776790455 -1.30646082921988 -5.76620621523073
2024-05-18T17:12:00.000 1217.466160695440 -6677.790802036410 118.752529250823 4.68611237484401 0.74071683783877 -6.02288615949338
2024-05-18T17:16:00.000 2283.965051652610 -6258.389050047290 -1313.407538583910 4.14699287956359 2.73257575377158 -5.83844997842036
2024-05-18T17:20:00.000 3183.822153290160 -5382.320752128270 -2649.477227151010 3.30610875006576 4.52288985301583 -5.22724971521532
2024-05-18T17:24:00.000 3851.695055375520 -4114.029626655510 -3791.949994127130 2.22576716353029 5.98121135642340 -4.23525921562176
2024-05-18T17:28:00.000 4239.350926755780 -2546.397454391700 -4657.765543774590 0.98530014951423 7.00240532332005 -2.93604344081468
2024-05-18T17:32:00.000 4319.037491873860 -793.753594111595 -5184.248874115510 -0.32504868618545 7.51385446447245 -1.42478565552918
2024-05-18T17:36:00.000 4085.304220437020 1016.508494991870 -5333.451139432190 -1.61076066338786 7.47980289617099 0.18888964888120
2024-05-18T17:40:00.000 3555.257380832150 2753.045970865910 -5094.704504488970 -2.77943733997667 6.90321575715080 1.78856339562612
2024-05-18T17:44:00.000 2767.301868460170 4289.857123183350 -4485.315664671900 -3.74698805212407 5.82538890255161 3.25884597108445
2024-05-18T17:48:00.000 1778.451129330320 5515.211301785310 -3549.377307176000 -4.44332690665893 4.32333283457077 4.49319181975038
2024-05-18T17:52:00.000 660.352003446694 6339.685249714600 -2354.738047462240 -4.81734938091233 2.50494054675541 5.40137328073943
2024-05-18T17:56:00.000 -505.779482573184 6702.778351426920 -988.264735023743 -4.84101962289901 0.50197554014930 5.91618876942582
2024-05-18T18:00:00.000 -1635.046105822620 6577.550045676680 450.392267680094 -4.51192444980953 -1.53941544796934 5.99906899253444
2024-05-18T18:04:00.000 -2645.105105730150 5972.774160178440 1856.109064937850 -3.85367387497496 -3.46963330893290 5.64330618164108
2024-05-18T18:08:00.000 -3462.263439224580 4932.401782594500 3126.075771782870 -2.91429611756233 -5.14703361274640 4.87478060657334
2024-05-18T18:12:00.000 -4026.939500837040 3532.323940549390 4167.428913786410 -1.76258651363935 -6.44879955320701 3.74994260346553
2024-05-18T18:16:00.000 -4298.029071982700 1874.710323664720 4904.090076347660 -0.48273033628931 -7.28007498862153 2.35129082442969
2024-05-18T18:20:00.000 -4255.849071028380 80.452588973664 5282.287108703900 0.83205981230472 -7.58058332074723 0.78103187326032
2024-05-18T18:24:00.000 -3903.496636383070 -1719.660081659570 5274.398628799890 2.08629454969824 -7.32855706981301 -0.84642630237881
2024-05-18T18:28:00.000 -3266.587742419370 -3394.393277838220 4880.915776243950 3.18888903972170 -6.54205896808981 -2.41260918067855
2024-05-18T18:32:00.000 -2391.433301970660 -4821.531202686960 4130.421893278110 4.05949584309972 -5.27777377624163 -3.80325645422396
2024-05-18T18:36:00.000 -1341.747800815390 -5896.750873329940 3077.605818998640 4.63433682187092 -3.62729461530829 -4.91639464678931
2024-05-18T18:40:00.000 -194.074859581124 -6541.319975059870 1799.391556107720 4.87097674456947 -1.71107599381628 -5.66993109427283
2024-05-18T18:44:00.000 967.786353180720 -6708.027336397230 389.345577894098 4.75182236673726 0.33031127742864 -6.00816967424229
2024-05-18T18:48:00.000 2058.976277177090 -6384.786211278180 -1049.229182767680 4.28575348669273 2.34657882741789 -5.90626895583406
2024-05-18T18:52:00.000 2999.919539393340 -5595.567555682910 -2411.023644374940 3.50759865552898 4.18957284208337 -5.37244477328918
2024-05-18T18:56:00.000 3722.227685257880 -4398.478739620830 -3596.595139703530 2.47510318809432 5.72477156924932 -4.44698272027205
2024-05-18T19:00:00.000 4173.665876774310 -2881.259041097210 -4519.686193375810 1.26423154461680 6.84125666812091 -3.19867424036998
2024-05-18T19:04:00.000 4321.831928124510 -1154.641337256230 -5113.417432960940 -0.03677840111192 7.45938273099332 -1.71913602126481
2024-05-18T19:08:00.000 4156.324534750240 655.799051007769 -5334.953910651090 -1.33391642346148 7.53573161885934 -0.11589657651641
2024-05-18T19:12:00.000 3689.339316194890 2418.677315316940 -5168.409805457810 -2.53394585646839 7.06547167380251 1.49530130452135
2024-05-18T19:16:00.000 2954.737280213530 4006.099724376210 -4625.886361211900 -3.55056748121364 6.08236314248042 2.99828095247457
2024-05-18T19:20:00.000 2005.670107093550 5302.715647158550 -3746.635912324970 -4.31025275907019 4.65663150221301 4.28425035124432
2024-05-18T19:24:00.000 910.874224072446 6213.988352944640 -2594.372151455980 -4.75745688659331 2.89057516341654 5.25937813884059
2024-05-18T19:28:00.000 -250.179735386519 6673.137923990730 -1252.831036274080 -4.85888687011545 0.91189756626589 5.85173004568400
2024-05-18T19:32:00.000 -1392.999905085440 6646.206938573500 180.208196805625 -4.60630834761039 -1.13522605599917 6.01701742604076
2024-05-18T19:36:00.000 -2434.258469766960 6134.774702315870 1600.056750911860 -4.01770381668825 -3.10073069072850 5.74240586379962
2024-05-18T19:40:00.000 -3297.996959817980 5175.965677421620 2902.882649437760 -3.13605967609680 -4.84043210868424 5.04782605725308
2024-05-18T19:44:00.000 -3921.239085247990 3839.690582668420 3993.419547802390 -2.02587513745176 -6.22697473759299 3.98423515295998
2024-05-18T19:48:00.000 -4258.596857522390 2223.454731969460 4791.980026444940 -0.76829186248785 -7.15918118064275 2.62965845309578
2024-05-18T19:52:00.000 -4285.552100411150 445.147919036710 5240.267097320040 0.54500931044965 -7.56936346076490 1.08317772588466
2024-05-18T19:56:00.000 -4000.177109485200 -1365.597653294570 5305.551968285720 1.81860164478702 -7.42785270569439 -0.54252926056627
2024-05-18T20:00:00.000 -3423.221762109090 -3076.786252213930 4982.989052159080 2.96002499065323 -6.74471576735038 -2.12912556940846
2024-05-18T20:04:00.000 -2596.628344154070 -4563.568517116190 4295.987220794720 3.88617609979575 -5.56912705135112 -3.56089267889955
2024-05-18T20:08:00.000 -1580.554949270070 -5717.296387977130 3294.586400721450 4.52928866480310 -3.98617140704942 -4.73294930018682
2024-05-18T20:12:00.000 -449.071980675973 -6453.512875166090 2051.926651388420 4.84194488791793 -2.11123257399916 -5.55892159968035
2024-05-18T20:16:00.000 715.219437410927 -6718.297234627490 658.952391891284 4.80099096642215 -0.08179966252827 -5.97780712242511
2024-05-18T20:20:00.000 1827.289541222710 -6492.354780023990 -782.299042039382 4.40949110751899 1.95288544687853 -5.95877557641724
2024-05-18T20:24:00.000 2806.004761457110 -5792.497400909610 -2166.294793227550 3.69666311496768 3.84314991699722 -5.50378022942951
2024-05-18T20:28:00.000 3580.169361158720 -4670.309810595350 -3391.917727070080 2.71550387708997 5.45080303984974 -4.64732174600641
2024-05-18T20:32:00.000 4093.732350292450 -3208.114244644250 -4369.933729809360 1.53836609294996 6.65944226184813 -3.45322060388307
2024-05-18T20:36:00.000 4309.761039775170 -1512.708779838570 -5029.431480994260 0.25117373315286 7.38263259451579 -2.00930066465338
2024-05-18T20:40:00.000 4212.942933587270 292.530847638017 -5322.793871218300 -1.05290704455844 7.56937476898339 -0.42065302654651
2024-05-18T20:44:00.000 3810.535757956550 2076.560401240260 -5228.947972354140 -2.28005546010162 7.20703236825524 1.19790120213453
2024-05-18T20:48:00.000 3131.754859778820 3709.971206382280 -4754.758658203730 -3.34210660107983 6.32174763373358 2.72968446078961
2024-05-18T20:52:00.000 2225.712563774120 5074.132904999530 -3934.537321659550 -4.16237327787069 4.97674598734484 4.06394854800918
2024-05-18T20:56:00.000 1158.000762143690 6069.670291688780 -2827.693533702010 -4.68104447470800 3.26841240405362 5.10352926454589
2024-05-18T21:00:00.000 6.080163644286 6623.719463932660 -1514.610510060090 -4.85968158263656 1.32006249199534 5.77191638980523
2024-05-18T21:04:00.000 -1146.267617250750 6695.420786682630 -90.937672261731 -4.68446140148101 -0.72651395485088 6.01929549953385
2024-05-18T21:08:00.000 -2215.062288022490 6279.124392218050 1339.370382070260 -4.16760528242204 -2.72155353557658 5.82675838981132
2024-05-18T21:12:00.000 -3122.331341798830 5404.954570766200 2671.724656634200 -3.34667936228598 -4.51860025951516 5.20802563942832
2024-05-18T21:16:00.000 -3801.908472020610 4136.638203334160 3808.690517804170 -2.28184511547184 -5.98595923546372 4.20857130176095
2024-05-18T21:20:00.000 -4204.301649992390 2566.717284453920 4667.187707170900 -1.05096688371432 -7.01661486009436 2.90172515222093
2024-05-18T21:24:00.000 -4300.249612364430 809.692046173288 5184.530448605780 0.25626690436351 -7.53565996612299 1.38303967814700
2024-05-18T21:28:00.000 -4082.791838792420 -1006.349608396890 5322.940224321720 1.54482264791544 -7.50542089360194 -0.23673778722882
2024-05-18T21:32:00.000 -3567.736929957890 -2749.027319173980 5072.244954145250 2.72112283327810 -6.92796919680584 -1.83969526579947
2024-05-18T21:36:00.000 -2792.516599296560 -4291.217274434510 4450.602903589140 3.69959681755193 -5.84478876185276 -3.30900956612647
2024-05-18T21:40:00.000 -1813.532303318180 -5520.245050131980 3503.263992618530 4.40869248326551 -4.33417145799188 -4.53709804961238
2024-05-18T21:44:00.000 -702.134595063191 -6346.160142699210 2299.392235802050 4.79619235802081 -2.50611562941240 -5.43354330343501
2024-05-18T21:48:00.000 460.544451183089 -6708.464394630330 927.073380881239 4.83337849751938 -0.49458238189884 -5.93210865389727
2024-05-18T21:52:00.000 1589.577813397030 -6580.712531583850 -513.165499321570 4.51758408760863 1.55245438413667 -5.99608582441507
2024-05-18T21:56:00.000 2602.570610611430 -5972.510899022620 -1915.854431428420 3.87243076540647 3.48448494696087 -5.62124604889130
2024-05-18T22:00:00.000 3425.780823344400 -4928.732338399240 -3178.455921852330 2.94591988357902 5.16003068612156 -4.83607661838805
2024-05-18T22:04:00.000 3999.541044045880 -3526.020980365940 -4208.971510504170 1.80652007186858 6.45748045519766 -3.69925805491901
2024-05-18T22:08:00.000 4282.525860806130 -1866.923261954840 -4932.625498396850 0.53760102125387 7.28382345689602 -2.29463305499115
2024-05-18T22:12:00.000 4254.580511693020 -72.250245312420 -5297.133555563020 -0.76886245847991 7.58063470415420 -0.72461015229627
2024-05-18T22:16:00.000 3918.005607929770 1727.678149504450 -5276.283773993270 -2.01879868141156 7.32746085714744 0.89723629332760
2024-05-18T22:20:00.000 3297.290524442240 3402.307918510380 -4871.680218220520 -3.12241455046424 6.54276086631346 2.45398286921662
2024-05-18T22:24:00.000 2437.356178048690 4830.072742767620 -4112.607632773830 -4.00018406642303 5.28257721399543 3.83318898163958
2024-05-18T22:28:00.000 1400.432665306720 5907.046517629910 -3054.026493192370 -4.58825932679405 3.63711611188929 4.93458405228080
2024-05-18T22:32:00.000 261.702338898570 6554.498846342100 -1772.769287665680 -4.84325730262829 1.72496763686662 5.67731535528627
2024-05-18T22:36:00.000 -896.062676131392 6724.779778202560 -362.106733493089 -4.74577511501467 -0.31497039214176 6.00617101305212
2024-05-18T22:40:00.000 -1988.520944827950 6405.027262029140 1075.000596315200 -4.30229714142105 -2.33352018713618 5.89622000275880
2024-05-18T22:44:00.000 -2935.994055073630 5618.278095066440 2433.496554305670 -3.54495804776890 -4.18263846069439 5.35506551654572
2024-05-18T22:48:00.000 -3669.370278433520 4421.827523999090 3614.027492817350 -2.52913027575547 -5.72670384664556 4.42232957435635
2024-05-18T22:52:00.000 -4135.210331538320 2902.972005684900 4530.305168638090 -1.32917036510448 -6.85291370803010 3.16651641545331
2024-05-18T22:56:00.000 -4299.627019576220 1172.503253283870 5115.419410724300 -0.03262024882180 -7.47941909540729 1.67955612493500
2024-05-18T23:00:00.000 -4150.677774924890 -643.433317058144 5326.647951035750 1.26630111110811 -7.56079213384220 0.06984245929327
2024-05-18T23:04:00.000 -3699.177633447280 -2412.469100465610 5148.497452297110 2.47325580477863 -7.09090922016092 -1.54543072745573
2024-05-18T23:08:00.000 -2977.930043751620 -4005.567479492430 4593.835687492280 3.50045168318352 -6.10350464144303 -3.04853543137031
2024-05-18T23:12:00.000 -2039.393584568880 -5306.362914611110 3703.012065594280 4.27284842143641 -4.66986163301538 -4.32952291970898
2024-05-18T23:16:00.000 -951.952309595192 -6219.672695516150 2541.031608171240 4.73363816728667 -2.89422571008528 -5.29418754278803
2024-05-18T23:20:00.000 205.026213582067 -6678.584658951750 1192.888284857040 4.84870989627501 -0.90655441436437 -5.87123954891421
2024-05-18T23:24:00.000 1347.019685958770 -6649.541839538180 -242.658654257136 4.60956673063959 1.14692197575897 -6.01807567514092
2024-05-18T23:28:00.000 2390.649072743130 -6134.901993929770 -1660.451891219780 4.03415252124831 3.11512179320533 -5.72431746217902
2024-05-18T23:32:00.000 3259.885327807120 -5172.696132042280 -2956.798505718790 3.16536401335240 4.85376172865038 -5.01244080146384
2024-05-18T23:36:00.000 3891.656287437420 -3833.650508839830 -4037.169714203180 2.06752410773310 6.23638854012814 -3.93577492367416
2024-05-18T23:40:00.000 4240.386574590380 -2215.752812214570 -4823.103001047520 0.82114089870341 7.16360815721643 -2.57393257268568
2024-05-18T23:44:00.000 4281.153322014570 -436.911026713807 -5257.771086845530 -0.48325977238579 7.56968435501748 -1.02643144393958
2024-05-18T23:48:00.000 4011.309182988320 1373.644416923390 -5309.889982045510 -1.75166762063092 7.42642280520771 0.59466028095501
2024-05-18T23:52:00.000 3450.545495263520 3084.578061147430 -4975.806265052290 -2.89296923416493 6.74451739982998 2.17245515200907
2024-05-18T23:56:00.000 2639.465071863780 4571.726487415800 -4279.711676920680 -3.82499279063925 5.57271033926435 3.59310197707712
2024-05-19T00:00:00.000 1636.754562168910 5726.909656001460 -3271.990657778470 -4.48010042538792 3.99478809919175 4.75344195633482
2024-05-19T00:04:00.000 515.084665457537 6465.762456581650 -2025.751566292770 -4.81014386958372 2.12432944821804 5.56845844233935
2024-05-19T00:08:00.000 -644.053553853645 6734.005093751430 -631.667892633906 -4.79028698372845 0.09700568875065 5.97775325463240
2024-05-19T00:12:00.000 -1756.250611952120 6511.618117886520 808.555066190555 -4.42127270170487 -1.93910789255256 5.95045210244987
2024-05-19T00:16:00.000 -2740.398257748420 5814.506134256820 2189.651690739800 -3.72973645882281 -3.83466214819277 5.48802223184614
2024-05-19T00:20:00.000 -3524.713756292070 4693.400324820220 3410.621555748230 -2.76624038905180 -5.45066954219474 4.62428496925125
2024-05-19T00:24:00.000 -4052.035785662140 3230.078686280290 4382.208850817550 -1.60126187790211 -6.66898784996184 3.42263198942181
2024-05-19T00:28:00.000 -4283.984630726750 1531.295342566500 5033.446902669210 -0.31986831188141 -7.40089624228788 1.97110200549981
2024-05-19T00:32:00.000 -4203.714064004320 -279.093952639642 5316.796264160230 0.98471391635770 -7.59339151718359 0.37564062263876
2024-05-19T00:36:00.000 -3817.050871586940 -2069.147314874840 5211.521385410620 2.21784785672844 -7.23240420020702 -1.24765990246073
2024-05-19T00:40:00.000 -3152.067330946360 -3708.324806779910 4725.166965216610 3.28986185786015 -6.34366692641687 -2.78057157863667
2024-05-19T00:44:00.000 -2257.113796795610 -5076.924950081820 3893.082965993530 4.12249195858743 -4.99128655884013 -4.11101925580894
2024-05-19T00:48:00.000 -1197.373427890690 -6074.832346135720 2775.953784824300 4.65458503878648 -3.27345651445434 -5.14125162487109
2024-05-19T00:52:00.000 -50.170053230236 -6628.944987314780 1455.460791613070 4.84681004838687 -1.31576517505319 -5.79518594267373
2024-05-19T00:56:00.000 1100.695851768150 -6698.703300601150 28.321438602423 4.68493171359172 0.73788368757055 -6.02447984278236
2024-05-19T01:00:00.000 2171.173522568580 -6279.189816421640 -1400.902940194760 4.18111691834833 2.73631606973626 -5.81255203052425
2024-05-19T01:04:00.000 3083.228519027670 -5401.465806098380 -2727.635298909150 3.37300353837954 4.53285799326502 -5.17582353402179
2024-05-19T01:08:00.000 3770.617789545980 -4130.108041927250 -3855.066731431320 2.32050918792218 5.99663560527578 -4.16211756547810
2024-05-19T01:12:00.000 4183.679076773920 -2558.230588075640 -4701.245633479430 1.10097142305094 7.02213967787545 -2.84655038759644
2024-05-19T01:16:00.000 4292.805787194950 -800.478173155104 -5204.932163952540 -0.19687721629685 7.53642234915950 -1.32546863969747
2024-05-19T01:20:00.000 4090.412294794450 1015.374851088980 -5329.840774841270 -1.47934945409375 7.50354433331625 0.29077863126633
2024-05-19T01:24:00.000 3591.341137100900 2757.583000178970 -5067.076594784220 -2.65428999578750 6.92645047728648 1.88560217679808
2024-05-19T01:28:00.000 2831.752906759120 4299.743352526500 -4435.691187106200 -3.63718115033730 5.84646530062955 3.34399455639217
2024-05-19T01:32:00.000 1866.600495476980 5529.743626703220 -3481.374393712380 -4.35685779060655 4.34073690898586 4.56025694867076
2024-05-19T01:36:00.000 765.800561607876 6357.826054959170 -2273.319008713680 -4.76055182199164 2.51743002389367 5.44541872593612
2024-05-19T01:40:00.000 -390.703491578908 6723.234799564970 -899.379461285093 -4.81808831039558 0.50867271235720 5.93398003062519
2024-05-19T01:44:00.000 -1518.728212644990 6598.868365185660 540.247210228997 -4.52457445610038 -1.53897055597893 5.98930946384187
2024-05-19T01:48:00.000 -2536.028763652980 5993.445356387830 1940.366899470360 -3.90100850253858 -3.47542806483577 5.60671383048064
2024-05-19T01:52:00.000 -3368.394061679090 4950.974951179200 3198.584949774980 -2.99292115313233 -5.15862072246668 4.81407796675927
2024-05-19T01:56:00.000 -3955.147146789290 3547.496769620670 4222.909974086550 -1.86681497873322 -6.46539273856206 3.66962610325987
2024-05-19T02:00:00.000 -4253.576748779760 1885.404179477600 4938.517632505060 -0.60492574296449 -7.30059518086334 2.25722181035807
2024-05-19T02:04:00.000 -4241.990364775590 85.893060814095 5293.160104330180 0.70087947242451 -7.60358064314826 0.68000690886899
2024-05-19T02:08:00.000 -3921.237189691490 -1719.874492493990 5260.918505299220 1.95578190389701 -7.35239798832059 -0.94712413430689
2024-05-19T02:12:00.000 -3314.600076830240 -3400.249940991860 4844.031818680080 3.06870132548484 -6.56491724691430 -2.50576767580251
2024-05-19T02:16:00.000 -2466.156918634560 -4832.566151621680 4072.767839988990 3.95845085527439 -5.29776088222873 -3.88211678842373
2024-05-19T02:20:00.000 -1437.679089034900 -5912.074965917480 3003.340392977160 4.55971879400270 -3.64282446652140 -4.97510404927622
2024-05-19T02:24:00.000 -304.187266732636 -6559.712346888780 1713.909128437930 4.82812089214210 -1.72096145751917 -5.70409769247973
2024-05-19T02:28:00.000 851.528195986665 -6728.047022702910 298.890948434052 4.74377265825677 0.32669100276329 -6.01517080700061
2024-05-19T02:32:00.000 1945.045851584090 -6404.904728589590 -1138.031400431000 4.31307399557651 2.34936920386074 -5.88558929295846
2024-05-19T02:36:00.000 2896.609647018030 -5614.270323801900 -2491.675469591520 3.56822992864664 4.19849167786543 -5.32562987794283
2024-05-19T02:40:00.000 3637.042354416230 -4414.374564952370 -3663.203758418520 2.56458396090278 5.73908775846807 -4.37749273249450
2024-05-19T02:44:00.000 4112.784395060230 -2893.176324684790 -4567.393057380290 1.37603858407985 6.85988900682637 -3.11161414375720
2024-05-19T02:48:00.000 4289.661023067010 -1161.706178679560 -5138.747502958050 0.08920979775812 7.48093930322812 -1.62086656084647
2024-05-19T02:52:00.000 4155.183228967260 654.100550255376 -5336.062998545410 -1.20289329225092 7.55861096185566 -0.01355756381784
2024-05-19T02:56:00.000 3719.301152353630 2422.459961024840 -5145.215879719760 -2.40734814024087 7.08799251251565 1.59424731780014
2024-05-19T03:00:00.000 3013.627799454060 4015.083273604900 -4580.080019942630 -3.43756375452840 6.10292721782932 3.08662090114426
2024-05-19T03:04:00.000 2089.213544999330 5316.251811371410 -3681.552830809000 -4.21907478220843 4.67377232482341 4.35557466545980
2024-05-19T03:08:00.000 1012.997153085310 6231.097199882040 -2514.747239546540 -4.69475168302582 2.90302309365570 5.30848869338937
2024-05-19T03:12:00.000 -136.904083008234 6692.576534921540 -1164.467080840740 -4.82921970891459 0.91875483162783 5.87498198921668
2024-05-19T03:16:00.000 -1276.815396471890 6666.576221379270 270.853895130363 -4.61190422113909 -1.13436424949335 6.01266692759670
2024-05-19T03:20:00.000 -2323.641771665950 6154.620849493050 1686.361219952740 -4.05822431414353 -3.10593503367586 5.71080288237511
2024-05-19T03:24:00.000 -3201.023898635520 5193.866863962400 2978.541695192690 -3.20853843885774 -4.85132806925052 4.99125969883350
2024-05-19T03:28:00.000 -3844.990458879030 3854.375783015070 4052.906651848650 -2.12505040195221 -6.24271187727943 3.90687782283116
2024-05-19T03:32:00.000 -4208.649635167540 2233.889614494810 4830.966794368700 -0.88695212385329 -7.17866621312280 2.53723147614676
2024-05-19T03:36:00.000 -4265.561909074060 450.585011923875 5255.926219601300 0.41556894534003 -7.59128196679314 0.98238062490024
2024-05-19T03:40:00.000 -4011.599347708170 -1365.555198127190 5296.738730140860 1.68788295192790 -7.45061117194508 -0.64442721304685
2024-05-19T03:44:00.000 -3465.207034153830 -3082.139214516150 4950.329445038100 2.83762919176523 -6.76663786927184 -2.22474157217430
2024-05-19T03:48:00.000 -2666.076483085440 -4573.911034367930 4241.834214637160 3.78112388971721 -5.58850714828292 -3.64328839076179
2024-05-19T03:52:00.000 -1672.350682632380 -5731.828721954480 3222.861777132930 4.44924351332414 -4.00147529857533 -4.79608403534537
2024-05-19T03:56:00.000 -556.479045811215 -6471.104655498340 1967.843084512540 4.79267950058352 -2.12126017985087 -5.59813391276775
2024-05-19T04:00:00.000 600.055558950362 -6737.583333294930 568.644340324580 4.78599230965381 -0.08581973084356 -5.99012659078981
2024-05-19T04:04:00.000 1712.764964504930 -6511.865056482560 -872.219169024278 4.42978017075263 1.95502628295013 -5.94324869529322
2024-05-19T04:08:00.000 2700.458724443990 -5810.774502329430 -2249.244916935020 3.75073141281648 3.85121503894993 -5.46158485711018
2024-05-19T04:12:00.000 3491.279312021840 -4686.000599906260 -3461.833548141950 2.79938222905330 5.46415358723703 -4.58156924280222
2024-05-19T04:16:00.000 4027.954757308360 -3220.063621228470 -4421.708626828690 1.64590812117740 6.67707204537612 -3.36872753258623
2024-05-19T04:20:00.000 4271.862280785920 -1520.041343196000 -5059.286110533560 0.37453225139474 7.40324368241303 -1.91223908978279
2024-05-19T04:24:00.000 4205.655110581780 290.352369049437 -5328.543406575050 -0.92273628301339 7.59144651427679 -0.31806242812642
2024-05-19T04:28:00.000 3834.358886906220 2079.689009849100 -5210.153241643970 -2.15254405996315 7.22890108996505 1.29860334532136
2024-05-19T04:32:00.000 3184.933318229060 3718.157721874150 -4712.758904367740 -3.22647628891071 6.34176557446360 2.82117296881973
2024-05-19T04:36:00.000 2304.366402627230 5086.753131917150 -3872.364628053140 -4.06700350372878 4.99345346543407 4.13953883747949
2024-05-19T04:40:00.000 1256.399740744220 6085.777980354710 -2749.851753174360 -4.61288019982915 3.28058422391041 5.15771189024521
2024-05-19T04:44:00.000 117.053267323153 6642.106979613090 -1426.750082152690 -4.82370116751706 1.32676322084647 5.80070019905950
2024-05-19T04:48:00.000 -1030.805626658090 6714.703018785630 0.543495038734 -4.68325502305202 -0.72579608266371 6.02047427687826
2024-05-19T04:52:00.000 -2103.516911366380 6297.863955382000 1427.783118477300 -4.20125832758137 -2.72674184228964 5.80016735870127
2024-05-19T04:56:00.000 -3022.831084602850 5421.780884120460 2750.601179770630 -3.41279317076409 -4.52925927117055 5.15563534849690
2024-05-19T05:00:00.000 -3721.710799638110 4150.324546106650 3872.261552870140 -2.37559785350241 -6.00129710212829 4.13419785887132
2024-05-19T05:04:00.000 -4149.253764575230 2576.275010601500 4710.803154033450 -1.16551126159671 -7.03546586972634 2.81082927463990
2024-05-19T05:08:00.000 -4274.363460713930 814.440375113423 5205.007594248070 0.12928414759968 -7.55664702302095 1.28230404469264
2024-05-19T05:12:00.000 -4087.952486735600 -1006.747665524700 5318.791674098060 1.41466997910210 -7.52706534425334 -0.33996987564207
2024-05-19T05:16:00.000 -3603.560962271890 -2754.540967340230 5043.769317099140 2.59731392898656 -6.94868703990514 -1.93794924638646
2024-05-19T05:20:00.000 -2856.379382154580 -4301.437037124300 4399.868894985420 3.59118608350856 -5.86304534986687 -3.39510171886893
2024-05-19T05:24:00.000 -1900.758376424860 -5534.413922261640 3433.971066495360 4.32360529095819 -4.34862145178683 -4.60471300639942
2024-05-19T05:28:00.000 -806.340620671371 -6363.229724931700 2216.600799818770 4.74065086090926 -2.51569182857525 -5.47771893908008
2024-05-19T05:32:00.000 346.985174882494 -6727.173296436190 836.837122360764 4.81145054328442 -0.49858089890180 -5.94958862924647
2024-05-19T05:36:00.000 1474.971587206710 -6599.678267281450 -604.241676220711 4.53083183182307 1.55431881937353 -5.98555447287617
2024-05-19T05:40:00.000 2495.288330049890 -5990.344443804700 -2001.096976573200 3.91984121872836 3.49197713014794 -5.58347416190293
2024-05-19T05:44:00.000 3333.654956432850 -4944.149908983010 -3251.630437397420 3.02403759452443 5.17255171577793 -4.77391291635523
2024-05-19T05:48:00.000 3929.294833151570 -3537.915045623850 -4264.743542012830 1.90960846844333 6.47414634435625 -3.61729269031653
2024-05-19T05:52:00.000 4239.277059221620 -1874.436719778110 -4966.936652332180 0.65810912226134 7.30344532692579 -2.19884967273291
2024-05-19T05:56:00.000 4241.469721634810 -74.838081690021 -5307.485593606740 -0.63976571992063 7.60181114162844 -0.62194154751123
2024-05-19T06:00:00.000 3935.964523395660 1730.203043047140 -5261.905421382280 -1.89057121175310 7.34861525823822 0.99940717042108
2024-05-19T06:02:30.000 3597.759029794900 2802.663064060960 -5037.674536030590 -2.60814595749083 6.91684859931883 1.98324869548423
2024-05-19T06:06:30.000 2848.865893061970 4340.893230938440 -4384.193537319830 -3.59474319498427 5.82349333224885 3.42935068694952
2024-05-19T06:10:30.000 1893.144367180450 5563.924809329790 -3411.504311257050 -4.32117924915893 4.30599168159540 4.62705808909951
2024-05-19T06:14:30.000 799.829177654232 6382.501654755680 -2190.148706012210 -4.73424803598483 2.47344030480209 5.48877463354996
2024-05-19T06:18:30.000 -351.688272750943 6736.549740251860 -808.951497533039 -4.80307923042848 0.45854199778181 5.95072683199868
2024-05-19T06:22:30.000 -1477.574784081120 6599.768487061940 631.346790513613 -4.52186354784414 -1.59165586144087 5.97809883359104
2024-05-19T06:26:30.000 -2495.725204385840 5981.786488401490 2025.471072610080 -3.91075571097201 -3.52674650923457 5.56825983863856
2024-05-19T06:30:30.000 -3331.860117648260 4927.548864347840 3271.448937587990 -3.01439093909902 -5.20474381030831 4.75115324745645
2024-05-19T06:34:30.000 -3925.022734034180 3513.976137993250 4278.179136982350 -1.89843056991203 -6.50286165371932 3.58682809441243
2024-05-19T06:38:30.000 -4232.035311852240 1844.218379477030 4972.126996499230 -0.64440216225711 -7.32660992560245 2.16063893140670
2024-05-19T06:42:30.000 -4230.582278973250 40.035508025038 5302.635089017540 0.65643906741801 -7.61625385342313 0.57669383177249
2024-05-19T06:46:30.000 -3920.766190904550 -1767.060182108410 5245.540786619200 1.90962306290561 -7.35070709454578 -1.04963826633737
2024-05-19T06:50:30.000 -3325.086680928340 -3445.304616517740 4804.905738460510 3.02409330881079 -6.54896477857174 -2.59993534470174
2024-05-19T06:54:30.000 -2486.840215511390 -4872.190456558500 4012.745984251380 3.91860093417132 -5.26875266177314 -3.96099737662771
2024-05-19T06:58:30.000 -1467.058523960660 -5943.381143249160 2926.815990463240 4.52754470416378 -3.60294541543110 -5.03289406160609
2024-05-19T07:02:30.000 -340.125469627589 -6580.434253657380 1626.488845404880 4.80597558883147 -1.67319118848168 -5.73654778210316
2024-05-19T07:06:30.000 811.650521614289 -6736.710914533530 206.979264194100 4.73329571252046 0.37877588239701 -6.01992599813908
2024-05-19T07:10:30.000 1904.143702322110 -6400.937333272900 -1227.709819419580 4.31507354267280 2.40188665601992 -5.86234872184626
2024-05-19T07:14:30.000 2857.686111648860 -5598.039056345630 -2572.575321848530 3.58263562317155 4.24754573205172 -5.27618357312579
2024-05-19T07:18:30.000 3602.976803025990 -4387.145030675930 -3729.446948144130 2.59042448963707 5.78114031014661 -4.30557044630280
2024-05-19T07:22:30.000 4086.114479199350 -2856.994557390940 -4614.196804335670 1.41144968215224 6.89200561340926 -3.02254229777889
2024-05-19T07:26:30.000 4272.382229733640 -1119.235671622570 -5162.757703926520 0.13156733180820 7.50092975722228 -1.52114753921834
2024-05-19T07:30:30.000 4148.592056673970 699.770394684551 -5335.579300122210 -1.15674774351288 7.56513777134331 0.08961252690581
2024-05-19T07:34:30.000 3723.893451241270 2468.027243871860 -5120.294183413070 -2.36088584196129 7.08060605336975 1.69351035918994
2024-05-19T07:38:30.000 3029.062216958840 4057.239659382150 -4532.520119161540 -3.39422956337586 6.08203597341702 3.17486417695602
2024-05-19T07:42:30.000 2114.353835221900 5351.901282063650 -3614.791087477980 -4.18201469500630 4.64075323430495 4.42635365471842
2024-05-19T07:46:30.000 1046.006367276230 6257.594182536880 -2433.634781485420 -4.66663783902254 2.86024006929860 5.35655280091111
2024-05-19T07:50:30.000 -98.435224893071 6707.942680987860 -1074.918220657710 -4.81212504609842 0.86934764882309 5.89679586439572
2024-05-19T07:54:30.000 -1235.703322235570 6669.637533615910 362.309349636388 -4.60709951711200 -1.18689038178129 6.00662425993611
2024-05-19T07:58:30.000 -2282.889978984000 6145.082181565610 1773.034757808200 -4.06600501951130 -3.15775680839515 5.67722748193217
2024-05-19T08:02:30.000 -3163.597307368550 5172.362224908780 3054.074109989880 -3.22829065382579 -4.89860211810471 4.93256145796652
2024-05-19T08:06:30.000 -3813.599616697040 3822.423608258370 4111.747494380920 -2.15527849072543 -6.28196104737427 3.82732096548265
2024-05-19T08:10:30.000 -4185.552951472090 2193.781982572230 4868.774259503910 -0.92541805479673 -7.20694778234453 2.44258545101207
2024-05-19T08:14:30.000 -4252.409335206650 405.229333444929 5269.892578339780 0.37167279544914 -7.60645694408081 0.87957573240484
2024-05-19T08:18:30.000 -4009.314163270620 -1412.856302230820 5285.803032294070 1.64178034700768 -7.45153872839987 -0.74787300989223
2024-05-19T08:22:30.000 -3473.914674455400 -3127.924062791180 4915.247251052640 2.79266826715580 -6.75313388324946 -2.32127084076470
2024-05-19T08:26:30.000 -2685.117849659820 -4614.808667239690 4185.136209588840 3.74048731906628 -5.56153581955325 -3.72577634352953
2024-05-19T08:30:30.000 -1700.330477487460 -5764.827882722670 3148.675850243900 4.41584294657329 -3.96304472983554 -4.85841987953607
2024-05-19T08:34:30.000 -591.356243446217 -6493.786887527630 1881.592914566870 4.76895377954405 -2.07425324728147 -5.63570808792593
2024-05-19T08:38:30.000 560.826395710288 -6748.302616595380 476.646440740919 4.77367941494378 -0.03376867656900 -6.00015204309254
2024-05-19T08:42:30.000 1672.053600323580 -6509.878523069760 -963.225139724193 4.42982787015437 2.00818812615171 -5.92502106954405
2024-05-19T08:46:30.000 2661.258203834260 -5796.291220749300 -2332.608399010610 3.76320669138006 3.90155326990694 -5.41653008821156
2024-05-19T08:50:30.000 3456.485221448070 -4660.145470374870 -3531.485796849840 2.82340158897665 5.50800273005029 -4.51308474518810
2024-05-19T08:54:30.000 4000.145062403320 -3184.785385680190 -4472.610583818710 1.67974324505120 6.71128214970712 -3.28193372035979
2024-05-19T08:58:30.000 4253.113567594940 -1477.953736577660 -5087.791165989430 0.41574022876337 7.42546040839965 -1.81353610423237
2024-05-19T09:02:30.000 4197.380408313190 336.177489935920 -5332.639823287730 -0.87720801036136 7.60020357279283 -0.21458547400146
2024-05-19T09:06:30.000 3837.191695554280 2125.933730806390 -5189.585423027890 -2.10608943189421 7.22362882396980 1.39942405384430
2024-05-19T09:10:30.000 3198.677559526390 3761.481314837610 -4669.038800329470 -3.18257251934855 6.32282792063559 2.91213152560793
2024-05-19T09:14:30.000 2328.012217533710 5124.004673977360 -3808.661065699090 -4.02889852403778 4.96206683755813 4.21408928385290
2024-05-19T09:18:30.000 1288.214832633810 6114.209395457210 -2670.790316998620 -4.58331504071028 3.23891083963956 5.21034359674686
2024-05-19T09:22:30.000 154.722471970530 6659.599875730650 -1338.099664903810 -4.80477434593667 1.27785572988431 5.82747124026263
2024-05-19T09:26:30.000 -990.018258715144 6719.955220901920 92.296110828328 -4.67637005020044 -0.77825633326121 6.01940585910839
2024-05-19T09:30:30.000 -2062.588657682200 6290.480469645340 1515.930362868110 -4.20697997234020 -2.77894677105200 5.77137432220026
2024-05-19T09:34:30.000 -2984.754151101770 5402.276763784440 2828.699952946300 -3.43067918066762 -4.57744356450694 5.10120069766907
2024-05-19T09:38:30.000 -3689.259415579400 4120.095692450550 3934.595825966340 -2.40430643085391 -6.04193052969835 4.05806443894961
2024-05-19T09:42:30.000 -4124.789392851210 2537.503697171110 4752.801537893080 -1.20295046298021 -7.06558062030600 2.71852707133176
2024-05-19T09:46:30.000 -4259.662899999030 769.935963691161 5223.575458913940 0.08585862112943 -7.57400817242065 1.18054845957990
2024-05-19T09:50:30.000 -4084.076016537390 -1053.747019155190 5312.543902105620 1.36844889554371 -7.53035740617449 -0.44373611010712
2024-05-19T09:54:30.000 -3610.774368695710 -2800.604508069750 5013.140935770850 2.55169072542681 -6.93763952992560 -2.03610624860612
2024-05-19T09:58:30.000 -2874.136242039390 -4343.193190472580 4347.082106394230 3.54947346328453 -5.83841122865258 -3.48045689015830
2024-05-19T10:02:30.000 -1927.754364630800 -5568.798834968050 3362.875312688540 4.28879043295154 -4.31220626235425 -4.67099287356546
2024-05-19T10:06:30.000 -840.607552510416 -6387.722923573520 2132.393096832880 4.71524280754109 -2.47019397555367 -5.52002385301815
2024-05-19T10:10:30.000 307.942711491293 -6739.993816760370 745.685595245336 4.79731150359461 -0.44741811403951 -5.96479303399242
2024-05-19T10:14:30.000 1434.003227941100 -6599.920627397410 -695.659467445866 4.52902579938469 1.60731505634839 -5.97256467399148
2024-05-19T10:18:30.000 2455.393373472670 -5978.041885661310 -2086.096199465410 3.93054492666840 3.54287842287227 -5.54331827528251
2024-05-19T10:22:30.000 3297.764994755660 -4920.256976706780 -3324.015708149390 3.04651100532168 5.21764838160984 -4.70961078171601
2024-05-19T10:26:30.000 3900.059397926060 -3504.224573162500 -4319.261611141110 1.94225152693111 6.51021833317302 -3.53362314948042
2024-05-19T10:30:30.000 4218.861099356980 -1833.431001134970 -4999.650248826000 0.69850279102452 7.32797095690164 -2.10192906444089
2024-05-19T10:34:30.000 4231.383954231080 -29.511677465689 -5316.048636717010 -0.59461062526639 7.61308759311963 -0.51883014564752
2024-05-19T10:38:30.000 3936.954803630980 1776.560790447930 -5245.719980290000 -1.84400019373880 7.34588565534035 1.10129511943413
2024-05-19T10:42:30.000 3356.970363355400 3453.771832151200 -4793.824474382910 -2.95986912061029 6.54568717765698 2.64163621706043
2024-05-19T10:46:30.000 2533.378254878050 4880.328132184820 -3993.059001439070 -3.86172513364348 5.26960622292082 3.99085753667833
2024-05-19T10:50:30.000 1525.768491744220 5952.342218196300 -2901.414533129380 -4.48391643024460 3.60897844688478 5.05073219876084
2024-05-19T10:54:30.000 407.205392809727 6591.405961886490 -1598.164744524820 -4.78055742807137 1.68362615311299 5.74328174871311
2024-05-19T10:58:30.000 -740.992484720261 6750.477441183610 -178.231410506358 -4.72922767199965 -0.36645383100656 6.01696379203275
2024-05-19T11:02:30.000 -1835.167014680570 6417.533583327660 1254.713647536560 -4.33304988051382 -2.39126375067953 5.85094123865249
2024-05-19T11:06:30.000 -2795.505212375990 5616.611867995340 2595.901008825570 -3.62076804982849 -4.24225169739877 5.25699379661034
2024-05-19T11:10:30.000 -3551.966582791060 4406.073335225610 3747.241259393710 -2.64452119892821 -5.78376486449829 4.27863175410040
2024-05-19T11:14:30.000 -4049.439660286140 2874.259808013580 4624.576276135600 -1.47578559810255 -6.90316602574059 2.98769876334694
2024-05-19T11:18:30.000 -4251.741637730190 1132.922292976060 5163.851218351360 -0.19978296347714 -7.51918243664326 1.47871808460482
2024-05-19T11:22:30.000 -4144.168816662200 -690.996523044344 5325.693194583780 1.09076734402717 -7.58713716183632 -0.13834600128610
2024-05-19T11:26:30.000 -3734.521124218890 -2464.542366008240 5098.221275993170 2.30215728000613 -7.10191706510487 -1.74572893756078
2024-05-19T11:30:30.000 -3052.546772791540 -4058.350640150970 4497.914895732670 3.34627822997155 -6.09837948770258 -3.22626647534038
2024-05-19T11:34:30.000 -2147.838246875940 -5356.009233656000 3568.469496368580 4.14685169408221 -4.64901084287302 -4.47166278148888
2024-05-19T11:38:30.000 -1086.309778480010 -6262.572509595960 2377.721236454070 4.64501738038469 -2.85921630724380 -5.39029566808453
2024-05-19T11:42:30.000 54.565212235573 -6711.642624484900 1012.781123998950 4.80396727958218 -0.86007492847792 -5.91424828799900
2024-05-19T11:46:30.000 1191.451696440030 -6670.410741268650 -426.364985682088 4.61201606562503 1.20137933788191 -6.00488022419065
2024-05-19T11:50:30.000 2241.354394461260 -6142.149841067090 -1834.309089009560 4.08367364367744 3.17346316319530 -5.65596482527419
2024-05-19T11:54:30.000 3127.802693585380 -5165.904671814890 -3108.110606809810 3.25840439580797 4.91170619851529 -4.89410280335557
2024-05-19T11:58:30.000 3786.477273453860 -3813.414335465960 -4154.931747286490 2.19730358535802 6.28982868780956 -3.77626336832160
2024-05-19T12:02:30.000 4169.834198814870 -2183.605004878930 -4898.786340235190 0.97813404893806 7.20886141402464 -2.38492812183541
2024-05-19T12:06:30.000 4250.402227560000 -395.203571840140 -5285.905923356630 -0.31063296059131 7.60362198909530 -0.82159244752668
2024-05-19T12:10:30.000 4022.596573126510 1421.884196022360 -5288.433694340580 -1.57613603521827 7.44658137099976 0.80058289555665
2024-05-19T12:14:30.000 3503.016489231360 3135.836184997180 -4906.284805847300 -2.72741324137100 6.74932787280035 2.36465853877811
2024-05-19T12:18:30.000 2729.250732948090 4622.228943892360 -4167.112648445980 -3.68149091671853 5.56160638539966 3.75768514452440
2024-05-19T12:22:30.000 1757.270163825110 5772.887146407170 -3124.431696126780 -4.36907876442283 3.96837866687182 4.87839932177291
2024-05-19T12:26:30.000 657.518214319061 6503.727450337570 -1853.915403326030 -4.73961181910114 2.08435921372847 5.64453465661467
2024-05-19T12:30:30.000 -490.086331036856 6761.032056572540 -448.056569241500 -4.76528431796206 0.04640172208952 5.99916732575095
2024-05-19T12:34:30.000 -1601.958878166810 6525.598642468150 990.534182964582 -4.44358033179107 -1.99654022605156 5.91550432017357
2024-05-19T12:38:30.000 -2597.004232745980 5814.310730816060 2356.685539965670 -3.79767846047319 -3.89461113155201 5.39917501327795
2024-05-19T12:42:30.000 -3402.636308532170 4678.972013310240 3550.472974830140 -2.87485043974142 -5.50857980931639 4.48800147345785
2024-05-19T12:46:30.000 -3960.144407558760 3202.438626697150 4484.626493972670 -1.74268406311859 -6.72048704940661 3.24889657823410
2024-05-19T12:50:30.000 -4228.965252896740 1492.450235355810 5090.928918334810 -0.48382854951387 -7.44220074713080 1.77267954691781
2024-05-19T12:54:30.000 -4189.564376410540 -326.316753023620 5325.133083387420 0.81016964574704 -7.62146830618666 0.16702891111941
2024-05-19T12:58:30.000 -3844.795909657240 -2121.303081929360 5170.091098541820 2.04540050162572 -7.24517970719084 -1.45122728046431
2024-05-19T13:02:30.000 -3219.685365861610 -3761.604431560420 4636.989527954740 3.13206927996998 -6.34020381108436 -2.96415908388331
2024-05-19T13:06:30.000 -2359.677164837320 -5127.442134831600 3764.612807745680 3.99085670461013 -4.97188593049104 -4.26113020809710
2024-05-19T13:10:30.000 -1327.402496545090 -6118.920027006290 2616.606945130090 4.55874613918620 -3.23961954333447 -5.24685586225502
2024-05-19T13:14:30.000 -198.171708265720 -6663.428561361250 1276.922970998300 4.79380289172091 -1.27007924400085 -5.84852370762541
2024-05-19T13:18:30.000 945.537534043788 -6721.140065198500 -156.317785600832 4.67867192105562 0.79195108580944 -6.02168575040619
2024-05-19T13:22:30.000 2020.208769611980 -6288.048668682450 -1578.123947000820 4.22212227638396 2.79468923031763 -5.75393343827081
2024-05-19T13:26:30.000 2947.516756343350 -5396.228608895920 -2884.495740825400 3.45833674889124 4.59123044437169 -5.06584854980346
2024-05-19T13:30:30.000 3660.117406274160 -4111.281715594520 -3980.160171214080 2.44398776091598 6.05084067363078 -4.00901714871331
2024-05-19T13:34:30.000 4106.512646089990 -2527.273909570860 -4785.521977368290 1.25356443505257 7.06844328754283 -2.66159310799194
2024-05-19T13:38:30.000 4254.650665306110 -759.678003041627 -5242.321665249390 -0.02638680190329 7.57168052305510 -1.12206700697200
2024-05-19T13:42:30.000 4094.072250119730 1063.059277412700 -5317.654338470160 -1.30354152682104 7.52530394639275 0.49802953032527
2024-05-19T13:46:30.000 3636.536296761920 2808.690541455160 -5006.178355257290 -2.48609884077190 6.93301355303642 2.08182586728628
2024-05-19T13:50:30.000 2915.157691447950 4350.525124984360 -4330.454084840860 -3.48891397870615 5.83716673895898 3.51501574111679
2024-05-19T13:54:30.000 1982.098998215900 5576.422544649660 -3339.385425017640 -4.23930136439470 4.31602329954522 4.69361125988358
2024-05-19T13:58:30.000 904.949718215198 6396.880524798010 -2104.861399975860 -4.68221852245786 2.47898087876835 5.53126182457909
2024-05-19T14:02:30.000 -238.058058836559 6751.677936812820 -716.700391598130 -4.78462391827460 0.45922963642190 5.96589273953679
2024-05-19T14:06:30.000 -1363.703996455160 6614.484226658510 723.821007726973 -4.53832553118259 -1.59574423659900 5.96478177048493
2024-05-19T14:10:30.000 -2389.901682861070 5994.982160017810 2111.408512148110 -3.96094864893341 -3.53523716820274 5.52743664865612
2024-05-19T14:14:30.000 -3241.791248679500 4938.243656120720 3344.567076555370 -3.09468880061026 -5.21696263686556 4.68580575403437
2024-05-19T14:18:30.000 -3857.271469516760 3521.378692110530 4333.132519499700 -2.00296736787679 -6.51790173176046 3.50172489250098
2024-05-19T14:22:30.000 -4191.536301200110 1847.789647254740 5004.896218158860 -0.76558636471364 -7.34329730468843 2.06202232176566
2024-05-19T14:26:30.000 -4220.293708800420 39.525159969929 5310.835490259470 0.52740261344865 -7.63337987900919 0.47183207432243
2024-05-19T14:30:30.000 -3941.450805593430 -1771.615817684070 5228.590034641710 1.78213525340911 -7.36709724300603 -1.15309213497508
2024-05-19T14:34:30.000 -3375.241903646610 -3453.587346107220 4764.049423948350 2.90750319737216 -6.56343405735457 -2.69447751372260
2024-05-19T14:38:30.000 -2562.805255313470 -4883.603312185970 3950.969622252370 3.82142548303188 -5.28020073582641 -4.03971609482204
2024-05-19T14:42:30.000 -1563.291079938480 -5957.092742041190 2848.640148144020 4.45685910815253 -3.61054381516551 -5.08999203571728
2024-05-19T14:46:30.000 -449.602759701783 -6595.454108768870 1537.644112990250 4.76697329678846 -1.67643719854616 -5.76780549729141
2024-05-19T14:50:30.000 696.927575275769 -6751.966927525750 113.984580249318 4.72885555477930 0.38005066861282 -6.02304409596047
2024-05-19T14:54:30.000 1792.562415831860 -6415.356661128990 -1318.038701579010 4.34553385679952 2.40753961619595 -5.83716493865526
2024-05-19T14:58:30.000 2757.403760395210 -5610.614672343040 -2653.635103645330 3.64575173236932 4.25716116125719 -5.22461050776084
2024-05-19T15:02:30.000 3521.320492859320 -4397.003742308140 -3795.329277234090 2.68156830477471 5.79403493586800 -4.23144973503417
2024-05-19T15:06:30.000 4029.045437447350 -2863.453115618630 -4660.115662999050 1.52394476223178 6.90728072049998 -2.93132339659080
2024-05-19T15:10:30.000 4244.065204988130 -1121.844608068990 -5185.387289308660 0.25719966198287 7.51755475231105 -1.41946411482877
2024-05-19T15:14:30.000 4151.088121469830 701.197640011021 -5333.276059673240 -1.02718137293672 7.58194113098969 0.19444770157481
2024-05-19T15:18:30.000 3757.009019694560 2473.384197055690 -5093.207312951800 -2.23685471452084 7.09634151467997 1.79395992513131
2024-05-19T15:22:30.000 3090.368129356000 4066.120935159030 -4482.581310376290 -3.28477405633128 6.09547438924991 3.26369040378593
2024-05-19T15:26:30.000 2199.370146779840 5363.622900558700 -3545.586105874920 -4.09509325326046 4.65082743481438 4.49709028490111
2024-05-19T15:30:30.000 1148.525358402820 6271.245553215390 -2350.159654632900 -4.60859188277020 2.86613101537588 5.40399523846443
2024-05-19T15:34:30.000 14.109135983854 6722.452485535240 -983.227638165405 -4.78712433648680 0.87056929272619 5.91737007976265
2024-05-19T15:38:30.000 -1121.325354681430 6683.876595111560 455.529358523237 -4.61691079775787 -1.19032817273439 5.99870935336340
2024-05-19T15:42:30.000 -2174.997147795140 6157.968933324750 1860.972022635480 -4.10990496667947 -3.16550084503860 5.64138476296779
2024-05-19T15:46:30.000 -3070.037032109320 5182.937659679660 3130.300177760740 -3.30310603715059 -4.90998635995110 4.87141073826932
2024-05-19T15:50:30.000 -3741.184782464000 3829.918505736750 4170.693956686690 -2.25560274307941 -6.29608535093149 3.74536873800747
2024-05-19T15:54:30.000 -4139.564811473710 2197.658482822710 4906.144576805000 -1.04397462577866 -7.22278926817940 2.34583320593502
2024-05-19T15:58:30.000 -4236.210970756320 405.213841677193 5282.966953099390 0.24350216809323 -7.62285291479669 0.77511036845461
2024-05-19T16:02:30.000 -4024.098846501260 -1416.755080832210 5273.644034964220 1.51333283343001 -7.46731266869712 -0.85239097617846
2024-05-19T16:06:30.000 -3518.619064332820 -3135.425655969890 4878.765040052940 2.67332226260791 -6.76720981927612 -2.41821033009183
2024-05-19T16:10:30.000 -2756.484386607450 -4625.382387890030 4127.009767787850 3.63901934408600 -5.57289564279492 -3.80810737126747
2024-05-19T16:14:30.000 -1793.144056424750 -5777.711347028570 3073.156076277040 4.33967806093703 -3.97080703462983 -4.92014010957555
2024-05-19T16:18:30.000 -698.837824702449 -6508.041020281050 1794.206047460110 4.72363077342023 -2.07784845323025 -5.67226655977608
2024-05-19T16:22:30.000 446.522474120970 -6762.895147545560 383.793667100424 4.76249826717501 -0.03298124158821 -6.00886782933983
2024-05-19T16:26:30.000 1559.269513130130 -6523.760378509890 -1054.746767669860 4.45359193736571 2.01328592042567 -5.90528381781916
2024-05-19T16:30:30.000 2558.220448884800 -5808.468840536660 -2416.104896488510 3.82016421713570 3.91056758454036 -5.36980952539621
2024-05-19T16:34:30.000 3370.707046132210 -4669.753590888980 -3600.858655875300 2.90939352166328 5.52027701275851 -4.44283703192705
2024-05-19T16:38:30.000 3937.877507769920 -3191.138878828870 -4522.799603531640 1.78846574278816 6.72597482759510 -3.19329075293204
2024-05-19T16:42:30.000 4218.881963336840 -1480.592762510030 -5115.128476641020 0.53921307119033 7.44153173407184 -1.71290361832858
2024-05-19T16:46:30.000 4193.655021144900 337.444378222417 -5335.109385362880 -0.74802408214228 7.61648315318389 -0.10924042128694
2024-05-19T16:50:30.000 3864.210740021910 2131.010051216110 -5166.963311666660 -1.98063897852212 7.23888340382219 1.50191369348066
2024-05-19T16:54:30.000 3254.435786581250 3769.972833359840 -4622.906945350520 -3.06999229378880 6.33583980159569 3.00436417652885
2024-05-19T16:58:30.000 2408.414027283490 5135.241780871980 -3742.305551991230 -3.93736511548320 4.97177477288137 4.28935513564159
2024-05-19T17:02:30.000 1387.379695698120 6127.294412577090 -2588.975187757760 -4.51943278783621 3.24449534125685 5.26309548589416
2024-05-19T17:06:30.000 265.417320411997 6673.485390685750 -1246.743802472380 -4.77316393963611 1.27890338989643 5.85371839131916
2024-05-19T17:10:30.000 -875.864924721099 6733.536595803520 186.546268308207 -4.67932787871652 -0.78182067590090 6.01710729100170
2024-05-19T17:14:30.000 -1953.291028852050 6302.683484057140 1606.186592239660 -4.24423233608491 -2.78676868740047 5.74058437359299
2024-05-19T17:18:30.000 -2888.264372104380 5412.160699766120 2908.350020695800 -3.49950955379449 -4.58880712371530 5.04414998864271
2024-05-19T17:22:30.000 -3612.598980947410 4126.917217842310 3997.804881594530 -2.49970410112922 -6.05592064955919 3.97895104236043
2024-05-19T17:26:30.000 -4073.532122037350 2540.761939354250 4794.943356460210 -1.31795913807870 -7.08109221778137 2.62316787723271
2024-05-19T17:30:30.000 -4237.538387308980 769.402859379172 5241.573328440450 -0.04042792264371 -7.58989973858976 1.07594272900139
2024-05-19T17:34:30.000 -4092.700056553580 -1058.025280573340 5305.088110289140 1.24006794629408 -7.54548738460764 -0.54994473240741
2024-05-19T17:38:30.000 -3649.521665047230 -2808.310828272550 4980.781061952350 2.43057711629275 -6.95090473570224 -2.13615595550210
2024-05-19T17:42:30.000 -2940.186138712590 -4353.764951511760 4292.189087246000 3.44446724569526 -5.84888602218778 -3.56703283270341
2024-05-19T17:46:30.000 -2016.284340440840 -5581.470030469400 3289.464558871410 4.20761944955634 -4.31911323556312 -4.73777716237177
2024-05-19T17:50:30.000 -945.139827260974 -6401.570090062620 2045.836782178370 4.66388575639859 -2.47301957287790 -5.56211637696447
2024-05-19T17:54:30.000 195.060585047333 -6753.999294348730 652.317631317009 4.77950060116060 -0.44589868744192 -5.97910683551687
2024-05-19T17:58:30.000 1321.022607567760 -6613.051791042560 -788.998413906270 4.54602036420809 1.61302310953621 -5.95800797803089
2024-05-19T18:02:30.000 2350.568441239670 -5989.344415877150 -2172.564579736810 3.98109291182807 3.55231088661946 -5.50097782833915
2024-05-19T18:06:30.000 3208.748265603360 -4928.916731415190 -3397.283116248380 3.12688194693688 5.23010334582199 -4.64262730044673
2024-05-19T18:10:30.000 3833.338677722030 -3509.620558487240 -4373.973006143080 2.04653695061259 6.52480014457213 -3.44692142551689
2024-05-19T18:14:30.000 4179.288728016120 -1835.174012639460 -5031.806356209740 0.81906384049549 7.34365037523615 -2.00180925947878
2024-05-19T18:18:30.000 4221.825197353480 -27.472080266924 -5323.280676787050 -0.46659525847733 7.62873351611101 -0.41250385312017
2024-05-19T18:22:30.000 3958.078257358760 1782.232017524010 -5227.454952751460 -1.71789962551278 7.36030640448478 1.20615358570715
2024-05-19T18:26:30.000 3407.202104015990 3462.642326482440 -4751.331588816880 -2.84488238203458 6.55774240546985 2.73745049822264
2024-05-19T18:30:30.000 2609.026257363010 4891.706089994950 -3929.363710941750 -3.76619940431238 5.27830306479791 4.07064146675817
2024-05-19T18:34:30.000 1621.296500309010 5965.331317229860 -2821.097407371280 -4.41478737750151 3.61361644311136 5.10860536520717
2024-05-19T18:38:30.000 515.633621113322 6604.977424819510 -1507.035499574570 -4.74283549398458 1.68379946759519 5.77493964360044
2024-05-19T18:42:30.000 -627.571022484296 6763.549909552950 -82.917478725210 -4.72558431736251 -0.37073625920935 6.01994007460121
2024-05-19T18:46:30.000 -1725.012728473300 6429.086664227190 1347.244795565260 -4.36376601832587 -2.39953668202368 5.82490533795424
2024-05-19T18:50:30.000 -2696.653147069150 5625.769723089280 2678.870267584900 -3.68366297859466 -4.25380501235541 5.20383904160441
2024-05-19T18:54:30.000 -3471.633214169990 4412.152528646100 3814.573480872240 -2.73500085836960 -5.79770032462699 4.20228780550911
2024-05-19T18:58:30.000 -3993.482844608420 2876.808544953200 4671.351484128570 -1.58718943511171 -6.91846221076198 2.89377403038804
2024-05-19T19:02:30.000 -4224.232444350700 1131.756201242840 5186.649934595860 -0.32399783881960 -7.53464353175661 1.37407369125412
2024-05-19T19:06:30.000 -4147.113006287520 -695.778650520999 5322.855465704040 0.96275093948478 -7.60163246268927 -0.24602729004367
2024-05-19T19:10:30.000 -3767.711708991150 -2472.584526976630 5069.962729266540 2.17966527082988 -7.11442603500351 -1.84859301991102
2024-05-19T19:14:30.000 -3113.569533950110 -4069.063024917670 4446.303633398570 3.23825741799690 -6.10798502891342 -3.31681467883190
2024-05-19T19:18:30.000 -2232.242388828330 -5368.604837525680 3497.278597407070 4.06123470942739 -4.65499267846203 -4.54326801429182
2024-05-19T19:22:30.000 -1187.924355366160 -6276.122953464620 2292.168066343170 4.58809705949585 -2.86115893741229 -5.43763645919548
2024-05-19T19:26:30.000 -56.823692047107 -6725.162561315740 919.141971026799 4.77994061479879 -0.85787763983993 -5.93388362160662
2024-05-19T19:30:30.000 1078.445245654800 -6682.916105713430 -521.229119902288 4.62264054885370 1.20758957819365 -5.99538594960800
2024-05-19T19:34:30.000 2134.998979275850 -6152.729286963780 -1923.445105703340 4.12812849773782 3.18318900935416 -5.61802764912323
2024-05-19T19:38:30.000 3035.871204518890 -5173.801158299480 -3184.993272278220 3.33340667311556 4.92419692855926 -4.83056730511446
2024-05-19T19:42:30.000 3715.682542387320 -3818.069273490030 -4213.947975739560 2.29735531942173 6.30419477824807 -3.69182756254192
2024-05-19T19:46:30.000 4125.338009386120 -2184.687719657190 -4935.633971868770 1.09588898024899 7.22408362595515 -2.28575588867299
2024-05-19T19:50:30.000 4235.440121788690 -392.639565267406 -5297.896162653760 -0.18377316757035 7.61860426412340 -0.71487625128924
2024-05-19T19:54:30.000 4038.252899857330 1427.907142651970 -5274.674933544710 -1.44940694360685 7.46024486089693 0.90714598077279
2024-05-19T19:58:30.000 3548.142624200350 3144.873366388890 -4867.742843461460 -2.61006129200873 6.76061667782750 2.46335813813079
2024-05-19T20:02:30.000 2800.550774494130 4633.601045084390 -4106.555444706140 -3.58206108510987 5.56964577071355 3.84132358586086
2024-05-19T20:06:30.000 1849.543400389780 5785.731387189660 -3046.235801267330 -4.29479637202997 3.97252918997701 4.94083784325827
2024-05-19T20:10:30.000 764.040770677281 6517.068566103760 -1763.759534840510 -4.69588025587607 2.08433062232720 5.68113770580954
2024-05-19T20:14:30.000 -377.079860195709 6773.865678020380 -352.511087061682 -4.75531551521060 0.04223346347777 6.00719225440825
2024-05-19T20:18:30.000 -1490.711077980580 6536.967835235020 1084.489108144150 -4.46811609453449 -2.00448854283647 5.89429184455860
2024-05-19T20:22:30.000 -2495.632805755670 5823.388664600800 2442.171192512930 -3.85495533044412 -3.90561562899793 5.35025742176002
2024-05-19T20:26:30.000 -3318.553061668720 4685.125815482280 3621.242270749490 -2.96076973562473 -5.52179426129979 4.41505191106638
2024-05-19T20:30:30.000 -3899.513278891570 3205.242600138560 4535.530500405480 -1.85099049172429 -6.73503782806183 3.15731394929640
2024-05-19T20:34:30.000 -4196.230282619200 1491.699683803230 5118.269129009380 -0.60655650387368 -7.45708666522998 1.66908457436378
2024-05-19T20:38:30.000 -4187.121542422140 -330.566019055667 5326.916271400680 0.68201280217789 -7.63555024864804 0.05895584441048
2024-05-19T20:42:30.000 -3872.828198534900 -2128.729180616640 5146.190986998490 1.92115262040053 -7.25741531621256 -1.55587099478754
2024-05-19T20:46:30.000 -3276.152167454830 -3771.657106464370 4589.153660447010 3.02082195602071 -6.34972081163062 -3.05776879282889
2024-05-19T20:50:30.000 -2440.453100648850 -5139.373626020590 3696.325124673820 3.90077314425312 -4.97791501007746 -4.33689889640022
2024-05-19T20:54:30.000 -1426.581632244730 -6131.827595811850 2532.852887015120 4.49640416338263 -3.24167695688699 -5.29916492751927
2024-05-19T20:58:30.000 -308.508740336237 -6676.341810579670 1183.839515091350 4.76373335141851 -1.26808634778098 -5.87347890304393
2024-05-19T21:02:30.000 832.102978431353 -6733.109884855360 -251.905658670965 4.68309412122560 0.79776205654434 -6.01748365255478
2024-05-19T21:06:30.000 1911.969418044410 -6298.205534219830 -1669.219637135400 4.26072188745964 2.80389613856741 -5.72093497493859
2024-05-19T21:10:30.000 2852.380087500550 -5403.834225852330 -2964.440439778400 3.52824881122794 4.60315038227243 -5.00649998252483
2024-05-19T21:14:30.000 3585.024121778670 -4115.789068947450 -4043.120036171910 2.54007856671632 6.06457876055591 -3.92770360046636
2024-05-19T21:18:30.000 4056.936090511040 -2528.364504421530 -4826.915768164560 1.36880990648060 7.08300929677574 -2.56429139666714
2024-05-19T21:22:30.000 4234.201592568500 -757.277059936171 -5259.144182442850 0.09961366155457 7.58603293771445 -1.01585607565559
2024-05-19T21:26:30.000 4104.242729140940 1068.774080161800 -5308.684959477020 -1.17592847790571 7.53840080206505 0.60544288735208
2024-05-19T21:30:30.000 3676.599070072780 2817.304713138710 -4972.066354410190 -2.36613566498688 6.94393183739902 2.18266422860267
2024-05-19T21:34:30.000 2982.209378696400 4361.413130994500 -4273.669198465890 -3.38533907582851 5.84507407386605 3.60195577611920
2024-05-19T21:38:30.000 2071.274085136270 5588.787787791450 -3264.054776339820 -4.15964519601526 4.32035655876047 4.76026640149952
2024-05-19T21:42:30.000 1009.768462820550 6409.825204699480 -2016.475593769810 -4.63231495687288 2.47945137935304 5.57272481410297
2024-05-19T21:46:30.000 -125.224450653687 6764.269591168560 -621.714776516536 -4.76815500946775 0.45584669356961 5.97908184099960
2024-05-19T21:50:30.000 -1251.082217752050 6625.831594350000 818.458516142424 -4.55656383154872 -1.60265441372271 5.94871274385372
2024-05-19T21:54:30.000 -2285.721083840280 6004.298518872750 2198.778044626560 -4.01262455062216 -3.54514729697811 5.48331350615610
2024-05-19T21:58:30.000 -3153.674294288010 4944.895363212570 3418.288172946370 -3.17606065625170 -5.22912426344064 4.61690495555211
2024-05-19T22:02:30.000 -3791.675627489780 3524.925883166010 4387.839757548960 -2.10813161511498 -6.53147149874218 3.41316485242815
2024-05-19T22:06:30.000 -4153.279326294620 1847.991857818340 5036.626038383090 -0.88683701202174 -7.35745407720956 1.96025810581786
2024-05-19T22:10:30.000 -4212.179912085950 36.354989493739 5317.280164689330 0.39901920323278 -7.64714767008402 0.36415502562016
2024-05-19T22:14:30.000 -3964.060998991130 -1777.932859238590 5209.257574847720 1.65606035126320 -7.37937117005528 -1.25891582035567
2024-05-19T22:18:30.000 -3426.906624514490 -3462.568875934460 4720.318616100950 2.79294169004988 -6.57321970637783 -2.79072316961842
2024-05-19T22:22:30.000 -2639.731441063700 -4894.555892597910 3886.005587729210 3.72677420265464 -5.28673123080562 -4.11932137863415
2024-05-19T22:26:30.000 -1659.832653855240 -5969.163783425960 2767.167692919870 4.38904547872340 -3.61325909085941 -5.14710320028163
2024-05-19T22:30:30.000 -558.688424905811 -6607.691430276940 1445.608891691810 4.73088069157535 -1.67510636343487 -5.79816171898278
2024-05-19T22:34:30.000 583.268975867245 -6763.414596117550 18.125092523650 4.72706880086436 0.38524336557055 -6.02436230502052
2024-05-19T22:38:30.000 1682.625705704740 -6425.138147823040 -1410.701146845490 4.37814142671851 2.41613429670688 -5.80937397917482
2024-05-19T22:42:30.000 2659.204236454670 -5617.991624050990 -2736.322531353340 3.71034672321416 4.26847895352751 -5.16979503289761
2024-05-19T22:46:30.000 3442.007292816950 -4401.421941653450 -3862.004142550100 2.77338950163470 5.80721406757682 -4.15365068254352
2024-05-19T22:50:30.000 3974.381463710170 -2864.584559708930 -4705.918183948040 1.63627562823661 6.92131897035751 -2.83625640928042
2024-05-19T22:54:30.000 4218.016303930970 -1119.608146250860 -5206.987031689080 0.38187886995322 7.53141008880457 -1.31407625885150
2024-05-19T22:58:30.000 4155.546055887460 706.637564742125 -5329.106766553290 -0.89918495535272 7.59461921138303 0.30249534481220
2024-05-19T23:02:30.000 3791.655199591170 2481.632282513820 -5063.573427417410 -2.11481062233411 7.10692545842864 1.89682310150558
2024-05-19T23:06:30.000 3152.696471950440 4076.581708660800 -4429.636598092220 -3.17754628718901 6.10321610793446 3.35389919924978
2024-05-19T23:10:30.000 2284.858573712420 5375.540621335880 -3473.181081127040 -4.01049822657238 4.65515219276928 4.56805109225885
2024-05-19T23:14:30.000 1250.966172131280 6283.759935937130 -2263.572797779090 -4.55278393259565 2.86675905900611 5.45048444538306
2024-05-19T23:18:30.000 126.056248218132 6734.673018065350 -888.783154880437 -4.76420354199798 0.86751776008640 5.93595386783770
2024-05-19T23:22:30.000 -1008.020281599830 6694.951410799450 550.924869649851 -4.62859752617396 -1.19674775295105 5.98800078907325
2024-05-19T23:26:30.000 -2068.599443969410 6167.154223952260 1950.342283854330 -4.15544619114011 -3.17472469891806 5.60220859362742
2024-05-19T23:30:30.000 -2978.332224480360 5189.636789600510 3207.128117825180 -3.37926483497164 -4.92136799941885 4.80672227635349
2024-05-19T23:34:30.000 -3670.898356811390 3833.699656388980 4229.395410898270 -2.35683764359669 -6.30888090153248 3.65993392954633
2024-05-19T23:38:30.000 -4095.861123846470 2198.284525517690 4942.467472180810 -1.16290173901277 -7.23615091669977 2.24592656310775
2024-05-19T23:42:30.000 -4222.309015766570 402.646704981552 5294.292389277120 0.11561959738419 -7.63595819774228 0.66795937168822
2024-05-19T23:46:30.000 -4041.018804173340 -1422.345894804110 5259.148830585200 1.38596477255926 -7.47923603386490 -0.95912240506153
2024-05-19T23:50:30.000 -3565.102803975950 -3143.633342581060 4839.474361940560 2.55583649109263 -6.77692958694712 -2.51684939021634
2024-05-19T23:54:30.000 -2829.111010099420 -4635.569828397750 4065.746896064190 3.53997678389553 -5.57955434234964 -3.89143711566749
2024-05-19T23:58:30.000 -1886.590523609630 -5789.071978235440 2994.363245925720 4.26628669924704 -3.97386062366720 -4.98198638483789
2024-05-20T00:02:30.000 -806.264107239394 -6519.672963898240 1703.626452336420 4.68123402189332 -2.07704447216518 -5.70802328515034
2024-05-20T00:06:30.000 332.971678789396 -6773.877020185240 288.054459405868 4.75416274030696 -0.02841387009670 -6.01583410364128
2024-05-20T00:10:30.000 1447.885970510520 -6533.234205038010 -1148.628217662450 4.47986889611079 2.02118626152631 -5.88293739158010
2024-05-20T00:14:30.000 2457.126119738770 -5815.710574722070 -2501.254704767740 3.87909350600756 3.92114687670955 -5.31984868909255
2024-05-20T00:18:30.000 3287.261626577670 -4674.214782482020 -3671.056654981130 2.99663296697067 5.53272413458040 -4.36897053869578
2024-05-20T00:22:30.000 3878.145083273510 -3192.479805407890 -4572.927465536380 1.89761902490689 6.73936590921688 -3.10093299735358
2024-05-20T00:26:30.000 4187.190773966170 -1478.708207730400 -5141.535504552970 0.66231281230102 7.45484644442722 -1.60879833869328
2024-05-20T00:30:30.000 4192.296541383440 342.414442911305 -5335.876134423320 -0.61988296402394 7.62872392476796 -0.00098617999411
2024-05-20T00:34:30.000 3893.284508568210 2138.701658019230 -5142.040579303370 -1.85672127284456 7.24918902914505 1.60643544901550
2024-05-20T00:38:30.000 3311.838153049020 3779.830918471510 -4574.112134752430 -2.95927457353154 6.34348340576650 3.09756181717321
2024-05-20T00:42:30.000 2489.986304650870 5146.559191110530 -3673.191697873990 -3.84790053180769 4.97621809332024 4.36444289992575
2024-05-20T00:46:30.000 1487.200534860320 6139.260595981200 -2504.581114827150 -4.45776021743924 3.24543187113059 5.31455682073930
2024-05-20T00:50:30.000 376.229615748582 6685.250938973810 -1153.232605210830 -4.74380814035527 1.27631563945084 5.87776396959941
2024-05-20T00:54:30.000 -762.127692744942 6744.279924735390 282.340856571665 -4.68446435903641 -0.78769007278359 6.01197143298017
2024-05-20T00:58:30.000 -1844.917538199880 6311.672301877040 1697.262417015940 -4.28353057718278 -2.79541860481651 5.70664385227022
2024-05-20T01:02:30.000 -2793.166300888930 5418.806602981670 2988.057355452890 -3.57017352878945 -4.59956456009534 4.98394933895172
2024-05-20T01:06:30.000 -3537.736330703040 4130.801584282910 4060.343588450030 -2.59664589462682 -6.06805380553532 3.89697015991191
2024-05-20T01:10:30.000 -4024.398333038540 2541.642319348780 4835.780729036460 -1.43409958116464 -7.09385795258129 2.52540109702289
2024-05-20T01:14:30.000 -4217.739588387400 767.229492154698 5257.752762754400 -0.16724067183330 -7.60244041963892 0.96947867380104
2024-05-20T01:18:30.000 -4103.688383555630 -1063.098462900930 5295.438523375810 1.11191493540859 -7.55697277877010 -0.65742908885286
2024-05-20T01:22:30.000 -3690.473655222580 -2815.925892667510 4945.984287281070 2.31058563475943 -6.96044414561663 -2.23697099426131
2024-05-20T01:26:30.000 -3008.062202039080 -4363.344147154180 4234.732076376770 3.34146639284220 -5.85556932712817 -3.65389650426795
2024-05-20T01:30:30.000 -2106.079125522960 -5592.242377778880 3213.490851139900 4.12907282132798 -4.32229869515857 -4.80426248027722
2024-05-20T01:34:30.000 -1050.267222883490 -6412.653000647530 1956.865015575630 4.61542609494894 -2.47240865288409 -5.60325953013904
2024-05-20T01:38:30.000 82.283433717668 -6764.488253096810 556.846789813445 4.76459878581328 -0.44160751182335 -5.99177803316048
2024-05-20T01:42:30.000 1208.824500823810 -6622.107776297450 -883.976847473217 4.56570439215915 1.62058507460987 -5.94126700212822
2024-05-20T01:46:30.000 2247.119154218520 -5996.254252062860 -2260.100110477660 4.03386208066439 3.56250908872129 -5.45608077836776
2024-05-20T01:50:30.000 3121.567218147460 -4933.142724315870 -3470.977734525040 3.20884759402072 5.24212452684463 -4.57289646064943
2024-05-20T01:54:30.000 3768.752102825560 -3510.832288876950 -4428.448007511350 2.15169910053059 6.53773763869939 -3.35747025419798
2024-05-20T01:58:30.000 4141.970924455670 -1833.269588668940 -5063.089501684610 0.93975407564897 7.35652141382970 -1.89917882904059
2024-05-20T02:02:30.000 4214.465944819300 -22.584479027910 -5329.090131518380 -0.33914577601510 7.64055843465938 -0.30415199789647
2024-05-20T02:06:30.000 3981.198611382000 1789.741409100090 -5207.363405657930 -1.59289151323691 7.37019748213908 1.31232114716333
2024-05-20T02:10:30.000 3459.121651977170 3472.222944595660 -4706.801562509170 -2.73136002122859 6.56501355668814 2.83369354088710
2024-05-20T02:14:30.000 2685.975491606250 4902.665419185070 -3863.635819884680 -3.67241521760515 5.28245021780248 4.14997298244494
2024-05-20T02:18:30.000 1717.685024180400 5976.877330786530 -2738.953111860300 -4.34756904336221 3.61433002295931 5.16523145636225
2024-05-20T02:22:30.000 624.454128536269 6616.276115940210 -1414.464031368680 -4.70708770248729 1.68105146102836 5.80465586367118
2024-05-20T02:26:30.000 -514.238458361656 6773.802658022660 13.314111677108 -4.72397854010803 -0.37664341169825 6.02054196411399
2024-05-20T02:30:30.000 -1615.435569369880 6437.585044358990 1440.104108767150 -4.39647753171778 -2.40816418069458 5.79637752667074
2024-05-20T02:34:30.000 -2598.830009404330 5631.932862038980 2761.574745924120 -3.74830404099746 -4.26450871155265 5.14826416442632
2024-05-20T02:38:30.000 -3392.709650934450 4415.580365666480 3881.085950005490 -2.82690360548931 -5.80964917510875 4.12377320535804
2024-05-20T02:42:30.000 -3939.238998918910 2877.300361528200 4716.836006411630 -1.69969076592641 -6.93085458362014 2.79813638114155
2024-05-20T02:46:30.000 -4198.646882670170 1129.296971355040 5207.812976032970 -0.44884008530409 -7.54670672461503 1.26825658333984
2024-05-20T02:50:30.000 -4152.057822433190 -701.008208018585 5318.160145329360 0.83474142378456 -7.61251598273825 -0.35438596012187
2024-05-20T02:54:30.000 -3802.815744327520 -2480.205463683700 5039.741966937220 2.05790899979112 -7.12334565923068 -1.95166130233388
2024-05-20T02:58:30.000 -3176.234811019630 -4078.512634872110 4392.732345728610 3.13175866694955 -6.11418428865274 -3.40714511355186
2024-05-20T03:02:30.000 -2317.842007322820 -5379.152374536140 3424.229834558870 3.97777406556901 -4.65786684798356 -4.61424846134122
2024-05-20T03:06:30.000 -1290.168462029560 -6286.927261558380 2204.945084145070 4.53369260808572 -2.86039572747308 -5.48403732113041
2024-05-20T03:10:30.000 -168.227048684663 -6735.345193287040 824.103328226208 4.75846750914401 -0.85350403786321 -5.95218789396723
2024-05-20T03:14:30.000 966.013257214574 -6691.658327866760 -617.124261612154 4.63558372787330 1.21511997176480 -5.98417970541946
2024-05-20T03:18:30.000 2029.729250123500 -6159.348072902140 -2013.175321906310 4.17449686968230 3.19323946475312 -5.57817957209307
2024-05-20T03:22:30.000 2945.421746601970 -5177.782208845170 -3261.997010454030 3.40977917571805 4.93598847803337 -4.76501514169473
2024-05-20T03:26:30.000 3646.621601608180 -3819.101019635740 -4272.597783146950 2.39812568368264 6.31681939031065 -3.60537444921516
2024-05-20T03:30:30.000 4082.669029527880 -2182.683523817530 -4971.647995499450 1.21370416324614 7.23660545933234 -2.18472708854037
2024-05-20T03:34:30.000 4222.241068684220 -387.736465608910 -5308.640786181860 -0.05750875524997 7.63008894623692 -0.60661138424148
2024-05-20T03:38:30.000 4055.453683483060 1435.352732413560 -5259.349567206260 -1.32387882171889 7.46980347600593 1.01480812758114
2024-05-20T03:42:30.000 3594.469338849840 3154.304909961530 -4827.438417391730 -2.49434778903291 6.76750243168766 2.56257997054669
2024-05-20T03:46:30.000 2872.621787402010 4644.311821471500 -4044.185034539810 -3.48454635960183 5.57335909015214 3.92485904403364
2024-05-20T03:50:30.000 1942.107454102200 5796.923914249320 -2966.322376931810 -4.22258466749123 3.97280091158445 5.00259806510984
2024-05-20T03:54:30.000 870.350503912619 6527.904244843840 -1672.107598380060 -4.65424453711839 2.08109401251039 5.71658875491041
2024-05-20T03:58:30.000 -264.771176506304 6783.522172988940 -255.796487609864 -4.74725858731743 0.03571269722391 6.01364886288225
2024-05-20T04:02:30.000 -1380.580980522270 6544.723072540590 1179.196413384860 -4.49422673010196 -2.01368977186132 5.87121433210796
2024-05-20T04:06:30.000 -2395.710773034320 5828.684637049740 2527.947183698830 -3.91339582281105 -3.91678705572419 5.29936208298443
2024-05-20T04:10:30.000 -3236.131722159360 4687.585329643600 3691.816246430780 -3.04727368757713 -5.53410520696133 4.34004194317316
2024-05-20T04:14:30.000 -3840.606373883880 3204.704886249670 4585.744714878830 -1.95923932689030 -6.74754827628271 3.06370982598922
2024-05-20T04:18:30.000 -4165.135190989530 1488.225604937200 5144.465479188930 -0.72865374125490 -7.46890596033565 1.56377136552215
2024-05-20T04:22:30.000 -4186.105933219530 -336.714074656066 5327.193895077620 0.55498854235260 -7.64588531393756 -0.05041274790399
2024-05-20T04:26:30.000 -3901.958786400970 -2137.102508815090 5120.523961006750 1.79850225016533 -7.26550416533735 -1.66138722358047
2024-05-20T04:30:30.000 -3333.287675589600 -3781.638230606320 4539.400511473060 2.91153716323895 -6.35494095013017 -3.15173951607914
2024-05-20T04:34:30.000 -2521.397657105890 -5150.218442678480 3626.105796813310 3.81286666143979 -4.97984147067781 -4.41242980736585
2024-05-20T04:38:30.000 -1525.398398597920 -6142.719937276080 2447.289442773030 4.43629166281412 -3.24013852417032 -5.35071529004816
2024-05-20T04:42:30.000 -417.956051542730 -6686.452960899190 1089.180701034140 4.73579335582149 -1.26314983903426 -5.89724980236576
2024-05-20T04:46:30.000 720.033152492298 -6741.661445935710 -348.735058339620 4.68929606291370 0.80573410715354 -6.01167736714062
2024-05-20T04:50:30.000 1805.456753482280 -6304.548112931540 -1761.124256911480 4.30054461033920 2.81419850396269 -5.68596353752201
2024-05-20T04:54:30.000 2759.192381350840 -5407.505545104950 -3044.694533174790 3.59878419786654 4.61497061005297 -4.94499046193898
2024-05-20T04:58:30.000 3511.952837255430 -4116.526595834500 -4105.864465774600 2.63614692740256 6.07705811029609 -3.84419822677297
2024-05-20T05:02:30.000 4009.297812622340 -2526.117358115270 -4867.576699330910 1.48338210580389 7.09525401642094 -2.46489204073439
2024-05-20T05:06:30.000 4215.451950555100 -752.206562601629 -5274.755713126040 0.22429935282839 7.59717632586628 -0.90777544032780
2024-05-20T05:10:30.000 4115.720631982810 1076.302730189070 -5298.091376047370 -1.05026569914731 7.54760478832236 0.71441415033737
2024-05-20T05:14:30.000 3717.431653749470 2826.731953569410 -4936.002231715630 -2.24866773574993 6.95043150097912 2.28465876952424
2024-05-20T05:18:30.000 3049.390040868690 4372.015776912290 -4214.713959650450 -3.28457347325158 5.84829776921231 3.68954897793307
2024-05-20T05:22:30.000 2159.888917984820 5599.740772281760 -3186.461016385010 -4.08288380048156 4.32003188980803 4.82703991845166
2024-05-20T05:26:30.000 1113.345043516900 6420.269485453510 -1925.862136234660 -4.58515686101692 2.47555276324210 5.61377412659375
2024-05-20T05:30:30.000 -14.247248839248 6773.370181906060 -524.663846477856 -4.75400967412193 0.44861234637216 5.99133256964201
2024-05-20T05:34:30.000 -1140.794209333940 6632.845316626750 914.870191135589 -4.57640531100027 -1.61269014495097 5.93114073283562
2024-05-20T05:38:30.000 -2184.149138255070 6008.653066601620 2287.491549687610 -4.06497315045415 -3.55711353951665 5.43712844463795
2024-05-20T05:42:30.000 -3068.208024106740 4946.241745628840 3492.802291381890 -3.25710746702678 -5.24205626040007 4.54548863149474
2024-05-20T05:46:30.000 -3728.535059884590 3523.153231945160 4442.693926921660 -2.21199444208071 -6.54436665577095 3.32175394806358
2024-05-20T05:50:30.000 -4117.058685848200 1843.227358740680 5067.799588331090 -1.00593109847401 -7.36932940663203 1.85554273098538
2024-05-20T05:54:30.000 -4205.509341021210 28.954773156191 5322.487457129960 0.27336562492669 -7.65710152727944 0.25381976984454
2024-05-20T05:58:30.000 -3987.420569343890 -1787.420037459500 5188.119264654870 1.53299520818230 -7.38671043613680 -1.36678351248878
2024-05-20T06:02:30.000 -3478.586353346100 -3473.449280585410 4674.378098854650 2.68144962041594 -6.57741431870568 -2.88827332317199
2024-05-20T06:06:30.000 -2715.956362686460 -4906.032757207300 3818.617198903220 3.63497697753648 -5.28748135643239 -4.19940723504340
2024-05-20T06:10:30.000 -1755.037146714930 -5980.400121271530 2683.258060481790 4.32364765885935 -3.61052759958902 -5.20384069257369
2024-05-20T06:14:30.000 -665.920085622583 -6617.878401221220 1351.320300238080 4.69667156067855 -1.66915450141962 -5.82738625065871
2024-05-20T06:18:30.000 471.845096176547 -6771.828872130640 -79.642683512961 4.72655529539023 0.39396913500334 -6.02394503208572
2024-05-20T06:22:30.000 1575.152092027130 -6431.194615678870 -1504.790764215330 4.41137468407374 2.42692279119824 -5.77933375525696
2024-05-20T06:26:30.000 2563.539975558220 -5621.295251268910 -2819.852336580440 3.77492512931800 4.28048660844001 -5.11239314966614
2024-05-20T06:30:30.000 3365.155006586110 -4401.782317143450 -3928.885902834320 2.86461659500922 5.81960041419295 -4.07318214569933
2024-05-20T06:34:30.000 3921.969745206680 -2862.006169719290 -4751.296184932120 1.74746204618648 6.93328844779647 -2.73862119756707
2024-05-20T06:38:30.000 4193.877446962770 -1114.288019099670 -5227.571901453090 0.50484625338749 7.54215695827271 -1.20635628865298
2024-05-20T06:42:30.000 4161.434445891010 714.313611046009 -5323.400909947600 -0.77346768655978 7.60338269555338 0.41254412699777
2024-05-20T06:46:30.000 3827.120639021640 2491.102405882680 -5031.968040227130 -1.99556662149059 7.11299932187515 2.00129758530815
2024-05-20T06:50:30.000 3215.124123845590 4087.127624492230 -4374.391094285940 -3.07347890262179 6.10603402273875 3.44522238761902
2024-05-20T06:54:30.000 2369.670568349750 5386.337496673100 -3398.274369507180 -3.92916270975427 4.65439575328204 4.63956184850491
2024-05-20T06:58:30.000 1351.962551791850 6293.942270548670 -2174.426561079950 -4.50007254176629 2.86242317378683 5.49689498957415
2024-05-20T07:02:30.000 235.860451450882 6743.412437507420 -791.876021438927 -4.74396790816913 0.85989277693735 5.95381075299673
2024-05-20T07:06:30.000 -897.427778897363 6701.512785502320 648.529074149665 -4.64229600793267 -1.20716312385124 5.97589126636535
2024-05-20T07:10:30.000 -1965.285761127030 6170.958384255340 2041.497829410450 -4.20201864458762 -3.18713359629519 5.56089104428245
2024-05-20T07:14:30.000 -2889.815417292920 5190.324537958990 3285.137499909820 -3.45523645764716 -4.93474764353201 4.73915845573664
2024-05-20T07:18:30.000 -3603.604736809130 3831.168437790270 4288.516096785700 -2.45663974124664 -6.32214684329376 3.57105867210635
2024-05-20T07:22:30.000 -4054.664258519490 2192.688240342900 4978.339153827600 -1.27923627670695 -7.24826012980225 2.14224994132131
2024-05-20T07:26:30.000 -4210.175257427080 394.381170956464 5304.255473031880 -0.00876260885512 -7.64594072824068 0.55705429103126
2024-05-20T07:30:30.000 -4058.802319301740 -1432.669223492870 5242.438633933130 1.26255398735988 -7.48628946090543 -1.06911969005086
2024-05-20T07:34:30.000 -3611.487830745660 -3155.243871301900 4797.290507985760 2.44235774364109 -6.78054619041687 -2.61782108422182
2024-05-20T07:38:30.000 -2900.700012803930 -4647.609834274880 4001.165027466920 3.44470919829043 -5.57949855311948 -3.97596085270408
2024-05-20T07:42:30.000 -1978.147026533280 -5800.658697821200 2912.106279714480 4.19617512044530 -3.97016997689252 -5.04384356775036
2024-05-20T07:46:30.000 -911.096767429743 -6529.969301907220 1609.717837083350 4.64139127146684 -2.07006098965807 -5.74266376714689
2024-05-20T07:50:30.000 222.525913616535 -6782.158904295340 189.374355762301 4.74751968617720 -0.01872825712163 -6.02071076257108
2024-05-20T07:54:30.000 1339.907174343380 -6538.945102196360 -1244.851851892380 4.50694874453590 2.03279005087013 -5.85772729982047
2024-05-20T07:58:30.000 2359.518535152240 -5818.492669517620 -2587.986438358760 3.93790914083239 3.93378933132721 -5.26646122638955
2024-05-20T08:02:30.000 3207.169819551050 -4673.934755125100 -3741.977326531420 3.08289638358988 5.54544437096658 -4.29143057172778
2024-05-20T08:06:30.000 3821.442525111400 -3189.224310595510 -4622.903028828150 2.00507791433029 6.75131439934347 -3.00501167550092
2024-05-20T08:10:30.000 4158.049261740490 -1472.748118403040 -5166.974146237220 0.78311038818931 7.46532542147414 -1.50147954844826
2024-05-20T08:14:30.000 4192.862633518200 350.644980160396 -5334.954552858830 -0.49464830286508 7.63705123217176 0.11004321723164
2024-05-20T08:18:30.000 3923.517553200190 2148.607797690430 -5114.823579337050 -1.73625516852436 7.25472757133486 1.71321403687542
2024-05-20T08:22:30.000 3369.519131975430 3790.678601885800 -4522.553087071910 -2.85241304605082 6.34571571194866 3.19240247918441
2024-05-20T08:26:30.000 2570.890039282170 5157.512410446520 -3601.007021696750 -3.76241736995090 4.97484737175029 4.44041871240087
2024-05-20T08:30:30.000 1585.414018373840 6149.454022593480 -2417.002925940690 -4.39987649823310 3.24049777006432 5.36606358987480
2024-05-20T08:34:30.000 484.582368325101 6693.862066906290 -1056.633954140820 -4.71770774510124 1.26815136023346 5.90094869774951
2024-05-20T08:38:30.000 -651.539195693203 6750.608372869750 380.905670612734 -4.69205539134296 -0.79842261156801 6.00506527465888
2024-05-20T08:42:30.000 -1740.164899103960 6315.194902444920 1790.583785254770 -4.32426866971097 -2.80792110088381 5.67011375741056
2024-05-20T08:46:30.000 -2701.890973464390 5419.210817665170 3069.298327759100 -3.64105393482006 -4.61287687723281 4.92042186789979
2024-05-20T08:50:30.000 -3466.591011664390 4128.017444965130 4123.542821010550 -2.69248384744064 -6.08114077942943 3.81106876084807
2024-05-20T08:54:30.000 -3978.563259476410 2535.847756544320 4876.292786592390 -1.54788942798384 -7.10569397255303 2.42341120024027
2024-05-20T08:58:30.000 -4200.546199541820 758.835426411408 5272.596981248800 -0.29066293955343 -7.61212752542582 0.85888289774558
2024-05-20T09:02:30.000 -4116.374727731100 -1073.479526681330 5283.514135897050 0.98785015977761 -7.56373409209261 -0.76852953815859
2024-05-20T09:06:30.000 -3732.111923105730 -2827.524933927430 4908.155869277100 2.19485127299856 -6.96377333158635 -2.34039936282849
2024-05-20T09:10:30.000 -3075.628481697980 -4375.309242383350 4173.775641448210 3.24245412292708 -5.85529477629876 -3.74200872531007
2024-05-20T09:14:30.000 -2194.662078770160 -5603.718361981680 3133.885986461870 4.05402209823429 -4.31853460337921 -4.87059249337002
2024-05-20T09:18:30.000 -1153.414716051370 -6422.842201058560 1864.461402969810 4.56985845914201 -2.46553408580369 -5.64292997162347
2024-05-20T09:22:30.000 -27.899872387032 -6772.713596379090 458.430291475485 4.75190344552587 -0.43223280926677 -6.00191805530841
2024-05-20T09:26:30.000 1099.662006499370 -6627.856805313120 -981.194583647303 4.58686145851758 1.63171109744506 -5.92120876188323
2024-05-20T09:30:30.000 2146.971583129050 -5999.208857745160 -2349.015340450810 4.08737721708067 3.57452873761541 -5.40740018505561
2024-05-20T09:34:30.000 3037.782481326740 -4933.189668969120 -3545.124242857590 3.29086036275727 5.25420100846655 -4.49927903794609
2024-05-20T09:38:30.000 3707.490580504990 -3508.052343600040 -4482.465368303290 2.25622797643351 6.54909406840620 -3.26438456365893
2024-05-20T09:42:30.000 4107.747093497900 -1827.920754866460 -5093.103028633890 1.05915457905882 7.36646770527908 -1.79345859190335
2024-05-20T09:46:30.000 4209.814226656530 -15.074591885267 -5332.974855684630 -0.21363487588377 7.64853410032379 -0.19343667980639
2024-05-20T09:50:30.000 4006.479142234570 1798.875593925380 -5184.864510936280 -1.47050869782567 7.37566684004474 1.42015526456806
2024-05-20T09:54:30.000 3512.493156476950 3482.318627493130 -4659.545443711680 -2.62109079464363 6.56748704076446 2.93092443882886
2024-05-20T09:58:30.000 2763.538888404920 4912.960008356870 -3795.031635600510 -3.58231770897973 5.28160235801577 4.22954546379861
2024-05-20T10:02:30.000 1813.777619252270 5986.563714056200 -2653.973505013970 -4.28419893925136 3.61013225770134 5.22127154231491
2024-05-20T10:06:30.000 732.066742339780 6624.579337432820 -1319.294051750490 -4.67504194298695 1.67379783276113 5.83300680222994
2024-05-20T10:10:30.000 -402.950160408628 6780.048995715920 111.732373408750 -4.72557236341060 -0.38642181291634 6.01907991693396
2024-05-20T10:14:30.000 -1508.575496971730 6441.258143196830 1534.577072026150 -4.43155850247443 -2.41968318175154 5.76516202043390
2024-05-20T10:18:30.000 -2504.176377551540 5632.721659588080 2845.192482093650 -3.81432236740658 -4.27687240484830 5.08957155725834
2024-05-20T10:22:30.000 -3317.151806516910 4413.391546531030 3947.728626557090 -2.91904017375295 -5.82193705970682 4.04185682246920
2024-05-20T10:26:30.000 -3888.277122073980 2872.269575349980 4761.613669619200 -1.81127106874468 -6.94210378660166 2.69896719011837
2024-05-20T10:30:30.000 -4175.994552172490 1121.774761822890 5227.434752104520 -0.57172338328047 -7.55608836148146 1.15907917683677
2024-05-20T10:34:30.000 -4159.357847865610 -710.484605611767 5311.172964332010 0.70955597320176 -7.61931035602185 -0.46558977828797
2024-05-20T10:38:30.000 -3839.521035181540 -2490.942222934450 5006.639495120860 1.93953718144644 -7.12698407605171 -2.05673764653201
2024-05-20T10:42:30.000 -3239.666536073090 -4089.715980790850 4335.928549726520 3.02876231010639 -6.11441584901876 -3.49835986312731
2024-05-20T10:46:30.000 -2403.387113739760 -5390.004965785430 3347.883673470450 3.89761867967158 -4.65474964379867 -4.68488095339760
2024-05-20T10:50:30.000 -1391.603292344630 -6296.659104900250 2114.653659111880 4.48224931123871 -2.85424493387023 -5.52889242867067
2024-05-20T10:54:30.000 -278.161561220640 -6743.291126208750 726.490269181390 4.73952069014928 -0.84488271949626 -5.96797770850015
2024-05-20T10:58:30.000 855.599662647906 -6697.310293904270 -714.906970364403 4.65057491745928 1.22548428812054 -5.96980702029562
2024-05-20T11:02:30.000 1926.907928585650 -6162.382863094870 -2103.981958159980 4.22239452369753 3.20455151908169 -5.53479146311542
2024-05-20T11:06:30.000 2857.721296680080 -5178.070279397630 -3339.216457839740 3.48712217882690 4.94743217484405 -4.69589358853680
2024-05-20T11:10:30.000 3580.473713716000 -3816.702299281880 -4330.639921411540 2.49928838692414 6.32765144044353 -3.51567440468143
2024-05-20T11:14:30.000 4042.934382939420 -2177.824594685990 -5006.337055514960 1.33130053292303 7.24617255420343 -2.08100511033034
2024-05-20T11:18:30.000 4211.847687210950 -380.791795594537 -5317.497880209310 0.06789630474526 7.63781183365780 -0.49637113093989
2024-05-20T11:22:30.000 4075.174936592230 1443.878942368720 -5241.759202675380 -1.19987607125181 7.47518810016986 1.12364172801544
2024-05-20T11:26:30.000 3642.866556418870 3163.800296100020 -4784.675881821760 -2.38085671763710 6.77012342755618 2.66225994365863
2024-05-20T11:30:30.000 2946.153206477990 4654.067318322030 -3979.324041534810 -3.38986979201115 5.57286422598714 4.00820852114191
2024-05-20T11:34:30.000 2035.396854315710 5806.171250203120 -2884.043240919530 -4.15360967379842 3.96906566031209 5.06349211847336
2024-05-20T11:38:30.000 976.592521050264 6535.886942283390 -1578.385951948120 -4.61593399955326 2.07436715299649 5.75044500811307
2024-05-20T11:42:30.000 -153.316877668647 6789.585637221610 -157.469548245380 -4.74240057118768 0.02654974342400 6.01793303984115
2024-05-20T11:46:30.000 -1272.033755666370 6548.362225597080 1274.947440276110 -4.52315715187330 -2.02460348146725 5.84558942435025
2024-05-20T11:50:30.000 -2297.971146491030 5829.576957483300 2614.119471461720 -3.97397622718410 -3.92860888482450 5.24564896966691
2024-05-20T11:54:30.000 -3156.305964364510 4685.622778755610 3762.098758404450 -3.13505672423007 -5.54591506293918 4.26214515704555
2024-05-20T11:58:30.000 -3784.492404286160 3200.004725587250 4634.981404498000 -2.06785361244440 -6.75839514090032 2.96730380469136
2024-05-20T12:02:30.000 -4136.813389493080 1481.121755745230 5169.042679529990 -0.85022733103685 -7.47797325185558 1.45594145431598
2024-05-20T12:06:30.000 -4187.636635987490 -345.715435674549 5325.301624787990 0.42932035522983 -7.65253392920352 -0.16181565584270
2024-05-20T12:10:30.000 -3933.218395811870 -2147.354499851080 5092.279161001770 1.67794920695531 -7.26920013878674 -1.76823898120213
2024-05-20T12:14:30.000 -3391.980340674350 -3792.386370514600 4486.849507259400 2.80486978168508 -6.35535144492871 -3.24618350308990
2024-05-20T12:18:30.000 -2603.237089448550 -5160.669072363460 3553.084799814520 3.72782353788078 -4.97697156002170 -4.48751917569283
2024-05-20T12:22:30.000 -1624.414355147630 -6152.110166542190 2359.138359498650 4.37907358284095 -3.23423144844668 -5.40092829396560
2024-05-20T12:26:30.000 -526.926064720836 -6694.109039887680 992.355546084819 4.71056924653035 -1.25471028397443 -5.91887402555114
2024-05-20T12:30:30.000 609.058182410767 -6747.058195962320 -447.139192590164 4.69791987496929 0.81598909032668 -6.00313630971564
2024-05-20T12:34:30.000 1700.578741225560 -6307.348081196190 -1853.905255061950 4.34242130101753 2.82544244049638 -5.64794858129001
2024-05-20T12:38:30.000 2668.074728171890 -5407.572452467900 -3125.082742625770 3.67087988886713 4.62636501636974 -4.88038330305241
2024-05-20T12:42:30.000 3441.260502499520 -4113.918192135960 -4168.019625000860 2.73321837450073 6.08783956107759 -3.75780321096817
2024-05-20T12:46:30.000 3964.204541790230 -2521.063364975250 -4907.002046568240 1.59832445627379 7.10474446274819 -2.36302819021645
2024-05-20T12:50:30.000 4199.257567929910 -745.090826981887 -5288.607108106210 0.34870059898919 7.60477472735260 -0.79781213603005
2024-05-20T12:54:30.000 4129.608119552530 1084.962921015050 -5285.368112363670 -0.92553010041242 7.55279583891610 0.82457158366786
2024-05-20T12:58:30.000 3760.378249377300 2836.305580003170 -4897.614303476040 -2.13273036323329 6.95280077582656 2.38708100126945
2024-05-20T13:02:30.000 3118.245301398190 4381.792765721990 -4153.417135651360 -3.18593478765533 5.84758449380031 3.77688277849311
2024-05-20T13:06:30.000 2249.605930662680 5608.959970616450 -3106.663393707720 -4.00872837399262 4.31609763009847 4.89291985935451
2024-05-20T13:10:30.000 1217.368143935510 6428.174888832950 -1833.340267147240 -4.54081159622320 2.46860634947183 5.65325193379465
2024-05-20T13:14:30.000 96.500143840164 6779.301685876550 -426.159326934586 -4.74265854852631 0.43922732801555 6.00138828062621
2024-05-20T13:18:30.000 -1031.386433810070 6636.311938205780 1012.157691602070 -4.59885576588822 -1.62370433984742 5.91101099891635
2024-05-20T13:22:30.000 -2084.048887042020 6009.365337087500 2376.450536331750 -4.11961321689858 -3.56890264133360 5.38827464274907
2024-05-20T13:26:30.000 -2984.708039975950 4944.122136233360 3566.926244855630 -3.33995188242164 -5.25371625394252 4.47147520702341
2024-05-20T13:30:30.000 -3667.713472033310 3518.341810497840 4496.560024444250 -2.31698462849528 -6.55498287795792 3.22798598462523
2024-05-20T13:34:30.000 -4083.344594167060 1836.079123132150 5097.469449898510 -1.12546239013907 -7.37806555871481 1.74892401624021
2024-05-20T13:38:30.000 -4201.367597813450 19.998435733689 5325.804555200200 0.14796500788496 -7.66335371485434 0.14217905436988
2024-05-20T13:42:30.000 -4013.164360197810 -1797.538356966040 5164.852583578520 1.41088363179530 -7.39008721148221 -1.47532659738553
2024-05-20T13:46:30.000 -3532.339818117870 -3484.003544100850 4626.227950333850 2.57157936878022 -6.57763974962632 -2.98581829618306
2024-05-20T13:50:30.000 -2793.795950369620 -4916.254795921550 3749.102618706330 3.54535409219941 -5.28450467578435 -4.27879588314744
2024-05-20T13:54:30.000 -1851.285173039510 -5989.547288815070 2597.470850049270 4.26081444637246 -3.60461054169737 -5.25921928736365
2024-05-20T13:58:30.000 -773.548313308970 -6625.297646613520 1255.551465215220 4.66525333674464 -1.66076813305065 -5.85467129403026
2024-05-20T14:02:30.000 360.701111924766 -6777.006691739670 -178.366393861138 4.72885767642477 0.40413362736426 -6.02114254887459
2024-05-20T14:06:30.000 1468.615373525780 -6433.797159050310 -1599.236631514130 4.44722741253983 2.43808319068898 -5.74671832892358
2024-05-20T14:10:30.000 2469.394041076450 -5621.183228120010 -2903.118780137170 3.84169562921319 4.29181081270093 -5.05243439542226
2024-05-20T14:14:30.000 3290.275855427340 -4399.012525651960 -3994.908830491040 2.95741690035100 5.83029533840449 -3.99033581476820
2024-05-20T14:18:30.000 3871.824922164030 -2856.817644352060 -4795.284163863350 1.85951909425519 6.94264375079337 -2.63896783052749
2024-05-20T14:22:30.000 4172.127678580330 -1107.073572489510 -5246.339209799940 0.62795661510016 7.54959114789340 -1.09710643032072
2024-05-20T14:26:30.000 4169.659300708660 723.028866030351 -5315.579730892390 -0.64832391679636 7.60837936015627 0.52352761271801
2024-05-20T14:30:30.000 3864.705361089730 2500.683204752030 -4998.102600269000 -1.87754610011449 7.11515718707096 2.10603909385186
2024-05-20T14:34:30.000 3279.309406077700 4096.858242490350 -4316.901299212710 -2.97118251842145 6.10510206007346 3.53615108891239
2024-05-20T14:38:30.000 2455.757976203350 5395.469264693470 -3321.294634707630 -3.85006404163252 4.65034843854030 4.71005228330919
2024-05-20T14:42:30.000 1453.654388222910 6301.743742177380 -2083.519318488820 -4.44991979216214 2.85543834394680 5.54173612680271
2024-05-20T14:46:30.000 345.734578253430 6749.230491758200 -693.647423988613 -4.72633635312191 0.85046383024710 5.96957992816905
2024-05-20T14:50:30.000 -787.371274740102 6704.856562808850 746.906389382914 -4.65841398160691 -1.21820382005866 5.96135587623171
2024-05-20T14:54:30.000 -1863.053640581160 6171.550175648420 2132.834208758040 -4.25071047088209 -3.19886639069883 5.51711438290342
2024-05-20T14:58:30.000 -2802.849312939090 5188.110530867010 3362.758917551220 -3.53298961559387 -4.94623880395267 4.66934586584302
2024-05-20T15:02:30.000 -3538.243834992600 3826.316872060300 4346.756398520030 -2.55783605738262 -6.33250700660767 3.48036058260414
2024-05-20T15:06:30.000 -4015.682502300420 2185.562651678400 5012.954790634710 -1.39652794883729 -7.25672657335384 2.03728944225577
2024-05-20T15:10:30.000 -4200.429573466160 385.514605195109 5312.734811986700 -0.13361414271672 -7.65189755076653 0.44555402018066
2024-05-20T15:14:30.000 -4079.021950596360 -1442.623009721280 5224.189826084210 1.13922118471175 -7.48935482801394 -1.17898785646505
2024-05-20T15:18:30.000 -3660.216846432190 -3165.570468145800 4753.673149225740 2.32958022754140 -6.78057444243568 -2.71807246301268
2024-05-20T15:22:30.000 -2974.388049246310 -4657.574589254120 3935.378442054280 3.35077275465813 -5.57646482582551 -4.05932341805759
2024-05-20T15:26:30.000 -2071.415201090760 -5809.543482838790 2828.964841701830 4.12794275859568 -3.96425732434190 -5.10420895199815
2024-05-20T15:30:30.000 -1017.137422450960 -6537.132908719310 1515.313613438510 4.60383725451325 -2.06172868271207 -5.77557449113892
2024-05-20T15:34:30.000 111.451182246898 -6787.097376686750 90.626716681372 4.74337924349741 -0.00863598997386 -6.02377919214512
2024-05-20T15:38:30.000 1231.902159597250 -6541.326254783110 -1340.714095563260 4.53651399249791 2.04387301939361 -5.83076847983013
2024-05-20T15:42:30.000 2262.463413569250 -5818.177568649060 -2673.955980544930 3.99903707783055 3.94503946395563 -5.21149467497103
2024-05-20T15:46:30.000 3128.148332204830 -4670.977352995550 -3811.780697940290 3.17112139507965 5.55608710517042 -4.21250950332737
2024-05-20T15:50:30.000 3766.215892728950 -3183.856918244240 -4671.452447642970 2.11391863329669 6.76064068183280 -2.90789354628598
2024-05-20T15:54:30.000 4130.631226565810 -1465.366859349080 -5190.725694427000 0.90458533683913 7.47268335341257 -1.39320826056813
2024-05-20T15:58:30.000 4195.231072407590 359.504058171026 -5332.160307980180 -0.36942947825063 7.64193196658388 0.22165538433385
2024-05-20T16:02:30.000 3955.469840821180 2158.298047782350 -5085.644581648240 -1.61645247072984 7.25671669023633 1.82014427278304
2024-05-20T16:06:30.000 3428.691933762870 3800.472464350910 -4469.051890054630 -2.74676574459856 6.34456509194878 3.28692334815720
2024-05-20T16:10:30.000 2652.937798975280 5166.646821290960 -3527.009728873620 -3.67859921928719 4.97051497756183 4.51564718405519
2024-05-20T16:14:30.000 1684.333589602780 6157.186058556170 -2327.840127532900 -4.34395139237492 3.23321218370165 5.41641800941524
2024-05-20T16:18:30.000 593.147451578799 6699.540013653060 -958.769443087552 -4.69373992536717 1.25841559724707 5.92264622673443
2024-05-20T16:22:30.000 -541.248705279530 6753.724073555130 480.345312594772 -4.70171697615585 -0.80989296297859 5.99639000606130
2024-05-20T16:26:30.000 -1636.177427443300 6315.446990850300 1884.327988212750 -4.36681047994830 -2.82014518780275 5.63161504003719
2024-05-20T16:30:30.000 -2611.772386249550 5416.539639481990 3150.483359048860 -3.71337825583675 -4.62484989001215 4.85490593518921
2024-05-20T16:34:30.000 -3396.894199522350 4122.598840305570 4186.225184830030 -2.78929872616255 -6.09190416438061 3.72334700754097
2024-05-20T16:38:30.000 -3934.353693844530 2528.078416428220 4915.889676316760 -1.66217688087163 -7.11439962247828 2.31993818927315
2024-05-20T16:42:30.000 -4185.042794453880 749.288945731092 5286.218523949180 -0.41413489935521 -7.61814161192326 0.74722273212750
2024-05-20T16:46:30.000 -4130.709229671450 -1084.101420145920 5270.167912063210 0.86419778471744 -7.56662392008837 -0.88022311370271
2024-05-20T16:50:30.000 -3775.240096289810 -2838.441904771990 4868.819957005830 2.08002396090622 -6.96333598942466 -2.44395638875088
2024-05-20T16:54:30.000 -3144.404917819880 -4385.727075318060 4111.328126516980 3.14486550861058 -5.85159811692687 -3.82987320185006
2024-05-20T16:58:30.000 -2284.056529033040 -5612.879723016190 3052.890822812900 3.98085618976953 -4.31182209943074 -4.93633993108174
2024-05-20T17:02:30.000 -1256.880994285400 -6430.073282075240 1770.840435621790 4.52647084787181 -2.45624999444883 -5.68174923752358
2024-05-20T17:06:30.000 -137.871284255369 -6777.472272076810 359.033066011660 4.74140793547113 -0.42104662373455 -6.01093090759912
2024-05-20T17:10:30.000 991.218298619504 -6629.788001786890 -1079.086840981470 4.61000947085124 1.64393582685642 -5.89973128645410
2024-05-20T17:14:30.000 2047.973659839420 -5998.174798903590 -2438.230720263060 4.14245519741737 3.58685723308803 -5.35702194869519
2024-05-20T17:18:30.000 2955.451165357860 -4929.276953721680 -3619.134508844750 3.37381537295846 5.26571653638266 -4.42373388157308
2024-05-20T17:22:30.000 3647.823026887280 -3501.555386955210 -4535.862999594800 2.36097653151666 6.55898955031283 -3.16920964888701
2024-05-20T17:26:30.000 4075.079595878010 -1819.311959347020 -5121.981832311820 1.17802324462191 7.37406765384571 -1.68554654845234
2024-05-20T17:30:30.000 4206.505091923880 -4.974459318849 -5335.198262516550 -0.08935640336923 7.65328003654784 -0.08056672064299
2024-05-20T17:34:30.000 4032.735177598010 1809.730587078320 -5160.219762912880 -1.34992294407531 7.37716091325471 1.52983240697757
2024-05-20T17:38:30.000 3566.359675885820 3493.117428114330 -4609.758849891820 -2.51299417822081 6.56550519366175 3.02948375449435
2024-05-20T17:42:30.000 2841.051218857840 4922.866038818650 -3723.655999691340 -3.49456802527579 5.27617338825299 4.30978590521981
2024-05-20T17:46:30.000 1909.252764647380 5994.781223985040 -2566.145300312030 -4.22316907480644 3.60156164180284 5.27728148830713
2024-05-20T17:50:30.000 838.521153941010 6630.414847312620 -1221.370825191880 -4.64511822452377 1.66263620210473 5.86057538973320
2024-05-20T17:54:30.000 -293.282072712902 6782.982624899680 212.618898074785 -4.72888112127149 -0.39927502998029 6.01603428668810
2024-05-20T17:58:30.000 -1403.692031022140 6441.008852009000 1631.048093352270 -4.46788160913017 -2.43317368196217 5.73163028224564
2024-05-20T18:02:30.000 -2411.730351695440 5629.267356984940 2930.179245826570 -3.88100865141112 -4.28990940431494 5.02799513412716
2024-05-20T18:06:30.000 -3243.886168330530 4406.967412102990 4015.008066789020 -3.01120763678315 -5.83349253539902 3.95679537453601
2024-05-20T18:10:30.000 -3839.527559641830 2863.337487912310 4806.269241832680 -1.92215345428674 -6.95130407385079 2.59664833895421
2024-05-20T18:14:30.000 -4155.307043677740 1110.994096329400 5246.204351548140 -0.69326962746151 -7.56219717674214 1.04701273969351
2024-05-20T18:18:30.000 -4168.243665981990 -722.315349267256 5302.694481917990 0.58616287266388 -7.62190517589334 -0.57919895341353
2024-05-20T18:22:30.000 -3877.340389877740 -2502.955422080170 4971.541036376020 1.82329649771734 -7.12589916752477 -2.16360411471375
2024-05-20T18:26:30.000 -3303.667632194440 -4101.032436184920 4276.780048352980 2.92816334546735 -6.10973352356998 -3.59068458654058
2024-05-20T18:30:30.000 -2488.900247235390 -5399.795820507150 3269.010090214150 3.82006244901074 -4.64678944635763 -4.75590907570393
2024-05-20T18:34:30.000 -1492.374528495470 -6304.205897802190 2021.834891481630 4.43344189642478 -2.84362969493692 -5.57336314279163
2024-05-20T18:38:30.000 -386.813321730720 -6748.049056021460 626.529588529510 4.72306327380143 -0.83239363392966 -5.98266061226584
2024-05-20T18:42:30.000 747.023361247601 -6698.931685685630 -814.685807044243 4.66764655097614 1.23897123141125 -5.95360916798565
2024-05-20T18:46:30.000 1826.346825399340 -6160.752426940910 -2196.263514524810 4.27170128596023 3.21798921612483 -5.48890793385681
2024-05-20T18:50:30.000 2772.521539125950 -5173.322255590040 -3417.245940039560 3.56503901998933 4.95982015083481 -4.62375060491900
2024-05-20T18:54:30.000 3516.852676810110 -3809.193652778550 -4388.717726774640 2.60008290732591 6.33813231440413 -3.42257182790713
2024-05-20T18:58:30.000 4005.523050654500 -2168.105468617000 -5040.222023211000 1.44757764198993 7.25400467094490 -1.97372931239436
2024-05-20T19:02:30.000 4203.359105685900 -369.568357690425 -5324.705004296180 0.19116870413970 7.64244208238278 -0.38267700478024
2024-05-20T19:06:30.000 4096.211584934560 1455.792187308400 -5221.727196298700 -1.07861616568795 7.47625855523754 1.23556466037799
2024-05-20T19:10:30.000 3691.872701189310 3175.524182300950 -4738.812191903670 -2.27046376664927 6.76747358044567 2.76428559546002
2024-05-20T19:14:30.000 3019.533504411000 4664.716807627230 -3910.915376087110 -3.29838225530364 5.56659822737356 4.09290215586258
2024-05-20T19:18:30.000 2127.785564699330 5814.919554020730 -2798.028139264730 -4.08765753282238 3.95958412360791 5.12460447159140
2024-05-20T19:22:30.000 1081.244164540140 6542.041156122060 -1481.008365838130 -4.58032079401993 2.06236578311853 5.78342319695639
2024-05-20T19:26:30.000 -44.042083169513 6792.646647241990 -55.825966908962 -4.73972460043109 0.01293938397108 6.02027061052962
2024-05-20T19:30:30.000 -1166.111387186710 6548.068647313150 1373.424227413060 -4.55359342250274 -2.03874304222001 5.81700785306738
2024-05-20T19:34:30.000 -2203.131286108810 5825.950193075570 2702.215622120370 -4.03534047735048 -3.94206146539587 5.18827600215399
2024-05-20T19:38:30.000 -3079.485847362510 4678.952831308050 3833.380199295010 -3.22294796546909 -5.55767719613518 4.18027087901205
2024-05-20T19:42:30.000 -3731.323692667340 3190.793371750050 4684.260128744180 -2.17584047064904 -6.76769714097218 2.86694020714151
2024-05-20T19:46:30.000 -4111.190215424620 1470.041551545200 5192.731374821600 -0.97037617864048 -7.48413770903587 1.34436339642336
2024-05-20T19:50:30.000 -4191.435678264700 -357.846280378469 5321.678832476980 0.30577993688241 -7.65506871579642 -0.27643168960937
2024-05-20T19:54:30.000 -3966.173544430400 -2159.639774560130 5061.623496320510 1.56001303041945 -7.26795203591548 -1.87752103854945
2024-05-20T19:58:30.000 -3451.696340289790 -3803.926731728000 4431.406845923610 2.70117220108661 -6.35042166620405 -3.34220430124238
2024-05-20T20:02:30.000 -2685.357172292620 -5170.611935998550 3476.902073158860 3.64597148189343 -4.96866136859994 -4.56326381267882
2024-05-20T20:06:30.000 -1722.939543814040 -6159.709319084110 2267.790311876080 4.32505363031780 -3.22314205456267 -5.45077038350773
2024-05-20T20:10:30.000 -634.657808819063 -6698.801637073180 892.544110277731 4.68834539904725 -1.24174248937016 -5.93912949823734
2024-05-20T20:14:30.000 500.000496922269 -6748.511991899080 -548.094753145174 4.70916454939380 0.82984961659863 -5.99236618850490
2024-05-20T20:18:30.000 1598.176208842320 -6305.467239416650 -1948.613168524340 4.38628677231324 2.83919893690965 -5.60697924953038
2024-05-20T20:22:30.000 2579.811572821520 -5402.505367165680 -3206.617792250590 3.74411377940185 4.63899666159439 -4.81226187192349
2024-05-20T20:26:30.000 3373.579454975730 -4106.048247466730 -4230.432699482070 2.83044713937709 6.09842444047404 -3.66756278361647
2024-05-20T20:30:30.000 3922.040511913530 -2510.973739849260 -4945.752097487200 1.71243245775226 7.11255067188401 -2.25728007949531
2024-05-20T20:34:30.000 4185.680368623000 -733.518529138402 -5300.876471515370 0.47136061542106 7.60924859591444 -0.68423095959777
2024-05-20T20:38:30.000 4145.607549827690 1097.174175897990 -5270.258812179320 -0.80321837552597 7.55361933813666 0.93775937458745
2024-05-20T20:42:30.000 3804.795121846460 2848.268481296020 -4856.208713529980 -2.01968163959128 6.94990899536615 2.49169772640761
2024-05-20T20:46:30.000 3187.848953261570 4392.627549162220 -4088.704749127810 -3.09037341505626 5.84113155556684 3.86529169068653
2024-05-20T20:50:30.000 2339.333332921110 5617.863242918120 -3023.341831483110 -3.93761960168325 4.30655170762386 4.95862946016542
2024-05-20T20:54:30.000 1320.687816554180 6434.484052944740 -1737.476361889030 -4.49934687475154 2.45667157016552 5.69140994836264
2024-05-20T20:58:30.000 205.886599481635 6782.550504257350 -324.750961354675 -4.73388309122756 0.42583032842187 6.00914305315600
2024-05-20T21:02:30.000 -923.912021734362 6636.274517744560 1111.696077776930 -4.62347518065122 -1.63751720097704 5.88776661728442
2024-05-20T21:06:30.000 -1986.336914946230 6006.069823011850 2466.838149543860 -4.17585374748209 -3.58206045057773 5.33573465946046
2024-05-20T21:10:30.000 -2903.902658379900 4937.850476756010 3641.560073705390 -3.42374498295868 -5.26520643652510 4.39355736131879
2024-05-20T21:14:30.000 -3609.737204691230 3509.591707188530 4550.010931282150 -2.42226776882820 -6.56405114866334 3.13046856265076
2024-05-20T21:18:30.000 -4052.454383104970 1825.495427922170 5125.859969474120 -1.24449812591211 -7.38419783364755 1.63886308350041
2024-05-20T21:22:30.000 -4199.824008499320 8.341037347791 5327.061271608740 0.02395580838888 -7.66609982605268 0.02749582786062
2024-05-20T21:26:30.000 -4041.068997618380 -1809.416083878800 5138.863209283090 1.29099399382061 -7.38914998543250 -1.58630166729460
2024-05-20T21:30:30.000 -3587.640820856570 -3495.213519245030 4574.867374143170 2.46457243819829 -6.57304122419038 -3.08497314079346
2024-05-20T21:34:30.000 -2872.431810027400 -4925.947570691410 3676.099905602180 3.45910269998796 -5.27652063132710 -4.35888251341698
2024-05-20T21:38:30.000 -1947.484830942930 -5996.964382545220 2508.142626844870 4.20158545191611 -3.59374176859961 -5.31432694163291
2024-05-20T21:42:30.000 -880.270890681961 -6629.839347963710 1156.427482477480 4.63732139967213 -1.64782966708152 -5.88068062954945
2024-05-20T21:46:30.000 251.253788501384 -6778.296361186560 -280.024797774161 4.73421531073489 0.41811221987615 -6.01612794996148
2024-05-20T21:50:30.000 1364.430962004350 -6431.716751279810 -1695.987186524920 4.48545682554931 2.45200906981376 -5.71109523698481
2024-05-20T21:54:30.000 2378.070858111960 -5615.871347895590 -2987.890934720480 3.90997887514186 4.30464507684091 -4.98885581875593
2024-05-20T21:58:30.000 3218.464549178120 -4390.849289674390 -4061.517016856140 3.05073282778943 5.84107108745528 -3.90348361570524
2024-05-20T22:02:30.000 3824.746708235840 -2846.397669210570 -4838.878775470140 1.97105194899506 6.95055842969146 -2.53521750398850
2024-05-20T22:06:30.000 4153.202896115110 -1095.157142748470 -5263.753729646700 0.74960744434443 7.55407487167900 -0.98402023919121
2024-05-20T22:10:30.000 4180.264997883060 735.575375802844 -5305.550517886740 -0.52538483882187 7.60911249744543 0.63774589360575
2024-05-20T22:14:30.000 3904.077642756330 2512.947886977870 -4961.357079938760 -1.76222294441753 7.11209469710786 2.21310110633527
2024-05-20T22:18:30.000 3344.595953324380 4107.952632781370 -4256.105087899960 -2.87187738506527 6.09846504018785 3.62828498164082
2024-05-20T22:22:30.000 2542.217744492660 5404.584603196570 -3240.866808894790 -3.77399898778421 4.64059818267850 4.78050271038836
2024-05-20T22:26:30.000 1555.007473203050 6308.218957340240 -1989.323170223880 -4.40263657844915 2.84332963819195 5.58531065405586
2024-05-20T22:30:30.000 454.612097653944 6752.610039706400 -592.563524344410 -4.71130655386967 0.83694921837295 5.98304231772603
2024-05-20T22:34:30.000 -678.896686492276 6704.932313468940 847.483614212037 -4.67679462346833 -1.23203359292192 5.94369774232381
2024-05-20T22:38:30.000 -1762.899294643110 6168.378631701730 2225.551073861550 -4.30125603556432 -3.21193180915409 5.46968497427573
2024-05-20T22:42:30.000 -2718.345992694240 5181.988858747590 3440.853941397840 -3.61207154518037 -4.95761816889754 4.59568362311954
2024-05-20T22:46:30.000 -3475.587224665110 3817.745389477670 4404.550706169630 -2.65970050595850 -6.34142639653077 3.38589357192803
2024-05-20T22:50:30.000 -3979.478532377720 2175.201412740700 5046.263281524920 -1.51374537504517 -7.26266283694091 1.92895097334504
2024-05-20T22:54:30.000 -4193.345311668230 374.117151761394 5319.151422445760 -0.25755362799874 -7.65455707860858 0.33114167192257
2024-05-20T22:58:30.000 -4101.571975751370 -1454.242467540760 5203.237029272140 1.01773662628357 -7.48851060415026 -1.29127817574202
2024-05-20T23:02:30.000 -3710.731021088430 -3176.554884509830 4706.843118725510 2.21945885903024 -6.77613436652943 -2.82010307340526
2024-05-20T23:06:30.000 -3049.152697686290 -4667.080400232270 3866.052357614050 3.26004555985054 -5.56864836655148 -4.14359577165531
2024-05-20T23:10:30.000 -2164.946992585300 -5816.818622237410 2742.183068724810 4.06323578074237 -3.95359068728152 -5.16449535171585
2024-05-20T23:14:30.000 -1122.582620028260 -6541.579524077880 1417.411073483700 4.56986920082694 -2.04896648604300 -5.80737784554021
2024-05-20T23:18:30.000 1.808945541288 -6788.324823927150 -11.227741907422 4.74257226417425 0.00524605313899 -6.02469955085308
2024-05-20T23:22:30.000 1126.070983575470 -6539.200464095320 -1439.054651994850 4.56888123323204 2.05775180917953 -5.80075501832964
2024-05-20T23:26:30.000 2168.163907123410 -5812.829949371340 -2761.585310462240 4.06217289980536 3.95783909030377 -5.15280978217598
2024-05-20T23:30:30.000 3052.249883619120 -4662.783081453810 -3882.300767519960 3.26038085608155 5.56686382037426 -4.12949610917167
2024-05-20T23:34:30.000 3714.235401853760 -3173.401221603150 -4719.723383116670 2.22275041546304 6.76858858508255 -2.80663652085057
2024-05-20T23:38:30.000 4106.336413763170 -1453.406931663330 -5213.235368678800 1.02506371659182 7.47718912197684 -1.28110292029891
2024-05-20T23:42:30.000 4200.381608327050 372.095697294869 -5327.276407560080 -0.24601855945548 7.64266343736217 0.33643449379326
2024-05-20T23:46:30.000 3989.695006291270 2170.606726147360 -5053.727738067210 -1.49904820010905 7.25364151920453 1.92926699977805
2024-05-20T23:50:30.000 3489.514288419510 3811.607242318830 -4412.425187350080 -2.64387875343948 6.33792052800313 3.38246008719983
2024-05-20T23:54:30.000 2735.947099210340 5175.804785496530 -3449.794236715210 -3.59772651529174 4.96078641137248 4.59062693795724
2024-05-20T23:58:30.000 1783.501541702610 6163.710213557890 -2235.665503350540 -4.29099533919511 3.22113304327462 5.46532674048549
2024-05-21T00:02:30.000 701.264593082420 6702.975189424190 -858.367255893223 -4.67258044129405 1.24492334903841 5.94187534669661
2024-05-21T00:06:30.000 -432.050951900776 6753.856364225250 581.635621620562 -4.71393152665131 -0.82374189876426 5.98451230008426
2024-05-21T00:10:30.000 -1533.855805050250 6312.323377681630 1979.100608684260 -4.41155739263675 -2.83324932701862 5.58952111656780
2024-05-21T00:14:30.000 -2523.798007279500 5410.461679134380 3231.823048132700 -3.78747532248008 -4.63621845698517 4.78576160015797
2024-05-21T00:18:30.000 -3329.712043100370 4114.077725448780 4248.220053546950 -2.88741337723290 -6.10079736067149 3.63227919288913
2024-05-21T00:22:30.000 -3892.896992353090 2517.773987589730 4954.048146799320 -1.77712250144871 -7.12028724842453 2.21358404079493
2024-05-21T00:26:30.000 -4172.359900279950 737.967757766519 5297.784030346420 -0.53749449199523 -7.62069689837567 0.63331369360266
2024-05-21T00:30:30.000 -4147.734500080520 -1095.625145697980 5254.305793486330 0.74153320986445 -7.56574807486098 -0.99350550506789
2024-05-21T00:34:30.000 -3820.705804769920 -2849.339297751930 4826.660295187610 1.96715396638726 -6.95899319325885 -2.54849624384812
2024-05-21T00:38:30.000 -3214.944299794850 -4395.173175423560 4045.895707578930 3.05006483033903 -5.84389048287619 -3.91806836903291
2024-05-21T00:42:30.000 -2374.475457945580 -5620.113478267870 2968.920625142840 3.91099417549988 -4.30118926243799 -5.00165971270325
2024-05-21T00:46:30.000 -1360.550749563050 -6434.477366877430 1674.447772469310 4.48657929969028 -2.44345125689528 -5.71929258350063
2024-05-21T00:50:30.000 -247.208496704162 -6778.641853714400 257.269077154253 4.73434624252212 -0.40707222503304 -6.01786239762262
2024-05-21T00:54:30.000 884.194935589169 -6627.577295578750 -1178.767045821220 4.63622662312838 1.65794577606828 -5.87555197656387
2024-05-21T00:58:30.000 1951.062878481910 -5992.705463611990 -2528.533379305020 4.19998539720417 3.59982557906619 -5.30354278024120
2024-05-21T01:02:30.000 2875.702895612850 -4920.920228266610 -3693.462152932360 3.45842352738284 5.27666086171808 -4.34491010528134
2024-05-21T01:06:30.000 3591.025742039310 -3490.899309576010 -4588.793579894720 2.46645604820608 6.56708068560679 -3.07082231609003
2024-05-21T01:10:30.000 4045.345363876110 -1807.119406946800 -5149.659601402960 1.29668664727781 7.37869695764316 -1.57477506019400
2024-05-21T01:14:30.000 4205.976322046930 7.871532960030 -5335.605288325120 0.03388385822854 7.65405718608671 0.03452577657784
2024-05-21T01:18:30.000 4061.442803614900 1822.291385922030 -5133.326513016650 -1.23100405517143 7.37402697238418 1.64084945890010
2024-05-21T01:22:30.000 3622.220437384140 3504.480457103310 -4557.524878342450 -2.40701605038108 6.55872175487353 3.12835251808557
2024-05-21T01:26:30.000 2920.011327922770 4932.210826062010 -3649.881386966090 -3.40922785035584 5.26624005747796 4.38932316189023
2024-05-21T01:30:30.000 2005.577403018810 6001.433920575500 -2476.201556472860 -4.16468900854459 3.58919811246933 5.33165249585128
2024-05-21T01:34:30.000 945.208994290357 6633.903079433510 -1121.823673571880 -4.61778019155995 1.64881051145315 5.88573342123990
2024-05-21T01:38:30.000 -184.000616819727 6783.084921058970 314.491672546347 -4.73474594242198 -0.41348895505131 6.01014062875234
2024-05-21T01:42:30.000 -1299.786745589990 6437.758377836540 1727.802185799550 -4.50654196268778 -2.44672441150041 5.69512806351918
2024-05-21T01:46:30.000 -2320.781023223820 5622.949210255250 3014.746429486780 -3.94966038548831 -4.30175782535896 4.96356841697823
2024-05-21T01:50:30.000 -3172.538097618300 4398.100620921540 4081.220795637020 -3.10491129276021 -5.84276162302717 3.86922108238319
2024-05-21T01:54:30.000 -3793.009273326190 2852.614507736430 4849.318611163080 -2.03409166027490 -6.95743597358399 2.49237622655968
2024-05-21T01:58:30.000 -4137.029122491010 1099.210846918220 5262.969959715140 -0.81521509392201 -7.56485230927447 0.93358019333602
2024-05-21T02:02:30.000 -4179.540725394040 -734.299889926120 5291.954759450580 0.46317121214665 -7.62092411646051 -0.69358668804889
2024-05-21T02:06:30.000 -3917.368836205000 -2514.273981496600 4934.060347492710 1.70835249668936 -7.12134889145930 -2.27071279200497
2024-05-21T02:10:30.000 -3369.454862991730 -4110.846525866350 4215.249987417640 2.82977431868213 -6.10178950496002 -3.68275802614972
2024-05-21T02:14:30.000 -2575.581054021630 -5407.334357465410 3187.878549377630 3.74538695884744 -4.63586993570531 -4.82616754686390
2024-05-21T02:18:30.000 -1593.575205190030 -6308.834658206270 1926.996548315520 4.38784511599702 -2.83043434859687 -5.61660567220017
2024-05-21T02:22:30.000 -495.122064220206 -6749.331448733610 524.907405507577 4.70976991876555 -0.81789079102350 -5.99558029453132
2024-05-21T02:26:30.000 639.512813258131 -6696.698715393160 -915.646979687464 4.68754413799743 1.25356065505481 -5.93522613790366
2024-05-21T02:30:30.000 1727.468903427550 -6155.122320397040 -2289.173812934530 4.32329484546301 3.23152605194393 -5.44061691208670
2024-05-21T02:34:30.000 2689.470043980500 -5164.673113375800 -3495.312603985200 3.64451433293877 4.97127873134602 -4.54910505927482
2024-05-21T02:38:30.000 3455.656889318860 -3798.136457290020 -4446.238764339770 2.70162506009421 6.34661591833534 -3.32706353033553
2024-05-21T02:42:30.000 3970.617193604100 -2155.432910178020 -5073.002840321880 1.56377614617841 7.25889398381042 -1.86432899853133
2024-05-21T02:46:30.000 4197.259601526700 -356.193947157661 -5330.352683052340 0.31355424967142 7.64336118046328 -0.26734113527590
2024-05-21T02:50:30.000 4119.339153650270 1468.895002080540 -5199.818026806000 -0.95892041423156 7.47308312018047 1.34846489296314
2024-05-21T02:54:30.000 3742.532608029670 3187.391611147100 -4690.927709997940 -2.16211827392313 6.76041810604077 2.86652010593841
2024-05-21T02:58:30.000 3094.036008294390 4674.476167091150 -3840.531328446250 -3.20925462537886 5.55619716383478 4.17701909743208
2024-05-21T03:02:30.000 2220.704001478490 5821.853414083440 -2710.258333775570 -4.02425926067463 3.94657662497526 5.18447908729689
2024-05-21T03:06:30.000 1185.807763125810 6545.629100769740 -1382.238137352440 -4.54726605660601 2.04765816683021 5.81464263098061
2024-05-21T03:10:30.000 64.551984293468 6792.609855832670 46.737391655578 -4.73939375225076 -0.00234919375466 6.02045176365765
2024-05-21T03:14:30.000 -1061.395841399960 6544.419222633920 1472.281447193170 -4.58606376006577 -2.05337401657885 5.78614228118061
2024-05-21T03:18:30.000 -2109.935307460470 5818.973182971610 2790.144348267150 -4.09827636752770 -3.95499049400078 5.12862392441496
2024-05-21T03:22:30.000 -3004.610480518180 4669.176785226010 3903.953391620860 -3.31174790335984 -5.56792027316342 4.09618808861667
2024-05-21T03:26:30.000 -3680.232391590620 3178.960785307360 4732.327749649870 -2.28402879850076 -6.77449270156303 2.76463718614812
2024-05-21T03:30:30.000 -4087.612900134660 1457.037270085450 5214.800429479950 -1.09006473361015 -7.48706454660883 1.23133210467127
2024-05-21T03:34:30.000 -4197.091239053230 -371.071555799548 5316.144988822600 0.18336161089800 -7.65397103285671 -0.39203287203384
2024-05-21T03:38:30.000 -4000.636959473910 -2172.121254875260 5028.876644008810 1.44384488166413 -7.26288567398230 -1.98731035444608
2024-05-21T03:42:30.000 -3512.426329244250 -3814.746360535150 4373.815084286170 2.59980909183554 -6.34170997685446 -3.43818403164928
2024-05-21T03:46:30.000 -2767.878850715890 -5178.955961744160 3398.649950010650 3.56684814458585 -4.95686038404757 -4.63838913977871
2024-05-21T03:50:30.000 -1821.186071375790 -6164.929117701040 2174.580169239750 4.27393223669188 -3.20905342190197 -5.49952516409031
2024-05-21T03:54:30.000 -741.423669329944 -6700.461372899130 791.179559046179 4.66889322382579 -1.22634013866392 -5.95789796144434
2024-05-21T03:58:30.000 392.520715092846 -6746.432930134210 -650.196246509542 4.72268843041455 0.84538461218039 -5.97969247302851
2024-05-21T04:02:30.000 1497.820236277110 -6299.772045651280 -2043.971462459780 4.43176298935464 2.85360270860723 -5.56381540458347
2024-05-21T04:06:30.000 2493.892326324670 -5393.599435486940 -3288.257866152960 3.81820073122651 4.65118049773637 -4.74181728270174
2024-05-21T04:10:30.000 3308.349895974540 -4094.577001367820 -4292.393642747570 2.92771688060681 6.10748950571944 -3.57502175489327
2024-05-21T04:14:30.000 3882.240312587150 -2497.768692368560 -4983.513652474620 1.82577330453784 7.11784824615471 -2.14939435675628
2024-05-21T04:18:30.000 4174.189062664570 -719.533045501049 -5311.679608869450 0.59247531942179 7.61041336582500 -0.56882386947393
2024-05-21T04:22:30.000 4163.231120496700 1110.927920937210 -5253.294131349660 -0.68319864729599 7.55052388360009 1.05234953216357
2024-05-21T04:26:30.000 3850.213041102770 2860.777364458690 -4812.673136331350 -1.90949006116003 6.94267767272587 2.59717872637808
2024-05-21T04:30:30.000 3257.724376338190 4402.946883224480 -4021.727055219180 -2.99799136332665 5.83022196188815 3.95395977685668
2024-05-21T04:34:30.000 2428.556185530210 5625.198049800670 -2937.765344059930 -3.86976139251997 4.29273335638962 5.02400190596896
2024-05-21T04:38:30.000 1422.738789465140 6438.246634495120 -1639.505977284370 -4.46095706939677 2.44089484711813 5.72867554215107
2024-05-21T04:42:30.000 313.313339033168 6782.402091286290 -221.513626895511 -4.72774244235185 0.40921194042366 6.01547937763679
2024-05-21T04:46:30.000 -818.943587275442 6632.162150820040 1212.659623695230 -4.64996826155127 -1.65370378087818 5.86258327596823
2024-05-21T04:50:30.000 -1891.471400840830 5998.257953523530 2558.135056931370 -4.23303779139108 -3.59650131253568 5.28086263401237
2024-05-21T04:54:30.000 -2826.050282004500 4926.896142043100 3716.507427731490 -3.50747556573595 -5.27678702162595 4.31302071265180
2024-05-21T04:58:30.000 -3554.572267868560 3496.291189647040 4603.122129377660 -2.52643838185892 -6.57189475769983 3.03015817804476
2024-05-21T05:02:30.000 -4023.993031397390 1810.825099863360 5153.248443970610 -1.36149581795853 -7.38769452364163 1.52613883771461
2024-05-21T05:06:30.000 -4200.134836214280 -6.617904158269 5326.728054888540 -0.09734917536606 -7.66500124017861 -0.08937402387386
2024-05-21T05:10:30.000 -4070.124137343590 -1823.569066868590 5110.836109585980 1.17423331530900 -7.38357368365808 -1.69881069850830
2024-05-21T05:14:30.000 -3643.313239784970 -3507.525801235260 4521.187478368980 2.36087943081760 -6.56337052737050 -3.18492029152636
2024-05-21T05:18:30.000 -2950.652954615750 -4935.516354459220 3600.685412900630 3.37604211928934 -5.26346627268068 -4.43894351346424
2024-05-21T05:22:30.000 -2042.538751404900 -6003.088708258620 2416.506882851800 4.14523784579757 -3.57827553096903 -5.36860767775778
2024-05-21T05:26:30.000 -985.208827650542 -6632.077569283210 1055.277466840530 4.61180628001387 -1.63111802717955 -5.90520144243841
2024-05-21T05:30:30.000 144.102461363999 -6776.498246728330 -383.285493992707 4.74139972737323 0.43482469374775 -6.00908123407304
2024-05-21T05:34:30.000 1262.899453746170 -6426.037184974370 -1793.795609340960 4.52481713677159 2.46743101259907 -5.67299268672625
2024-05-21T05:38:30.000 2289.582091454570 -5606.765721632860 -3073.092813825340 3.97864534578411 4.31759689498055 -4.92256898446678
2024-05-21T05:42:30.000 3149.491564284780 -4379.023802897160 -4127.904057182730 3.14369895016753 5.85066291988895 -3.81394910043209
2024-05-21T05:46:30.000 3780.334211119500 -2832.737124656890 -4881.628728361550 2.08149507030604 6.95617599051423 -2.42898124396969
2024-05-21T05:50:30.000 4136.592794736350 -1080.662753571860 -5279.765717482650 0.86942254200626 7.55537276818723 -0.86878953795636
2024-05-21T05:54:30.000 4192.657817834370 749.852756493694 -5293.654396140510 -0.40500061254690 7.60601243080858 0.75368246025175
2024-05-21T05:58:30.000 3944.543339509190 2525.964600505170 -4922.389298707630 -1.65010448629597 7.10473411820958 2.32139058133613
2024-05-21T06:02:30.000 3410.149128721730 4118.730101545800 -4192.859963396600 -2.77620766808423 6.08725745795024 3.72107189715841
2024-05-21T06:06:30.000 2628.049077813410 5412.278684209590 -3157.905912677170 -3.70171203429329 4.62625592950930 4.85099749411169
2024-05-21T06:10:30.000 1654.836535550270 6312.193059797070 -1892.658518543190 -4.35899190711536 2.82685595056980 5.62830469014708
2024-05-21T06:14:30.000 561.137322572984 6752.487789007380 -489.221560882022 -4.69948894897373 0.81947976867140 5.99533693112116
2024-05-21T06:18:30.000 -573.460499391359 6700.618892237660 949.965975986965 -4.69761957490888 -1.24927509358988 5.92425903286868
2024-05-21T06:22:30.000 -1666.240300040430 6160.087430281920 2319.666047454110 -4.35311263351222 -3.22760968712712 5.41981083562133
2024-05-21T06:26:30.000 -2637.493907318780 5170.252373378460 3519.687055909400 -3.69112759483679 -4.97045745046257 4.51898965126270
2024-05-21T06:30:30.000 -3416.410789692500 3803.373967445130 4462.302617594710 -2.76016605063109 -6.35039839616684 3.28799180536034
2024-05-21T06:34:30.000 -3946.260346021630 2159.215709565120 5078.677818102260 -1.62827119774193 -7.26704766954442 1.81700186728405
2024-05-21T06:38:30.000 -4188.472375682610 357.673840850288 5323.822658509840 -0.37779804081776 -7.65394681862630 0.21331813105867
2024-05-21T06:42:30.000 -4125.371082340900 -1469.934384329780 5179.791112864210 0.90050361210462 -7.48289607522742 -1.40631315826718
2024-05-21T06:46:30.000 -3761.445900128030 -3190.338336635660 4656.975596228960 2.11376881737717 -6.76594403392031 -2.92389532237482
2024-05-21T06:50:30.000 -3123.064794007000 -4677.940047003510 3793.397554310480 3.17360356328345 -5.55462526571050 -4.22852505258376
2024-05-21T06:54:30.000 -2256.650840201070 -5823.956634336770 2652.051881127410 4.00231790944479 -3.93680503716898 -5.22429979373480
2024-05-21T06:58:30.000 -1225.378210238950 -6544.485654078740 1316.401998473100 4.53892340391826 -2.03071137292296 -5.83766370080146
2024-05-21T07:02:30.000 -104.566512846194 -6786.813240013930 -115.717734655083 4.74387605401927 0.02356861801982 -6.02324462404203
2024-05-21T07:06:30.000 1023.892750590600 -6533.423702864150 -1539.376177096630 4.60233179335682 2.07474025996320 -5.76769628686051
2024-05-21T07:10:30.000 2077.648361728290 -5803.270639759710 -2850.407759303510 4.12532040952491 3.97216517880361 -5.09065080197338
2024-05-21T07:14:30.000 2980.017478695630 -4650.213824310480 -3953.160886377010 3.34866967670742 5.57747729133735 -4.04290641927295
2024-05-21T07:18:30.000 3665.585994930550 -3158.798894601120 -4767.495975691430 2.32978477876077 6.77484485207447 -2.70201032296394
2024-05-21T07:22:30.000 4084.850040106180 -1437.857700146240 -5234.481266769460 1.14298621439538 7.47879310186681 -1.16600617145233
2024-05-21T07:26:30.000 4207.637896554820 387.462256283919 -5320.465430400890 -0.12589810130911 7.63954713474149 0.45373611248579
2024-05-21T07:30:30.000 4025.157760863930 2184.675004383130 -5019.344118523550 -1.38556637276370 7.24599048155330 2.04035184964566
2024-05-21T07:34:30.000 3550.574350892080 3823.334191786640 -4352.936248915600 -2.54535475032608 6.32615326572665 3.47930613997366
2024-05-21T07:38:30.000 2818.126047351120 5184.285352974580 -3369.493921311670 -3.52133883688270 4.94565115550326 4.66614144317455
2024-05-21T07:42:30.000 1880.782447027850 6168.252992487560 -2140.376077181280 -4.24229590540502 3.20364360513612 5.51393910448361
2024-05-21T07:46:30.000 806.537137288816 6703.163523889500 -755.026670442699 -4.65509127277682 1.22635543192396 5.95992925863610
2024-05-21T07:50:30.000 -326.479542288199 6749.597288009570 685.480049473293 -4.72894626990275 -0.84201039168268 5.97062024983301
2024-05-21T07:54:30.000 -1435.699488185930 6303.851131302970 2075.847944241760 -4.45794750910268 -2.84986524777051 5.54462381419481
2024-05-21T07:58:30.000 -2440.219173122370 5398.329340775780 3314.376122422950 -3.86181447200149 -4.64990635898483 4.71309221511257
2024-05-21T08:02:30.000 -3266.799504831820 4099.121050892730 4310.509878857550 -2.98423074952280 -6.11048455845745 3.53712306140117
2024-05-21T08:06:30.000 -3855.223011896340 2501.055132958490 4991.486885979740 -1.88933446543315 -7.12518890660957 2.10292390553247
2024-05-21T08:10:30.000 -4162.649132566180 720.690859950395 5307.606384867860 -0.65687928525621 -7.62040060841897 0.51524997658441
2024-05-21T08:14:30.000 -4166.671322174870 -1112.196798190880 5235.767963442810 0.62363715356908 -7.56019517754598 -1.11031890951596
2024-05-21T08:18:30.000 -3866.900679827000 -2863.981858474860 4781.103198948910 1.85927930463104 -6.94857310727961 -2.65544391170497
2024-05-21T08:22:30.000 -3285.032978934040 -4406.811632915100 3976.656342905140 2.96004471253585 -5.82944304881535 -4.00725800887762
2024-05-21T08:26:30.000 -2463.352982248520 -5627.911632082050 2881.079225504900 3.84540409732424 -4.28384819330765 -5.06652877972201
2024-05-21T08:30:30.000 -1461.736236764700 -6437.901896674840 1574.453950663580 4.45023856715155 -2.42458875711562 -5.75507339137551
2024-05-21T08:34:30.000 -353.313183310660 -6777.505398141460 152.461009186491 4.72995294432462 -0.38817521099981 -6.02196524435394
2024-05-21T08:38:30.000 780.928744404759 -6622.046859702410 -1280.711040204020 4.66413359457321 1.67542276277786 -5.84774222624687
2024-05-21T08:42:30.000 1858.194585931650 -5983.287027675730 -2620.167171857430 4.25820654465802 3.61455217887854 -5.24598349129739
2024-05-21T08:46:30.000 2800.044979373730 -4908.403400401920 -3768.124878652010 3.54274759628623 5.28760806724260 -4.26193036646240
2024-05-21T08:50:30.000 3538.140499045280 -3476.282478476270 -4641.091336631410 2.57074351804974 6.57354967929945 -2.96858316448829
2024-05-21T08:54:30.000 4019.135370437730 -1791.521801558160 -5175.848992270990 1.41332902684816 7.38038608236112 -1.46077190121629
2024-05-21T08:58:30.000 4208.391731698920 23.303443017458 -5333.837084679750 0.15431120644871 7.65101074574502 0.15211102767901
2024-05-21T09:02:30.000 4092.325667728380 1836.444563487370 -5103.747143704090 -1.11566902663884 7.36647188314394 1.75363091895386
2024-05-21T09:06:30.000 3679.316847599990 3516.321958222930 -4502.271295530450 -2.30525118925294 6.54710645289329 3.22822594590718
2024-05-21T09:10:30.000 2999.143214877460 4940.844816143020 -3572.947205457150 -3.32848901325868 5.25126851254589 4.46900764690560
2024-05-21T09:14:30.000 2100.958629186720 6006.169926645730 -2383.170798636420 -4.11083932748253 3.57188063414314 5.38527210116973
2024-05-21T09:18:30.000 1049.874825696010 6634.325661747550 -1019.471238686720 -4.59472868996628 1.63039807174852 5.90931102894608
2024-05-21T09:22:30.000 -77.685375771597 6779.090837177600 418.694893950158 -4.74412833821165 -0.43164289169091 6.00187964767480
2024-05-21T09:26:30.000 -1199.568912385950 6429.580440650650 1826.236058058350 -4.54766299536480 -2.46321359342827 5.65560634315760
2024-05-21T09:30:30.000 -2233.964040304090 5611.138837814280 3100.209496022420 -4.01952818661812 -4.31535130188985 4.89566023416305
2024-05-21T09:34:30.000 -3105.445489949660 4383.480017628520 4147.452053704830 -3.19841201195249 -5.85242728167675 3.77784011598224
2024-05-21T09:38:30.000 -3750.528593577380 2836.224720595480 4891.454942476730 -2.14443315320301 -6.96241996732173 2.38419607585744
2024-05-21T09:42:30.000 -4122.252872130550 1082.229780168100 5277.909538423750 -0.93432424531655 -7.56476098210382 0.81651414993217
2024-05-21T09:46:30.000 -4193.532691699350 -750.642605144457 5278.585580133970 0.34401591580792 -7.61571188686673 -0.81097836063570
2024-05-21T09:50:30.000 -3959.095261308540 -2528.778836401580 4893.344289064060 1.59778939621164 -7.11133980797491 -2.37980471840139
2024-05-21T09:54:30.000 -3435.876563982020 -4122.445122479850 4150.161372751660 2.73579236466289 -6.08773886822492 -3.77551117091156
2024-05-21T09:58:30.000 -2661.871603761550 -5415.185988806350 3103.188968197120 3.67481452684240 -4.61890357209306 -4.89575184439718
2024-05-21T10:02:30.000 -1693.456782307010 -6312.394810869670 1828.919090852980 4.34585341859282 -2.81188063633292 -5.65789582301531
2024-05-21T10:06:30.000 -601.320714214313 -6748.398189626260 420.639315218958 4.69945177484915 -0.79925118591286 -6.00557339087286
2024-05-21T10:10:30.000 534.744636441886 -6691.427460897340 -1018.468834146440 4.70972124347857 1.27083902048679 -5.91327119208607
2024-05-21T10:14:30.000 1631.789359005940 -6145.998342680290 -2383.040560896360 4.37639719531662 3.24615286331227 -5.38842231356392
2024-05-21T10:18:30.000 2609.884410197700 -5152.466358123660 -3573.398576811610 3.72471628304738 4.98219582150596 -4.47062373538398
2024-05-21T10:22:30.000 3398.007679410580 -3783.825557845740 -4502.902005492360 2.80310911484921 6.35315189313877 -3.22812138637820
2024-05-21T10:26:30.000 3939.149879859560 -2140.114912328360 -5104.175567861150 1.67913283526557 7.26072429125711 -1.75214486902344
2024-05-21T10:30:30.000 4194.302643636760 -341.004514218178 -5333.818986446190 0.43431920061977 7.64048556074914 -0.15003546960710
2024-05-21T10:34:30.000 4145.127035650580 1482.856713552340 -5175.356624555210 -0.84162523750334 7.46579247810257 1.46250240418616
2024-05-21T10:38:30.000 3795.184919251890 3199.117305991100 -4640.307455004480 -2.05692286091495 6.74916401638443 2.96915858830083
2024-05-21T10:42:30.000 3169.699085192390 4683.088621642670 -3767.398664119470 -3.12387067034302 5.54163452623446 4.26083532148555
2024-05-21T10:46:30.000 2313.843516964160 5826.662144942880 -2619.903013602460 -3.96488985476102 3.92962209488647 5.24328118509824
2024-05-21T10:50:30.000 1289.624706759830 6546.204480617910 -1281.234957319230 -4.51819882864649 2.02955933599716 5.84401780065638
2024-05-21T10:54:30.000 171.474778855802 6788.840115013830 151.017886561337 -4.74273560709533 -0.02023570264065 6.01821508890206
2024-05-21T10:58:30.000 -959.160754759708 6536.514493650050 1572.220732583050 -4.62153840296477 -2.06973056587987 5.75241632193241
2024-05-21T11:02:30.000 -2019.829610806400 5807.451994744090 2878.430456869590 -4.16325518294727 -3.96857549879954 5.06583414687852
2024-05-21T11:06:30.000 -2933.183487240520 4654.836106530100 3974.120069585690 -3.40147609361406 -5.57767823121528 4.00890220915297
2024-05-21T11:10:30.000 -3632.674822464910 3162.821573885890 4779.226240244710 -2.39200602395434 -6.77962083024846 2.65922389491329
2024-05-21T11:14:30.000 -4067.385614804550 1440.263591567350 5234.987318942740 -1.20844713964460 -7.48719404408626 1.11550885533789
2024-05-21T11:18:30.000 -4205.662555583400 -387.271904990572 5308.124301503990 0.06323601239685 -7.64908548226990 -0.50983379039335
2024-05-21T11:22:30.000 -4037.364639672110 -2186.572393507620 4993.210200236280 1.33077082155846 -7.25326865702400 -2.09847139587613
2024-05-21T11:26:30.000 -3574.616829917050 -3826.383527735210 4313.094358487450 2.50198060671630 -6.32802879870328 -3.53451772075480
2024-05-21T11:30:30.000 -2850.994768269090 -5186.922957234280 3317.310305561610 3.49136092370765 -4.94015095708247 -4.71281978603125
2024-05-21T11:34:30.000 -1919.169964784510 -6168.647278401780 2078.572275989770 4.22627882921706 -3.19058616075250 -5.54656821133391
2024-05-21T11:38:30.000 -847.134400912061 -6699.680717718180 687.538517978997 4.65255119427392 -1.20756750820722 -5.97407317882096
2024-05-21T11:42:30.000 286.790164787032 -6741.259752059610 -753.876233025086 4.73887274707036 0.86297836306644 -5.96385132926117
2024-05-21T11:46:30.000 1399.785862298700 -6290.655002609530 -2140.108269793390 4.47932729695972 2.86866406753554 -5.51720186860392
2024-05-21T11:50:30.000 2410.718199903140 -5381.284676202570 -3369.845888510880 3.89371977517993 4.66261300301543 -4.66795253403127
2024-05-21T11:54:30.000 3246.123674658500 -4080.031603025370 -4353.514917924770 3.02569398654983 6.11455237926196 -3.47938341155112
2024-05-21T11:58:30.000 3845.521363361440 -2482.095282494930 -5019.755429522240 1.93905302588291 7.12014908445470 -2.03896616067594
2024-05-21T12:02:30.000 4165.672265122680 -703.888043900068 -5320.434974047910 0.71276638527636 7.60789167061844 -0.45158282119694
2024-05-21T12:06:30.000 4183.542572117940 1125.408330210710 -5233.935999260260 -0.56473471281650 7.54339731378920 1.16797211650227
2024-05-21T12:10:30.000 3897.862295732260 2873.042104964110 -4766.595988039450 -1.80154567445223 6.93144369265983 2.70287851426168
2024-05-21T12:14:30.000 3329.212611689480 4412.088467361580 -3952.240453398950 -2.90849763275794 5.81555209918063 4.04215223250105
2024-05-21T12:18:30.000 2518.640974823180 5630.491904713780 -2849.876198481270 -3.80522457296500 4.27551426197731 5.08820198655700
2024-05-21T12:22:30.000 1524.832227744690 6439.219445119800 -1539.591974039980 -4.42602326053279 2.42233070927986 5.76404300089788
2024-05-21T12:26:30.000 419.967863405434 6778.899076285250 -116.864088449079 -4.72488969213713 0.39073353451286 6.01932005250524
2024-05-21T12:30:30.000 -715.499333732539 6624.381861256610 1314.395710144950 -4.67941066831098 -1.67065003374834 5.83461073954504
2024-05-21T12:34:30.000 -1798.776082329300 5986.722217370830 2649.518547729340 -4.29261916409309 -3.61064914397295 5.22308896312954
2024-05-21T12:38:30.000 -2750.853423916580 4912.411699996240 3790.849906143070 -3.59281792135260 -5.28704981308621 4.22965816832324
2024-05-21T12:42:30.000 -3502.342073527510 3479.897035280060 4654.978710432690 -2.63132178738854 -6.57743117820785 2.92729689558948
2024-05-21T12:46:30.000 -3998.531480832750 1793.718715536660 5178.825111990440 -1.47832676014015 -7.38805857495022 1.41135238462187
2024-05-21T12:50:30.000 -4203.302818007780 -23.188913435117 5324.160470573100 -0.21763816416898 -7.66021325237339 -0.20768971128758
2024-05-21T12:54:30.000 -4101.694749088090 -1838.407466110860 5080.310304800570 1.05929350686480 -7.37400470800290 -1.81205688251141
2024-05-21T12:58:30.000 -3700.977956182660 -3519.554772378040 4464.926190555730 2.25969700890859 -6.54966234676877 -3.28481505057192
2024-05-21T13:02:30.000 -3030.201749060970 -4943.854509710490 3522.800799392650 3.29597161741914 -5.24661637367347 -4.51812736849956
2024-05-21T13:06:30.000 -2138.166077730440 -6007.132051096350 2322.703899737110 4.09214621303465 -3.55955746122762 -5.42125816815776
2024-05-21T13:10:30.000 -1089.930219242110 -6631.544007845570 952.433112785929 4.58957902399491 -1.61194334875009 -5.92742710645508
2024-05-21T13:14:30.000 37.936163274772 -6771.457771614570 -487.627610576317 4.75165867166035 0.45296465092108 -5.99927132970775
2024-05-21T13:18:30.000 1163.041231604380 -6416.906585366440 -1891.994500845380 4.56680179868007 2.48315736415370 -5.63193829474275
2024-05-21T13:22:30.000 2203.323203696630 -5594.269438096830 -3157.977821154370 4.04929379310521 4.32975088025312 -4.85337038705833
2024-05-21T13:26:30.000 3083.131436453610 -4364.126633095040 -4193.298845652340 3.23785921990584 5.85840602893620 -3.72173473456370
2024-05-21T13:30:30.000 3738.721844554070 -2816.560387587030 -4922.791995058830 2.19229874991896 6.95905334306250 -2.32049574153117
2024-05-21T13:34:30.000 4122.766262569730 -1064.394128775730 -5293.715241307050 0.98874285539268 7.55326446456990 -0.75186654673366
2024-05-21T13:38:30.000 4207.618111737130 765.032152997294 -5279.369277022460 -0.28590782791028 7.59909804375807 0.87063005974461
2024-05-21T13:42:30.000 3987.181329837300 2538.949673782270 -4880.878253899480 -1.53996428559106 7.09345750467966 2.42995019729486
2024-05-21T13:46:30.000 3477.332152237220 4128.555618203300 -4127.096656457340 -2.68306423086341 6.07235057581660 3.81338335040575
2024-05-21T13:50:30.000 2714.847739577920 5418.184826449790 -3072.624288004070 -3.63239246821651 4.60867251348682 4.92033344245067
2024-05-21T13:54:30.000 1754.891740078670 6313.670964531750 -1794.028811392570 -4.31850098821304 2.80775205173214 5.66949424006627
2024-05-21T13:58:30.000 667.143135988579 6749.339563741630 -384.424542595953 -4.69068140209424 0.80029530127782 6.00520388384658
2024-05-21T14:02:30.000 -469.226149672777 6693.014151861650 1053.271039840590 -4.72109786752152 -1.26697983014514 5.90203603657395
2024-05-21T14:06:30.000 -1571.368066495110 6148.552386538970 2413.926796319890 -4.40717538941330 -3.24244629524776 5.36712988288518
2024-05-21T14:10:30.000 -2558.894492327410 5155.619561066230 3598.014929691650 -3.77185108843104 -4.98126128058358 4.43971919123695
2024-05-21T14:14:30.000 -3359.817850900860 3786.716442221610 4518.981665400500 -2.86170654473442 -6.35636423643084 3.18795507521264
2024-05-21T14:18:30.000 -3915.808859021590 2141.759305615050 5109.576031219810 -1.74324857503595 -7.26769626158950 1.70353217885374
2024-05-21T14:22:30.000 -4186.397819255680 340.706985390606 5326.705812127470 -0.49785526747145 -7.64924989310517 0.09476784930846
2024-05-21T14:26:30.000 -4151.847281003410 -1485.171282880930 5154.480151739940 0.78409899506252 -7.47328145590294 -1.52128088291030
2024-05-21T14:30:30.000 -3814.559536075090 -3202.750440291290 4605.342287772220 2.00956587994045 -6.75215864831201 -3.02694569126193
2024-05-21T14:34:30.000 -3198.946505013670 -4686.637331185510 3719.224814236490 3.08923820525327 -5.53763735955699 -4.31214951673479
2024-05-21T14:38:30.000 -2349.765584788040 -5828.312471581330 2560.772037183400 3.94395575902922 -3.91783842505996 -5.28235199963669
2024-05-21T14:42:30.000 -1328.932662951590 -6544.194491919750 1214.708500115490 4.51082022491197 -2.01120817237608 -5.86585793058017
2024-05-21T14:46:30.000 -211.006226431121 -6781.927597064600 -220.367956786285 4.74808286006214 0.04210664884417 -6.01954689154533
2024-05-21T14:50:30.000 922.334857207326 -6524.344982638350 -1639.321535366090 4.63856266181519 2.09093065048005 -5.73243723118072
2024-05-21T14:54:30.000 1988.388772567990 -5790.705844153560 -2938.344683879220 4.19094396703888 3.98485533420853 -5.02646181317409
2024-05-21T14:58:30.000 2909.572881288390 -4635.114718981020 -4022.676209910400 3.43887269716169 5.58579170807336 -3.95452924054294
2024-05-21T15:02:30.000 3619.092155782170 -3142.286294762880 -4813.528613652190 2.43794309729458 6.77824422299518 -2.59589412627143
2024-05-21T15:06:30.000 4065.687694654640 -1421.142224695750 -5253.679406368220 1.26119219554734 7.47708740957768 -1.04985764111882
2024-05-21T15:10:30.000 4217.187709368670 403.168588502057 -5311.415601886100 -0.00630959324514 7.63288876905421 0.57156782219409
2024-05-21T15:14:30.000 4062.695927242360 2198.228509816020 -4982.663331425700 -1.27335108276517 7.23480383493098 2.15138546948232
2024-05-21T15:18:30.000 3613.329816891560 3833.727025084290 -4291.233760614720 -2.44871001648362 6.31113922756969 3.57551627989136
2024-05-21T15:22:30.000 2901.490173446670 5190.708995322890 -3287.195632362460 -3.44728947632297 4.92777121319602 4.74049937513108
2024-05-21T15:26:30.000 1978.649879465640 6170.163099093330 -2043.424861539720 -4.19622431816593 3.18413031920747 5.56092549797699
2024-05-21T15:30:30.000 911.750091429380 6700.330235171620 -650.459570228388 -4.64030853759087 1.20658100417815 5.97599489704456
2024-05-21T15:34:30.000 -221.594862816155 6742.137472687900 790.037508963974 -4.74643654145462 -0.86052945543693 5.95445923936203
2024-05-21T15:38:30.000 -1338.778365427910 6292.247795945900 2172.749611600930 -4.50641220791435 -2.86564764462121 5.49737300028819
2024-05-21T15:42:30.000 -2358.312205140230 5383.395663229490 3396.530977903070 -3.93769904023781 -4.66168870387719 4.63821467273097
2024-05-21T15:46:30.000 -3205.860284794620 4081.939031831960 4371.912431192590 -3.08201838323485 -6.11731322855146 3.44013360200103
2024-05-21T15:50:30.000 -3819.686790014160 2482.884622421300 5027.657206678240 -2.00195172536354 -7.12654669626733 1.99093324991570
2024-05-21T15:54:30.000 -4155.110713508430 702.865209760477 5315.910295566730 -0.77614890982256 -7.61619049429322 0.39644630957539
2024-05-21T15:58:30.000 -4187.686246566630 -1128.371271479310 5215.609087136690 0.50641424943556 -7.55073036302665 -1.22724756705620
2024-05-21T16:02:30.000 -3914.944780747960 -2877.324352709200 4733.967251192170 1.75264584387769 -6.93459305248396 -2.76194833476357
2024-05-21T16:06:30.000 -3356.602902271220 -4416.359388417280 3905.996752551560 2.87184448493611 -5.81198896241966 -4.09558539113354
2024-05-21T16:10:30.000 -2553.212718496830 -5632.974980756810 2792.063639407250 3.78212511682437 -4.26415204055548 -5.13022999011953
2024-05-21T16:14:30.000 -1563.312588616720 -6438.107911605660 1473.593456573480 4.41646931115068 -2.40405695601608 -5.78946662263302
2024-05-21T16:18:30.000 -459.186949318210 -6772.836577359240 47.140514644549 4.72812868594851 -0.36833924249859 -6.02451013580940
2024-05-21T16:22:30.000 678.487088178064 -6612.848771665940 -1382.778508833810 4.69437962776355 1.69309522311927 -5.81825402404859
2024-05-21T16:26:30.000 1766.660081815300 -5970.242233109440 -2711.508461914290 4.31829276902314 3.62873542841851 -5.18664394142638
2024-05-21T16:30:30.000 2726.091523893970 -4892.479296939460 -3842.061455623100 3.62826697371463 5.29727955507746 -4.17712609932713
2024-05-21T16:34:30.000 3487.152895039750 -3458.646993685930 -4692.223291715280 2.67542725487838 6.57806509013830 -2.86450582654193
2024-05-21T16:38:30.000 3994.814395324800 -1773.452942934990 -5200.430625333860 1.52949798912915 7.37946218293232 -1.34493442944931
2024-05-21T16:42:30.000 4212.481148126480 40.499766970144 -5330.037667140840 0.27343639569240 7.64470326810168 0.27134842162300
2024-05-21T16:46:30.000 4124.484481476680 1851.517664450320 -5071.783068986010 -1.00231990261528 7.35517325420356 1.86768062128730
2024-05-21T16:50:30.000 3737.150321441790 3528.149567498250 -4444.390634719640 -2.20595392665281 6.53150139623401 3.32882754295879
2024-05-21T16:54:30.000 3078.385431165390 4948.508306345050 -3493.284147929330 -3.25046861673777 5.23236459745152 4.54880777358572
2024-05-21T16:58:30.000 2195.787395153360 6009.023489196460 -2287.458726035850 -4.05975492005886 3.55092294112428 5.43837290916820
2024-05-21T17:02:30.000 1153.348008531740 6632.050377898310 -914.645558094978 -4.57420762958359 1.60889187444433 5.93166136943354
2024-05-21T17:06:30.000 26.874206531775 6771.754034872140 524.993245794733 -4.75565059834680 -0.45204477516494 5.99170328316759
2024-05-21T17:10:30.000 -1101.557112204510 6417.640319277170 1926.228633265580 -4.59036398526305 -2.48091518271738 5.61354788357993
2024-05-21T17:14:30.000 -2149.648801462790 5595.420141819340 3186.566311132280 -4.09026173150520 -4.32892300581995 4.82479183780625
2024-05-21T17:18:30.000 -3040.971623769120 4365.111675281360 4213.849706796240 -3.29200239224497 -5.86079913644132 3.68341042845486
2024-05-21T17:22:30.000 -3710.586701751360 2816.542281771840 4933.038753300000 -2.25402996206897 -6.96491540250385 2.27312142770926
2024-05-21T17:26:30.000 -4109.749343937600 1062.680162158270 5291.646656067700 -1.05199120490485 -7.56116839948910 0.69695991399805
2024-05-21T17:30:30.000 -4209.385797024700 -768.624180640743 5263.484292947600 0.22682281226730 -7.60632327449152 -0.93027129476306
2024-05-21T17:34:30.000 -4002.158274013060 -2543.877221469900 4850.519153185390 1.48961930286586 -7.09684993761577 -2.49012510612123
2024-05-21T17:38:30.000 -3503.018523364330 -4133.559259438650 4082.751842731850 2.64453808814523 -6.06923438074997 -3.86880751767378
2024-05-21T17:42:30.000 -2748.195894345400 -5421.509517647840 3016.129685215510 3.60720723506752 -4.59773287107984 -4.96518160294844
2024-05-21T17:46:30.000 -1792.650652702890 -6313.475383610460 1728.592255284830 4.30688004832975 -2.78963067005128 -5.69835432396991
2024-05-21T17:50:30.000 -706.121095265572 -6744.169199706900 314.396109408441 4.69198792587144 -0.77751630240572 -6.01411215280880
2024-05-21T17:54:30.000 432.006859142392 -6682.202581507390 -1122.841270181310 4.73425905840926 1.29046725819473 -5.88923760342738
2024-05-21T17:58:30.000 1538.622208573180 -6132.467645148500 -2477.893098911060 4.43112473841943 3.26218303361811 -5.33362100547845
2024-05-21T18:02:30.000 2533.093855371500 -5135.638924445730 -3651.793165381510 3.80561644062938 4.99348124890093 -4.38912575409734
2024-05-21T18:06:30.000 3343.194464604390 -3764.939659353400 -4559.113703021560 2.90422588165688 6.35892143281761 -3.12589583124269
2024-05-21T18:10:30.000 3910.301020696860 -2120.547864919400 -5134.097564523350 1.79305634392458 7.26060254997947 -1.63661867231547
2024-05-21T18:14:30.000 4193.505046645320 -322.174251124037 -5335.245310827580 0.55271757139956 7.63450472039569 -0.02953028154517
2024-05-21T18:18:30.000 4172.412619343150 1499.583175410450 -5148.132786933010 -0.72743758593571 7.45433286107108 1.57929631024302
2024-05-21T18:22:30.000 3848.527624137060 3212.506515909780 -4586.352004680180 -1.95529976681159 6.73296259897032 3.07377221749620
2024-05-21T18:26:30.000 3245.171030230960 4692.122242272340 -3690.573134239380 -3.04220617085998 5.52174388458211 4.34562711301258
2024-05-21T18:30:30.000 2405.910455560430 5830.615486604250 -2525.751126304590 -3.90910621403517 3.90743035108226 5.30197656349911
2024-05-21T18:34:30.000 1391.547330177150 6544.713883508640 -1176.588267287070 -4.49235343524815 2.00666206920816 5.87222100062587
2024-05-21T18:38:30.000 275.799131714587 6781.937020505190 258.531422061276 -4.74867370548647 -0.04215913353599 6.01373154091408
2024-05-21T18:42:30.000 -860.048664571073 6524.643338266570 1674.731378905990 -4.65877274143581 -2.08891052528870 5.71546054852607
2024-05-21T18:46:30.000 -1933.165127181960 5791.468199173450 2968.427991258780 -4.22912695707167 -3.98344864284934 4.99916513840704
2024-05-21T18:50:30.000 -2865.307288417980 4635.912844929790 4045.025713465530 -3.49120960837315 -5.58715561391114 3.91745728413377
2024-05-21T18:54:30.000 -3588.552878548550 3142.338715379180 4825.867111266370 -2.49899837192168 -6.78305987424275 2.54968809137822
2024-05-21T18:58:30.000 -4050.238172869380 1419.716279752300 5253.958002796320 -1.32486627340867 -7.48427999618869 0.99588212364228
2024-05-21T19:02:30.000 -4216.743704582790 -406.371398798503 5298.048701901990 -0.05415042381499 -7.64001466959722 -0.63077284412913
2024-05-21T19:06:30.000 -4075.876562374020 -2202.822632560840 4954.837099615470 1.22096916942457 -7.23874638185859 -2.21190543666373
2024-05-21T19:10:30.000 -3637.758313621130 -3838.596162653220 4249.231564733010 2.40779828183501 -6.30910460533412 -3.63219489485506
2024-05-21T19:14:30.000 -2934.159666517660 -5194.198115657140 3232.627019031750 3.41970978778729 -4.91817785205970 -4.78756573215304
2024-05-21T19:18:30.000 -2016.283922975160 -6170.445970612990 1979.277269936380 4.18240386981242 -3.16721722233956 -5.59283221542935
2024-05-21T19:22:30.000 -951.097886558451 -6695.882760022980 580.919350214526 4.63970751485834 -1.18458843250088 -5.98847671645145
2024-05-21T19:26:30.000 183.588785796985 -6732.163077658650 -860.003587973605 4.75802615490519 0.88388595974455 -5.94537866503683
2024-05-21T19:30:30.000 1304.900094867690 -6276.945374114040 -2237.971779965600 4.52903810978412 2.88595656673453 -5.46724334793917
2024-05-21T19:34:30.000 2331.084307104480 -5363.988953954360 -3452.292491852010 3.97032339433158 4.67502403185711 -4.59023556654907
2024-05-21T19:38:30.000 3187.558056835370 -4060.435533821080 -4414.535482701930 3.12358252891012 6.12120518806790 -3.37965336847520
2024-05-21T19:42:30.000 3812.298983592080 -2461.639431213980 -5054.914418349280 2.05105958829728 7.12062358408715 -1.92449642157372
2024-05-21T19:46:30.000 4160.214042284860 -684.065071214917 -5327.175391096570 0.83071541949851 7.60217685682036 -0.33066822198270
2024-05-21T19:50:30.000 4206.248375122640 1143.156396941440 -5211.756637596120 -0.44942360088555 7.53192932214013 1.28659899868874
2024-05-21T19:54:30.000 3947.076668989550 2887.422564504730 -4717.082624262690 -1.69730490174131 6.91500412390316 2.81064211288963
2024-05-21T19:58:30.000 3401.345181939010 4422.037779045390 -3878.966759817610 -2.82292434467637 5.79528568539918 4.13117631391741
2024-05-21T20:02:30.000 2608.430009677670 5635.258943512960 -2758.155468128440 -3.74455782672661 4.25285554515141 5.15195029090888
2024-05-21T20:06:30.000 1625.730926511700 6438.425283030060 -1436.098337050560 -4.39467423107574 2.39893541290685 5.79778507519985
2024-05-21T20:10:30.000 524.619361411441 6772.579557306080 -9.150167301056 -4.72516644049391 0.36837027821920 6.02052508961057
2024-05-21T20:14:30.000 -614.732875723924 6612.987649946120 1418.455460844320 -4.71131227428660 -1.69030083027420 5.80313408501468
2024-05-21T20:18:30.000 -1709.250625138750 5971.094505393770 2742.307492220960 -4.35382180867980 -3.62603912214262 5.16123008298433
2024-05-21T20:22:30.000 -2679.111461875220 4893.725348991510 3865.589160184500 -3.67891708943818 -5.29700033034467 4.14204094962393
2024-05-21T20:26:30.000 -3453.642639063620 3459.541108867350 4706.229984600130 -2.73606130625733 -6.58133677120518 2.82037348323365
2024-05-21T20:30:30.000 -3976.445565466950 1773.173504272050 5202.859353699510 -1.59399525442885 -7.38572220845519 1.29284029890923
2024-05-21T20:34:30.000 -4209.441938633100 -42.432171357570 5319.214047227470 -0.33572824281922 -7.65175293758530 -0.32920755523884
2024-05-21T20:38:30.000 -4135.600426432610 -1854.935213280590 5046.728140309140 0.94741194848639 -7.35997192757375 -1.92770529185938
2024-05-21T20:42:30.000 -3760.162868355300 -3532.143750598400 4405.145067006410 2.16221979938848 -6.53106821129772 -3.38615842610584
2024-05-21T20:43:11.000 -3667.515283592510 -3796.037820130780 4261.629467505110 2.35637185066787 -6.33950998182694 -3.61335358456441
2024-05-21T20:47:11.000 -2975.011155645350 -5160.388054048490 3249.028021135790 3.37923751622525 -4.96022777341513 -4.77324971702353
2024-05-21T20:51:11.000 -2065.232935714870 -6147.823539551300 1998.462859351150 4.15580478499515 -3.21781460885821 -5.58408830924512
2024-05-21T20:55:11.000 -1004.568231151360 -6686.058835357220 601.470131150200 4.62884328436430 -1.24000290690565 -5.98590191265736
2024-05-21T20:59:11.000 129.484757605038 -6735.822384759340 -839.597345407295 4.76364224133023 0.82762016250217 -5.94916010109115
2024-05-21T21:03:11.000 1254.094002970190 -6293.797112099620 -2219.215536096970 4.55073360175526 2.83296723693031 -5.47711860816156
2024-05-21T21:07:11.000 2287.264018839490 -5392.774925757110 -3436.563638949610 4.00648263889956 4.62916002950469 -4.60542983149760
2024-05-21T21:11:11.000 3153.895801744680 -4099.038610761350 -4402.980983015820 3.17155515061630 6.08574510509582 -3.39903017181618
2024-05-21T21:15:11.000 3791.228091627450 -2507.245227681400 -5048.375312455430 2.10738236695315 7.09807831087835 -1.94666405685988
2024-05-21T21:19:11.000 4153.261480507830 -733.360439621758 -5326.134149726090 0.89133250756906 7.59416161189777 -0.35404415860949
2024-05-21T21:23:11.000 4213.923754766960 1093.750114183140 -5216.303022873910 -0.38887177210912 7.53902626360677 1.26369505165817
2024-05-21T21:27:11.000 3968.841617709840 2841.495537035340 -4726.903391750700 -1.64115615664574 6.93673528243127 2.78985899125642
2024-05-21T21:31:11.000 3435.644184150560 4382.939921369030 -3893.368031960040 -2.77526093050274 5.83012564015807 4.11402086172021
2024-05-21T21:35:11.000 2652.794153589110 5605.856830060260 -2776.110061171390 -3.70886146509750 4.29833058149182 5.13967819162339
2024-05-21T21:39:11.000 1676.952301516170 6420.894874963870 -1456.314841874560 -4.37358679899825 2.45178916909745 5.79133483431368
2024-05-21T21:43:11.000 578.978461935378 6768.236412089280 -30.159823851773 -4.72027047610133 0.42473485285325 6.02040721489178
2024-05-21T21:47:11.000 -561.192768896822 6622.183843857040 1398.184722967370 -4.72300161853249 -1.63452717616920 5.80938230139770
2024-05-21T21:51:11.000 -1660.439572345590 5993.190076222770 2724.265316814770 -4.38130304202213 -3.57500229476365 5.17343585477777
2024-05-21T21:55:11.000 -2638.597343342790 4927.114494315120 3851.100097189530 -3.72014210236032 -5.25449996050578 4.15925316406689
2024-05-21T21:59:11.000 -3424.375658815520 3501.791714100100 4696.347132479510 -2.78798844308007 -6.55043567184168 2.84131384023102
2024-05-21T22:03:11.000 -3960.555581762540 1821.213877707220 5198.302449342800 -1.65286506347030 -7.36868465514882 1.31601419260278
2024-05-21T22:07:11.000 -4208.085076581860 7.889855973296 5320.314337134980 -0.39721381395250 -7.64989329337339 -0.30554395040797
2024-05-21T22:11:11.000 -4148.860038010960 -1806.007714852480 5053.386647121110 0.88784099083685 -7.37336977974696 -1.90533062691284
2024-05-21T22:15:11.000 -3787.052006406930 -3488.172999642870 4416.854951834060 2.10890980494289 -6.55871951665253 -3.36669814906974
2024-05-21T22:19:11.000 -3148.857795432610 -4915.739697958970 3457.053294222830 3.17690559942444 -5.26459865637840 -4.58263349001192
2024-05-21T22:23:11.000 -2280.695868445000 -5984.269399609230 2244.054486346420 4.01347797171345 -3.58506576776249 -5.46358921782126
2024-05-21T22:27:11.000 -1245.891450991380 -6615.523178760800 866.622937149680 4.55699005141707 -1.64310523467490 -5.94438759210798
2024-05-21T22:31:11.000 -120.052801354172 -6763.378145754480 -574.314094258437 4.76744538952907 0.41833867772220 -5.98957182520788
2024-05-21T22:35:11.000 1014.560515674050 -6417.306794490060 -1973.208380892540 4.62975232986180 2.44754669382482 -5.59631713113649
2024-05-21T22:39:11.000 2075.175317320590 -5603.077055582290 -3227.776060540650 4.15473066438508 4.29572042650015 -4.79444567249330
2024-05-21T22:43:11.000 2984.637568480070 -4380.668119500720 -4246.575344924630 3.37801624684085 5.82837020486295 -3.64382604526830
2024-05-21T22:47:11.000 3677.027207070060 -2839.615692787470 -4955.651606373770 2.35692755375701 6.93512615595198 -2.22930852695107
2024-05-21T22:51:11.000 4102.335846464100 -1092.285033096630 -5303.756338764710 1.16588981904001 7.53713646582125 -0.65406287749783
2024-05-21T22:55:11.000 4229.924861150400 734.328126819755 -5265.853459597650 -0.10907650274159 7.59192435861496 0.96793568598247
2024-05-21T22:59:11.000 4050.602594724790 2507.659233263000 -4844.779780225280 -1.37626559111716 7.09578004101634 2.51969266841246
2024-05-21T23:03:11.000 3577.258938087040 4098.950294634620 -4071.024877679770 -2.54440420368308 6.08397463828835 3.88906369102470
2024-05-21T23:07:11.000 2844.019573562140 5392.406010868080 -3000.647628264730 -3.52883186595191 4.62875017399768 4.97636983269030
2024-05-21T23:11:11.000 1903.921218231670 6293.590876923330 -1711.392925993600 -4.25759992026766 2.83488727050611 5.70172870614596
2024-05-21T23:15:11.000 825.187276715890 6736.434468620170 -297.167515258814 -4.67692992318638 0.83259912488579 6.01123965556916
2024-05-21T23:19:11.000 -313.680574256446 6688.257243430120 1138.767205547800 -4.75555138846806 -1.23177992835969 5.88141747981885
2024-05-21T23:23:11.000 -1429.664645706210 6152.343775640630 2491.412604739860 -4.48737937339454 -3.20683932939880 5.32141646073609
2024-05-21T23:27:11.000 -2441.383895637110 5167.745055003540 3661.843899263530 -3.89202933100603 -4.94785960333300 4.37233647569448
2024-05-21T23:31:11.000 -3275.096830699840 3806.337241973070 4564.519117099430 -3.01309816780748 -6.32769807301294 3.10384949002486
2024-05-21T23:35:11.000 -3870.079083243320 2167.468303622340 5133.525576328580 -1.91479198593319 -7.24595194873407 1.60882538996281
2024-05-21T23:39:11.000 -4183.011797856080 370.630770697078 5327.332469233050 -0.67699691295133 -7.63610084624156 -0.00370970693046
2024-05-21T23:43:11.000 -4191.045958437590 -1453.227271748130 5131.725794525490 0.61056266034072 -7.46967935641505 -1.61647299048817
2024-05-21T23:47:11.000 -3893.450808066520 -3171.104719066180 4560.829233252880 1.85435337614030 -6.75820650745217 -3.11195584446474
2024-05-21T23:51:11.000 -3311.738304295570 -4657.557233397720 3656.168849184990 2.96368492948653 -5.55283081388343 -4.38070967242652
2024-05-21T23:55:11.000 -2488.185078535000 -5803.865802615290 2483.757270733440 3.85725673386145 -3.94101022300751 -5.32939172311692
2024-05-21T23:59:11.000 -1482.835360064260 -6526.097857510820 1129.356286522620 4.46927224024283 -2.04062886364941 -5.88785682009867
2024-05-22T00:03:11.000 -369.130679679277 -6771.435045117770 -307.806763609392 4.75465752574786 0.00853420593275 -6.01482609735242
2024-05-22T00:07:11.000 771.543262626459 -6522.171255673880 -1722.435431861030 4.69270487769129 2.05558693315110 -5.70134079839444
2024-05-22T00:11:11.000 1855.931144357740 -5796.977950245740 -3011.046013209920 4.28864217130597 3.95024908242471 -4.97133015829258
2024-05-22T00:15:11.000 2805.098140177450 -4649.348926600560 -4079.651719357620 3.57292231272973 5.55444775545102 -3.87941562727561
2024-05-22T00:19:11.000 3550.190289539000 -3163.425222281300 -4850.615534635380 2.59851460503964 6.75239248039771 -2.50628488864131
2024-05-22T00:23:11.000 4037.348342882200 -1447.640163379520 -5268.165880910280 1.43658193366936 7.45853928335963 -0.95228439575643
2024-05-22T00:27:11.000 4231.454335610890 373.231327922405 -5302.239845808560 0.17119321139936 7.62295007790389 0.66997207850856
2024-05-22T00:31:11.000 4118.527342116580 2167.018894954360 -4950.490444540860 -1.10658711901816 7.23420743632661 2.24345329723206
2024-05-22T00:35:11.000 3706.673711455550 3803.510185109580 -4238.403334822680 -2.30478040043827 6.31996695608607 3.65454321052831
2024-05-22T00:39:11.000 3025.564233989850 5163.686945505920 -3217.551293729360 -3.33670835123552 4.94540226415285 4.80073079178294
2024-05-22T00:43:11.000 2124.425783948210 6148.303612087380 -1962.038139145450 -4.12705953535805 3.20925731134581 5.59793480463345
2024-05-22T00:47:11.000 1068.619251255400 6685.228515028250 -563.274894264473 -4.61760089488188 1.23744675555698 5.98699802893205
2024-05-22T00:51:11.000 -65.055941518749 6734.921874513750 876.640819789510 -4.77188927785342 -0.82606601036846 5.93864549489216
2024-05-22T00:55:11.000 -1193.980804676500 6293.491951229650 2252.439249831480 -4.57821389441838 -2.83003736200284 5.45593776190917
2024-05-22T00:59:11.000 -2235.822922807400 5393.065002035080 3463.491954555440 -4.05067112508897 -4.62752025915367 4.57423645870310
2024-05-22T01:03:11.000 -3114.632286266790 4099.380592947610 4421.273162900950 -3.22796502801654 -6.08712593827402 3.35835400684857
2024-05-22T01:07:11.000 -3766.397294934290 2506.856482672620 5055.842462507850 -2.17021345172632 -7.10266748897951 1.89731978612218
2024-05-22T01:11:11.000 -4143.659623366650 731.624598134796 5320.876987539920 -0.95440131412494 -7.60042360246855 0.29774337015029
2024-05-22T01:15:11.000 -4218.910323346310 -1096.927435710570 5196.988149206370 0.33124135999192 -7.54426676718846 -1.32392206173527
2024-05-22T01:19:11.000 -3986.539551806160 -2845.494435266090 4693.087544981480 1.59347725851077 -6.93783294157263 -2.84964200257643
2024-05-22T01:23:11.000 -3463.291801680650 -4386.436358625040 3845.795379101980 2.74034921510648 -5.82451188543244 -4.16790774362619
2024-05-22T01:27:11.000 -2687.161254417920 -5607.076385805510 2716.902321878570 3.68784365506664 -4.28496092609411 -5.18179123866285
2024-05-22T01:31:11.000 -1714.706050211790 -6418.050133328110 1388.952311539030 4.36625990633633 -2.43162486780175 -5.81640437584444
2024-05-22T01:35:11.000 -616.946288041225 -6760.012385845450 -40.786524021605 4.72560264323943 -0.40069611910421 -6.02477743936151
2024-05-22T01:39:11.000 525.889789863274 -6608.140654710750 -1467.546379728180 4.73964957865097 1.65822159178753 -5.79183152331002
2024-05-22T01:43:11.000 1630.358836389890 -5973.954854651220 -2786.910434699770 4.40797348500142 3.59385940965503 -5.13550214746499
2024-05-22T01:47:11.000 2616.009599419480 -4904.312088175000 -3902.583861198270 3.75573516475886 5.26488903633773 -4.10503819371064
2024-05-22T01:51:11.000 3411.290054726020 -3477.719490475110 -4733.448783152780 2.83136746970197 6.55049561191912 -2.77676674926806
2024-05-22T01:55:11.000 3958.669295026210 -1798.361915136420 -5219.348476504120 1.70251633939118 7.35867874979280 -1.24791149935093
2024-05-22T01:59:11.000 4218.659589142180 11.567024708841 -5325.257615056970 0.45096895467904 7.63214758768100 0.37059965218793
2024-05-22T02:03:11.000 4172.524557931930 1820.652414325750 -5043.642302506260 -0.83312579237788 7.35172444716327 1.96190686475621
2024-05-22T02:07:11.000 3823.558450515460 3497.583910564640 -4394.933913456970 -2.05736175943534 6.53743960400882 3.41114562760359
2024-05-22T02:11:11.000 3196.882914123240 4920.462683192490 -3426.110544343970 -3.13328738927536 5.24729904154339 4.61322936335998
2024-05-22T02:15:11.000 2337.757561657000 5985.541076933630 -2207.459287334540 -3.98253386968304 3.57379409776286 5.48016908858785
2024-05-22T02:19:11.000 1308.454137283340 6614.851288115260 -827.656676654406 -4.54263670569065 1.63805959080302 5.94774565755400
2024-05-22T02:23:11.000 183.814194510371 6762.105592065830 612.614921188196 -4.77203292166279 -0.41866210027314 5.98086009222961
2024-05-22T02:27:11.000 -954.219276338373 6416.275573746320 2008.076559326930 -4.65351748408435 -2.44567476501708 5.57657426942619
2024-05-22T02:31:11.000 -2022.658116654330 5602.485452769840 3256.660527131580 -4.19564094878469 -4.29434117592842 4.76442637691397
2024-05-22T02:35:11.000 -2943.603158351410 4380.143009776250 4267.081057371440 -3.43196671529441 -5.82941437037368 3.60412810819117
2024-05-22T02:39:11.000 -3649.958995568480 2838.480931538200 4965.545769080640 -2.41835817791047 -6.93910955345286 2.18075978166767
2024-05-22T02:43:11.000 -4090.294324575190 1089.939740217060 5301.081476332410 -1.22865905805882 -7.54291788989049 0.59821436696394
2024-05-22T02:47:11.000 -4232.521612483820 -738.033505084703 5249.161601029970 0.05074771776966 -7.59698400606364 -1.02830909530361
2024-05-22T02:51:11.000 -4066.183193587750 -2512.188316185780 4813.463090466110 1.32705964797100 -7.09708405267128 -2.58038224804017
2024-05-22T02:55:11.000 -3603.222856863430 -4103.070151466530 4025.634353355710 2.50746387311141 -6.07891933089186 -3.94469418686363
2024-05-22T02:59:11.000 -2877.213203377420 -5394.405824275940 2943.097162120700 3.50563978815871 -4.61607013510874 -5.02110583730814
2024-05-22T03:03:11.000 -1941.017978876890 -6291.673507574010 1644.965754987130 4.24817268220667 -2.81520289052589 -5.73015126577337
2024-05-22T03:07:11.000 -862.981930113289 -6729.195728301220 226.294796212955 4.68033656710367 -0.80851796539376 -6.01936939545433
2024-05-22T03:11:11.000 278.112193847769 -6675.109077914090 -1208.961767068410 4.77046961905083 1.25619860161847 -5.86758335538004
2024-05-22T03:15:11.000 1398.923632544320 -6133.746536481870 -2555.730497687850 4.51247740326523 3.22710116860258 -5.28668477965247
2024-05-22T03:19:11.000 2417.767564255030 -5145.182727412910 -3715.662742512350 3.92611620020449 4.96010120102374 -4.32038120852883
2024-05-22T03:23:11.000 3260.630025776440 -3782.048212897040 -4604.359905506240 3.05506532493805 6.32964803019396 -3.04039825401625
2024-05-22T03:27:11.000 3866.495110485130 -2143.972721224250 -5157.429430509530 1.96322882562869 7.23756593513251 -1.54061251457447
2024-05-22T03:31:11.000 4191.628260924260 -350.207846537765 -5334.965066871830 0.72982400163737 7.61935825481351 0.07003409837439
2024-05-22T03:35:11.000 4212.587188287750 1468.972821203130 -5124.253003674310 -0.55624972613078 7.44812881377690 1.67519612035890
2024-05-22T03:39:11.000 3927.826028131980 3181.528653286000 -4540.601034481580 -1.80244008152321 6.73612413215792 3.15901144704580
2024-05-22T03:43:11.000 3357.827759258130 4663.014523339270 -3626.278844635470 -2.91878021689008 5.53408175013721 4.41397164124494
2024-05-22T03:47:11.000 2543.729949285940 5805.489833186660 -2447.592651749690 -3.82413279250364 3.92807458072253 5.34846146287917
2024-05-22T03:51:11.000 1544.490922450120 6525.391256157300 -1090.254389082180 -4.45206562591190 2.03407253054159 5.89343502396210
2024-05-22T03:55:11.000 432.720475569823 6769.810887568660 346.741095844858 -4.75602396556905 -0.00994942948411 6.00804225761079
2024-05-22T03:59:11.000 -710.593458310893 6520.595782605170 1758.368044909810 -4.71325832111291 -2.05421529958722 5.68327422991017
2024-05-22T04:03:11.000 -1802.074394739300 5795.794192594420 3041.373348627710 -4.32673524530212 -3.94877564419446 4.94280093414112
2024-05-22T04:07:11.000 -2762.133480124200 4648.312020294220 4101.941161190720 -3.62482304468847 -5.55495826447107 3.84106884981016
2024-05-22T04:11:11.000 -3520.817481964030 3161.929366400130 4862.598250654250 -2.65889898711071 -6.75570985801151 2.45890854849081
2024-05-22T04:15:11.000 -4022.878276342780 1445.076898725560 5267.827094402760 -1.49935730941435 -7.46384590787894 0.89730132539791
2024-05-22T04:19:11.000 -4231.739101803660 -377.092293009600 5288.034619507110 -0.23045166240073 -7.62799460509682 -0.73000744524517
2024-05-22T04:23:11.000 -4132.107633915340 -2171.760269163060 4921.648152022200 1.05575081558397 -7.23598637341160 -2.30462028549123
2024-05-22T04:27:11.000 -3731.087355403380 -3808.003550498630 4195.257239470600 2.26576704172803 -6.31574251682097 -3.71162798484443
2024-05-22T04:31:11.000 -3057.735648174320 -5166.277565535670 3161.780752968080 3.31122158266463 -4.93367078526181 -4.84786139450019
2024-05-22T04:35:11.000 -2161.053715891900 -6147.197464863770 1896.717613423580 4.11535245532838 -3.19041616102024 -5.62954296790750
2024-05-22T04:39:11.000 -1106.472207039640 -6678.960306767130 492.672797895613 4.61891170901291 -1.21379526546577 -5.99885012536047
2024-05-22T04:43:11.000 28.953030096543 -6722.772453280990 -947.478756825324 4.78493378317417 0.85069225492861 -5.92862213404316
2024-05-22T04:47:11.000 1162.281598604680 -6275.767039665290 -2318.277691000440 4.60165565354580 2.85112546730771 -5.42463120696414
2024-05-22T04:51:11.000 2210.877990239630 -5371.117699582160 -3519.568616744560 4.08332845895774 4.64105222210078 -4.52494501703684
2024-05-22T04:55:11.000 3098.518136690220 -4075.363667752750 -4463.886106600370 3.26870146598201 6.09057546253565 -3.29648166874312
2024-05-22T04:59:11.000 3760.902146187240 -2483.292398117990 -5082.757326720570 2.21771731890715 7.09556270509749 -1.82953491591369
2024-05-22T05:03:11.000 4150.195078004790 -710.873048831786 -5331.496215140480 1.00675967822873 7.58454631874159 -0.23080170982629
2024-05-22T05:07:11.000 4238.321658344530 1113.141982931530 -5192.238981431500 -0.27684223656646 7.52298914510803 1.38418513662846
2024-05-22T05:11:11.000 4018.890061351590 2856.370421404870 -4675.128479624070 -1.54074211982907 6.91533817526649 2.89888920412304
2024-05-22T05:15:11.000 3507.655900703420 4392.176056588040 -3817.606014709750 -2.69376228542368 5.80480368750308 4.20365499669468
2024-05-22T05:19:11.000 2741.487219760030 5608.719659766650 -2681.838904240830 -3.65220039737448 4.27085867591911 5.20333413395656
2024-05-22T05:23:11.000 1775.829552504740 6417.100773878150 -1350.374924644480 -4.34589820703956 2.42411497797857 5.82431313977058
2024-05-22T05:27:11.000 680.801970617586 6757.970187664710 79.740863140088 -4.72354741843037 0.39879333368456 6.02020715271540
2024-05-22T05:31:11.000 -463.862373721890 6606.091315085720 1504.017350969860 -4.75692123377990 -1.65682490499775 5.77586646005177
2024-05-22T05:35:11.000 -1574.693485844900 5972.362661855920 2818.269137893600 -4.44332133598690 -3.59189847732700 5.10898088760251
2024-05-22T05:39:11.000 -2570.671251614750 4903.018614642420 3926.372005813210 -3.80571068906279 -5.26465780066732 4.06856823992909
2024-05-22T05:43:11.000 -3379.200659277570 3476.153183576870 4747.355903043680 -2.89084823472070 -6.55304589036151 2.73104773736617
2024-05-22T05:47:11.000 -3941.399372991680 1795.885324035010 5221.292104819390 -1.76550017796199 -7.36349340090314 1.19421727034558
2024-05-22T05:51:11.000 -4216.317767866920 -15.281323438195 5313.576573264210 -0.51142771899885 -7.63720973219667 -0.42994665341196
2024-05-22T05:55:11.000 -4183.860847509570 -1825.322986281140 5017.396649668110 0.78035068660618 -7.35412309772182 -2.02319860441428
2024-05-22T05:59:11.000 -3846.250351718410 -3502.217980820800 4354.231139683990 2.01598738580199 -6.53431112897897 -3.46941170531054
2024-05-22T06:03:11.000 -3227.920512771710 -4923.482747409130 3372.367002338200 3.10530473054577 -5.23681919955199 -4.66263587931215
2024-05-22T06:07:11.000 -2373.844823580120 -5985.147623152250 2143.502791705250 3.96840797180099 -3.55599987240005 -5.51498590359942
2024-05-22T06:11:11.000 -1346.325147410320 -6609.490372681350 757.568017343153 4.54172827429090 -1.61494446326519 -5.96341966593099
2024-05-22T06:15:11.000 -220.437231123232 -6750.906765999960 -683.889926795903 4.78310919233262 0.44348953816212 -5.97485183919418
2024-05-22T06:19:11.000 921.552777761543 -6399.358332682530 -2075.287930089830 4.67518653133471 2.46774271535965 -5.54896471876739
2024-05-22T06:23:11.000 1996.336926450680 -5581.035572286020 -3314.909879522150 4.22666216527135 4.30942514959943 -4.71803685457105
2024-05-22T06:27:11.000 2925.741563018630 -4356.215680259630 -4312.435333923410 3.47126308421404 5.83465834553388 -3.54405114568582
2024-05-22T06:31:11.000 3642.401955296860 -2814.578415469220 -4995.477620593090 2.46468878571184 6.93370892940930 -2.11345229454015
2024-05-22T06:35:11.000 4094.528378242070 -1068.495982535690 -5314.675703770920 1.28022807920416 7.52822607355871 -0.53048672946752
2024-05-22T06:39:11.000 4249.506924797410 755.142468833268 -5247.075098103610 0.00341955493218 7.57619324466201 1.09034897311792
2024-05-22T06:43:11.000 4096.128373217350 2523.982799340190 -4797.645887264580 -1.27389744248612 7.07429157165281 2.63214350650105
2024-05-22T06:47:11.000 3645.377282078260 4109.564512266360 -3998.926766463190 -2.45965571234427 6.05815907170300 3.98337270601691
2024-05-22T06:51:11.000 2929.728582110470 5396.479451212210 -2908.798739144120 -3.46788549865930 4.60037374134292 5.04563183339525
2024-05-22T06:55:11.000 2000.940131588610 6290.745377809450 -1606.462751688990 -4.22487016992592 2.80595886317312 5.74079142999556
2024-05-22T06:59:11.000 926.414050405158 6726.792107958990 -186.803818184740 -4.67481329558530 0.80522991903313 6.01716609447606
2024-05-22T07:03:11.000 -215.656508499455 6672.432412652090 1246.499241434480 -4.78418343995938 -1.25561094837419 5.85367603109665
2024-05-22T07:07:11.000 -1342.009571817730 6131.406382987510 2588.616266410210 -4.54461586171187 -3.22534212857529 5.26194900002730
2024-05-22T07:11:11.000 -2370.492126440370 5143.152457391240 3741.376469652210 -3.97361736729067 -4.95961556729257 4.28544374205659
2024-05-22T07:15:11.000 -3226.122799419630 3779.834479309230 4620.523977580270 -3.11303701197091 -6.33174927426383 2.99588598335733
2024-05-22T07:19:11.000 -3846.570100167770 2140.958915831430 5161.870462355690 -2.02575286457165 -7.24194620684894 1.48770382946808
2024-05-22T07:23:11.000 -4186.648861626510 346.035327381698 5325.908867121640 -0.79087615396064 -7.62423845405875 -0.12913503270644
2024-05-22T07:27:11.000 -4221.537339708860 -1474.106300980540 5100.605332986970 0.50201725610001 -7.45075435745108 -1.73698947209745
2024-05-22T07:31:11.000 -3948.559326720780 -3186.728196427540 4502.272472118480 1.75900695434827 -6.73361633980238 -3.21866099343191
2024-05-22T07:35:11.000 -3387.438985720200 -4666.780671624300 3574.459417512740 2.88847867360144 -5.52442467402502 -4.46574719807037
2024-05-22T07:39:11.000 -2578.951807126010 -5806.027125216180 2384.884968841620 3.80768135810908 -3.91094167590942 -5.38649153699190
2024-05-22T07:43:11.000 -1582.040653959680 -6521.072849003140 1020.574365267710 4.44896017889990 -2.01119376040881 -5.91283002802055
2024-05-22T07:47:11.000 -469.528018679486 -6759.648008339610 -418.522401192623 4.76509470187185 0.03508613780847 -6.00587535760305
2024-05-22T07:51:11.000 677.289407587094 -6504.567222518070 -1826.980389444490 4.73316182315074 2.07720145569731 -5.65920660431750
2024-05-22T07:55:11.000 1774.719850808190 -5774.943547855660 -3101.793886163010 4.35621291672656 3.96532987558126 -4.89921716731874
2024-05-22T07:59:11.000 2742.884794563830 -4624.590125265930 -4150.014396818080 3.66270291704264 5.56194224775665 -3.78271737750669
2024-05-22T08:03:11.000 3511.551368016050 -3137.826881478660 -4895.522954936090 2.70399173893945 6.75188147942451 -2.39216568481127
2024-05-22T08:07:11.000 4025.147021055840 -1423.105975056010 -5284.415968407960 1.55005893363346 7.45026872363304 -0.82903000890338
2024-05-22T08:11:11.000 4246.613532411170 394.916208108164 -5288.690864171720 0.28430679750480 7.60762434293128 0.79355331210435
2024-05-22T08:15:11.000 4159.951637130180 2184.283426559360 -4908.132024712700 -1.00217887712763 7.21290823695779 2.35850250565254
2024-05-22T08:19:11.000 3771.331691912430 3815.085940691090 -4170.297003616280 -2.21677165993555 6.29412396645013 3.75274980318635
2024-05-22T08:23:11.000 3108.717162662920 5168.686701662520 -3128.630574315780 -3.27153034541250 4.91676690050798 4.87490313369428
2024-05-22T08:27:11.000 2219.989049964670 6146.298681182160 -1858.768369778070 -4.08945028771075 3.17987102960420 5.64259407852241
2024-05-22T08:31:11.000 1169.607663305030 6676.292608739750 -453.185112593113 -4.61026752520430 1.20943052475053 5.99880740037253
2024-05-22T08:35:11.000 33.987220770753 6719.639635796070 985.504765894077 -4.79533513466402 -0.85059811326739 5.91668123979155
2024-05-22T08:39:11.000 -1104.111162620340 6272.926602686140 2352.113648342300 -4.63074500083297 -2.84926093128678 5.40178546648656
2024-05-22T08:43:11.000 -2161.684612539620 5368.669767474410 3546.677629243900 -4.12842399332955 -4.64001064943791 4.49181861277166
2024-05-22T08:47:11.000 -3061.628813545350 4072.898141252770 4481.867673731510 -3.32525981644121 -6.09191669006718 3.25366456296578
2024-05-22T08:51:11.000 -3738.389657225540 2480.193676033270 5089.390689184660 -2.27993771257190 -7.09936354844580 1.77801183953102
2024-05-22T08:55:11.000 -4142.679114808670 706.710809606344 5324.904014663770 -1.06851514636011 -7.58923385195035 0.17254902398097
2024-05-22T08:59:11.000 -4245.009650076680 -1118.276888139370 5171.178302965640 0.22105896013994 -7.52592568217030 -1.44583383686871
2024-05-22T09:03:11.000 -4037.808308931980 -2861.710199542980 4639.316117151130 1.49518596719800 -6.91365678751293 -2.95929940490104
2024-05-22T09:07:11.000 -3536.001612704410 -4396.327835182700 3767.999693560450 2.66105227141303 -5.79633000691099 -4.25721500762293
2024-05-22T09:11:11.000 -2776.027346098920 -5609.936551290610 2620.788471012350 3.63332893697430 -4.25491967777793 -5.24418784683415
2024-05-22T09:15:11.000 -1813.263392493540 -6413.709620300490 1281.575708647800 4.34051523593867 -2.40205539284135 -5.84728860819025
2024-05-22T09:19:11.000 -718.015349096825 -6748.863397785340 -151.548514309386 4.73055381844532 -0.37389084256487 -6.02194611303693
2024-05-22T09:23:11.000 429.684210653343 -6591.096013454830 -1573.588250673910 4.77498344225208 1.68023718203146 -5.75558688860815
2024-05-22T09:27:11.000 1546.047231458690 -5952.371869302240 -2880.498427350080 4.47116378460870 3.60943205704283 -5.06862701992891
2024-05-22T09:31:11.000 2549.771295669180 -4879.878410644270 -3976.928890619160 3.84224158316695 5.27294821410525 -4.01255976412492
2024-05-22T09:35:11.000 3367.997508004310 -3452.302839817200 -4783.193260542980 2.93490615029607 6.55060479353499 -2.66550075298617
2024-05-22T09:39:11.000 3941.522786366160 -1773.863396459700 -5240.936457736250 1.81552210800908 7.35099318638104 -1.12596987283772
2024-05-22T09:43:11.000 4228.945155576760 33.352321197773 -5317.174832421820 0.56515207527538 7.61738190383977 0.49443338022984
2024-05-22T09:47:11.000 4209.510966439040 1838.151802704970 -5006.496486110580 -0.72618110303217 7.33098018026744 2.07881483010415
2024-05-22T09:51:11.000 3884.545707503590 3509.523510806520 -4331.408753842250 -1.96553523945414 6.51211033637887 3.51273442819808
2024-05-22T09:55:11.000 3277.406372895310 4925.937802732020 -3340.795918567880 -3.06330719938958 5.21906325531297 4.69209603007810
2024-05-22T09:59:11.000 2431.928024835000 5984.086108458460 -2106.549232966190 -3.93948112035289 3.54463512325351 5.53044808755387
2024-05-22T10:03:11.000 1409.392035045360 6606.502812351410 -718.508445525613 -4.52963895592611 1.61012798152257 5.96569036340171
2024-05-22T10:07:11.000 284.148899726460 6747.406459993650 722.029944580433 -4.79001829280544 -0.44332660618061 5.96511538050450
2024-05-22T10:11:11.000 -861.804240058030 6396.235229247730 2109.756564724940 -4.70111522788810 -2.46523709565492 5.52825266454621
2024-05-22T10:15:11.000 -1944.889686590890 5578.515711812620 3343.163795627660 -4.26935000237133 -4.30731352165983 4.68704966308672
2024-05-22T10:19:11.000 -2886.137876342380 4353.954115526540 4332.069322595190 -3.52641979709613 -5.83479775482755 3.50330362598766
2024-05-22T10:23:11.000 -3616.979518367930 2811.962945991470 5004.247992351580 -2.52670582310107 -6.93645555465620 2.06387772192664
2024-05-22T10:27:11.000 -4084.201702247900 1065.008694019560 5310.648778321070 -1.34298948546477 -7.53242647016269 0.47379024680420
2024-05-22T10:31:11.000 -4253.747082603730 -759.573332838363 5228.868676429370 -0.06117176007920 -7.57937584745218 -1.15119279074709
2024-05-22T10:35:11.000 -4113.157790092480 -2528.762804591490 4764.769509973960 1.22570343365146 -7.07356082146906 -2.69270443741931
2024-05-22T10:39:11.000 -3672.511798170990 -4113.458231200510 3952.089462369420 2.42399706665758 -6.05120755443590 -4.03818943877723
2024-05-22T10:43:11.000 -2963.768009883040 -5397.844784197680 2850.077594503540 3.44610070474862 -4.58623965946858 -5.08889710508723
2024-05-22T10:47:11.000 -2038.537097696070 -6287.923671945750 1539.282859458960 4.21689944451932 -2.78551368790744 -5.76723050172160
2024-05-22T10:51:11.000 -964.364173708206 -6718.568544804660 115.695271648928 4.67961838721710 -0.78127001394494 -6.02301590161981
2024-05-22T10:55:11.000 180.254800660554 -6658.448271009960 -1316.379246646540 4.80038777485119 1.27890673844304 -5.83759780441839
2024-05-22T10:59:11.000 1311.732019838950 -6112.356573136780 -2652.121941511830 4.57090614721376 3.24356157375004 -5.22537073417238
2024-05-22T11:03:11.000 2347.617164523340 -5120.713990914930 -3794.018337255380 4.00883313450113 4.96915370280832 -4.23233842029623
2024-05-22T11:07:11.000 3212.660405290650 -3756.356019722740 -4659.011996985640 3.15605939773846 6.33075203664973 -2.93212583016638
2024-05-22T11:11:11.000 3844.231160260880 -2118.968916993130 -5184.445603844200 2.07513471123490 7.23078279926825 -1.41998460323948
2024-05-22T11:15:11.000 4196.715202332040 -327.722985955400 -5332.413160201590 0.84443333467235 7.60528943467158 0.19431838484572
2024-05-22T11:19:11.000 4244.660326665630 1487.308225411350 -5092.329779818150 -0.44736181373443 7.42783361866176 1.79420046949610
2024-05-22T11:23:11.000 3984.535396735480 3194.385609366860 -4481.608341613040 -1.70729722284071 6.71101777483044 3.26423036949117
2024-05-22T11:27:11.000 3435.009696372520 4669.429418683620 -3544.462126622860 -2.84436439518296 5.50580184365721 4.49778031012310
2024-05-22T11:31:11.000 2635.724652348730 5804.926177575580 -2348.871060224010 -3.77585718392643 3.89854089300962 5.40463794212785
2024-05-22T11:35:11.000 1644.569351473730 6517.802063915950 -981.813817389931 -4.43337378507833 2.00543267214429 5.91773218076776
2024-05-22T11:39:11.000 533.579678786377 6755.678200369070 456.978510658969 -4.76825337111123 -0.03549782834940 5.99862967062276
2024-05-22T11:43:11.000 -616.312509351912 6500.893291526110 1862.343722163880 -4.75550581804371 -2.07479536876950 5.64081791061862
2024-05-22T11:47:11.000 -1721.242458555370 5771.907685580870 3131.477889627600 -4.39586773874793 -3.96283473225086 4.87037442868259
2024-05-22T11:51:11.000 -2700.630292586880 4621.947468645600 4171.575006273060 -3.71577458136191 -5.56140365698106 3.74394603938526
2024-05-22T11:55:11.000 -3483.113487713930 3134.994522840010 4906.655460864730 -2.76506663960272 -6.75397926908881 2.34420748068649
2024-05-22T11:59:11.000 -4011.717700262770 1419.532681936950 5283.080149009530 -1.61303562717967 -7.45406632988657 0.77343913761862
2024-05-22T12:03:11.000 -4247.935817067460 -399.393261392222 5273.360749358500 -0.34334680878493 -7.61091394415341 -0.85401584511863
2024-05-22T12:07:11.000 -4174.471461344290 -2189.201356194610 4878.102318772700 0.95192518689611 -7.21280289279510 -2.41973199163949
2024-05-22T12:11:11.000 -3796.514680605170 -3819.307337600060 4126.008883491010 2.17856531203281 -6.28809392359418 -3.80937613776549
2024-05-22T12:15:11.000 -3141.447469494140 -5170.613065918850 3071.892499341460 3.24698766960650 -4.90360958022714 -4.92105290948821
2024-05-22T12:19:11.000 -2256.937822037320 -6144.250422312230 1792.769699166220 4.07877163726069 -3.16016947948113 -5.67278636057862
2024-05-22T12:23:11.000 -1207.529306997830 -6668.961007774990 382.284725518779 4.61264697046732 -1.18565124527568 -6.00894343870596
2024-05-22T12:27:11.000 -69.902866950729 -6706.489616249830 -1056.215278823590 4.80942560663442 0.87457393569285 -5.90486267116836
2024-05-22T12:31:11.000 1072.838343400700 -6254.450061712430 -2417.408867828830 4.65512550284569 2.86893527222551 -5.36885540716700
2024-05-22T12:35:11.000 2137.376112071830 -5346.389097572190 -3601.868024515550 4.16189277463201 4.65150532986624 -4.44133200345651
2024-05-22T12:39:11.000 3046.328835473730 -4049.083451677050 -4523.378560572950 3.36665756027633 6.09299575146349 -3.19120555962339
2024-05-22T12:43:11.000 3733.844496833570 -2457.405271441440 -5115.138099661400 2.32790294784290 7.08990383528157 -1.71025249816199
2024-05-22T12:47:11.000 4150.248057924720 -687.269639355833 -5334.423723498910 1.12110578903946 7.57130080381816 -0.10612292800288
2024-05-22T12:51:11.000 4265.476604536810 1132.749773887860 -5165.492291171910 -0.16673220599815 7.50313351455250 1.50529866026859
2024-05-22T12:55:11.000 4071.149207612630 2870.553247906900 -4620.622565443680 -1.44293610918928 6.89025177674976 3.00769952239019
2024-05-22T12:59:11.000 3581.180373068760 4399.881172993880 -3739.261019210750 -2.61545396483302 5.77621131102272 4.29229400526635
2024-05-22T13:03:11.000 2830.875659145850 5609.330355514130 -2585.308767843720 -3.59910906810897 4.24066840414692 5.26528951950772
2024-05-22T13:07:11.000 1874.534145473830 6410.485215385160 -1242.667085381030 -4.32181344286891 2.39446042924683 5.85490255041986
2024-05-22T13:11:11.000 781.616726271465 6744.530760369730 190.763971365881 -4.73014900074684 0.37195754341328 6.01706911877510
2024-05-22T13:15:11.000 -368.286479267529 6586.759834257430 1610.236851294700 -4.79370679071599 -1.67877411317127 5.73922091540482
2024-05-22T13:19:11.000 -1491.320182626820 5948.522975178960 2911.918106988310 -4.50760319949952 -3.60727200160392 5.04151668262807
2024-05-22T13:23:11.000 -2505.578089987210 4876.401970509090 4000.606180187320 -3.89283261004394 -5.27228664259228 3.97523781296889
2024-05-22T13:25:00.000 -2909.893486425990 4266.322148672640 4402.494633990850 -3.51645092846018 -5.90769953315495 3.38954884899892
2024-05-22T13:29:00.000 -3637.497879136660 2710.242745568790 5045.125800702770 -2.50986749718379 -6.98022710859377 1.93292359349074
2024-05-22T13:33:00.000 -4099.973119271800 956.624168280267 5318.987728889160 -1.32051714549340 -7.54385163390925 0.33525839970501
2024-05-22T13:37:00.000 -4263.611495803290 -866.715295070293 5204.062811778690 -0.03471938942349 -7.55766907113907 -1.28718199331789
2024-05-22T13:41:00.000 -4116.382478639380 -2626.857431010160 4708.622474174650 1.25425937827862 -7.02031851486498 -2.81631012776571
2024-05-22T13:45:00.000 -3668.834246478600 -4195.343262429650 3868.675600620950 2.45260208876552 -5.97017554719922 -4.14040240929271
2024-05-22T13:49:00.000 -2953.435051232700 -5457.514978577980 2745.476230125750 3.47260832302700 -4.48328751004976 -5.16214574625265
2024-05-22T13:53:00.000 -2022.294330462470 -6320.999055951170 1421.144261259500 4.23933525784137 -2.66820897542444 -5.80609174847504
2024-05-22T13:57:00.000 -943.395800146276 -6722.625900089040 -7.327991030698 4.69631784455465 -0.65826003865140 -6.02461013160817
2024-05-22T14:01:00.000 204.415164649519 -6633.206975357200 -1435.278272039010 4.81012583553406 1.39854848799698 -5.80186069591154
2024-05-22T14:05:00.000 1337.317506024580 -6059.688247111340 -2758.205676560150 4.57297462158162 3.35106661993508 -5.15498088846990
2024-05-22T14:09:00.000 2372.763653683410 -5044.500296110690 -3879.551109091180 4.00314031902870 5.05666868805667 -4.13253485075452
2024-05-22T14:13:00.000 3235.550650534940 -3662.184970883690 -4717.778678889910 3.14307046407372 6.39198408194214 -2.81025056208471
2024-05-22T14:17:00.000 3863.219266975650 -2013.711645614970 -5212.191178548680 2.05579971981321 7.26139165602302 -1.28492541387438
2024-05-22T14:21:00.000 4210.434436084070 -219.030500333248 -5327.134238292910 0.82012206607073 7.60314521907003 0.33280078951616
2024-05-22T14:25:00.000 4252.114323836420 1591.549868670470 -5054.401604285130 -0.47495961382347 7.39310347624909 1.92615115160283
2024-05-22T14:29:00.000 3985.162976175240 3286.600547128850 -4413.759295601430 -1.73624139347172 6.64611882277466 3.38009612337853
2024-05-22T14:33:00.000 3428.737765089740 4742.889250380620 -3451.595785912740 -2.87256517598774 5.41534299910487 4.58910458620624
2024-05-22T14:37:00.000 2622.981749946500 5854.244172302760 -2237.727817093710 -3.80124754664991 3.78904100465876 5.46467542408933
2024-05-22T14:41:00.000 1626.259843557300 6539.341032354230 -860.487442863518 -4.45408808118543 1.88485757718853 5.94202409224097
2024-05-22T14:45:00.000 511.018143744048 6747.822589293180 579.633604905668 -4.78274425711406 -0.15837046553519 5.98532360656294
2024-05-22T14:49:00.000 -641.489917293319 6464.178571918280 1977.355708294340 -4.76267468747040 -2.19092216311033 5.59081679785064
2024-05-22T14:53:00.000 -1747.204496305900 5708.998066157930 3230.427413238560 -4.39520095113538 -4.06365948874931 4.78734618916777
2024-05-22T14:57:00.000 -2725.489788145590 4537.428948538200 4247.223137337210 -3.70730662090894 -5.63955966775628 3.63399694115989
2024-05-22T15:01:00.000 -3505.056735704980 3035.023747922100 4953.470559408410 -2.74937849418720 -6.80379711416388 2.21534589365940
2024-05-22T15:05:00.000 -4029.137956753470 1311.396404963170 5297.628575063040 -1.59125687251690 -7.47187266246971 0.63506404712247
2024-05-22T15:09:00.000 -4259.549680469780 -507.803588030856 5254.567231117630 -0.31703730521704 -7.59536926222591 -0.99177873132961
2024-05-22T15:13:00.000 -4179.417804664640 -2289.968911547720 4827.334997520830 0.98084203561618 -7.16505641350114 -2.54678286172211
2024-05-22T15:17:00.000 -3794.413133621910 -3905.080099093480 4046.971095375310 2.20803644768022 -6.21163648690136 -3.91647621521999
2024-05-22T15:21:00.000 -3132.417745774760 -5235.119223670690 2970.345878670260 3.27488906901575 -4.80391429679334 -5.00036503741594
2024-05-22T15:25:00.000 -2241.613160077410 -6182.751612586920 1676.133670444430 4.10299436450465 -3.04448985497339 -5.71843674204882
2024-05-22T15:29:00.000 -1187.019951325380 -6678.622881992610 259.096671061307 4.63135820469049 -1.06248887213704 -6.01755531308394
2024-05-22T15:33:00.000 -45.707941203867 -6686.600659441880 -1176.934991279740 4.82124197388380 0.99614662741168 -5.87581169032935
2024-05-22T15:37:00.000 1098.953138615080 -6206.473451412370 -2526.826085197160 4.65921847770752 2.97998654653993 -5.30430727852146
2024-05-22T15:41:00.000 2163.514687703730 -5273.844519991450 -3691.987309988060 4.15799907110513 4.74394013444189 -4.34605966554060
2024-05-22T15:45:00.000 3070.597396036400 -3957.275366881990 -4587.627340659570 3.35506612945272 6.16011895892294 -3.07221880855502
2024-05-22T15:49:00.000 3754.488089002380 -2353.026014601970 -5148.840415793790 2.30946577605435 7.12691946213062 -1.57623829364415
2024-05-22T15:53:00.000 4165.769004330330 -577.903587392570 -5335.123701007230 1.09710191788396 7.57559427809477 0.03321524588429
2024-05-22T15:57:00.000 4274.732690292200 1239.164802359800 -5133.118716294890 -0.19462803144578 7.47439520705400 1.63990479945031
2024-05-22T16:01:00.000 4073.435751936720 2966.286540381010 -4557.489555988600 -1.47277823577284 6.83049372422734 3.12786427358522
2024-05-22T16:05:00.000 3576.284320930690 4477.948012937610 -3649.911310738120 -2.64509911331978 5.68962548849540 4.38925825736787
2024-05-22T16:09:00.000 2819.109075381310 5663.996253476370 -2476.204377286350 -3.62635262664540 4.13341839588814 5.33191637169379
2024-05-22T16:13:00.000 1856.727258080960 6437.697865495250 -1121.740465833800 -4.34458927208278 2.27434553750565 5.88616390693956
2024-05-22T16:17:00.000 759.052756297456 6742.252068548930 314.682004344150 -4.74677155031297 0.24783240779864 6.01057237497627
2024-05-22T16:21:00.000 -393.974812868895 6555.126363865020 1728.080407302180 -4.80296106675487 -1.79776010827000 5.69540933497581
2024-05-22T16:25:00.000 -1518.270930457530 5889.831390412560 3015.064118619710 -4.50880297858101 -3.71237615027168 4.96360622853802
2024-05-22T16:29:00.000 -2531.834992088520 4794.935975256910 4081.513409136640 -3.88588665793610 -5.35579983090243 3.86896774588524
2024-05-22T16:33:00.000 -3360.794856309710 3350.408396584940 4849.514676993370 -2.97988606205579 -6.60818502703115 2.49183886856133
2024-05-22T16:37:00.000 -3944.781080903130 1661.658713388540 5263.016295026290 -1.85691579504242 -7.37860122656897 0.93289688064171
2024-05-22T16:41:00.000 -4241.258343678080 -148.191134732009 5291.834612524740 -0.59856841878931 -7.61120449409308 -0.69426698394290
2024-05-22T16:45:00.000 -4228.557096018990 -1947.221438538390 4933.792808142200 0.70387575616653 -7.28892512102754 -2.27123702654447
2024-05-22T16:49:00.000 -3907.450998225470 -3604.212526404700 4214.886109235680 1.95576625360392 -6.43466579445480 -3.68302588707945
2024-05-22T16:53:00.000 -3301.164593149130 -4998.134433459450 3187.481202982910 3.06578920344526 -5.10999716147845 -4.82618399285897
2024-05-22T16:57:00.000 -2453.780456530650 -6027.014746061710 1926.621169092000 3.95250731954868 -3.41130906668837 -5.61642089290075
2024-05-22T17:01:00.000 -1427.106644523640 -6615.544480634710 524.590786083925 4.55061961896149 -1.46303562818710 -5.99528624484314
2024-05-22T17:05:00.000 -296.159299896636 -6720.759634212550 -915.882001774000 4.81612516393577 0.59138180152731 -5.93484089639601
2024-05-22T17:09:00.000 856.430042231847 -6335.297616616080 -2289.305887305380 4.72996630085307 2.60072534840034 -5.44014082941661
2024-05-22T17:13:00.000 1946.591969911620 -5487.830991991100 -3495.319690487070 4.29924777437950 4.41784044910487 -4.54854069055981
2024-05-22T17:17:00.000 2895.034270938920 -4240.736961038670 -4446.098184461250 3.55635105802954 5.91075644877156 -3.32638836523775
2024-05-22T17:21:00.000 3632.998898973500 -2685.275891176960 -5072.682270895460 2.55604323721290 6.97213437256396 -1.86349962053501
2024-05-22T17:25:00.000 4107.132194604470 -934.782530681462 -5329.812771125690 1.37112004265743 7.52635826205181 -0.26633932210723
2024-05-22T17:29:00.000 4283.187849828780 883.561459321003 -5199.014713649950 0.08707159359266 7.53419940351067 1.34966030133077
2024-05-22T17:33:00.000 4148.386143752450 2637.773533900490 -4689.814776726920 -1.20370704716064 6.99509630418946 2.86789480037580
2024-05-22T17:37:00.000 3712.332971001170 4200.414291433080 -3839.078573134810 -2.40812029753491 5.94730488769766 4.17844273937482
2024-05-22T17:41:00.000 3006.421862937710 5457.688979789840 -2708.482138398050 -3.43876739341434 4.46570329149783 5.18570730897757
2024-05-22T17:45:00.000 2081.706615533370 6317.727593004410 -1380.214344737260 -4.22023681443085 2.65712635531976 5.81544923353565
2024-05-22T17:49:00.000 1005.321056398630 6717.431561622240 48.886776725337 -4.69480392696019 0.65309756231842 6.02066577928044
2024-05-22T17:53:00.000 -144.358102011487 6627.307874042840 1474.396279763930 -4.82720793608417 -1.39963177617093 5.78562716862383
2024-05-22T17:57:00.000 -1283.506195500660 6053.776805228290 2792.047850036610 -4.60757387393583 -3.35051561649678 5.12738343104114
2024-05-22T18:01:00.000 -2329.049433303050 5038.684176801680 3905.477065147910 -4.05196849612242 -5.05671899175300 4.09427450591608
2024-05-22T18:05:00.000 -3204.772757539830 3656.164568824830 4733.320258918190 -3.20110501199589 -6.39368174531467 2.76215162933984
2024-05-22T18:09:00.000 -3846.888219815930 2007.122510953630 5215.149531956880 -2.11715134993512 -7.26422427395806 1.22850052445544
2024-05-22T18:13:00.000 -4208.634560632040 211.798873581808 5315.801732145740 -0.87893038414911 -7.60527295586891 -0.39492002137262
2024-05-22T18:17:00.000 -4263.605128882310 -1598.949740191330 5027.863048136860 0.42374839218929 -7.39192609953113 -1.98996553054990
2024-05-22T18:21:00.000 -4007.652566279780 -3293.070609439170 4372.217371233240 1.69627644813802 -6.63920687373929 -3.44036281841026
2024-05-22T18:25:00.000 -3459.246448646600 -4746.856198895790 3396.601818518960 2.84591423166889 -5.40127691571255 -4.63993825685035
2024-05-22T18:29:00.000 -2658.227803045570 -5853.981904429380 2172.250057145170 3.78838366561007 -3.76807322640898 -5.50031594476274
2024-05-22T18:33:00.000 -1662.998326323740 -6533.420122026290 788.752072412156 4.45433605701375 -1.85917552516983 -5.95792515697950
2024-05-22T18:37:00.000 -546.251935483516 -6735.529841377790 -652.542366918674 4.79478555378907 0.18507365897757 -5.97898713876494
2024-05-22T18:41:00.000 610.408660963371 -6445.807582049170 -2046.059573910270 4.78499516340427 2.21410388122890 -5.56238066025344
2024-05-22T18:45:00.000 1722.574944496370 -5685.915144856580 -3289.921408375130 4.42643020806113 4.07912810727685 -4.73972684049635
2024-05-22T18:49:00.000 2709.303857256940 -4511.863663315600 -4293.487276781100 3.74624775994617 5.64446206550753 -3.57238000851485
2024-05-22T18:53:00.000 3499.016196613340 -3009.650602437800 -4983.917289046430 2.79473992630687 6.79735487225763 -2.14630722354921
2024-05-22T18:57:00.000 4034.588290439740 -1288.807207584690 -5311.303234639610 1.64131420407522 7.45551717659317 -0.56544001966245
2024-05-22T19:01:00.000 4277.340192771890 525.585782862498 -5252.090013111670 0.36932198032975 7.57231904128369 1.05582906403447
2024-05-22T19:05:00.000 4209.692189203040 2301.832818744070 -4810.644408009370 -0.92973116977810 7.13951576251351 2.60053236274137
2024-05-22T19:09:00.000 3836.404692902050 3910.939442459970 -4018.932079982080 -2.16223437618844 6.18778725341959 3.95694905438865
2024-05-22T19:13:00.000 3184.316930172710 5235.800313804530 -2934.326914473930 -3.23887977284799 4.78503988718880 5.02631564663213
2024-05-22T19:17:00.000 2300.547446573370 6179.682493435180 -1635.627078305200 -4.08101838394043 3.03223188113687 5.72998373891728
2024-05-22T19:21:00.000 1249.210387887490 6673.405529908950 -217.462354767229 -4.62660570256878 1.05667210297689 6.01559095666406
2024-05-22T19:25:00.000 106.805218601012 6680.599007173720 1216.589658123350 -4.83516994733339 -0.99724991028537 5.86145599430180
2024-05-22T19:29:00.000 -1043.386811740480 6200.526345460570 2561.645033661810 -4.69106954479481 -2.97884778379829 5.27851037224241
2024-05-22T19:33:00.000 -2117.475992404840 5268.202826164760 3719.325827526230 -4.20490634941446 -4.74287388829324 4.30964833894001
2024-05-22T19:37:00.000 -3037.171984565290 3951.720921416390 4605.033170906380 -3.41236652800005 -6.16059295668243 3.02601413753064
2024-05-22T19:41:00.000 -3735.482050564170 2347.158848760790 5154.100855818930 -2.37130570385951 -7.12890652076383 1.52151609523445
2024-05-22T19:45:00.000 -4161.542028424140 571.522353644217 5326.449477755440 -1.15745169061788 -7.57753230254681 -0.09411244752514
2024-05-22T19:49:00.000 -4284.267445190970 -1245.763813244240 5109.444337387470 0.14109233574375 -7.47382971509897 -1.70328655470139
2024-05-22T19:53:00.000 -4094.583059838310 -2972.189494724560 4518.788731549870 1.43007922898726 -6.82487706451004 -3.18878860481777
2024-05-22T19:57:00.000 -3606.123569971990 -4481.710700594560 3597.458523022400 2.61561997194270 -5.67723750494483 -4.44192647718593
2024-05-22T20:01:00.000 -2854.343995156460 -5663.945940755440 2412.694927036010 3.61087952779854 -4.11417187850508 -5.37046926009883
2024-05-22T20:05:00.000 -1894.036158505870 -6432.364272978430 1051.169887666370 4.34261032441131 -2.25001310165944 -5.90578664549404
2024-05-22T20:09:00.000 -795.342533724599 -6730.798834678700 -387.377667707112 4.75699369682205 -0.22184780680271 -6.00837921207809
2024-05-22T20:13:00.000 361.449089602025 -6537.671070812410 -1797.571219856410 4.82384922151662 1.82104269865668 -5.67106517611288
2024-05-22T20:17:00.000 1491.890796047760 -5867.548528762160 -3076.266119326660 4.53890492175339 3.72867712140798 -4.91949436937629
2024-05-22T20:21:00.000 2513.657713394670 -4769.909038173760 -4130.215450430130 3.92394291577037 5.36198936020403 -3.80987688091688
2024-05-22T20:25:00.000 3352.582002520710 -3325.247995554540 -4882.866438444620 3.02463797692769 6.60310322224438 -2.42414662723530
2024-05-22T20:29:00.000 3947.956463344440 -1638.985011600860 -5279.777948306970 1.90674624239789 7.36331672001060 -0.86346695326942
2024-05-22T20:33:00.000 4256.780116018690 166.256131340629 -5292.366899899500 0.65117070662365 7.58870698422930 0.75912617714620
2024-05-22T20:37:00.000 4256.724948302170 1959.431401291620 -4919.821430717630 -0.65171147292551 7.26336910404518 2.32654852047806
2024-05-22T20:41:00.000 3947.683080833410 3610.357541882110 -4189.128741754240 -1.90813008519035 6.41035190248457 3.72554065855035
2024-05-22T20:45:00.000 3351.837743901000 4998.956198076460 -3153.223546208540 -3.02717079884960 5.09042706623149 4.85439572651846
2024-05-22T20:49:00.000 2512.199759138000 6023.921840089110 -1887.323434089920 -3.92724513341993 3.39842837256591 5.63028978875613
2024-05-22T20:53:00.000 1489.628481785610 6610.195175526170 -483.610315679018 -4.54215818708712 1.45699568564151 5.99562133562281
2024-05-22T20:57:00.000 358.486872196585 6714.645200446980 955.436403175589 -4.82635400562632 -0.59208722078070 5.92281683552748
2024-05-22T21:01:00.000 -798.799026975617 6329.404088577720 2324.596874813030 -4.75864291127229 -2.59863824543865 5.41678230163042
2024-05-22T21:05:00.000 -1897.827037573680 5482.512728834960 3523.721505882060 -4.34386683526249 -4.41551177949255 4.51460508467200
2024-05-22T21:09:00.000 -2858.465392175230 4235.820565893780 4465.157091255190 -3.61249780847088 -5.90991840268094 3.28260900296660
2024-05-22T21:13:00.000 -3610.728901558820 2680.330988801950 5080.161425370900 -2.61804587621150 -6.97314878234441 1.81103051504156
2024-05-22T21:17:00.000 -4099.830019674600 929.471336973543 5323.843172436830 -1.43283762091305 -7.52807896986539 0.20716554032600
2024-05-22T21:21:00.000 -4290.090269469150 -889.140474722340 5178.354894799300 -0.14287598851397 -7.53426352686643 -1.41223174526427
2024-05-22T21:25:00.000 -4167.519125131340 -2642.902247806980 4654.186333466940 1.15819479931349 -6.99086698201920 -2.92918822104208
2024-05-22T21:29:00.000 -3740.859050782230 -4203.799107420770 3789.451855440600 2.37567079021935 -5.93676747820490 -4.23280786559609
2024-05-22T21:33:00.000 -3041.045510667350 -5457.714396322880 2647.231092620220 3.42045542509231 -4.44829806058827 -5.22726539271244
2024-05-22T21:37:00.000 -2119.051707681900 -6312.861749588000 1311.053202882330 4.21571521606167 -2.63415436448789 -5.83906569397011
2024-05-22T21:41:00.000 -1042.212687812760 -6706.686837279590 -121.201169266416 4.70287221212023 -0.62771945603693 -6.02296268738395
2024-05-22T21:45:00.000 110.761282981735 -6610.595141524540 -1544.590803834020 4.84632510521908 1.42325822855801 -5.76574322847549
2024-05-22T21:49:00.000 1255.662329631740 -6032.038588432430 -2854.960879688120 4.63614727373845 3.36808128355585 -5.08710934889594
2024-05-22T21:51:56.000 2041.604039130230 -5324.635000398010 -3688.158259640550 4.26572575522663 4.64392980527447 -4.34997497251843
2024-05-22T21:55:56.000 2978.653383850270 -4029.914239264870 -4584.864070718560 3.49552667213078 6.07915669138355 -3.07713016150478
2024-05-22T21:59:56.000 3699.177411412260 -2442.215056548760 -5147.341523925150 2.47242698939611 7.07078654734141 -1.58180579182124
2024-05-22T22:03:56.000 4151.103169796620 -677.164824825530 -5335.004148095210 1.27079738061718 7.54829890267729 0.02735016102996
2024-05-22T22:07:56.000 4301.791338105610 1137.033551619200 -5134.405633056300 -0.02272541431846 7.47792883085846 1.63411338775218
2024-05-22T22:11:56.000 4140.286921240720 2868.706647617500 -4560.117309521920 -1.31509081426958 6.86467006292977 3.12254925891132
2024-05-22T22:15:56.000 3678.115981295850 4392.029621596650 -3653.720425896680 -2.51306087335203 5.75205702991984 4.38478106223615
2024-05-22T22:19:56.000 2948.564394197010 5596.033297061140 -2480.957002374050 -3.52961933090999 4.21972845903243 5.32858948569355
2024-05-22T22:23:56.000 2004.416983161870 6392.710048895550 -1127.118699359310 -4.29031339038103 2.37832543813159 5.88432635776966
2024-05-22T22:27:56.000 914.238084684296 6723.589756631770 309.063141981313 -4.73897233439681 0.36188860870031 6.01042093923690
2024-05-22T22:31:56.000 -242.590399005840 6564.220831281690 1722.632998350020 -4.84225169837782 -1.68192192029874 5.69698950446864
2024-05-22T22:35:56.000 -1381.722104073560 5926.093430506000 3010.200074038040 -4.59240103951374 -3.60321849780420 4.96686824656568
2024-05-22T22:39:56.000 -2420.092312349610 4855.778431537250 4077.614030172520 -4.00773873025524 -5.26139319496665 3.87369312770827
2024-05-22T22:43:56.000 -3282.020607574360 3431.428237114250 4846.890491505510 -3.13108927252451 -6.53548770482932 2.49767146874595
2024-05-22T22:47:56.000 -3904.732067239910 1756.963877201770 5261.880377642330 -2.02644204968554 -7.33300635202339 0.93938125770289
2024-05-22T22:51:56.000 -4242.857905134870 -45.561031874103 5292.275189752760 -0.77396750726023 -7.59613682511086 -0.68772477624290
2024-05-22T22:55:56.000 -4271.664326748060 -1844.766042266260 4935.746817078630 0.53551017384438 -7.30541582523181 -2.26526067328259
2024-05-22T22:59:56.000 -3988.876154904510 -3509.390898493710 4218.158953255250 1.80678294534186 -6.48137940261655 -3.67807997674439
2024-05-22T23:03:56.000 -3414.912713735860 -4917.819284276150 3191.784786877450 2.94705692394307 -5.18342187368769 -4.82258737347739
2024-05-22T23:07:56.000 -2591.503998679970 -5966.998057390770 1931.602539970870 3.87265665921305 -3.50598834641111 -5.61438334739613
2024-05-22T23:11:56.000 -1578.721749551050 -6580.122994824060 529.869535672077 4.51540826698377 -1.57207379510193 -5.99485111849241
2024-05-22T23:15:56.000 -450.581363211460 -6712.443353170370 -910.694282540955 4.82807074993297 0.47593388058977 -5.93602699900704
2024-05-22T23:19:56.000 710.469778287069 -6354.617775721280 -2284.587891334890 4.78809093573159 2.48727860151256 -5.44284400567353
2024-05-22T23:23:56.000 1819.720681672920 -5533.307926412550 -3491.409885679720 4.39920853789095 4.31463472931307 -4.55252438115431
2024-05-22T23:27:56.000 2796.464140527210 -4309.000195492210 -4443.265143827950 3.69077803135736 5.82521302697644 -3.33131944234981
2024-05-22T23:31:56.000 3569.865725684560 -2771.325997616350 -5071.113013175120 2.71512233496992 6.91033932609551 -1.86904228701768
2024-05-22T23:35:56.000 4083.995622377000 -1032.357016059330 -5329.611419526370 1.54332879190208 7.49268495237706 -0.27214019152378
2024-05-22T23:39:56.000 4301.721476439440 781.542311358823 -5200.202921467610 0.26001572212512 7.53106629018503 1.34394260503068
2024-05-22T23:43:56.000 4207.262421013950 2538.718592556490 -4692.327934618430 -1.04250087864431 7.02279696250056 2.86263507640601
2024-05-22T23:47:56.000 3807.307709396900 4111.538487082330 -3842.760341717100 -2.27034656023716 6.00392761077793 4.17402801023462
2024-05-22T23:51:56.000 3130.623084949820 5385.487556454230 -2713.087000065320 -3.33447747988534 4.54719509207790 5.18247875648821
2024-05-22T23:55:56.000 2226.130529266160 6267.498184088680 -1385.426331559450 -4.15703870625279 2.75763810363704 5.81364896799444
2024-05-22T23:59:56.000 1159.477381475410 6692.898461953670 43.434792569712 -4.67742537263379 0.76540955331990 6.02049398756182
2024-05-23T00:03:56.000 8.297951947462 6630.324329435320 1469.107838703510 -4.85701583107974 -1.28378881352724 5.78715606048763
2024-05-23T00:07:56.000 -1143.481045526580 6084.166421746500 2787.319169919570 -4.68237459840914 -3.23964358339328 5.13049041690353
2024-05-23T00:11:56.000 -2211.861268628640 5094.272318097450 3901.663771412550 -4.16631946277838 -4.95888899509494 4.09875772883147
2024-05-23T00:15:56.000 -3118.971793242150 3732.933857015350 4730.719896636530 -3.34671464767049 -6.31610676732015 2.76770471302347
2024-05-23T00:19:56.000 -3798.737324952930 2099.487161945790 5213.961755821850 -2.28336511951180 -7.21263510677191 1.23463835424940
2024-05-23T00:23:56.000 -4201.642220729950 313.026174646242 5316.110205008100 -1.05359571581646 -7.58347362963035 -0.38867093029498
2024-05-23T00:27:56.000 -4298.263319531010 -1496.252742524130 5029.630680716500 0.25347529099088 -7.40155078960714 -1.98415082721008
2024-05-23T00:31:56.000 -4081.385213842640 -3196.398802479650 4375.274295926230 1.54293606201752 -6.67945847672505 -3.43550899158373
2024-05-23T00:35:56.000 -3566.610953476660 -4663.231773962860 3400.672819017280 2.72069607893480 -5.46907776949977 -4.63638994918542
2024-05-23T00:39:56.000 -2791.332942614130 -5789.448729656930 2176.988592595900 3.70040385007667 -3.85836888606979 -5.49832548390672
2024-05-23T00:43:56.000 -1812.084191925880 -6492.600556539330 793.774768763870 4.40994046261097 -1.96527433405541 -5.95753750344945
2024-05-23T00:47:56.000 -700.416406099462 -6721.306923746780 -647.611721860115 4.79710148787419 0.07088054208671 -5.98013525932267
2024-05-23T00:51:56.000 462.414582362977 -6459.130409719580 -2041.581374693640 4.83376495640329 2.10016046424134 -5.56496514347947
2024-05-23T00:55:56.000 1591.525357684660 -5725.722911681280 -3286.210060195850 4.51798421121364 3.97370505252463 -4.74348319205085
2024-05-23T00:59:56.000 2604.712477674450 -4575.181165084680 -4290.784940013610 3.87381786663266 5.55514822130354 -3.57697415809410
2024-05-23T01:03:56.000 3428.451130905020 -3091.818921124910 -4982.382076212000 2.94898678597627 6.73051295765316 -2.15138101198517
2024-05-23T01:07:56.000 4003.135623017330 -1383.829429041730 -5311.009085054690 1.81101560536908 7.41587834770586 -0.57065331155641
2024-05-23T01:11:56.000 4287.246210128150 424.613315117767 -5253.030789461620 0.54218988537070 7.56266195577328 1.05080126995050
2024-05-23T01:15:56.000 4260.217058857610 2202.231670587530 -4812.740414067450 -0.76616066430884 7.16054106546899 2.59598503457303
2024-05-23T01:19:56.000 3923.874711404380 3819.942345863330 -4022.030267717150 -2.01980549373749 6.23803819779071 3.95320102982548
2024-05-23T01:23:56.000 3302.375564817030 5160.028655502730 -2938.197532426510 -3.12796248117282 4.86089610094485 5.02366541628126
2024-05-23T01:27:56.000 2440.607633107420 6124.656181289320 -1639.982689428980 -4.00971860737650 3.12819883518765 5.72861439040275
2024-05-23T01:31:56.000 1401.074565926750 6643.138524984230 -221.985412645103 -4.60014008635567 1.16578103963372 6.01556892907172
2024-05-23T01:35:56.000 259.412153025020 6677.313149742600 1212.224935830190 -4.85549354223705 -0.88288211662617 5.86279901253815
2024-05-23T01:39:56.000 -901.165834625559 6224.484062527990 2557.763256445910 -4.75677207111010 -2.86759510890647 5.28116438373396
2024-05-23T01:43:56.000 -1996.018417360080 5317.663123306240 3716.213599131130 -4.31116194545584 -4.64289523030523 4.31336352934337
2024-05-23T01:47:56.000 -2945.328806580040 4023.087719305460 4602.915051530170 -3.55138325099660 -6.07912639850951 3.03054034824688
2024-05-23T01:51:56.000 -3679.941891907110 2435.247140302680 5153.139002395810 -2.53296974843078 -7.07188906520749 1.52656872038351
2024-05-23T01:55:56.000 -4146.354340836570 669.919962018236 5326.723061174520 -1.33000163125689 -7.54916737813886 -0.08894212156349
2024-05-23T01:59:56.000 -4310.541218514260 -1144.228450498600 5110.933150306130 -0.02974916414300 -7.47621671037711 -1.69838940848546
2024-05-23T02:03:56.000 -4160.393703693240 -2874.927041777200 4521.382394374590 1.27347950107011 -6.85787918370970 -3.18453645217103
2024-05-23T02:07:56.000 -3706.643901161640 -4395.823615395220 3600.961804025630 2.48475572318386 -5.73844101662557 -4.43865853082377
2024-05-23T02:11:56.000 -2982.201418399780 -5595.695698968450 2416.835565483000 3.51533465396512 -4.19903226105247 -5.36845912260473
2024-05-23T02:15:56.000 -2039.855964068160 -6386.705691112350 1055.625815369020 4.28938346335692 -2.35224202326821 -5.90517946928566
2024-05-23T02:19:56.000 -948.442315298762 -6711.011597337250 -382.942843248247 4.74990913092686 -0.33388241618329 -6.00914341757006
2024-05-23T02:23:56.000 212.260331648751 -6545.134207356010 -1793.470993101860 4.86330945663448 1.70737328636166 -5.67306690464973
2024-05-23T02:27:56.000 1357.494498974560 -5901.659384644280 -3072.778329533980 4.62194496617483 3.62164093360534 -4.92255690412594
2024-05-23T02:31:56.000 2403.834708499210 -4828.126640043490 -4127.562903888450 4.04441081570839 5.26935571320630 -3.81372217674276
2024-05-23T02:35:56.000 3275.299107986460 -3403.288136874340 -4881.198542402890 3.17366795194189 6.53154326631769 -2.42845119991424
2024-05-23T02:39:56.000 3908.792733022610 -1731.141969209600 -5279.164259035300 2.07342895881562 7.31793467014115 -0.86789145531317
2024-05-23T02:43:56.000 4258.531042828360 66.688278722807 -5292.797507423550 0.82335932545371 7.57269049690715 0.75489740755704
2024-05-23T02:47:56.000 4299.209358858200 1859.671666306130 -4921.216059941300 -0.48651510258937 7.27778395208651 2.32278331111414
2024-05-23T02:51:56.000 4027.771346581570 3517.624173221710 -4191.350306554790 -1.76186433302171 6.45414204616583 3.72245038873280
2024-05-23T02:55:56.000 3463.678268504070 4919.963882740420 -3156.082584821910 -2.91045351121413 5.16044928990745 4.85221049493036
2024-05-23T02:59:56.000 2647.627872253560 5964.388306423260 -1890.580707077690 -3.84860465992807 3.48956274596102 5.62917149165679
2024-05-23T03:03:56.000 1638.757184751590 6574.412129338700 -487.003791007620 -4.50732196832309 1.56256629643687 5.99559938542228
2024-05-23T03:07:56.000 510.436285520645 6705.171066208020 952.161676486402 -4.83782081870371 -0.47974630839225 5.92381242075227
2024-05-23T03:11:56.000 -655.104575364995 6346.895828300080 2321.673056300620 -4.81554709728302 -2.48762092596252 5.41869448575438
2024-05-23T03:15:56.000 -1772.861435271620 5525.681651792920 3521.355141878050 -4.44208274558002 -4.31385687828118 4.51731127378098
2024-05-23T03:19:56.000 -2761.340673733810 4301.514814188710 4463.517852419320 -3.74486669294456 -5.82500704561138 3.28592736549310
2024-05-23T03:23:56.000 -3548.523209090990 2763.764468099580 5079.369918757120 -2.77488343913709 -6.91112420007163 1.81473972977258
2024-05-23T03:27:56.000 -4077.074576603760 1024.579830412690 5323.969830713360 -1.60275819727336 -7.49341221766802 0.21107608967470
2024-05-23T03:31:56.000 -4308.459386682120 -789.276778269302 5179.419432639370 -0.31357030255144 -7.52956022703593 -1.40837950828298
2024-05-23T03:35:56.000 -4225.699307422350 -2545.568899261960 4656.139248241800 0.99916123187310 -7.01654200176038 -2.92567862719143
2024-05-23T03:39:56.000 -3834.631721587420 -4116.116650398100 3792.178890549460 2.23992647544088 -5.99103343617825 -4.22991079935095
2024-05-23T03:43:56.000 -3163.583397924970 -5386.115129504730 2650.556029479700 3.31796558594296 -4.52724917059298 -5.22521450721371
2024-05-23T03:47:56.000 -2261.413431219670 -6262.616255583890 1314.748470367240 4.15403141334345 -2.73205921471414 -5.83805884127780
2024-05-23T03:51:56.000 -1193.992914569900 -6681.502136235170 -117.403562132328 4.68655059754167 -0.73735541351375 -6.02311882413692
2024-05-23T03:55:56.000 -39.341476591621 -6612.329011965550 -1540.966431063890 4.87653123815705 1.30994750198250 -5.76701714067120
2024-05-23T03:59:56.000 1118.200863693990 -6060.580603569750 -2851.767637121750 4.71063413231299 3.25936145875198 -5.08941050670279
2024-05-23T04:03:56.000 2194.269585726320 -5067.102200714390 -3954.154290405930 4.20191143582327 4.96856697013784 -4.04109060912692
2024-05-23T04:07:56.000 3110.675761237710 -3704.852341618830 -4767.985250823110 3.38838402860392 6.31389623597281 -2.69963511930190
2024-05-23T04:11:56.000 3801.039425699340 -2073.340225439460 -5234.343143411870 2.32974714746627 7.19899579161461 -1.16317504942497
2024-05-23T04:15:56.000 4215.454487821080 -291.285834032295 -5319.606582487610 1.10275004857431 7.56095065987848 0.45688212273257
2024-05-23T04:19:56.000 4323.947552991320 1511.907783133470 -5017.715541107090 -0.20420852044080 7.37410625615007 2.04357364619436
2024-05-23T04:23:56.000 4118.565409751600 3205.333946949060 -4350.556084833620 -1.49705002781792 6.65165779140059 3.48229370623002
2024-05-23T04:27:56.000 3613.987061145380 4665.873850275290 -3366.456276890180 -2.68234014790330 5.44502066739134 4.66858604285501
2024-05-23T04:31:56.000 2846.578599848100 5787.052229137100 -2136.840023409860 -3.67387407628083 3.84072903810788 5.51561959953493
2024-05-23T04:35:56.000 1871.899808614110 6486.833700019680 -751.196624139037 -4.39889619617931 1.95478636896838 5.96066270475418
2024-05-23T04:39:56.000 760.784444741922 6713.789676852780 689.349439897431 -4.80376223636643 -0.07527484163914 5.97018623887026
2024-05-23T04:43:56.000 -405.815066366367 6451.081507858720 2079.465128293230 -4.85837015264487 -2.10060660582575 5.54296128906775
2024-05-23T04:47:56.000 -1542.811190174260 5717.792577387180 3317.454216240310 -4.55858741606224 -3.97265022796854 4.71028946205140
2024-05-23T04:51:56.000 -2567.285739518930 4567.487886501670 4312.801362191100 -3.92647891497434 -5.55444858274372 3.53342351705898
2024-05-23T04:55:56.000 -3404.584933014580 3084.170151421390 4992.815082698470 -3.00835852919172 -6.73083889166002 2.09864554235858
2024-05-23T04:59:56.000 -3993.724782586070 1376.041989316900 5307.866753726500 -1.87109987097542 -7.41646296262134 0.51067858975998
2024-05-23T05:03:56.000 -4291.760542207670 -432.381018247681 5234.929555251630 -0.59726940080910 -7.56151231711439 -1.11483882687612
2024-05-23T05:07:56.000 -4276.873546771220 -2209.265528673460 4779.220631965290 0.72070400466324 -7.15516063533816 -2.65958486533579
2024-05-23T05:11:56.000 -3949.966989549590 -3824.955299303420 3973.851622919140 1.98698057426601 -6.22631693387318 -4.01075236445681
2024-05-23T05:15:56.000 -3334.687505501990 -5161.377253003640 2877.538905434100 3.10903278886282 -4.84210331967270 -5.06913009684996
2024-05-23T05:19:56.000 -2475.807414009860 -6120.735775001010 1570.415514097480 4.00443906514130 -3.10342825444448 -5.75659343559053
2024-05-23T05:23:56.000 -1436.020596161310 -6632.831179807020 148.201794062486 4.60727643489749 -1.13793365197014 -6.02226501889578
2024-05-23T05:27:56.000 -291.325557450445 -6660.365059630280 -1284.885952572350 4.87333007513166 0.90960539152760 -5.84673152355591
2024-05-23T05:31:56.000 874.643989649814 -6201.720970481980 -2623.939221548200 4.78360250844344 2.88858870755095 -5.24364111195088
2024-05-23T05:35:56.000 1976.869526853220 -5290.948640619960 -3771.181839560170 4.34555865798285 4.65431276994263 -4.25833646272977
2024-05-23T05:39:56.000 2935.219053491800 -3995.015671830500 -4643.151040107490 3.59210658643899 6.07884036294443 -2.96389360499626
2024-05-23T05:43:56.000 3680.232248209570 -2408.667915248030 -5176.670744823630 2.57866221059210 7.05992651557833 -1.45519393189246
2024-05-23T05:47:56.000 4158.034750220670 -647.409860144123 -5333.249705646220 1.37886797197504 7.52775628684327 0.15820560255701
2024-05-23T05:51:56.000 4334.080710330790 1160.838862723720 -5101.678067655990 0.07920846507438 7.44917936591530 1.75981057256077
2024-05-23T05:55:56.000 4195.545268539850 2884.818870031750 -4498.757720974650 -1.22679467358870 6.82968073243794 3.23399309633257
2024-05-23T05:59:56.000 3752.269305698200 4399.234417718360 -3568.151097397440 -2.44486299696880 5.71324833600845 4.47384604908296
2024-05-23T06:03:56.000 3036.160444016490 5593.735112773640 -2377.373051023850 -3.48647546308711 4.17982041143149 5.38870821859057
2024-05-23T06:07:56.000 2099.027793309950 6380.991223052690 -1013.052047134090 -4.27536206582667 2.34020497436381 5.91101616665489
2024-05-23T06:11:56.000 1008.922934021470 6703.212887073860 425.294184350910 -4.75330459261191 0.32829465785092 6.00163323872434
2024-05-23T06:15:56.000 -154.770277519601 6536.575762720140 1832.522962906260 -4.88476305581603 -1.70851794466735 5.65324271135971
2024-05-23T06:19:56.000 -1307.186213120940 5893.111609017050 3105.682996483980 -4.65989527177925 -3.62080670825108 4.89128798727039
2024-05-23T06:23:56.000 -2364.268307853420 4819.802675103710 4151.668149815650 -4.09521608035482 -5.26858527747437 3.77179704885589
2024-05-23T06:27:56.000 -3248.959441764870 3395.042010077390 4894.062206592990 -3.23213386903233 -6.53168709632107 2.37692655739889
2024-05-23T06:31:56.000 -3896.814591256450 1722.795309633070 5278.684578517510 -2.13364337828383 -7.31842299227978 0.80861467664105
2024-05-23T06:35:56.000 -4260.628460050520 -75.024786276358 5277.445893877560 -0.87952846768753 -7.57174046671505 -0.81894549349170
2024-05-23T06:39:56.000 -4313.801999048080 -1867.363804790970 4890.340609279910 0.43924727762592 -7.27294944848778 -2.38726789247388
2024-05-23T06:43:56.000 -4052.291162354000 -3523.463847369280 4145.485175735670 1.72682033306086 -6.44324311102702 -3.78189896078680
2024-05-23T06:47:56.000 -3494.965170577450 -4922.337937076380 3097.158843740020 2.88922238065177 -5.14243289480500 -4.90057335453757
2024-05-23T06:51:56.000 -2682.342650166040 -5961.641994158280 1821.956563179890 3.84115420994576 -3.46520591538736 -5.66079391394696
2024-05-23T06:55:56.000 -1673.712361133550 -6565.312651168790 413.239848394798 4.51252171421455 -1.53457199181553 -6.00628093803649
2024-05-23T06:59:56.000 -542.788476654939 -6689.316510400080 -1025.761415169620 4.85401854366528 0.50729200972372 -5.91166915458899
2024-05-23T07:03:56.000 627.785467136013 -6324.942425334500 -2389.675595978690 4.84101346408919 2.51015009825851 -5.38456448281202
2024-05-23T07:07:56.000 1752.606728406560 -5499.337407814550 -3578.855243164670 4.47524391030842 4.32733682112110 -4.46470965550487
2024-05-23T07:11:56.000 2749.836321535260 -4273.297724053680 -4506.727904867400 3.78442584232401 5.82687561337364 -3.22052260718943
2024-05-23T07:15:56.000 3547.159378064760 -2736.551994793700 -5106.027405398840 2.81960012535540 6.90102450580966 -1.74338349696068
2024-05-23T07:19:56.000 4086.901402340010 -1001.057560128330 -5333.481323467160 1.65096241676427 7.47323722069484 -0.14064889339545
2024-05-23T07:23:56.000 4330.041613874520 807.096706801523 -5172.757495906410 0.36285563442831 7.50292637492638 1.47183971702285
2024-05-23T07:27:56.000 4258.922074318470 2556.668866363450 -4635.545388376230 -0.95205288282491 6.98793555870912 2.97773235606047
2024-05-23T07:31:56.000 3878.508938281520 4120.549932592010 -3760.739327039860 -2.19894452187908 5.96472988693053 4.26795553619206
2024-05-23T07:35:56.000 3216.139313993820 5384.845990827560 -2611.774840622170 -3.28731915018223 4.50643440113178 5.24831469383923
2024-05-23T07:39:56.000 2319.693053678350 6257.178461259670 -1272.196598260490 -4.13754635528201 2.71823751283306 5.84649993598147
2024-05-23T07:43:56.000 1254.240424042600 6673.578837042550 160.314904865648 -4.68697193219676 0.73028740286688 6.01786582834261
2024-05-23T07:47:56.000 97.332157193122 6603.356363630750 1581.089465818490 -4.89491744378819 -1.31201288584528 5.74920818026592
2024-05-23T07:51:56.000 -1066.686199832900 6051.466432358400 2886.203541553600 -4.74583567842410 -3.25888556677150 5.05995944002143
2024-05-23T07:55:56.000 -2152.913999036610 5058.185839728930 3980.202846291690 -4.25067679733254 -4.96768671452312 4.00078390101899
2024-05-23T07:59:56.000 -3082.172930493450 3696.065838789640 4783.149755369800 -3.44579279371665 -6.31376998213198 2.64944060700377
2024-05-23T08:03:56.000 -3786.766481733390 2064.511030015030 5236.430410974960 -2.38991408618140 -7.19930156682387 1.10475926530709
2024-05-23T08:07:56.000 -4215.359679629680 282.484242496156 5306.959096490280 -1.15980753204041 -7.56006526564624 -0.52066914756557
2024-05-23T08:11:56.000 -4336.658067188000 -1520.125666768900 4989.517118860720 0.15529105250633 -7.36972041627383 -2.10858001595123
2024-05-23T08:15:56.000 -4141.662135902190 -3211.849432974350 4307.133329993150 1.45987280049016 -6.64154489067499 -3.54319308496005
2024-05-23T08:19:56.000 -3644.392266950440 -4669.137058165850 3309.504983900810 2.65878489205011 -5.42794372852714 -4.71941612107697
2024-05-23T08:23:56.000 -2880.965155271530 -5785.403767441740 2069.486401162010 3.66416637681313 -3.81711581827220 -5.55057847513428
2024-05-23T08:27:56.000 -1907.045595478580 -6478.957326894650 677.831350162608 4.40204607972762 -1.92705519868169 -5.97520546434125
2024-05-23T08:31:56.000 -793.788661694054 -6699.148410820910 -763.497546195909 4.81816424230853 0.10317582036367 -5.96200486445713
2024-05-23T08:35:56.000 377.442602526792 -6430.181509362270 -2148.936427864680 4.88228742753335 2.12409602542120 -5.51246767561935
2024-05-23T08:39:56.000 1521.165663013980 -5692.214250527080 -3377.216472014680 4.59049658528962 3.98754245363088 -4.66060185428197
2024-05-23T08:43:56.000 2554.126817148190 -4539.662016195500 -4358.851959467250 3.96508424035170 5.55798641198515 -3.46987733029821
2024-05-23T08:47:56.000 3401.366626658210 -3056.952001088780 -5022.612565284910 3.05236570285930 6.72230164581978 -2.02792980306112
2024-05-23T08:51:56.000 4001.566260055910 -1352.188842900830 -5320.538526856160 1.91895517164574 7.39740023673665 -0.43980801614669
2024-05-23T08:55:56.000 4311.335531269280 450.728241364277 -5231.204303075090 0.64674661621469 7.53537844277742 1.17969378954938
2024-05-23T08:59:56.000 4308.214672262540 2220.930530242620 -4761.141099273590 -0.67271646518456 7.12638382506756 2.71370149995789
2024-05-23T09:03:56.000 3992.264507930170 3829.849254821390 -3944.382044906660 -1.94436285723294 6.19934770850280 4.05122724167981
2024-05-23T09:07:56.000 3386.143840634270 5160.371960859160 -2840.124933114010 -3.07603510923130 4.82036492355431 5.09478051540933
2024-05-23T09:11:56.000 2533.619486891790 6115.342926829250 -1528.623342053650 -3.98508366452746 3.08875050692561 5.76753129544958
2024-05-23T09:15:56.000 1496.525517218210 6624.777674730740 -105.464597482475 -4.60456824900391 1.13029193574565 6.01938948497114
2024-05-23T09:19:56.000 350.330055286802 6651.175554172310 1325.390790191180 -4.88859766162804 -0.91178948045521 5.83118661484583
2024-05-23T09:23:56.000 -821.408649078690 6192.423174615190 2659.295111271130 -4.81610337905369 -2.88773796226425 5.21642093099932
2024-05-23T09:27:56.000 -1933.232416515730 5281.977500457440 3798.681398457490 -4.39238829228987 -4.65277549877465 4.22020182118104
2024-05-23T09:31:56.000 -2904.087073077440 3986.351213622850 4660.272106906030 -3.64860170340264 -6.07794261273690 2.91573949035563
2024-05-23T09:35:56.000 -3663.252856373900 2400.121944604670 5181.175245047380 -2.63910098681852 -7.05972756863613 1.39852297620657
2024-05-23T09:39:56.000 -4155.430695800650 638.950958749393 5323.367666139880 -1.43725715797371 -7.52689966604740 -0.22088914073572
2024-05-23T09:43:56.000 -4344.703710424720 -1168.789614663310 5076.408164073270 -0.13026739869614 -7.44539477009655 -1.82458812554942
2024-05-23T09:47:56.000 -4217.136210837440 -2891.279218677980 4458.196580076120 1.18697236449409 -6.82071271336826 -3.29570602994831
2024-05-23T09:51:56.000 -3781.829467068920 -4402.763750313230 3513.731385262600 2.41850050008024 -5.69766510843616 -4.52662049461828
2024-05-23T09:55:56.000 -3070.360864799220 -5592.721105881700 2311.946884632670 3.47413668511246 -4.15770343479977 -5.42673666787884
2024-05-23T09:59:56.000 -2134.576409283360 -6374.059889441630 940.767666131256 4.27624195805362 -2.31349348940884 -5.92947188248219
2024-05-23T10:03:56.000 -1042.831436186050 -6689.675182191600 -499.352328966468 4.76579965919767 -0.30067392279499 -5.99771040433388
2024-05-23T10:07:56.000 125.078371987401 -6516.750738660580 -1902.916491435460 4.90712133502821 1.73252367119303 -5.62684263397886
2024-05-23T10:11:56.000 1283.882703188070 -5868.398823780850 -3167.280682097650 4.69053263355064 3.63688595879412 -4.84504157466951
2024-05-23T10:15:56.000 2349.177629558340 -4792.508576885650 -4200.265652038790 4.13281890004905 5.27365817398484 -3.71070270287125
2024-05-23T10:19:56.000 3243.608928513000 -3367.975536058610 -4926.857165951540 3.27548177290904 6.52473687555342 -2.30748079210789
2024-05-23T10:23:56.000 3902.410438696890 -1698.739013900090 -5294.504154879380 2.18121528529829 7.30066481544942 -0.73773709002458
2024-05-23T10:27:56.000 4277.942540297220 93.819854654124 -5276.734346807680 0.92919541755704 7.54631246957318 0.88485559088775
2024-05-23T10:31:56.000 4343.002879029890 1879.569339196080 -4874.920966498070 -0.39042901484029 7.24423731539876 2.44325038273272
2024-05-23T10:35:56.000 4092.734767420770 3528.836870913310 -4118.156458559140 -1.68262480432496 6.41572501589440 3.82477410799693
2024-05-23T10:39:56.000 3545.039724488980 4921.631521009350 -3061.273159789560 -2.85388107459044 5.11978295470428 4.92889688259467
2024-05-23T10:43:56.000 2739.419334337050 5956.310497102290 -1781.037920527310 -3.81877637471906 3.44951496035700 5.67448373991230
2024-05-23T10:47:56.000 1734.266143719440 6557.097128282910 -370.718789184435 -4.50635934974170 1.52612484093073 6.00612084545556
2024-05-23T10:51:56.000 602.685157259899 6679.816098896250 1066.692106716420 -4.86577756087872 -0.50989344284555 5.89875325517128
2024-05-23T10:55:56.000 -572.847249344530 6315.288607516500 2426.072467610300 -4.87033300318673 -2.50924217620026 5.35983875872818
2024-05-23T10:59:56.000 -1706.586975466940 5490.079953917710 3607.979740269630 -4.51966324585000 -4.32531636689714 4.42894492811610
2024-05-23T11:03:56.000 -2715.867368614850 4264.482031751720 4526.016963020620 -3.83957347069234 -5.82538506532399 3.17448318976536
2024-05-23T11:07:56.000 -3527.156436038240 2727.988634515540 5113.158414042950 -2.87984180329008 -6.90033841469257 1.68840310274995
2024-05-23T11:11:56.000 -4081.369188642660 992.658687894481 5326.566051588280 -1.71033371215930 -7.47227689489931 0.07906342765570
2024-05-23T11:15:56.000 -4338.094732248260 -815.030056073238 5150.611918290630 -0.41586282551092 -7.49959922074593 -1.53646074289915
2024-05-23T11:19:56.000 -4278.494189880480 -2563.277322360770 4598.009510228870 0.90963554928244 -6.97986053995377 -3.04043880785069
2024-05-23T11:23:56.000 -3906.720070318080 -4124.477118788300 3708.964853972810 2.16965374051996 -5.95029865281227 -4.32289993770782
2024-05-23T11:27:56.000 -3249.699592637710 -5384.510942811350 2548.340180428750 3.27205387935609 -4.48546022677242 -5.28959326895278
2024-05-23T11:31:56.000 -2355.272729522410 -6251.167007106660 1201.014918172720 4.13580729087793 -2.69232350182204 -5.86906501513558
2024-05-23T11:35:56.000 -1288.751984832400 -6661.065937651990 -234.319272039902 4.69731899867566 -0.70268054702905 -6.01847028353234
2024-05-23T11:39:56.000 -128.094736395993 -6584.449101620270 -1652.501011944920 4.91550817410876 1.33691056736724 -5.72711628900178
2024-05-23T11:43:56.000 1041.924258987630 -6027.362778390720 -2949.774055051830 4.77499665494932 3.27660839831811 -5.01728802326962
2024-05-23T11:47:56.000 2136.037332727720 -5031.041534941810 -4031.501584522090 4.28700566707601 4.97488306240535 -3.94212255617311
2024-05-23T11:51:56.000 3074.748226873090 -3668.629088423990 -4819.069143285830 3.48802286791497 6.30894996372644 -2.58108029934088
2024-05-23T11:55:56.000 3790.050025597030 -2039.615430932430 -5255.473637708500 2.43665153112344 7.18326656830769 -1.03363174852190
2024-05-23T11:59:56.000 4230.212373120050 -262.514299703362 -5309.257837867300 1.20908115177278 7.53566103711722 0.58808345606430
2024-05-23T12:03:56.000 4363.369398720800 1533.639226450730 -4976.626913249180 -0.10627152985040 7.34107881958601 2.16698550360260
2024-05-23T12:07:56.000 4179.755202475810 3218.441068155320 -4281.682778106700 -1.41471477386797 6.61323707117077 3.58902204300904
2024-05-23T12:11:56.000 3692.441995481280 4669.372674561970 -3274.758969499800 -2.62168260747905 5.40382730240875 4.75088256922840
2024-05-23T12:15:56.000 2936.532942281140 5780.615312771670 -2028.956231847410 -3.63927467018425 3.79961963818299 5.56735531470778
2024-05-23T12:19:56.000 1966.767370593800 6470.842426509400 -634.983154696222 -4.39279064170573 1.91678362992386 5.97789230263207
2024-05-23T12:23:56.000 853.638405575542 6689.343657869860 805.398138444883 -4.82653573142540 -0.10727865620388 5.95159311799261
2024-05-23T12:27:56.000 -321.745145032039 6419.922570786760 2186.862991811380 -4.90834973814610 -2.12418834724045 5.48990351438162
2024-05-23T12:31:56.000 -1473.655990820520 5682.170774658830 3408.346414159170 -4.63213728431588 -3.98602717422020 4.62664628343713
2024-05-23T12:35:56.000 -2518.086767468380 4529.987380232620 4380.540839720190 -4.01820579728646 -5.55662040970979 3.42530704801541
2024-05-23T12:39:56.000 -3378.924260068780 3047.526330115630 5032.448493536210 -3.11158934861727 -6.72156756496892 1.97399472539834
2024-05-23T12:43:56.000 -3993.476157080020 1342.937070930400 5316.508515199740 -1.97834874157631 -7.39643198818652 0.37865286121127
2024-05-23T12:47:56.000 -4316.953623361480 -459.533087667694 5211.961981390890 -0.70073236263524 -7.53225108001017 -1.24461917951577
2024-05-23T12:51:56.000 -4325.676801161630 -2228.496340447020 4726.323137438640 0.62862910885877 -7.11880534845420 -2.77769208804336
2024-05-23T12:55:56.000 -4018.815855795170 -3834.865452433540 3894.886062328080 1.91303046484188 -6.18546733913666 -4.10853881413831
2024-05-23T12:59:56.000 -3418.556550206920 -5161.240282181130 2778.282412424210 3.05857985011923 -4.79974890158381 -5.13938752801177
2024-05-23T13:03:56.000 -2568.576708157970 -6110.568986217860 1458.142822413270 3.98118102553588 -3.06272430376633 -5.79413090250168
2024-05-23T13:07:56.000 -1530.917867664910 -6613.401756122970 31.149463518972 4.61290775073765 -1.10194150948992 -6.02431953770347
2024-05-23T13:11:56.000 -381.424589726188 -6633.138142358050 -1398.138942913900 4.90743866591462 0.93818964626526 -5.81322447876680
2024-05-23T13:15:56.000 795.917823959659 -6168.739600576130 -2725.111691815500 4.84368636102331 2.90766289435872 -5.17711174803312
2024-05-23T13:19:56.000 1915.259766837000 -5254.674866839270 -3852.898602439290 4.42723656437136 4.66251813782286 -4.16374129333072
2024-05-23T13:23:56.000 2895.220903281120 -3958.138170005430 -4699.475920598400 3.68942751596574 6.07565071559060 -2.84819005249451
2024-05-23T13:27:56.000 3664.768755879360 -2373.896282494200 -5203.524407124220 2.68454096060363 7.04569603718713 -1.32679088029939
2024-05-23T13:31:56.000 4168.235197666120 -617.274513204415 -5328.682613325480 1.48553801383439 7.50359165008183 0.29005875744273
2024-05-23T13:35:56.000 4369.190736014600 1184.152230664210 -5066.002910852810 0.17883688179026 7.41683306831327 1.88562611394005
2024-05-23T13:39:56.000 4252.981075726900 2899.608833145790 -4434.527536693880 -1.14151708758577 6.79141389173954 3.34468841285098
2024-05-23T13:43:56.000 3827.811747762070 4404.394776366970 -3479.989253085430 -2.38018375743838 5.67174410653224 4.56135467563538
2024-05-23T13:47:56.000 3124.260975711110 5588.836434404010 -2271.655099457620 -3.44714102875321 4.13799062178846 5.44658819277382
2024-05-23T13:51:56.000 2193.225852753720 6366.311693327130 -897.458247457053 -4.26417812841828 2.30102710417957 5.93490096840947
2024-05-23T13:55:56.000 1102.335152079940 6679.746057986050 542.326393512067 -4.77098413872237 0.29471916035156 5.98965692120876
2024-05-23T13:59:56.000 -68.950949511161 6505.984196023140 1942.437494518920 -4.92996438799169 -1.73392979330079 5.60626651788883
2024-05-23T14:03:56.000 -1235.206612702760 5857.604669823740 3200.443212223130 -4.72932299599028 -3.63608817104420 4.81275425914791
2024-05-23T14:07:56.000 -2311.370399554280 4781.972320068580 4224.350916038730 -4.18383563857634 -5.27254119845222 3.66749419489701
2024-05-23T14:11:56.000 -3219.002285045330 3357.657817637190 4939.368088214140 -3.33352154955043 -6.52402878553951 2.25448514909356
2024-05-23T14:15:56.000 -3891.991230994880 1688.596756837270 5293.315924482160 -2.24042074989745 -7.29970120612194 0.67700880608049
2024-05-23T14:19:56.000 -4281.301040865230 -103.533266539188 5260.353571893340 -0.98392475497780 -7.54334332946888 -0.95007863974135
2024-05-23T14:23:56.000 -4358.478025142900 -1888.104495243600 4842.794420587280 0.34484879499773 -7.23702186625023 -2.50836957560869
2024-05-23T14:27:56.000 -4117.716723646450 -3534.937861073000 4070.968867055790 1.64937516871626 -6.40241248873529 -3.88417512049593
2024-05-23T14:31:56.000 -3576.359701061860 -4923.714398485820 3001.119848466850 2.83440658304076 -5.09962612951896 -4.97654367698788
2024-05-23T14:35:56.000 -2773.761081791110 -5952.819689093080 1711.424750912410 3.81294306995665 -3.42355175882372 -5.70484662424731
2024-05-23T14:39:56.000 -1768.485168189330 -6546.944498522820 296.314418611540 4.51294889873301 -1.49717260119817 -6.01518592353584
2024-05-23T14:43:56.000 -634.005815788732 -6662.763961547070 -1140.518180622930 4.88303436643850 0.53767318220129 -5.88480922544934
2024-05-23T14:47:56.000 546.769895325856 -6292.172477381760 -2493.869597526300 4.89649344667478 2.53126079609131 -5.32395284193182
2024-05-23T14:51:56.000 1687.697237896290 -5462.774964025130 -3664.878677804850 4.55316325650063 4.33764934847358 -4.37483569674524
2024-05-23T14:55:56.000 2705.765841993770 -4235.631308617760 -4568.310192968920 3.87909831246014 5.82572508768114 -3.10796308091499
2024-05-23T14:59:56.000 3527.135544792270 -2700.529393905070 -5138.676112883420 2.92408259809914 6.88856759542595 -1.61629734553641
2024-05-23T15:03:56.000 4092.368475920800 -969.293734936977 -5334.800222765170 1.75759554202046 7.45042784795327 -0.00823132065133
2024-05-23T15:07:56.000 4360.572775915480 832.301671411736 -5142.608890597850 0.46380137143016 7.47139807216018 1.60006485522506
2024-05-23T15:11:56.000 4312.248867518380 2573.474808967090 -4576.059225296940 -0.86420467708536 6.94987846449442 3.09249823179329
2024-05-23T15:15:56.000 3950.691620194290 4127.698718814510 -3676.172732615950 -2.13062174317021 5.92277675359577 4.36091174382715
2024-05-23T15:19:56.000 3301.863768828290 5381.747769473330 -2508.220025075230 -3.24347632921377 4.46350322957769 5.31259777005324
2024-05-23T15:23:56.000 2412.666291071870 6243.970411681790 -1157.162122358810 -4.12135318938620 2.67743302032831 5.87727392669590
2024-05-23T15:27:56.000 1347.645552533500 6651.131088647630 278.450064113796 -4.69957211486672 0.69456791592804 6.01274758731231
2024-05-23T15:31:56.000 184.340380905836 6573.220321785630 1693.687461390070 -4.93528514697093 -1.33994041280599 5.70845991399004
2024-05-23T15:35:56.000 -992.418327438975 6015.787982624930 2985.017371401010 -4.81098519531809 -3.27684058587058 4.98654802617296
2024-05-23T15:39:56.000 -2096.794808078240 5019.542266205030 4057.996325964500 -4.33583126614699 -4.97427896536175 3.90010434907654
2024-05-23T15:43:56.000 -3048.279829605160 3657.269071566390 4834.231338446350 -3.54472945961494 -6.30843868768776 2.52889646736157
2024-05-23T15:47:56.000 -3777.561934824180 2028.395959290590 5257.070247775350 -2.49546264244297 -7.18242207821465 0.97317729333469
2024-05-23T15:51:56.000 -4231.513964636070 251.689948424675 5295.651742245520 -1.26428435253784 -7.53287784615962 -0.65368422328703
2024-05-23T15:55:56.000 -4376.990775558210 -1543.348352799920 4947.088858913720 0.05950992926336 -7.33419860447011 -2.23331318234970
2024-05-23T15:59:56.000 -4203.230678186150 -3225.803972998460 4236.685375449790 1.37978042310337 -6.60031125187548 -3.65052798639536
2024-05-23T16:03:56.000 -3722.694884102450 -4672.807192797990 3216.184682657280 2.60028924771771 -5.38399755794186 -4.80150400914950
2024-05-23T16:07:56.000 -2970.265310606110 -5778.521585425630 1960.119261194900 3.63158144301685 -3.77365690436652 -5.60139274584907
2024-05-23T16:11:56.000 -2000.800815350250 -6462.017180444170 560.420749873724 4.39772062465391 -1.88721256367059 -5.99099671782253
2024-05-23T16:15:56.000 -885.143150539325 -6673.380444472730 -880.348284931704 4.84237024403326 0.13643262799464 -5.94157654411150
2024-05-23T16:19:56.000 295.162885687729 -6397.476961562000 -2256.663904487900 4.93323656500819 2.14828459522346 -5.45734486823954
2024-05-23T16:23:56.000 1453.965986518550 -5654.977925977760 -3467.936750236330 4.66443980764938 4.00088951006483 -4.57488022652145
2024-05-23T16:27:56.000 2506.906047660840 -4500.625211085230 -4425.938823647650 4.05660962188269 5.55956238589336 -3.35986275000087
2024-05-23T16:31:56.000 3377.562777119490 -3018.962438867470 -5061.167721856760 3.15478320830252 6.71206412056028 -1.90162290090978
2024-05-23T16:35:56.000 4002.903781754750 -1318.002461129450 -5327.728668205140 2.02475607039598 7.37613943667996 -0.30632165625738
2024-05-23T16:39:56.000 4337.691299932670 478.634764295651 -5206.459561652070 0.74814385791756 7.50461884799191 1.31071636487579
2024-05-23T16:43:56.000 4357.625269834410 2240.524530121690 -4706.198938481210 -0.58317336699220 7.08827138498172 2.83279290914487
2024-05-23T16:47:56.000 4061.075915600670 3839.673449889450 -3863.170328795090 -1.87322342028500 6.15652252181525 4.14970090993732
2024-05-23T16:51:56.000 3469.285164392910 5159.652583170610 -2738.497128529220 -3.02848994427060 4.77584823078392 5.16538696859012
2024-05-23T16:55:56.000 2624.976651198020 6104.051980679900 -1413.942320584670 -3.96457373970094 3.04569252355954 5.80501037995870
2024-05-23T16:59:56.000 1589.401160916290 6603.644413884450 13.918293968166 -4.61248792292321 1.09185579778228 6.02082854481039
2024-05-23T17:03:56.000 437.934023020494 6621.672334765170 1440.744748553510 -4.92434204403603 -0.94264706592817 5.79636945274541
2024-05-23T17:07:56.000 -745.481349830323 6156.667537712440 2762.169455338600 -4.87706358903321 -2.90864874794213 5.14788423936808
2024-05-23T17:11:56.000 -1874.530089201340 5242.564280126760 3881.543998593820 -4.47408532949720 -4.66214901034944 4.12301226989211
2024-05-23T17:15:56.000 -2866.891268790360 3946.148101440640 4717.068095850190 -3.74501946465200 -6.07510269824270 2.79703051581007
2024-05-23T17:19:56.000 -3650.267054494470 2362.062122448590 5207.754253949120 -2.74320234195232 -7.04480771466293 1.26697762365102
2024-05-23T17:23:56.000 -4167.598610808380 605.822162018134 5317.794587604380 -1.54149292733837 -7.50098466748078 -0.35563579027124
2024-05-23T17:27:56.000 -4381.142057222600 -1194.563905908250 5039.096547040410 -0.22704401191579 -7.41039888764943 -1.95271232391301
2024-05-23T17:31:56.000 -4275.189234197330 -2907.813327716370 4391.873380488270 1.10473196226443 -6.77917845794408 -3.40786175508844
2024-05-23T17:35:56.000 -3857.256594574040 -4408.843544605670 3423.242457979120 2.35685857584487 -5.65260687301446 -4.61459758283580
2024-05-23T17:39:56.000 -3157.639682341790 -5587.894228325160 2203.920055215120 3.43761805069107 -4.11244651998494 -5.48400735445409
2024-05-23T17:43:56.000 -2227.316481326090 -6358.685182205460 823.123214698439 4.26753351808700 -2.27139089524142 -5.95186031304708
2024-05-23T17:47:56.000 -1134.238830372700 -6664.883756680180 -617.994150460039 4.78554036147002 -0.26478238086945 -5.98357607256440
2024-05-23T17:51:56.000 41.693298629258 -6484.363307922500 -2013.858872561350 4.95381640558269 1.75953182723016 -5.57722288378661
2024-05-23T17:55:56.000 1214.612900517020 -5830.803427870710 -3262.402914389040 4.76074242973254 3.65301045065609 -4.76365189986337
2024-05-23T17:59:56.000 2299.082422784280 -4752.470757471120 -4272.623194414090 4.22141433295177 5.27777621115092 -3.60355259523406
2024-05-23T18:03:56.000 3216.343588567140 -3328.422973822450 -4971.175022214050 3.37596630805418 6.51660908876305 -2.18239619087211
2024-05-23T18:07:56.000 3899.958972148020 -1662.551506934560 -5307.548113059990 2.28624961749209 7.28092599336164 -0.60378748423008
2024-05-23T18:11:56.000 4300.478616174860 124.015380949354 -5257.531049998910 1.03110650178154 7.51641972826445 1.01800792867988
2024-05-23T18:15:56.000 4388.868208347980 1901.577013193630 -4824.825364775660 -0.29912473344670 7.20630172402312 2.56595920398616
2024-05-23T18:19:56.000 4158.560728896060 3541.039264953750 -4040.769731244200 -1.60861271658936 6.37243241998813 3.92809840170776
2024-05-23T18:23:56.000 3625.998682775490 4923.104460675180 -2962.191187751520 -2.80255166745481 5.07420265633714 5.00524376239371
2024-05-23T18:27:56.000 2829.585085752810 5946.900721693630 -1667.459878645580 -3.79385260041002 3.40496557266715 5.71818017630617
2024-05-23T18:31:56.000 1827.043570138790 6537.449888654710 -250.925816679993 -4.50964890871028 1.48589326962701 6.01388311683140
2024-05-23T18:35:56.000 691.292617269179 6651.336038627770 1183.943038034970 -4.89701548148693 -0.54279964911288 5.86991964123771
2024-05-23T18:39:56.000 -494.877955355721 6280.055106355640 2532.194509974750 -4.92721092639445 -2.53224462574125 5.29651998528741
2024-05-23T18:43:56.000 -1644.953020872070 5450.697535919580 3695.217490526990 -4.59809281649886 -4.33667300046563 4.33587971038062
2024-05-23T18:47:56.000 -2675.088776808730 4223.855270018870 4588.018717255330 -3.93386857551925 -5.82435542585756 3.05853527163182
2024-05-23T18:51:56.000 -3510.229059131690 2689.088398455710 5145.414043595740 -2.98307765897438 -6.88706500579167 1.55797402829596
2024-05-23T18:55:56.000 -4089.535712285150 958.328464154984 5326.725448719670 -1.81492848822654 -7.44769313729896 -0.05633408981175
2024-05-23T18:59:56.000 -4370.762287127190 -842.273731817638 5118.670623823910 -0.51419262048941 -7.46549622934342 -1.66693309782895
2024-05-23T19:03:56.000 -4333.281290269130 -2581.439378546690 4536.302488329380 0.82477449936319 -6.93874414027994 -3.15650637878893
2024-05-23T19:07:56.000 -3979.618781767210 -4132.219005054960 3621.989474835050 2.10451760826171 -5.90510093281963 -4.41610093074540
2024-05-23T19:11:56.000 -3335.369515227370 -5381.239434082350 2442.451127948470 3.23140850684540 -4.43944597494557 -5.35301865292582
2024-05-23T19:15:56.000 -2447.446631623170 -6237.098537840380 1083.973441601580 4.12258190090044 -2.64893340085674 -5.89800319266878
2024-05-23T19:19:56.000 -1380.692028473950 -6637.229833601380 -353.930931442684 4.71248815994893 -0.66518221681047 -6.01083059309642
2024-05-23T19:23:56.000 -213.075723453488 -6552.600386663530 -1765.924645854800 4.95797084399515 1.36577605940785 -5.68351179827013
2024-05-23T19:27:56.000 970.114168726858 -5989.841066932390 -3048.715659950130 4.84161250097991 3.29472834315898 -4.94096108440714
2024-05-23T19:31:56.000 2082.640599129940 -4990.601589246590 -4108.740992273780 4.37289335830239 4.98093605948016 -3.83871916083002
2024-05-23T19:35:56.000 3043.661410260760 -3628.233083856540 -4868.986497226330 3.58691331929211 6.30254419141241 -2.45819452032144
2024-05-23T19:39:56.000 3783.542425922240 -2002.209196806280 -5274.444200220320 2.54133446242171 7.16491319051065 -0.90019902686779
2024-05-23T19:43:56.000 4248.763430871940 -230.820209028679 -5295.903201723590 1.31195098750443 7.50670564463409 0.72238873628047
2024-05-23T19:47:56.000 4405.638988131440 1557.318114492040 -4931.910149493130 -0.01270425897777 7.30364597001677 2.29244632927565
2024-05-23T19:51:56.000 4242.669275092970 3232.380137272590 -4208.838517153840 -1.33729468621519 6.56999101633359 3.69651393685196
2024-05-23T19:55:56.000 3771.421402230250 4672.545731419970 -3179.079050418010 -2.56604645778586 5.35790592020618 4.83251390455545
2024-05-23T19:59:56.000 3025.826138886510 5772.781057698710 -1917.411630510160 -3.60949026591499 3.75437824304079 5.61710769347864
2024-05-23T20:03:56.000 2059.868562688180 6452.568245951450 -515.719646668428 -4.39103770714581 1.87557266251355 5.99205851090800
2024-05-23T20:07:56.000 943.760507087694 6661.978187021080 923.656919564064 -4.85297136938129 -0.14134764432763 5.92910712303589
2024-05-23T20:11:56.000 -241.180526865518 6385.498239273670 2295.466870285080 -4.96107088841388 -2.14857273688672 5.43242866778766
2024-05-23T20:15:56.000 -1408.533226067480 5643.248497225660 3499.359769791080 -4.70731347882255 -3.99889474931560 4.53845007893889
2024-05-23T20:19:56.000 -2473.171871119170 4489.459754309960 4447.335296405000 -4.11041216355256 -5.55707182433951 3.31293200819541
2024-05-23T20:23:56.000 -3357.521226753480 3008.373949885250 5070.176953930970 -3.21410819735483 -6.70975111720115 1.84561667829283
2024-05-23T20:27:56.000 -3997.162369066100 1308.006127110460 5322.421797513090 -2.08360524645141 -7.37328191792009 0.24350747084529
2024-05-23T20:31:56.000 -4345.449830493770 -487.702140211962 5185.605306846690 -0.80094643697364 -7.49937836774516 -1.37674821323594
2024-05-23T20:35:56.000 -4376.877000533490 -2247.833782116290 4669.588787185710 0.54080959129966 -7.07852441966507 -2.89715579247369
2024-05-23T20:39:56.000 -4088.945976182100 -3843.931816824670 3811.889093957110 1.84408046486888 -6.14067104778556 -4.20658200606077
2024-05-23T20:43:56.000 -3502.446669770220 -5159.329700464910 2675.065360169660 3.01356087984895 -4.75361292613270 -5.20879724026830
2024-05-23T20:47:56.000 -2660.058855119430 -6097.758288415880 1342.245134344600 3.96330864253701 -3.01858998903582 -5.82972680982866
2024-05-23T20:51:56.000 -1623.287937282670 -6590.572603786970 -88.939703763099 4.62341393152116 -1.06311532437911 -6.02344044005612
2024-05-23T20:55:56.000 -467.930238650729 -6601.924854170550 -1513.623048172750 4.94549732220300 0.96879139549584 -5.77597223978943
2024-05-23T20:59:56.000 721.591281560754 -6131.404100762780 -2827.544028858240 4.90649154792014 2.92776589858083 -5.10627650490281
2024-05-23T21:03:56.000 1858.529815634730 -5213.931018299720 -3934.800873574940 4.51016616683405 4.67064058770319 -4.06455000062117
2024-05-23T21:07:56.000 2860.214148639030 -3916.951982999290 -4754.881271689010 3.78641605901108 6.07119287434721 -2.72793135523818
2024-05-23T21:11:56.000 3654.028199772750 -2335.265741517280 -5228.406474678730 2.78854179783723 7.02898939136048 -1.19424392397559
2024-05-23T21:15:56.000 4182.543817453120 -584.007962928943 -5321.236808093700 1.58900661929070 7.47587092754221 0.42527152729085
2024-05-23T21:19:56.000 4407.513352876170 1209.637812558870 -5026.769723425320 0.27426764577331 7.38010872551079 2.01369428448650
2024-05-23T21:23:56.000 4312.539180956490 2915.462478792670 -4366.354352208980 -1.06107406880285 6.74835783758938 3.45631361676642
2024-05-23T21:27:56.000 3904.275489095870 4409.461672211290 -3387.830953532850 -2.32060435538241 5.62545558612453 4.64837155305999
2024-05-23T21:31:56.000 3212.071394985470 5582.743856565190 -2162.228230839170 -3.41274285399568 4.09186153116461 5.50258390038220
2024-05-23T21:35:56.000 2285.999684159550 6349.511110639580 -778.754665033507 -4.25746585045478 2.25848263937503 5.95572737080264
2024-05-23T21:39:56.000 1193.327782573300 6653.490827543400 661.624384358072 -4.79245425914316 0.25898072547742 5.97375156971034
2024-05-23T21:43:56.000 13.637950516067 6472.249652655810 2053.603758251400 -4.97811153008928 -1.76012622089505 5.55484099027425
2024-05-23T21:47:56.000 -1167.049705242480 5818.928871499990 3295.365919692710 -4.80071667400126 -3.65082774838553 4.72966128056260
2024-05-23T21:51:56.000 -2262.634922411310 4741.243377501940 4296.122843986910 -4.27330222202787 -5.27481500253272 3.55885377556881
2024-05-23T21:55:56.000 -3193.269182302640 3317.896779919230 4982.784099948930 -3.43457102122075 -6.51376981465427 2.12827567062997
2024-05-23T21:59:56.000 -3891.166940281780 1652.717382744850 5305.238870910740 -2.34565995413515 -7.27783505940270 0.54236024482707
2024-05-23T22:03:56.000 -4305.455171153460 -132.931380195043 5239.912595098250 -1.08553527145900 -7.51151889362518 -1.08350496606304
2024-05-23T22:07:56.000 -4405.823347998970 -1908.882639766480 4791.445392731250 0.25439526531499 -7.19742515024476 -2.63093593730632
2024-05-23T22:11:56.000 -4184.756502265840 -3545.549641118090 3992.416171924350 1.57671441263332 -6.35779000473673 -3.98690203766078
2024-05-23T22:15:56.000 -3658.156533170720 -4923.330899129970 2901.071870715360 2.78484784366899 -5.05317461424003 -5.05183417662904
2024-05-23T22:19:56.000 -2864.300177001080 -5941.404257276640 1597.182670881710 3.79009299074281 -3.37863594364925 -5.74709675339186
2024-05-23T22:23:56.000 -1861.120161765800 -6525.266778324860 176.241697753141 4.51842659502803 -1.45710552839508 -6.02121723268726
2024-05-23T22:27:56.000 -721.955331382682 -6632.359188846220 -1257.619676471720 4.91635399622957 0.56986460630735 -5.85417993485339
2024-05-23T22:31:56.000 469.929444373203 -6255.235694015250 -2599.426366782570 4.95517164584633 2.55316145313146 -5.25898071255923
2024-05-23T22:35:56.000 1627.567871489520 -5421.987044081980 -3751.180451475470 4.63288774488410 4.34764713456979 -4.28034222780391
2024-05-23T22:39:56.000 2666.724148022190 -4193.952838641750 -4629.065838458090 3.97402249375619 5.82310396352002 -2.99088039726879
2024-05-23T22:43:56.000 3512.013224204430 -2660.985491637970 -5169.463850777210 3.02727011349366 6.87350467689508 -1.48517626113646
2024-05-23T22:47:56.000 4102.257433297850 -934.758997649212 -5333.384234486720 1.86157130948754 7.42400285900440 0.12737057757815
2024-05-23T22:51:56.000 4394.755378389250 859.317745325790 -5109.097574144570 0.56103868280135 7.43555043892667 1.73029700521286
2024-05-23T22:55:56.000 4368.246402510560 2591.011133632890 -4512.890526130570 -0.78075854172316 6.90721119925922 3.20790278691977
2024-05-23T22:59:56.000 4024.440514745360 4134.482644844080 -3587.941463565480 -2.06704789246148 5.87638526372842 4.45307711249232
2024-05-23T23:03:56.000 3388.004709334630 5377.287539618370 -2401.355716068030 -3.20441445050962 4.41677215155057 5.37474701563418
2024-05-23T23:07:56.000 2504.936470906340 6228.600688209520 -1039.467397214830 -4.10965005654923 2.63381947317834 5.90481876894730
2024-05-23T23:11:56.000 1439.335830797530 6625.997350310500 398.372486413294 -4.71607888500045 0.65732666759066 6.00364824888894
2024-05-23T23:15:56.000 268.783246054831 6540.201646020390 1807.067979915960 -4.97880920162155 -1.36798752052150 5.66338479620217
2024-05-23T23:19:56.000 -921.369389462002 5977.362063231100 3083.574779062370 -4.87840553122890 -3.29357531869796 4.90887235562994
2024-05-23T23:23:56.000 -2044.326839440050 4978.586443148870 4134.555312109890 -4.42231956025214 -4.97851664083244 3.79559690945845
2024-05-23T23:27:56.000 -3018.241560552430 3616.821167835080 4883.236860701550 -3.64400456946048 -6.30001229199377 2.40518977832510
2024-05-23T23:31:56.000 -3772.163843879040 1991.428309125500 5274.971953993780 -2.60026211566350 -7.16204445250322 0.83926444313426
2024-05-23T23:35:56.000 -4251.161403523950 220.893857856404 5281.153769233310 -1.36689639248002 -7.50215431851754 -0.78814262436721
2024-05-23T23:39:56.000 -4420.231124128100 -1565.746718420030 4901.224056166990 -0.03325080116025 -7.29534603323335 -2.35866486280013
2024-05-23T23:43:56.000 -4266.849810017310 -3238.161921693200 4162.746548093290 1.30376878983742 -6.55596327428186 -3.75768434620583
2024-05-23T23:47:56.000 -3801.977097154270 -4674.166608088710 3119.521398125290 2.54656897286181 -5.33723068766200 -4.88254388835838
2024-05-23T23:51:56.000 -3059.363248684600 -5768.698360674830 1847.767491766970 3.60399066235444 -3.72780741683736 -5.65026245614159
2024-05-23T23:55:56.000 -2093.171188685850 -6441.642877391260 440.596489546995 4.39819714723469 -1.84568770690510 -6.00400427071978
2024-05-23T23:59:56.000 -974.024177455215 -6643.876609569500 -998.867006763088 4.87077744232688 0.17050685574645 -5.91776733543861
2024-05-24T00:03:56.000 216.256748843123 -6360.951904250670 -2365.202676244280 4.98743538008057 2.17235090530062 -5.39850672388764
2024-05-24T00:07:56.000 1390.780014940210 -5614.066654694640 -3558.563112592550 4.74043804641330 4.01314764814718 -4.48537267834865
2024-05-24T00:11:56.000 2464.032404614620 -4458.287248102300 -4492.040703148410 4.14883781473520 5.55911695915069 -3.24625523231008
2024-05-24T00:15:56.000 3358.107383258010 -2978.263325636910 -5097.929414258220 3.25651284796636 6.69894025598427 -1.77222181646041
2024-05-24T00:19:56.000 4008.265409357720 -1281.890540766190 -5332.471486454390 2.12857723393673 7.35126034569446 -0.17053074722789
2024-05-24T00:23:56.000 4367.468025818510 507.534758841358 -5178.835098275590 0.84654773083434 7.46976430263318 1.44300318728730
2024-05-24T00:27:56.000 4409.649431791130 2260.111086372470 -4648.216220292400 -0.49731339268880 7.04599024846409 2.95194850201129
2024-05-24T00:31:56.000 4131.564619877670 3848.524768405620 -3779.044958797010 -1.80615301838553 6.10988399763381 4.24707069724863
2024-05-24T00:35:56.000 3553.110992473100 5157.123021651870 -2634.349405828050 -2.98509855304780 4.72822498401316 5.23383738444829
2024-05-24T00:39:56.000 2716.040653692940 6090.323239735510 -1297.369103086250 -3.94801076392786 3.00058102048832 5.83945144438684
2024-05-24T00:43:56.000 1681.077513581490 6579.735287459310 134.394095223055 -4.62398809805727 1.05266008794900 6.01871202815731
2024-05-24T00:47:56.000 523.543003384501 6589.361450260850 1556.316112233960 -4.96309353814811 -0.97303745180887 5.75786794388491
2024-05-24T00:51:56.000 -672.177310781794 6118.352524031420 2864.390091216810 -4.94022674780060 -2.92797404198954 5.07581693629002
2024-05-24T00:55:56.000 -1818.873368747110 5201.095858311090 3962.950658007390 -4.55709526717471 -4.66893920813877 4.02271193814127
2024-05-24T00:59:56.000 -2832.951738749340 3904.606847193430 4771.739001878980 -3.84188240959396 -6.06894290360758 2.67590305556982
2024-05-24T01:03:56.000 -3640.536261468020 2323.501982592150 5231.724211009870 -2.84683373768987 -7.02629207570085 1.13381264527917
2024-05-24T01:07:56.000 -4182.790939225470 573.056659027212 5309.319326504750 -1.64427218974362 -7.47151449243829 -0.49120255950738
2024-05-24T01:11:56.000 -4420.136621522040 -1219.154156793680 4998.780327975230 -0.32137474165351 -7.37215781626467 -2.08088266300056
2024-05-24T01:15:56.000 -4335.094896237560 -2922.438940811060 4322.620877412410 1.02589395610972 -6.73486249705374 -3.51935190562233
2024-05-24T01:19:56.000 -3933.628832805750 -4412.408117815630 3330.067453404430 2.29930864293565 -5.60528803704176 -4.70122771894124
2024-05-24T01:23:56.000 -3244.836745243280 -5580.074302054260 2093.597054337240 3.40550680336504 -4.06545674127375 -5.53938295681752
2024-05-24T01:27:56.000 -2318.922098718500 -6339.966505884610 703.705337526813 4.26311128703019 -2.22812544194678 -5.97178370975447
2024-05-24T01:31:56.000 -1223.543278308880 -6636.560913357350 -737.758110602003 4.80900414917341 -0.22852960656766 -5.96652730231321
2024-05-24T01:35:56.000 -38.791564829694 -6448.461570461020 -2125.199166072980 5.00339013066264 1.78604250298433 -5.52451191601113
2024-05-24T01:39:56.000 1148.811153634670 -5789.913715639110 -3357.178393733930 4.83277322688893 3.66781083007833 -4.67917375282796
2024-05-24T01:43:56.000 2252.747595835630 -4709.554370974330 -4343.911510153820 4.31061286755002 5.27975638739724 -3.49351549234426
2024-05-24T01:47:56.000 3192.836213029760 -3286.591917733500 -5013.778227166780 3.47582933329932 6.50564397398121 -2.05484795710666
2024-05-24T01:51:56.000 3900.973141101060 -1624.834388162250 -5318.357422128270 2.38947876876089 7.25782009131580 -0.46800008705972
2024-05-24T01:55:56.000 4325.916500147360 154.886446507870 -5235.744114991120 1.13016714267914 7.48280982246195 1.15219942893955
2024-05-24T01:59:56.000 4436.855145330600 1923.353130017360 -4772.005971536480 -0.21142137934911 7.16457681250499 2.68878909802421
2024-05-24T02:03:56.000 4225.585868438130 3552.124746552700 -3960.743171596600 -1.53863265983274 6.32561252276685 4.03060755956413
2024-05-24T02:07:56.000 3707.165631660680 4922.678845586790 -2860.766776930580 -2.75540959020152 5.02567472278729 5.07995480770894
2024-05-24T02:11:56.000 2918.961803289850 5934.971524386640 -1552.012849635610 -3.77299633118154 3.35820688916041 5.75959340085840
2024-05-24T02:15:56.000 1918.103571605500 6514.852908585690 -129.875205527157 -4.51655103609830 1.44431075897511 6.01885688363288
2024-05-24T02:19:56.000 777.400455912986 6619.703302999660 1301.744441890830 -4.93113535148831 -0.57602899034206 5.83804379431095
2024-05-24T02:23:56.000 -420.000783575306 6241.704302166240 2638.133819140750 -4.98610892738418 -2.55465799833522 5.23014852562702
2024-05-24T02:27:56.000 -1586.769821261000 5408.440028689440 3781.548511324820 -4.67745537068583 -4.34660663110001 4.23985550197150
2024-05-24T02:31:56.000 -2637.839928232710 4180.796826463190 4648.434127932900 -4.02789065301836 -5.82105675297224 2.93993178974512
2024-05-24T02:35:56.000 -3496.627419730640 2648.391349265000 5175.513790728730 -3.08491252559701 -6.87082000658475 1.42549649652161
2024-05-24T02:39:56.000 -4100.571411288630 922.965690507545 5324.321696137400 -1.91714065686696 -7.41976455391583 -0.19307886601462
2024-05-24T02:43:56.000 -4405.620068085960 -869.727155985240 5083.927163995700 -0.60927264055978 -7.42791254188624 -1.79803840962293
2024-05-24T02:47:56.000 -4389.393546688100 -2598.979928038300 4471.734519274170 0.74383383547944 -6.89421836484818 -3.27241273095167
2024-05-24T02:51:56.000 -4052.849521825680 -4138.556254010110 3532.293668991290 2.04367993225563 -5.85682716146349 -4.50830179886584
2024-05-24T02:55:56.000 -3420.328103535460 -5375.888378467450 2334.170235508980 3.19511588415250 -4.39090496709947 -5.41473925902307
2024-05-24T02:59:56.000 -2537.887159527600 -6220.415733264930 965.017611388478 4.11346266442962 -2.60361726413561 -5.92468282017938
2024-05-24T03:03:56.000 -1469.981681676050 -6610.392011593080 -474.855399109074 4.73111439440867 -0.62640516304487 -6.00044251359770
2024-05-24T03:07:56.000 -294.692322813963 -6517.543711154550 -1879.956264405760 5.00289082068862 1.39505078158982 -5.63682553688129
2024-05-24T03:11:56.000 902.122937669706 -5949.126441757510 -3147.511170669260 4.90953935194907 3.31231330154712 -4.86147129497875
2024-05-24T03:15:56.000 2033.229741917540 -4947.205454672350 -4185.088250720330 4.45885329577053 4.98556456498829 -3.73229393968791
2024-05-24T03:19:56.000 3016.428103766060 -3585.320144514490 -4917.321516772600 3.68463219012704 6.29392241452276 -2.33261229497279
2024-05-24T03:23:56.000 3780.462715946340 -1962.895943725520 -5291.243432962790 2.64365543649979 7.14373034463189 -0.76457548897274
2024-05-24T03:27:56.000 4270.039960801600 -197.951718309160 -5279.924004593150 1.41134421610277 7.47450360284804 0.85826171265124
2024-05-24T03:31:56.000 4449.682132195140 1581.355152370520 -4884.276993799000 0.07646080083058 7.26267943431848 2.41875055325954
2024-05-24T03:35:56.000 4306.224473568650 3245.814784356130 -4132.971529917600 -1.26485107304593 6.52312903174497 3.80404633013097
2024-05-24T03:39:56.000 3849.815600746340 4674.358445701310 -3080.462149880770 -2.51559098006919 5.30850347734343 4.91340021565216
2024-05-24T03:43:56.000 3113.303352997310 5762.785125949140 -1803.196438221350 -3.58471671111985 3.70596612924309 5.66539726504776
2024-05-24T03:47:56.000 2150.011490168750 6431.422166400280 -394.214997299274 -4.39372451391526 1.83163251939982 6.00412197215592
2024-05-24T03:51:56.000 1029.969831856740 6631.147928552440 1043.580179671130 -4.88284538228053 -0.17759668524794 5.90392209834737
2024-05-24T03:55:56.000 -165.196293098037 6347.177159231960 2405.026834623840 -5.01587977628429 -2.17434509553885 5.37178728097048
2024-05-24T03:59:56.000 -1348.310222247650 5600.205021798290 3590.531966413760 -4.78304625991733 -4.01221868543010 4.44680443663880
2024-05-24T04:03:56.000 -2433.097868296260 4444.824537721590 4513.444082344110 -4.20155652241211 -5.55692614033991 3.19699876780332
2024-05-24T04:07:56.000 -3340.511892573010 2965.401549981000 5106.382201302580 -3.31398822554184 -6.69611803328321 1.71388581788354
2024-05-24T04:11:56.000 -4004.446936107030 1269.836757478140 5326.074425613320 -2.18493857085186 -7.34713626091440 0.10563628156068
2024-05-24T04:15:56.000 -4376.489002946660 -518.280872186379 5156.440380295850 -0.89635496436927 -7.46266148306073 -1.51068808623314
2024-05-24T04:19:56.000 -4429.397639916550 -2268.592151854770 4609.731504540860 0.45830227426445 -7.03389895814043 -3.01741382429370
2024-05-24T04:23:56.000 -4159.107228724430 -3853.351444411230 3725.707644116440 1.78048420815597 -6.09138574538531 -4.30434561816522
2024-05-24T04:27:56.000 -3585.121588485100 -5156.719948531100 2568.859257638580 2.97351165074363 -4.70327922786249 -5.27687110057076
2024-05-24T04:31:56.000 -2749.209177433050 -6083.317513203310 1223.789312825850 3.94972593794869 -2.97094437641778 -5.86310872779211
2024-05-24T04:35:56.000 -1712.403661759020 -6565.373621344440 -210.973541084429 4.63728220455511 -1.02166981476861 -6.01968397785756
2024-05-24T04:39:56.000 -550.505330859559 -6567.840754288050 -1630.297360879100 4.98579962396226 1.00091810127664 -5.73534846941771
2024-05-24T04:43:56.000 651.585722497781 -6090.977755774830 -2930.323666517920 4.97029737851166 2.94816219469834 -5.03184291143590
2024-05-24T04:47:56.000 1806.211645616210 -5170.172118971890 -4016.193246645320 4.59285791043606 4.67786477362291 -3.96186283812219
2024-05-24T04:51:56.000 2829.417190534260 -3873.089465604140 -4808.974184847490 3.88196416024477 6.06484757758050 -2.60451401504815
2024-05-24T04:55:56.000 3647.010797737080 -2294.506991051920 -5251.277462638130 2.88993494365131 7.00964449492608 -1.05905782209708
2024-05-24T04:59:56.000 4199.816835777810 -549.312991082437 -5311.221258297470 1.68877973515837 7.44499657085199 0.56248641183589
2024-05-24T05:03:56.000 4447.794994858940 1235.752866428350 -4984.568788375130 0.36504408218288 7.33990111088999 2.14306317597784
2024-05-24T05:07:56.000 4372.848464466100 2931.082754042150 -4294.995011922530 -0.98598189314631 6.70162102424309 3.56844864663996
2024-05-24T05:11:56.000 3980.161639082820 4413.404458667340 -3292.461768337150 -2.26668153255324 5.57545465290766 4.73508349547489
2024-05-24T05:15:56.000 3297.949739228460 5574.650029302770 -2049.761819073480 -3.38390654208268 4.04216671988026 5.55746057921121
2024-05-24T05:19:56.000 2375.557504118670 6329.887716059190 -657.371755990896 -4.25582975018382 2.21267347261976 5.97468493187396
2024-05-24T05:23:56.000 1279.983862271140 6623.671198230550 783.068148027038 -4.81811245701847 0.22034210957724 5.95527108616876
2024-05-24T05:27:56.000 91.037379856706 6434.308489416440 2166.214056512260 -5.02909684439557 -1.78873881750038 5.50014467104985
2024-05-24T05:31:56.000 -1104.559323993250 5775.552341987680 3390.873333506820 -4.87320064216291 -3.66721353118335 4.64270778917596
2024-05-24T05:35:56.000 -2219.599506381150 4695.540078426350 4367.505822236780 -4.36194311042023 -5.27768768973605 3.44600717199160
2024-05-24T05:39:56.000 -3172.805003556350 3273.162408037370 5024.788036174090 -3.53286364235997 -6.50286361168351 1.99779855778459
2024-05-24T05:43:56.000 -3894.734964560010 1612.191781341270 5314.756405776300 -2.44641004269665 -7.25386617945860 0.40377637691425
2024-05-24T05:47:56.000 -4332.763123324350 -166.294179192455 5216.211228492680 -1.18141137520947 -7.47615436210023 -1.22003537722008
2024-05-24T05:51:56.000 -4454.853712392020 -1932.640190020900 4736.234478419510 0.17035746644551 -7.15324052028144 -2.75536927860254
2024-05-24T05:55:56.000 -4251.910367984400 -3557.962164922380 3909.719399708640 1.51064568721985 -6.30801249787640 -4.09010257266348
2024-05-24T05:59:56.000 -3738.516115393620 -4923.487730300480 2796.933591293050 2.74153449946682 -5.00145535688343 -5.12620530666654
2024-05-24T06:03:56.000 -2951.993734278100 -5929.300865856780 1479.227019615240 3.77266353661688 -3.32882690450356 -5.78715773335012
2024-05-24T06:07:56.000 -1949.744508213550 -6501.814114439330 53.110860872990 4.52814600921548 -1.41293738577171 -6.02401732903770
2024-05-24T06:11:56.000 -805.039240082683 -6599.321264046240 -1376.906297225800 4.95251937707664 0.60507851248959 -5.81955345714646
2024-05-24T06:15:56.000 398.449780208818 -6215.091145393520 -2706.145923346470 5.01511348270499 2.57679368360449 -5.18954557379029
2024-05-24T06:19:56.000 1572.907637549380 -5377.747587742940 -3837.557227575550 4.71226251527627 4.35793565879796 -4.18131803505471
2024-05-24T06:23:56.000 2632.887023802430 -4148.921978526740 -4688.842756871830 4.06712458235817 5.81940036941395 -2.86960608495123
2024-05-24T06:27:56.000 3501.499427485040 -2618.485120667430 -5198.335253277190 3.12733099519102 6.85628107118475 -1.35045990745213
2024-05-24T06:31:56.000 4115.857251347350 -897.885863160058 -5329.272964499910 1.96121019039038 7.39462747987008 0.26585277203849
2024-05-24T06:35:56.000 4431.477282564320 887.889315659615 -5072.295349234050 0.65288555864855 7.39615963660927 1.86259450428280
2024-05-24T06:39:56.000 4425.386313963050 2609.197744802100 -4446.041320853570 -0.70351095684876 6.86056038107782 3.32447182347071
2024-05-24T06:43:56.000 4097.787459817850 4140.922403993800 -3495.870675184260 -2.01006589485007 5.82572977998839 4.54538925457394
2024-05-24T06:47:56.000 3472.161147843610 5371.448340399300 -2290.742169474080 -3.17186704948661 4.36571273715671 5.43599531451398
2024-05-24T06:51:56.000 2593.719828063800 6210.827524517110 -918.366081866118 -4.10386702879177 2.58604517695070 5.93041204818537
2024-05-24T06:55:56.000 1526.235442497430 6597.511472577770 521.114309799392 -4.73746550013733 0.61638164446892 5.99163440693025
2024-05-24T06:59:56.000 347.428247911616 6503.015835652250 1922.468476795680 -5.02578008278011 -1.39909164112799 5.61458695847952
2024-05-24T07:03:56.000 -856.736205218465 5934.132650777880 3183.176668821740 -4.94747765662549 -3.31251329686174 4.82681890879507
2024-05-24T07:07:56.000 -1998.429466556750 4932.425510248750 4211.050115059640 -4.50841301738876 -4.98385007101130 3.68627056437929
2024-05-24T07:11:56.000 -2994.426306254140 3571.068891320420 4931.004788578410 -3.74079914523341 -6.29128796727025 2.27660312807830
2024-05-24T07:15:56.000 -3772.158410869850 1949.405031489290 5290.500372062990 -2.70065709763081 -7.13987729211894 0.70083624775863
2024-05-24T07:19:56.000 -4274.948218321480 185.659207005291 5263.288664760560 -1.46356587819158 -7.46808455214161 -0.92628131686906
2024-05-24T07:23:56.000 -4466.066134268660 -1591.612383066700 4851.260188400170 -0.11920110371506 -7.25181712623509 -2.48635987863961
2024-05-24T07:27:56.000 -4331.395716417810 -3252.761414068880 4084.343849392840 1.23474343805775 -6.50620081001808 -3.86551815546643
2024-05-24T07:31:56.000 -3880.541174357230 -4676.442792070580 3018.432104763610 2.49948917421045 -5.28494356147965 -4.96259384742929
2024-05-24T07:35:56.000 -3146.231506097670 -5758.515647155300 1731.413106027140 3.58229347221993 -3.67692954983282 -5.69663800388547
2024-05-24T07:39:56.000 -2182.021550614910 -6419.806192645250 317.517232428546 4.40348027657906 -1.80006654546335 -6.01333534501776
2024-05-24T07:43:56.000 -1058.384927051870 -6612.070211408090 -1119.651625665550 4.90268204729993 0.20744135683181 -5.88944308938839
2024-05-24T07:47:56.000 142.536953139628 -6321.609506777070 -2474.863772915750 5.04367249735897 2.19782898894786 -5.33473045506617
2024-05-24T07:51:56.000 1333.089996724130 -5570.177676096670 -3649.120342606940 4.81697447055866 4.02534024730811 -4.39094848243351
2024-05-24T07:55:56.000 2426.605729921440 -4413.154637495800 -4556.939837743640 4.24013498303342 5.55724834302393 -3.12818674013595
2024-05-24T07:59:56.000 3343.708855480180 -2935.246311565490 -5132.508191537750 3.35594595639746 6.68332066651548 -1.63916720861368
2024-05-24T08:03:56.000 4017.984162243740 -1244.146771428840 -5334.274126140910 2.22888021751915 7.32323171714351 -0.03208830735399
2024-05-24T08:07:56.000 4400.620164790440 537.266827715104 -5147.753397051330 0.94030618296735 7.43143225053437 1.57695085319598
2024-05-24T08:11:56.000 4463.814956665910 2279.673034523550 -4586.495831346930 -0.41704957843858 7.00006789960787 3.07177785825651
2024-05-24T08:15:56.000 4202.767129804010 3856.469620909150 -3691.144642608240 -1.74531889304209 6.05956634710421 4.34406168225009
2024-05-24T08:19:56.000 3636.119789835090 5152.817782506660 -2526.647250981410 -2.94814597860898 4.67707109271230 5.30083650570328
2024-05-24T08:23:56.000 2804.767354537360 6074.011582661530 -1177.708307888090 -3.93760182914706 2.95229560177651 5.87148676194361
2024-05-24T08:27:56.000 1769.024696224320 6552.533754860930 257.279430298568 -4.64083963094347 1.01075921039934 6.01336708549842
2024-05-24T08:31:56.000 604.284875620788 6553.189608030720 1673.439149187030 -5.00591429635892 -1.00541615071049 5.71548815261757
2024-05-24T08:35:56.000 -604.533167270333 6075.803007952150 2967.181605021260 -5.00588520226467 -2.94840914610638 4.99949932899176
2024-05-24T08:39:56.000 -1769.261807989560 5155.234898359240 4043.885874940330 -4.64078574157813 -4.67591430936229 3.91799864547310
2024-05-24T08:43:56.000 -2804.992282493540 3858.756122191170 4824.883065771680 -3.93752419996159 -6.06188304506424 2.55044620651826
2024-05-24T08:47:56.000 -3636.271526257410 2280.988829046140 5253.174616065800 -2.94743128596974 -7.00570775188440 0.99677738407195
2024-05-24T08:51:56.000 -4202.525506518560 536.967682583658 5297.489598310420 -1.74243374994910 -7.43888285369087 -0.62980226561226
2024-05-24T08:55:56.000 -4462.415257721940 -1246.187567203690 4954.517729467650 -0.40994139149461 -7.32978162043208 -2.21088828338815
2024-05-24T08:59:56.000 -4396.828998114150 -2938.434143467720 4249.154357697620 0.95331100273905 -6.68581821287618 -3.63120764939248
2024-05-24T09:03:56.000 -4010.328374046190 -4416.192157584660 3232.775258374690 2.24793745487381 -5.55321397410594 -4.78669485269697
2024-05-24T09:07:56.000 -3330.928208914060 -5571.385243983810 1979.611033301800 3.37908779162512 -4.01424380802086 -5.59216620967186
2024-05-24T09:11:56.000 -2408.150072240930 -6319.479658936440 581.387005621761 4.26355224124148 -2.18165114557806 -5.98801703482818
2024-05-24T09:15:56.000 -1309.422872204140 -6605.846575646240 -859.446319861941 4.83630411158095 -0.19031579826312 -5.94508977545071
2024-05-24T09:19:56.000 -115.070819692622 -6409.860697887790 -2237.362441688080 5.05561079645758 1.81314310317971 -5.46708065134894
2024-05-24T09:23:56.000 1087.695735575700 -5746.350564174440 -3451.647335590270 4.90615474657635 3.68181646631547 -4.59008339039706
2024-05-24T09:27:56.000 2211.267738937270 -4664.303913608280 -4413.843138224840 4.39986948340789 5.27975257757059 -3.37939056411183
2024-05-24T09:31:56.000 3174.045200871040 -3243.017448760540 -5054.135483887500 3.57449139075314 6.49179572424235 -1.92402247092369
2024-05-24T09:35:56.000 3906.271994398460 -1586.137481529900 -5326.252400508720 2.49032759572627 7.23129313231910 -0.32994624739046
2024-05-24T09:39:56.000 4354.938470553600 185.891694125409 -5210.631376860390 1.22578669450585 7.44564252991405 1.28756118966498
2024-05-24T09:43:56.000 4487.483249020860 1944.424121568000 -4715.701585078620 -0.12811212006376 7.11944209432567 2.81179347831904
2024-05-24T09:47:56.000 4294.101408726850 3561.715638554970 -3877.301691503630 -1.47380687459883 6.27563420409428 4.13236266596582
2024-05-24T09:51:56.000 3788.528169870930 4920.037306834920 -2756.220749618540 -2.71382770293288 4.97431641440003 5.15296880457421
2024-05-24T09:55:56.000 3007.199131243160 5920.208362041410 -1433.965425043150 -3.75762852190167 3.30917906190722 5.79838281847784
2024-05-24T09:59:56.000 2006.755423784650 6488.968869226460 -6.942358601013 -4.52847990752135 1.40123650263911 6.02052507971467
2024-05-24T10:03:56.000 859.984917887697 6584.518124044450 1420.579666394210 -4.96944987954913 -0.60998756037011 5.80243010220279
2024-05-24T10:07:56.000 -349.511573467696 6199.723168700410 2744.176391389340 -5.04796414789323 -2.57697337451441 5.15980918098412
2024-05-24T10:11:56.000 -1533.509624127560 5362.677994816190 3867.032517036850 -4.75829242349770 -4.35559164040657 4.13992084744431
2024-05-24T10:15:56.000 -2605.681085373130 4134.563043719720 4707.092474996920 -4.12182618987537 -5.81596020467797 2.81770000932705
2024-05-24T10:19:56.000 -3487.910458003800 2605.046044281460 5203.046092827300 -3.18513404942679 -6.85199799478254 1.28993161157287
2024-05-24T10:23:56.000 -4115.932099907510 885.654609381972 5318.699939217990 -2.01632702109485 -7.38860910315783 -0.33211019166909
2024-05-24T10:27:56.000 -4443.926490643900 -898.295883297446 5045.538186620620 -0.70012288756794 -7.38664760951973 -1.93038875796298
2024-05-24T10:31:56.000 -4447.831743150330 -2616.718711674770 4403.364845895020 0.66793431975502 -6.84578316734542 -3.38835534953759
2024-05-24T10:35:56.000 -4127.147695548580 -4144.161332555520 3438.934676217600 1.98821767578768 -5.80476960590412 -4.59931867604312
2024-05-24T10:39:56.000 -3505.065479901290 -5368.946424553840 2222.649649851340 3.16411208207215 -4.33905243859916 -5.47412769056205
2024-05-24T10:43:56.000 -2626.889144899730 -6201.443005784030 843.504929410781 4.10913984253163 -2.55584677261720 -5.94804732026319
2024-05-24T10:47:56.000 -1556.770485685630 -6580.810052397970 -597.454858207323 4.75376878410224 -0.58632809658217 -5.98608808995798
2024-05-24T10:51:56.000 -372.951336194496 -6479.576331355680 -1994.669688603540 5.05088559644339 1.42441269671443 -5.58588567882243
2024-05-24T10:55:56.000 838.093863273815 -5905.624829784790 -3245.968358976040 4.97941161616523 3.32879113775462 -4.77779447254181
2024-05-24T10:59:56.000 1988.104980582400 -4901.418052617400 -4260.135019317760 4.54555843673730 4.98804028132535 -3.62208981716128
2024-05-24T11:03:56.000 2993.511884354400 -3540.633468596790 -4963.526944898370 3.78186698816658 6.28235321515371 -2.20393907925239
2024-05-24T11:07:56.000 3781.441816163630 -1922.583745219560 -5305.273531032230 2.74432403036000 7.11908723335879 -0.62674406571686
2024-05-24T11:11:56.000 4294.850561372430 -164.944092333536 -5260.765550068350 1.50804015693834 7.43864886244556 0.99533098357515
2024-05-24T11:15:56.000 4496.504468870560 1604.664848411580 -4833.306189337630 0.16206016099193 7.21820790139834 2.54518393131138
2024-05-24T11:19:56.000 4371.613222766350 3257.727680364920 -4053.853385362460 -1.19669608922131 6.47317487789049 3.91075179265081
2024-05-24T11:23:56.000 3928.949703431340 4673.964476160400 -2978.899416805500 -2.46989977837446 5.25649744881486 4.99256590096016
2024-05-24T11:27:56.000 3200.361346708250 5750.031562879350 -1686.556045335120 -3.56476493775096 3.65560347795537 5.71107779170803
2024-05-24T11:31:56.000 2238.612183159280 6407.152728230240 -271.004522135561 -4.40088240773407 1.78663185825746 6.01283841306708
2024-05-24T11:35:56.000 1113.639938926580 6597.069135168840 1164.352154329190 -4.91652578688330 -0.21382825191076 5.87501266758843
2024-05-24T11:39:56.000 -92.564742826681 6305.732148399900 2514.528050937310 -5.07362053816161 -2.19911094965306 5.30734637028224
2024-05-24T11:43:56.000 -1292.015848354300 5554.387422382240 3680.750577658320 -4.86060647145045 -4.02366047589105 4.35154460186788
2024-05-24T11:47:56.000 -2397.239144010080 4397.959606826050 4577.778771563730 -4.29325204487515 -5.55413901479977 3.07788628404678
2024-05-24T11:51:56.000 -3327.698135159910 2920.910215358910 5140.130376049940 -3.41316668553225 -6.67924420922520 1.57968384072914
2024-05-24T11:55:56.000 -4015.617897495730 1230.969647243100 5326.780451129730 -2.28441448769380 -7.31744013132956 -0.03382798635215
2024-05-24T11:59:56.000 -4410.840841911870 -548.696582641535 5124.058392541910 -0.98885898909627 -7.42236231624960 -1.64527753465023
2024-05-24T12:03:56.000 -4484.424347252090 -2288.347576909960 4546.622143593030 0.37957451614374 -6.98589674962076 -3.13731188260669
2024-05-24T12:07:56.000 -4230.788668286720 -3861.003245369890 3636.481187506070 1.72126649073810 -6.03914386766176 -4.40074141268586
2024-05-24T12:11:56.000 -3668.226860038890 -5151.709561363340 2460.049505142490 2.93811923781618 -4.65065785340315 -5.34266059298027
2024-05-24T12:15:56.000 -2837.670899616960 -6066.022693901990 1103.373621765890 3.94075062075694 -2.92183573254547 -5.89343353391212
2024-05-24T12:19:56.000 -1799.766445659510 -6537.087353165530 -334.161478541447 4.65535619106565 -0.97975929278400 -6.01233051943977
2024-05-24T12:23:56.000 -630.398709333393 -6530.678461302320 -1747.232907243040 5.02958565577937 1.03251351308952 -5.69093300905235
2024-05-24T12:27:56.000 584.983870701555 -6047.712661135370 -3032.461606407520 5.03659860815833 2.96711605316668 -4.95372057129194
2024-05-24T12:31:56.000 1757.756062615490 -5124.019056179750 -4096.094948324740 4.67685408534895 4.68284144032454 -3.85583118127840
2024-05-24T12:35:56.000 2802.645138141360 -3827.456227195080 -4860.840708436320 3.97756324588943 6.05559013778494 -2.47834787138664
2024-05-24T12:39:56.000 3643.882444527270 -2252.732157395890 -5271.350915726580 2.99015265851304 6.98695992062546 -0.92188528299067
2024-05-24T12:43:56.000 4220.559390486680 -514.431451503971 -5298.037781055600 1.78625848359550 7.41059233170422 0.70078169223184
2024-05-24T12:47:56.000 4490.880381674780 1261.212172669310 -4939.058252550460 0.45260390035987 7.29625149295353 2.27252866454501
2024-05-24T12:51:56.000 4435.104205668060 2945.259028700500 -4220.419958823390 -0.91477493374881 6.65180381438908 3.67970979774004
2024-05-24T12:55:56.000 4057.004219852570 4415.233895808980 -3194.196482647820 -2.21708716175584 5.52298533942374 4.82002601160999
2024-05-24T12:59:56.000 3383.720577950150 5563.935918265540 -1934.919902346880 -3.35954594405030 3.99072729025516 5.60978496102218
2024-05-24T13:03:56.000 2463.959189922060 6307.324374979400 -534.311924295810 -4.25837669956978 2.16598863478554 5.99039463510957
2024-05-24T13:07:56.000 1364.556140369170 6590.834320317780 905.352986113757 -4.84727017665009 0.18195988105784 5.93314390402176
2024-05-24T13:11:56.000 165.616888283356 6393.556308912340 2278.782467082620 -5.08270332853982 -1.81589537505263 5.44180287642898
2024-05-24T13:15:56.000 -1045.404768029210 5729.845607586590 3485.496703295570 -4.94734983588091 -3.68107342770479 4.55243040139283
2024-05-24T13:19:56.000 -2180.181913251910 4648.221268756130 4437.276184546900 -4.45126825094161 -5.27718641742271 3.33044775158160
2024-05-24T13:23:56.000 -3156.005452685120 3227.696440380590 5064.619304486870 -3.63087234625028 -6.48801331641775 1.86540762626005
2024-05-24T13:27:56.000 -3901.789620000860 1571.912638843210 5321.759582296820 -2.54597257533525 -7.22576096781654 0.26428252810949
2024-05-24T13:31:56.000 -4363.175370502260 -198.438410467809 5189.904198711670 -1.27530647275300 -7.43690079121378 -1.35642912232454
2024-05-24T13:35:56.000 -4506.425674964420 -1954.313480951310 4678.562737772230 0.08901482120964 -7.10577462484452 -2.87875776254480
2024-05-24T13:39:56.000 -4320.886284007050 -3567.597355162260 3824.905839576770 1.44784821561674 -6.25576729982780 -4.19150834701015
2024-05-24T13:43:56.000 -3819.862246958210 -4920.386356199370 2691.184794199250 2.70187688121648 -4.94821305822268 -5.19817841913952
2024-05-24T13:47:56.000 -3039.774805338850 -5913.694616294260 1360.293078044380 3.75901773545462 -3.27851364993381 -5.82438224505590
2024-05-24T13:51:56.000 -2037.563184860960 -6474.862742737120 -70.289480783921 4.54147624892990 -1.36929613165187 -6.02379044376839
2024-05-24T13:55:56.000 -886.500444905249 -6563.027475012630 -1495.737040804740 4.99184688494338 0.63880651645256 -5.78194360412858
2024-05-24T13:59:56.000 329.280919981587 -6172.149231220800 -2811.719427676470 5.07760196724767 2.59813172052847 -5.11736707139715
2024-05-24T14:03:56.000 1521.075816014200 -5331.331105216230 -3922.169778986210 4.79336543421541 4.36538809212790 -4.07990210577826
2024-05-24T14:07:56.000 2602.172036186200 -4102.437610331680 -4746.330438578420 4.16091175236644 5.81252398219185 -2.74636051417296
2024-05-24T14:11:56.000 3494.135004417850 -2575.323809517250 -5224.508362446760 3.22693876756385 6.83564831491565 -1.21433973582000
2024-05-24T14:15:56.000 4132.368327863740 -861.179094292670 -5322.209504575720 2.05933443535877 7.36180251909062 0.40503419962550
2024-05-24T14:16:00.000 4140.563723288300 -831.723248599397 -5320.535234867560 2.03835635315551 7.36609542978306 0.43209923048340
2024-05-24T14:16:02.000 4144.629933686500 -816.988959242594 -5319.657506968330 2.02785232687603 7.36818770010510 0.44562829627745
2024-05-24T14:16:04.000 4148.675125740700 -802.250522710108 -5318.752723195040 2.01733801795113 7.37024260373559 0.45915509318966
2024-05-24T14:16:06.000 4152.699278938410 -787.508013745641 -5317.820888153590 2.00681347919050 7.37226013038735 0.47267955307190
2024-05-24T14:16:08.000 4156.702372872810 -772.761507113285 -5316.862006586200 1.99627876345383 7.37424026995548 0.48620160778752
2024-05-24T14:16:10.000 4160.684387242850 -758.011077597161 -5315.876083371300 1.98573392365071 7.37618301251743 0.49972118921150
2024-05-24T14:16:12.000 4164.645301853340 -743.256800001051 -5314.863123523620 1.97517901274051 7.37808834833302 0.51323822923078
2024-05-24T14:16:14.000 4168.585096615080 -728.498749148035 -5313.823132194050 1.96461408373227 7.37995626784455 0.52675265974445
2024-05-24T14:16:16.000 4172.503751544910 -713.736999880129 -5312.756114669710 1.95403918968458 7.38178676167681 0.54026441266404
2024-05-24T14:16:18.000 4176.401246765860 -698.971627057913 -5311.662076373840 1.94345438370548 7.38357982063721 0.55377341991375
2024-05-24T14:16:20.000 4180.277562507220 -684.202705560172 -5310.541022865870 1.93285971895230 7.38533543571578 0.56727961343074
2024-05-24T14:16:22.000 4184.132679104620 -669.430310283527 -5309.392959841310 1.92225524863160 7.38705359808534 0.58078292516537
2024-05-24T14:16:24.000 4187.966577000200 -654.654516142071 -5308.217893131760 1.91164102599899 7.38873429910153 0.59428328708149
2024-05-24T14:16:26.000 4191.779236742610 -639.875398067001 -5307.015828704880 1.90101710435906 7.39037753030295 0.60778063115668
2024-05-24T14:16:28.000 4195.570638987200 -625.093031006258 -5305.786772664360 1.89038353706519 7.39198328341121 0.62127488938258
2024-05-24T14:16:30.000 4199.340764496040 -610.307489924153 -5304.530731249910 1.87974037751944 7.39355155033108 0.63476599376510
2024-05-24T14:16:32.000 4203.089594138070 -595.518849801005 -5303.247710837180 1.86908767917241 7.39508232315060 0.64825387632478
2024-05-24T14:16:34.000 4206.817108889190 -580.727185632774 -5301.937717937800 1.85842549552310 7.39657559414116 0.66173846909702
2024-05-24T14:16:36.000 4210.523289832330 -565.932572430694 -5300.600759199290 1.84775388011874 7.39803135575766 0.67521970413242
2024-05-24T14:16:38.000 4214.208118157560 -551.135085220904 -5299.236841405050 1.83707288655462 7.39944960063862 0.68869751349705
2024-05-24T14:16:40.000 4217.871575162200 -536.334799044086 -5297.845971474360 1.82638256847397 7.40083032160628 0.70217182927274
2024-05-24T14:16:42.000 4221.513642250900 -521.531788955088 -5296.428156462290 1.81568297956772 7.40217351166678 0.71564258355743
2024-05-24T14:16:44.000 4225.134300935750 -506.726130022567 -5294.983403559710 1.80497417357438 7.40347916401023 0.72910970846546
2024-05-24T14:16:46.000 4228.733532836330 -491.917897328613 -5293.511720093260 1.79425620427982 7.40474727201090 0.74257313612788
2024-05-24T14:16:48.000 4232.311319679890 -477.107165968384 -5292.013113525270 1.78352912551706 7.40597782922730 0.75603279869276
2024-05-24T14:16:50.000 4235.867643301340 -462.294011049736 -5290.487591453780 1.77279299116609 7.40717082940238 0.76948862832554
2024-05-24T14:16:52.000 4239.402485643440 -447.478507692854 -5288.935161612460 1.76204785515365 7.40832626646359 0.78294055720932
2024-05-24T14:16:54.000 4242.915828756830 -432.660731029887 -5287.355831870640 1.75129377145300 7.40944413452305 0.79638851754525
2024-05-24T14:16:56.000 4246.407654800140 -417.840756204570 -5285.749610233170 1.74053079408370 7.41052442787771 0.80983244155279
2024-05-24T14:16:58.000 4249.877946040100 -403.018658371862 -5284.116504840490 1.72975897711135 7.41156714100942 0.82327226147009
2024-05-24T14:17:00.000 4253.326684851590 -388.194512697573 -5282.456523968510 1.71897837464737 7.41257226858511 0.83670790955431
2024-05-24T14:17:02.000 4256.753853717790 -373.368394357995 -5280.769676028640 1.70818904084873 7.41353980545691 0.85013931808199
2024-05-24T14:17:04.000 4260.159435230230 -358.540378539527 -5279.055969567690 1.69739102991768 7.41446974666225 0.86356641934935
2024-05-24T14:17:06.000 4263.543412088870 -343.710540438312 -5277.315413267870 1.68658439610149 7.41536208742399 0.87698914567266
2024-05-24T14:17:08.000 4266.905767102240 -328.878955259859 -5275.548015946740 1.67576919369216 7.41621682315058 0.89040742938859
2024-05-24T14:17:10.000 4270.246483187470 -314.045698218675 -5273.753786557150 1.66494547702614 7.41703394943610 0.90382120285456
2024-05-24T14:17:12.000 4273.565543370430 -299.210844537893 -5271.932734187240 1.65411330048402 7.41781346206044 0.91723039844906
2024-05-24T14:17:14.000 4276.862930785770 -284.374469448901 -5270.084868060340 1.64327271849025 7.41855535698938 0.93063494857203
2024-05-24T14:17:16.000 4280.138628677060 -269.536648190969 -5268.210197534980 1.63242378551281 7.41925963037466 0.94403478564521
2024-05-24T14:17:18.000 4283.392620396840 -254.697456010877 -5266.308732104830 1.62156655606290 7.41992627855414 0.95742984211247
2024-05-24T14:17:20.000 4286.624889406700 -239.856968162544 -5264.380481398630 1.61070108469463 7.42055529805182 0.97082005044019
2024-05-24T14:17:22.000 4289.835419277400 -225.015259906655 -5262.425455180170 1.59982742600465 7.42114668557800 0.98420534311759
2024-05-24T14:17:24.000 4293.024193688930 -210.172406510286 -5260.443663348250 1.58894563463188 7.42170043802927 0.99758565265707
2024-05-24T14:17:26.000 4296.191196430590 -195.328483246536 -5258.435115936610 1.57805576525712 7.42221655248868 1.01096091159461
2024-05-24T14:17:28.000 4299.336411401110 -180.483565394150 -5256.399823113900 1.56715787260272 7.42269502622573 1.02433105249004
2024-05-24T14:17:30.000 4302.459822608660 -165.637728237148 -5254.337795183620 1.55625201143225 7.42313585669646 1.03769600792748
2024-05-24T14:17:32.000 4305.561414171030 -150.791047064451 -5252.249042584090 1.54533823655012 7.42353904154352 1.05105571051561
2024-05-24T14:17:34.000 4308.641170315620 -135.943597169508 -5250.133575888370 1.53441660280127 7.42390457859617 1.06441009288805
2024-05-24T14:17:36.000 4311.699075379580 -121.095453849923 -5247.991405804240 1.52348716507077 7.42423246587038 1.07775908770369
2024-05-24T14:17:38.000 4314.735113809860 -106.246692407081 -5245.822543174140 1.51254997828346 7.42452270156882 1.09110262764705
2024-05-24T14:17:40.000 4317.749270163310 -91.397388145776 -5243.626998975090 1.50160509740366 7.42477528408091 1.10444064542861
2024-05-24T14:17:42.000 4320.741529106750 -76.547616373835 -5241.404784318710 1.49065257743472 7.42499021198283 1.11777307378512
2024-05-24T14:17:44.000 4323.711875417020 -61.697452401747 -5239.155910451060 1.47969247341871 7.42516748403755 1.13109984547997
2024-05-24T14:17:46.000 4326.660293981110 -46.846971542287 -5236.880388752700 1.46872484043608 7.42530709919480 1.14442089330351
2024-05-24T14:17:48.000 4329.586769796200 -31.996249110146 -5234.578230738550 1.45774973360523 7.42540905659115 1.15773615007337
2024-05-24T14:17:50.000 4332.491287969740 -17.145360421552 -5232.249448057880 1.44676720808223 7.42547335554992 1.17104554863480
2024-05-24T14:17:52.000 4335.373833719530 -2.294380793902 -5229.894052494240 1.43577731906042 7.42549999558124 1.18434902186097
2024-05-24T14:17:54.000 4338.234392373800 12.556614454615 -5227.512055965390 1.42478012177007 7.42548897638198 1.19764650265332
2024-05-24T14:17:56.000 4341.072949371270 27.407550005391 -5225.103470523290 1.41377567147801 7.42544029783579 1.21093792394185
2024-05-24T14:17:58.000 4343.889490261240 42.258350539770 -5222.668308353990 1.40276402348733 7.42535396001302 1.22422321868547
2024-05-24T14:18:00.000 4346.684000703650 57.108940739425 -5220.206581777590 1.39174523313699 7.42522996317073 1.23750231987226
2024-05-24T14:18:02.000 4349.456466469140 71.959245286731 -5217.718303248190 1.38071935580151 7.42506830775265 1.25077516051983
2024-05-24T14:18:04.000 4352.206873439140 86.809188865135 -5215.203485353840 1.36968644689060 7.42486899438913 1.26404167367560
2024-05-24T14:18:06.000 4354.935207605940 101.658696159531 -5212.662140816440 1.35864656184888 7.42463202389711 1.27730179241710
2024-05-24T14:18:08.000 4357.641455072760 116.507691856636 -5210.094282491710 1.34759975615553 7.42435739728007 1.29055544985229
2024-05-24T14:18:10.000 4360.325602053800 131.356100645357 -5207.499923369140 1.33654608532396 7.42404511572801 1.30380257911984
2024-05-24T14:18:12.000 4362.987634874330 146.203847217171 -5204.879076571900 1.32548560490150 7.42369518061735 1.31704311338945
2024-05-24T14:18:14.000 4365.627539970740 161.050856266492 -5202.231755356780 1.31441837046914 7.42330759351094 1.33027698586212
2024-05-24T14:18:16.000 4368.245303890610 175.897052491047 -5199.557973114160 1.30334443764114 7.42288235615794 1.34350412977045
2024-05-24T14:18:18.000 4370.840913292800 190.742360592246 -5196.857743367900 1.29226386206484 7.42241947049383 1.35672447837894
2024-05-24T14:18:20.000 4373.414354947490 205.586705275558 -5194.131079775310 1.28117669942027 7.42191893864032 1.36993796498427
2024-05-24T14:18:22.000 4375.965615736240 220.430011250882 -5191.377996127080 1.27008300541995 7.42138076290529 1.38314452291561
2024-05-24T14:18:24.000 4378.494682652090 235.272203232917 -5188.598506347190 1.25898283580858 7.42080494578274 1.39634408553485
2024-05-24T14:18:26.000 4381.001542799590 250.113205941537 -5185.792624492880 1.24787624636277 7.42019148995275 1.40953658623696
2024-05-24T14:18:28.000 4383.486183394860 264.952944102163 -5182.960364754570 1.23676329289078 7.41954039828139 1.42272195845022
2024-05-24T14:18:30.000 4385.948591765690 279.791342446132 -5180.101741455770 1.22564403123228 7.41885167382069 1.43590013563654
2024-05-24T14:18:32.000 4388.388755351580 294.628325711074 -5177.216769053050 1.21451851725809 7.41812531980858 1.44907105129171
2024-05-24T14:18:34.000 4390.806661703780 309.463818641277 -5174.305462135940 1.20338680686995 7.41736133966884 1.46223463894573
2024-05-24T14:18:36.000 4393.202298485400 324.297745988066 -5171.367835426890 1.19224895600025 7.41655973701101 1.47539083216305
2024-05-24T14:18:38.000 4395.575653471440 339.130032510169 -5168.403903781180 1.18110502061186 7.41572051563039 1.48853956454288
2024-05-24T14:18:40.000 4397.926714548830 353.960602974089 -5165.413682186850 1.16995505669786 7.41484367950796 1.50168076971946
2024-05-24T14:18:42.000 4400.255469716560 368.789382154480 -5162.397185764660 1.15879912028133 7.41392923281036 1.51481438136238
2024-05-24T14:18:44.000 4402.561907085660 383.616294834511 -5159.354429767960 1.14763726741515 7.41297717988979 1.52794033317684
2024-05-24T14:18:46.000 4404.846014879310 398.441265806245 -5156.285429582670 1.13646955418179 7.41198752528403 1.54105855890392
2024-05-24T14:18:48.000 4407.107781432880 413.264219871002 -5153.190200727210 1.12529603669310 7.41096027371638 1.55416899232094
2024-05-24T14:18:50.000 4409.347195194000 428.085081839737 -5150.068758852390 1.11411677109014 7.40989543009559 1.56727156724169
2024-05-24T14:18:52.000 4411.564244722610 442.903776533407 -5146.921119741340 1.10293181354292 7.40879299951586 1.58036621751673
2024-05-24T14:18:54.000 4413.758918691010 457.720228783344 -5143.747299309490 1.09174122025030 7.40765298725683 1.59345287703373
2024-05-24T14:18:56.000 4415.931205883930 472.534363431621 -5140.547313604430 1.08054504743973 7.40647539878347 1.60653147971773
2024-05-24T14:18:58.000 4418.081095198590 487.346105331431 -5137.321178805870 1.06934335136710 7.40526023974616 1.61960195953146
2024-05-24T14:19:00.000 4420.208575644750 502.155379347449 -5134.068911225550 1.05813618831655 7.40400751598056 1.63266425047564
2024-05-24T14:19:02.000 4422.313636344750 516.962110356211 -5130.790527307190 1.04692361460030 7.40271723350768 1.64571828658929
2024-05-24T14:19:04.000 4424.396266533600 531.766223246475 -5127.486043626370 1.03570568655844 7.40138939853382 1.65876400195003
2024-05-24T14:19:06.000 4426.456455559010 546.567642919602 -5124.155476890480 1.02448246055882 7.40002401745054 1.67180133067441
2024-05-24T14:19:08.000 4428.494192881460 561.366294289918 -5120.798843938660 1.01325399299679 7.39862109683470 1.68483020691821
2024-05-24T14:19:10.000 4430.509468074240 576.162102285090 -5117.416161741660 1.00202034029510 7.39718064344840 1.69785056487679
2024-05-24T14:19:12.000 4432.502270823510 590.954991846492 -5114.007447401850 0.99078155890367 7.39570266423899 1.71086233878536
2024-05-24T14:19:14.000 4434.472590928380 605.744887929582 -5110.572718153040 0.97953770529944 7.39418716633909 1.72386546291936
2024-05-24T14:19:16.000 4436.420418300900 620.531715504263 -5107.111991360480 0.96828883598618 7.39263415706654 1.73685987159475
2024-05-24T14:19:18.000 4438.345742966200 635.315399555264 -5103.625284520730 0.95703500749434 7.39104364392444 1.74984549916836
2024-05-24T14:19:20.000 4440.248555062470 650.095865082503 -5100.112615261610 0.94577627638084 7.38941563460112 1.76282228003823
2024-05-24T14:19:22.000 4442.128844841030 664.873037101459 -5096.574001342090 0.93451269922888 7.38775013697018 1.77579014864392
2024-05-24T14:19:24.000 4443.986602666430 679.646840643547 -5093.009460652220 0.92324433264779 7.38604715909044 1.78874903946689
2024-05-24T14:19:26.000 4445.821819016430 694.417200756480 -5089.419011213060 0.91197123327283 7.38430670920600 1.80169888703080
2024-05-24T14:19:28.000 4447.634484482100 709.184042504650 -5085.802671176560 0.90069345776498 7.38252879574620 1.81463962590189
2024-05-24T14:19:30.000 4449.424589767850 723.947290969487 -5082.160458825510 0.88941106281077 7.38071342732566 1.82757119068931
2024-05-24T14:19:32.000 4451.192125691510 738.706871249841 -5078.492392573430 0.87812410512206 7.37886061274424 1.84049351604546
2024-05-24T14:19:34.000 4452.937083184340 753.462708462343 -5074.798490964490 0.86683264143587 7.37697036098708 1.85340653666639
2024-05-24T14:19:36.000 4454.659453291100 768.214727741782 -5071.078772673430 0.85553672851414 7.37504268122461 1.86631018729207
2024-05-24T14:19:38.000 4456.359227170100 782.962854241471 -5067.333256505460 0.84423642314354 7.37307758281253 1.87920440270684
2024-05-24T14:19:40.000 4458.036396093250 797.707013133622 -5063.561961396190 0.83293178213527 7.37107507529180 1.89208911773970
2024-05-24T14:19:42.000 4459.690951446100 812.447129609712 -5059.764906411510 0.82162286232480 7.36903516838869 1.90496426726468
2024-05-24T14:19:44.000 4461.322884727920 827.183128880859 -5055.942110747520 0.81030972057168 7.36695787201471 1.91782978620122
2024-05-24T14:19:46.000 4462.932187551680 841.914936178184 -5052.093593730450 0.79899241375930 7.36484319626669 1.93068560951452
2024-05-24T14:19:48.000 4464.518851644190 856.642476753193 -5048.219374816540 0.78767099879468 7.36269115142669 1.94353167221587
2024-05-24T14:19:50.000 4466.082868846050 871.365675878137 -5044.319473591960 0.77634553260818 7.36050174796205 1.95636790936306
2024-05-24T14:19:52.000 4467.624231111770 886.084458846389 -5040.393909772720 0.76501607215331 7.35827499652537 1.96919425606071
2024-05-24T14:19:54.000 4469.142930509800 900.798750972812 -5036.442703204580 0.75368267440647 7.35601090795446 1.98201064746062
2024-05-24T14:19:56.000 4470.638959222540 915.508477594129 -5032.465873862950 0.74234539636668 7.35370949327236 1.99481701876214
2024-05-24T14:19:58.000 4472.112309546420 930.213564069295 -5028.463441852770 0.73100429505534 7.35137076368734 2.00761330521255
2024-05-24T14:20:00.000 4473.562973891940 944.913935779868 -5024.435427408470 0.71965942751598 7.34899473059281 2.02039944210737
2024-05-24T14:20:02.000 4474.990944783710 959.609518130375 -5020.381850893820 0.70831085081395 7.34658140556735 2.03317536479074
2024-05-24T14:20:04.000 4476.396214860480 974.300236548688 -5016.302732801850 0.69695862203623 7.34413080037465 2.04594100865578
2024-05-24T14:20:06.000 4477.778776875210 988.986016486391 -5012.198093754780 0.68560279829108 7.34164292696352 2.05869630914491
2024-05-24T14:20:08.000 4479.138623695080 1003.666783419150 -5008.067954503860 0.67424343670782 7.33911779746777 2.07144120175023
2024-05-24T14:20:10.000 4480.475748301580 1018.342462847080 -5003.912335929340 0.66288059443651 7.33655542420627 2.08417562201385
2024-05-24T14:20:12.000 4481.790143790480 1033.012980295130 -4999.731259040310 0.65151432864770 7.33395581968281 2.09689950552822
2024-05-24T14:20:14.000 4483.081803371950 1047.678261313430 -4995.524744974630 0.64014469653214 7.33131899658612 2.10961278793649
2024-05-24T14:20:16.000 4484.350720370530 1062.338231477670 -4991.292814998840 0.62877175530046 7.32864496778979 2.12231540493283
2024-05-24T14:20:18.000 4485.596888225230 1076.992816389490 -4987.035490508010 0.61739556218295 7.32593374635220 2.13500729226278
2024-05-24T14:20:20.000 4486.820300489510 1091.641941676810 -4982.752793025700 0.60601617442920 7.32318534551648 2.14768838572355
2024-05-24T14:20:22.000 4488.020950831370 1106.285532994230 -4978.444744203800 0.59463364930784 7.32039977871046 2.16035862116437
2024-05-24T14:20:24.000 4489.198833033350 1120.923516023410 -4974.111365822460 0.58324804410624 7.31757705954654 2.17301793448680
2024-05-24T14:20:26.000 4490.353940992610 1135.555816473380 -4969.752679789960 0.57185941613024 7.31471720182171 2.18566626164504
2024-05-24T14:20:28.000 4491.486268720910 1150.182360080970 -4965.368708142650 0.56046782270381 7.31182021951739 2.19830353864625
2024-05-24T14:20:30.000 4492.595810344680 1164.803072611170 -4960.959473044780 0.54907332116879 7.30888612679941 2.21092970155087
2024-05-24T14:20:32.000 4493.682560105080 1179.417879857450 -4956.524996788430 0.53767596888460 7.30591493801790 2.22354468647288
2024-05-24T14:20:34.000 4494.746512357970 1194.026707642210 -4952.065301793430 0.52627582322792 7.30290666770722 2.23614842958014
2024-05-24T14:20:36.000 4495.787661574010 1208.629481817070 -4947.580410607180 0.51487294159241 7.29986133058589 2.24874086709469
2024-05-24T14:20:38.000 4496.806002338630 1223.226128263280 -4943.070345904600 0.50346738138843 7.29677894155646 2.26132193529299
2024-05-24T14:20:40.000 4497.801529352130 1237.816572892080 -4938.535130488000 0.49205920004273 7.29365951570547 2.27389157050626
2024-05-24T14:20:42.000 4498.774237429670 1252.400741645070 -4933.974787286970 0.48064845499818 7.29050306830333 2.28644970912073
2024-05-24T14:20:44.000 4499.724121501300 1266.978560494560 -4929.389339358290 0.46923520371346 7.28730961480424 2.29899628757791
2024-05-24T14:20:46.000 4500.651176612010 1281.549955443970 -4924.778809885770 0.45781950366282 7.28407917084611 2.31153124237489
2024-05-24T14:20:48.000 4501.555397921760 1296.114852528180 -4920.143222180190 0.44640141233574 7.28081175225042 2.32405451006459
2024-05-24T14:20:50.000 4502.436780705510 1310.673177813880 -4915.482599679180 0.43498098723670 7.27750737502219 2.33656602725604
2024-05-24T14:20:52.000 4503.295320353210 1325.224857399970 -4910.796965947060 0.42355828588489 7.27416605534987 2.34906573061461
2024-05-24T14:20:54.000 4504.131012369900 1339.769817417900 -4906.086344674790 0.41213336581392 7.27078780960520 2.36155355686229
2024-05-24T14:20:56.000 4504.943852375680 1354.307984032040 -4901.350759679830 0.40070628457157 7.26737265434318 2.37402944277796
2024-05-24T14:20:58.000 4505.733836105780 1368.839283440080 -4896.590234906010 0.38927709971953 7.26392060630197 2.38649332519758
2024-05-24T14:21:00.000 4506.500959410540 1383.363641873340 -4891.804794423440 0.37784586883309 7.26043168240277 2.39894514101452
2024-05-24T14:21:02.000 4507.245218255480 1397.880985597180 -4886.994462428390 0.36641264950096 7.25690589974976 2.41138482717973
2024-05-24T14:21:04.000 4507.966608721310 1412.391240911360 -4882.159263243160 0.35497749932495 7.25334327562999 2.42381232070201
2024-05-24T14:21:06.000 4508.665127003960 1426.894334150370 -4877.299221315970 0.34354047591972 7.24974382751336 2.43622755864828
2024-05-24T14:21:08.000 4509.340769414590 1441.390191683840 -4872.414361220860 0.33210163691258 7.24610757305246 2.44863047814375
2024-05-24T14:21:10.000 4509.993532379630 1455.878739916900 -4867.504707657570 0.32066103994320 7.24243453008255 2.46102101637224
2024-05-24T14:21:12.000 4510.623412440820 1470.359905290510 -4862.570285451390 0.30921874266337 7.23872471662146 2.47339911057632
2024-05-24T14:21:14.000 4511.230406255190 1484.833614281860 -4857.611119553080 0.29777480273678 7.23497815086955 2.48576469805762
2024-05-24T14:21:16.000 4511.814510595120 1499.299793404710 -4852.627235038740 0.28632927783877 7.23119485120960 2.49811771617704
2024-05-24T14:21:18.000 4512.375722348350 1513.758369209790 -4847.618657109670 0.27488222565610 7.22737483620680 2.51045810235496
2024-05-24T14:21:20.000 4512.914038518020 1528.209268285140 -4842.585411092290 0.26343370388673 7.22351812460865 2.52278579407149
2024-05-24T14:21:22.000 4513.429456222650 1542.652417256450 -4837.527522438000 0.25198377023955 7.21962473534493 2.53510072886671
2024-05-24T14:21:24.000 4513.921972696200 1557.087742787480 -4832.445016723040 0.24053248243422 7.21569468752767 2.54740284434088
2024-05-24T14:21:26.000 4514.391585288100 1571.515171580380 -4827.337919648410 0.22907989820087 7.21172800045106 2.55969207815469
2024-05-24T14:21:28.000 4514.838291463220 1585.934630376090 -4822.206257039720 0.21762607527994 7.20772469359144 2.57196836802950
2024-05-24T14:21:30.000 4515.262088801930 1600.346045954660 -4817.050054847070 0.20617107142193 7.20368478660728 2.58423165174755
2024-05-24T14:21:32.000 4515.662975000120 1614.749345135660 -4811.869339144940 0.19471494438716 7.19960829933912 2.59648186715221
2024-05-24T14:21:34.000 4516.040947869210 1629.144454778510 -4806.664136132070 0.18325775194558 7.19549525180958 2.60871895214825
2024-05-24T14:21:36.000 4516.396005336150 1643.531301782850 -4801.434472131310 0.17179955187654 7.19134566422332 2.62094284470202
2024-05-24T14:21:38.000 4516.728145443490 1657.909813088950 -4796.180373589540 0.16034040196855 7.18715955696701 2.63315348284175
2024-05-24T14:21:40.000 4517.037366349330 1672.279915677980 -4790.901867077490 0.14888036001910 7.18293695060937 2.64535080465777
2024-05-24T14:21:42.000 4517.323666327400 1686.641536572480 -4785.598979289690 0.13741948383439 7.17867786590113 2.65753474830276
2024-05-24T14:21:44.000 4517.587043767050 1700.994602836640 -4780.271737044250 0.12595783122911 7.17438232377503 2.66970525199201
2024-05-24T14:21:46.000 4517.827497173260 1715.339041576710 -4774.920167282840 0.11449546002626 7.17005034534586 2.68186225400369
2024-05-24T14:21:48.000 4518.045025166650 1729.674779941350 -4769.544297070460 0.10303242805688 7.16568195191041 2.69400569267909
2024-05-24T14:21:50.000 4518.239626483530 1744.001745121990 -4764.144153595410 0.09156879315979 7.16127716494755 2.70613550642287
2024-05-24T14:21:52.000 4518.411299975900 1758.319864353220 -4758.719764169080 0.08010461318145 7.15683600611821 2.71825163370337
2024-05-24T14:21:54.000 4518.560044611440 1772.629064913110 -4753.271156225890 0.06863994597562 7.15235849726539 2.73035401305287
2024-05-24T14:21:56.000 4518.685859473560 1786.929274123610 -4747.798357323100 0.05717484940317 7.14784466041421 2.74244258306784
2024-05-24T14:21:58.000 4518.788743761390 1801.220419350910 -4742.301395140730 0.04570938133183 7.14329451777195 2.75451728240925
2024-05-24T14:22:00.000 4518.868696789800 1815.502428005760 -4736.780297481430 0.03424359963593 7.13870809172804 2.76657804980286
2024-05-24T14:22:02.000 4518.925717989430 1829.775227543930 -4731.235092270290 0.02277756219613 7.13408540485411 2.77862482403947
2024-05-24T14:22:04.000 4518.959806906680 1844.038745466460 -4725.665807554800 0.01131132689918 7.12942647990405 2.79065754397526
2024-05-24T14:22:06.000 4518.970963203720 1858.292909320110 -4720.072471504650 -0.00015504836233 7.12473133981399 2.80267614853208
2024-05-24T14:22:08.000 4518.959186658520 1872.537646697700 -4714.455112411600 -0.01162150569032 7.12000000770242 2.81468057669773
2024-05-24T14:22:10.000 4518.924477164850 1886.772885238440 -4708.813758689420 -0.02308798718142 7.11523250687013 2.82667076752631
2024-05-24T14:22:12.000 4518.866834732290 1900.998552628350 -4703.148438873640 -0.03455443492729 7.11042886080032 2.83864666013847
2024-05-24T14:22:14.000 4518.786259486250 1915.214576600590 -4697.459181621550 -0.04602079101492 7.10558909315864 2.85060819372182
2024-05-24T14:22:16.000 4518.682751667950 1929.420884935830 -4691.746015711940 -0.05748699752692 7.10071322779316 2.86255530753115
2024-05-24T14:22:18.000 4518.556311634470 1943.617405462630 -4686.008970045060 -0.06895299654182 7.09580128873450 2.87448794088885
2024-05-24T14:22:20.000 4518.406939858730 1957.804066057780 -4680.248073642430 -0.08041873013441 7.09085330019577 2.88640603318517
2024-05-24T14:22:22.000 4518.234636929500 1971.980794646680 -4674.463355646720 -0.09188414037605 7.08586928657268 2.89830952387860
2024-05-24T14:22:24.000 4518.039403551420 1986.147519203730 -4668.654845321630 -0.10334916933499 7.08084927244355 2.91019835249619
2024-05-24T14:22:26.000 4517.821240544970 2000.304167752620 -4662.822572051730 -0.11481375907672 7.07579328256932 2.92207245863389
2024-05-24T14:22:28.000 4517.580148846540 2014.450668366800 -4656.966565342310 -0.12627785166431 7.07070134189357 2.93393178195690
2024-05-24T14:22:30.000 4517.316129508380 2028.586949169740 -4651.086854819290 -0.13774138915877 7.06557347554259 2.94577626220003
2024-05-24T14:22:32.000 4517.029183698600 2042.712938335390 -4645.183470229030 -0.14920431361941 7.06040970882534 2.95760583916804
2024-05-24T14:22:34.000 4516.719312701220 2056.828564088460 -4639.256441438220 -0.16066656710419 7.05521006723350 2.96942045273600
2024-05-24T14:22:36.000 4516.386517916130 2070.933754704850 -4633.305798433720 -0.17212809167012 7.04997457644146 2.98122004284965
2024-05-24T14:22:38.000 4516.030800859110 2085.028438511990 -4627.331571322440 -0.18358882937361 7.04470326230633 2.99300454952577
2024-05-24T14:22:40.000 4515.652163161840 2099.112543889200 -4621.333790331180 -0.19504872227089 7.03939615086793 3.00477391285250
2024-05-24T14:22:42.000 4515.250606571860 2113.185999268070 -4615.312485806490 -0.20650771241841 7.03405326834878 3.01652807298978
2024-05-24T14:22:44.000 4514.826132952630 2127.248733132810 -4609.267688214530 -0.21796574187319 7.02867464115410 3.02826697016963
2024-05-24T14:22:46.000 4514.378744283460 2141.300674020630 -4603.199428140920 -0.22942275269328 7.02326029587175 3.03999054469661
2024-05-24T14:22:48.000 4513.908442659570 2155.341750522080 -4597.107736290600 -0.24087868693817 7.01781025927224 3.05169873694809
2024-05-24T14:22:50.000 4513.415230292050 2169.371891281470 -4590.992643487680 -0.25233348666915 7.01232455830866 3.06339148737470
2024-05-24T14:22:52.000 4512.899109507860 2183.391024997160 -4584.854180675300 -0.26378709394983 7.00680322011666 3.07506873650068
2024-05-24T14:22:54.000 4512.360082749840 2197.399080421990 -4578.692378915480 -0.27523945084647 7.00124627201436 3.08673042492423
2024-05-24T14:22:56.000 4511.798152576680 2211.395986363610 -4572.507269388960 -0.28669049942847 6.99565374150231 3.09837649331788
2024-05-24T14:22:58.000 4511.213321662950 2225.381671684840 -4566.298883395060 -0.29814018176881 6.99002565626345 3.11000688242889
2024-05-24T14:23:00.000 4510.605592799050 2239.356065304080 -4560.067252351550 -0.30958843994444 6.98436204416295 3.12162153307961
2024-05-24T14:23:02.000 4509.974968891230 2253.319096195620 -4553.812407794460 -0.32103521603677 6.97866293324820 3.13322038616783
2024-05-24T14:23:04.000 4509.321452961570 2267.270693390010 -4547.534381377940 -0.33248045213209 6.97292835174866 3.14480338266717
2024-05-24T14:23:06.000 4508.645048147970 2281.210785974490 -4541.233204874150 -0.34392409032202 6.96715832807577 3.15637046362744
2024-05-24T14:23:08.000 4507.945757704150 2295.139303093260 -4534.908910173040 -0.35536607270394 6.96135289082286 3.16792157017500
2024-05-24T14:23:10.000 4507.223584999630 2309.056173947910 -4528.561529282260 -0.36680634138147 6.95551206876496 3.17945664351313
2024-05-24T14:23:12.000 4506.478533519690 2322.961327797750 -4522.191094326940 -0.37824483846489 6.94963589085874 3.19097562492241
2024-05-24T14:23:14.000 4505.710606865420 2336.854693960200 -4515.797637549620 -0.38968150607158 6.94372438624231 3.20247845576104
2024-05-24T14:23:16.000 4504.919808753640 2350.736201811120 -4509.381191309990 -0.40111628632648 6.93777758423509 3.21396507746523
2024-05-24T14:23:18.000 4504.106143016930 2364.605780785210 -4502.941788084840 -0.41254912136255 6.93179551433767 3.22543543154954
2024-05-24T14:23:20.000 4503.269613603570 2378.463360376330 -4496.479460467810 -0.42397995332115 6.92577820623158 3.23688945960727
2024-05-24T14:23:22.000 4502.410224577590 2392.308870137900 -4489.994241169310 -0.43540872435254 6.91972568977918 3.24832710331074
2024-05-24T14:23:24.000 4501.527980118680 2406.142239683240 -4483.486163016310 -0.44683537661626 6.91363799502342 3.25974830441169
2024-05-24T14:23:26.000 4500.622884522190 2419.963398685940 -4476.955258952180 -0.45825985228162 6.90751515218767 3.27115300474164
2024-05-24T14:23:28.000 4499.694942199160 2433.772276880200 -4470.401562036580 -0.46968209352806 6.90135719167552 3.28254114621216
2024-05-24T14:23:30.000 4498.744157676230 2447.568804061240 -4463.825105445250 -0.48110204254561 6.89516414407054 3.29391267081528
2024-05-24T14:23:32.000 4497.770535595670 2461.352910085590 -4457.225922469850 -0.49251964153528 6.88893604013609 3.30526752062380
2024-05-24T14:23:34.000 4496.774080715300 2475.124524871520 -4450.604046517850 -0.50393483270949 6.88267291081510 3.31660563779161
2024-05-24T14:23:36.000 4495.754797908560 2488.883578399340 -4443.959511112290 -0.51534755829245 6.87637478722980 3.32792696455403
2024-05-24T14:23:38.000 4494.712692164370 2502.630000711790 -4437.292349891690 -0.52675776052056 6.87004170068151 3.33923144322814
2024-05-24T14:23:40.000 4493.647768587210 2516.363721914410 -4430.602596609840 -0.53816538164282 6.86367368265038 3.35051901621308
2024-05-24T14:23:42.000 4492.560032397030 2530.084672175840 -4423.890285135650 -0.54957036392115 6.85727076479515 3.36178962599040
2024-05-24T14:23:44.000 4491.449488929240 2543.792781728260 -4417.155449452980 -0.56097264963081 6.85083297895290 3.37304321512437
2024-05-24T14:23:46.000 4490.316143634690 2557.487980867670 -4410.398123660480 -0.57237218106075 6.84436035713876 3.38427972626225
2024-05-24T14:23:48.000 4489.160002079650 2571.170199954290 -4403.618341971440 -0.58376890051396 6.83785293154567 3.39549910213466
2024-05-24T14:23:50.000 4487.981069945740 2584.839369412910 -4396.816138713580 -0.59516275030780 6.83131073454410 3.40670128555584
2024-05-24T14:23:52.000 4486.779353029970 2598.495419733220 -4389.991548328920 -0.60655367277435 6.82473379868177 3.41788621942397
2024-05-24T14:23:54.000 4485.554857244630 2612.138281470210 -4383.144605373600 -0.61794161026072 6.81812215668339 3.42905384672148
2024-05-24T14:23:56.000 4484.307588617340 2625.767885244460 -4376.275344517700 -0.62932650512938 6.81147584145036 3.44020411051532
2024-05-24T14:23:58.000 4483.037553290940 2639.384161742570 -4369.383800545110 -0.64070829975846 6.80479488606053 3.45133695395727
2024-05-24T14:24:00.000 4481.744757523530 2652.987041717430 -4362.470008353290 -0.65208693654202 6.79807932376783 3.46245232028424
2024-05-24T14:24:02.000 4480.429207688400 2666.576455988650 -4355.534002953170 -0.66346235789037 6.79132918800210 3.47355015281852
2024-05-24T14:24:04.000 4479.090910273980 2680.152335442860 -4348.575819468940 -0.67483450623034 6.78454451236869 3.48463039496812
2024-05-24T14:24:06.000 4477.729871883850 2693.714611034070 -4341.595493137890 -0.68620332400551 6.77772533064827 3.49569299022700
2024-05-24T14:24:08.000 4476.346099236690 2707.263213784030 -4334.593059310240 -0.69756875367649 6.77087167679648 3.50673788217540
2024-05-24T14:24:10.000 4474.939599166230 2720.798074782580 -4327.568553448950 -0.70893073772117 6.76398358494366 3.51776501448005
2024-05-24T14:24:12.000 4473.510378621230 2734.319125188000 -4320.522011129580 -0.72028921863493 6.75706108939459 3.52877433089453
2024-05-24T14:24:14.000 4472.058444665440 2747.826296227340 -4313.453468040080 -0.73164413893090 6.75010422462818 3.53976577525948
2024-05-24T14:24:16.000 4470.583804477560 2761.319519196800 -4306.362959980630 -0.74299544114015 6.74311302529717 3.55073929150288
2024-05-24T14:24:18.000 4469.086465351240 2774.798725462040 -4299.250522863470 -0.75434306781188 6.73608752622792 3.56169482364037
2024-05-24T14:24:20.000 4467.566434694960 2788.263846458550 -4292.116192712740 -0.76568696151366 6.72902776242005 3.57263231577544
2024-05-24T14:24:22.000 4466.023720032110 2801.714813692000 -4284.960005664250 -0.77702706483160 6.72193376904622 3.58355171209977
2024-05-24T14:24:24.000 4464.458329000820 2815.151558738580 -4277.781997965360 -0.78836332037050 6.71480558145184 3.59445295689344
2024-05-24T14:24:26.000 4462.870269354060 2828.574013245340 -4270.582205974780 -0.79969567075407 6.70764323515480 3.60533599452524
2024-05-24T14:24:28.000 4461.259548959480 2841.982108930520 -4263.360666162400 -0.81102405862508 6.70044676584522 3.61620076945290
2024-05-24T14:24:30.000 4459.626175799460 2855.375777583950 -4256.117415109080 -0.82234842664551 6.69321620938517 3.62704722622337
2024-05-24T14:24:32.000 4457.970157971020 2868.754951067310 -4248.852489506520 -0.83366871749668 6.68595160180843 3.63787530947305
2024-05-24T14:24:34.000 4456.291503685790 2882.119561314570 -4241.565926157050 -0.84498487387945 6.67865297932026 3.64868496392811
2024-05-24T14:24:36.000 4454.590221270000 2895.469540332230 -4234.257761973460 -0.85629683851431 6.67132037829710 3.65947613440470
2024-05-24T14:24:38.000 4452.866319164400 2908.804820199760 -4226.928033978810 -0.86760455414153 6.66395383528639 3.67024876580921
2024-05-24T14:24:40.000 4451.119805924260 2922.125333069860 -4219.576779306280 -0.87890796352129 6.65655338700629 3.68100280313857
2024-05-24T14:24:42.000 4449.350690219300 2935.431011168860 -4212.204035198920 -0.89020700943382 6.64911907034548 3.69173819148046
2024-05-24T14:24:44.000 4447.558980833640 2948.721786797030 -4204.809839009560 -0.90150163467949 6.64165092236293 3.70245487601359
2024-05-24T14:24:46.000 4445.744686665810 2961.997592328920 -4197.394228200560 -0.91279178207893 6.63414898028770 3.71315280200797
2024-05-24T14:24:48.000 4443.907816728660 2975.258360213710 -4189.957240343650 -0.92407739447320 6.62661328151867 3.72383191482515
2024-05-24T14:24:50.000 4442.048380149350 2988.504022975570 -4182.498913119740 -0.93535841472382 6.61904386362442 3.73449215991845
2024-05-24T14:24:52.000 4440.166386169270 3001.734513213950 -4175.019284318760 -0.94663478571294 6.61144076434298 3.74513348283329
2024-05-24T14:24:54.000 4438.261844144070 3014.949763603950 -4167.518391839440 -0.95790645034343 6.60380402158165 3.75575582920737
2024-05-24T14:24:56.000 4436.334763543520 3028.149706896670 -4159.996273689140 -0.96917335153899 6.59613367341680 3.76635914477099
2024-05-24T14:24:58.000 4434.385153951570 3041.334275919510 -4152.452967983680 -0.98043543224428 6.58842975809373 3.77694337534726
2024-05-24T14:25:00.000 4432.413025066230 3054.503403576540 -4144.888512947140 -0.99169263542499 6.58069231402646 3.78750846685237
2024-05-24T14:25:02.000 4430.418386699560 3067.657022848840 -4137.302946911650 -1.00294490406799 6.57292137979760 3.79805436529586
2024-05-24T14:25:04.000 4428.401248777640 3080.795066794790 -4129.696308317260 -1.01419218118143 6.56511699415815 3.80858101678088
2024-05-24T14:25:06.000 4426.361621340500 3093.917468550470 -4122.068635711700 -1.02543440979486 6.55727919602737 3.81908836750441
2024-05-24T14:25:08.000 4424.299514542100 3107.024161329960 -4114.419967750220 -1.03667153295932 6.54940802449264 3.82957636375756
2024-05-24T14:25:10.000 4422.214938650250 3120.115078425670 -4106.750343195400 -1.04790349374751 6.54150351880930 3.84004495192582
2024-05-24T14:25:12.000 4420.107904046630 3133.190153208710 -4099.059800916930 -1.05913023525389 6.53356571840053 3.85049407848927
2024-05-24T14:25:14.000 4417.978421226680 3146.249319129180 -4091.348379891460 -1.07035170059481 6.52559466285723 3.86092369002292
2024-05-24T14:25:16.000 4415.826500799600 3159.292509716550 -4083.616119202410 -1.08156783290864 6.51759039193785 3.87133373319689
2024-05-24T14:25:18.000 4413.652153488290 3172.319658579960 -4075.863058039740 -1.09277857535593 6.50955294556832 3.88172415477672
2024-05-24T14:25:20.000 4411.455390129300 3185.330699408580 -4068.089235699790 -1.10398387111952 6.50148236384193 3.89209490162360
2024-05-24T14:25:22.000 4409.236221672800 3198.325565971930 -4060.294691585100 -1.11518366340474 6.49337868701920 3.90244592069463
2024-05-24T14:25:24.000 4406.994659182520 3211.304192120210 -4052.479465204170 -1.12637789543952 6.48524195552779 3.91277715904311
2024-05-24T14:25:26.000 4404.730713835710 3224.266511784650 -4044.643596171310 -1.13756651047457 6.47707220996241 3.92308856381875
2024-05-24T14:25:28.000 4402.444396923100 3237.212458977850 -4036.787124206440 -1.14874945178357 6.46886949108470 3.93338008226794
2024-05-24T14:25:30.000 4400.135719848860 3250.141967794070 -4028.910089134900 -1.15992666266330 6.46063383982316 3.94365166173406
2024-05-24T14:25:32.000 4397.804694130520 3263.054972409610 -4021.012530887210 -1.17109808643388 6.45236529727309 3.95390324965765
2024-05-24T14:25:34.000 4395.451331398970 3275.951407083140 -4013.094489498940 -1.18226366643893 6.44406390469642 3.96413479357674
2024-05-24T14:25:36.000 4393.075643398370 3288.831206155990 -4005.156005110480 -1.19342334604576 6.43572970352173 3.97434624112709
2024-05-24T14:25:38.000 4390.677641986130 3301.694304052550 -3997.197117966850 -1.20457706864560 6.42736273534412 3.98453754004243
2024-05-24T14:25:40.000 4388.257339132850 3314.540635280540 -3989.217868417510 -1.21572477765380 6.41896304192514 3.99470863815472
2024-05-24T14:25:42.000 4385.814746922280 3327.370134431370 -3981.218296916150 -1.22686641651008 6.41053066519271 4.00485948339445
2024-05-24T14:25:44.000 4383.349877551270 3340.182736180490 -3973.198444020500 -1.23800192867870 6.40206564724109 4.01499002379083
2024-05-24T14:25:46.000 4380.862743329700 3352.978375287690 -3965.158350392130 -1.24913125764878 6.39356803033077 4.02510020747212
2024-05-24T14:25:48.000 4378.353356680460 3365.756986597460 -3957.098056796270 -1.26025434693446 6.38503785688842 4.03518998266582
2024-05-24T14:25:50.000 4375.821730139390 3378.518505039280 -3949.017604101580 -1.27137114007525 6.37647516950682 4.04525929769899
2024-05-24T14:25:52.000 4373.267876355210 3391.262865628030 -3940.917033279970 -1.28248158063620 6.36788001094480 4.05530810099846
2024-05-24T14:25:54.000 4370.691808089510 3403.990003464220 -3932.796385406390 -1.29358561220823 6.35925242412718 4.06533634109114
2024-05-24T14:25:56.000 4368.093538216630 3416.699853734420 -3924.655701658660 -1.30468317840841 6.35059245214470 4.07534396660421
2024-05-24T14:25:58.000 4365.473079723690 3429.392351711530 -3916.495023317210 -1.31577422288019 6.34190013825393 4.08533092626545
2024-05-24T14:26:00.000 4362.830445710480 3442.067432755110 -3908.314391764950 -1.32685868929378 6.33317552587726 4.09529716890346
2024-05-24T14:26:02.000 4360.165649389430 3454.725032311770 -3900.113848487000 -1.33793652134636 6.32441865860280 4.10524264344793
2024-05-24T14:26:04.000 4357.478704085520 3467.365085915420 -3891.893435070530 -1.34900766276246 6.31562958018430 4.11516729892988
2024-05-24T14:26:06.000 4354.769623236300 3479.987529187680 -3883.653193204570 -1.36007205729426 6.30680833454112 4.12507108448197
2024-05-24T14:26:08.000 4352.038420391750 3492.592297838160 -3875.393164679740 -1.37112964872187 6.29795496575814 4.13495394933870
2024-05-24T14:26:10.000 4349.285109214280 3505.179327664790 -3867.113391388120 -1.38218038085372 6.28906951808567 4.14481584283674
2024-05-24T14:26:12.000 4346.509703478640 3517.748554554180 -3858.813915323010 -1.39322419752686 6.28015203593942 4.15465671441511
2024-05-24T14:26:14.000 4343.712217071900 3530.299914481940 -3850.494778578710 -1.40426104260730 6.27120256390039 4.16447651361552
2024-05-24T14:26:16.000 4340.892663993340 3542.833343513010 -3842.156023350370 -1.41529085999039 6.26222114671481 4.17427519008260
2024-05-24T14:26:18.000 4338.051058354450 3555.348777801980 -3833.797691933710 -1.42631359360112 6.25320782929404 4.18405269356414
2024-05-24T14:26:20.000 4335.187414378820 3567.846153593410 -3825.419826724870 -1.43732918739455 6.24416265671450 4.19380897391142
2024-05-24T14:26:22.000 4332.301746402090 3580.325407222220 -3817.022470220190 -1.44833758535610 6.23508567421759 4.20354398107941
2024-05-24T14:26:24.000 4329.394068871940 3592.786475113940 -3808.605665015970 -1.45933873150195 6.22597692720955 4.21325766512706
2024-05-24T14:26:26.000 4326.464396347930 3605.229293785090 -3800.169453808320 -1.47033256987945 6.21683646126146 4.22294997621761
2024-05-24T14:26:28.000 4323.512743501550 3617.653799843510 -3791.713879392890 -1.48131904456742 6.20766432210902 4.23262086461878
2024-05-24T14:26:30.000 4320.539125116050 3630.059929988660 -3783.238984664720 -1.49229809967658 6.19846055565255 4.24227028070313
2024-05-24T14:26:32.000 4317.543556086470 3642.447621011960 -3774.744812617980 -1.50326967934994 6.18922520795681 4.25189817494824
2024-05-24T14:26:34.000 4314.526051419490 3654.816809797140 -3766.231406345770 -1.51423372776314 6.17995832525095 4.26150449793706
2024-05-24T14:26:36.000 4311.486626233450 3667.167433320550 -3757.698809039940 -1.52519018912490 6.17065995392833 4.27108920035817
2024-05-24T14:26:38.000 4308.425295758200 3679.499428651480 -3749.147063990850 -1.53613900767735 6.16133014054643 4.28065223300599
2024-05-24T14:26:40.000 4305.342075335090 3691.812732952510 -3740.576214587170 -1.54708012769647 6.15196893182672 4.29019354678118
2024-05-24T14:26:42.000 4302.236980416900 3704.107283479810 -3731.986304315640 -1.55801349349244 6.14257637465453 4.29971309269078
2024-05-24T14:26:44.000 4299.110026567710 3716.383017583520 -3723.377376760910 -1.56893904941010 6.13315251607890 4.30921082184863
2024-05-24T14:26:46.000 4295.961229462920 3728.639872708000 -3714.749475605270 -1.57985673982928 6.12369740331246 4.31868668547553
2024-05-24T14:26:48.000 4292.790604889120 3740.877786392220 -3706.102644628480 -1.59076650916524 6.11421108373123 4.32814063489962
2024-05-24T14:26:50.000 4289.598168744020 3753.096696270070 -3697.436927707520 -1.60166830186904 6.10469360487452 4.33757262155660
2024-05-24T14:26:52.000 4286.383937036400 3765.296540070670 -3688.752368816400 -1.61256206242796 6.09514501444475 4.34698259699008
2024-05-24T14:26:54.000 4283.147925886050 3777.477255618700 -3680.049012025940 -1.62344773536589 6.08556536030728 4.35637051285179
2024-05-24T14:26:56.000 4279.890151523650 3789.638780834770 -3671.326901503540 -1.63432526524374 6.07595469049021 4.36573632090198
2024-05-24T14:26:58.000 4276.610630290720 3801.781053735670 -3662.586081512970 -1.64519459665979 6.06631305318428 4.37507997300959
2024-05-24T14:27:00.000 4273.309378639560 3813.904012434750 -3653.826596414150 -1.65605567425016 6.05664049674259 4.38440142115267
2024-05-24T14:27:02.000 4269.986413133150 3826.007595142220 -3645.048490662940 -1.66690844268914 6.04693706968048 4.39370061741858
2024-05-24T14:27:04.000 4266.641750445100 3838.091740165500 -3636.251808810930 -1.67775284668962 6.03720282067529 4.40297751400434
2024-05-24T14:27:06.000 4263.275407359520 3850.156385909520 -3627.436595505180 -1.68858883100345 6.02743779856621 4.41223206321692
2024-05-24T14:27:08.000 4259.887400771010 3862.201470877030 -3618.602895488030 -1.69941634042187 6.01764205235401 4.42146421747355
2024-05-24T14:27:10.000 4256.477747684540 3874.226933668970 -3609.750753596900 -1.71023531977587 6.00781563120084 4.43067392930202
2024-05-24T14:27:12.000 4253.046465215370 3886.232712984750 -3600.880214764020 -1.72104571393658 5.99795858443007 4.43986115134098
2024-05-24T14:27:14.000 4249.593570588990 3898.218747622600 -3591.991324016240 -1.73184746781566 5.98807096152598 4.44902583634026
2024-05-24T14:27:16.000 4246.119081141000 3910.184976479860 -3583.084126474780 -1.74264052636567 5.97815281213358 4.45816793716118
2024-05-24T14:27:18.000 4242.623014317080 3922.131338553340 -3574.158667355060 -1.75342483458046 5.96820418605834 4.46728740677683
2024-05-24T14:27:20.000 4239.105387672880 3934.057772939610 -3565.214991966420 -1.76420033749554 5.95822513326599 4.47638419827246
2024-05-24T14:27:22.000 4235.566218873910 3945.964218835340 -3556.253145711920 -1.77496698018846 5.94821570388223 4.48545826484570
2024-05-24T14:27:24.000 4232.005525695530 3957.850615537600 -3547.273174088120 -1.78572470777915 5.93817594819247 4.49450955980694
2024-05-24T14:27:26.000 4228.423326022760 3969.716902444200 -3538.275122684820 -1.79647346543033 5.92810591664162 4.50353803657963
2024-05-24T14:27:28.000 4224.819637850290 3981.563019053990 -3529.259037184900 -1.80721319834786 5.91800565983377 4.51254364870059
2024-05-24T14:27:30.000 4221.194479282360 3993.388904967200 -3520.224963364030 -1.81794385178106 5.90787522853195 4.52152634982033
2024-05-24T14:27:32.000 4217.547868532630 4005.194499885730 -3511.172947090450 -1.82866537102313 5.89771467365782 4.53048609370338
2024-05-24T14:27:34.000 4213.879823924170 4016.979743613500 -3502.103034324790 -1.83937770141147 5.88752404629143 4.53942283422860
2024-05-24T14:27:36.000 4210.190363889300 4028.744576056730 -3493.015271119780 -1.85008078832802 5.87730339767091 4.54833652538950
2024-05-24T14:27:38.000 4206.479506969550 4040.488937224270 -3483.909703620070 -1.86077457719964 5.86705277919216 4.55722712129456
2024-05-24T14:27:40.000 4202.747271815550 4052.212767227950 -3474.786378061960 -1.87145901349842 5.85677224240859 4.56609457616757
2024-05-24T14:27:42.000 4198.993677186930 4063.916006282840 -3465.645340773200 -1.88213404274206 5.84646183903080 4.57493884434791
2024-05-24T14:27:44.000 4195.218741952250 4075.598594707590 -3456.486638172730 -1.89279961049416 5.83612162092626 4.58375988029091
2024-05-24T14:27:46.000 4191.422485088880 4087.260472924740 -3447.310316770480 -1.90345566236460 5.82575164011900 4.59255763856815
2024-05-24T14:27:48.000 4187.604925682940 4098.901581461050 -3438.116423167110 -1.91410214400983 5.81535194878933 4.60133207386779
2024-05-24T14:27:50.000 4183.766082929190 4110.521860947770 -3428.905004053790 -1.92473900113323 5.80492259927348 4.61008314099487
2024-05-24T14:27:52.000 4179.905976130920 4122.121252121010 -3419.676106211970 -1.93536617948542 5.79446364406328 4.61881079487165
2024-05-24T14:27:54.000 4176.024624699890 4133.699695821990 -3410.429776513120 -1.94598362486458 5.78397513580586 4.62751499053791
2024-05-24T14:27:56.000 4172.122048156220 4145.257132997400 -3401.166061918520 -1.95659128311677 5.77345712730328 4.63619568315127
2024-05-24T14:27:58.000 4168.198266128250 4156.793504699670 -3391.885009479030 -1.96718910013625 5.76290967151223 4.64485282798752
2024-05-24T14:28:00.000 4164.253298352530 4168.308752087330 -3382.586666334830 -1.97777702186577 5.75233282154366 4.65348638044091
2024-05-24T14:28:02.000 4160.287164673650 4179.802816425240 -3373.271079715180 -1.98835499429691 5.74172663066245 4.66209629602445
2024-05-24T14:28:04.000 4156.299885044180 4191.275639084980 -3363.938296938220 -1.99892296347037 5.73109115228708 4.67068253037027
2024-05-24T14:28:06.000 4152.291479524550 4202.727161545100 -3354.588365410700 -2.00948087547627 5.72042643998926 4.67924503922986
2024-05-24T14:28:08.000 4148.261968282960 4214.157325391460 -3345.221332627720 -2.02002867645444 5.70973254749356 4.68778377847444
2024-05-24T14:28:10.000 4144.211371595290 4225.566072317520 -3335.837246172550 -2.03056631259474 5.69900952867712 4.69629870409521
2024-05-24T14:28:12.000 4140.139709844990 4236.953344124640 -3326.436153716350 -2.04109373013733 5.68825743756923 4.70478977220367
2024-05-24T14:28:14.000 4136.047003522950 4248.319082722390 -3317.018103017920 -2.05161087537298 5.67747632835098 4.71325693903191
2024-05-24T14:28:16.000 4131.933273227470 4259.663230128860 -3307.583141923510 -2.06211769464335 5.66666625535493 4.72170016093291
2024-05-24T14:28:18.000 4127.798539664090 4270.985728470940 -3298.131318366500 -2.07261413434127 5.65582727306473 4.73011939438083
2024-05-24T14:28:20.000 4123.642823645530 4282.286519984670 -3288.662680367230 -2.08310014091101 5.64495943611474 4.73851459597130
2024-05-24T14:28:22.000 4119.466146091540 4293.565547015480 -3279.177276032710 -2.09357566084860 5.63406279928967 4.74688572242168
2024-05-24T14:28:24.000 4115.268528028860 4304.822752018530 -3269.675153556410 -2.10404064070207 5.62313741752423 4.75523273057137
2024-05-24T14:28:26.000 4111.049990591050 4316.058077559010 -3260.156361217990 -2.11449502707172 5.61218334590273 4.76355557738207
2024-05-24T14:28:28.000 4106.810555018460 4327.271466312390 -3250.620947383050 -2.12493876661043 5.60120063965873 4.77185421993805
2024-05-24T14:28:30.000 4102.550242658030 4338.462861064810 -3241.068960502930 -2.13537180602388 5.59018935417465 4.78012861544643
2024-05-24T14:28:32.000 4098.269074963270 4349.632204713280 -3231.500449114420 -2.14579409207085 5.57914954498142 4.78837872123744
2024-05-24T14:28:34.000 4093.967073494120 4360.779440266050 -3221.915461839500 -2.15620557156347 5.56808126775809 4.79660449476466
2024-05-24T14:28:36.000 4089.644259916810 4371.904510842840 -3212.314047385150 -2.16660619136749 5.55698457833144 4.80480589360532
2024-05-24T14:28:38.000 4085.300656003830 4383.007359675220 -3202.696254543070 -2.17699589840251 5.54585953267564 4.81298287546052
2024-05-24T14:28:40.000 4080.936283633740 4394.087930106800 -3193.062132189420 -2.18737463964226 5.53470618691185 4.82113539815546
2024-05-24T14:28:42.000 4076.551164791110 4405.146165593630 -3183.411729284590 -2.19774236211487 5.52352459730784 4.82926341963974
2024-05-24T14:28:44.000 4072.145321566400 4416.182009704410 -3173.745094872950 -2.20809901290305 5.51231482027764 4.83736689798756
2024-05-24T14:28:46.000 4067.718776155860 4427.195406120830 -3164.062278082600 -2.21844453914443 5.50107691238115 4.84544579139793
2024-05-24T14:28:48.000 4063.271550861390 4438.186298637830 -3154.363328125110 -2.22877888803172 5.48981093032375 4.85350005819497
2024-05-24T14:28:50.000 4058.803668090470 4449.154631163910 -3144.648294295270 -2.23910200681301 5.47851693095595 4.86152965682807
2024-05-24T14:28:52.000 4054.315150356010 4460.100347721440 -3134.917225970860 -2.24941384279198 5.46719497127302 4.86953454587215
2024-05-24T14:28:54.000 4049.806020276270 4471.023392446890 -3125.170172612370 -2.25971434332813 5.45584510841458 4.87751468402784
2024-05-24T14:28:56.000 4045.276300574720 4481.923709591170 -3115.407183762790 -2.27000345583706 5.44446739966429 4.88547003012175
2024-05-24T14:28:58.000 4040.726014079960 4492.801243519900 -3105.628309047290 -2.28028112779063 5.43306190244941 4.89340054310659
2024-05-24T14:29:00.000 4036.155183725570 4503.655938713700 -3095.833598173050 -2.29054730671726 5.42162867434049 4.90130618206147
2024-05-24T14:29:02.000 4031.563832550050 4514.487739768470 -3086.023100928930 -2.30080194020210 5.41016777305098 4.90918690619203
2024-05-24T14:29:04.000 4026.951983696630 4525.296591395680 -3076.196867185280 -2.31104497588728 5.39867925643686 4.91704267483064
2024-05-24T14:29:06.000 4022.319660413240 4536.082438422660 -3066.354946893640 -2.32127636147213 5.38716318249629 4.92487344743661
2024-05-24T14:29:08.000 4017.666886052310 4546.845225792870 -3056.497390086500 -2.33149604471339 5.37561960936924 4.93267918359640
2024-05-24T14:29:10.000 4012.993684070740 4557.584898566200 -3046.624246877080 -2.34170397342543 5.36404859533714 4.94045984302371
2024-05-24T14:29:12.000 4008.300078029710 4568.301401919230 -3036.735567459000 -2.35190009548047 5.35245019882252 4.94821538555975
2024-05-24T14:29:14.000 4003.586091594630 4578.994681145540 -3026.831402106120 -2.36208435880876 5.34082447838866 4.95594577117336
2024-05-24T14:29:16.000 3998.851748534970 4589.664681655970 -3016.911801172200 -2.37225671139885 5.32917149273925 4.96365095996122
2024-05-24T14:29:18.000 3994.097072724170 4600.311348978910 -3006.976815090680 -2.38241710129771 5.31749130071801 4.97133091214794
2024-05-24T14:29:20.000 3989.322088139510 4610.934628760580 -2997.026494374440 -2.39256547661100 5.30578396130839 4.97898558808631
2024-05-24T14:29:22.000 3984.526818862000 4621.534466765300 -2987.060889615520 -2.40270178550327 5.29404953363320 4.98661494825738
2024-05-24T14:29:24.000 3979.711289076290 4632.110808875770 -2977.080051484850 -2.41282597619809 5.28228807695429 4.99421895327066
2024-05-24T14:29:26.000 3974.875523070490 4642.663601093380 -2967.084030732050 -2.42293799697835 5.27049965067221 5.00179756386427
2024-05-24T14:29:28.000 3970.019545236090 4653.192789538420 -2957.072878185100 -2.43303779618636 5.25868431432587 5.00935074090505
2024-05-24T14:29:30.000 3965.143380067860 4663.698320450420 -2947.046644750140 -2.44312532222410 5.24684212759225 5.01687844538872
2024-05-24T14:29:32.000 3960.247052163670 4674.180140188400 -2937.005381411170 -2.45320052355338 5.23497315028603 5.02438063844003
2024-05-24T14:29:34.000 3955.330586224440 4684.638195231150 -2926.949139229830 -2.46326334869605 5.22307744235933 5.03185728131292
2024-05-24T14:29:36.000 3950.394007053960 4695.072432177480 -2916.877969345120 -2.47331374623419 5.21115506390136 5.03930833539058
2024-05-24T14:29:38.000 3945.437339558810 4705.482797746550 -2906.791922973130 -2.48335166481025 5.19920607513810 5.04673376218565
2024-05-24T14:29:40.000 3940.460608748220 4715.869238778070 -2896.691051406800 -2.49337705312732 5.18723053643204 5.05413352334033
2024-05-24T14:29:42.000 3935.463839733970 4726.231702232640 -2886.575406015680 -2.50338985994921 5.17522850828186 5.06150758062651
2024-05-24T14:29:44.000 3930.447057730210 4736.570135191990 -2876.445038245610 -2.51339003410071 5.16320005132213 5.06885589594586
2024-05-24T14:29:46.000 3925.410288053420 4746.884484859240 -2866.299999618520 -2.52337752446776 5.15114522632304 5.07617843133002
2024-05-24T14:29:48.000 3920.353556122230 4757.174698559190 -2856.140341732140 -2.53335227999760 5.13906409419010 5.08347514894068
2024-05-24T14:29:50.000 3915.276887457320 4767.440723738600 -2845.966116259750 -2.54331424969895 5.12695671596386 5.09074601106970
2024-05-24T14:29:52.000 3910.180307681270 4777.682507966430 -2835.777374949910 -2.55326338264224 5.11482315281968 5.09799098013924
2024-05-24T14:29:54.000 3905.063842518500 4787.899998934130 -2825.574169626200 -2.56319962795973 5.10266346606739 5.10521001870190
2024-05-24T14:29:56.000 3899.927517795060 4798.093144455920 -2815.356552186990 -2.57312293484575 5.09047771715108 5.11240308944081
2024-05-24T14:29:58.000 3894.771359438570 4808.261892469010 -2805.124574605120 -2.58303325255681 5.07826596764884 5.11957015516974
2024-05-24T14:30:00.000 3889.595393478070 4818.406191033930 -2794.878288927690 -2.59293053041183 5.06602827927249 5.12671117883327
2024-05-24T14:30:02.000 3884.399646043900 4828.525988334750 -2784.617747275780 -2.60281471779233 5.05376471386735 5.13382612350686
2024-05-24T14:30:04.000 3879.184143367590 4838.621232679360 -2774.343001844180 -2.61268576414257 5.04147533341197 5.14091495239700
2024-05-24T14:30:06.000 3873.948911781680 4848.691872499770 -2764.054104901160 -2.62254361896977 5.02916020001794 5.14797762884130
2024-05-24T14:30:08.000 3868.693977719680 4858.737856352300 -2753.751108788140 -2.63238823184427 5.01681937592962 5.15501411630865
2024-05-24T14:30:10.000 3863.419367715860 4868.759132917940 -2743.434065919510 -2.64221955239975 5.00445292352394 5.16202437839932
2024-05-24T14:30:12.000 3858.125108405160 4878.755651002520 -2733.103028782310 -2.65203753033337 4.99206090531015 5.16900837884507
2024-05-24T14:30:14.000 3852.811226523100 4888.727359537060 -2722.758049935990 -2.66184211540602 4.97964338392966 5.17596608150933
2024-05-24T14:30:16.000 3847.477748905560 4898.674207577980 -2712.399182012130 -2.67163325744248 4.96720042215575 5.18289745038725
2024-05-24T14:30:18.000 3842.124702488760 4908.596144307360 -2702.026477714210 -2.68141090633161 4.95473208289344 5.18980244960592
2024-05-24T14:30:20.000 3836.752114309040 4918.493119033250 -2691.639989817310 -2.69117501202657 4.94223842917923 5.19668104342441
2024-05-24T14:30:22.000 3831.360011502770 4928.365081189880 -2681.239771167860 -2.70092552454503 4.92971952418094 5.20353319623399
2024-05-24T14:30:24.000 3825.948421306250 4938.211980337980 -2670.825874683370 -2.71066239396935 4.91717543119752 5.21035887255820
2024-05-24T14:30:26.000 3820.517371055530 4948.033766164970 -2660.398353352180 -2.72038557044681 4.90460621365882 5.21715803705305
2024-05-24T14:30:28.000 3815.066888186290 4957.830388485280 -2649.957260233190 -2.73009500418981 4.89201193512544 5.22393065450712
2024-05-24T14:30:30.000 3809.597000233740 4967.601797240600 -2639.502648455570 -2.73979064547612 4.87939265928855 5.23067668984174
2024-05-24T14:30:32.000 3804.107734832460 4977.347942500110 -2629.034571218530 -2.74947244464908 4.86674844996968 5.23739610811113
2024-05-24T14:30:34.000 3798.599119716280 4987.068774460780 -2618.553081791050 -2.75914035211780 4.85407937112057 5.24408887450254
2024-05-24T14:30:36.000 3793.071182718150 4996.764243447620 -2608.058233511560 -2.76879431835748 4.84138548682299 5.25075495433646
2024-05-24T14:30:38.000 3787.523951769980 5006.434299913920 -2597.550079787770 -2.77843429390954 4.82866686128858 5.25739431306672
2024-05-24T14:30:40.000 3781.957454902560 5016.078894441510 -2587.028674096310 -2.78806022938195 4.81592355885864 5.26400691628074
2024-05-24T14:30:42.000 3776.371720245390 5025.697977741070 -2576.494069982510 -2.79767207544944 4.80315564400400 5.27059272969963
2024-05-24T14:30:44.000 3770.766776026540 5035.291500652310 -2565.946321060140 -2.80726978285375 4.79036318132486 5.27715171917841
2024-05-24T14:30:46.000 3765.142650572550 5044.859414144300 -2555.385481011100 -2.81685330240392 4.77754623555057 5.28368385070619
2024-05-24T14:30:48.000 3759.499372308250 5054.401669315680 -2544.811603585200 -2.82642258497652 4.76470487153952 5.29018909040636
2024-05-24T14:30:50.000 3753.836969756660 5063.918217394950 -2534.224742599860 -2.83597758151595 4.75183915427895 5.29666740453678
2024-05-24T14:30:52.000 3748.155471538860 5073.409009740710 -2523.624951939850 -2.84551824303470 4.73894914888477 5.30311875949001
2024-05-24T14:30:54.000 3742.454906373820 5082.873997841900 -2513.012285557000 -2.85504452061364 4.72603492060141 5.30954312179346
2024-05-24T14:30:56.000 3736.735303078270 5092.313133318100 -2502.386797470000 -2.86455636540232 4.71309653480164 5.31594045810965
2024-05-24T14:30:58.000 3730.996690566590 5101.726367919760 -2491.748541764030 -2.87405372861926 4.70013405698639 5.32231073523644
2024-05-24T14:31:00.000 3725.239097850650 5111.113653528450 -2481.097572590560 -2.88353656155223 4.68714755278461 5.32865392010719
2024-05-24T14:31:02.000 3719.462554039670 5120.474942157140 -2470.433944167060 -2.89300481555860 4.67413708795305 5.33496997979105
2024-05-24T14:31:04.000 3713.667088340080 5129.810185950430 -2459.757710776720 -2.90245844206561 4.66110272837607 5.34125888149317
2024-05-24T14:31:06.000 3707.852730055410 5139.119337184820 -2449.068926768190 -2.91189739257072 4.64804454006551 5.34752059255494
2024-05-24T14:31:08.000 3702.019508586090 5148.402348268960 -2438.367646555280 -2.92132161864194 4.63496258916045 5.35375508045425
2024-05-24T14:31:10.000 3696.167453429370 5157.659171743910 -2427.653924616740 -2.93073107191813 4.62185694192703 5.35996231280570
2024-05-24T14:31:12.000 3690.296594179150 5166.889760283370 -2416.927815495920 -2.94012570410936 4.60872766475824 5.36614225736093
2024-05-24T14:31:14.000 3684.406960525810 5176.094066693990 -2406.189373800570 -2.94950546699724 4.59557482417372 5.37229488200879
2024-05-24T14:31:16.000 3678.498582256120 5185.272043915550 -2395.438654202480 -2.95887031243530 4.58239848681955 5.37842015477569
2024-05-24T14:31:18.000 3672.571489253080 5194.423645021270 -2384.675711437280 -2.96822019234929 4.56919871946802 5.38451804382582
2024-05-24T14:31:20.000 3666.625711495750 5203.548823218030 -2373.900600304120 -2.97755505873757 4.55597558901739 5.39058851746144
2024-05-24T14:31:22.000 3660.661279059100 5212.647531846620 -2363.113375665420 -2.98687486367148 4.54272916249168 5.39663154412314
2024-05-24T14:31:24.000 3654.678222113930 5221.719724382040 -2352.314092446560 -2.99617955929566 4.52945950704040 5.40264709239018
2024-05-24T14:31:26.000 3648.676570926650 5230.765354433680 -2341.502805635650 -3.00546909782848 4.51616668993830 5.40863513098069
2024-05-24T14:31:28.000 3642.656355859150 5239.784375745620 -2330.679570283190 -3.01474343156237 4.50285077858511 5.41459562875205
2024-05-24T14:31:30.000 3636.617607368690 5248.776742196870 -2319.844441501850 -3.02400251286420 4.48951184050528 5.42052855470111
2024-05-24T14:31:32.000 3630.560356007690 5257.742407801590 -2308.997474466180 -3.03324629417568 4.47614994334766 5.42643387796453
2024-05-24T14:31:34.000 3624.484632423640 5266.681326709380 -2298.138724412270 -3.04247472801373 4.46276515488524 5.43231156781906
2024-05-24T14:31:36.000 3618.390467358890 5275.593453205520 -2287.268246637560 -3.05168776697084 4.44935754301483 5.43816159368183
2024-05-24T14:31:38.000 3612.277891650560 5284.478741711180 -2276.386096500500 -3.06088536371550 4.43592717575675 5.44398392511070
2024-05-24T14:31:40.000 3606.146936230350 5293.337146783720 -2265.492329420280 -3.07006747099254 4.42247412125451 5.44977853180448
2024-05-24T14:31:42.000 3599.997632124360 5302.168623116880 -2254.587000876550 -3.07923404162356 4.40899844777445 5.45554538360332
2024-05-24T14:31:44.000 3593.830010453020 5310.973125541080 -2243.670166409150 -3.08838502850728 4.39550022370541 5.46128445048894
2024-05-24T14:31:46.000 3587.644102430850 5319.750609023650 -2232.741881617790 -3.09752038461994 4.38197951755838 5.46699570258498
2024-05-24T14:31:48.000 3581.439939366350 5328.501028669020 -2221.802202161830 -3.10664006301570 4.36843639796609 5.47267911015728
2024-05-24T14:31:50.000 3575.217552661840 5337.224339719050 -2210.851183759910 -3.11574401682700 4.35487093368267 5.47833464361419
2024-05-24T14:31:52.000 3568.976973813290 5345.920497553200 -2199.888882189750 -3.12483219926496 4.34128319358323 5.48396227350685
2024-05-24T14:31:54.000 3562.718234410170 5354.589457688830 -2188.915353287800 -3.13390456361975 4.32767324666345 5.48956197052952
2024-05-24T14:31:56.000 3556.441366135290 5363.231175781380 -2177.930652948990 -3.14296106326100 4.31404116203920 5.49513370551984
2024-05-24T14:31:58.000 3550.146400764640 5371.845607624670 -2166.934837126420 -3.15200165163811 4.30038700894605 5.50067744945912
2024-05-24T14:32:00.000 3543.833370167230 5380.432709151090 -2155.927961831110 -3.16102628228069 4.28671085673889 5.50619317347266
2024-05-24T14:32:02.000 3537.502306304940 5388.992436431860 -2144.910083131640 -3.17003490879890 4.27301277489144 5.51168084883000
2024-05-24T14:32:04.000 3531.153241232330 5397.524745677290 -2133.881257153950 -3.17902748488382 4.25929283299580 5.51714044694521
2024-05-24T14:32:06.000 3524.786207096510 5406.029593236950 -2122.841540080980 -3.18800396430777 4.24555110076200 5.52257193937713
2024-05-24T14:32:08.000 3518.401236136970 5414.506935599990 -2111.790988152430 -3.19696430092473 4.23178764801749 5.52797529782969
2024-05-24T14:32:10.000 3511.998360685390 5422.956729395310 -2100.729657664420 -3.20590844867065 4.21800254470665 5.53335049415213
2024-05-24T14:32:12.000 3505.577613165520 5431.378931391810 -2089.657604969250 -3.21483636156379 4.20419586089033 5.53869750033927
2024-05-24T14:32:14.000 3499.139026092970 5439.773498498650 -2078.574886475070 -3.22374799370505 4.19036766674528 5.54401628853173
2024-05-24T14:32:16.000 3492.682632075080 5448.140387765430 -2067.481558645600 -3.23264329927834 4.17651803256369 5.54930683101619
2024-05-24T14:32:18.000 3486.208463810730 5456.479556382480 -2056.377677999850 -3.24152223255083 4.16264702875266 5.55456910022562
2024-05-24T14:32:20.000 3479.716554090180 5464.790961681040 -2045.263301111830 -3.25038474787336 4.14875472583363 5.55980306873948
2024-05-24T14:32:22.000 3473.206935794920 5473.074561133500 -2034.138484610210 -3.25923079968064 4.13484119444189 5.56500870928394
2024-05-24T14:32:24.000 3466.679641897460 5481.330312353650 -2023.003285178090 -3.26806034249161 4.12090650532601 5.57018599473211
2024-05-24T14:32:26.000 3460.134705461210 5489.558173096890 -2011.857759552670 -3.27687333090975 4.10695072934734 5.57533489810419
2024-05-24T14:32:28.000 3453.572159640290 5497.758101260450 -2000.701964524950 -3.28566971962330 4.09297393747939 5.58045539256766
2024-05-24T14:32:30.000 3446.992037679340 5505.930054883600 -1989.535956939470 -3.29444946340556 4.07897620080734 5.58554745143749
2024-05-24T14:32:32.000 3440.394372913390 5514.073992147930 -1978.359793693960 -3.30321251711517 4.06495759052748 5.59061104817625
2024-05-24T14:32:34.000 3433.779198767640 5522.189871377510 -1967.173531739110 -3.31195883569634 4.05091817794661 5.59564615639431
2024-05-24T14:32:36.000 3427.146548757330 5530.277651039130 -1955.977228078230 -3.32068837417912 4.03685803448153 5.60065274984995
2024-05-24T14:32:38.000 3420.496456487580 5538.337289742530 -1944.770939766950 -3.32940108767960 4.02277723165846 5.60563080244951
2024-05-24T14:32:40.000 3413.828955653140 5546.368746240610 -1933.554723912970 -3.33809693140019 4.00867584111253 5.61058028824749
2024-05-24T14:32:42.000 3407.144080038300 5554.371979429660 -1922.328637675700 -3.34677586062980 3.99455393458715 5.61550118144667
2024-05-24T14:32:44.000 3400.441863516700 5562.346948349540 -1911.092738266020 -3.35543783074403 3.98041158393353 5.62039345639823
2024-05-24T14:32:46.000 3393.722340051100 5570.293612183940 -1899.847082945940 -3.36408279720544 3.96624886111010 5.62525708760181
2024-05-24T14:32:48.000 3386.985543693280 5578.211930260580 -1888.591729028340 -3.37271071556370 3.95206583818200 5.63009204970560
2024-05-24T14:32:50.000 3380.231508583820 5586.101862051380 -1877.326733876660 -3.38132154145574 3.93786258732049 5.63489831750639
2024-05-24T14:32:52.000 3373.460268951950 5593.963367172750 -1866.052154904560 -3.38991523060601 3.92363918080250 5.63967586594968
2024-05-24T14:32:54.000 3366.671859115350 5601.796405385740 -1854.768049575700 -3.39849173882658 3.90939569101003 5.64442467012965
2024-05-24T14:32:56.000 3359.866313480000 5609.600936596260 -1843.474475403390 -3.40705102201732 3.89513219042968 5.64914470528928
2024-05-24T14:32:58.000 3353.043666539980 5617.376920855320 -1832.171489950300 -3.41559303616606 3.88084875165215 5.65383594682033
2024-05-24T14:33:00.000 3346.203952877320 5625.124318359200 -1820.859150828170 -3.42411773734873 3.86654544737173 5.65849837026335
2024-05-24T14:33:02.000 3339.347207161790 5632.843089449670 -1809.537515697520 -3.43262508172950 3.85222235038580 5.66313195130774
2024-05-24T14:33:04.000 3332.473464150770 5640.533194614200 -1798.206642267320 -3.44111502556092 3.83787953359439 5.66773666579172
2024-05-24T14:33:06.000 3325.582758689020 5648.194594486180 -1786.866588294740 -3.44958752518403 3.82351706999971 5.67231248970235
2024-05-24T14:33:08.000 3318.675125708550 5655.827249845070 -1775.517411584800 -3.45804253702850 3.80913503270568 5.67685939917549
2024-05-24T14:33:10.000 3311.750600228420 5663.431121616670 -1764.159169990140 -3.46648001761276 3.79473349491748 5.68137737049582
2024-05-24T14:33:12.000 3304.809217354540 5671.006170873280 -1752.791921410640 -3.47489992354407 3.78031252994120 5.68586638009677
2024-05-24T14:33:14.000 3297.851012279550 5678.552358833910 -1741.415723793180 -3.48330221151867 3.76587221118334 5.69032640456057
2024-05-24T14:33:16.000 3290.876020282580 5686.069646864490 -1730.030635131340 -3.49168683832187 3.75141261215047 5.69475742061814
2024-05-24T14:33:18.000 3283.884276729130 5693.557996478060 -1718.636713465060 -3.50005376082816 3.73693380644882 5.69915940514910
2024-05-24T14:33:20.000 3276.875817070830 5701.017369334980 -1707.234016880410 -3.50840293600133 3.72243586778392 5.70353233518173
2024-05-24T14:33:22.000 3269.850676845310 5708.447727243090 -1695.822603509220 -3.51673432089452 3.70791886996027 5.70787618789293
2024-05-24T14:33:24.000 3262.808891676010 5715.849032157980 -1684.402531528840 -3.52504787265038 3.69338288688094 5.71219094060815
2024-05-24T14:33:26.000 3255.750497271980 5723.221246183110 -1672.973859161810 -3.53334354850115 3.67882799254733 5.71647657080141
2024-05-24T14:33:28.000 3248.675529427730 5730.564331570060 -1661.536644675570 -3.54162130576874 3.66425426105878 5.72073305609520
2024-05-24T14:33:30.000 3241.584024023020 5737.878250718700 -1650.090946382180 -3.54988110186489 3.64966176661235 5.72496037426046
2024-05-24T14:33:32.000 3234.476017022720 5745.162966177400 -1638.636822638000 -3.55812289429119 3.63505058350246 5.72915850321656
2024-05-24T14:33:34.000 3227.351544476580 5752.418440643200 -1627.174331843410 -3.56634664063928 3.62042078612071 5.73332742103125
2024-05-24T14:33:36.000 3220.210642519090 5759.644636962030 -1615.703532442500 -3.57455229859091 3.60577244895557 5.73746710592062
2024-05-24T14:33:38.000 3213.053347369300 5766.841518128890 -1604.224482922770 -3.58273982591805 3.59110564659216 5.74157753624910
2024-05-24T14:33:40.000 3205.879695330600 5774.009047288050 -1592.737241814870 -3.59090918048307 3.57642045371205 5.74565869052941
2024-05-24T14:33:42.000 3198.689722790570 5781.147187733240 -1581.241867692250 -3.59906032023877 3.56171694509299 5.74971054742254
2024-05-24T14:33:44.000 3191.483466220820 5788.255902907840 -1569.738419170900 -3.60719320322860 3.54699519560878 5.75373308573778
2024-05-24T14:33:46.000 3184.260962176750 5795.335156405070 -1558.226954909050 -3.61530778758675 3.53225528022904 5.75772628443267
2024-05-24T14:33:48.000 3177.022247297410 5802.384911968200 -1546.707533606850 -3.62340403153832 3.51749727401905 5.76169012261304
2024-05-24T14:33:50.000 3169.767358305330 5809.405133490700 -1535.180214006110 -3.63148189339946 3.50272125213956 5.76562457953300
2024-05-24T14:33:52.000 3162.496332006270 5816.395785016480 -1523.645054889960 -3.63954133157750 3.48792728984667 5.76952963459497
2024-05-24T14:33:54.000 3155.209205289140 5823.356830740050 -1512.102115082600 -3.64758230457119 3.47311546249167 5.77340526734974
2024-05-24T14:33:56.000 3147.906015125720 5830.288235006700 -1500.551453448970 -3.65560477097081 3.45828584552087 5.77725145749646
2024-05-24T14:33:58.000 3140.586798570530 5837.189962312740 -1488.993128894460 -3.66360868945839 3.44343851447549 5.78106818488274
2024-05-24T14:34:00.000 3133.251592760650 5844.061977305640 -1477.427200364620 -3.67159401880789 3.42857354499153 5.78485542950469
2024-05-24T14:34:02.000 3125.900434915480 5850.904244784240 -1465.853726844860 -3.67956071788542 3.41369101279964 5.78861317150703
2024-05-24T14:34:04.000 3118.533362336650 5857.716729698920 -1454.272767360140 -3.68750874564943 3.39879099372499 5.79234139118313
2024-05-24T14:34:06.000 3111.150412407730 5864.499397151830 -1442.684380974720 -3.69543806115097 3.38387356368717 5.79604006897515
2024-05-24T14:34:08.000 3103.751622594130 5871.252212397030 -1431.088626791780 -3.70334862353388 3.36893879870004 5.79970918547416
2024-05-24T14:34:10.000 3096.337030442850 5877.975140840730 -1419.485563953190 -3.71124039203510 3.35398677487163 5.80334872142024
2024-05-24T14:34:12.000 3088.906673582360 5884.668148041420 -1407.875251639210 -3.71911332598485 3.33901756840401 5.80695865770264
2024-05-24T14:34:14.000 3081.460589722330 5891.331199710110 -1396.257749068140 -3.72696738480694 3.32403125559317 5.81053897535994
2024-05-24T14:34:16.000 3073.998816653540 5897.964261710490 -1384.633115496060 -3.73480252801905 3.30902791282889 5.81408965558020
2024-05-24T14:34:18.000 3066.521392247590 5904.567300059120 -1373.001410216550 -3.74261871523300 3.29400761659459 5.81761067970116
2024-05-24T14:34:20.000 3059.028354456800 5911.140280925610 -1361.362692560340 -3.75041590615505 3.27897044346721 5.82110202921042
2024-05-24T14:34:22.000 3051.519741313970 5917.683170632830 -1349.717021895030 -3.75819406058620 3.26391647011704 5.82456368574566
2024-05-24T14:34:24.000 3043.995590932190 5924.195935657100 -1338.064457624810 -3.76595313842254 3.24884577330759 5.82799563109486
2024-05-24T14:34:26.000 3036.455941504680 5930.678542628330 -1326.405059190150 -3.77369309965552 3.23375842989536 5.83139784719653
2024-05-24T14:34:28.000 3028.900831304580 5937.130958330240 -1314.738886067470 -3.78141390437233 3.21865451682973 5.83477031613995
2024-05-24T14:34:30.000 3021.330298684750 5943.553149700570 -1303.065997768870 -3.78911551275624 3.20353411115274 5.83811302016544
2024-05-24T14:34:32.000 3013.744382077590 5949.945083831200 -1291.386453841830 -3.79679788508691 3.18839728999885 5.84142594166461
2024-05-24T14:34:34.000 3006.143119994850 5956.306727968400 -1279.700313868870 -3.80446098174079 3.17324413059475 5.84470906318067
2024-05-24T14:34:36.000 2998.526551027430 5962.638049512960 -1268.007637467300 -3.81210476319150 3.15807471025914 5.84796236740868
2024-05-24T14:34:38.000 2990.894713845180 5968.939016020420 -1256.308484288870 -3.81972919001014 3.14288910640241 5.85118583719589
2024-05-24T14:34:40.000 2983.247647196700 5975.209595201220 -1244.602914019480 -3.82733422286572 3.12768739652643 5.85437945554200
2024-05-24T14:34:42.000 2975.585389909180 5981.449754920900 -1232.890986378900 -3.83491982252555 3.11246965822423 5.85754320559953
2024-05-24T14:34:44.000 2967.907980888160 5987.659463200290 -1221.172761120410 -3.84248594985558 3.09723596917968 5.86067707067409
2024-05-24T14:34:46.000 2960.215459117340 5993.838688215640 -1209.448298030550 -3.85003256582084 3.08198640716719 5.86378103422476
2024-05-24T14:34:48.000 2952.507863658410 5999.987398298880 -1197.717656928790 -3.85755963148581 3.06672105005133 5.86685507986438
2024-05-24T14:34:50.000 2944.785233650820 6006.105561937740 -1185.980897667200 -3.86506710801484 3.05143997578645 5.86989919135991
2024-05-24T14:34:52.000 2937.047608311600 6012.193147775960 -1174.238080130170 -3.87255495667254 3.03614326241633 5.87291335263276
2024-05-24T14:34:54.000 2929.295026935140 6018.250124613430 -1162.489264234100 -3.88002313882417 3.02083098807371 5.87589754775916
2024-05-24T14:34:56.000 2921.527528893000 6024.276461406420 -1150.734509927080 -3.88747161593604 3.00550323097988 5.87885176097048
2024-05-24T14:34:58.000 2913.745153633710 6030.272127267720 -1138.973877188570 -3.89490034957596 2.99016006944423 5.88177597665358
2024-05-24T14:34:58.935 2910.101801075990 6033.064571442180 -1133.473781836430 -3.89836649913825 2.98298187939331 5.88313275319959
2024-05-24T14:38:58.935 1879.831603285380 6520.392865364010 302.658981483482 -4.63475040664438 1.05306541871589 6.01121100493798
2024-05-24T14:42:58.935 712.505992069279 6532.332967820420 1716.658675509570 -5.03342324358747 -0.95418922486803 5.69978631633685
2024-05-24T14:46:58.935 -506.776904675268 6067.987580415740 3005.141101718890 -5.06507864031193 -2.89155718164500 4.97171176977556
2024-05-24T14:50:58.935 -1689.130317424170 5161.359442637040 4073.973688197190 -4.72762637799875 -4.61729272295521 3.88069189771394
2024-05-24T14:54:58.935 -2748.443432578830 3878.736419315350 4845.195893837880 -4.04607937104123 -6.00575701082174 2.50688256498205
2024-05-24T14:58:58.935 -3607.654339393730 2313.709001883170 5262.651222838990 -3.07031193108532 -6.95638742613950 0.95068054518134
2024-05-24T15:02:58.935 -4204.283386809170 580.284245241322 5295.977674265410 -1.87120814168121 -7.40056637522030 -0.67467438570892
2024-05-24T15:06:58.935 -4494.886351118010 -1195.366536675560 4942.724871947590 -0.53558718465930 -7.30608966544692 -2.25117283252618
2024-05-24T15:10:58.935 -4458.173865759700 -2883.957442153280 4228.528271471860 0.83981509875978 -6.67938783812550 -3.66413966666671
2024-05-24T15:14:58.935 -4096.599064791720 -4362.388340119540 3205.332340344120 2.15504096112414 -5.56533858501240 -4.81031118279807
2024-05-24T15:18:58.935 -3436.289301903140 -5522.701979949400 1947.735902440760 3.31394554783756 -4.04459098755790 -5.60537471477446
2024-05-24T15:22:58.935 -2525.269034831440 -6280.081254289370 547.627244357549 4.23139939542433 -2.22821131301780 -5.99052590842752
2024-05-24T15:26:58.935 -1429.987747708080 -6579.231421698530 -892.559239643103 4.84000166563713 -0.24958733586028 -5.93731394850298
2024-05-24T15:30:58.935 -230.401034395194 -6398.537391326390 -2267.471350070470 5.09533419160870 1.74583800548249 -5.45004048149027
2024-05-24T15:34:58.935 985.992705144544 -5751.605297304430 -3476.701794851570 4.97933997076236 3.61191535061651 -4.56528430112144
2024-05-24T15:38:58.935 2130.651873211830 -4686.076843574970 -4432.194649062740 4.50134595450246 5.21293603223703 -3.34865851400669
2024-05-24T15:42:58.935 3120.458161501720 -3279.916804942460 -5064.607336919840 3.69687587693535 6.43339668934517 -1.88946542259326
2024-05-24T15:46:58.935 3883.681443925410 -1635.571585195710 -5328.198629876710 2.62464848717691 7.18591779172272 -0.29383968377843
2024-05-24T15:50:58.935 4365.029779830760 127.488661388107 -5203.961677483050 1.36212490203643 7.41674317381195 1.32285018738992
2024-05-24T15:54:58.935 4529.529815558240 1881.287627032450 -4700.904184904330 0.00020246982968 7.10913742834677 2.84383835483572
2024-05-24T15:58:58.935 4365.029410261450 3498.423642413730 -3855.432864103750 -1.36291561876497 6.28464505034022 4.15888200819096
2024-05-24T16:02:58.935 3883.157255760630 4861.176466869300 -2728.854309824490 -2.62841258913525 5.00202511176803 5.17197222396451
2024-05-24T16:06:58.935 3118.630601159250 5870.062367723200 -1403.089891743080 -3.70385858937766 3.35367602192885 5.80842335797736
2024-05-24T16:10:58.935 2126.889198325340 6451.233906810540 25.178068052483 -4.51016750830907 1.45960671024284 6.02079792959141
2024-05-24T16:14:58.935 980.097216459015 6562.086432798270 1451.593133771540 -4.98795655276260 -0.54152804533364 5.79303023396749
2024-05-24T16:18:58.935 -238.164609013558 6194.480186439990 2771.868745594730 -5.10208658619458 -2.50301600411622 5.14177080546962
2024-05-24T16:22:58.935 -1439.080601298800 5375.335607028360 3889.531040426670 -4.84434228446402 -4.28126364419310 4.11503547082480
2024-05-24T16:26:58.935 -2535.165006524010 4164.566012657010 4723.030252432830 -4.23390838178518 -5.74664529356092 2.78833041799881
2024-05-24T16:30:58.935 -3446.664817615350 2650.555478790410 5211.658764908820 -3.31556515872592 -6.79293908311051 1.25871559578794
2024-05-24T16:34:58.935 -4107.300807898890 943.623013801204 5319.871841257860 -2.15610461697156 -7.34458629658245 -0.36245615542201
2024-05-24T16:38:58.935 -4468.992127707000 -831.977903904754 5039.780923972900 -0.83949169037160 -7.36167082949956 -1.95742483719420
2024-05-24T16:42:58.935 -4505.298497024350 -2546.983566964920 4391.705408098720 0.53894043792664 -6.84261135937708 -3.41025688646916
2024-05-24T16:46:58.935 -4213.368811525150 -4076.405896287710 3422.758399983160 1.87910167823802 -5.82446347553970 -4.61490895357292
2024-05-24T16:50:58.935 -3614.244433203920 -5308.604011286800 2203.555993219750 3.08315315103034 -4.38085446854471 -5.48281514159085
2024-05-24T16:54:58.935 -2751.454239555890 -6153.535180630720 823.149469033163 4.06276628093722 -2.61704871210279 -5.94993187327422
2024-05-24T16:58:58.935 -1687.891216364590 -6549.477908938660 -617.494095427290 4.74593443623199 -0.66236683050753 -5.98167591978145
2024-05-24T17:02:58.935 -501.192960482321 -6467.695001257260 -2012.971217238250 5.08263858822719 1.33943111615950 -5.57597384944650
2024-05-24T17:06:58.935 722.056829445910 -5914.544925944180 -3261.330215832740 5.04878768914079 3.24158420112228 -4.76339030394794
2024-05-24T17:10:58.935 1892.773188617270 -4930.838010306520 -4271.612334537240 4.64768477753549 4.90555574813363 -3.60431217913913
2024-05-24T17:14:58.935 2925.901005443330 -3588.624386316930 -4970.450245000830 3.90933118347080 6.21110072094464 -2.18396576601477
2024-05-24T17:18:58.935 3746.542021057770 -1985.762733810570 -5307.261482584540 2.88777289176220 7.06458530134912 -0.60580580674885
2024-05-24T17:22:58.935 4295.250334555270 -238.761278448591 -5257.742967529160 1.65693782849798 7.40506371236172 1.01593314812977
2024-05-24T17:26:58.935 4532.196700544130 1525.564243903730 -4825.509706575200 0.30545337659838 7.20802969487590 2.56413991712990
2024-05-24T17:30:58.935 4440.001750746210 3179.082671411840 -4041.840646622850 -1.06928386155683 6.48713239072066 3.92671395256539
2024-05-24T17:34:58.935 4025.056631813060 4601.486176863530 -2963.536536021180 -2.36773083034544 5.29362758799945 5.00433977852262
2024-05-24T17:38:58.935 3317.199676199070 5689.004782966160 -1668.967317359670 -3.49521645169435 3.71336141779715 5.71772818630404
2024-05-24T17:42:58.935 2367.699777621370 6362.086388022620 -252.488818897427 -4.36898108792857 1.86111908776123 6.01387504536114
2024-05-24T17:46:58.935 1245.604904876470 6571.387826760800 1182.436772384780 -4.92458599655124 -0.12768011924297 5.87042619397738
2024-05-24T17:50:58.935 32.694746941744 6301.557852158880 2530.894874329210 -5.12113698383592 -2.10705209232538 5.29778699397512
2024-05-24T17:54:58.935 -1182.608358985200 5572.380521374800 3694.345530638520 -4.94445244059007 -3.93209822460191 4.33823626405408
2024-05-24T17:58:58.935 -2311.769938976520 4437.200225901620 4587.878831865420 -4.40774112653333 -5.46974876936925 3.06233623066036
2024-05-24T18:02:58.935 -3272.610158970410 2978.900578606820 5146.389696516980 -3.55038320989837 -6.60839096826206 1.56350490355113
2024-05-24T18:06:58.935 -3995.250537452390 1303.770346805460 5329.243986940650 -2.43484827483659 -7.26572787239643 -0.04903082535945
2024-05-24T18:10:58.935 -4427.115944800520 -466.242244275929 5123.126188348890 -1.14197327101647 -7.39425371523213 -1.65817615244844
2024-05-24T18:14:58.935 -4536.678910593360 -2202.292953036990 4542.968617244170 0.23467214188097 -6.98434922675643 -3.14698885165743
2024-05-24T18:18:58.935 -4315.765516128050 -3777.888763467270 3630.929924614690 1.59518974992422 -6.06517604841771 -4.40686691824075
2024-05-24T18:22:58.935 -3780.236271085490 -5078.051728944910 2453.448978435710 2.84036691341550 -4.70304592161556 -5.34532479832907
2024-05-24T18:26:58.935 -2968.961094947540 -6007.784371463110 1096.506114212770 3.87890286651531 -2.99720676566433 -5.89310513042476
2024-05-24T18:30:58.935 -1941.051731680020 -6499.169693009610 -340.664999006259 4.63452191567173 -1.07265624321160 -6.00975278544713
2024-05-24T18:34:58.935 -771.525421645091 -6516.460553856560 -1752.920570762810 5.05180867878307 0.92919446868298 -5.68682671867482
2024-05-24T18:38:58.935 454.265430342651 -6058.742958608420 -3037.045817316270 5.10063095362419 2.86141875953990 -4.94872614381765
2024-05-24T18:42:58.935 1647.007524936200 -5159.871205921330 -4099.422619665890 4.77824001252219 4.58304887334767 -3.85042253147208
2024-05-24T18:46:58.935 2720.004343485400 -3885.761300825300 -4862.854942900720 4.10897546964251 5.96949636647596 -2.47284882318607
2024-05-24T18:50:58.935 3595.441422398430 -2329.378134311310 -5272.054650530670 3.14198701102108 6.92119382000439 -0.91649312551667
2024-05-24T18:54:58.935 4209.907752111940 -603.905456360118 -5297.477391325460 1.94740350684698 7.37013125653609 0.70588760969464
2024-05-24T18:58:58.935 4518.844079748600 1165.390820324230 -4937.330424611350 0.61127531763346 7.28415935146296 2.27711399615990
2024-05-24T19:02:58.935 4499.683300864080 2850.055730898100 -4217.677934941350 -0.77018612276690 6.66902088928066 3.68352970851138
2024-05-24T19:06:58.935 4153.528663883680 4327.581784078750 -3190.658594057870 -2.09708199760946 5.56833422975851 4.82279212476655
2024-05-24T19:10:58.935 3505.204121849350 5490.249371103980 -1930.867624640150 -3.27282329029736 4.06108149443657 5.61127275650860
2024-05-24T19:14:58.935 2601.607950744080 6253.055884532920 -530.070600809997 -4.21120885489035 2.25652869825773 5.99047999094684
2024-05-24T19:18:58.935 1508.401786457600 6560.110963121450 909.457445081829 -4.84312881572561 0.28649588821715 5.93196169595140
2024-05-24T19:22:58.935 305.219185596927 6388.883835240540 2282.486040491400 -5.12201665142159 -1.70460726808810 5.43971915084462
2024-05-24T19:26:58.935 -920.218265842180 5751.918638825510 3488.650399818400 -5.02748697569139 -3.57080417429023 4.55005615588997
2024-05-24T19:30:58.935 -2078.612493511130 4695.841376453450 4439.901067662320 -4.56682127728546 -5.17587429430475 3.32854163435853
2024-05-24T19:34:58.935 -3085.650607076690 3297.784050839480 5066.912747160240 -3.77393028992514 -6.40331380459179 1.86463167684484
2024-05-24T19:38:58.935 -3868.087504546880 1659.656823823410 5324.042485934140 -2.70655657934033 -7.16431225686919 0.26502020659427
2024-05-24T19:42:58.935 -4368.993460216840 -99.266077071770 5192.565016537610 -1.44210276730495 -7.40382250865655 -1.35401790195228
2024-05-24T19:46:58.935 -4551.831221650100 -1850.949650470550 4681.985768699300 -0.07209138310416 -7.10427467246943 -2.87487881230228
2024-05-24T19:50:58.935 -4403.097271497400 -3467.783228430330 3829.385978808230 1.30413694314094 -6.28681104046749 -4.18669673734485
2024-05-24T19:54:58.935 -3933.392424814800 -4831.801759450310 2696.848521852160 2.58624719961562 -5.01028150125265 -5.19328615284685
2024-05-24T19:58:58.935 -3176.776394833250 -5843.347444252300 1367.039962339230 3.68033284396004 -3.36753575703992 -5.82041731735530
2024-05-24T20:02:58.935 -2188.361408459700 -6428.498883204510 -62.799754298868 4.50598267998902 -1.47890765157806 -6.02171676212582
2024-05-24T20:06:58.935 -1040.289157134490 -6544.635753221520 -1488.055866410050 5.00265323320691 0.51680352225800 -5.78251663308103
2024-05-24T20:10:58.935 183.640496449699 -6183.596458782640 -2804.533580932210 5.13434049349574 2.47309296146242 -5.12094293878414
2024-05-24T20:14:58.935 1394.210746627520 -5372.180369635430 -3916.195400919050 4.89215754608624 4.24700198564133 -4.08636485393822
2024-05-24T20:18:58.935 2503.382029574590 -4169.978442187440 -4742.205846128890 4.29465574158601 5.70991486195797 -2.75519995943297
2024-05-24T20:22:58.935 3430.687479455250 -2664.796487980900 -5222.711764013540 3.38591474850323 6.75665808747810 -1.22474867259204
2024-05-24T20:26:58.935 4108.957412661490 -966.156094271943 -5323.005697822380 2.23195568868916 7.31240961109285 0.39399671022215
2024-05-24T20:30:58.935 4489.034973260240 802.600613735172 -5035.888795516540 0.91599128532131 7.33742727188902 1.98411398903809
2024-05-24T20:34:58.935 4543.235950023820 2513.078464716740 -4382.143438125810 -0.46726525039297 6.82958952513869 3.43065515262074
2024-05-24T20:38:58.935 4267.359712525200 4040.949059355310 -3409.116718704510 -1.81792571879616 5.82478517417469 4.62849806047716
2024-05-24T20:42:58.935 3681.117875337920 5274.889833557860 -2187.445526412590 -3.03780487368563 4.39497274411382 5.48988338651197
2024-05-24T20:46:58.935 2826.861174109990 6124.745261243360 -806.066436420605 -4.03761234495480 2.64359591460547 5.95107722435970
2024-05-24T20:50:58.935 1766.615233021070 6528.271326007490 634.205826361551 -4.74375571565535 0.69841291810042 5.97753748814266
2024-05-24T20:54:58.935 577.582532014500 6455.874273733930 2028.103015500270 -5.10421088352612 -1.29801214990604 5.56698475928766
2024-05-24T20:58:58.935 -653.564456449794 5912.850498612950 3273.733115102080 -5.09256884923710 -3.19937084679619 4.74962371622223
2024-05-24T21:02:58.935 -1837.096332956090 4938.948344041510 4280.128734544540 -4.70991749509337 -4.86668464784871 3.58568377378989
2024-05-24T21:06:58.935 -2886.841349826680 3605.333654430800 4973.917551255490 -3.98455286072061 -6.17873939922783 2.16056908999432
2024-05-24T21:10:58.935 -3726.445782702450 2009.252567662550 5304.595806271410 -2.96942953253335 -7.04065010603778 0.57824325979467
2024-05-24T21:14:58.935 -4294.830514025400 266.918340928485 5248.085595442330 -1.73812128483501 -7.39008688978968 -1.04633527811309
2024-05-24T21:18:58.935 -4550.555952334990 -1494.841909722720 4808.432525925630 -0.37977424789410 -7.20148763967703 -2.59512095505575
2024-05-24T21:22:58.935 -4474.828929496020 -3147.704119124960 4017.550581294520 1.00715173274513 -6.48801998992174 -3.95530369675658
2024-05-24T21:26:58.935 -4072.928156223800 -4571.106093069770 2932.999420137210 2.32167840989835 -5.30090898329502 -5.02727141790650
2024-05-24T21:30:58.935 -3373.943911389730 -5661.065177665800 1633.909291358190 3.46759847595274 -3.72633344180689 -5.73203207395792
2024-05-24T21:34:58.935 -2428.756423610430 -6337.910334837050 215.255879759440 4.36069789718603 -1.87950342315355 -6.01744428948333
2024-05-24T21:38:58.935 -1306.345469085760 -6552.279945479940 -1219.152152790770 4.93539440950271 0.10383902552382 -5.86256372401395
2024-05-24T21:42:58.935 -88.656154444124 -6288.803080972490 -2564.416269672490 5.14988535726313 2.07802657949117 -5.27927442767736
2024-05-24T21:46:58.935 1135.508185597180 -5567.148145592430 -3722.344856316680 4.98916458804972 3.89861396306278 -4.31119012392514
2024-05-24T21:50:58.935 2277.064733059320 -4440.394199754330 -4608.676137156450 4.46584583075622 5.43336086142691 -3.02995762015112
2024-05-24T21:54:58.935 3253.148149371470 -2990.923982206690 -5159.140555622980 3.61872247566955 6.57172469623035 -1.52943298775715
2024-05-24T21:58:58.935 3993.036834606700 -1324.283186348430 -5333.959461807780 2.50952962421536 7.23227900668783 0.08140127561581
2024-05-24T22:02:58.935 4443.127120607150 438.471989190322 -5120.555096825390 1.21832935160061 7.36785553208506 1.68615881519920
2024-05-24T22:06:58.935 4570.690980268250 2169.390245497720 -4534.386231281170 -0.16194945391591 6.96849235439458 3.16891108845053
2024-05-24T22:10:58.935 4366.231153409680 3742.700345945710 -3617.887802746320 -1.53173178238635 6.06226553095088 4.42206729482748
2024-05-24T22:14:58.935 3844.274265959800 5043.821033207180 -2437.559834408170 -2.79157785391064 4.71392961413735 5.35391920020894
2024-05-24T22:18:58.935 3042.473763141410 5977.740799616610 -1079.291556721770 -3.84940327537876 3.02089411246444 5.89566236545439
2024-05-24T22:22:58.935 2018.999397613460 6476.093052315150 357.829405471819 -4.62743024891661 1.10646685570020 6.00686442959917
2024-05-24T22:26:58.935 848.347711388870 6502.336032579630 1768.782280019580 -5.06829538778999 -0.88911829849511 5.67890726368072
2024-05-24T22:30:58.935 -384.147978898957 6054.545342911730 3050.418665977250 -5.13965290271278 -2.81951660482773 4.93590435629434
2024-05-24T22:34:58.935 -1588.654849410080 5165.516709741860 4109.124647282040 -4.83654451676515 -4.54358863763589 3.83263409173389
2024-05-24T22:38:58.935 -2677.457504129850 3900.232413541280 4867.685452104870 -4.18140005285908 -5.93586423743511 2.45007267093803
2024-05-24T22:42:58.935 -3571.342796554770 2350.999921598690 5270.864778699110 -3.22217924562668 -6.89547991404020 0.88924213607400
2024-05-24T22:46:58.935 -4205.303086851470 630.650455071114 5289.327016848820 -2.02851244750482 -7.35319251572007 -0.73637100573493
2024-05-24T22:48:00.000 -4319.110928622320 180.487533145484 5231.826010796990 -1.69744144501593 -7.38471124481485 -1.14616191054889
2024-05-24T22:48:02.000 -4322.494825047590 165.717661883838 5229.520345179370 -1.68645353840206 -7.38515375636107 -1.15950273584932
2024-05-24T22:48:04.000 -4325.856737027030 150.946943162747 5227.188003761050 -1.67545700845148 -7.38555870385361 -1.17283769995637
2024-05-24T22:48:06.000 -4329.196647369600 136.175452112691 5224.828998332200 -1.66445191081102 -7.38592608495032 -1.18616673508779
2024-05-24T22:48:08.000 -4332.514538995610 121.403263868648 5222.443340818520 -1.65343830117066 -7.38625589749929 -1.19948977349180
2024-05-24T22:48:10.000 -4335.810394936770 106.630453569705 5220.031043281200 -1.64241623526330 -7.38654813953871 -1.21280674744737
2024-05-24T22:48:12.000 -4339.084198336330 91.857096358685 5217.592117916820 -1.63138576886441 -7.38680280929667 -1.22611758926466
2024-05-24T22:48:14.000 -4342.335932449110 77.083267381765 5215.126577057340 -1.62034695779179 -7.38701990519102 -1.23942223128525
2024-05-24T22:48:16.000 -4345.565580641620 62.309041788096 5212.634433169960 -1.60929985790526 -7.38719942582921 -1.25272060588255
2024-05-24T22:48:18.000 -4348.773126392130 47.534494729425 5210.115698857150 -1.59824452510640 -7.38734137000810 -1.26601264546207
2024-05-24T22:48:20.000 -4351.958553290730 32.759701359716 5207.570386856500 -1.58718101533831 -7.38744573671384 -1.27929828246174
2024-05-24T22:48:22.000 -4355.121845039490 17.984736834773 5204.998510040710 -1.57610938458533 -7.38751252512172 -1.29257744935221
2024-05-24T22:48:24.000 -4358.262985452430 3.209676311856 5202.400081417500 -1.56502968887282 -7.38754173459600 -1.30585007863714
2024-05-24T22:48:26.000 -4361.381958455720 -11.565405050687 5199.775114129540 -1.55394198426692 -7.38753336468982 -1.31911610285351
2024-05-24T22:48:28.000 -4364.478748087640 -26.340432093807 5197.123621454420 -1.54284632687431 -7.38748741514504 -1.33237545457186
2024-05-24T22:48:30.000 -4367.553338498790 -41.115329658124 5194.445616804520 -1.53174277284199 -7.38740388589215 -1.34562806639664
2024-05-24T22:48:32.000 -4370.605713952040 -55.890022584312 5191.741113727000 -1.52063137835708 -7.38728277705012 -1.35887387096640
2024-05-24T22:48:34.000 -4373.635858822730 -70.664435713466 5189.010125903710 -1.50951219964659 -7.38712408892636 -1.37211280095414
2024-05-24T22:48:36.000 -4376.643757598660 -85.438493887489 5186.252667151100 -1.49838529297718 -7.38692782201655 -1.38534478906755
2024-05-24T22:48:38.000 -4379.629394880200 -100.212121949460 5183.468751420190 -1.48725071465504 -7.38669397700465 -1.39856976804926
2024-05-24T22:48:40.000 -4382.592755380400 -114.985244744017 5180.658392796470 -1.47610852102558 -7.38642255476272 -1.41178767067715
2024-05-24T22:48:42.000 -4385.533823925020 -129.757787117727 5177.821605499850 -1.46495876847331 -7.38611355635095 -1.42499842976459
2024-05-24T22:48:44.000 -4388.452585452630 -144.529673919468 5174.958403884540 -1.45380151342161 -7.38576698301752 -1.43820197816071
2024-05-24T22:48:46.000 -4391.349025014680 -159.300830000802 5172.068802439070 -1.44263681233250 -7.38538283619862 -1.45139824875068
2024-05-24T22:48:48.000 -4394.223127775600 -174.071180216351 5169.152815786130 -1.43146472170649 -7.38496111751835 -1.46458717445598
2024-05-24T22:48:50.000 -4397.074879012840 -188.840649424172 5166.210458682540 -1.42028529808235 -7.38450182878872 -1.47776868823466
2024-05-24T22:48:52.000 -4399.904264116980 -203.609162486135 5163.241746019150 -1.40909859803690 -7.38400497200959 -1.49094272308161
2024-05-24T22:48:54.000 -4402.711268591780 -218.376644268298 5160.246692820810 -1.39790467818484 -7.38347054936869 -1.50410921202887
2024-05-24T22:48:56.000 -4405.495878054280 -233.143019641282 5157.225314246250 -1.38670359517849 -7.38289856324156 -1.51726808814586
2024-05-24T22:48:58.000 -4408.258078234850 -247.908213480645 5154.177625588040 -1.37549540570761 -7.38228901619158 -1.53041928453969
2024-05-24T22:49:00.000 -4410.997854977290 -262.672150667263 5151.103642272480 -1.36428016649918 -7.38164191096993 -1.54356273435542
2024-05-24T22:49:02.000 -4413.715194238870 -277.434756087699 5148.003379859550 -1.35305793431717 -7.38095725051558 -1.55669837077640
2024-05-24T22:49:04.000 -4416.410082090440 -292.195954634584 5144.876854042820 -1.34182876596235 -7.38023503795535 -1.56982612702447
2024-05-24T22:49:06.000 -4419.082504716490 -306.955671206989 5141.724080649390 -1.33059271827198 -7.37947527660385 -1.58294593636033
2024-05-24T22:49:08.000 -4421.732448415220 -321.713830710802 5138.545075639790 -1.31934984811966 -7.37867796996350 -1.59605773208378
2024-05-24T22:49:10.000 -4424.359899598600 -336.470358059106 5135.339855107910 -1.30810021241505 -7.37784312172458 -1.60916144753407
2024-05-24T22:49:12.000 -4426.964844792470 -351.225178172550 5132.108435280920 -1.29684386810361 -7.37697073576518 -1.62225701609014
2024-05-24T22:49:14.000 -4429.547270636600 -365.978215979726 5128.850832519200 -1.28558087216636 -7.37606081615122 -1.63534437117095
2024-05-24T22:49:16.000 -4432.107163884730 -380.729396417550 5125.567063316250 -1.27431128161961 -7.37511336713650 -1.64842344623578
2024-05-24T22:49:18.000 -4434.644511404700 -395.478644431629 5122.257144298600 -1.26303515351473 -7.37412839316265 -1.66149417478453
2024-05-24T22:49:20.000 -4437.159300178480 -410.225884976643 5118.921092225760 -1.25175254493781 -7.37310589885915 -1.67455649035803
2024-05-24T22:49:22.000 -4439.651517302220 -424.971043016720 5115.558923990100 -1.24046351300944 -7.37204588904336 -1.68761032653832
2024-05-24T22:49:24.000 -4442.121149986380 -439.714043525808 5112.170656616790 -1.22916811488438 -7.37094836872046 -1.70065561694899
2024-05-24T22:49:26.000 -4444.568185555750 -454.454811488055 5108.756307263710 -1.21786640775132 -7.36981334308350 -1.71369229525546
2024-05-24T22:49:28.000 -4446.992611449530 -469.193271898182 5105.315893221360 -1.20655844883252 -7.36864081751335 -1.72672029516529
2024-05-24T22:49:30.000 -4449.394415221400 -483.929349761861 5101.849431912810 -1.19524429538355 -7.36743079757869 -1.73973955042845
2024-05-24T22:49:32.000 -4451.773584539570 -498.662970096087 5098.356940893550 -1.18392400469295 -7.36618328903602 -1.75274999483770
2024-05-24T22:49:34.000 -4454.130107186890 -513.394057929558 5094.838437851470 -1.17259763408198 -7.36489829782958 -1.76575156222878
2024-05-24T22:49:36.000 -4456.463971060850 -528.122538303047 5091.293940606730 -1.16126524090422 -7.36357583009136 -1.77874418648079
2024-05-24T22:49:38.000 -4458.775164173710 -542.848336269778 5087.723467111690 -1.14992688254530 -7.36221589214105 -1.79172780151642
2024-05-24T22:49:40.000 -4461.063674652520 -557.571376895804 5084.127035450830 -1.13858261642256 -7.36081849048597 -1.80470234130227
2024-05-24T22:49:42.000 -4463.329490739190 -572.291585260378 5080.504663840650 -1.12723249998476 -7.35938363182106 -1.81766773984911
2024-05-24T22:49:44.000 -4465.572600790570 -587.008886456332 5076.856370629560 -1.11587659071169 -7.35791132302883 -1.83062393121214
2024-05-24T22:49:46.000 -4467.792993278490 -601.723205590451 5073.182174297860 -1.10451494611387 -7.35640157117923 -1.84357084949131
2024-05-24T22:49:48.000 -4469.990656789840 -616.434467783845 5069.482093457560 -1.09314762373225 -7.35485438352965 -1.85650842883152
2024-05-24T22:49:50.000 -4472.165580026610 -631.142598172328 5065.756146852360 -1.08177468113784 -7.35326976752484 -1.86943660342290
2024-05-24T22:49:52.000 -4474.317751805980 -645.847521906791 5062.004353357540 -1.07039617593139 -7.35164773079679 -1.88235530750105
2024-05-24T22:49:54.000 -4476.447161060350 -660.549164153575 5058.226731979850 -1.05901216574307 -7.34998828116471 -1.89526447534729
2024-05-24T22:49:56.000 -4478.553796837400 -675.247450094847 5054.423301857420 -1.04762270823215 -7.34829142663487 -1.90816404128887
2024-05-24T22:49:58.000 -4480.637648300180 -689.942304928974 5050.594082259710 -1.03622786108667 -7.34655717540060 -1.92105393969922
2024-05-24T22:50:00.000 -4482.698704727140 -704.633653870896 5046.739092587370 -1.02482768202310 -7.34478553584211 -1.93393410499811
2024-05-24T22:50:02.000 -4484.736955512160 -719.321422152501 5042.858352372150 -1.01342222878608 -7.34297651652647 -1.94680447165192
2024-05-24T22:50:04.000 -4486.752390164680 -734.005535022996 5038.951881276850 -1.00201155914805 -7.34113012620745 -1.95966497417378
2024-05-24T22:50:06.000 -4488.744998309690 -748.685917749284 5035.019699095170 -0.99059573090899 -7.33924637382550 -1.97251554712378
2024-05-24T22:50:08.000 -4490.714769687800 -763.362495616336 5031.061825751660 -0.97917480189608 -7.33732526850757 -1.98535612510916
2024-05-24T22:50:10.000 -4492.661694155320 -778.035193927562 5027.078281301610 -0.96774882996346 -7.33536681956709 -1.99818664278446
2024-05-24T22:50:12.000 -4494.585761684290 -792.703938005185 5023.069085930930 -0.95631787299190 -7.33337103650383 -2.01100703485166
2024-05-24T22:50:14.000 -4496.486962362540 -807.368653190615 5019.034259956110 -0.94488198888854 -7.33133792900384 -2.02381723606040
2024-05-24T22:50:16.000 -4498.365286393710 -822.029264844820 5014.973823824070 -0.93344123558663 -7.32926750693934 -2.03661718120806
2024-05-24T22:50:18.000 -4500.220724097390 -836.685698348698 5010.887798112090 -0.92199567104524 -7.32715978036866 -2.04940680513991
2024-05-24T22:50:20.000 -4502.053265909060 -851.337879103449 5006.776203527720 -0.91054535324905 -7.32501475953618 -2.06218604274927
2024-05-24T22:50:22.000 -4503.862902380220 -865.985732530951 5002.639060908680 -0.89909034020804 -7.32283245487223 -2.07495482897762
2024-05-24T22:50:24.000 -4505.649624178420 -880.629184074124 4998.476391222740 -0.88763068995734 -7.32061287699304 -2.08771309881471
2024-05-24T22:50:26.000 -4507.413422087280 -895.268159197310 4994.288215567660 -0.87616646055693 -7.31835603670070 -2.10046078729868
2024-05-24T22:50:28.000 -4509.154287006600 -909.902583386639 4990.074555171060 -0.86469771009145 -7.31606194498313 -2.11319782951621
2024-05-24T22:50:30.000 -4510.872209952340 -924.532382150404 4985.835431390350 -0.85322449667000 -7.31373061301403 -2.12592416060255
2024-05-24T22:50:32.000 -4512.567182056730 -939.157481019430 4981.570865712620 -0.84174687842593 -7.31136205215286 -2.13863971574171
2024-05-24T22:50:34.000 -4514.239194568270 -953.777805547447 4977.280879754530 -0.83026491351665 -7.30895627394485 -2.15134443016653
2024-05-24T22:50:36.000 -4515.888238851810 -968.393281311461 4972.965495262240 -0.81877866012342 -7.30651329012100 -2.16403823915878
2024-05-24T22:50:38.000 -4517.514306388580 -983.003833912127 4968.624734111290 -0.80728817645124 -7.30403311259811 -2.17672107804929
2024-05-24T22:50:40.000 -4519.117388776250 -997.609388974119 4964.258618306520 -0.79579352072861 -7.30151575347880 -2.18939288221806
2024-05-24T22:50:42.000 -4520.697477728960 -1012.209872146500 4959.867169981950 -0.78429475120741 -7.29896122505156 -2.20205358709434
2024-05-24T22:50:44.000 -4522.254565077390 -1026.805209103100 4955.450411400690 -0.77279192616273 -7.29636953979081 -2.21470312815683
2024-05-24T22:50:46.000 -4523.788642768790 -1041.395325542880 4951.008364954850 -0.76128510389273 -7.29374071035702 -2.22734144093372
2024-05-24T22:50:48.000 -4525.299702867030 -1055.980147190300 4946.541053165430 -0.74977434271851 -7.29107474959676 -2.23996846100289
2024-05-24T22:50:50.000 -4526.787737552630 -1070.559599795730 4942.048498682220 -0.73825970098391 -7.28837167054281 -2.25258412399200
2024-05-24T22:50:52.000 -4528.252739122830 -1085.133609135760 4937.530724283730 -0.72674123705546 -7.28563148641432 -2.26518836557871
2024-05-24T22:50:54.000 -4529.694699991640 -1099.702101013600 4932.987752877030 -0.71521900932218 -7.28285421061694 -2.27778112149078
2024-05-24T22:50:56.000 -4531.113612689860 -1114.265001259500 4928.419607497700 -0.70369307619547 -7.28003985674297 -2.29036232750630
2024-05-24T22:50:58.000 -4532.509469865120 -1128.822235731040 4923.826311309720 -0.69216349610901 -7.27718843857152 -2.30293191945386
2024-05-24T22:51:00.000 -4533.882264281960 -1143.373730313560 4919.207887605340 -0.68063032751856 -7.27429997006874 -2.31548983321274
2024-05-24T22:51:02.000 -4535.231988821840 -1157.919410920530 4914.564359805040 -0.66909362890192 -7.27137446538799 -2.32803600471318
2024-05-24T22:51:04.000 -4536.558636483210 -1172.459203493890 4909.895751457340 -0.65755345875871 -7.26841193887006 -2.34057036993658
2024-05-24T22:51:06.000 -4537.862200381540 -1186.993034004460 4905.202086238790 -0.64600987561029 -7.26541240504340 -2.35309286491576
2024-05-24T22:51:08.000 -4539.142673749350 -1201.520828452330 4900.483387953790 -0.63446293799960 -7.26237587862438 -2.36560342573528
2024-05-24T22:51:10.000 -4540.400049936270 -1216.042512867160 4895.739680534530 -0.62291270449102 -7.25930237451750 -2.37810198853168
2024-05-24T22:51:12.000 -4541.634322409100 -1230.558013308660 4890.970988040890 -0.61135923367021 -7.25619190781570 -2.39058848949387
2024-05-24T22:51:14.000 -4542.845484751820 -1245.067255866880 4886.177334660290 -0.59980258414396 -7.25304449380059 -2.40306286486338
2024-05-24T22:51:16.000 -4544.033530665630 -1259.570166662630 4881.358744707630 -0.58824281454002 -7.24986014794278 -2.41552505093481
2024-05-24T22:51:18.000 -4545.198453969020 -1274.066671847860 4876.515242625180 -0.57667998350694 -7.24663888590208 -2.42797498405616
2024-05-24T22:51:20.000 -4546.340248597810 -1288.556697606010 4871.646852982440 -0.56511414971385 -7.24338072352790 -2.44041260062927
2024-05-24T22:51:22.000 -4547.458908605160 -1303.040170152440 4866.753600476060 -0.55354537185029 -7.24008567685944 -2.45283783711022
2024-05-24T22:51:24.000 -4548.554428161640 -1317.517015734740 4861.835509929720 -0.54197370862599 -7.23675376212605 -2.46525063000981
2024-05-24T22:51:26.000 -4549.626801555250 -1331.987160633170 4856.892606294030 -0.53039921877067 -7.23338499574749 -2.47765091589405
2024-05-24T22:51:28.000 -4550.676023191470 -1346.450531161030 4851.924914646410 -0.51882196103376 -7.22997939433425 -2.49003863138461
2024-05-24T22:51:30.000 -4551.702087593300 -1360.907053665020 4846.932460190970 -0.50724199418421 -7.22653697468782 -2.50241371315941
2024-05-24T22:51:32.000 -4552.704989401320 -1375.356654525620 4841.915268258430 -0.49565937701017 -7.22305775380098 -2.51477609795313
2024-05-24T22:51:34.000 -4553.684723373670 -1389.799260157510 4836.873364305950 -0.48407416831875 -7.21954174885807 -2.52712572255777
2024-05-24T22:51:36.000 -4554.641284386130 -1404.234797009930 4831.806773917090 -0.47248642693572 -7.21598897723529 -2.53946252382328
2024-05-24T22:51:38.000 -4555.574667432180 -1418.663191567040 4826.715522801620 -0.46089621170516 -7.21239945650091 -2.55178643865815
2024-05-24T22:51:40.000 -4556.484867622960 -1433.084370348360 4821.599636795430 -0.44930358148918 -7.20877320441556 -2.56409740403005
2024-05-24T22:51:42.000 -4557.371880187400 -1447.498259909100 4816.459141860450 -0.43770859516758 -7.20511023893243 -2.57639535696649
2024-05-24T22:51:44.000 -4558.235700472160 -1461.904786840590 4811.294064084470 -0.42611131163742 -7.20141057819752 -2.58868023455546
2024-05-24T22:51:46.000 -4559.076323941750 -1476.303877770610 4806.104429681030 -0.41451178981273 -7.19767424054981 -2.60095197394618
2024-05-24T22:51:48.000 -4559.893746178500 -1490.695459363860 4800.890264989340 -0.40291008862405 -7.19390124452142 -2.61321051234976
2024-05-24T22:51:50.000 -4560.687962882630 -1505.079458322260 4795.651596474110 -0.39130626701804 -7.19009160883785 -2.62545578703990
2024-05-24T22:51:52.000 -4561.458969872270 -1519.455801385380 4790.388450725440 -0.37970038395706 -7.18624535241803 -2.63768773535371
2024-05-24T22:51:54.000 -4562.206763083480 -1533.824415330840 4785.100854458680 -0.36809249841871 -7.18236249437446 -2.64990629469236
2024-05-24T22:51:56.000 -4562.931338570290 -1548.185226974660 4779.788834514340 -0.35648266939539 -7.17844305401333 -2.66211140252188
2024-05-24T22:51:58.000 -4563.632692504740 -1562.538163171680 4774.452417857910 -0.34487095589380 -7.17448705083453 -2.67430299637393
2024-05-24T22:52:00.000 -4564.310821176890 -1576.883150815920 4769.091631579760 -0.33325741693445 -7.17049450453171 -2.68648101384655
2024-05-24T22:52:02.000 -4564.965720994860 -1591.220116840980 4763.706502895000 -0.32164211155119 -7.16646543499229 -2.69864539260494
2024-05-24T22:52:04.000 -4565.597388484850 -1605.548988220440 4758.297059143330 -0.31002509879066 -7.16239986229742 -2.71079607038225
2024-05-24T22:52:06.000 -4566.205820291150 -1619.869691968240 4752.863327788930 -0.29840643771177 -7.15829780672194 -2.72293298498033
2024-05-24T22:52:08.000 -4566.791013176190 -1634.182155139050 4747.405336420290 -0.28678618738516 -7.15415928873427 -2.73505607427053
2024-05-24T22:52:10.000 -4567.352964020580 -1648.486304828680 4741.923112750090 -0.27516440689266 -7.14998432899631 -2.74716527619446
2024-05-24T22:52:12.000 -4567.891669823050 -1662.782068174440 4736.416684615080 -0.26354115532672 -7.14577294836328 -2.75926052876476
2024-05-24T22:52:14.000 -4568.407127700570 -1677.069372355560 4730.886079975880 -0.25191649178983 -7.14152516788355 -2.77134177006586
2024-05-24T22:52:16.000 -4568.899334888300 -1691.348144593560 4725.331326916890 -0.24029047539398 -7.13724100879843 -2.78340893825475
2024-05-24T22:52:18.000 -4569.368288739650 -1705.618312152640 4719.752453646120 -0.22866316526008 -7.13292049254189 -2.79546197156168
2024-05-24T22:52:20.000 -4569.813986726270 -1719.879802340030 4714.149488495030 -0.21703462051733 -7.12856364074032 -2.80750080829091
2024-05-24T22:52:22.000 -4570.236426438070 -1734.132542506440 4708.522459918420 -0.20540490030269 -7.12417047521220 -2.81952538682141
2024-05-24T22:52:24.000 -4570.635605583260 -1748.376460046400 4702.871396494240 -0.19377406376027 -7.11974101796777 -2.83153564560758
2024-05-24T22:52:26.000 -4571.011521988330 -1762.611482398630 4697.196326923470 -0.18214217004076 -7.11527529120864 -2.84353152317989
2024-05-24T22:52:28.000 -4571.364173598080 -1776.837537046480 4691.497280029930 -0.17050927830082 -7.11077331732742 -2.85551295814555
2024-05-24T22:52:30.000 -4571.693558475630 -1791.054551518240 4685.774284760170 -0.15887544770254 -7.10623511890728 -2.86747988918913
2024-05-24T22:52:32.000 -4571.999674802430 -1805.262453387590 4680.027370183280 -0.14724073741284 -7.10166071872149 -2.87943225507320
2024-05-24T22:52:34.000 -4572.282520878270 -1819.461170273920 4674.256565490760 -0.13560520660289 -7.09705013973295 -2.89136999463887
2024-05-24T22:52:36.000 -4572.542095121280 -1833.650629842750 4668.461899996330 -0.12396891444759 -7.09240340509369 -2.90329304680636
2024-05-24T22:52:38.000 -4572.778396067950 -1847.830759806090 4662.643403135800 -0.11233192012500 -7.08772053814432 -2.91520135057557
2024-05-24T22:52:40.000 -4572.991422373120 -1862.001487922810 4656.801104466910 -0.10069428281577 -7.08300156241352 -2.92709484502649
2024-05-24T22:52:42.000 -4573.181172810010 -1876.162741999030 4650.935033669130 -0.08905606170267 -7.07824650161744 -2.93897346931976
2024-05-24T22:52:44.000 -4573.347646270180 -1890.314449888500 4645.045220543570 -0.07741731597003 -7.07345537965917 -2.95083716269706
2024-05-24T22:52:46.000 -4573.490841763600 -1904.456539492950 4639.131695012740 -0.06577810480326 -7.06862822062807 -2.96268586448153
2024-05-24T22:52:48.000 -4573.610758418560 -1918.588938762470 4633.194487120440 -0.05413848738837 -7.06376504879925 -2.97451951407814
2024-05-24T22:52:50.000 -4573.707395481780 -1932.711575695910 4627.233627031570 -0.04249852291146 -7.05886588863286 -2.98633805097405
2024-05-24T22:52:52.000 -4573.780752318290 -1946.824378341200 4621.249145031970 -0.03085827055835 -7.05393076477355 -2.99814141473889
2024-05-24T22:52:54.000 -4573.830828411550 -1960.927274795760 4615.241071528260 -0.01921778951405 -7.04895970204978 -3.00992954502508
2024-05-24T22:52:56.000 -4573.857623363340 -1975.020193206830 4609.209437047700 -0.00757713896243 -7.04395272547322 -3.02170238156806
2024-05-24T22:52:58.000 -4573.861136893850 -1989.103061771880 4603.154272237940 0.00406362191421 -7.03890986023808 -3.03345986418647
2024-05-24T22:53:00.000 -4573.841368841590 -2003.175808738920 4597.075607866970 0.01570443393553 -7.03383113172053 -3.04520193278242
2024-05-24T22:53:02.000 -4573.798319163460 -2017.238362406940 4590.973474822840 0.02734523792345 -7.02871656547801 -3.05692852734156
2024-05-24T22:53:04.000 -4573.731987934700 -2031.290651126170 4584.847904113580 0.03898597470254 -7.02356618724865 -3.06863958793323
2024-05-24T22:53:06.000 -4573.642375348910 -2045.332603298550 4578.698926866990 0.05062658510026 -7.01838002295067 -3.08033505471057
2024-05-24T22:53:08.000 -4573.529481718000 -2059.364147377990 4572.526574330460 0.06226700994733 -7.01315809868171 -3.09201486791059
2024-05-24T22:53:10.000 -4573.393307472260 -2073.385211870810 4566.330877870850 0.07390719007791 -7.00790044071833 -3.10367896785418
2024-05-24T22:53:12.000 -4573.233853160280 -2087.395725336040 4560.111868974280 0.08554706632990 -7.00260707551537 -3.11532729494616
2024-05-24T22:53:14.000 -4573.051119448960 -2101.395616385800 4553.869579245980 0.09718657954514 -6.99727802970544 -3.12695978967523
2024-05-24T22:53:16.000 -4572.845107123550 -2115.384813685660 4547.604040410110 0.10882567056961 -6.99191333009834 -3.13857639261398
2024-05-24T22:53:18.000 -4572.615817087580 -2129.363245954980 4541.315284309610 0.12046428025363 -6.98651300368063 -3.15017704441883
2024-05-24T22:53:20.000 -4572.363250362860 -2143.330841967280 4535.003342906030 0.13210234945198 -6.98107707761504 -3.16176168582994
2024-05-24T22:53:22.000 -4572.087408089520 -2157.287530550560 4528.668248279340 0.14373981902407 -6.97560557924009 -3.17333025767114
2024-05-24T22:53:24.000 -4571.788291525940 -2171.233240587700 4522.310032627790 0.15537662983408 -6.97009853606962 -3.18488270084982
2024-05-24T22:53:26.000 -4571.465902048780 -2185.167901016760 4515.928728267720 0.16701272275102 -6.96455597579240 -3.19641895635682
2024-05-24T22:53:28.000 -4571.120241152950 -2199.091440831370 4509.524367633430 0.17864803864883 -6.95897792627173 -3.20793896526634
2024-05-24T22:53:30.000 -4570.751310451610 -2213.003789081040 4503.096983276950 0.19028251840648 -6.95336441554511 -3.21944266873573
2024-05-24T22:53:32.000 -4570.359111676160 -2226.904874871550 4496.646607867950 0.20191610290801 -6.94771547182395 -3.23093000800542
2024-05-24T22:53:34.000 -4569.943646676230 -2240.794627365260 4490.173274193520 0.21354873304257 -6.94203112349326 -3.24240092439877
2024-05-24T22:53:36.000 -4569.504917419640 -2254.672975781490 4483.677015158010 0.22518034970447 -6.93631139911139 -3.25385535932190
2024-05-24T22:53:38.000 -4569.042925992460 -2268.539849396820 4477.157863782890 0.23681089379317 -6.93055632740988 -3.26529325426356
2024-05-24T22:53:40.000 -4568.557674598920 -2282.395177545510 4470.615853206560 0.24844030621335 -6.92476593729320 -3.27671455079501
2024-05-24T22:53:42.000 -4568.049165561440 -2296.238889619770 4464.051016684210 0.26006852787488 -6.91894025783868 -3.28811919056986
2024-05-24T22:53:44.000 -4567.517401320650 -2310.070915070140 4457.463387587630 0.27169549969284 -6.91307931829633 -3.29950711532396
2024-05-24T22:53:46.000 -4566.962384435290 -2323.891183405840 4450.852999405050 0.28332116258750 -6.90718314808881 -3.31087826687530
2024-05-24T22:53:48.000 -4566.384117582290 -2337.699624195110 4444.219885741000 0.29494545748434 -6.90125177681137 -3.32223258712387
2024-05-24T22:53:50.000 -4565.782603556730 -2351.496167065550 4437.564080316110 0.30656832531404 -6.89528523423184 -3.33357001805159
2024-05-24T22:53:52.000 -4565.157845271790 -2365.280741704460 4430.885616966970 0.31818970701248 -6.88928355029061 -3.34489050172228
2024-05-24T22:53:54.000 -4564.509845758810 -2379.053277859210 4424.184529645960 0.32980954352074 -6.88324675510074 -3.35619398028151
2024-05-24T22:53:56.000 -4563.838608167210 -2392.813705337550 4417.460852421100 0.34142777578511 -6.87717487894797 -3.36748039595665
2024-05-24T22:53:58.000 -4563.144135764530 -2406.561954007990 4410.714619475850 0.35304434475711 -6.87106795229088 -3.37874969105684
2024-05-24T22:54:00.000 -4562.426431936400 -2420.297953800130 4403.945865108990 0.36465919139348 -6.86492600576096 -3.39000180797296
2024-05-24T22:54:02.000 -4561.685500186540 -2434.021634704990 4397.154623734440 0.37627225665626 -6.85874907016282 -3.40123668917770
2024-05-24T22:54:04.000 -4560.921344136710 -2447.732926775380 4390.340929881060 0.38788348151280 -6.85253717647430 -3.41245427722561
2024-05-24T22:54:06.000 -4560.133967526780 -2461.431760126250 4383.504818192550 0.39949280693581 -6.84629035584671 -3.42365451475317
2024-05-24T22:54:08.000 -4559.323374214610 -2475.118064935020 4376.646323427250 0.41110017390345 -6.84000863960501 -3.43483734447894
2024-05-24T22:54:10.000 -4558.489568176140 -2488.791771441930 4369.765480457970 0.42270552339940 -6.83369205924804 -3.44600270920364
2024-05-24T22:54:12.000 -4557.632553505330 -2502.452809950380 4362.862324271850 0.43430879641297 -6.82734064644879 -3.45715055181038
2024-05-24T22:54:14.000 -4556.752334414150 -2516.101110827320 4355.936889970160 0.44590993393919 -6.82095443305456 -3.46828081526481
2024-05-24T22:54:16.000 -4555.848915232570 -2529.736604503550 4348.989212768190 0.45750887697900 -6.81453345108733 -3.47939344261537
2024-05-24T22:54:18.000 -4554.922300408550 -2543.359221474080 4342.019327995020 0.46910556653934 -6.80807773274391 -3.49048837699354
2024-05-24T22:54:20.000 -4553.972494508050 -2556.968892298520 4335.027271093390 0.48069994363338 -6.80158731039629 -3.50156556161412
2024-05-24T22:54:22.000 -4552.999502214980 -2570.565547601360 4328.013077619540 0.49229194928066 -6.79506221659183 -3.51262493977556
2024-05-24T22:54:24.000 -4552.003328331210 -2584.149118072390 4320.976783243010 0.50388152450737 -6.78850248405359 -3.52366645486026
2024-05-24T22:54:26.000 -4550.983977776550 -2597.719534467010 4313.918423746500 0.51546861034654 -6.78190814568050 -3.53469005033496
2024-05-24T22:54:28.000 -4549.941455588720 -2611.276727606600 4306.838035025710 0.52705314783833 -6.77527923454770 -3.54569566975117
2024-05-24T22:54:30.000 -4548.875766923390 -2624.820628378860 4299.735653089120 0.53863507803028 -6.76861578390670 -3.55668325674550
2024-05-24T22:54:32.000 -4547.786917054100 -2638.351167738170 4292.611314057860 0.55021434197765 -6.76191782718564 -3.56765275504021
2024-05-24T22:54:34.000 -4546.674911372270 -2651.868276705950 4285.465054165550 0.56179088074370 -6.75518539798950 -3.57860410844357
2024-05-24T22:54:36.000 -4545.539755387200 -2665.371886371000 4278.296909758090 0.57336463540010 -6.74841853010027 -3.58953726085044
2024-05-24T22:54:38.000 -4544.381454726020 -2678.861927889860 4271.106917293490 0.58493554702722 -6.74161725747714 -3.60045215624269
2024-05-24T22:54:40.000 -4543.200015133720 -2692.338332487170 4263.895113341750 0.59650355671459 -6.73478161425666 -3.61134873868980
2024-05-24T22:54:42.000 -4541.995442473060 -2705.801031456030 4256.661534584600 0.60806860556125 -6.72791163475282 -3.62222695234936
2024-05-24T22:54:44.000 -4540.767742724620 -2719.249956158320 4249.406217815380 0.61963063467620 -6.72100735345720 -3.63308674146761
2024-05-24T22:54:46.000 -4539.516921986760 -2732.685038025100 4242.129199938860 0.63118958517885 -6.71406880503904 -3.64392805038004
2024-05-24T22:54:48.000 -4538.242986475560 -2746.106208556950 4234.830517971050 0.64274539819946 -6.70709602434525 -3.65475082351195
2024-05-24T22:54:50.000 -4536.945942524860 -2759.513399324310 4227.510209039000 0.65429801487963 -6.70008904640048 -3.66555500537902
2024-05-24T22:54:52.000 -4535.625796586170 -2772.906541967850 4220.168310380640 0.66584737637276 -6.69304790640704 -3.67634054058791
2024-05-24T22:54:54.000 -4534.282555228710 -2786.285568198820 4212.804859344620 0.67739342384458 -6.68597263974492 -3.68710737383687
2024-05-24T22:54:56.000 -4532.916225139350 -2799.650409799420 4205.419893390080 0.68893609847366 -6.67886328197168 -3.69785544991628
2024-05-24T22:54:58.000 -4531.526813122590 -2813.000998623120 4198.013450086480 0.70047534145190 -6.67171986882234 -3.70858471370929
2024-05-24T22:55:00.000 -4530.114326100510 -2826.337266595060 4190.585567113450 0.71201109398509 -6.66454243620926 -3.71929511019236
2024-05-24T22:55:02.000 -4528.678771112800 -2839.659145712370 4183.136282260540 0.72354329729341 -6.65733102022193 -3.72998658443588
2024-05-24T22:55:04.000 -4527.220155316660 -2852.966568044540 4175.665633427090 0.73507189261200 -6.65008565712678 -3.74065908160470
2024-05-24T22:55:06.000 -4525.738485986840 -2866.259465733770 4168.173658622000 0.74659682119149 -6.64280638336696 -3.75131254695873
2024-05-24T22:55:08.000 -4524.233770515550 -2879.537770995310 4160.660395963560 0.75811802429850 -6.63549323556204 -3.76194692585344
2024-05-24T22:55:10.000 -4522.706016412440 -2892.801416117840 4153.125883679260 0.76963544321625 -6.62814625050770 -3.77256216374041
2024-05-24T22:55:12.000 -4521.155231304610 -2906.050333463820 4145.570160105580 0.78114901924502 -6.62076546517544 -3.78315820616786
2024-05-24T22:55:14.000 -4519.581422936510 -2919.284455469790 4137.993263687800 0.79265869370272 -6.61335091671218 -3.79373499878109
2024-05-24T22:55:16.000 -4517.984599169950 -2932.503714646790 4130.395232979830 0.80416440792540 -6.60590264243989 -3.80429248732300
2024-05-24T22:55:18.000 -4516.364767984060 -2945.708043580670 4122.776106644000 0.81566610326777 -6.59842067985517 -3.81483061763452
2024-05-24T22:55:20.000 -4514.721937475220 -2958.897374932440 4115.135923450830 0.82716372110366 -6.59090506662884 -3.82534933565503
2024-05-24T22:55:22.000 -4513.056115857060 -2972.071641438650 4107.474722278880 0.83865720282656 -6.58335584060542 -3.83584858742276
2024-05-24T22:55:24.000 -4511.367311460380 -2985.230775911680 4099.792542114550 0.85014648985007 -6.57577303980272 -3.84632831907516
2024-05-24T22:55:26.000 -4509.655532733170 -2998.374711240130 4092.089422051830 0.86163152360834 -6.56815670241132 -3.85678847684922
2024-05-24T22:55:28.000 -4507.920788240490 -3011.503380389170 4084.365401292180 0.87311224555653 -6.56050686679405 -3.86722900708183
2024-05-24T22:55:30.000 -4506.163086664500 -3024.616716400840 4076.620519144250 0.88458859717121 -6.55282357148548 -3.87764985621002
2024-05-24T22:55:32.000 -4504.382436804360 -3037.714652394450 4068.854815023720 0.89606051995078 -6.54510685519138 -3.88805097077125
2024-05-24T22:55:34.000 -4502.578847576240 -3050.797121566860 4061.068328453120 0.90752795541582 -6.53735675678821 -3.89843229740357
2024-05-24T22:55:36.000 -4500.752328013210 -3063.864057192890 4053.261099061570 0.91899084510947 -6.52957331532255 -3.90879378284589
2024-05-24T22:55:38.000 -4498.902887265270 -3076.915392625590 4045.433166584630 0.93044913059774 -6.52175657001058 -3.91913537393808
2024-05-24T22:55:40.000 -4497.030534599230 -3089.951061296620 4037.584570864090 0.94190275346982 -6.51390656023751 -3.92945701762114
2024-05-24T22:55:42.000 -4495.135279398730 -3102.970996716590 4029.715351847730 0.95335165533836 -6.50602332555710 -3.93975866093727
2024-05-24T22:55:44.000 -4493.217131164130 -3115.975132475390 4021.825549589160 0.96479577783972 -6.49810690569107 -3.95004025102997
2024-05-24T22:55:46.000 -4491.276099512510 -3128.963402242490 4013.915204247600 0.97623506263422 -6.49015734052863 -3.96030173514406
2024-05-24T22:55:48.000 -4489.312194177600 -3141.935739767340 4005.984356087670 0.98766945140630 -6.48217467012598 -3.97054306062572
2024-05-24T22:55:50.000 -4487.325425009760 -3154.892078879640 3998.033045479220 0.99909888586471 -6.47415893470579 -3.98076417492244
2024-05-24T22:55:52.000 -4485.315801975870 -3167.832353489740 3990.061312897080 1.01052330774270 -6.46611017465677 -3.99096502558306
2024-05-24T22:55:54.000 -4483.283335159340 -3180.756497588890 3982.069198920880 1.02194265879807 -6.45802843053322 -4.00114556025764
2024-05-24T22:55:56.000 -4481.228034760030 -3193.664445249630 3974.056744234870 1.03335688081333 -6.44991374305461 -4.01130572669742
2024-05-24T22:55:58.000 -4479.149911094240 -3206.556130626120 3966.023989627680 1.04476591559571 -6.44176615310517 -4.02144547275473
2024-05-24T22:56:00.000 -4477.048974594590 -3219.431487954430 3957.970975992140 1.05616970497730 -6.43358570173358 -4.03156474638286
2024-05-24T22:56:02.000 -4474.925235810020 -3232.290451552910 3949.897744325070 1.06756819081496 -6.42537243015261 -4.04166349563595
2024-05-24T22:56:04.000 -4472.778705405770 -3245.132955822480 3941.804335727080 1.07896131499042 -6.41712637973882 -4.05174166866886
2024-05-24T22:56:06.000 -4470.609394163230 -3257.958935247000 3933.690791402370 1.09034901941021 -6.40884759203231 -4.06179921373699
2024-05-24T22:56:08.000 -4468.417312980010 -3270.768324393550 3925.557152658540 1.10173124600565 -6.40053610873653 -4.07183607919618
2024-05-24T22:56:10.000 -4466.202472869790 -3283.561057912790 3917.403460906360 1.11310793673278 -6.39219197171805 -4.08185221350248
2024-05-24T22:56:12.000 -4463.964884962340 -3296.337070539290 3909.229757659600 1.12447903357230 -6.38381522300645 -4.09184756521209
2024-05-24T22:56:14.000 -4461.704560503420 -3309.096297091820 3901.036084534810 1.13584447852948 -6.37540590479422 -4.10182208298111
2024-05-24T22:56:16.000 -4459.421510854790 -3321.838672473700 3892.822483251130 1.14720421363408 -6.36696405943669 -4.11177571556547
2024-05-24T22:56:18.000 -4457.115747494090 -3334.564131673140 3884.588995630100 1.15855818094022 -6.35848972945201 -4.12170841182071
2024-05-24T22:56:20.000 -4454.787282014840 -3347.272609763540 3876.335663595430 1.16990632252631 -6.34998295752121 -4.13162012070192
2024-05-24T22:56:22.000 -4452.436126126400 -3359.964041903820 3868.062529172840 1.18124858049489 -6.34144378648823 -4.14151079126357
2024-05-24T22:56:24.000 -4450.062291653860 -3372.638363338760 3859.769634489830 1.19258489697254 -6.33287225936005 -4.15138037265945
2024-05-24T22:56:26.000 -4447.665790538070 -3385.295509399310 3851.457021775480 1.20391521410976 -6.32426841930684 -4.16122881414253
2024-05-24T22:56:28.000 -4445.246634835530 -3397.935415502920 3843.124733360300 1.21523947408082 -6.31563230966217 -4.17105606506496
2024-05-24T22:56:30.000 -4442.804836718390 -3410.558017153890 3834.772811675960 1.22655761908370 -6.30696397392320 -4.18086207487800
2024-05-24T22:56:32.000 -4440.340408474360 -3423.163249943660 3826.401299255160 1.23786959133993 -6.29826345575101 -4.19064679313203
2024-05-24T22:56:34.000 -4437.853362506700 -3435.751049551150 3818.010238731380 1.24917533309456 -6.28953079897084 -4.20041016947655
2024-05-24T22:56:36.000 -4435.343711334140 -3448.321351743120 3809.599672838700 1.26047478661601 -6.28076604757250 -4.21015215366023
2024-05-24T22:56:38.000 -4432.811467590860 -3460.874092374460 3801.169644411610 1.27176789419605 -6.27196924571069 -4.21987269553104
2024-05-24T22:56:40.000 -4430.256644026440 -3473.409207388530 3792.720196384820 1.28305459814972 -6.26314043770545 -4.22957174503631
2024-05-24T22:56:42.000 -4427.679253505790 -3485.926632817510 3784.251371793020 1.29433484081533 -6.25427966804255 -4.23924925222296
2024-05-24T22:56:44.000 -4425.079309009130 -3498.426304782700 3775.763213770710 1.30560856455442 -6.24538698137396 -4.24890516723763
2024-05-24T22:56:46.000 -4422.456823631930 -3510.908159494880 3767.255765552020 1.31687571175179 -6.23646242251836 -4.25853944032699
2024-05-24T22:56:48.000 -4419.811810584880 -3523.372133254630 3758.729070470460 1.32813622481557 -6.22750603646158 -4.26815202183797
2024-05-24T22:56:50.000 -4417.144283193810 -3535.818162452690 3750.183171958760 1.33939004617724 -6.21851786835717 -4.27774286221813
2024-05-24T22:56:52.000 -4414.454254899670 -3548.246183570240 3741.618113548640 1.35063711829177 -6.20949796352685 -4.28731191201599
2024-05-24T22:56:54.000 -4411.741739258480 -3560.656133179300 3733.033938870650 1.36187738363775 -6.20044636746114 -4.29685912188148
2024-05-24T22:56:56.000 -4409.006749941300 -3573.047947943030 3724.430691653910 1.37311078471754 -6.19136312581978 -4.30638444256640
2024-05-24T22:56:58.000 -4406.249300734110 -3585.421564616080 3715.808415725940 1.38433726405751 -6.18224828443235 -4.31588782492491
2024-05-24T22:57:00.000 -4403.469405537860 -3597.776920044920 3707.167155012450 1.39555676420823 -6.17310188929878 -4.32536921991410
2024-05-24T22:57:02.000 -4400.667078368350 -3610.113951168220 3698.506953537150 1.40676922774483 -6.16392398658985 -4.33482857859455
2024-05-24T22:57:04.000 -4397.842333356220 -3622.432595017120 3689.827855421510 1.41797459726722 -6.15471462264771 -4.34426585213103
2024-05-24T22:57:06.000 -4394.995184746880 -3634.732788715660 3681.129904884550 1.42917281540055 -6.14547384398637 -4.35368099179312
2024-05-24T22:57:08.000 -4392.125646900450 -3647.014469481040 3672.413146242670 1.44036382479553 -6.13620169729221 -4.36307394895598
2024-05-24T22:57:10.000 -4389.233734291740 -3659.277574624040 3663.677623909410 1.45154756812892 -6.12689822942438 -4.37244467510109
2024-05-24T22:57:12.000 -4386.319461510170 -3671.522041549310 3654.923382395220 1.46272398810399 -6.11756348741524 -4.38179312181705
2024-05-24T22:57:14.000 -4383.382843259740 -3683.747807755740 3646.150466307300 1.47389302745106 -6.10819751847076 -4.39111924080045
2024-05-24T22:57:16.000 -4380.423894358950 -3695.954810836820 3637.358920349310 1.48505462892804 -6.09880036997086 -4.40042298385670
2024-05-24T22:57:18.000 -4377.442629740750 -3708.142988480950 3628.548789321210 1.49620873532108 -6.08937208946974 -4.40970430290094
2024-05-24T22:57:20.000 -4374.439064452510 -3720.312278471850 3619.720118119030 1.50735528944516 -6.07991272469613 -4.41896314995902
2024-05-24T22:57:22.000 -4371.413213655920 -3732.462618688820 3610.872951734610 1.51849423414482 -6.07042232355352 -4.42819947716840
2024-05-24T22:57:24.000 -4368.365092626960 -3744.593947107200 3602.007335255420 1.52962551229484 -6.06090093412037 -4.43741323677917
2024-05-24T22:57:26.000 -4365.294716755840 -3756.706201798610 3593.123313864320 1.54074906680104 -6.05134860465016 -4.44660438115503
2024-05-24T22:57:28.000 -4362.202101546900 -3768.799320931390 3584.220932839310 1.55186484060104 -6.04176538357155 -4.45577286277433
2024-05-24T22:57:30.000 -4359.087262618590 -3780.873242770890 3575.300237553330 1.56297277666512 -6.03215131948832 -4.46491863423107
2024-05-24T22:57:32.000 -4355.950215703390 -3792.927905679850 3566.361273474020 1.57407281799702 -6.02250646117932 -4.47404164823601
2024-05-24T22:57:34.000 -4352.790976647730 -3804.963248118750 3557.404086163480 1.58516490763488 -6.01283085759843 -4.48314185761762
2024-05-24T22:57:36.000 -4349.609561411930 -3816.979208646150 3548.428721278010 1.59624898865215 -6.00312455787429 -4.49221921532322
2024-05-24T22:57:38.000 -4346.405986070130 -3828.975725919020 3539.435224567920 1.60732500415847 -5.99338761131014 -4.50127367441997
2024-05-24T22:57:40.000 -4343.180266810210 -3840.952738693140 3530.423641877280 1.61839289730071 -5.98362006738346 -4.51030518809594
2024-05-24T22:57:42.000 -4339.932419933720 -3852.910185823410 3521.394019143620 1.62945261126386 -5.97382197574563 -4.51931370966114
2024-05-24T22:57:44.000 -4336.662461855790 -3864.848006264200 3512.346402397750 1.64050408927211 -5.96399338622146 -4.52829919254854
2024-05-24T22:57:46.000 -4333.370409105090 -3876.766139069700 3503.280837763510 1.65154727458977 -5.95413434880874 -4.53726159031505
2024-05-24T22:57:48.000 -4330.056278323690 -3888.664523394280 3494.197371457460 1.66258211052237 -5.94424491367758 -4.54620085664254
2024-05-24T22:57:50.000 -4326.720086267030 -3900.543098492820 3485.096049788690 1.67360854041760 -5.93432513116984 -4.55511694533877
2024-05-24T22:57:52.000 -4323.361849803780 -3912.401803721050 3475.976919158570 1.68462650766640 -5.92437505179842 -4.56400981033832
2024-05-24T22:57:54.000 -4319.981585915830 -3924.240578535890 3466.840026060430 1.69563595570394 -5.91439472624644 -4.57287940570348
2024-05-24T22:57:56.000 -4316.579311698120 -3936.059362495810 3457.685417079390 1.70663682801066 -5.90438420536645 -4.58172568562513
2024-05-24T22:57:58.000 -4313.155044358600 -3947.858095261150 3448.513138892020 1.71762906811331 -5.89434354017954 -4.59054860442355
2024-05-24T22:58:00.000 -4309.708801218090 -3959.636716594450 3439.323238266140 1.72861261958588 -5.88427278187437 -4.59934811654915
2024-05-24T22:58:02.000 -4306.240599710260 -3971.395166360800 3430.115762060550 1.73958742605068 -5.87417198180616 -4.60812417658330
2024-05-24T22:58:04.000 -4302.750457381450 -3983.133384528170 3420.890757224730 1.75055343117924 -5.86404119149564 -4.61687673923890
2024-05-24T22:58:06.000 -4299.238391890620 -3994.851311167740 3411.648270798620 1.76151057869330 -5.85388046262795 -4.62560575936109
2024-05-24T22:58:08.000 -4295.704421009240 -4006.548886454210 3402.388349912330 1.77245881236574 -5.84368984705146 -4.63431119192779
2024-05-24T22:58:10.000 -4292.148562621170 -4018.226050666150 3393.111041785880 1.78339807602147 -5.83346939677658 -4.64299299205023
2024-05-24T22:58:12.000 -4288.570834722580 -4029.882744186290 3383.816393728930 1.79432831353828 -5.82321916397454 -4.65165111497342
2024-05-24T22:58:14.000 -4284.971255421820 -4041.518907501910 3374.504453140530 1.80524946884775 -5.81293920097610 -4.66028551607654
2024-05-24T22:58:16.000 -4281.349842939340 -4053.134481205060 3365.175267508830 1.81616148593597 -5.80262956027024 -4.66889615087329
2024-05-24T22:58:18.000 -4277.706615607530 -4064.729405992950 3355.828884410810 1.82706430884437 -5.79229029450285 -4.67748297501215
2024-05-24T22:58:20.000 -4274.041591870680 -4076.303622668230 3346.465351512030 1.83795788167040 -5.78192145647537 -4.68604594427663
2024-05-24T22:58:22.000 -4270.354790284800 -4087.857072139310 3337.084716566350 1.84884214856823 -5.77152309914343 -4.69458501458541
2024-05-24T22:58:24.000 -4266.646229517550 -4099.389695420660 3327.687027415630 1.85971705374942 -5.76109527561547 -4.70310014199241
2024-05-24T22:58:26.000 -4262.915928348110 -4110.901433633140 3318.272331989520 1.87058254148343 -5.75063803915136 -4.71159128268684
2024-05-24T22:58:28.000 -4259.163905667030 -4122.392228004250 3308.840678305150 1.88143855609825 -5.74015144316102 -4.72005839299318
2024-05-24T22:58:30.000 -4255.390180476200 -4133.862019868470 3299.392114466840 1.89228504198081 -5.72963554120302 -4.72850142937100
2024-05-24T22:58:32.000 -4251.594771888640 -4145.310750667550 3289.926688665890 1.90312194357749 -5.71909038698324 -4.73692034841491
2024-05-24T22:58:34.000 -4247.777699128410 -4156.738361950790 3280.444449180250 1.91394920539445 -5.70851603435351 -4.74531510685424
2024-05-24T22:58:36.000 -4243.938981530540 -4168.144795375350 3270.945444374300 1.92476677199799 -5.69791253731027 -4.75368566155283
2024-05-24T22:58:38.000 -4240.078638540810 -4179.529992706520 3261.429722698540 1.93557458801482 -5.68727994999323 -4.76203196950866
2024-05-24T22:58:40.000 -4236.196689715740 -4190.893895817990 3251.897332689340 1.94637259813229 -5.67661832668414 -4.77035398785344
2024-05-24T22:58:42.000 -4232.293154722390 -4202.236446692200 3242.348322968690 1.95716074709855 -5.66592772180553 -4.77865167385221
2024-05-24T22:58:44.000 -4228.368053338250 -4213.557587420540 3232.782742243900 1.96793897972268 -5.65520818991949 -4.78692498490285
2024-05-24T22:58:46.000 -4224.421405451150 -4224.857260203670 3223.200639307360 1.97870724087472 -5.64445978572650 -4.79517387853547
2024-05-24T22:58:48.000 -4220.453231059110 -4236.135407351800 3213.602063036270 1.98946547548572 -5.63368256406437 -4.80339831241191
2024-05-24T22:58:50.000 -4216.463550270240 -4247.391971284930 3203.987062392360 2.00021362854768 -5.62287657990712 -4.81159824432509
2024-05-24T22:58:52.000 -4212.452383302580 -4258.626894533170 3194.355686421660 2.01095164511344 -5.61204188836400 -4.81977363219832
2024-05-24T22:58:54.000 -4208.419750484040 -4269.840119736950 3184.707984254230 2.02167947029655 -5.60117854467857 -4.82792443408468
2024-05-24T22:58:56.000 -4204.365672252200 -4281.031589647370 3175.044005103860 2.03239704927108 -5.59028660422777 -4.83605060816622
2024-05-24T22:58:58.000 -4200.290169154270 -4292.201247126360 3165.363798267890 2.04310432727140 -5.57936612252117 -4.84415211275329
2024-05-24T22:59:00.000 -4196.193261846910 -4303.349035147040 3155.667413126890 2.05380124959185 -5.56841715520018 -4.85222890628376
2024-05-24T22:59:02.000 -4192.074971096120 -4314.474896793930 3145.954899144420 2.06448776158648 -5.55743975803740 -4.86028094732221
2024-05-24T22:59:04.000 -4187.935317777170 -4325.578775263230 3136.226305866810 2.07516380866864 -5.54643398693603 -4.86830819455920
2024-05-24T22:59:06.000 -4183.774322874410 -4336.660613863070 3126.481682922850 2.08582933631064 -5.53539989792933 -4.87631060681044
2024-05-24T22:59:08.000 -4179.592007481200 -4347.720356013780 3116.721080023600 2.09648429004325 -5.52433754718021 -4.88428814301600
2024-05-24T22:59:10.000 -4175.388392799790 -4358.757945248150 3106.944546962110 2.10712861545532 -5.51324699098083 -4.89224076223954
2024-05-24T22:59:12.000 -4171.163500141170 -4369.773325211680 3097.152133613170 2.11776225819323 -5.50212828575235 -4.90016842366754
2024-05-24T22:59:14.000 -4166.917350924990 -4380.766439662840 3087.343889933100 2.12838516396044 -5.49098148804472 -4.90807108660848
2024-05-24T22:59:16.000 -4162.649966679470 -4391.737232473320 3077.519865959450 2.13899727851693 -5.47980665453654 -4.91594871049216
2024-05-24T22:59:18.000 -4158.361369041190 -4402.685647628320 3067.680111810800 2.14959854767865 -5.46860384203503 -4.92380125486889
2024-05-24T22:59:20.000 -4154.051579755100 -4413.611629226760 3057.824677686530 2.16018891731701 -5.45737310747606 -4.93162867940889
2024-05-24T22:59:22.000 -4149.720620674320 -4424.515121481560 3047.953613866540 2.17076833335827 -5.44611450792426 -4.93943094390153
2024-05-24T22:59:24.000 -4145.368513760080 -4435.396068719920 3038.066970711020 2.18133674178302 -5.43482810057322 -4.94720800825474
2024-05-24T22:59:26.000 -4140.995281081580 -4446.254415383530 3028.164798660260 2.19189408862556 -5.42351394274573 -4.95495983249440
2024-05-24T22:59:28.000 -4136.600944815910 -4457.090106028880 3018.247148234360 2.20244031997339 -5.41217209189413 -4.96268637676381
2024-05-24T22:59:30.000 -4132.185527247920 -4467.903085327480 3008.314070033020 2.21297538196661 -5.40080260560069 -4.97038760132313
2024-05-24T22:59:32.000 -4127.749050770150 -4478.693298066130 2998.365614735290 2.22349922079739 -5.38940554157809 -4.97806346654899
2024-05-24T22:59:34.000 -4123.291537882680 -4489.460689147190 2988.401833099380 2.23401178270945 -5.37798095766995 -4.98571393293405
2024-05-24T22:59:36.000 -4118.813011193060 -4500.205203588860 2978.422775962380 2.24451301399752 -5.36652891185142 -4.99333896108665
2024-05-24T22:59:38.000 -4114.313493416210 -4510.926786525400 2968.428494240040 2.25500286100687 -5.35504946222980 -5.00093851173052
2024-05-24T22:59:40.000 -4109.793007374290 -4521.625383207400 2958.419038926570 2.26548127013282 -5.34354266704525 -5.00851254570460
2024-05-24T22:59:42.000 -4105.251575996640 -4532.300939002110 2948.394461094370 2.27594818782031 -5.33200858467152 -5.01606102396281
2024-05-24T22:59:44.000 -4100.689222319640 -4542.953399393630 2938.354811893820 2.28640356056351 -5.32044727361674 -5.02358390757399
2024-05-24T22:59:46.000 -4096.105969486660 -4553.582709983220 2928.300142553050 2.29684733490541 -5.30885879252420 -5.03108115772188
2024-05-24T22:59:48.000 -4091.501840747900 -4564.188816489550 2918.230504377710 2.30727945743752 -5.29724320017327 -5.03855273570511
2024-05-24T22:59:50.000 -4086.876859460350 -4574.771664749010 2908.145948750740 2.31769987479953 -5.28560055548017 -5.04599860293737
2024-05-24T22:59:52.000 -4082.231049087690 -4585.331200715950 2898.046527132120 2.32810853367911 -5.27393091749897 -5.05341872094753
2024-05-24T22:59:54.000 -4077.564433200140 -4595.867370462940 2887.932291058670 2.33850538081165 -5.26223434542241 -5.06081305137993
2024-05-24T22:59:56.000 -4072.877035474420 -4606.380120181120 2877.803292143810 2.34889036298013 -5.25051089858288 -5.06818155599464
2024-05-24T22:59:58.000 -4068.168879693640 -4616.869396180410 2867.659582077320 2.35926342701500 -5.23876063645330 -5.07552419666790
2024-05-24T23:00:00.000 -4063.439989747200 -4627.335144889820 2857.501212625110 2.36962451979410 -5.22698361864806 -5.08284093539255
2024-05-24T23:00:02.000 -4058.690389630680 -4637.777312857720 2847.328235628980 2.37997358824267 -5.21517990492396 -5.09013173427856
2024-05-24T23:00:04.000 -4053.920103445800 -4648.195846752160 2837.140703006400 2.39031057933338 -5.20334955518106 -5.09739655555356
2024-05-24T23:00:06.000 -4049.129155400240 -4658.590693361130 2826.938666750280 2.40063544008643 -5.19149262946360 -5.10463536156359
2024-05-24T23:00:08.000 -4044.317569807630 -4668.961799592820 2816.722178928680 2.41094811756970 -5.17960918796083 -5.11184811477373
2024-05-24T23:00:10.000 -4039.485371087400 -4679.309112476000 2806.491291684660 2.42124855889893 -5.16769929100790 -5.11903477776888
2024-05-24T23:00:12.000 -4034.632583764700 -4689.632579160210 2796.246057235950 2.43153671123802 -5.15576299908658 -5.12619531325465
2024-05-24T23:00:14.000 -4029.759232470300 -4699.932146916120 2785.986527874770 2.44181252179931 -5.14380037282608 -5.13332968405815
2024-05-24T23:00:16.000 -4024.865341940510 -4710.207763135800 2775.712755967540 2.45207593784397 -5.13181147300373 -5.14043785312900
2024-05-24T23:00:18.000 -4019.950937017060 -4720.459375333040 2765.424793954690 2.46232690668239 -5.11979636054568 -5.14751978354027
2024-05-24T23:00:20.000 -4015.016042647020 -4730.686931143610 2755.122694350360 2.47256537567467 -5.10775509652748 -5.15457543848953
2024-05-24T23:00:22.000 -4010.060683882660 -4740.890378325590 2744.806509742160 2.48279129223117 -5.09568774217466 -5.16160478129988
2024-05-24T23:00:24.000 -4005.084885881410 -4751.069664759660 2734.476292790960 2.49300460381302 -5.08359435886321 -5.16860777542109
2024-05-24T23:00:26.000 -4000.088673905710 -4761.224738449420 2724.132096230560 2.50320525793281 -5.07147500812005 -5.17558438443072
2024-05-24T23:00:28.000 -3995.072073322940 -4771.355547521640 2713.773972867510 2.51339320215521 -5.05932975162335 -5.18253457203526
2024-05-24T23:00:30.000 -3990.035109605280 -4781.462040226620 2703.401975580800 2.52356838409769 -5.04715865120287 -5.18945830207133
2024-05-24T23:00:32.000 -3984.977808329630 -4791.544164938480 2693.016157321620 2.53373075143130 -5.03496176884015 -5.19635553850690
2024-05-24T23:00:34.000 -3979.900195177480 -4801.601870155440 2682.616571113110 2.54388025188143 -5.02273916666868 -5.20322624544249
2024-05-24T23:00:36.000 -3974.802295934840 -4811.635104500140 2672.203270050030 2.55401683322866 -5.01049090697400 -5.21007038711237
2024-05-24T23:00:38.000 -3969.684136492080 -4821.643816719940 2661.776307298590 2.56414044330961 -4.99821705219363 -5.21688792788585
2024-05-24T23:00:40.000 -3964.545742843850 -4831.627955687250 2651.335736096090 2.57425103001783 -4.98591766491706 -5.22367883226846
2024-05-24T23:00:42.000 -3959.387141088960 -4841.587470399770 2640.881609750680 2.58434854130474 -4.97359280788553 -5.23044306490321
2024-05-24T23:00:44.000 -3954.208357430240 -4851.522309980880 2630.413981641120 2.59443292518058 -4.96124254399183 -5.23718059057178
2024-05-24T23:00:46.000 -3949.009418174460 -4861.432423679860 2619.932905216430 2.60450412971534 -4.94886693627998 -5.24389137419574
2024-05-24T23:00:48.000 -3943.790349732190 -4871.317760872250 2609.438433995660 2.61456210303979 -4.93646604794479 -5.25057538083774
2024-05-24T23:00:50.000 -3938.551178617650 -4881.178271060120 2598.930621567600 2.62460679334644 -4.92403994233143 -5.25723257570267
2024-05-24T23:00:52.000 -3933.291931448640 -4891.013903872380 2588.409521590470 2.63463814889059 -4.91158868293485 -5.26386292413877
2024-05-24T23:00:54.000 -3928.012634946380 -4900.824609065090 2577.875187791670 2.64465611799131 -4.89911233339917 -5.27046639163877
2024-05-24T23:00:56.000 -3922.713315935390 -4910.610336521740 2567.327673967450 2.65466064903248 -4.88661095751694 -5.27704294384096
2024-05-24T23:00:58.000 -3917.394001343330 -4920.371036253550 2556.767033982650 2.66465169046384 -4.87408461922842 -5.28359254653017
2024-05-24T23:01:00.000 -3912.054718200930 -4930.106658399770 2546.193321770390 2.67462919080196 -4.86153338262068 -5.29011516563883
2024-05-24T23:01:02.000 -3906.695493641800 -4939.817153227970 2535.606591331770 2.68459309863127 -4.84895731192676 -5.29661076724785
2024-05-24T23:01:04.000 -3901.316354902310 -4949.502471134340 2525.006896735580 2.69454336260508 -4.83635647152462 -5.30307931758757
2024-05-24T23:01:06.000 -3895.917329321460 -4959.162562643950 2514.394292118010 2.70447993144656 -4.82373092593618 -5.30952078303856
2024-05-24T23:01:08.000 -3890.498444340750 -4968.797378411070 2503.768831682340 2.71440275394971 -4.81108073982621 -5.31593513013241
2024-05-24T23:01:10.000 -3885.059727503980 -4978.406869219440 2493.130569698600 2.72431177898032 -4.79840597800119 -5.32232232555250
2024-05-24T23:01:12.000 -3879.601206457180 -4987.990985982560 2482.479560503350 2.73420695547690 -4.78570670540813 -5.32868233613464
2024-05-24T23:01:14.000 -3874.122908948420 -4997.549679743950 2471.815858499300 2.74408823245159 -4.77298298713335 -5.33501512886767
2024-05-24T23:01:16.000 -3868.624862827670 -5007.082901677450 2461.139518155020 2.75395555899103 -4.76023488840123 -5.34132067089405
2024-05-24T23:01:18.000 -3863.107096046640 -5016.590603087480 2450.450594004670 2.76380888425723 -4.74746247457291 -5.34759892951033
2024-05-24T23:01:20.000 -3857.569636658670 -5026.072735409340 2439.749140647630 2.77364815748836 -4.73466581114493 -5.35384987216757
2024-05-24T23:01:22.000 -3852.012512818510 -5035.529250209420 2429.035212748240 2.78347332799956 -4.72184496374795 -5.36007346647171
2024-05-24T23:01:24.000 -3846.435752782220 -5044.960099185520 2418.308865035470 2.79328434518365 -4.70899999814534 -5.36626968018383
2024-05-24T23:01:26.000 -3840.839384907010 -5054.365234167120 2407.570152302620 2.80308115851188 -4.69613098023181 -5.37243848122045
2024-05-24T23:01:28.000 -3835.223437651050 -5063.744607115590 2396.819129407000 2.81286371753455 -4.68323797603205 -5.37857983765362
2024-05-24T23:01:30.000 -3829.587939573320 -5073.098170124490 2386.055851269600 2.82263197188170 -4.67032105169930 -5.38469371771110
2024-05-24T23:01:32.000 -3823.932919333500 -5082.425875419820 2375.280372874820 2.83238587126362 -4.65738027351399 -5.39078008977632
2024-05-24T23:01:34.000 -3818.258405691720 -5091.727675360250 2364.492749270130 2.84212536547143 -4.64441570788237 -5.39683892238843
2024-05-24T23:01:36.000 -3812.564427508480 -5101.003522437400 2353.693035565770 2.85185040437758 -4.63142742133512 -5.40287018424219
2024-05-24T23:01:38.000 -3806.851013744440 -5110.253369276080 2342.881286934440 2.86156093793631 -4.61841548052603 -5.40887384418782
2024-05-24T23:01:40.000 -3801.118193460280 -5119.477168634510 2332.057558610960 2.87125691618400 -4.60537995223062 -5.41484987123083
2024-05-24T23:01:42.000 -3795.365995816500 -5128.674873404600 2321.221905892010 2.88093828923961 -4.59232090334491 -5.42079823453177
2024-05-24T23:01:44.000 -3789.594450073320 -5137.846436612170 2310.374384135790 2.89060500730496 -4.57923840088407 -5.42671890340594
2024-05-24T23:01:46.000 -3783.803585590420 -5146.991811417180 2299.515048761690 2.90025702066502 -4.56613251198126 -5.43261184732301
2024-05-24T23:01:48.000 -3777.993431826880 -5156.110951113960 2288.643955250050 2.90989427968810 -4.55300330388637 -5.43847703590668
2024-05-24T23:01:50.000 -3772.164018340930 -5165.203809131500 2277.761159141770 2.91951673482612 -4.53985084396489 -5.44431443893423
2024-05-24T23:01:52.000 -3766.315374789810 -5174.270339033590 2266.866716038070 2.92912433661471 -4.52667519969679 -5.45012402633601
2024-05-24T23:01:54.000 -3760.447530929630 -5183.310494519120 2255.960681600130 2.93871703567330 -4.51347643867549 -5.45590576819501
2024-05-24T23:01:56.000 -3754.560516615140 -5192.324229422260 2245.043111548830 2.94829478270525 -4.50025462860679 -5.46165963474627
2024-05-24T23:01:58.000 -3748.654361799630 -5201.311497712720 2234.114061664430 2.95785752849786 -4.48700983730797 -5.46738559637633
2024-05-24T23:02:00.000 -3742.729096534730 -5210.272253495950 2223.173587786250 2.96740522392237 -4.47374213270685 -5.47308362362264
2024-05-24T23:02:02.000 -3736.784750970220 -5219.206451013370 2212.221745812410 2.97693781993392 -4.46045158284100 -5.47875368717297
2024-05-24T23:02:04.000 -3730.821355353910 -5228.114044642570 2201.258591699470 2.98645526757151 -4.44713825585687 -5.48439575786477
2024-05-24T23:02:06.000 -3724.838940031440 -5236.994988897550 2190.284181462200 2.99595751795792 -4.43380222000919 -5.49000980668453
2024-05-24T23:02:08.000 -3718.837535446110 -5245.849238428940 2179.298571173230 3.00544452229954 -4.42044354366020 -5.49559580476716
2024-05-24T23:02:10.000 -3712.817172138740 -5254.676748024170 2168.301816962770 3.01491623188632 -4.40706229527913 -5.50115372339530
2024-05-24T23:02:12.000 -3706.777880747490 -5263.477472607750 2157.293975018330 3.02437259809154 -4.39365854344166 -5.50668353399872
2024-05-24T23:02:14.000 -3700.719692007660 -5272.251367241420 2146.275101584410 3.03381357237164 -4.38023235682942 -5.51218520815365
2024-05-24T23:02:16.000 -3694.642636751590 -5280.998387124400 2135.245252962200 3.04323910626609 -4.36678380422961 -5.51765871758214
2024-05-24T23:02:18.000 -3688.546745908440 -5289.718487593600 2124.204485509320 3.05264915139710 -4.35331295453468 -5.52310403415144
2024-05-24T23:02:20.000 -3682.432050504050 -5298.411624123810 2113.152855639500 3.06204365946948 -4.33981987674202 -5.52852112987340
2024-05-24T23:02:22.000 -3676.298581660750 -5307.077752327910 2102.090419822290 3.07142258227036 -4.32630463995375 -5.53390997690384
2024-05-24T23:02:24.000 -3670.146370597240 -5315.716827957100 2091.017234582820 3.08078587166901 -4.31276731337657 -5.53927054754202
2024-05-24T23:02:26.000 -3663.975448628370 -5324.328806901090 2079.933356501430 3.09013347961657 -4.29920796632167 -5.54460281423007
2024-05-24T23:02:28.000 -3657.785847165050 -5332.913645188340 2068.838842213480 3.09946535814587 -4.28562666820463 -5.54990674955247
2024-05-24T23:02:30.000 -3651.577597714000 -5341.471298986210 2057.733748408980 3.10878145937115 -4.27202348854551 -5.55518232623556
2024-05-24T23:02:32.000 -3645.350731877640 -5350.001724601240 2046.618131832380 3.11808173548791 -4.25839849696884 -5.56042951714709
2024-05-24T23:02:34.000 -3639.105281353930 -5358.504878479290 2035.492049282240 3.12736613877262 -4.24475176320373 -5.56564829529580
2024-05-24T23:02:36.000 -3632.841277936200 -5366.980717205820 2024.355557610950 3.13663462158260 -4.23108335708404 -5.57083863383102
2024-05-24T23:02:38.000 -3626.558753512960 -5375.429197506020 2013.208713724470 3.14588713635580 -4.21739334854859 -5.57600050604232
2024-05-24T23:02:40.000 -3620.257740067790 -5383.850276245090 2002.051574582040 3.15512363561059 -4.20368180764130 -5.58113388535925
2024-05-24T23:02:42.000 -3613.938269679140 -5392.243910428430 1990.884197195920 3.16434407194571 -4.18994880451156 -5.58623874535103
2024-05-24T23:02:44.000 -3607.600374520170 -5400.610057201830 1979.706638631050 3.17354839804002 -4.17619440941442 -5.59131505972634
2024-05-24T23:02:46.000 -3601.244086858630 -5408.948673851680 1968.518956004860 3.18273656665247 -4.16241869271099 -5.59636280233318
2024-05-24T23:02:48.000 -3594.869439056660 -5417.259717805240 1957.321206486910 3.19190853062198 -4.14862172486870 -5.60138194715870
2024-05-24T23:02:50.000 -3588.476463570630 -5425.543146630780 1946.113447298670 3.20106424286739 -4.13480357646174 -5.60637246832915
2024-05-24T23:02:52.000 -3582.065192951010 -5433.798918037830 1934.895735713190 3.21020365638739 -4.12096431817135 -5.61133434010982
2024-05-24T23:02:54.000 -3575.635659842180 -5442.026989877400 1923.668129054890 3.21932672426054 -4.10710402078626 -5.61626753690508
2024-05-24T23:02:56.000 -3569.187896982290 -5450.227320142170 1912.430684699200 3.22843339964527 -4.09322275520308 -5.62117203325839
2024-05-24T23:02:58.000 -3562.721937203100 -5458.399866966750 1901.183460072360 3.23752363577994 -4.07932059242662 -5.62604780385245
2024-05-24T23:03:00.000 -3556.237813429800 -5466.544588627830 1889.926512651090 3.24659738598286 -4.06539760357039 -5.63089482350934
2024-05-24T23:03:02.000 -3549.735558680860 -5474.661443544460 1878.659899962310 3.25565460365248 -4.05145385985689 -5.63571306719067
2024-05-24T23:03:04.000 -3543.215206067890 -5482.750390278230 1867.383679582910 3.26469524226742 -4.03748943261802 -5.64050250999785
2024-05-24T23:03:06.000 -3536.676788795450 -5490.811387533540 1856.097909139410 3.27371925538672 -4.02350439329547 -5.64526312717235
2024-05-24T23:03:08.000 -3530.120340160920 -5498.844394157730 1844.802646307720 3.28272659664997 -4.00949881344103 -5.64999489409603
2024-05-24T23:03:10.000 -3523.545893554280 -5506.849369141390 1833.497948812850 3.29171721977756 -3.99547276471691 -5.65469778629145
2024-05-24T23:03:12.000 -3516.953482458030 -5514.826271618530 1822.183874428600 3.30069107857093 -3.98142631889610 -5.65937177942232
2024-05-24T23:03:14.000 -3510.343140446970 -5522.775060866820 1810.860480977340 3.30964812691281 -3.96735954786258 -5.66401684929385
2024-05-24T23:03:16.000 -3503.714901188040 -5530.695696307830 1799.527826329640 3.31858831876757 -3.95327252361160 -5.66863297185327
2024-05-24T23:03:18.000 -3497.068798440190 -5538.588137507190 1788.185968404070 3.32751160818154 -3.93916531824991 -5.67322012319024
2024-05-24T23:03:20.000 -3490.404866054190 -5546.452344174900 1776.834965166880 3.33641794928333 -3.92503800399593 -5.67777827953742
2024-05-24T23:03:22.000 -3483.723137972460 -5554.288276165470 1765.474874631670 3.34530729628425 -3.91089065317987 -5.68230741727097
2024-05-24T23:03:24.000 -3477.023648228930 -5562.095893478200 1754.105754859190 3.35417960347872 -3.89672333824388 -5.68680751291111
2024-05-24T23:03:26.000 -3470.306430948830 -5569.875156257400 1742.727663956980 3.36303482524464 -3.88253613174212 -5.69127854312271
2024-05-24T23:03:28.000 -3463.571520348590 -5577.626024792570 1731.340660079120 3.37187291604389 -3.86832910634073 -5.69572048471583
2024-05-24T23:03:30.000 -3456.818950735610 -5585.348459518680 1719.944801425900 3.38069383042277 -3.85410233481787 -5.70013331464638
2024-05-24T23:03:32.000 -3450.048756508100 -5593.042421016350 1708.540146243570 3.38949752301247 -3.83985589006364 -5.70451701001667
2024-05-24T23:03:34.000 -3443.260972154940 -5600.707870012110 1697.126752824040 3.39828394852959 -3.82558984507997 -5.70887154807610
2024-05-24T23:03:36.000 -3436.455632255490 -5608.344767378590 1685.704679504550 3.40705306177662 -3.81130427298048 -5.71319690622173
2024-05-24T23:03:38.000 -3429.632771479420 -5615.953074134770 1674.273984667400 3.41580481764246 -3.79699924699025 -5.71749306199890
2024-05-24T23:03:40.000 -3422.792424586530 -5623.532751446180 1662.834726739670 3.42453917110296 -3.78267484044565 -5.72175999310191
2024-05-24T23:03:42.000 -3415.934626426580 -5631.083760625140 1651.386964192890 3.43325607722146 -3.76833112679398 -5.72599767737459
2024-05-24T23:03:44.000 -3409.059411939110 -5638.606063130990 1639.930755542730 3.44195549114928 -3.75396817959317 -5.73020609281092
2024-05-24T23:03:46.000 -3402.166816153280 -5646.099620570260 1628.466159348770 3.45063736812632 -3.73958607251142 -5.73438521755568
2024-05-24T23:03:48.000 -3395.256874187680 -5653.564394696960 1616.993234214110 3.45930166348157 -3.72518487932673 -5.73853502990498
2024-05-24T23:03:50.000 -3388.329621250160 -5661.000347412760 1605.512038785120 3.46794833263364 -3.71076467392653 -5.74265550830689
2024-05-24T23:03:52.000 -3381.385092637610 -5668.407440767190 1594.022631751120 3.47657733109135 -3.69632553030708 -5.74674663136200
2024-05-24T23:03:54.000 -3374.423323735860 -5675.785636957900 1582.525071844070 3.48518861445419 -3.68186752257300 -5.75080837782394
2024-05-24T23:03:56.000 -3367.444350019400 -5683.134898330880 1571.019417838280 3.49378213841289 -3.66739072493669 -5.75484072659995
2024-05-24T23:03:58.000 -3360.448207051290 -5690.455187380590 1559.505728550090 3.50235785874995 -3.65289521171768 -5.75884365675137
2024-05-24T23:04:00.000 -3353.434930482900 -5697.746466750310 1547.984062837550 3.51091573134011 -3.63838105734204 -5.76281714749412
2024-05-24T23:04:02.000 -3346.404556053780 -5705.008699232210 1536.454479600140 3.51945571215087 -3.62384833634168 -5.76676117819917
2024-05-24T23:04:04.000 -3339.357119591450 -5712.241847767680 1524.917037778440 3.52797775724297 -3.60929712335365 -5.77067572839297
2024-05-24T23:04:06.000 -3332.292657011190 -5719.445875447460 1513.371796353790 3.53648182277084 -3.59472749311944 -5.77456077775787
2024-05-24T23:04:08.000 -3325.211204315910 -5726.620745511890 1501.818814348070 3.54496786498311 -3.58013952048419 -5.77841630613252
2024-05-24T23:04:10.000 -3318.112797595910 -5733.766421351090 1490.258150823260 3.55343584022296 -3.56553328039600 -5.78224229351217
2024-05-24T23:04:12.000 -3310.997473028710 -5740.882866505200 1478.689864881250 3.56188570492861 -3.55090884790506 -5.78603872004908
2024-05-24T23:04:14.000 -3303.865266878860 -5747.970044664540 1467.114015663430 3.57031741563371 -3.53626629816291 -5.78980556605273
2024-05-24T23:04:16.000 -3296.716215497760 -5755.027919669850 1455.530662350420 3.57873092896767 -3.52160570642163 -5.79354281199017
2024-05-24T23:04:18.000 -3289.550355323430 -5762.056455512460 1443.939864161760 3.58712620165607 -3.50692714803300 -5.79725043848621
2024-05-24T23:04:20.000 -3282.367722880350 -5769.055616334520 1432.341680355590 3.59550319052102 -3.49223069844769 -5.80092842632365
2024-05-24T23:04:22.000 -3275.168354779280 -5776.025366429150 1420.736170228290 3.60386185248139 -3.47751643321446 -5.80457675644349
2024-05-24T23:04:24.000 -3267.952287717020 -5782.965670240700 1409.123393114230 3.61220214455320 -3.46278442797930 -5.80819540994504
2024-05-24T23:04:26.000 -3260.719558476250 -5789.876492364890 1397.503408385420 3.62052402384987 -3.44803475848464 -5.81178436808610
2024-05-24T23:04:28.000 -3253.470203925330 -5796.757797549030 1385.876275451180 3.62882744758244 -3.43326750056851 -5.81534361228305
2024-05-24T23:04:30.000 -3246.204261018100 -5803.609550692170 1374.242053757870 3.63711237305986 -3.41848273016376 -5.81887312411090
2024-05-24T23:04:32.000 -3238.921766793660 -5810.431716845370 1362.600802788500 3.64537875768916 -3.40368052329726 -5.82237288530343
2024-05-24T23:04:34.000 -3231.622758376240 -5817.224261211800 1350.952582062480 3.65362655897568 -3.38886095608909 -5.82584287775313
2024-05-24T23:04:36.000 -3224.307272974920 -5823.987149146970 1339.297451135280 3.66185573452323 -3.37402410475184 -5.82928308351128
2024-05-24T23:04:38.000 -3216.975347883500 -5830.720346158920 1327.635469598100 3.67006624203426 -3.35917004558976 -5.83269348478796
2024-05-24T23:04:40.000 -3209.627020480270 -5837.423817908380 1315.966697077540 3.67825803930999 -3.34429885499814 -5.83607406395195
2024-05-24T23:04:42.000 -3202.262328227820 -5844.097530208950 1304.291193235350 3.68643108425051 -3.32941060946251 -5.83942480353079
2024-05-24T23:04:44.000 -3194.881308672830 -5850.741449027310 1292.609017768020 3.69458533485496 -3.31450538555803 -5.84274568621066
2024-05-24T23:04:46.000 -3187.483999445900 -5857.355540483380 1280.920230406550 3.70272074922157 -3.29958325994876 -5.84603669483638
2024-05-24T23:04:48.000 -3180.070438261310 -5863.939770850470 1269.224890916050 3.71083728554772 -3.28464430938706 -5.84929781241126
2024-05-24T23:04:50.000 -3172.640662916870 -5870.494106555510 1257.523059095500 3.71893490213009 -3.26968861071298 -5.85252902209710
2024-05-24T23:04:52.000 -3165.194711293690 -5877.018514179200 1245.814794777380 3.72701355736465 -3.25471624085367 -5.85573030721406
2024-05-24T23:04:54.000 -3157.732621355980 -5883.512960456150 1234.100157827370 3.73507320974675 -3.23972727682282 -5.85890165124059
2024-05-24T23:04:56.000 -3150.254431150880 -5889.977412275100 1222.379208144050 3.74311381787113 -3.22472179572011 -5.86204303781330
2024-05-24T23:04:58.000 -3142.760178808210 -5896.411836679100 1210.652005658560 3.75113534043201 -3.20969987473075 -5.86515445072692
2024-05-24T23:05:00.000 -3135.249902540330 -5902.816200865610 1198.918610334290 3.75913773622306 -3.19466159112499 -5.86823587393417
2024-05-24T23:05:02.000 -3127.723640641900 -5909.190472186760 1187.179082166560 3.76712096413749 -3.17960702225765 -5.87128729154570
2024-05-24T23:05:04.000 -3120.181431489710 -5915.534618149430 1175.433481182330 3.77508498316805 -3.16453624556775 -5.87430868782998
2024-05-24T23:05:06.000 -3112.623313542430 -5921.848606415490 1163.681867439840 3.78302975240709 -3.14944933857807 -5.87730004721322
2024-05-24T23:05:08.000 -3105.049325340480 -5928.132404801940 1151.924301028360 3.79095523104653 -3.13434637889480 -5.88026135427934
2024-05-24T23:05:10.000 -3097.459505505780 -5934.385981281070 1140.160842067780 3.79886137837800 -3.11922744420721 -5.88319259376988
2024-05-24T23:05:12.000 -3089.853892741580 -5940.609303980610 1128.391550708400 3.80674815379280 -3.10409261228733 -5.88609375058395
2024-05-24T23:05:14.000 -3082.232525832230 -5946.802341183960 1116.616487130530 3.81461551678197 -3.08894196098964 -5.88896480977821
2024-05-24T23:05:16.000 -3074.595443643010 -5952.965061330280 1104.835711544220 3.82246342693638 -3.07377556825080 -5.89180575656687
2024-05-24T23:05:18.000 -3066.942685119920 -5959.097433014680 1093.049284188950 3.83029184394677 -3.05859351208940 -5.89461657632161
2024-05-24T23:05:20.000 -3059.274289289460 -5965.199424988420 1081.257265333280 3.83810072760385 -3.04339587060574 -5.89739725457168
2024-05-24T23:05:22.000 -3051.590295258480 -5971.271006159010 1069.459715274550 3.84589003779838 -3.02818272198155 -5.90014777700387
2024-05-24T23:05:24.000 -3043.890742213920 -5977.312145590420 1057.656694338580 3.85365973452126 -3.01295414447985 -5.90286812946257
2024-05-24T23:05:26.000 -3036.175669422650 -5983.322812503240 1045.848262879350 3.86140977786371 -2.99771021644470 -5.90555829794985
2024-05-24T23:05:28.000 -3028.445116231260 -5989.302976274800 1034.034481278660 3.86914012801733 -2.98245101630105 -5.90821826862549
2024-05-24T23:05:30.000 -3020.699122065850 -5995.252606439370 1022.215409945850 3.87685074527432 -2.96717662255451 -5.91084802780714
2024-05-24T23:05:32.000 -3012.937726431830 -6001.171672688330 1010.391109317450 3.88454159002761 -2.95188711379124 -5.91344756197040
2024-05-24T23:05:34.000 -3005.160968913750 -6007.060144870300 998.561639856892 3.89221262277105 -2.93658256867772 -5.91601685774899
2024-05-24T23:05:36.000 -2997.368889175030 -6012.917992991310 986.727062054184 3.89986380409963 -2.92126306596061 -5.91855590193484
2024-05-24T23:05:38.000 -2989.561526957830 -6018.745187214960 974.887436425584 3.90749509470972 -2.90592868446653 -5.92106468147836
2024-05-24T23:05:40.000 -2981.738922082800 -6024.541697862590 963.042823513296 3.91510645539927 -2.89057950310196 -5.92354318348853
2024-05-24T23:05:42.000 -2973.901114448910 -6030.307495413440 951.193283885144 3.92269784706811 -2.87521560085296 -5.92599139523320
2024-05-24T23:05:44.000 -2966.048144033210 -6036.042550504790 939.338878134259 3.93026923071819 -2.85983705678506 -5.92840930413923
2024-05-24T23:05:46.000 -2958.180050890650 -6041.746833932130 927.479666878759 3.93782056745394 -2.84444395004297 -5.93079689779282
2024-05-24T23:05:48.000 -2950.296875153870 -6047.420316649330 915.615710761429 3.94535181848254 -2.82903635985044 -5.93315416393967
2024-05-24T23:05:50.000 -2942.398657032990 -6053.062969768760 903.747070449405 3.95286294511427 -2.81361436550998 -5.93548109048533
2024-05-24T23:05:52.000 -2934.485436815410 -6058.674764561520 891.873806633848 3.96035390876288 -2.79817804640259 -5.93777766549544
2024-05-24T23:05:54.000 -2926.557254865580 -6064.255672457500 879.995980029633 3.96782467094592 -2.78272748198756 -5.94004387719600
2024-05-24T23:05:56.000 -2918.614151624850 -6069.805665045620 868.113651375017 3.97527519328518 -2.76726275180210 -5.94227971397374
2024-05-24T23:05:58.000 -2910.656167611190 -6075.324714073940 856.226881431325 3.98270543750707 -2.75178393546106 -5.94448516437635
2024-05-24T23:06:00.000 -2902.683343419020 -6080.812791449820 844.335730982626 3.99011536544302 -2.73629111265662 -5.94666021711284
2024-05-24T23:06:02.000 -2894.695719718990 -6086.269869240100 832.440260835407 3.99750493902993 -2.72078436315787 -5.94880486105387
2024-05-24T23:06:04.000 -2886.693337257770 -6091.695919671220 820.540531818256 4.00487412031063 -2.70526376681047 -5.95091908523202
2024-05-24T23:06:06.000 -2878.676236857850 -6097.090915129390 808.636604781528 4.01222287143430 -2.68972940353619 -5.95300287884217
2024-05-24T23:06:08.000 -2870.644459417300 -6102.454828160740 796.728540597031 4.01955115465694 -2.67418135333251 -5.95505623124178
2024-05-24T23:06:10.000 -2862.598045909580 -6107.787631471480 784.816400157691 4.02685893234188 -2.65861969627211 -5.95707913195124
2024-05-24T23:06:12.000 -2854.537037383320 -6113.089297928020 772.900244377234 4.03414616696022 -2.64304451250241 -5.95907157065418
2024-05-24T23:06:14.000 -2846.461474962070 -6118.359800557160 760.980134189851 4.04141282109131 -2.62745588224497 -5.96103353719776
2024-05-24T23:06:16.000 -2838.371399844150 -6123.599112546210 749.056130549879 4.04865885742329 -2.61185388579501 -5.96296502159300
2024-05-24T23:06:18.000 -2830.266853302380 -6128.807207243130 737.128294431465 4.05588423875353 -2.59623860352076 -5.96486601401506
2024-05-24T23:06:20.000 -2822.147876683870 -6133.984058156700 725.196686828244 4.06308892798915 -2.58061011586286 -5.96673650480352
2024-05-24T23:06:22.000 -2814.014511409810 -6139.129638956660 713.261368753007 4.07027288814749 -2.56496850333371 -5.96857648446267
2024-05-24T23:06:24.000 -2805.866798975250 -6144.243923473840 701.322401237371 4.07743608235663 -2.54931384651681 -5.97038594366172
2024-05-24T23:06:26.000 -2797.704780948860 -6149.326885700300 689.379845331448 4.08457847385586 -2.53364622606602 -5.97216487323511
2024-05-24T23:06:28.000 -2789.528498972740 -6154.378499789500 677.433762103518 4.09170002599613 -2.51796572270485 -5.97391326418265
2024-05-24T23:06:30.000 -2781.337994762140 -6159.398740056380 665.484212639695 4.09880070224059 -2.50227241722571 -5.97563110766978
2024-05-24T23:06:32.000 -2773.133310105320 -6164.387580977560 653.531258043595 4.10588046616498 -2.48656639048911 -5.97731839502776
2024-05-24T23:06:34.000 -2764.914486863240 -6169.344997191450 641.574959436009 4.11293928145813 -2.47084772342287 -5.97897511775377
2024-05-24T23:06:36.000 -2756.681566969380 -6174.270963498360 629.615377954563 4.11997711192240 -2.45511649702131 -5.98060126751112
2024-05-24T23:06:38.000 -2748.434592429500 -6179.165454860680 617.652574753394 4.12699392147409 -2.43937279234435 -5.98219683612930
2024-05-24T23:06:40.000 -2740.173605321410 -6184.028446402970 605.686611002812 4.13398967414384 -2.42361669051673 -5.98376181560415
2024-05-24T23:06:42.000 -2731.898647794750 -6188.859913412100 593.717547888969 4.14096433407708 -2.40784827272704 -5.98529619809785
2024-05-24T23:06:44.000 -2723.609762070750 -6193.659831337400 581.745446613526 4.14791786553436 -2.39206762022693 -5.98679997593899
2024-05-24T23:06:46.000 -2715.306990442010 -6198.428175790740 569.770368393321 4.15485023289174 -2.37627481433009 -5.98827314162263
2024-05-24T23:06:48.000 -2706.990375272260 -6203.164922546710 557.792374460036 4.16176140064111 -2.36046993641145 -5.98971568781022
2024-05-24T23:06:50.000 -2698.659958996120 -6207.870047542660 545.811526059863 4.16865133339055 -2.34465306790619 -5.99112760732959
2024-05-24T23:06:52.000 -2690.315784118880 -6212.543526878930 533.827884453171 4.17551999586459 -2.32882429030882 -5.99250889317490
2024-05-24T23:06:54.000 -2681.957893216280 -6217.185336818870 521.841510914176 4.18236735290452 -2.31298368517229 -5.99385953850654
2024-05-24T23:06:56.000 -2673.586328934250 -6221.795453789000 509.852466730607 4.18919336946864 -2.29713133410700 -5.99517953665101
2024-05-24T23:06:58.000 -2665.201133988680 -6226.373854379130 497.860813203372 4.19599801063249 -2.28126731877994 -5.99646888110078
2024-05-24T23:06:58.543 -2662.922206437590 -6227.611412653300 494.604636916841 4.19784177660666 -2.27695823597397 -5.99681364624493
2024-05-24T23:10:58.543 -1570.593165183280 -6540.274409972850 -945.131536124372 4.84909800486078 -0.31282227024218 -5.92732901312616
2024-05-24T23:14:58.543 -363.742059338372 -6376.078824479540 -2315.779274032270 5.14641173581649 1.67236494206243 -5.42475933009759
2024-05-24T23:18:58.543 869.616709951731 -5747.512463667010 -3517.318583789070 5.06880760079460 3.53323282914910 -4.52693995673295
2024-05-24T23:22:58.543 2039.754444957270 -4700.941978394770 -4462.360913255160 4.62296429932466 5.13457988741556 -3.30053735104969
2024-05-24T23:26:58.543 3061.784766471230 -3312.974926020660 -5082.449532397200 3.84222751560947 6.36109925011828 -1.83559465519413
2024-05-24T23:30:58.543 3861.746054890840 -1684.696547574200 -5332.858637540500 2.78367188022197 7.12521344059356 -0.23860124850416
2024-05-24T23:34:58.543 4381.803693290810 65.693798907664 -5195.638114856180 1.52379335718296 7.37263508767466 1.37511186147526
2024-05-24T23:38:58.543 4584.283407407960 1811.316945869140 -4680.787102066190 0.15314324521196 7.08568131048023 2.88927516172828
2024-05-24T23:42:58.543 4454.334165498760 3425.579248000560 -3825.543563294050 -1.22969018308745 6.28444690688892 4.19444800899242
2024-05-24T23:46:58.543 4001.068735196270 4791.175641073920 -2691.834393640630 -2.52474983210258 5.02588999659039 5.19555959016801
2024-05-24T23:50:58.543 3257.057719870790 5808.581794465110 -1361.967556478780 -3.63769124239714 3.40045776681450 5.81892722241660
2024-05-24T23:54:58.543 2276.128388280860 6403.435228484860 67.236306669169 -4.48688661238949 1.52614883044961 6.01816530353656
2024-05-24T23:58:58.543 1129.515815921350 6532.144559079240 1491.518873207670 -5.00984196472157 -0.46022696444177 5.77808954453193
2024-05-25T00:02:58.543 -99.342328016783 6185.199533510460 2806.878559638060 -5.16803978730097 -2.41327573133279 5.11605389583827
2024-05-25T00:06:58.543 -1320.967324759220 5387.901144046100 3917.283250540770 -4.94996705513308 -4.19016980174294 4.08066798550901
2024-05-25T00:10:58.543 -2446.444830913530 4198.424203548660 4741.748242605240 -4.37175012860672 -5.66150279857662 2.74785739459405
2024-05-25T00:14:58.543 -3393.911468929170 2703.442817730820 5220.201070196410 -3.47560092530070 -6.72055313077737 1.21485898379591
2024-05-25T00:18:58.543 -4094.453901148630 1011.773460087200 5317.771455667750 -2.32656603648479 -7.29060895870068 -0.40679732269943
2024-05-25T00:22:58.543 -4497.048288673890 -753.515776933549 5027.272196821990 -1.00775928301019 -7.33026090437568 -1.99934307019893
2024-05-25T00:26:58.543 -4572.215215928240 -2463.938728374320 4369.710262439190 0.38538538198777 -6.83604586037450 -3.44693058957282
2024-05-25T00:30:58.543 -4314.224746991530 -3994.820565924210 3392.858243343120 1.75155505220014 -5.84309996813773 -4.64370057014340
2024-05-25T00:34:58.543 -3741.642499122890 -5234.392196589280 2167.910651383750 2.99085822187985 -4.42328430730309 -5.50159174092519
2024-05-25T00:38:58.543 -2896.082167895030 -6092.075410389070 784.356512233136 4.01232883393159 -2.68027331092633 -5.95720683966833
2024-05-25T00:42:58.543 -1839.217262490490 -6505.274130688190 -656.588602245999 4.74088113101044 -0.74213150196670 -5.97692420307148
2024-05-25T00:46:58.543 -648.219163529299 -6444.085032382000 -2049.528234301690 5.12330877889875 1.24857003008938 -5.55975181965356
2024-05-25T00:50:58.543 590.021183932522 -5913.449715861730 -3292.759420122640 5.13229643751898 3.14591710703661 -4.73720648412391
2024-05-25T00:54:58.543 1785.362642385410 -4952.612867242140 -4295.791329051200 4.76819023570800 4.81177397028719 -3.57053961002988
2024-05-25T00:58:58.543 2851.037240900870 -3631.998035674590 -4985.907330418190 4.05846663331165 6.12600493346254 -2.14558527887234
2024-05-25T01:02:58.543 3709.886226400680 -2047.868005898170 -5313.281623017540 3.05517771968407 6.99460306732016 -0.56609292847756
2024-05-25T01:06:58.543 4299.805253859820 -315.279538258659 -5254.396187639000 1.83094437394055 7.35577644276827 1.05375726338658
2024-05-25T01:10:58.543 4578.084137966680 1440.149936474690 -4813.605536876000 0.47383894630257 7.18378188963727 2.59719269981367
2024-05-25T01:14:58.543 4524.416358337970 3091.141457037440 -4022.807879228820 -0.91856048635659 6.49060741773857 3.95275968069779
2024-05-25T01:18:58.543 4142.402671374530 4517.787317392050 -2939.243433637230 -2.24574393982900 5.32540999275712 5.02195908358714
2024-05-25T01:22:58.543 3459.427433836760 5616.178944702300 -1641.528497769160 -3.41119709669725 3.77170241877152 5.72627335099648
2024-05-25T01:26:58.543 2524.845256479480 6306.071687250600 -224.092691822669 -4.32953112426952 1.94204463165767 6.01336311868400
2024-05-25T01:30:58.543 1406.490454535450 6536.936732081330 1209.686118697370 -4.93316988674105 -0.03004763557694 5.86154863143997
2024-05-25T01:34:58.543 185.724624196296 6291.800718646130 2555.120008712600 -5.17769314087288 -2.00024895839559 5.28167055351091
2024-05-25T01:38:58.543 -1048.568321442030 5588.527502628840 3713.970626929330 -5.04522318100220 -3.82444484320126 4.31627792989460
2024-05-25T01:42:58.543 -2206.538414697470 4478.442579229660 4601.699521703600 -4.54559916860483 -5.36965091093375 3.03621940318728
2024-05-25T01:46:58.543 -3203.944193714010 3042.464234553070 5153.622614418370 -3.71537863040250 -6.52370585074823 1.53502116906104
2024-05-25T01:50:58.543 -3968.247846524760 1385.132034364790 5329.534018128510 -2.61490229147915 -7.20305304701817 -0.07810680581392
2024-05-25T01:54:58.543 -4443.812448751880 -372.976817414470 5116.550560115310 -1.32382729499801 -7.35836141961266 -1.68600283745941
2024-05-25T01:58:58.543 -4595.889657959040 -2103.920509523110 4530.048407677340 0.06444240035123 -6.97794851919901 -3.17173432523297
2024-05-25T02:02:58.543 -4413.166589541090 -3681.586581205700 3612.615051936020 1.44912337335029 -6.08872104687995 -4.42680492358866
2024-05-25T02:06:58.543 -3908.702726075320 -4990.843586187500 2431.073164152270 2.72913654187332 -4.75481875724850 -5.35902037074677
2024-05-25T02:10:58.543 -3119.107983506150 -5936.034104469350 1071.699396143000 3.81055260417184 -3.07347649517299 -5.89953508617659
2024-05-25T02:14:58.543 -2101.939229663440 -6448.141365744530 -366.086186300192 4.61388980325210 -1.16807193622011 -6.00841415974295
2024-05-25T02:18:58.543 -931.460288373742 -6489.984371185620 -1777.104703178150 5.08033434660563 0.82119787316727 -5.67796138746275
2024-05-25T02:22:58.543 306.909248083705 -6058.949337526770 -3058.287959817100 5.17630726956067 2.74836575208931 -4.93328761432070
2024-05-25T02:26:58.543 1522.972389385440 -5187.021652973900 -4116.321679589750 4.89576862646772 4.47291053572371 -3.82996824503784
2024-05-25T02:30:58.543 2628.404836479920 -3938.197483495650 -4874.438192533630 4.26016437483715 5.87021462608970 -2.44936401768876
2024-05-25T02:34:58.543 3543.132516516850 -2403.587636810530 -5277.857122717810 3.31629947737358 6.84019740557112 -0.89216744824009
2024-05-25T02:38:58.543 4200.998295253740 -694.710263918514 -5297.554449644070 2.13261871862280 7.31377679963169 0.72894177623718
2024-05-25T02:42:58.543 4554.390476809750 1064.512868936500 -4932.211518661080 0.79432389062272 7.25720944142089 2.29708904454992
2024-05-25T02:46:58.543 4577.589897319290 2746.538765873510 -4208.275962556160 -0.60236526655863 6.67425981021550 3.69906683362863
2024-05-25T02:50:58.543 4268.649423580840 4229.257722796060 -3178.141202862090 -1.95671003475667 5.60623608673471 4.83315100814157
2024-05-25T02:54:58.543 3649.644823406500 5404.754486051880 -1916.504363547390 -3.17042730779022 4.12951638304435 5.61631451838377
2024-05-25T02:58:58.543 2765.239602576380 6187.204029349750 -515.109503839336 -4.15475077333800 2.35080162268617 5.99049520135002
2024-05-25T03:02:58.543 1679.571402145870 6519.313323196520 923.872595200120 -4.83723665850970 0.39971160875187 5.92751174121432
2024-05-25T03:06:58.543 471.604985096107 6376.695107932550 2295.377487886980 -5.16761154175436 -1.58094079501687 5.43162359197061
2024-05-25T03:10:58.543 -770.702243094845 5769.718133165820 3499.249650941610 -5.12167381421846 -3.44619097065032 4.53919284006142
2024-05-25T03:14:58.543 -1956.904599704330 4742.693206871490 4447.644997777900 -4.70297377915938 -5.05995353410886 3.31575255712638
2024-05-25T03:18:58.543 -3000.697255413730 3370.509297913860 5071.441344204220 -3.94219569072402 -6.30501301497115 1.85076834721011
2024-05-25T03:22:58.543 -3826.163063759400 1753.088207852500 5325.199563544390 -2.89466686550446 -7.09117382677235 0.25092616937343
2024-05-25T03:26:58.543 -4373.228697048140 8.116238237198 5190.391558863020 -1.63628662498036 -7.36144559277596 -1.36755326508526
2024-05-25T03:30:58.543 -4601.972251253740 -1737.432856879620 4676.708674544560 -0.25810243840676 -7.09585472573322 -2.88706921509670
2024-05-25T03:34:58.543 -4495.526099403220 -3356.414574274240 3821.425348369370 1.13991433069299 -6.31303142869076 -4.19674553262307
2024-05-25T03:38:58.543 -4061.397038819290 -4730.723312890220 2686.804814654550 2.45582396324757 -5.06930656325508 -5.20049071418741
2024-05-25T03:42:58.543 -3331.047448105020 -5759.976315614450 1355.662681555620 3.59320244386245 -3.45520086471161 -5.82426297155820
2024-05-25T03:46:58.543 -2357.680711033810 -6369.002649846360 -74.669733427621 4.46847480977714 -1.58902084344221 -6.02195704608232
2024-05-25T03:50:58.543 -1212.346731253070 -6513.500404159350 -1499.553584643740 5.01748127855946 0.39196092359496 -5.77922332258650
2024-05-25T03:54:58.543 21.355423866130 -6183.324908040340 -2814.865475634640 5.20047405875516 2.34225229237594 -5.11464770455527
2024-05-25T03:58:58.543 1253.528580940860 -5403.104102620340 -3924.745233539950 5.00499610509913 4.11944741788352 -4.07798079299221
2024-05-25T04:02:58.543 2394.627123438790 -4230.192780073980 -4748.601590865020 4.44631689202332 5.59487780249937 -2.74582873743268
2024-05-25T04:06:58.543 3361.953445813300 -2750.253176333890 -5226.858074554050 3.56580402956852 6.66268101269526 -1.21556290443552
2024-05-25T04:10:58.543 4085.537657994930 -1070.894563681170 -5325.074145823920 2.42745376607896 7.24678365361053 0.40197934954818
2024-05-25T04:14:58.543 4513.029870912760 686.078631205409 -5036.262387432560 1.11325657322517 7.30558073054559 1.99015906221947
2024-05-25T04:18:58.543 4613.371742143780 2393.303302586500 -4381.339069134300 -0.28234485873708 6.83462797992695 3.43440384920485
2024-05-25T04:22:58.543 4379.040729336460 3926.880828026050 -3407.685580168940 -1.65876673678468 5.86714404973012 4.63001582621013
2024-05-25T04:26:58.543 3826.701548642050 5175.256015450160 -2185.877020038270 -2.91623388463186 4.47226135832301 5.48961279888772
2024-05-25T04:30:58.543 2996.146896114340 6047.353838906860 -804.706973340501 -3.96296968364123 2.75055079216828 5.94973481940798
2024-05-25T04:34:58.543 1947.544787232690 6479.345955429740 635.186260667034 -4.72204975939611 0.82719089264044 5.97582568194753
2024-05-25T04:38:58.543 757.122863650697 6439.519894009090 2028.684666280110 -5.13749037818338 -1.15708268041158 5.56545175704469
2024-05-25T04:42:58.543 -488.444304448999 5930.713967983970 3274.009803047120 -5.17877626860124 -3.05698029175104 4.74866333258529
2024-05-25T04:46:58.543 -1698.450315208780 4990.067623285220 4280.261475824280 -4.84300425136546 -4.73372425506834 3.58545257403473
2024-05-25T04:50:58.543 -2784.831579587070 3686.202498995440 4974.077926149700 -4.15490243456727 -6.06537169918066 2.16100305903993
2024-05-25T04:54:58.543 -3668.570543541210 2114.100300265890 5304.918287307570 -3.16461199276000 -6.95545468897897 0.57911957596147
2024-05-25T04:58:58.543 -4285.364274718500 388.167395170943 5248.648535911980 -1.94387129798688 -7.33946908743409 -1.04524147438564
2024-05-25T05:02:58.543 -4590.234538233870 -1366.006058671300 4809.263376400750 -0.58104805643576 -7.18928947918021 -2.59401979732928
2024-05-25T05:06:58.543 -4560.792543950920 -3020.677377993170 4018.627419894300 0.82508016507872 -6.51521179239768 -3.95437770994916
2024-05-25T05:10:58.543 -4198.937459634810 -4455.170374276510 2934.267473481590 2.17207349141991 -5.36559957919382 -5.02661260945470
2024-05-25T05:14:58.543 -3530.845450183620 -5564.724344582140 1635.296175687440 3.36133957964900 -3.82396158225873 -5.73171297418474
2024-05-25T05:18:58.543 -2605.150866497240 -6268.282395085980 216.672047179001 4.30551200820831 -2.00316177251331 -6.01753208616075
2024-05-25T05:22:58.543 -1489.415896900130 -6514.594083447080 -1217.814060756620 4.93527781854979 -0.03711741865157 -5.86315085553596
2024-05-25T05:26:58.543 -265.104528427351 -6286.040778633830 -2563.299339658930 5.20486342347291 1.92966796488823 -5.28057650831537
2024-05-25T05:30:58.543 978.522380149399 -5599.834273270490 -3721.659631743590 5.09543311672627 3.75333568500665 -4.31354735029163
2024-05-25T05:34:58.543 2151.036139102220 -4506.525720209050 -4608.719399243970 4.61605410495650 5.30163940064221 -3.03372179858635
2024-05-25T05:38:58.543 3167.422364953830 -3086.051606512450 -5160.277853185560 3.80239438583018 6.46333984146978 -1.53479964876330
2024-05-25T05:42:58.543 3954.135314763640 -1441.774055806430 -5336.577032288140 2.71375413100334 7.15553028543809 0.07445700882344
2024-05-25T05:46:58.543 4454.271442563240 307.004617156742 -5125.000524053400 1.42866541103744 7.32896943346839 1.67795259325124
2024-05-25T05:50:58.543 4631.544099308090 2033.523188474650 -4540.890265137410 0.03945453850770 6.97107228174002 3.16009198474554
2024-05-25T05:54:58.543 4472.880069841910 3612.523638805310 -3626.493554703970 -1.35384875261100 6.10695428525456 4.41355082045144
2024-05-25T05:58:58.543 3989.456454295550 4929.200521894970 -2448.058995042000 -2.65036438534499 4.79818154838743 5.34685399146433
2024-05-25T06:02:58.543 3216.048125562160 5887.551030028570 -1091.196294265760 -3.75554782758176 3.13904364404914 5.89120009335123
2024-05-25T06:06:58.543 2208.635893793570 6417.505207502200 345.269376764922 -4.58835989406975 1.25003878449340 6.00600675278728
2024-05-25T06:10:58.543 1040.401880422810 6480.199446301300 1756.512203429450 -5.08742326865649 -0.73085114603313 5.68223594423399
2024-05-25T06:14:58.543 -203.615183656669 6070.963455028860 3039.461900506690 -5.21600721611865 -2.65855019233313 4.94348532849326
2024-05-25T06:18:58.543 -1432.824112145750 5219.659425210160 4100.456181514430 -4.96480679560059 -4.39219299922313 3.84400639548797
2024-05-25T06:22:58.543 -2557.749357415250 3988.397815009220 4862.117560478930 -4.35232478796584 -5.80554874214833 2.46436257882728
2024-05-25T06:26:58.543 -3496.553946705070 2466.901393473870 5268.959030769300 -3.42327792428133 -6.79612116538359 0.90525014865600
2024-05-25T06:30:58.543 -4180.944198460500 765.913418779086 5291.335047398820 -2.24509161776806 -7.29221568943697 -0.71998975476890
2024-05-25T06:34:58.543 -4561.051254176380 -990.807447465614 4927.525171964250 -0.90298293122240 -7.25765586443525 -2.29332484638288
2024-05-25T06:38:58.543 -4609.030191815030 -2675.361493967370 4203.890431485520 0.50577753245209 -6.69438528035584 -3.70016102215954
2024-05-25T06:42:58.543 -4321.148532645530 -4164.942805692380 3173.054574526190 1.87872368515303 -5.64270333632328 -4.83755655836446
2024-05-25T06:46:58.543 -3718.165012799920 -5350.801133117620 1910.186340219570 3.11546512067844 -4.17883265954593 -5.62178166892556
2024-05-25T06:50:58.543 -2843.931312069190 -6146.306791873590 507.571920506066 4.12518882368242 -2.40979339264873 -5.99487642829546
2024-05-25T06:54:58.543 -1762.230897603170 -6493.455969863190 -932.179690989005 4.83371697597155 -0.46561421123359 -5.92939517975096
2024-05-25T06:58:58.543 -552.044506848959 -6367.222276280810 -2303.795447234430 5.18941654144957 1.51074832627500 -5.43071607674890
2024-05-25T07:02:58.543 698.367234513154 -5777.323262843240 -3507.192535423510 5.16703509612703 3.37459351395075 -4.53637322550428
2024-05-25T07:06:58.543 1898.023906135420 -4767.305818503750 -4454.852029493580 4.76921889466554 4.99047264270951 -3.31278846838767
2024-05-25T07:10:58.543 2959.883707321290 -3411.115452744190 -5078.136161450440 4.02586426738494 6.24202633058076 -1.84981542632666
2024-05-25T07:14:58.543 3807.090932670210 -1807.514551399820 -5332.089059319330 2.99134584136941 7.03990303942017 -0.25371394144472
2024-05-25T07:18:58.543 4378.372873739400 -72.898343179400 -5198.483066129050 1.74037859035062 7.32729162415448 1.36029688685321
2024-05-25T07:22:58.543 4632.325294329480 1666.996669158670 -4687.039203225680 0.36287565492016 7.08357765048561 2.87587549870546
2024-05-25T07:26:58.543 4550.349081624350 3285.988026607500 -3834.742721462020 -1.04209209181559 6.32571732081843 4.18343496333476
2024-05-25T07:30:58.543 4138.063476623910 4666.425267655840 -2703.310157616200 -2.37293355240537 5.10754575350959 5.18771554078140
2024-05-25T07:34:58.543 3425.055886580660 5707.712630925810 -1374.884820162000 -3.53273281766113 3.51659559827659 5.81483859868085
2024-05-25T07:38:58.543 2462.889049377720 6333.750083085940 53.821474212725 -4.43644356958955 1.66829103999028 6.01812801013766
2024-05-25T07:42:58.543 1321.431947764130 6498.675808699940 1478.584257420240 -5.01759075661770 -0.30241111147409 5.78210656330965
2024-05-25T07:46:58.543 83.742481033626 6190.341560085170 2795.366609273820 -5.23343372553225 -2.25130912790524 5.12381092326491
2024-05-25T07:50:58.543 -1160.053535410990 5431.228480607510 3908.020522391780 -5.06819233058431 -4.03586052565723 4.09152274493631
2024-05-25T07:54:58.543 -2319.416501637590 4276.741131850910 4735.380565909740 -4.53417502610393 -5.52600374780634 2.76097933459174
2024-05-25T07:58:58.543 -3310.010693881150 2811.023882032490 5217.161979915250 -3.67037159514547 -6.61366643859370 1.22931336039233
2024-05-25T08:02:58.543 -4059.776533275360 1140.776241158140 5318.260535984490 -2.53948016508173 -7.22005922588558 -0.39202317701484
2024-05-25T08:06:58.543 -4514.108749189160 -612.476609012121 5031.245531705780 -1.22337957944669 -7.30112173287093 -1.98524468209715
2024-05-25T08:10:58.543 -4639.785512807690 -2321.123147842550 4376.889935942600 0.18264750251650 -6.85048744023554 -3.43446168919662
2024-05-25T08:14:58.543 -4427.421057360800 -3860.640403621550 3402.745893223440 1.57640159153898 -5.90020699972199 -4.63374903558639
2024-05-25T08:18:58.543 -3892.259359323930 -5118.661445713040 2179.806361756290 2.85608456307223 -4.51899826594673 -5.49491313896066
2024-05-25T08:22:58.543 -3073.179568755390 -6003.287090847200 797.407186405449 3.92779088676568 -2.80771899597125 -5.95433265602006
2024-05-25T08:26:58.543 -2029.912452643420 -6449.973001731550 -643.336230200550 4.71280655878999 -0.89203465388629 -5.97813567189210
2024-05-25T08:30:58.543 -838.626413772175 -6426.370341370350 -2037.054634103900 5.15376317750898 1.08717498648438 -5.56499250044455
2024-05-25T08:34:58.543 413.764326828592 -5934.675147430860 -3281.994721603300 5.21904008733541 2.98479739137822 -4.74612624311468
2024-05-25T08:38:58.543 1636.084702811930 -5011.291835733160 -4287.549308640200 4.90489336208560 4.66269552290504 -3.58251265985240
2024-05-25T08:42:58.543 2739.598804574860 -3723.909502886640 -4980.819176971280 4.23516446749749 5.99984164765517 -2.15973202977518
2024-05-25T08:46:58.543 3644.391672910350 -2166.367975209140 -5311.747548258740 3.25900928278529 6.90055282592996 -0.58138313966258
2024-05-25T08:50:58.543 4285.018938155040 -451.782271984898 -5256.554318547050 2.04710333290636 7.30072587371626 1.03848505816596
2024-05-25T08:54:58.543 4615.084136394210 1295.546318403880 -4819.304025995790 0.68659350881736 7.17172891910868 2.58315385509312
2024-05-25T08:58:58.543 4610.509475234780 2948.920550743320 -4031.619791390790 -0.72471033258190 6.52238741249501 3.94101488298635
2024-05-25T09:02:58.543 4271.318879371010 4388.249678210290 -2950.512998830940 -2.08491645206580 5.39867661012233 5.01333958439450
2024-05-25T09:06:58.543 3621.779769091400 5508.702569937260 -1654.432266584720 -3.29509445677567 3.88117003023520 5.72135792808867
2024-05-25T09:10:58.543 2708.810173045540 6228.442907001870 -237.690216216329 -4.26663841028899 2.07978446600494 6.01253902472869
2024-05-25T09:14:58.543 1598.661981497670 6494.766904931720 1196.391775318890 -4.92808942917880 0.12588793619462 5.86488064508718
2024-05-25T09:18:58.543 372.101561263964 6288.106267729770 2543.099029176060 -5.23075680170599 -1.83751806275708 5.28887775058124
2024-05-25T09:22:58.543 -881.553134306922 5623.519281397510 3704.090071174040 -5.15251624883625 -3.66675544724983 4.32678857256435
2024-05-25T09:26:58.543 -2071.033759560130 4549.525699623710 4594.655104392260 -4.69928945816394 -5.22838864785963 3.04920338904133
2024-05-25T09:30:58.543 -3109.805000422980 3144.441465344910 5149.901684240810 -3.90429708013723 -6.40908549753939 1.54956354377102
2024-05-25T09:34:58.543 -3922.322048133320 1510.565737193630 5329.385545311790 -2.82530241711409 -7.12339474123363 -0.06305738585044
2024-05-25T09:38:58.543 -4449.435386770410 -233.225438465903 5119.968402761600 -1.54037519096712 -7.31942707123087 -1.67150589978429
2024-05-25T09:42:58.543 -4652.647584725320 -1960.023246446030 4536.780142718830 -0.14254915997447 -6.98255540159515 -3.15877205339715
2024-05-25T09:46:58.543 -4516.941582207930 -3544.026535602820 3622.179508020510 1.26669590557146 -6.13661389550462 -4.41630765014069
2024-05-25T09:50:58.543 -4051.960553441260 -4869.660980804740 2442.779755554820 2.58455934814649 -4.84258036944132 -5.35177881290109
2024-05-25T09:54:58.543 -3291.432097852430 -5840.090684247780 1084.697315957530 3.71439519603931 -3.19476304876756 -5.89608406337953
2024-05-25T09:58:58.543 -2290.788601934180 -6384.470176909900 -352.745768431867 4.57318414466282 -1.31407392447238 -6.00903566248456
2024-05-25T10:02:58.543 -1123.084913208490 -6463.266736771150 -1764.402751576890 5.09805183263710 0.66113790161357 -5.68263054480631
2024-05-25T10:06:58.543 126.459709231248 -6071.170295405480 -3047.162661366260 5.25114195758352 2.58592714984947 -4.94167751927475
2024-05-25T10:10:58.543 1366.827565730460 -5237.323327906590 -4107.598061090660 5.02222690146423 4.31995397082157 -3.84146913014370
2024-05-25T10:14:58.543 2507.913925758310 -4022.944426638760 -4868.764708352730 4.42900361122758 5.73787957168812 -2.46312138506279
2024-05-25T10:18:58.543 3467.044877381410 -2516.639252983700 -5275.654301172130 3.51522919163623 6.73809866632847 -0.90715129238704
2024-05-25T10:22:58.543 4174.832738590680 -827.869947662325 -5298.983210225030 2.34716550573021 7.24932665980774 0.71384970629740
2024-05-25T10:26:58.543 4580.036346855280 920.901539213743 -4937.163584201480 1.00890511696765 7.23510000979878 2.28301121462033
2024-05-25T10:30:58.543 4653.169416494900 2602.894709745160 -4216.372090067980 -0.40338199162413 6.69608506395539 3.68711540621381
2024-05-25T10:34:58.543 4388.644812003110 4095.988744173310 -3188.761182442270 -1.78782223005272 5.67033565464968 4.82418776495498
2024-05-25T10:38:58.543 3805.304855268470 5291.503633144990 -1928.856693667620 -3.04392245798500 4.23122066888618 5.61091634805636
2024-05-25T10:42:58.543 2945.221310660970 6102.162821998120 -528.291970336144 -4.07980528153516 2.48275392639454 5.98901313636292
2024-05-25T10:46:58.543 1870.765727194300 6468.636002490390 910.821116924363 -4.81932544377201 0.55236742732166 5.93008516545239
2024-05-25T10:50:58.543 660.078568003135 6364.032420594000 2283.413165584380 -5.20805310962885 -1.41874953799567 5.43804479114668
2024-05-25T10:54:58.543 -598.678685257104 5795.944053395750 3489.239043863310 -5.21746383561775 -3.28628522847008 4.54894709616669
2024-05-25T10:58:58.543 -1813.846019526770 4805.856806083720 4440.301461393840 -4.84707651299764 -4.91390074650489 3.32808588247727
2024-05-25T11:02:58.543 -2897.003183581310 3465.997498010980 5067.282755580160 -4.12413296887800 -6.18332796691076 1.86482519441218
2024-05-25T11:06:58.543 -3769.377246890680 1873.951464351750 5324.525680251580 -3.10125368361643 -7.00269603344750 0.26573440993794
2024-05-25T11:10:58.543 -4367.493285566680 145.554119426509 5193.254649307960 -1.85251799145790 -7.31265117670915 -1.35306791884956
2024-05-25T11:14:58.543 -4647.713849306020 -1593.433576505950 4682.904402470600 -0.46822670131170 -7.09030502163686 -2.87394874030793
2024-05-25T11:18:58.543 -4589.426025523730 -3216.347207487760 3830.512825371860 0.95116627647788 -6.35116170242334 -4.18591057638758
2024-05-25T11:22:58.543 -4196.632693773570 -4604.811495887910 2698.135798994500 2.30222480437041 -5.14842437736808 -5.19275156197915
2024-05-25T11:26:58.543 -3497.772715553090 -5657.424140706860 1368.417983702280 3.48600118945184 -3.56955735026724 -5.82020519118945
2024-05-25T11:30:58.543 -2543.744484002690 -6297.313862335730 -61.415355579969 4.41550793218285 -1.73028338604903 -6.02188626102078
2024-05-25T11:34:58.543 -1404.188253379310 -6477.924632235160 -1486.766572451450 5.02258588001204 0.23412964789258 -5.78316534696932
2024-05-25T11:38:58.543 -162.291826299083 -6186.470098483600 -2803.480656014650 5.26322646264189 2.17938898116158 -5.12231724020300
2024-05-25T11:42:58.543 1091.435929682160 -5444.750148897040 -3915.593144532560 5.12075629965956 3.96342994376873 -4.08880093130615
2024-05-25T11:46:58.543 2265.865859585850 -4307.316117039860 -4742.345628727690 4.60661543521939 5.45705811620996 -2.75898884414203
2024-05-25T11:50:58.543 3275.864810693870 -2857.250019175610 -5223.941942176580 3.75893413547008 6.55306510695981 -1.23005916298169
2024-05-25T11:54:58.543 4048.352669883120 -1199.998335897420 -5325.690085945980 2.63936853104491 7.17329334420015 0.38722560248165
2024-05-25T11:58:58.543 4527.425429304760 544.231928807727 -5040.339746272730 1.32855860697881 7.27351907981881 1.97624520864660
2024-05-25T12:02:58.543 4678.279706309130 2248.995227440890 -4388.552880653650 -0.07927720698810 6.84630820530940 3.42234199263473
2024-05-25T12:06:58.543 4489.721321863220 3790.573805474540 -3417.479809668250 -1.48273564446298 5.92172454241696 4.62070828933776
2024-05-25T12:10:58.543 3975.075496551430 5056.823308709300 -2197.506933138020 -2.78006973383756 4.56571663649117 5.48370489434765
2024-05-25T12:14:58.543 3171.395024186310 5955.360686828670 -817.310201491354 -3.87654006956534 2.87609340045678 5.94756737536569
2024-05-25T12:18:58.543 2136.903666812980 6420.449704137470 622.528113698862 -4.69160833848563 0.97578221299339 5.97754487369060
2024-05-25T12:22:58.543 946.804107055658 6417.984903472050 2016.898223052770 -5.16526112650504 -0.99623311706003 5.57095282695940
2024-05-25T12:26:58.543 -312.251295414751 5948.087929128060 3263.959230963610 -5.26271866072458 -2.89556008638901 4.75753813434271
2024-05-25T12:30:58.543 -1548.572613601620 5045.074755793560 4272.683597980590 -4.97701336943136 -4.58345365456426 3.59705235402176
2024-05-25T12:34:58.543 -2672.178124727320 3774.835831525340 4969.525111154370 -4.32920140442509 -5.93711625892962 2.17447291594487
2024-05-25T12:38:58.543 -3601.341941850580 2229.924834318420 5303.735330461490 -3.36655100608502 -6.85849826690202 0.59357432493543
2024-05-25T12:42:58.543 -4268.471178236020 522.770172135127 5250.954631687350 -2.15884416750440 -7.28091522781489 -1.03079749760421
2024-05-25T12:46:58.543 -4624.939725108280 -1222.426628522300 4814.926591099130 -0.79342878121150 -7.17350988385548 -2.58066827914537
2024-05-25T12:50:58.543 -4644.599727364860 -2878.596318631850 4027.260658261870 0.63078463740371 -6.54340845935748 -3.94313730266279
2024-05-25T12:54:58.543 -4325.765910223790 -4324.962261160260 2945.258140328220 2.01005689048812 -5.43574368165127 -5.01833221351691
2024-05-25T12:58:58.543 -3691.470550900910 -5455.904897447630 1647.854690881460 3.24344588427769 -3.93097460153434 -5.72700983651709
2024-05-25T13:02:58.543 -2787.876169148560 -6188.816358744910 229.889539560806 4.24036726811435 -2.13926003525608 -6.01678376704866
2024-05-25T13:06:58.543 -1680.927495135260 -6470.301787196390 -1204.903498945810 4.92765389761692 -0.19232604456641 -5.86644185162940
2024-05-25T13:10:58.543 -451.445648808617 -6280.159809899540 -2551.640615573370 5.25530087957469 1.76675664348880 -5.28764440263789
2024-05-25T13:14:58.543 810.918142362400 -5632.784737572060 -3712.096411026090 5.20016713730614 3.59463359079762 -4.32382941495120
2024-05-25T13:18:58.543 2014.347330901260 -4575.895386785710 -4601.931563929070 4.76735819655934 5.15869244129184 -3.04641889860952
2024-05-25T13:22:58.543 3071.557638414040 -3186.788700767330 -5156.734182308350 3.98921331282349 6.34647941301807 -1.54897041253656
2024-05-25T13:26:58.543 3906.029311633780 -1566.558548313240 -5336.504917543870 2.92249207550844 7.07320693963266 0.05988180065009
2024-05-25T13:30:58.543 4457.384831219550 167.226720098632 -5128.367122249020 1.64415572210286 7.28710246834799 1.66404831715839
2024-05-25T13:34:58.543 4685.618770137670 1888.884044510440 -4547.410346132350 0.24605311029702 6.97266997605052 3.14787948566937
2024-05-25T13:38:58.543 4573.957909992470 3473.501238988550 -3635.650783564780 -1.17114316681502 6.15187390128898 4.40391800437861
2024-05-25T13:42:58.543 4130.163619790550 4805.862643728140 -2459.149519662970 -2.50485072626136 4.88317234632577 5.34047279027279
2024-05-25T13:46:58.543 3386.119973385160 5788.825906468100 -1103.381423844030 -3.65784953752727 3.25789848819450 5.88850455459942
2024-05-25T13:50:58.543 2395.672055884870 6350.523694399770 332.894741458745 -4.54554224005147 1.39410568266421 6.00712391040496
2024-05-25T13:54:58.543 1230.778258743830 6449.789510889140 1744.855403908650 -5.10257539772949 -0.57201630421888 5.68705946747747
2024-05-25T13:58:58.543 -23.759074711362 6079.298122058320 3029.372153216290 -5.28797800949572 -2.49647434781841 4.95164155948134
2024-05-25T14:02:58.543 -1276.569799969680 5266.105767793080 4092.667589999060 -5.08831481394023 -4.23859750874134 3.85491194645143
2024-05-25T14:06:58.543 -2436.457738474730 4069.566237648020 4857.199828489570 -4.51839867366260 -5.67155368544141 2.47723372939997
2024-05-25T14:10:58.543 -3419.048734566950 2576.888665179310 5267.274407381300 -3.61986834623991 -6.69142115681492 0.91916532150522
2024-05-25T14:14:58.543 -4152.870493024140 896.727329598462 5293.019773982150 -2.45792271853498 -7.22442019361245 -0.70598913817966
2024-05-25T14:18:58.543 -4584.469738714740 -848.678961400494 4932.483125631270 -1.11663844703325 -7.23176105043137 -2.28021471536500
2024-05-25T14:22:58.543 -4682.262640781020 -2532.278936403680 4211.788797724230 0.30686410699952 -6.71239368229256 -3.68892875571033
2024-05-25T14:26:58.543 -4438.876591228620 -4031.356623347910 3183.333159906990 1.70912079944793 -5.70334852133035 -4.82908682224983
2024-05-25T14:30:58.543 -3871.811855319920 -5236.470489241110 1922.096857722550 2.98757919966412 -4.27766177112355 -5.61673839038304
2024-05-25T14:34:58.543 -3022.295487520590 -6059.577569268180 520.240718063522 4.04836157498929 -2.53955965545098 -5.99364160692916
2024-05-25T14:38:58.543 -1952.303763362840 -6440.647441394200 -919.683274339972 4.81356724121672 -0.61677158211038 -5.93204938441192
2024-05-25T14:42:58.543 -739.967060215344 -6352.159901830760 -2292.379356163340 5.22736194040473 1.34928489758659 -5.43699938170955
2024-05-25T14:46:58.543 526.279155267983 -5801.072137088030 -3497.671113854640 5.26021888112187 3.21460926270316 -4.54577354887901
2024-05-25T14:50:58.543 1754.278155720010 -4828.102002585890 -4447.888159896040 4.91076155700591 4.84361277723460 -3.32455755161760
2024-05-25T14:54:58.543 2854.902906899410 -3504.504625379260 -5074.188201720800 4.20537802688239 6.11892002287403 -1.86301341403551
2024-05-25T14:58:58.543 3748.460207057160 -1926.692317245730 -5331.381050477320 3.19571897686730 6.94940056092856 -0.26735240120787
2024-05-25T15:02:58.543 4370.298886282110 -209.207402104317 -5201.001503229390 1.95474005816828 7.27588931018836 1.34721676817762
2024-05-25T15:06:58.543 4675.339558512650 1523.437938397550 -4692.534120874530 0.57165599689053 7.07492485478282 2.86429782820969
2024-05-25T15:10:58.543 4641.274485882540 3145.573236870580 -3842.753397391950 -0.85404686528465 6.36040741855491 4.17417224354246
2024-05-25T15:14:58.543 4270.241716319040 4539.313799400500 -2713.198215799160 -2.21930968116698 5.18302793595048 5.18142504507052
2024-05-25T15:18:58.543 3588.827724640130 5603.085461459650 -1385.885424397130 -3.42467882405835 3.62734633500143 5.81189669242083
2024-05-25T15:22:58.543 2646.301321202280 6259.157254996170 42.532110707408 -4.38183319457309 1.80629961003063 6.01866577331341
2024-05-25T15:26:58.543 1511.098171697910 6459.488339731330 1467.831138338870 -5.02039465200209 -0.14717181339108 5.78599784604460
2024-05-25T15:30:58.543 265.830909018111 6189.361957260150 2785.919494528430 -5.29337979719655 -2.09008376217084 5.13073623612103
2024-05-25T15:34:58.543 -998.806530454052 5468.493829076250 3900.553360628110 -5.18085342208751 -3.88032192619703 4.10100405004440
2024-05-25T15:38:58.543 -2190.740535845920 4349.515877047740 4730.428192819460 -4.69127199394946 -5.38741595196137 2.77232972547530
2024-05-25T15:42:58.543 -3223.255444835550 2914.010880801670 5215.082488230010 -3.86049151890825 -6.50201520411190 1.24176678398468
2024-05-25T15:46:58.543 -4021.254899490910 1266.493559590200 5319.216840004130 -2.74886381347816 -7.14345126857579 -0.37932558258229
2024-05-25T15:50:58.543 -4526.638757284710 -473.167558237027 5035.189095586640 -1.43683442876427 -7.26516283998378 -1.97319490557500
2024-05-25T15:54:58.543 -4702.480618466300 -2178.362124312560 4383.560710116670 -0.01938845602918 -6.85787375091267 -3.42392925062775
2024-05-25T15:58:58.543 -4535.744593222500 -3724.841769709920 3411.679529170590 1.40054715694844 -5.95049481596039 -4.62554276317481
2024-05-25T16:02:58.543 -4038.329910734940 -4999.750386497330 2190.367426730400 2.71931932620228 -4.60858689067408 -5.48965291650200
2024-05-25T16:06:58.543 -3246.342024672640 -5909.964239332870 808.829288598847 3.84018683952466 -2.93003947386446 -5.95246650634946
2024-05-25T16:10:58.543 -2217.520026860720 -6389.049282791440 -631.887703126455 4.68076013206112 -1.03804043057912 -5.97977149981691
2024-05-25T16:14:58.543 -1026.988790916680 -6402.274436630700 -2026.405105810990 5.17954984917289 0.92816797226073 -5.56996894887629
2024-05-25T16:18:58.543 238.377387482927 -5949.141997155580 -3272.902435131100 5.30070342253784 2.82442006530044 -4.75404097803940
2024-05-25T16:22:58.543 1486.433687866930 -5063.238322908020 -4280.648014141050 5.03636411033006 4.51264422130613 -3.59273482011679
2024-05-25T16:26:58.543 2626.543532483140 -3809.530113299560 -4976.570634383690 4.40678484214020 5.87097765797991 -2.17147347504176
2024-05-25T16:30:58.543 3576.114841440610 -2279.424720021050 -5310.409137575770 3.45826263991524 6.80216332107968 -0.59373790473495
2024-05-25T16:34:58.543 4266.441899399130 -584.063384117053 -5258.162831584320 2.25948418125901 7.23987499560716 1.02642779400078
2024-05-25T16:38:58.543 4647.512954311400 1153.631064374410 -4823.686094492990 0.89667072652597 7.15277928715254 2.57223740795625
2024-05-25T16:42:58.543 4691.546562437420 2807.650194799630 -4038.406749188510 -0.53218442985925 6.54667513206768 3.93200369960707
2024-05-25T16:46:58.543 4395.039571038850 4257.852587834150 -2959.172509135330 -1.92391572747387 5.46445482130881 5.00683653681211
2024-05-25T16:50:58.543 3779.155393214750 5398.624416303030 -1664.304735837480 -3.17735895282659 3.98368413644137 5.71780712102139
2024-05-25T16:54:58.543 2888.353240256530 6146.653368228090 -248.037860729553 -4.20077126915893 2.21156093930734 6.01214146699260
2024-05-25T16:58:58.543 1787.274878135930 6447.174493190960 1186.322908816170 -4.91882721864882 0.27736911669113 5.86757307314592
2024-05-25T17:02:58.543 556.037292729202 6278.155589297960 2534.029242009650 -5.27876368263343 -1.67722547927122 5.29446888320452
2024-05-25T17:06:58.543 -715.704370487451 5651.931961427190 3696.674717551250 -5.25430848882410 -3.50931251611242 4.33490363483348
2024-05-25T17:10:58.543 -1935.359576593980 4614.224851923480 4589.435026528600 -4.84740116799202 -5.08530318157905 3.05925807542963
2024-05-25T17:14:58.543 -3014.178781207260 3240.707297181530 5147.251439290760 -4.08787591379536 -6.29070277450013 1.56080447648142
2024-05-25T17:18:58.543 -3873.696315681010 1631.404114753110 5329.502337212730 -3.03101667927083 -7.03825379269337 -0.05136777965800
2024-05-25T17:22:58.543 -4451.357874410100 -96.592183955167 5122.863438769390 -1.75333147971220 -7.27375981858935 -1.66018468080174
2024-05-25T17:26:58.543 -4704.999416318760 -1817.536300274180 4542.262709193910 -0.34726789137397 -6.97974657799209 -3.14866665425274
2024-05-25T17:30:58.543 -4615.931074713200 -3406.065939487520 3629.864852815490 1.08515591835211 -6.17692000213596 -4.40816983697663
2024-05-25T17:34:58.543 -4190.386572745320 -4746.290256743650 2452.124492363840 2.43947642933560 -4.92312736579562 -5.34617329991021
2024-05-25T17:38:58.543 -3459.207684983520 -5740.327002626280 1095.037252384750 3.61641211377404 -3.30974050451379 -5.89345817266952
2024-05-25T17:42:58.543 -2475.666711455990 -6315.611823667720 -342.160207540380 4.52952703199552 -1.45504569409610 -6.00962839116801
2024-05-25T17:46:58.543 -1311.563051636730 -6430.336917430440 -1754.340878751610 5.11187635870783 0.50454810899804 -5.68636818160776
2024-05-25T17:50:58.543 -51.871773210327 -6076.556781340590 -3038.347829731270 5.32133820630062 2.42517328074443 -4.94826407795241
2024-05-25T17:54:58.543 1211.624799194150 -5280.617278928120 -4100.657283739610 5.14357833730071 4.16673668943618 -3.85040399245281
2024-05-25T17:58:58.543 2387.116889228360 -4100.983232471720 -4864.184647231670 4.59260174615741 5.60331514220078 -2.47373289231187
2024-05-25T18:02:58.543 3389.411265939390 -2623.746490000710 -5273.744399022780 3.70913190840208 6.63188840993565 -0.91865516679780
2024-05-25T18:06:58.543 4145.983461191590 -956.277042722506 -5299.858451182880 2.55733086468772 7.17911680573242 0.70228471401752
2024-05-25T18:10:58.543 4602.059533195910 780.500995960581 -4940.737328296600 1.22009433619179 7.20596805205697 2.27222007899626
2024-05-25T18:14:58.543 4724.464015615190 2460.674853619520 -4222.369595431610 -0.20647440269743 6.71016085657301 3.67782542394424
2024-05-25T18:18:58.543 4504.035995241740 3962.267397443460 -3196.740955711430 -1.61949998460057 5.72665815744087 4.81705637182361
2024-05-25T18:22:58.543 3956.411718568340 5175.995881382320 -1938.235858316350 -2.91643656262844 4.32576137907042 5.60645735768435
2024-05-25T18:26:58.543 3121.058261029310 6013.275880662810 -538.386365474674 -4.00248097313152 2.60870671603404 5.98755373475285
2024-05-25T18:30:58.543 2058.531720563320 6412.849271469840 900.749502400689 -4.79785301083438 0.70056712120062 5.93172831276734
2024-05-25T18:34:58.543 846.096712896766 6345.417802544720 2274.095469163990 -5.24399541746631 -1.25906403658757 5.44264552218770
2024-05-25T18:38:58.543 -427.955170752365 5815.879534173240 3481.353594614410 -5.30820632730251 -3.12668186821790 4.55622064269674
2024-05-25T18:42:58.543 -1670.857994740980 4862.915817370190 4434.437345885290 -4.98605437361915 -4.76605445053354 3.33755460909896
2024-05-25T18:46:58.543 -2792.175287429710 3556.028145192830 5063.880939831180 -4.30120338886828 -6.05809425512677 1.87573525189799
2024-05-25T18:50:58.543 -3710.344061090600 1990.394615460610 5323.829300386140 -3.30346426710779 -6.90915782704471 0.27723082496427
2024-05-25T18:54:58.543 -4358.544672803550 279.942543203077 5195.306712296180 -2.06513733029706 -7.25755596561253 -1.34179033446122
2024-05-25T18:58:58.543 -4689.499011972870 -1450.870472123880 4687.556254064620 -0.67580213605676 -7.07770623492951 -2.86369961534860
2024-05-25T19:02:58.543 -4678.895923818300 -3075.987530569550 3837.419953832370 0.76381441806703 -6.38200486905002 -4.17748239968209
2024-05-25T19:06:58.543 -4327.249424873490 -4476.871821063130 2706.787386136410 2.14878751762887 -5.22044928099674 -5.18672599833578
2024-05-25T19:10:58.543 -3659.995819339060 -5551.214546537880 1378.182891926330 3.37765880687891 -3.67750856698414 -5.81700786087693
2024-05-25T19:14:58.543 -2725.733876835430 -6220.561102153010 -51.248657520536 4.36013795700075 -1.86630367982067 -6.02176109803208
2024-05-25T19:18:58.543 -1592.665280384540 -6436.207161821690 -1476.944641959260 5.02422225821326 0.07998928645824 -5.78614623201303
2024-05-25T19:22:58.543 -343.510632543569 -6182.797849132760 -2794.723703577230 5.32168713428348 2.01843052597637 -5.12814703747306
2024-05-25T19:26:58.543 930.669026312204 -5479.354345530330 -3908.531549276210 5.23166732483802 3.80735733708918 -4.09700847222247
2024-05-25T19:30:58.543 2137.229818367550 -4377.654103094460 -4737.480036838810 4.76181696128137 5.31715222285447 -2.76896942582966
2024-05-25T19:34:58.543 3188.688340037610 -2958.200982564050 -5221.613203321650 3.94712231902874 6.43940405453077 -1.24109200160767
2024-05-25T19:38:58.543 4008.953021832080 -1324.238939143150 -5326.058476559080 2.84690605070088 7.09404447576295 0.37591084102096
2024-05-25T19:42:58.543 4538.667174282680 405.701567068027 -5043.379686760600 1.54047657207365 7.23442052460267 1.96542905916462
2024-05-25T19:46:58.543 4739.369342386480 2106.219326836290 -4394.050752330450 0.12167391697498 6.85024945847599 3.41279652276760
2024-05-25T19:50:58.543 4596.252261475100 3653.917371913800 -3425.049299786570 -1.30731280625037 5.96848884519757 4.61309221246951
2024-05-25T19:54:58.543 4119.344682434500 4936.231348864930 -2206.615235443230 -2.64293420394228 4.65202420034519 5.47857881979258
2024-05-25T19:58:58.543 3342.945628563290 5859.636014469270 -827.308633245309 -3.78773190742923 2.99576016094777 5.94532396340665
2024-05-25T20:02:58.543 2323.276738915120 6356.604898770710 612.358348376789 -4.65766387066976 1.12016644699369 5.97837622294200
2024-05-25T20:06:58.543 1134.443027262120 6390.723679793710 2007.298914840750 -5.18873628468794 -0.83762498083142 5.57485468596813
2024-05-25T20:10:58.543 -137.012031884851 5959.444156959170 3255.640487170080 -5.34193985725793 -2.73432692058863 4.76424801278963
2024-05-25T20:14:58.543 -1398.497606306040 5094.259941897400 4266.267358463780 -5.10621378302907 -4.43137273984020 3.60610395211369
2024-05-25T20:18:58.543 -2558.203984257180 3858.295424344080 4965.501340661950 -4.49900524308389 -5.80534740538533 2.18522288532190
2024-05-25T20:22:58.543 -3531.779794755630 2341.582358356550 5302.408062616700 -3.56457323392096 -6.75673219816097 0.60513683068166
2024-05-25T20:26:58.543 -4248.382869864460 654.484746297337 5252.404478503110 -2.37057112808610 -7.21654504178396 -1.01936956667683
2024-05-25T20:30:58.543 -4655.766466085720 -1080.239905414230 4819.017291545760 -1.00340111337516 -7.15113529917902 -2.57021767758460
2024-05-25T20:34:58.543 -4724.071112794090 -2736.272700176900 4033.668395530750 0.43786962371514 -6.56465206677658 -3.93439209366755
2024-05-25T20:38:58.543 -4448.061053671300 -4192.850388632470 2953.496398506780 1.84830482364609 -5.49907378870159 -5.01191759850350
2024-05-25T20:42:58.543 -3847.633133461610 -5343.605029366420 1657.305919296970 3.12469811661128 -4.03172379900372 -5.72337202697177
2024-05-25T20:46:58.543 -2966.478598126350 -6104.471197985730 239.857435527190 4.17324883705791 -2.27004311766668 -6.01613489633619
2024-05-25T20:50:58.543 -1868.918194079050 -6420.012519383130 -1195.144313452990 4.91700444670274 -0.34359777349482 -5.86881481442639
2024-05-25T20:54:58.543 -635.105076434911 -6267.540147357270 -2542.796712826590 5.30180779775250 1.60603918113512 -5.29285211558369
2024-05-25T20:58:58.543 644.969732873712 -5658.699087396590 -3704.803030095570 5.30032510053323 3.43619113525989 -4.33145477771081
2024-05-25T21:02:30.000 1736.969275075000 -4779.103227745690 -4507.111086737340 4.97918958369080 4.84350487838567 -3.22114185429151
2024-05-25T21:06:30.000 2854.446370217750 -3457.315509548760 -5106.753431108960 4.27653249833436 6.10404054516074 -1.74564093136292
2024-05-25T21:10:30.000 3764.895244299010 -1884.748275961130 -5334.950201300590 3.26448014437390 6.92084240891262 -0.14456261914863
2024-05-25T21:14:30.000 4402.450571698070 -175.557615613937 -5175.341052371260 2.01615788662641 7.23575482678975 1.46652485930326
2024-05-25T21:18:30.000 4720.898303105490 1546.353502567880 -4639.527266870560 0.62128113338000 7.02615311988785 2.97149439582486
2024-05-25T21:22:30.000 4696.956294001640 3156.095118384870 -3766.262616915310 -0.81982774083517 6.30652559476742 4.26147344174039
2024-05-25T21:26:30.000 4332.027825992170 4536.682521178510 -2618.802378581990 -2.20296724147794 5.12798829792546 5.24240728823634
2024-05-25T21:30:30.000 3652.254309287490 5587.518051321530 -1280.479596210670 -3.42744419727053 3.57524905496102 5.84210938052964
2024-05-25T21:34:30.000 2706.773701890660 6231.822775222260 151.254678607814 -4.40353449371477 1.76093812752046 6.01591875931025
2024-05-25T21:38:30.000 1564.237480438180 6422.416540568400 1571.933713205740 -5.05942549964722 -0.18244241620281 5.75048445546758
2024-05-25T21:42:30.000 307.794017574076 6145.310708199390 2877.808438977470 -5.34692806074355 -2.11261125229161 5.06510900684943
2024-05-25T21:46:30.000 -971.066238744770 5420.737208236190 3973.544554541650 -5.24511626577886 -3.88850162491745 4.01011999709503
2024-05-25T21:50:30.000 -2179.249629345680 4301.577356173250 4779.224486396830 -4.76159376095694 -5.38075718213458 2.66282354730404
2024-05-25T21:54:30.000 -3228.860621915690 2869.403710995530 5236.148621233720 -3.93176910952316 -6.48110472116846 1.12159519868962
2024-05-25T21:58:30.000 -4043.555940062290 1228.457125546620 5311.023951970450 -2.81584500793427 -7.10995812998479 -0.50151844540253
2024-05-25T22:02:30.000 -4563.989692929260 -501.892528623889 4998.301117177470 -1.49447279368100 -7.22151427605930 -2.08868879202952
2024-05-25T22:06:30.000 -4752.100043398000 -2195.687380723540 4320.601935168330 -0.06334550934187 -6.80707891063845 -3.52435403489637
2024-05-25T22:10:30.000 -4593.933189060970 -3729.468749540810 3327.181729629990 1.37352052824677 -5.89609469737285 -4.70349229126392
2024-05-25T22:14:30.000 -4100.768426256970 -4991.272504334400 2090.455625680630 2.71113743155961 -4.55442826036290 -5.53933995902442
2024-05-25T22:18:30.000 -3308.421202494090 -5888.911227411260 700.786548075785 3.85131789409656 -2.88006526669817 -5.97009915228007
2024-05-25T22:22:30.000 -2274.688881060320 -6356.889512999890 -740.157774072911 4.71029014731859 -0.99603978239772 -5.96403185758202
2024-05-25T22:26:30.000 -1075.073078284900 -6361.310542545520 -2126.988801759290 5.22524888059693 0.95907169811796 -5.52206088052649
2024-05-25T22:30:30.000 202.874691558301 -5902.331658703840 -3358.462577516580 5.35920328291519 2.84193478686729 -4.67752749759476
2024-05-25T22:34:30.000 1466.086643059820 -5013.972039379100 -4344.956564252950 5.10339011053549 4.51546802074040 -3.49324022280652
2024-05-25T22:38:30.000 2622.821783715740 -3761.382045693420 -5014.957573894720 4.47745949258161 5.85889091530754 -2.05628256873032
2024-05-25T22:42:30.000 3589.281297340590 -2235.889235408830 -5320.099367871760 3.52746834091137 6.77604284502988 -0.47124884300654
2024-05-25T22:46:30.000 4295.540171642350 -548.301919426934 -5238.469844722460 2.32224517259994 7.20161109440159 1.14730611564451
2024-05-25T22:50:30.000 4690.441856371800 1179.024850182090 -4776.056573320660 0.94846575607766 7.10517489982648 2.68274833243442
2024-05-25T22:54:30.000 4745.204826433440 2820.839575662870 -3966.310104235600 -0.49511916289134 6.49319611194518 4.02414382368703
2024-05-25T22:58:30.000 4455.540207789900 4257.886179590890 -2867.854044740880 -1.90431255323897 5.40896576942866 5.07389215395628
2024-05-25T23:02:30.000 3842.109674404900 5385.501052105210 -1560.417410426180 -3.17663344278768 3.93020343255226 5.75483679503538
2024-05-25T23:06:30.000 2949.201606896690 6121.337661586080 -139.165977275529 -4.21894585647346 2.16408497338443 6.01639864536600
2024-05-25T23:10:30.000 1841.604424360730 6411.544702699060 1292.232216366080 -4.95465266970844 0.23941294225871 5.83878461237621
2024-05-25T23:14:30.000 599.899123759826 6234.838575550420 2629.250931268610 -5.32962652563437 -1.70293828866858 5.23473545284988
2024-05-25T23:18:30.000 -685.489724191873 5604.113656840170 3774.263157507100 -5.31647942172406 -3.52087258839144 4.24860387257633
2024-05-25T23:22:30.000 -1920.981619127350 4565.425300932420 4643.743791591040 -4.91640982398453 -5.08188781445332 2.95275212195546
2024-05-25T23:26:30.000 -3016.687732256040 3194.498061486950 5174.333806376060 -4.15872420378119 -6.27267759446990 1.44179372330908
2024-05-25T23:30:30.000 -3892.908129864260 1591.147293810370 5327.376197996480 -3.09849918913948 -7.00698998759969 -0.17427908294159
2024-05-25T23:34:30.000 -4485.855660992500 -127.983117870283 5091.660166912580 -1.81242633788224 -7.23159464775061 -1.77812017806304
2024-05-25T23:38:30.000 -4752.216697944610 -1837.794588595200 4484.208698860180 -0.39349469578790 -6.92968125811353 -3.25312738509196
2024-05-25T23:42:30.000 -4672.340704364990 -3413.701757189760 3549.133050015620 1.05524329371106 -6.12241212439980 -4.49151492786682
2024-05-25T23:46:30.000 -4251.790394132030 -4740.694659815180 2354.557623900260 2.42802037841665 -4.86802721422942 -5.40224708570154
2024-05-25T23:50:30.000 -3521.056811842300 -5721.828395758540 987.727175209852 3.62415799142688 -3.25796346129636 -5.91805291786415
2024-05-25T23:54:30.000 -2533.411218980750 -6285.471434331880 -451.376793093215 4.55574977705542 -1.41042607112046 -6.00081716363540
2024-05-25T23:58:30.000 -1360.985310062340 -6390.691036056640 -1857.476589033630 5.15457756428137 0.53865111052991 -5.64482327300931
2024-05-26T00:02:30.000 -89.373882122025 -6030.249307332710 -3127.867417895160 5.37735612729141 2.44623263785065 -4.87704338510548
2024-05-26T00:06:30.000 1188.762725321550 -5230.988321599560 -4170.026367079340 5.20881246294462 4.17318506443110 -3.75473571593611
2024-05-26T00:10:30.000 2380.545171916570 -4051.618355059340 -4908.343097296350 4.66228899671548 5.59467723443203 -2.36059753789768
2024-05-26T00:14:30.000 3399.591677299950 -2578.213512056100 -5289.468615418800 3.77818934605688 6.60878910865308 -0.79628248540414
2024-05-26T00:18:30.000 4172.153581500420 -917.866535077532 -5285.989609427010 2.62070410813878 7.14321505112614 0.82502183271901
2024-05-26T00:22:30.000 4642.290559199820 809.005840316446 -4898.262681588030 1.27318413654058 7.15982217291058 2.38641024253518
2024-05-26T00:26:30.000 4775.807783004170 2477.202658792920 -4154.354084629620 -0.16752429889799 6.65710252034033 3.77517893603732
2024-05-26T00:30:30.000 4562.733064306540 3965.608949500270 -3108.102892869150 -1.59755264145923 5.67048541405897 4.89050237707171
2024-05-26T00:34:30.000 4018.162699927660 5165.882375427790 -1835.401393083800 -2.91308642359637 4.27048850202315 5.65057389710896
2024-05-26T00:38:30.000 3181.347005404110 5990.408413348440 -428.839386203830 -4.01793002811180 2.55835279819027 5.99901228001481
2024-05-26T00:42:30.000 2112.963448962470 6378.867603285180 1009.011487228590 -4.83090498750888 0.65889037136931 5.90962499553764
2024-05-26T00:46:30.000 890.713393191148 6302.797947910480 2373.165534076560 -5.29224642850487 -1.28892661207541 5.38862781668360
2024-05-26T00:50:30.000 -396.404972771849 5767.736315201510 3564.002500948350 -5.36817069810139 -3.14256676028178 4.47422737143128
2024-05-26T00:54:30.000 -1654.669728384060 4812.766670975530 4494.632714870600 -5.05331772646809 -4.76678095363558 3.23358908806206
2024-05-26T00:58:30.000 -2792.518174565540 3507.541922225060 5097.238961516860 -4.37086493572742 -6.04359893846112 1.75743296087647
2024-05-26T01:02:30.000 -3727.190016523500 1947.113491502590 5327.929570023020 -3.37049038059026 -6.88055161651144 0.15319640426125
2024-05-26T01:06:30.000 -4390.667063822860 245.018237747889 5169.847959147540 -2.12462777765178 -7.21695082280917 -1.46257781974005
2024-05-26T01:10:30.000 -4734.547346545360 -1474.900155320880 4634.384059496780 -0.72335216174809 -7.02807611120143 -2.97244586480989
2024-05-26T01:14:30.000 -4733.559027014850 -3087.376997371270 3760.400927826600 0.73173946630237 -6.32694047690581 -4.26624267627834
2024-05-26T01:18:30.000 -4387.500996083970 -4474.786163339070 2611.529444681600 2.13457584800719 -5.16389251306281 -5.24901579243242
2024-05-26T01:22:30.000 -3721.398907338060 -5535.786458480490 1271.634898127030 3.38233264159076 -3.62355636466563 -5.84821843403024
2024-05-26T01:26:30.000 -2783.772472026320 -6192.890724514770 -161.300437127512 4.38331704416618 -1.81886099662703 -6.01955538377173
2024-05-26T01:30:30.000 -1643.085279880120 -6398.288110462860 -1582.443058747870 5.06412547458835 0.11741392580375 -5.75064207047722
2024-05-26T01:34:30.000 -382.633096785654 -6137.388739462920 -2887.947324579800 5.37535329399034 2.04303626344366 -5.06200256088672
2024-05-26T01:38:30.000 905.695334486288 -5429.766558425700 -3982.672130246850 5.29518621740887 3.81736793658224 -4.00510803551681
2024-05-26T01:42:30.000 2128.224404912320 -4327.493092013180 -4787.129599798500 4.83054909545423 5.31190091690715 -2.65802386249097
2024-05-26T01:46:30.000 3196.301292862650 -2911.097827702250 -5243.144493129200 4.01601836112722 6.41933580937056 -1.11913805299686
2024-05-26T01:50:30.000 4032.609756234530 -1283.593340468340 -5317.875557876980 2.91087698204033 7.06062483044123 0.50007641408669
2024-05-26T01:54:30.000 4576.605043865070 436.952563039844 -5006.031076645800 1.59477636056125 7.19001192258801 2.08283217595366
2024-05-26T01:58:30.000 4788.771120551940 2125.798699056780 -4330.199352709630 0.16232580328622 6.79797433294039 3.51489545819442
2024-05-26T02:02:30.000 4653.466144418870 3660.376633895460 -3339.289714593220 -1.28326474714328 5.91208350716383 4.69244647147611
2024-05-26T02:06:30.000 4180.147180467760 4929.057443144280 -2105.140305496320 -2.63726328665897 4.59549549652094 5.52937040142242
2024-05-26T02:10:30.000 3402.850189737660 5839.284249129290 -717.476173454117 -3.80082990583473 2.94313636427362 5.96372810005171
2024-05-26T02:14:30.000 2377.876604561930 6324.479572998560 722.547509380929 -4.68847957029546 1.07529099800213 5.96290739045862
2024-05-26T02:18:30.000 1179.745424685500 6349.103086701220 2109.791444769160 -5.23490927452220 -0.87136813444467 5.52657426598385
2024-05-26T02:22:30.000 -104.302661476473 5911.331958409270 3342.939820093800 -5.40007376698058 -2.75433414574819 4.68670413225322
2024-05-26T02:26:30.000 -1380.761413445240 5043.156354804770 4331.996342353400 -5.17209529342918 -4.43613877278007 3.50500425546661
2024-05-26T02:30:30.000 -2556.731693109820 3807.922674606120 5004.866078658750 -4.56781971162885 -5.79452662529244 2.06796582819043
2024-05-26T02:34:30.000 -3546.670240168400 2295.613992619440 5312.541384623350 -3.63128860800917 -6.73106422786346 0.48030218888823
2024-05-26T02:38:30.000 -4278.550547009080 616.280921690943 5232.581921255140 -2.43039684665022 -7.17791492222381 -1.14264327739220
2024-05-26T02:42:30.000 -4699.024423248950 -1107.893941869130 4770.696849857350 -1.05198998053696 -7.10238846844121 -2.68297075497151
2024-05-26T02:46:30.000 -4777.277487832630 -2751.364881897410 3960.386065343920 0.40406413351281 -6.50936088613031 -4.02837893002625
2024-05-26T02:50:30.000 -4507.347005085750 -4194.289977006880 2860.615865378510 1.83175655073628 -5.44129750411174 -5.08023998337561
2024-05-26T02:54:30.000 -3908.688069795420 -5331.308464764070 1551.630343770590 3.12659383842139 -3.97574662533082 -5.76102208178770
2024-05-26T02:58:30.000 -3024.864736943310 -6079.374666746060 129.122358164192 4.19346417654566 -2.22000879024627 -6.02039604284668
2024-05-26T03:02:30.000 -1920.387975572880 -6383.994290893940 -1302.840231980150 4.95406958953673 -0.30318762962300 -5.83938732806321
2024-05-26T03:06:30.000 -675.917107753496 -6223.289266670290 -2639.585538929700 5.35301857882968 1.63380576574446 -5.23196540938218
2024-05-26T03:10:30.000 617.786912785955 -5609.513121259630 -3783.640110981610 5.36200585638491 3.44931515907162 -4.24367457414519
2024-05-26T03:14:30.000 1866.606240925970 -4587.927469716150 -4651.873370763110 4.98144943937561 5.01161155621985 -2.94766282025376
2024-05-26T03:18:30.000 2979.938573007430 -3233.257254268610 -5181.450601730550 4.23994623820966 6.20834175643656 -1.43879166755872
2024-05-26T03:22:30.000 3877.177139542060 -1644.092461388200 -5334.199497546080 3.19162370421961 6.95404333985566 0.17352297947168
2024-05-26T03:26:30.000 4493.378978854700 64.249514491135 -5099.193118064260 1.91211377310880 7.19552061069742 1.77295039034091
2024-05-26T03:30:30.000 4783.825328243250 1767.920479204750 -4493.467002162710 0.49337048400553 6.91527668757099 3.24412387212275
2024-05-26T03:34:30.000 4727.222170302900 3343.309752995420 -3560.844174252030 -0.96244591159782 6.13284326678998 4.48046384551792
2024-05-26T03:38:30.000 4327.325727730560 4675.879294017200 -2368.912231273170 -2.34997375002128 4.90393368403924 5.39172726825491
2024-05-26T03:42:30.000 3612.816949735200 5668.480318822620 -1004.273280986150 -3.56811778617109 3.31695602677057 5.91071643886268
2024-05-26T03:46:30.000 2635.379296419550 6248.539916227730 433.655711672658 -4.52751356410895 1.48713607261447 5.99857958379015
2024-05-26T03:50:30.000 1466.026788236380 6373.561662409400 1839.905721160230 -5.15752605053255 -0.45170827592247 5.64830291935103
2024-05-26T03:54:30.000 189.893348750964 6034.363379563060 3111.757349320110 -5.41188649676476 -2.35759671660287 4.88550057610538
2024-05-26T03:58:30.000 -1100.070805741810 5255.732520428460 4156.359300923250 -5.27212163067892 -4.09121831829252 3.76623752519872
2024-05-26T04:02:30.000 -2309.958839177070 4094.512459381020 4897.544237203090 -4.74871240156841 -5.52641215793227 2.37254236033455
2024-05-26T04:06:30.000 -3351.753771657430 2635.328921357430 5281.322007524830 -3.87989567016866 -6.55915977036735 0.80603847150897
2024-05-26T04:10:30.000 -4149.660002763240 984.388445461147 5279.716775294690 -2.72865656377764 -7.11465222306248 -0.81939581110597
2024-05-26T04:14:30.000 -4645.541824577130 -738.186589810124 4892.756688827060 -1.37831033438358 -7.15242246561680 -2.38566281516122
2024-05-26T04:18:30.000 -4803.120836338640 -2406.990622233440 4148.486244142400 0.07336720604471 -6.66916582490258 -3.77873066178947
2024-05-26T04:22:30.000 -4610.666981150760 -3900.364975299900 3101.036364159010 1.52077498608404 -5.69934359616511 -4.89658165144899
2024-05-26T04:26:30.000 -4081.976145522700 -5109.286915454020 1826.798446152290 2.85809722610334 -4.31321082212820 -5.65691486325872
2024-05-26T04:30:30.000 -3255.483449786280 -5945.445727376150 418.898953264645 3.98714572760373 -2.61211831938834 -6.00351171731432
2024-05-26T04:34:30.000 -2191.500547520470 -6347.874485050160 -1019.659843769550 4.82499967740483 -0.72113092147384 -5.91088051034964
2024-05-26T04:38:30.000 -967.741802764540 -6287.514384237680 -2383.689834214100 5.31051543723507 1.22067376485084 -5.38640504281351
2024-05-26T04:42:30.000 326.504735203475 -5769.284388216300 -3573.665643830170 5.40896631601917 3.07107439259270 -4.46953136471890
2024-05-26T04:46:30.000 1597.033863277260 -4831.514887165360 -4503.054751555920 5.11426887837446 4.69561257085297 -3.22830021064003
2024-05-26T04:50:30.000 2751.621558584450 -3542.888141093290 -5104.539830298870 4.44880621472727 5.97727923424617 -1.75373590270749
2024-05-26T04:54:30.000 3706.641269782280 -1997.268328135970 -5334.729369061360 3.46135719515044 6.82440574729383 -0.15296745197382
2024-05-26T04:58:30.000 4392.976640992330 -306.860658792093 -5177.110006440130 2.22329530483324 7.17661521927372 1.45845584888376
2024-05-26T05:02:30.000 4760.860361466540 1405.785702229540 -4643.131225896490 0.82359598461846 7.00854681225032 2.96435948041436
2024-05-26T05:06:30.000 4783.414839985400 3016.442671750970 -3771.417298947760 -0.63703840413082 6.33171309685191 4.25576515647496
2024-05-26T05:10:30.000 4458.661700472990 4408.056736475740 -2625.113717113960 -2.05300789950663 5.19412745496318 5.23852953356523
2024-05-26T05:14:30.000 3809.817218359500 5479.229032661150 -1287.475721089570 -3.32124449437142 3.67755520408938 5.84031432224679
2024-05-26T05:18:30.000 2883.756577274940 6151.705971497760 144.092150988704 -4.34890300771633 1.89195255712501 6.01633054202480
2024-05-26T05:22:30.000 1747.704026216390 6376.243320160480 1565.125908697910 -5.06035082071557 -0.03232899984811 5.75299492685751
2024-05-26T05:26:30.000 484.343432405942 6136.369467909470 2871.828800728760 -5.40327517539938 -1.95435615676893 5.06944391225977
2024-05-26T05:30:30.000 -814.306912837147 5449.604552889940 3968.787227443390 -5.35265851613955 -3.73359721404458 4.01590345263642
2024-05-26T05:34:30.000 -2053.686364958340 4366.093066723510 4775.986790871380 -4.91241679917794 -5.24039451959779 2.66962913801404
2024-05-26T05:38:30.000 -3143.609864584760 2964.832074764500 5234.620440146080 -4.11482103681582 -6.36541599159172 1.12895285927979
2024-05-26T05:42:30.000 -4004.790757415980 1347.838728213510 5311.279071505150 -3.01781761195301 -7.02723957144328 -0.49409254533131
2024-05-26T05:46:30.000 -4574.512862594940 -367.238935989787 5000.302321465990 -1.70074098427791 -7.17774617588185 -2.08163205514839
2024-05-26T05:50:30.000 -4811.146157352720 -2055.559688783960 4324.209851113020 -0.25897062838666 -6.80552531250430 -3.51809982887861
2024-05-26T05:54:30.000 -4697.215604382890 -3594.086709589490 3332.150171497610 1.20276609383806 -5.93697267769928 -4.69847992885136
2024-05-26T05:58:30.000 -4240.777186330390 -4870.534127280300 2096.439023347560 2.57771646180545 -4.63484977371332 -5.53595364381510
2024-05-26T06:02:30.000 -3474.961914739720 -5791.664076274000 707.356866978152 3.76499652901079 -2.99420802279291 -5.96863086143651
2024-05-26T06:06:30.000 -2455.627302692210 -6290.272348089930 -733.479739475779 4.67736280585861 -1.13559083999476 -5.96460983148890
2024-05-26T06:10:30.000 -1257.225298246300 -6330.232854133990 -2120.694900605770 5.24812203942653 0.80427870983069 -5.52466579502549
2024-05-26T06:14:30.000 32.777770532158 -5909.109374732010 -3353.020920039130 5.43616850654686 2.68320091127671 -4.68198328333401
2024-05-26T06:18:30.000 1320.422864385520 -5058.160581792640 -4340.778766338640 5.22878613312472 4.36434939159588 -3.49926301018596
2024-05-26T06:22:30.000 2512.184063208360 -3839.814108819310 -5012.375893278910 4.64217173787288 5.72639961378048 -2.06348261265458
2024-05-26T06:26:30.000 3521.719217158730 -2342.894623976070 -5319.331351961070 3.71952431601754 6.67188297886806 -0.47905287301748
2024-05-26T06:30:30.000 4275.966131152790 -676.123585529599 -5239.581860968230 2.52764373230283 7.13335622707002 1.13954706211428
2024-05-26T06:34:30.000 4720.271769837600 1039.653383112330 -4778.964668985810 1.15224889496090 7.07776521175099 2.67563597959400
2024-05-26T06:38:30.000 4822.254728173750 2680.019025008240 -3970.794085309560 -0.30780837058825 6.50859827038229 4.01820099994230
2024-05-26T06:42:30.000 4574.187615196030 4125.818088265660 -2873.582512119240 -1.74709322681619 5.46606445876312 5.06952501855165
2024-05-26T06:46:30.000 3993.704638443560 5271.757388165090 -1566.971382323170 -3.06097312032202 4.02487463102434 5.75236804345655
2024-05-26T06:50:30.000 3122.690179709940 6034.157959753330 -146.066487747098 -4.15327218590855 2.28943276205313 6.01599258920910
2024-05-26T06:54:30.000 2024.337627224650 6357.239280202410 1285.486420937810 -4.94376919307720 0.38634139522773 5.84047458501119
2024-05-26T06:58:30.000 778.545956403715 6217.321821263260 2623.148706381140 -5.37434905764343 -1.54517691614330 5.23836600023553
2024-05-26T07:02:30.000 -523.956772658162 5624.611066624860 3769.233751875900 -5.41348793412249 -3.36377990510641 4.25384678524369
2024-05-26T07:06:30.000 -1788.329337174440 4622.400860311510 4640.124094854200 -5.05859377237048 -4.93684216764778 2.95918129554234
2024-05-26T07:10:30.000 -2922.569259618640 3283.776519740380 5172.355284360040 -4.33568772294097 -6.15016923752539 1.44896477792965
2024-05-26T07:14:30.000 -3844.162404080850 1706.215990274660 5327.159520161350 -3.29732610267900 -6.91587761914824 -0.16685043484303
2024-05-26T07:18:30.000 -4486.018826999050 4.504318754721 5093.211108331850 -2.01870280292480 -7.17843523686037 -1.77089439639679
2024-05-26T07:22:30.000 -4801.288041621100 -1697.522269646500 4487.425066958640 -0.59231208454183 -6.91837616944636 -3.24654602390023
2024-05-26T07:26:30.000 -4766.782204895820 -3275.865151617130 3553.807449779860 0.87828642568263 -6.15391650238964 -4.48602824601365
2024-05-26T07:30:30.000 -4384.765545610140 -4615.367980206130 2360.373628583960 2.28582980507792 -4.94015511843827 -5.39827937279927
2024-05-26T07:34:30.000 -3682.915282028020 -5618.200861625050 994.279692671202 3.52713538728478 -3.36556976059297 -5.91593244341492
2024-05-26T07:38:30.000 -2712.385034308410 -6211.168815709140 -444.562117175234 4.51102687048703 -1.54569571712063 -6.00077606742353
2024-05-26T07:42:30.000 -1544.048004241280 -6351.199426729430 -1850.907210142070 5.16543103970146 0.38560359136999 -5.64690140651374
2024-05-26T07:46:30.000 -263.200897725146 -6028.514444002330 -3122.041297227130 5.44299598213097 2.28656980325277 -4.88112634314025
2024-05-26T07:50:30.000 1036.822827017710 -5267.199505746530 -4165.395772276500 5.32444719497092 4.01857200008169 -3.76055582966015
2024-05-26T07:54:30.000 2261.546361950050 -4123.192833973040 -4905.277012243160 4.81948338954907 5.45640139384176 -2.36773597849215
2024-05-26T07:58:30.000 3322.187722830590 -2679.988163000560 -5288.223739721330 3.96550553403099 6.49694129974081 -0.80422861887533
2024-05-26T08:02:30.000 4141.975600658500 -1042.470341669510 -5286.686047981450 2.82453551231328 7.06598699582998 0.81690899354939
2024-05-26T08:06:30.000 4661.534868885730 670.611457207995 -4900.855875712770 1.47868512488054 7.12282309184668 2.37882362695958
2024-05-26T08:10:30.000 4843.069448362430 2335.052359492430 -4158.644468268950 0.02466898299033 6.66298494287273 3.76871185728021
2024-05-26T08:14:30.000 4673.107994986790 3830.001205562040 -3113.765039025220 -1.43266458654955 5.71879049214630 4.88560040579677
2024-05-26T08:18:30.000 4163.608047881630 5046.640463237480 -1842.020386503400 -2.78750992985842 4.35774418599888 5.64754952992022
2024-05-26T08:22:30.000 3351.262151636470 5896.176932740510 -435.933598354161 -3.94084696251768 2.67824030039115 5.99810600268510
2024-05-26T08:26:30.000 2294.956988054200 6316.467513009120 1001.962154065860 -4.80794615207420 0.80263509884996 5.91089991426378
2024-05-26T08:30:30.000 1071.518735634900 6276.722120382670 2366.674210115560 -5.32503909253929 -1.13182004310516 5.39197187892890
2024-05-26T08:34:30.000 -229.957917068793 5779.829828523730 3558.535829916160 -5.45429594644793 -2.98354158737340 4.47936112564150
2024-05-26T08:38:30.000 -1514.698200307140 4862.099325919130 4490.566285337210 -5.18647137630617 -4.61734773477819 3.24005392020102
2024-05-26T08:42:30.000 -2689.207983420940 3590.495594831990 5094.840442032920 -4.54135563977378 -5.91456391997727 1.76478186189408
2024-05-26T08:46:30.000 -3668.057903713080 2057.632098535760 5327.348178320990 -3.56589404731354 -6.78127860645555 0.16090195952364
2024-05-26T08:50:30.000 -4380.007706487290 375.047102749171 5171.106126989410 -2.33069351498068 -7.15462146143906 -1.45503918119876
2024-05-26T08:54:30.000 -4773.129266525840 -1334.823706423200 4637.384164983650 -0.92514158609438 -7.00719559066765 -2.96554494122459
2024-05-26T08:58:30.000 -4818.586384583420 -2947.452436048720 3764.932624949980 0.54883873897005 -6.34909101595270 -4.26045665406480
2024-05-26T09:02:30.000 -4512.809754885920 -4345.220076740920 2617.271659048840 1.98385668650589 -5.22754823120487 -5.24478188347053
2024-05-26T09:06:30.000 -3877.888485937160 -5426.049303661910 1278.174025423270 3.27480464107801 -3.72414368720613 -5.84585507122434
2024-05-26T09:10:30.000 -2960.063406231490 -6111.022390210550 -154.440128945503 4.32684812578149 -1.94909553588951 -6.01926602211291
2024-05-26T09:14:30.000 -1826.348896426830 -6350.302353634180 -1575.769139654060 5.06284714166055 -0.03297801987222 -5.75247984551805
2024-05-26T09:18:30.000 -559.529857141311 -6126.827646882210 -2881.959713654400 5.42935989041564 1.88346916087654 -5.06585065592879
2024-05-26T09:22:30.000 748.036330674563 -5457.439067391760 -3977.824454969600 5.40050865891920 3.66027516404946 -4.01070363070215
2024-05-26T09:26:30.000 2001.265474118900 -4391.417735728160 -4783.794618166000 4.97949498444060 5.16874016866342 -2.66495364622644
2024-05-26T09:30:30.000 3109.266693373550 -3006.652041490130 -5241.580640974490 4.19774445921317 6.30052749915138 -1.12687253505771
2024-05-26T09:34:30.000 3991.818233950060 -1403.852647995440 -5318.205684217570 3.11215618629458 6.97481282040751 0.49212645911148
2024-05-26T09:38:30.000 4585.012274628920 300.710881808059 -5008.233923953350 1.80098403269667 7.14345550097402 2.07528727246069
2024-05-26T09:42:30.000 4845.753622578800 1983.462209771760 -4334.098397061450 0.35843162086551 6.79403728932708 3.50840200084628
2024-05-26T09:46:30.000 4754.857585329260 3522.262623204610 -3344.572317233440 -1.11156137154509 5.95098640779739 4.68747282574193
2024-05-26T09:50:30.000 4318.544159602380 4805.165177267500 -2111.403043692360 -2.50246820912101 4.67438293951177 5.52621332617888
2024-05-26T09:54:30.000 3568.160124665860 5738.579644984600 -724.260116521682 -3.71271685493261 3.05631585241115 5.96256446144925
2024-05-26T09:58:30.000 2558.049975370750 6254.256787738930 715.736840343919 -4.65349643816054 1.21456362482890 5.96385333048330
2024-05-26T10:02:30.000 1361.642631123070 6314.430416868200 2103.454058715180 -5.25560818302904 -0.71620976230683 5.52953792693013
2024-05-26T10:06:30.000 66.062566223128 5914.678681051520 3337.530761691200 -5.47487826931406 -2.59459817526148 4.69142386027055
2024-05-26T10:10:30.000 -1234.327976166880 5084.227663603140 4327.890539735290 -5.29549504225709 -4.28340044257851 3.51107376610517
2024-05-26T10:14:30.000 -2444.877481839550 3883.701621366780 5002.336893161100 -4.73082119209837 -5.65978785611992 2.07496552912271
2024-05-26T10:18:30.000 -3477.529526306470 2400.575530738350 5311.758243441720 -3.82206583184852 -6.62410024660191 0.48776569215447
2024-05-26T10:22:30.000 -4257.157487935680 742.777005103609 5233.591759572740 -2.63508054329027 -7.10652248806686 -1.13525623776591
2024-05-26T10:26:30.000 -4726.935465312960 -969.079227778343 4773.418434652280 -1.25566536909772 -7.07174899971921 -2.67617287214228
2024-05-26T10:30:30.000 -4852.463065900910 -2610.341615457530 3964.623971324750 0.21618323786855 -6.52172249018364 -4.02261293745881
2024-05-26T10:34:30.000 -4624.343088581750 -4061.342824287400 2866.069308696570 1.67335077523517 -5.49583321500366 -5.07594226333113
2024-05-26T10:38:30.000 -4058.979693299950 -5216.145951277210 1557.904986976340 3.00924027853619 -4.06851213078295 -5.75851812255230
2024-05-26T10:42:30.000 -3197.502815251350 -5990.413621572550 135.763238545379 4.12573670911434 -2.34425361986284 -6.01986763593931
2024-05-26T10:46:30.000 -2102.795003313180 -6327.742562814040 -1296.316353586790 4.94088209346594 -0.44985239455880 -5.84088837932923
2024-05-26T10:50:30.000 -854.810374872375 -6203.867531500760 -2633.657426423280 5.39529985917416 1.47543679490730 -5.23539869770363
2024-05-26T10:54:30.000 455.423191716951 -5628.351955671250 -3778.743926085130 5.45662168175882 3.29079557228450 -4.24878842215274
2024-05-26T10:58:30.000 1732.573739096680 -4643.668282232100 -4648.368576283090 5.12147735831598 4.86449661011756 -2.95406764700488
2024-05-26T11:02:30.000 2883.967211739130 -3321.853434396160 -5179.588337049090 4.41515359436506 6.08332721283226 -1.44598613317602
2024-05-26T11:06:30.000 3826.222222543080 -1759.113752160220 -5334.103909561890 3.38926396568566 6.86018903647839 0.16609024235684
2024-05-26T11:10:30.000 4491.122109173240 -68.851836785231 -5100.852509029550 2.11781407028105 7.13961908154833 1.76584914262497
2024-05-26T11:14:30.000 4830.409841656720 1626.391615557870 -4496.738317148570 0.69219730139514 6.90138323358449 3.23788044732073
2024-05-26T11:18:30.000 4819.238097712020 3203.620682132370 -3565.459637215410 -0.78500178744529 6.16196344910605 4.47557765362006
2024-05-26T11:22:30.000 4458.046340347260 4548.152397455200 -2374.503737806640 -2.20684641704912 4.97388165588257 5.38851733987498
2024-05-26T11:26:30.000 3772.701792565230 5561.958148323760 -1010.418266747280 -3.46968565756998 3.42264631849707 5.90932717015903
2024-05-26T11:30:30.000 2812.775796165300 6170.935633052900 427.403974543995 -4.48090695963048 1.62096379898226 5.99909080059733
2024-05-26T11:34:30.000 1648.010789392220 6330.496231737030 1834.005109518640 -5.16613579608028 -0.29946980652498 5.65069974345826
2024-05-26T11:38:30.000 363.208486411504 6028.946378010580 3106.640781541840 -5.47507554349149 -2.19801104005784 4.88959448731961
2024-05-26T11:42:30.000 -948.047832945699 5288.336628910410 4152.398038674390 -5.38527327319006 -3.93590072462729 3.77170437897592
2024-05-26T11:46:30.000 -2190.290566412450 4162.748480347260 4895.017445126840 -4.90353555346689 -5.38658874963066 2.37896988735822
2024-05-26T11:50:30.000 -3273.144212995080 2734.237048823490 5280.415761269820 -4.06514803306145 -6.44493791857112 0.81304662288808
2024-05-26T11:54:30.000 -4117.839014971620 1106.782041208680 5280.517006271420 -2.93093798999947 -7.03437111470346 -0.81227008370513
2024-05-26T11:58:30.000 -4662.848447515810 -601.218938196645 4895.226972182200 -1.58291986625959 -7.11200489182758 -2.37896338666645
2024-05-26T12:02:30.000 -4868.316250789350 -2265.434941151050 4152.461746255820 -0.11865296369922 -6.67158863004454 -3.77296729268240
2024-05-26T12:06:30.000 -4719.020766223330 -3764.547318879680 3106.239075528900 1.35534110607168 -5.74445354055091 -4.89218229645298
2024-05-26T12:10:30.000 -4225.610414874060 -4989.124847091950 1832.859675282460 2.73133578485562 -4.39777639597667 -5.65420389372161
2024-05-26T12:14:30.000 -3423.937496084770 -5849.727406435180 425.386365605709 3.90834511266758 -2.73000623979752 -6.00269570786594
2024-05-26T12:18:30.000 -2372.497092141150 -6283.607200108050 -1013.215080826880 4.79992054196031 -0.86372015681982 -5.91205423151892
2024-05-26T12:22:30.000 -1148.088971513350 -6259.398325688500 -2377.759304271230 5.34096139184751 1.06385997632437 -5.38948519593832
2024-05-26T12:26:30.000 159.937908205232 -5779.368763759160 -3568.679456792750 5.49264148329201 2.91150326757882 -4.47426931262104
2024-05-26T12:30:30.000 1456.354507337710 -4879.060914708760 -4499.368310878240 5.24499123135558 4.54490356771773 -3.23432377550666
2024-05-26T12:34:30.000 2647.036396896200 -3624.437171328540 -5102.409073562380 4.61703197211282 5.84635703636570 -1.76059325980751
2024-05-26T12:38:30.000 3645.727594256940 -2106.895367412830 -5334.290331573000 3.65483479716021 6.72276321006997 -0.16011578244781
2024-05-26T12:42:30.000 4380.133195472430 -436.609578842470 -5178.367557402500 2.42796136411565 7.11159297242569 1.45155550428807
2024-05-26T12:46:30.000 4796.994041229200 1265.324744456250 -4645.962203446290 1.02458450313751 6.98484018324570 2.95823030567030
2024-05-26T12:50:30.000 4865.875569270710 2875.450966713200 -3775.580670159530 -0.45432351414433 6.35102445291563 4.25085557879952
2024-05-26T12:54:30.000 4581.430461291060 4276.755103832950 -2630.274071611500 -1.90188404748642 5.25507437281204 5.23518187245819
2024-05-26T12:58:30.000 3963.932461000370 5367.132393234740 -1293.228547101090 -3.21274172134594 3.77566481088002 5.83874234530074
2024-05-26T13:02:30.000 3057.977516168860 6066.925397525310 138.180034419001 -4.29087155715746 2.02009699009028 6.01657607467854
2024-05-26T13:06:30.000 1929.337086279050 6324.910922605570 1559.490319281000 -5.05698800226068 0.11655548896653 5.75503580343727
2024-05-26T13:10:30.000 660.162546422908 6122.187646913090 2866.882810885390 -5.45478693998785 -1.79553460503990 5.07311265586460
2024-05-26T13:14:30.000 -657.096466466758 5473.585138939890 3964.891323145500 -5.45526872810879 -3.57633258390045 4.02093583613843
2024-05-26T13:18:30.000 -1926.521537903560 4426.483035395280 4773.428443115420 -5.05866079301377 -5.09609666922304 2.67566874074325
2024-05-26T13:22:30.000 -3055.744088228080 3057.239501405290 5233.589016979830 -4.29407158018973 -6.24452587441655 1.13556989461094
2024-05-26T13:26:30.000 -3962.621702118700 1465.551466721710 5311.863382629220 -3.21705661942613 -6.93853862609205 -0.48731727524815
2024-05-26T13:30:30.000 -4581.126394342900 -232.777588639355 5002.487351341500 -1.90554704689560 -7.12774887654582 -2.07515060680936
2024-05-26T13:34:30.000 -4866.087699435010 -1914.149253354500 4327.864254222100 -0.45442764665617 -6.79798164496453 -3.51242341292730
2024-05-26T13:38:30.000 -4796.501569245630 -3456.051123659110 3337.021531597580 1.03095643063550 -5.97246802954931 -4.69408624472194
2024-05-26T13:42:30.000 -4377.180811378670 -4745.952573184200 2102.175003520600 2.44210861139566 -4.71078402802952 -5.53318826880827
2024-05-26T13:46:30.000 -3638.545249172720 -5689.632007914550 713.538189987486 3.67549758119624 -3.10503148883628 -5.96771335879304
2024-05-26T13:50:30.000 -2634.465087316790 -6218.232217427140 -727.310001735415 4.64051975561460 -1.27315354551135 -5.96561998828148
2024-05-26T13:54:30.000 -1438.280597400620 -6293.420282584560 -2114.988287938520 5.26658823635478 0.65008098762596 -5.52748303335320
2024-05-26T13:58:30.000 -137.309427690869 -5910.180537530950 -3348.182917562020 5.50853132646080 2.52363139556419 -4.68635360533407
2024-05-26T14:02:30.000 1173.673230386850 -5097.007692254560 -4337.139027228650 5.34969836984629 4.21104258758494 -3.50480566050739
2024-05-26T14:06:30.000 2399.421716595640 -3913.580267279960 -5010.158968635980 4.80274218729802 5.59047847211547 -2.06971274080004
2024-05-26T14:10:30.000 3451.101595630720 -2446.198136869990 -5318.644105392200 3.90801044103137 6.56315006108760 -0.48549286224465
2024-05-26T14:14:30.000 4252.576695568130 -801.452878959360 -5240.416439153010 2.73032034672832 7.05964601345886 1.13338840882339
2024-05-26T14:18:30.000 4745.757488563820 901.391612323378 -4781.197762382480 1.35438163725300 7.04435236429608 2.67020931891382
2024-05-26T14:22:30.000 4894.711841975820 2538.843004082280 -3974.203507781180 -0.12090063396297 6.51787004795650 4.01388268733300
2024-05-26T14:26:30.000 4688.298506117160 3991.949176117680 -2877.863420396850 -1.58900466629655 5.51730077258799 5.06661818350803
2024-05-26T14:30:30.000 4141.124022673940 5154.875418020930 -1571.766995700280 -2.94318706043300 4.11434040466172 5.75099888698955
2024-05-26T14:34:30.000 3292.647380128250 5942.712375640340 -151.002017095997 -4.08439612390109 2.41063797091933 6.01618982691318
2024-05-26T14:38:30.000 2204.417632631660 6297.826528323790 1280.776445316330 -4.92878906700992 0.53044966049785 5.84213108576903
2024-05-26T14:42:30.000 955.612771194725 6194.211971083570 2618.996052054060 -5.41427486899335 -1.38859839773980 5.24132184493837
2024-05-26T14:46:30.000 -362.803458795223 5639.447231569760 3765.926020430470 -5.50535413294531 -3.20606957380223 4.25789171969448
2024-05-26T14:50:30.000 -1654.814236924900 4674.075878931250 4637.889306925600 -5.19562863454450 -4.78941769736748 2.96402881642173
2024-05-26T14:54:30.000 -2826.394215920520 3368.523088153030 5171.350704126410 -4.50792723393802 -6.02367214199662 1.45431201681294
2024-05-26T14:58:30.000 -3792.321761420890 1817.874309407170 5327.462980206710 -3.49229233785148 -6.81948027970211 -0.16135764106315
2024-05-26T15:02:30.000 -4482.291802396320 134.958117601522 5094.813588139460 -2.22224178084268 -7.11916269174544 -1.76562125761682
2024-05-26T15:06:30.000 -4845.963399924180 -1557.764572884310 4490.230535539710 -0.78966633585300 -6.90060772391089 -3.24185670678922
2024-05-26T15:10:30.000 -4856.629773677830 -3136.994727103870 3557.629689204920 0.70152582734188 -6.17904167912121 -4.48230347217730
2024-05-26T15:14:30.000 -4513.247070711270 -4487.528112048860 2364.944126506590 2.14262589467711 -5.00639699878988 -5.39581666339936
2024-05-26T15:18:30.000 -3840.655039333150 -5510.735296511650 999.264879299312 3.42802530412572 -3.46805283148362 -5.91496288979662
2024-05-26T15:22:30.000 -2887.860590600560 -6131.912919361770 -439.528186323906 4.46323628449986 -1.67684781590536 -6.00133135356508
2024-05-26T15:26:30.000 -1724.450633179550 -6305.917997192470 -1846.182445992190 5.17240651820635 0.23537889790457 -5.64890054340257
2024-05-26T15:30:30.000 -435.375243049675 -6020.484187384840 -3117.951793455200 5.50415271725068 2.12827356960073 -4.88438173965014
2024-05-26T15:34:30.000 885.408365548242 -5296.973941764130 -4162.211211572930 5.43521396348887 3.86375062803496 -3.76478764687829
2024-05-26T15:38:30.000 2141.886601668360 -4188.576231479870 -4903.190472297900 4.97171158552584 5.31628565086917 -2.37258969136793
2024-05-26T15:42:30.000 3242.950717568760 -2776.206770728620 -5287.335670579670 4.14807082446604 6.38165186392749 -0.80929413488129
2024-05-26T15:46:30.000 4108.879567546330 -1162.527319162250 -5287.000370028430 3.02412601720775 6.98382207199544 0.81201185558779
2024-05-26T15:50:30.000 4676.937631806950 535.427864354982 -4902.291665358960 1.68078525283036 7.07969266649589 2.37443311358953
2024-05-26T15:54:30.000 4905.804296087640 2194.539153284530 -4161.042877454430 0.21460035419839 6.66196843684538 3.76512086757591
2024-05-26T15:58:30.000 4778.571701099570 3694.336058795540 -3116.907858804350 -1.26869459903469 5.75996736486557 4.88302005973160
2024-05-26T16:02:30.000 4304.089006686490 4925.652697397160 -1845.643727336090 -2.66145848473840 4.43812863191692 5.64614485092883
2024-05-26T16:06:30.000 3516.492899953830 5798.623049516220 -439.747940101148 -3.86189805417508 2.79194199119964 5.99790991162592
2024-05-26T16:10:30.000 2472.877628999270 6249.397793668020 998.238396841188 -4.78178694070360 0.94143503807547 5.91183170337732
2024-05-26T16:14:30.000 1249.152801720310 6244.991487321460 2363.300339104580 -5.35357392007314 -0.97792168556867 5.39394014146827
2024-05-26T16:18:30.000 -65.565335800726 5785.733268234130 3555.746648715480 -5.53542226915807 -2.82574040001156 4.48223771054732
2024-05-26T16:22:30.000 -1375.526006347340 4905.189589004290 4488.559747758490 -5.31421316541269 -4.46716346528420 3.24364930732173
2024-05-26T16:26:30.000 -2585.379273246720 3667.618641499750 5093.753470989120 -4.70633894064945 -5.78285326852264 1.76881220574109
2024-05-26T16:30:30.000 -3607.116816764920 2163.181713377270 5327.259080408550 -3.75613807368822 -6.67754347189241 0.16514669245851
2024-05-26T16:34:30.000 -4366.391845228480 501.355970979128 5172.034179459860 -2.53242620138576 -7.08642759766645 -1.45085801612951
2024-05-26T16:38:30.000 -4807.844171676210 -1196.942536018520 4639.276675598690 -1.12370519877815 -6.97954894759366 -2.96173914667438
2024-05-26T16:42:30.000 -4899.120584581160 -2808.039668513200 3767.664318190470 0.36792290220178 -6.36406349412176 -4.25731439380266
2024-05-26T16:46:30.000 -4633.301154369110 -4214.442807516890 2620.658026554570 1.83383415565630 -5.28411397541973 -5.24249646340237
2024-05-26T16:50:30.000 -4029.552586373860 -5313.462641748550 1281.985039753780 3.16665899629277 -3.81823986048018 -5.84463507631745
2024-05-26T16:54:30.000 -3131.825184103080 -6024.856138481800 -150.479247813671 4.26854744805311 -2.07380147440531 -6.01924379271924
2024-05-26T16:58:30.000 -2005.658086083530 -6296.837245867270 -1571.942658568430 5.05862078021211 -0.17910722877994 -5.75360602925710
2024-05-26T17:02:30.000 -733.303419169397 -6109.946872143840 -2878.532172372290 5.47941719307625 1.72660037425428 -5.06802529668095
2024-05-26T17:06:30.000 592.454280920825 -5478.354395105370 -3975.027868602970 5.50110891281235 3.50410155533416 -4.01375154582203
2024-05-26T17:10:30.000 1875.185629421590 -4448.589541691460 -4781.809450739600 5.12322754443753 5.02461357160949 -2.66862184409600
2024-05-26T17:14:30.000 3021.832873687960 -3095.913446679170 -5240.522787779970 4.37409367258600 6.17885848026104 -1.13088253828086
2024-05-26T17:18:30.000 3949.360774874050 -1518.722980693750 -5318.121485821810 3.30833046265602 6.88436995822146 0.48807353395882
2024-05-26T17:22:30.000 4590.599508933320 168.560702212705 -5009.097821735330 2.00274100254788 7.09076986959339 2.07148025267911
2024-05-26T17:26:30.000 4898.966796222140 1843.609727775030 -4335.824551023250 0.55114103473919 6.78293653978961 3.50506267759770
2024-05-26T17:30:30.000 4851.822547298090 3384.851139961280 -3347.021170784180 -0.94189466185566 5.98231164197366 4.68482013034736
2024-05-26T17:34:30.000 4452.208496303430 4680.171200220180 -2114.388542856470 -2.36817607751037 4.74591766251070 5.52441836916864
2024-05-26T17:38:30.000 3728.798002212750 5635.093493924880 -727.560693750623 -3.62361179877249 3.16292432040985 5.96175186544333
2024-05-26T17:42:30.000 2733.961816087960 6179.813721998830 712.364899040715 -4.61610206984037 1.34850489097504 5.96406940976642
2024-05-26T17:46:30.000 1540.013006492820 6274.456611068950 2100.252062832570 -5.27263144522184 -0.56464662111983 5.53073061304057
2024-05-26T17:50:30.000 233.901379120751 5912.106772897930 3334.729308445760 -5.54508784563486 -2.43638242020858 4.69355931019827
2024-05-26T17:54:30.000 -1089.251649613600 5119.271112118040 4325.707332417920 -5.41381889068061 -4.13009224873997 3.51406060723979
2024-05-26T17:58:30.000 -2333.141156554480 3953.815207842920 5000.946795692770 -4.88862554755701 -5.52263550464427 2.07853180025942
2024-05-26T18:02:30.000 -3407.272380575650 2500.654794452520 5311.261726349690 -4.00779975635413 -6.51305391508421 0.49160371150644
2024-05-26T18:06:30.000 -4233.488802380250 865.549268895058 5234.025456325150 -2.83522247527663 -7.02961562903426 -1.13138070725462
2024-05-26T18:10:30.000 -4751.581261310650 -832.538175901495 4774.759526702380 -1.45568409210401 -7.03462902617643 -2.67254040291679
2024-05-26T18:14:30.000 -4923.630985342650 -2469.971615507890 3966.774341124880 0.03090413796500 -6.52712542848895 -4.01954691805745
2024-05-26T18:18:30.000 -4736.835526298420 -3927.363202656800 2868.866498016910 1.51637122280578 -5.54335736750183 -5.07364404916452
2024-05-26T18:22:30.000 -4204.581134623220 -5098.310578746550 1561.147815005350 2.89199657115696 -4.15470620492607 -5.75712340002847
2024-05-26T18:26:30.000 -3365.586650706160 -5897.305827812850 139.220366412345 4.05677555412596 -2.46286338013796 -6.01949383958739
2024-05-26T18:30:30.000 -2281.091985164110 -6266.143272464460 -1292.899369773950 4.92525687345154 -0.59218867675220 -5.84159326542196
2024-05-26T18:34:30.000 -1030.307553919360 -6178.242308775640 -2630.530769483630 5.43409671626436 1.31983156888718 -5.23708985213091
2024-05-26T18:38:30.000 295.512843173943 -5640.533521195120 -3776.124982751930 5.54690087372693 3.13326279731053 -4.25129813429374
2024-05-26T18:42:30.000 1599.875804130410 -4692.743716787280 -4646.431738586080 5.25657090103863 4.71644765559649 -2.95720721441780
2024-05-26T18:46:30.000 2788.110474947070 -3404.241201957620 -5178.457825030290 4.58519287186862 5.95545213383649 -1.44952564289632
2024-05-26T18:50:30.000 3774.152986589420 -1868.832123516460 -5333.847616448510 3.58190574323427 6.76168293095895 0.16238179712423
2024-05-26T18:54:30.000 4486.619425460090 -197.951783661222 -5101.483620756230 2.31915839859129 7.07760166149478 1.76220411880677
2024-05-26T18:58:30.000 4873.815664880530 1487.268516083110 -4498.211289463710 0.88766042139070 6.88038572218208 3.23454702073655
2024-05-26T19:02:30.000 4907.423614467910 3064.568695642220 -3567.676083541570 -0.60956938321746 6.18357019709457 4.47274846956765
2024-05-26T19:06:30.000 4584.636980458100 4419.284135431300 -2377.318414792880 -2.06419522594265 5.03663972521445 5.38639363938494
2024-05-26T19:10:30.000 3928.523230385740 5452.671434320330 -1013.640392824700 -3.37024528025734 3.52208428758209 5.90807779943697
2024-05-26T19:14:30.000 2986.512591785030 6089.223824145140 423.998296956030 -4.43197572887151 1.74992459582014 5.99882667213960
2024-05-26T19:18:30.000 1827.026854224970 6282.360285348780 1830.662250876550 -5.17135502813142 -0.15034967525915 5.65149080111885
2024-05-26T19:22:30.000 534.469682939976 6017.938877487450 3103.611129047430 -5.53408600473616 -2.03961758054940 4.89140547207932
2024-05-26T19:26:30.000 -797.012556946922 5315.301653118820 4149.917268523950 -5.49378672814421 -3.77979118213772 3.77444763593402
2024-05-26T19:30:30.000 -2070.487371583290 4225.753499691110 4893.291502699780 -5.05370096679956 -5.24422652414213 2.38246413073991
2024-05-26T19:34:30.000 -3193.310409182070 2828.696761135330 5279.582943144590 -4.24601194188467 -6.32679058663789 0.81692818449317
2024-05-26T19:38:30.000 -4083.786095331580 1225.809510188750 5280.623507637170 -3.12923597623207 -6.94902484718639 -0.80838026223976
2024-05-26T19:42:30.000 -4677.035825085500 -466.284903554488 4896.238426147520 -1.78416855691738 -7.06559965692895 -2.37535169490785
2024-05-26T19:46:30.000 -4929.685862733360 -2124.405280838260 4154.282408066010 -0.30817699531005 -6.66751290578815 -3.76987286203626
2024-05-26T19:50:30.000 -4823.066554356620 -3627.682443095390 3108.717921394440 1.19141967181029 -5.78301684232908 -4.88982818189462
2024-05-26T19:54:30.000 -4364.700127492070 -4866.374173669670 1835.798423366350 2.60500947124310 -4.47610012920494 -5.65274200875312
2024-05-26T19:58:30.000 -3587.884337545200 -5749.997123858720 428.562872663036 3.82878714933808 -2.84234746463302 -6.00218135391302
2024-05-26T20:02:30.000 -2549.312755600370 -6214.121078756870 -1010.032281094130 4.77288305963966 -1.00186264158571 -5.91251292722508
2024-05-26T20:06:30.000 -1324.861845864580 -6225.167157813700 -2374.798607379120 5.36834030584746 0.91001528898990 -5.39086436572802
2024-05-26T20:10:30.000 -3.905453196005 -5782.826494919110 -3566.146628436430 5.57232578828886 2.75318971161774 -4.47642473226139
2024-05-26T20:14:30.000 1317.354044722040 -4919.901722526210 -4497.427177863420 5.37104739312471 4.39357815187101 -3.23706804196618
2024-05-26T20:18:30.000 2542.958563982780 -3699.658206158540 -5101.178039395060 4.78021770232165 5.71290507678805 -1.76373526417608
2024-05-26T20:22:30.000 3584.108020376910 -2211.025082209820 -5333.842759115520 3.84332025583117 6.61676555685621 -0.16346886817768
2024-05-26T20:26:30.000 4365.435947967020 -562.097570933309 -5178.729970623910 2.62812822779201 7.04068342606937 1.44818950041767
2024-05-26T20:30:30.000 4830.297351201490 1127.573333608540 -4647.114376567720 1.22199539007616 6.95419001769154 2.95505272051391
2024-05-26T20:34:30.000 4944.787642673400 2735.435084585130 -3777.451544451550 -0.27397616600719 6.36293255337192 4.24807619127960
2024-05-26T20:38:30.000 4700.251452999730 4144.656973890080 -2632.745168975890 -1.75168353068793 5.30876314214680 5.23299039650826
2024-05-26T20:42:30.000 4114.063595004890 5252.583240056540 -1296.136845732580 -3.10362529460925 3.86733996129500 5.83731850495646
2024-05-26T20:46:30.000 3228.533936929100 5978.301892509800 135.035955796074 -4.23082410325620 2.14316175402552 6.01605068130699
2024-05-26T20:50:30.000 2107.936690078750 6268.721144962400 1556.335767618670 -5.05042920689029 0.26213344828289 5.75548802607882
2024-05-26T20:54:30.000 833.821822026881 6102.591550296790 2863.959800494440 -5.50227719652877 -1.63803650850701 5.07458849502474
2024-05-26T20:58:30.000 -501.020403479910 5492.067949466220 3962.438510255670 -5.55341226892151 -3.41845950545980 4.02335228038606
2024-05-26T21:02:30.000 -1799.398187232430 4481.740933265890 4771.651813985360 -5.20031968308053 -4.94939208089255 2.67885853446379
2024-05-26T21:06:30.000 -2966.840322408830 3145.275427755190 5232.646599222080 -4.46896783874637 -6.11976929865661 1.13927555047501
2024-05-26T21:10:30.000 -3918.424947504930 1579.955279315450 5311.835101812290 -3.41242464532467 -6.84491929560378 -0.48347506997965
2024-05-26T21:14:30.000 -4584.848115237770 -100.349469531535 5003.356439446060 -2.10704280515017 -7.07206725060064 -2.07157568287217
2024-05-26T21:18:30.000 -4917.426717335660 -1773.334994209370 4329.529602999800 -0.64731156577134 -6.78419425439034 -3.50939861144426
2024-05-26T21:22:30.000 -4891.679439815940 -3317.082027520940 3339.328227956240 0.86075246784107 -6.00153900510611 -4.69178837761265
2024-05-26T21:26:30.000 -4509.218470847040 -4618.921640677550 2104.931397241730 2.30703394568744 -4.78058080771575 -5.53175238503207
2024-05-26T21:30:30.000 -3797.767672608280 -5583.755278146680 716.530567562111 3.58541802730260 -3.21043565850714 -5.96718322003302
2024-05-26T21:34:30.000 -2809.217542654820 -6141.176581462270 -724.299055337877 4.60196009898892 -1.40644865426392 -5.96599112213301
2024-05-26T21:38:30.000 -1615.794570338030 -6250.744675990870 -2112.171755783840 5.28226233007651 0.49863637669003 -5.52872195426956
2024-05-26T21:42:30.000 -304.639883853247 -5904.930766010670 -3345.756971617820 5.57718056692248 2.36509811410509 -4.68834488338460
2024-05-26T21:46:30.000 1028.701156286470 -5129.504958743080 -4335.263364991940 5.46621103846833 4.05692890538870 -3.50736423655216
2024-05-26T21:50:30.000 2287.328368397380 -3981.413741288600 -5008.944918505810 4.95853163105072 5.45189690720178 -2.07263486795107
2024-05-26T21:54:30.000 3379.999002030450 -2544.419854650720 -5318.157415192170 4.09173484554867 6.45001670601194 -0.48860786884080
2024-05-26T21:58:30.000 4227.608446112100 -922.938597376328 -5240.686601782130 2.92872485967795 6.98009161769782 1.13022322389562
2024-05-26T22:02:30.000 4768.741820893040 765.447663292762 -4782.215277721980 1.55316459163297 7.00416118493920 2.66717771653496
2024-05-26T22:06:30.000 4964.008699914710 2398.305761176840 -3975.912542717680 0.06390714491140 6.52003333661228 4.01118701187619
2024-05-26T22:10:30.000 4798.913886227840 3857.039405311790 -2880.160115235420 -1.43159590402831 5.56176700294952 5.06444614908674
2024-05-26T22:14:30.000 4285.056677496160 5035.430610215570 -1574.503427506140 -2.82465295029395 4.19797676389204 5.74953418549920
2024-05-26T22:18:30.000 3459.463448925470 5847.465649839570 -153.989116128794 -4.01340981467784 2.52742570663642 6.01558650688177
2024-05-26T22:22:30.000 2382.006000042500 6233.759611654090 1277.756329836800 -4.91055919800733 0.67191050348235 5.84246453493628
2024-05-26T22:26:30.000 1131.070106384350 6166.042752860430 2616.169750811050 -5.45016274426998 -1.23273873492434 5.24260357120958
2024-05-26T22:30:30.000 -202.235816549040 5649.280854857450 3763.517033062230 -5.59279870111761 -3.04717872776405 4.26007405869342
2024-05-26T22:34:30.000 -1520.825144444460 4721.239966532170 4636.100138456340 -5.32832423706236 -4.63914521567135 2.96697359154843
2024-05-26T22:38:30.000 -2728.743684604130 3449.604021888740 5170.332169444170 -4.67619919424085 -5.89303674752879 1.45774485559148
2024-05-26T22:42:30.000 -3738.121238865550 1926.975921513770 5327.298205258530 -3.68389139179497 -6.71805315144592 -0.15773204555371
2024-05-26T22:46:30.000 -4475.484271796110 264.124890852029 5095.504406737540 -2.42314595644265 -7.05440861715449 -1.76218266862919
2024-05-26T22:50:30.000 -4887.010684344750 -1417.955121765970 4491.687925243200 -0.98508912216712 -6.87719818104540 -3.23895853669694
2024-05-26T22:54:30.000 -4942.476335149680 -2996.715710419790 3559.696923002070 0.52590012919442 -6.19855076408500 -4.48013748321015
2024-05-26T22:58:30.000 -4637.567476290470 -4356.961742640870 2367.430089548810 1.99959378712590 -5.06731065064104 -5.39450197379392
2024-05-26T23:02:30.000 -3994.324960361260 -5399.335144848850 1001.963230003440 3.32796507605450 -3.56588155755094 -5.91450391771083
2024-05-26T23:06:30.000 -3059.627846765790 -6047.732472550330 -436.820983510690 4.41339627614990 -1.80445405275131 -6.00171455320745
2024-05-26T23:10:30.000 -1901.759836973900 -6255.017629789060 -1843.664505646380 5.17632602492221 0.08735363333896 -5.65007674629814
2024-05-26T23:14:30.000 -605.294601440737 -6006.490456324130 -3115.798675210340 5.56141631484078 1.97062251434724 -4.88621863265293
2024-05-26T23:18:30.000 735.242082964481 -5320.829793133000 -4160.560255782820 5.54153623522612 3.70790670395003 -3.76710324092871
2024-05-26T23:22:30.000 2022.372037812550 -4248.486315810330 -4902.132876705590 5.11924826138179 5.17348862285857 -2.37519184389268
2024-05-26T23:26:30.000 3162.738588664360 -2867.782263736070 -5286.919352162680 4.32605103557286 6.26215345396625 -0.81200514113127
2024-05-26T23:30:30.000 4073.761898979660 -1279.112834371410 -5287.234066289850 3.21965754147518 6.89615811960009 0.80932359189602
2024-05-26T23:34:30.000 4689.451216304550 402.281465126221 -4903.157280911010 1.87978196704437 7.03019734596207 2.37187561544734
2024-05-26T23:38:30.000 4965.053194755330 2054.490398401780 -4162.491558434490 0.40270041237086 6.65431102386242 3.76285170228905
2024-05-26T23:42:30.000 4880.278652362490 3557.564612980480 -3118.846498886430 -1.10513579321485 5.79477992726738 4.88123327658993
2024-05-26T23:46:30.000 4440.891404665690 4802.116646269320 -1847.939096273540 -2.53434576050331 4.51294665923338 5.64497412328693
2024-05-26T23:50:30.000 3678.471544757400 5697.336614336140 -442.242863664291 -3.78050257415353 2.90142595416416 5.99743543440071
2024-05-26T23:54:30.000 2648.266658200300 6177.778440615240 995.723467180203 -4.75212634896608 1.07765933892550 5.91215072329364
2024-05-26T23:58:30.000 1425.192425604690 6208.291193850900 2360.956759907120 -5.37784222134271 -0.82493736781653 5.39503475825814
2024-05-27T00:02:30.000 98.318705903457 5786.654609126180 3553.750040390150 -5.61183000038247 -2.66711720399490 4.48402154620019
2024-05-27T00:06:30.000 -1235.718065940260 4943.703689356280 4487.067443914950 -5.43722186519601 -4.31443552001152 3.24605198921521
2024-05-27T00:10:30.000 -2479.824288559380 3740.949947891150 5092.896247518550 -4.86702817611421 -5.64722819464057 1.77165961226129
2024-05-27T00:14:30.000 -3543.499857061670 2265.999764984190 5327.110370806770 -3.94279213887695 -6.56894894919823 0.16815912545730
2024-05-27T00:18:30.000 -4349.340161178080 626.176277046844 5172.602772183830 -2.73144217812765 -7.01280152382128 -1.44793720819069
2024-05-27T00:22:30.000 -4838.585413406460 -1059.218772071930 4640.506461333390 -1.32050685045261 -6.94630281899831 -2.95919311517125
2024-05-27T00:26:30.000 -4975.375047468850 -2667.452548740840 3769.438332762190 0.18777674147721 -6.37358300843670 -4.25535553347520
2024-05-27T00:30:30.000 -4749.456868373910 -4081.225236820660 2622.814104248120 1.68351125757952 -5.33561354523675 -5.24129073977784
2024-05-27T00:34:30.000 -4177.081782833740 -5197.285304310990 1284.334335168050 3.05713030104277 -3.90785483211300 -5.84422290743329
2024-05-27T00:38:30.000 -3299.921704410070 -5934.127260298190 -148.119385716225 4.20771338958155 -2.19496184346818 -6.01956022354037
2024-05-27T00:42:30.000 -2182.038575271980 -6238.107014913600 -1569.743487652750 5.05083374301226 -0.32296070950533 -5.75461775277244
2024-05-27T00:46:30.000 -905.099795567969 -6087.423566411880 -2876.647115336330 5.52515389475565 1.57057554484966 -5.06960544890635
2024-05-27T00:50:30.000 437.750636721750 -5493.605654059810 -3973.572098729130 5.59691625499161 3.34725181076065 -4.01571622771278
2024-05-27T00:54:30.000 1748.808247584000 -4500.446171180580 -4780.854571949930 5.26202003477011 4.87826675732869 -2.67080434450168
2024-05-27T00:58:30.000 2932.934933875340 -3180.565237358060 -5240.100249414500 4.54571390476402 6.05355985084504 -1.13311207685113
2024-05-27T01:02:30.000 3904.358582050800 -1630.000941270650 -5318.225235820270 3.50027632868028 6.78911628325654 0.48594298636664
2024-05-27T01:06:30.000 4592.721158188560 38.732540553480 -5009.689746847120 2.20111342464103 7.03237109472477 2.06955537572706
2024-05-27T01:10:30.000 4948.034634761550 1704.639978390410 -4336.846584760780 0.74161614336671 6.76562869103575 3.50341588046668
2024-05-27T01:14:30.000 4944.267086110660 3246.822634334350 -3348.394319479290 -0.77310101993818 6.00742889875148 4.68356341284125
2024-05-27T01:18:30.000 4581.309868343950 4553.116013186550 -2116.003916494310 -2.23337246626956 4.81168877396957 5.52367396373697
2024-05-27T01:22:30.000 3885.157257084930 5528.249630673780 -729.287336199772 -3.53265776357192 3.26454491152743 5.96156672409872
2024-05-27T01:26:30.000 2906.192477665270 6100.945003896470 710.655439968633 -4.57559609108633 1.47860185889430 5.96439324552413
2024-05-27T01:30:30.000 1715.577095991010 6229.305405535910 2098.682109228580 -5.28553982834856 -0.41548483736176 5.53156611048812
2024-05-27T01:34:30.000 400.010440609899 5903.961436481400 3333.413188046510 -5.61048062226410 -2.27904808877153 4.69481811563670
2024-05-27T01:38:30.000 -944.689148186060 5148.724122473810 4324.733612136660 -5.52687351311920 -3.97601540278161 3.51564228284079
2024-05-27T01:42:30.000 -2220.635971720140 4018.729927404360 5000.384506481810 -5.04108309603743 -5.38300194265381 2.08036651301258
2024-05-27T01:46:30.000 -3335.002113233790 2596.315455948970 5311.160423772270 -4.18859139518714 -6.39804371198281 0.49358406654819
2024-05-27T01:50:30.000 -4206.709681716700 984.995223056372 5234.397887794310 -3.03120696956483 -6.94762605871634 -1.12944418303950
2024-05-27T01:54:30.000 -4772.239382021270 -698.002498625049 4775.576425502830 -1.65259181129308 -6.99164773426721 -2.67079519902243
2024-05-27T01:58:30.000 -4990.215349293920 -2330.149486359330 3967.974681261830 -0.15256203608049 -6.52633017858186 -4.01811528357599
2024-05-27T02:02:30.000 -4844.482740972740 -3792.452178077790 2870.359894719130 1.35974730787284 -5.58482984440897 -5.07265394275258
2024-05-27T02:06:30.000 -4345.422723306690 -4978.151932016330 1562.815182228930 2.77370611916176 -4.23540669155429 -5.75667408397447
2024-05-27T02:10:30.000 -3529.319232963550 -5800.651842259600 140.928551447956 3.98547417593807 -2.57681863436535 -6.01959562777380
2024-05-27T02:14:30.000 -2455.748024737350 -6200.011137522320 -1291.274032037240 4.90606572457781 -0.73102716174945 -5.84216993961418
2024-05-27T02:18:30.000 -1203.146181531660 -6147.420316056640 -2629.095344311790 5.46833014067721 1.16622030947515 -5.23808492611523
2024-05-27T02:22:30.000 137.082164255312 -5647.235140480750 -3774.969713470540 5.63198200407643 2.97609220224537 -4.25261655519891
2024-05-27T02:26:30.000 1467.370913950910 -4736.448223865540 -4645.618296571900 5.38620484774338 4.56713507557430 -2.95871501443446
2024-05-27T02:30:30.000 2691.142253369900 -3481.746318604680 -5178.015887317400 4.74987964591716 5.82480414475333 -1.45109228654344
2024-05-27T02:34:30.000 3719.733656867020 -1974.490238531810 -5333.774536526640 3.76961968441236 6.65914154480225 0.16089747535308
2024-05-27T02:38:30.000 4478.656724320270 -324.085669192495 -5101.745798860670 2.51621851861109 7.01053910203828 1.76091200532839
2024-05-27T02:42:30.000 4912.838341888520 1349.804141019530 -4498.752576491170 1.07976548168117 6.85359500049783 3.23351956578182
2024-05-27T02:46:30.000 4990.555712248640 2925.730668305560 -3568.429027755000 -0.43633122649173 6.19898983424163 4.47201805260277
2024-05-27T02:50:30.000 4705.803347919100 4289.135483847730 -2378.205399222160 -1.92242592387504 5.09319385195944 5.38601595098070
2024-05-27T02:54:30.000 4078.873022821360 5340.648787176240 -1014.572004481370 -3.27031324092603 3.61564869884646 5.90808497146613
2024-05-27T02:58:30.000 3155.061311434190 6003.433768921000 423.110401392631 -4.38117685869812 1.87361777341315 5.99916265375669
2024-05-27T03:02:30.000 2001.469634641380 6228.988492494290 1829.880552033360 -5.17332176885408 -0.00553108763307 5.65202612803862
2024-05-27T03:06:30.000 702.090272946389 6000.819573227920 3102.975679562530 -5.58861384193985 -1.88417498050064 4.89207535267671
2024-05-27T03:10:30.000 -648.419998738873 5335.640615159130 4149.452186839820 -5.59685143431106 -3.62497880751916 3.77519021482736
2024-05-27T03:14:30.000 -1951.732300649510 4282.045017807810 4893.008129353500 -5.19775352143358 -5.10125468666996 2.38322861534718
2024-05-27T03:18:30.000 -3113.019491566320 2916.834393404130 5279.483133679290 -4.42053836041548 -6.20598735090338 0.81769611247202
2024-05-27T03:22:30.000 -4047.788867117830 1339.383794244070 5280.710862529170 -3.32158012048261 -6.85915535915286 -0.80758628943729
2024-05-27T03:26:30.000 -4687.951963081570 -335.538504545503 4896.516314438830 -1.98038386868076 -7.01324954299179 -2.37457093195858
2024-05-27T03:30:30.000 -4986.728701745800 -1986.011137479510 4154.740162923100 -0.49400853094703 -6.65653168268114 -3.76916242775904
2024-05-27T03:34:30.000 -4922.095762971150 -3491.734675250540 3109.330571750070 1.02950790280744 -5.81426809675699 -4.88925541965975
2024-05-27T03:38:30.000 -4498.513933267010 -4742.802916135440 1836.525580864260 2.47882932085868 -4.54736227926920 -5.65237345972484
2024-05-27T03:42:30.000 -3746.737659839580 -5647.838696035660 429.345930706440 3.74759400201689 -2.94841872294523 -6.00209014820599
2024-05-27T03:46:30.000 -2721.624358611560 -6140.840869415940 -1009.257439612600 4.74260617386097 -1.13497204024948 -5.91266674008344
2024-05-27T03:50:30.000 -1498.073969284460 -6186.123385731880 -2374.086822603950 5.39115344246356 0.75956430848727 -5.39123197727032
2024-05-27T03:54:30.000 -165.403012110521 -5780.882823957120 -3565.546901979100 5.64653259783805 2.59636711515608 -4.47698855919567
2024-05-27T03:58:30.000 1179.325623668500 -4955.213085754410 -4496.981861149460 5.49121353656695 4.24184718729980 -3.23777728316334
2024-05-27T04:02:30.000 2438.433459041000 -3769.658159391700 -5100.911156669510 4.93752675002104 5.57732760724940 -1.76449850685250
2024-05-27T04:06:30.000 3520.665721325480 -2310.625048306000 -5333.757067184190 4.02627153796379 6.50717615635418 -0.16420002418112
2024-05-27T04:10:30.000 4347.657638455510 -684.064541459894 -5178.806552042880 2.82337972669424 6.96500964623716 1.44758374209810
2024-05-27T04:14:30.000 4859.434831100970 992.085074534678 -4647.316188397340 1.41532183549134 6.91786543234098 2.95461471393406
2024-05-27T04:18:30.000 5018.679069420450 2596.242216675400 -3777.737097602960 -0.09662983088213 6.36856868097354 4.24782027724671
2024-05-27T04:22:30.000 4813.480786781110 4011.839520188290 -2633.070078287500 -1.60321580635224 5.35593260876060 5.23291313768946
2024-05-27T04:26:30.000 4258.351482319030 5135.759601396570 -1296.460948968220 -2.99486392244686 3.95264234984021 5.83740404016303
2024-05-27T04:30:30.000 3393.326871339130 5885.928505254450 134.750768135523 -4.16976607917196 2.26035033363960 6.01627576810586
2024-05-27T04:34:30.000 2281.176077023660 6207.458534203380 1556.109662784170 -5.04152307658325 0.40260837554106 5.75573511661412
2024-05-27T04:38:30.000 1002.845427789710 6076.823177971950 2863.783594309700 -5.54607589549257 -1.48453206803474 5.07474326415398
2024-05-27T04:42:30.000 -348.538372708511 5503.595172863710 3962.282811236330 -5.64660212394219 -3.26305573917923 4.02336298301258
2024-05-27T04:46:30.000 -1674.554320996360 4529.664553746610 4771.479916807960 -5.33602655833211 -4.80333307852556 2.67871761681952
2024-05-27T04:50:30.000 -2878.699218129260 3226.064931022410 5232.425539048050 -4.63724055898878 -5.99359834540040 1.13901344019326
2024-05-27T04:54:30.000 -3873.370804778360 1687.714704054010 5311.542559969930 -3.60102425679913 -6.74769871307793 -0.48379042854706
2024-05-27T04:58:30.000 -4586.138943798770 26.541504331220 5002.994396979100 -2.30230545265319 -7.01083684238286 -2.07181598632132
2024-05-27T05:02:30.000 -4964.964261345110 -1636.548427416310 4329.127678568520 -0.83508754559828 -6.76347798431613 -3.50948353655952
2024-05-27T05:06:30.000 -4982.007282017550 -3180.375064148770 3338.927188285970 0.69412374305868 -6.02292589731491 -4.69169887228938
2024-05-27T05:10:30.000 -4635.764128200470 -4492.281383294710 2104.570844313460 2.17369645450550 -4.84257971076599 -5.53151436674191
2024-05-27T05:14:30.000 -3951.316291793950 -5476.448313598550 716.240195406508 3.49511287461620 -3.30856542059069 -5.96684211865207
2024-05-27T05:18:30.000 -2978.580759543510 -6061.066531768690 -724.497756494965 4.56128726274158 -1.53357655398610 -5.96557592719413
2024-05-27T05:22:30.000 -1788.627462580060 -6203.712768193720 -2112.265821076210 5.29418941499369 0.35180728493500 -5.52826659035966
2024-05-27T05:26:30.000 -468.353865329827 -5894.439571697080 -3345.741275869620 5.64076212687575 2.20928279256300 -4.68789673698655
2024-05-27T05:30:30.000 886.012886519926 -5156.356731698670 -4335.149873236680 5.57677141755234 3.90345360090151 -3.50701090680820
2024-05-27T05:34:30.000 2176.040334657930 -4043.692689984230 -5008.764112006690 5.10804622275225 5.31196113465307 -2.07242755907605
2024-05-27T05:38:30.000 3308.204171178680 -2637.619345074120 -5317.939261233230 4.26931217880493 6.33385738953519 -0.48848964968205
2024-05-27T05:42:30.000 4200.517712285530 -1040.297945620850 -5240.444519569700 3.12140249085493 6.89614276970604 1.13031016953924
2024-05-27T05:46:30.000 4788.305924168830 632.439974677290 -4781.953113698550 1.74689609734238 6.95849824508394 2.66726166352354
2024-05-27T05:50:30.000 5028.775914612380 2259.290297330850 -3975.630528042330 0.24456895928264 6.51592936566596 4.01126070401044
2024-05-27T05:54:30.000 4904.143171563000 3722.086970214870 -2879.866704681320 -1.27713614194380 5.59953064828217 5.06446467238890
2024-05-27T05:58:30.000 4423.060343376910 4914.322010765560 -1574.213512208050 -2.70766327170513 4.27487140524627 5.74948170486499
2024-05-27T06:02:30.000 3620.166058591830 5748.975735634020 -153.723597398088 -3.94239844418187 2.63787961782236 6.01543414757760
2024-05-27T06:06:30.000 2553.676264327590 6165.026475109890 1277.974834116290 -4.89074175941661 0.80790414067854 5.84222562053641
2024-05-27T06:10:30.000 1301.170303231780 6132.031269266090 2616.318062216780 -5.48297576301948 -1.08115880345909 5.24225133628194
2024-05-27T06:14:30.000 -46.118238005636 5652.421518395860 3763.564430457300 -5.67578497990399 -2.89104339192025 4.25958393873090
2024-05-27T06:18:30.000 -1390.068392881960 4761.265104429640 4636.013082539850 -5.45537398605386 -4.48977435179536 2.96635090888384
2024-05-27T06:22:30.000 -2632.864678592090 3523.575866995140 5170.088030002150 -4.83801494765957 -5.76124067170860 1.45707294825056
2024-05-27T06:26:30.000 -3684.087753060970 2029.498267361330 5326.895536153380 -3.86865613603825 -6.61336332478285 -0.15836227647922
2024-05-27T06:30:30.000 -4467.220567548470 387.742694708169 5094.968381337040 -2.61748365203002 -6.98437456051656 -1.76264196125550
2024-05-27T06:34:30.000 -4925.132882857920 -1282.228082407710 4491.074850308010 -1.17495747795066 -6.84695303348745 -3.23912285665677
2024-05-27T06:38:30.000 -5024.247280344500 -2858.768977607990 3559.084273612940 0.35425226131967 -6.21043168577438 -4.47997673482175
2024-05-27T06:42:30.000 -4757.077433490340 -4226.877297959690 2366.892266462400 1.85867891956069 -5.12057018023564 -5.39404791170347
2024-05-27T06:46:30.000 -4142.908396580760 -5286.650228740570 1001.562004578570 3.22809246733503 -3.65674528207037 -5.91383886571888
2024-05-27T06:50:30.000 -3226.488185166950 -5960.733755844500 -437.049974388021 4.36190326652403 -1.92632882661299 -6.00096264143221
2024-05-27T06:54:30.000 -2074.757807020560 -6200.119339202290 -1843.711181290470 5.17698647820928 -0.05663847310918 -5.64932825366008
2024-05-27T06:58:30.000 -771.840984576359 -5987.763703893270 -3115.676395426970 5.61418961916891 1.81503325010534 -4.88557365227302
2024-05-27T07:02:30.000 587.266669266768 -5339.702083211270 -4160.303530960680 5.64257030965810 3.55209348563777 -3.76663728220643
2024-05-27T07:06:30.000 1903.730580658200 -4303.637249450210 -4901.791102198470 5.26116847662770 5.02883190643422 -2.37495636777697
2024-05-27T07:10:30.000 3082.057644595220 -2955.242325670790 -5286.552279354800 4.49854248082398 6.13922450521612 -0.81202715939392
2024-05-27T07:14:30.000 4036.910807528140 -1392.547459228460 -5286.894842988050 3.41018224786857 6.80395716608036 0.80913617405566
2024-05-27T07:18:30.000 4699.107379447210 271.101121120006 -4902.871569929640 2.07444574954596 6.97541397365323 2.37162800409772
2024-05-27T07:22:30.000 5020.502415676560 1915.076291061000 -4162.266688482840 0.58730796976005 6.64088987841014 3.76259403326713
2024-05-27T07:26:30.000 4977.468440679540 3420.018974677260 -3118.686451242260 -0.94403215666259 5.82367800248746 4.88094591046690
2024-05-27T07:30:30.000 4572.729107836440 4676.407962043990 -1847.852970659020 -2.40848357623388 4.58209320711586 5.64464963791883
2024-05-27T07:34:30.000 3835.338406098980 5592.579214595800 -442.234789433068 -3.69907157246824 3.00580061949290 5.99711460497402
2024-05-27T07:38:30.000 2818.716796695140 6101.557521205220 995.655384245116 -4.72104805990149 1.20963363227347 5.91183851199634
2024-05-27T07:42:30.000 1596.797816238020 6166.111361185340 2360.816390166510 -5.39935145784323 -0.67497105397989 5.39474692990618
2024-05-27T07:46:30.000 258.571179072959 5781.540641790930 3553.542525475400 -5.68434669849663 -2.51009736333266 4.48374263502612
2024-05-27T07:50:30.000 -1098.492607126400 4975.982342548120 4486.786007011010 -5.55542277923354 -4.16173157968899 3.24572189575885
2024-05-27T07:54:30.000 -2375.617928809880 3808.246360153880 5092.534160065050 -5.02230240179246 -5.50989515192643 1.77132107398233
2024-05-27T07:58:30.000 -3479.897115418810 2363.398874035740 5326.670147055090 -4.12380700273371 -6.45695416298631 0.16785642263324
2024-05-27T08:02:30.000 -4330.961952607550 746.580195569409 5172.100266564460 -2.92499570158104 -6.93424693416590 -1.44813977576311
2024-05-27T08:06:30.000 -4866.765678842130 -924.569667870225 4639.977433093410 -1.51258692672450 -6.90687987872880 -2.95920240539249
2024-05-27T08:10:30.000 -5048.080953862700 -2528.359926422240 3768.933966874050 0.01106416070523 -6.37621787901194 -4.25513779879491
2024-05-27T08:14:30.000 -4861.429978759840 -3947.834859053580 2622.386858551420 1.53500404308334 -5.38022080477722 -5.24087469527870
2024-05-27T08:18:30.000 -4320.201815171590 -5079.350162812200 1284.026957207160 2.94767162276238 -3.99126629847451 -5.84365333559186
2024-05-27T08:22:30.000 -3463.792601112510 -5840.290864702660 -148.280381126750 4.14531259838012 -2.31114951238142 -6.01892510234779
2024-05-27T08:26:30.000 -2354.743531753800 -6175.264102290840 -1569.753012366430 5.04007333962295 -0.46346825896169 -5.75400510178911
2024-05-27T08:30:30.000 -1074.072409734450 -6060.206976997410 -2876.519120241180 5.56682236112567 1.41601628881528 -5.06908273647591
2024-05-27T08:34:30.000 284.801366617256 -5504.046050698040 -3973.336715849790 5.68795625173520 3.18992831958042 -4.01535400723094
2024-05-27T08:38:30.000 1623.002603514600 -4547.823438057220 -4780.554587101360 5.39579344561071 4.72966723043279 -2.67062857939997
2024-05-27T08:42:30.000 2843.416395911140 -3261.464674351190 -5239.779659165220 4.71248532340320 5.92451822735180 -1.13311157395507
2024-05-27T08:46:30.000 3857.629217150930 -1738.563922163640 -5317.923212860410 3.68790608557744 6.68903911779376 0.48579236238838
2024-05-27T08:50:30.000 4592.171410811690 -89.617279212832 -5009.434434410650 2.39596138076817 6.96856666624648 2.06933962654552
2024-05-27T08:54:30.000 4993.691629590120 1565.819594190200 -4336.638843296260 0.92946471809378 6.74269852241259 3.50324336251066
2024-05-27T08:58:30.000 5032.784949548970 3107.595829959340 -3348.221565957700 -0.60596465441669 6.02698422299872 4.68343960269553
2024-05-27T09:02:30.000 4706.216497337400 4423.565071042250 -2115.860517523870 -2.09911393635457 4.87227489236249 5.52353980420120
2024-05-27T09:06:30.000 4037.338167695280 5417.755916519530 -729.181630581654 -3.44102176640432 3.36181241023302 5.96138982539378
2024-05-27T09:10:30.000 3074.546037813820 6017.514802631180 710.718227180809 -4.53328703256770 1.60547517149873 5.96421507370303
2024-05-27T09:14:30.000 1887.819732800820 6178.965078264630 2098.700735870280 -5.29562978406934 -0.26830024038233 5.53136615157272
2024-05-27T09:18:30.000 563.584407911934 5890.321068839510 3333.377740560820 -5.67217816852826 -2.12227446324921 4.69456266216574
2024-05-27T09:22:30.000 -801.694632296540 5172.723415593190 4324.625280137610 -5.63561707811395 -3.82102220576459 3.51528860414668
2024-05-27T09:26:30.000 -2108.621973677360 4078.591088738800 5000.183259430060 -5.18893650492811 -5.24096048987533 2.07996326769286
2024-05-27T09:30:30.000 -3262.117032045700 2687.667447157870 5310.862703009680 -4.36482514629726 -6.27926306010496 0.49318877707975
2024-05-27T09:34:30.000 -4178.258735165580 1101.177406084620 5234.009392224160 -3.22298752582685 -6.86075054442604 -1.12979800631848
2024-05-27T09:38:30.000 -4790.288353769390 -565.454594066886 4775.114181690440 -1.84594531437590 -6.94296995374856 -2.67104146683986
2024-05-27T09:42:30.000 -5053.450681321850 -2190.887324103270 3967.474467703970 -0.33347096618315 -6.51941201943273 -4.01818308999161
2024-05-27T09:46:30.000 -4948.312332588640 -3656.628945567700 2869.864227260350 1.20444179341456 -5.62024019217712 -5.07255132518020
2024-05-27T09:50:30.000 -4482.295349908730 -4855.682629384550 1562.363195383170 2.65533926379641 -4.31060323143459 -5.75641535650810
2024-05-27T09:54:30.000 -3689.272362188610 -5700.485064190600 140.555092406614 3.91268055761824 -2.68634210835873 -6.01920452011943
2024-05-27T09:58:30.000 -2627.136254954410 -6129.474366475200 -1291.541393347510 4.88414925407627 -0.86690895469966 -5.84168592795973
2024-05-27T10:02:30.000 -1373.493319073130 -6111.680714775220 -2629.240863682050 5.49886252933087 1.01390401031673 -5.23756200145551
2024-05-27T10:06:30.000 -19.831601940628 -5648.919152871750 -3774.990186559760 5.71270674115478 2.81845728023394 -4.25210463536686
2024-05-27T10:10:30.000 1335.297679379670 -4775.450002568750 -4645.519677905130 5.51121224944587 4.41569259656714 -2.95823629007542
2024-05-27T10:14:30.000 2593.499617819350 -3555.239134997910 -5177.806943725780 4.91003992467115 5.69057329636774 -1.45065157160185
2024-05-27T10:18:30.000 3663.602757419050 -2077.141032810350 -5333.464152063190 3.95327749319036 6.55187122684807 0.16130403686246
2024-05-27T10:22:30.000 4468.097210270590 -448.444794018999 -5101.341391483590 2.71000554134502 6.93800443017878 1.76128480187127
2024-05-27T10:26:30.000 4948.596595182800 1212.760557780960 -4498.263149199000 1.26959834434943 6.82107497603553 3.23386312152507
2024-05-27T10:30:30.000 5070.002576864870 2785.948542872110 -3567.856587380510 -0.26432707325378 6.20881226537544 4.47236110055261
2024-05-27T10:34:30.000 4823.119010346710 4156.743330529400 -2377.558345410140 -1.78077864196547 5.14457269955063 5.38627558531378
2024-05-27T10:38:30.000 4225.487182178680 5225.230055734190 -1013.884004591290 -3.16929097316022 3.70486296578375 5.90815194867789
2024-05-27T10:42:30.000 3320.280455676320 5913.349730219630 423.787551191020 -4.32809717803422 1.99424400427044 5.99901207325892
2024-05-27T10:46:30.000 2173.251575357960 6170.767509324150 1830.499675804570 -5.17204936131818 0.13774520041122 5.65169197738530
2024-05-27T10:50:30.000 867.913111149006 5978.672042226090 3103.491862000060 -5.63923853497124 -1.72867779872352 4.89155329477729
2024-05-27T10:54:30.000 -500.638069219066 5351.149356424410 4149.821220618990 -5.69563290310273 -3.46858822753660 3.77448726889889
2024-05-27T10:58:30.000 -1832.742991924440 4334.061551622330 4893.190574771360 -5.33744466769110 -4.95525361880687 2.38239996474878
2024-05-27T11:02:30.000 -3031.476381566170 3001.576704388990 5279.466197539480 -4.59100470555937 -6.08093522764641 0.81688469646474
2024-05-27T11:06:30.000 -4009.634868589230 1450.692853607970 5280.510936799880 -3.51049004712673 -6.76418120072145 -0.80829170064867
2024-05-27T11:10:30.000 -4695.983724069970 -205.768083180972 4896.162806637400 -2.17399852590278 -6.95532376924009 -2.37514003774494
2024-05-27T11:14:30.000 -5040.378302660250 -1847.237533586970 4154.270370992510 -0.67821725057822 -6.63989040503369 -3.76955742249686
2024-05-27T11:18:30.000 -5017.473385629360 -3354.076556743500 3108.791586431690 0.86810817435068 -5.84016176319778 -4.88943394220433
2024-05-27T11:22:30.000 -4628.688596674110 -4616.313039882340 1835.970153838970 2.35203986664511 -4.61397511815399 -5.65233336593826
2024-05-27T11:26:30.000 -3902.229540571150 -5541.766518076740 428.825714742002 3.66469931655569 -3.05091548970824 -6.00184130297258
2024-05-27T11:30:30.000 -2891.102562627200 -6062.948760862920 -1009.698274911730 4.70966245299888 -1.26586141574615 -5.91226235728106
2024-05-27T11:34:30.000 -1669.189083656020 -6142.107137685400 -2374.415881183580 5.41052848394400 0.60989077515610 -5.39070977429896
2024-05-27T11:38:30.000 -325.699221933923 -5773.956191185980 -3565.739888843670 5.71675086083540 2.43885673239648 -4.47638096221353
2024-05-27T11:42:30.000 1041.499270313010 -4985.881948849650 -4497.021760265720 5.60709214352448 4.08797257185574 -3.23711486154815
2024-05-27T11:46:30.000 2333.081470369340 -3835.694146818480 -5100.788433429690 5.09061266212253 5.43827758620860 -1.76380563673242
2024-05-27T11:50:30.000 3455.424774955000 -2407.228639285120 -5333.464208455060 4.20540036871511 6.39304297928524 -0.16347963477704
2024-05-27T11:54:30.000 4327.243151737940 -804.221919534964 -5178.340211069460 3.01552532629492 6.88405452078353 1.44830555283708
2024-05-27T11:58:30.000 4885.303310305050 857.091814669237 -4646.678810115770 1.60651632071814 6.87593534272769 2.95531071248576
2024-05-27T12:02:30.000 5088.924167705990 2456.201891419730 -3776.940957180300 0.07972011118030 6.36870120168504 4.24843773275982
2024-05-27T12:06:30.000 4922.963813115290 3876.909999992330 -2632.139964413100 -1.45458901115320 5.39812270502302 5.23340213896183
2024-05-27T12:10:30.000 4399.069265574490 5015.720563423290 -1295.437537521400 -2.88478724867694 4.03377728015003 5.83767206187761
2024-05-27T12:14:30.000 3555.009453804290 5789.472569590780 135.801684402125 -4.10619057483008 2.37455407058806 6.01623318915763
2024-05-27T12:18:30.000 2452.041716234380 6141.573171149540 1557.115121010170 -5.02903522569284 0.54160554134642 5.75539834134719
2024-05-27T12:22:30.000 1170.451077954330 6046.278076503140 2864.674537022730 -5.58556343475853 -1.33082144478321 5.07412717225538
2024-05-27T12:26:30.000 -196.394220904552 5510.598887326560 3962.995576658970 -5.73516978182968 -3.10576021752744 4.02251088777570
2024-05-27T12:30:30.000 -1548.945596006510 4573.704142053260 4771.967780841270 -5.46723364226014 -4.65387425072408 2.67769798828324
2024-05-27T12:34:30.000 -2788.768557372650 3303.942666502680 5232.657736755540 -4.80153571273485 -5.86279082017564 1.13792970570249
2024-05-27T12:38:30.000 -3825.667603368520 1793.779526326340 5311.522067241420 -3.78648964671882 -6.64504891688334 -0.48478796091957
2024-05-27T12:42:30.000 -4584.156516742520 153.085371985185 5002.755778917590 -2.49552418286271 -6.94389066653625 -2.07262968962741
2024-05-27T12:46:30.000 -5008.877099399520 -1498.748497999010 4328.717014029770 -1.02198351576270 -6.73720683445909 -3.51010651973161
2024-05-27T12:50:30.000 -5068.639376040840 -3041.376553645270 3338.388842293830 0.52721077566200 -6.03927005852437 -4.69213797143889
2024-05-27T12:54:30.000 -4758.817317161940 -4362.231935715800 2103.951560661680 2.03896129630411 -4.90035690781450 -5.53174688294879
2024-05-27T12:58:30.000 -4101.832165890540 -5364.845694268570 715.589828345605 3.40239771421126 -3.40356781737750 -5.96687534348058
2024-05-27T13:02:30.000 -3145.593084432560 -5976.058073323660 -725.134870196961 4.51737232044049 -1.65882278808203 -5.96543281089687
2024-05-27T13:06:30.000 -1959.967587231290 -6151.491644068050 -2112.846503151810 5.30225596589657 0.20550431655576 -5.52793846118603
2024-05-27T13:10:30.000 -631.544019390441 -5878.798592794920 -3346.219060270470 5.70019129140744 2.05262359552897 -4.68736376727115
2024-05-27T13:14:30.000 742.845115794853 -5178.414230480410 -4335.472985273820 5.68316299064643 3.74788252199606 -3.50625240441094
2024-05-27T13:18:30.000 2063.289431968540 -4101.819407340980 -5008.876397177390 5.25356588768540 5.16878006817726 -2.07143369197426
2024-05-27T13:22:30.000 3234.033275068170 -2727.573612373070 -5317.790830880070 4.44332716760034 6.21342110870460 -0.48732106124497
2024-05-27T13:26:30.000 4170.277242955040 -1155.536199825070 -5239.999008197540 3.31123558055203 6.80715101758755 1.13160639947748
2024-05-27T13:30:30.000 4804.148073145550 500.283119141142 -4781.189642245530 1.93874143656734 6.90735355329309 2.66859874857566
2024-05-27T13:34:30.000 5089.502737771940 2119.797995114270 -3974.551454713530 0.42447900517233 6.50631175382934 4.01253826704829
2024-05-27T13:38:30.000 5005.292698059210 3585.365898710620 -2878.499060174530 -1.12224720318338 5.63209494102003 5.06556534619525
2024-05-27T13:42:30.000 4557.230207773120 4790.272438243360 -1572.618430342030 -2.58907163579224 4.34726275533715 5.75025868658280
2024-05-27T13:46:30.000 3777.543633331870 5646.577206847560 -151.991886789976 -3.86877280993777 2.74480069740229 6.01577397222734
2024-05-27T13:50:30.000 2722.762540969230 6091.673931908080 1279.723585319830 -4.86737526193996 0.94156493088907 5.84201628425104
2024-05-27T13:54:30.000 1469.632083113350 6093.013728342800 2617.948448524550 -5.51150531252948 -0.93043452239895 5.24147567488477
2024-05-27T13:58:30.000 109.444983560334 5650.539228655870 3764.944619748220 -5.75407129160332 -2.73419514543963 4.25828547210838
2024-05-27T14:02:30.000 -1258.719839549230 4796.625655257140 4637.028742345220 -5.57763954579589 -4.33814430715688 2.96463888390387
2024-05-27T14:06:30.000 -2535.276780618070 3593.596193287720 5170.658846116320 -4.99537467196004 -5.62579400973853 1.45510254088975
2024-05-27T14:10:30.000 -3627.356463162910 2129.086036114470 5326.979164658200 -4.04969195393302 -6.50391969011035 -0.16042224456826
2024-05-27T14:14:30.000 -4455.474798470260 509.657785236434 5094.565402295110 -2.80904757263826 -6.90889513084068 -1.76460475706997
2024-05-27T14:18:30.000 -4959.239107735000 -1146.856466731960 4490.229312933540 -1.36316015276765 -6.81099813337161 -3.24082681730694
2024-05-27T14:22:30.000 -5101.736389604840 -2719.812122623440 3557.869360727810 0.18315495344300 -6.21669951599965 -4.48133542040251
2024-05-27T14:26:30.000 -4872.304329558780 -4094.481762932110 2365.400332374590 1.71723546213999 -5.16864365839893 -5.39499387186497
2024-05-27T14:30:30.000 -4287.458196099710 -5170.481013677100 999.895821901049 3.12667622721068 -3.74304594457930 -5.91433281943605
2024-05-27T14:34:30.000 -3389.802230766440 -5869.253447309960 -438.772335136576 4.30790700689919 -2.04450365439607 -6.00092498233040
2024-05-27T14:38:30.000 -2244.911694552220 -6139.979662713120 -1845.355980833640 5.17432256617017 -0.19802841940537 -5.64871532197904
2024-05-27T14:42:30.000 -936.425171917565 -5963.320326481830 -3117.104862181620 5.66296570663221 1.66077788625846 -4.88438911782811
2024-05-27T14:46:30.000 440.232251950610 -5352.703138551720 -4161.383976713080 5.73913299060482 3.39621834453170 -3.76493157613834
2024-05-27T14:50:30.000 1784.926529693000 -4353.105855545010 -4902.407010963260 5.39840999147388 4.88266151527077 -2.37280288779756
2024-05-27T14:54:30.000 3000.093518863460 -3037.557742115660 -5286.606994544440 4.66641691504131 6.01332963911800 -0.80952653336545
2024-05-27T14:58:30.000 3997.703459988000 -1501.717484190490 -5286.324827040060 3.59643429685998 6.70741829750801 0.81180646040607
2024-05-27T15:02:30.000 4705.457506913790 143.005114494611 -4901.659780341240 2.26552003329479 6.91518558800083 2.37427422317052
2024-05-27T15:06:30.000 5071.897257468360 1777.342773483700 -4160.444587646670 0.76931752989591 6.62129130241164 3.76499546241553
2024-05-27T15:10:30.000 5070.122025259140 3282.629917788630 -3116.339352245570 -0.78432071246793 5.84613140808023 4.88289003842895
2024-05-27T15:14:30.000 4699.851717894850 4549.319628152460 -1845.111351279490 -2.28271413799689 4.64494879567428 5.64596679265334
2024-05-27T15:18:30.000 3987.629084611620 5484.989753334440 -439.271650588590 -3.61637599506449 3.10445236216964 5.99761370622522
2024-05-27T15:22:30.000 2985.052310378940 6021.252220435920 998.627264463024 -4.68741804944499 1.33697440446072 5.91139871186317
2024-05-27T15:26:30.000 1765.035249866540 6118.906641099120 2363.568467074900 -5.41722161459230 -0.52815497661434 5.39336377020500
2024-05-27T15:30:30.000 416.438248575595 5770.851612764460 3555.860128986010 -5.75235536967509 -2.35447090420760 4.48153154263441
2024-05-27T15:34:30.000 -962.496785516039 5002.567137122930 4488.493669198540 -5.66854324464970 -4.00864414446717 3.24287159357610
2024-05-27T15:38:30.000 -2271.382639834120 3870.153992756360 5093.498998681920 -5.17223240510118 -5.37040424734388 1.76803097652438
2024-05-27T15:42:30.000 -3414.996140898910 2456.130800621870 5326.823508452390 -4.29967346499535 -6.34114163540578 0.16443269508557
2024-05-27T15:46:30.000 -4310.121487328690 863.400846389086 5171.443701151480 -3.11406462183837 -6.85055287721315 -1.45142290407683
2024-05-27T15:50:30.000 -4891.515988348120 -792.155464595515 4638.574369265850 -1.70112438998718 -6.86142893636017 -2.96210137238357
2024-05-27T15:54:30.000 -5116.636835613990 -2389.994630834320 3766.900588957880 -0.16319834899845 -6.37238930097994 -4.25746559666945
2024-05-27T15:58:30.000 -4968.801231744460 -3813.609761328270 2619.883291045980 1.38778530022594 -5.41835548640817 -5.24243537765369
2024-05-27T16:02:30.000 -4458.558248625090 -4959.071601297420 1281.249215254260 2.83827607578259 -4.06863996524841 -5.84437446488340
2024-05-27T16:06:30.000 -3623.027113073670 -5742.746516724140 -151.128565645206 4.08179853391199 -2.42204641485155 -6.01878261383837
2024-05-27T16:10:30.000 -2523.217639760380 -6107.559560675010 -1572.456724888000 5.02704593330276 -0.59971086774645 -5.75294250893508
2024-05-27T16:14:30.000 -1239.490706461970 -6027.259614286560 -2878.862669944930 5.60514253841583 1.26439236780662 -5.06715871162244
2024-05-27T16:18:30.000 134.490645884368 -5508.233073036550 -3975.126720733080 5.77474827700459 3.03399734116069 -4.01268598373834
2024-05-27T16:22:30.000 1498.728835237200 -4588.813374044710 -4781.629517390520 5.52463307740423 4.58077185154213 -2.66737156388876
2024-05-27T16:26:30.000 2754.191906109120 -3336.257951968050 -5240.023935881810 4.87393546245593 5.79342430925192 -1.12948370797964
2024-05-27T16:30:30.000 3809.911142241210 -1841.720811945660 -5317.276297252330 3.87023155107655 6.58520343481048 0.48954936568242
2024-05-27T16:34:30.000 4589.399043762890 -213.651399499407 -5007.898270483780 2.58589826707351 6.89947737857188 2.07293750480697
2024-05-27T16:38:30.000 5036.038254281850 1429.901859423870 -4334.289927708580 1.11322654546988 6.71336219853472 3.50637406525425
2024-05-27T16:42:30.000 5117.148124300800 2969.650962228550 -3345.203983491590 -0.44172048941840 6.03953548425784 4.68583835024715
2024-05-27T16:46:30.000 4826.443902698260 4293.603376845680 -2112.377311151150 -1.96631833052395 4.92585654303063 5.52499314090910
2024-05-27T16:50:30.000 4184.665745489540 5305.221871211490 -725.476934073118 -3.34936612272074 3.45258074355342 5.96176656396378
2024-05-27T16:54:30.000 3238.230675327560 5930.594371983580 714.377015629275 -4.48946893200099 1.72684908089924 5.96344657362230
2024-05-27T16:58:30.000 2055.930088122700 6123.987711356690 2102.036627490920 -5.30278283148620 -0.12508668527625 5.52947054319696
2024-05-27T17:02:30.000 723.876593799208 5871.311712709200 3336.144369927980 -5.72978377819886 -1.96757941117940 4.69175547026680
2024-05-27T17:06:30.000 -660.903139617456 5191.093326819620 4326.635593799410 -5.73952441779757 -3.66614583097930 3.51183134200681
2024-05-27T17:10:30.000 -1997.596782611660 4133.011866998940 5001.305916637180 -5.33155409850605 -5.09724952666434 2.07605306364375
2024-05-27T17:14:30.000 -3188.943822965050 2774.184272673810 5311.019133480940 -4.53570766996494 -6.15713219227947 0.48910530622206
2024-05-27T17:18:30.000 -4148.262564124230 1213.511193926390 5233.201097778600 -3.40972854763407 -6.76906011644794 -1.13369985555605
2024-05-27T17:22:30.000 -4805.664316096440 -435.467091276768 4773.419198496040 -2.03499691927032 -6.88845729966433 -2.67449299896017
2024-05-27T17:26:30.000 -5113.091517677660 -2052.708274938300 3965.023795072700 -0.51102742594909 -6.50607958752574 -4.02099296475996
2024-05-27T17:30:30.000 -5047.872760420170 -3520.321138178330 2866.838122169880 1.05137674766713 -5.64907267096985 -5.07449818416275
2024-05-27T17:34:30.000 -4614.512506296940 -4731.178424347650 1558.992365055720 2.53793202048983 -4.37954288232079 -5.75732365892363
2024-05-27T17:38:30.000 -3844.499391364710 -5596.868606375910 137.095840718509 3.83952270830148 -2.79040466317195 -6.01903676699529
2024-05-27T17:42:30.000 -2794.036560385710 -6054.305627290100 -1294.835183443060 4.86062558302177 -0.99843943729209 -5.84047957373690
2024-05-27T17:46:30.000 -1539.879176973650 -6070.422568853380 -2632.124374458200 5.52662958344674 0.86458427186970 -5.23536481865518
2024-05-27T17:50:30.000 -173.574819790539 -5644.549649892170 -3777.239396152930 5.78963318530370 2.66224739028974 -4.24904450638824
2024-05-27T17:54:30.000 1205.379515855550 -4808.262926151290 -4646.952141344730 5.63160228719793 4.26393611895517 -2.95453160004766
2024-05-27T17:58:30.000 2496.836752310330 -3622.832111139340 -5178.298332676370 5.06507844173027 5.55425031015747 -1.44656119442273
2024-05-27T18:02:30.000 3607.199201261450 -2174.602260621550 -5332.958610187830 4.13169608203582 6.44079490996192 0.16546622629097
2024-05-27T18:06:30.000 4456.042457015830 -568.710276257651 -5099.861313849120 2.89891453067235 6.86020660701631 1.76519373478783
2024-05-27T18:10:30.000 4981.770154070940 1078.409207064950 -4495.905546662650 1.45529972075694 6.78220487049832 3.23721134614997
2024-05-27T18:14:30.000 5146.007294948210 2647.256798885370 -3564.794076374420 -0.09527504845102 6.21175035951751 4.47484716383208
2024-05-27T18:18:30.000 4936.451798863220 4023.792660492760 -2374.022757470330 -1.64066553758823 5.18919959736735 5.38770852582742
2024-05-27T18:22:30.000 4367.926099752050 5107.705329425590 -1010.141742137740 -3.06834155023749 3.78801322864109 5.90843048840211
2024-05-27T18:26:30.000 3481.476013586910 5819.832485467250 427.455960759202 -4.27370791654829 2.10994736177869 5.99812546282815
2024-05-27T18:30:30.000 2341.474915744710 6108.106447053920 1833.823999898880 -5.16823418543396 0.27760150702987 5.64973131958890
2024-05-27T18:34:30.000 1030.917961154360 5951.470204754920 3106.232030586680 -5.68627454453528 -1.57484485420294 4.88868529163240
2024-05-27T18:38:30.000 -354.718546825352 5361.429591102940 4151.790979831090 -5.79011629428497 -3.31198311152532 3.77098703368959
2024-05-27T18:42:30.000 -1714.543831980700 4381.105026718280 4894.272140651880 -5.47255491103588 -4.80739247543929 2.37852860746679
2024-05-27T18:46:30.000 -2949.618363045260 3081.959655589420 5279.590913938050 -4.75687169269956 -5.95267079880808 0.81281366376775
2024-05-27T18:50:30.000 -3970.075997608840 1558.557521372700 5279.656673906750 -3.69494903981623 -6.66482003148097 -0.81233236205718
2024-05-27T18:54:30.000 -4701.587151490550 -78.267096539164 4894.373426660120 -2.36359431756515 -6.89205063575733 -2.37883981667800
2024-05-27T18:58:30.000 -5090.715738276870 -1709.374557355570 4151.661897185090 -0.85911200035880 -6.61735000506522 -3.77264383162678
2024-05-27T19:02:30.000 -5108.842442325130 -3215.887392987880 3105.537667269890 0.70917428786971 -5.85998930746798 -4.89169433575415
2024-05-27T19:06:30.000 -4754.384525695270 -4487.846012830250 1832.292606971070 2.22666400510566 -4.67466649413407 -5.65357358659468
2024-05-27T19:10:30.000 -4053.046687941480 -5432.352827924050 424.987834870964 3.58200710246885 -3.14802857679756 -6.00192589991489
2024-05-27T19:14:30.000 -3056.011429918450 -5980.525785158360 -1013.416050057400 4.67563452532043 -1.39228762548278 -5.91118313949649
2024-05-27T19:18:30.000 -1836.144742194330 -6092.635479769830 -2377.741034620650 5.42759221235916 0.46341302976083 -5.38853223000146
2024-05-27T19:22:30.000 -482.526202924246 -5760.984115372580 -3568.420863291750 5.78355429016682 2.28302900724033 -4.47321414952053
2024-05-27T19:26:30.000 906.208839019596 -5010.302197684560 -4498.843182828330 5.71864490953117 3.93408769244724 -3.23316181474473
2024-05-27T19:30:30.000 2229.143125674930 -3895.697609573910 -5101.595466236400 5.23872858622224 5.29742452135036 -1.75936059806785
2024-05-27T19:34:30.000 3390.368138901590 -2498.445689891540 -5333.180125113660 4.37932702159032 6.27535482507711 -0.15889157852605
2024-05-27T19:38:30.000 4305.780930235480 -920.036559409581 -5176.975537896620 3.20268703208858 6.79800522699918 1.45265815367617
2024-05-27T19:42:30.000 4909.001978540690 725.073743193005 -4644.333645872290 1.79340940834697 6.82778838034356 2.95907719418351
2024-05-27T19:46:30.000 5156.083748841510 2317.561351977100 -3773.792725818980 0.25279773946651 6.36200626886813 4.25131633057559
2024-05-27T19:50:30.000 5028.735007398170 3741.724113645040 -2628.432239783420 -1.30786310020465 5.43345111974459 5.23515725173050
2024-05-27T19:54:30.000 4535.800493447870 4893.840265168690 -1291.456012638860 -2.77509167837880 4.10866743313103 5.83818751745354
2024-05-27T19:58:30.000 3712.792057137080 5689.804728602690 139.755086659103 -4.04153748991317 2.48365284633255 6.01548908127077
2024-05-27T20:02:30.000 2619.424895665090 6071.430856895060 1560.746905087880 -5.01418443068261 0.67706134105825 5.75349363685732
2024-05-27T20:06:30.000 1335.268301677350 6010.838698394840 2867.731018180560 -5.62167973821431 -1.17885970259882 5.07127824193789
2024-05-27T20:10:30.000 -46.139733295139 5512.504186343090 3965.278705588280 -5.81966968377176 -2.94842780887705 4.01895553718235
2024-05-27T20:14:30.000 -1424.196905380390 4612.863492490390 4773.340381504880 -5.59399159296381 -4.50266773158588 2.67372059204625
2024-05-27T20:18:30.000 -2698.622052662210 3377.534023750180 5233.051975556640 -4.96137091308884 -5.72883802239769 1.13378730495246
2024-05-27T20:22:30.000 -3776.703537206450 1896.445124758840 5310.921178876950 -3.96772414512794 -6.53820722234235 -0.48891190330035
2024-05-27T20:26:30.000 -4579.934857537030 277.340026632135 5001.185704844040 -2.68484949584831 -6.87190795340168 -2.07654213421837
2024-05-27T20:30:30.000 -5049.679116235110 -1361.945328113820 4326.261150715500 -1.20555789962830 -6.70525052587865 -3.51352647117209
2024-05-27T20:34:30.000 -5151.458648669590 -2901.969068093230 3335.200716138840 0.36279026570987 -6.04966014093618 -4.69478003409604
2024-05-27T20:38:30.000 -4877.575500701570 -4230.353818259820 2100.244434523940 1.90573181018176 -4.95232519202539 -5.53339504399974
2024-05-27T20:42:30.000 -4247.819297878970 -5250.075518918770 711.624188697542 3.31010646055457 -3.49328544988944 -5.96735730897005
2024-05-27T20:46:30.000 -3308.116203376080 -5886.716418684290 -729.067139994432 4.47269193085829 -1.77971088393383 -5.96467067244144
2024-05-27T20:50:30.000 -2127.145648917020 -6094.039234287700 -2116.450800611370 5.30836518626242 0.06228376852329 -5.52598238882605
2024-05-27T20:54:30.000 -791.178509658981 -5857.363435312340 -3349.222514789850 5.75654398153822 1.89753948519386 -4.68433693232543
2024-05-27T20:58:30.000 602.377519092818 -5194.496889969970 -4337.638175662360 5.78553510425144 3.59221972311146 -3.50233056928341
2024-05-27T21:02:30.000 1952.186335013420 -4154.201613725220 -5010.019397201310 5.39438982962993 5.02377055420233 -2.06689113655499
2024-05-27T21:06:30.000 3160.338338152840 -2812.427472294300 -5317.805481628890 4.61234232035500 6.08946128115366 -0.48253015113367
2024-05-27T21:10:30.000 4139.323497863430 -1266.703563905180 -5238.876198373090 3.49624062393539 6.71316349816086 1.13622947483646
2024-05-27T21:14:30.000 4818.185495662110 370.861212120481 -4779.015707039920 2.12639543751721 6.85015095044120 2.67267390498879
2024-05-27T21:18:30.000 5147.536405995480 1981.511888994850 -3971.497858912730 0.60122994592766 6.49011111525870 4.01574696750272
2024-05-27T21:22:30.000 5103.141584432870 3448.269147624680 -2874.804602169870 -0.96922722982119 5.65816356805146 5.06766431247610
2024-05-27T21:26:30.000 4687.820505373430 4664.355291448690 -1568.568583410510 -2.47091578993222 4.41380495530696 5.75110712940634
2024-05-27T21:30:30.000 3931.415551243010 5541.038996345810 -147.892024237588 -3.79410835211678 2.84705550197180 6.01534632567621
2024-05-27T21:34:30.000 2888.753116708260 6014.245879655720 1283.572252055430 -4.84167294677607 1.07213834363148 5.84037005152439
2024-05-27T21:38:30.000 1635.688207322790 6049.391858984480 2621.271783298070 -5.53667278937842 -0.78100832744112 5.23878450010126
2024-05-27T21:42:30.000 263.496745442437 5643.962774280950 3767.522564599030 -5.82834374855301 -2.57680221414018 4.25481268591163
2024-05-27T21:46:30.000 -1127.887345944040 4827.625276552120 4638.706770008770 -5.69568064630452 -4.18433813105042 2.96064916649332
2024-05-27T21:50:30.000 -2437.194548736830 3659.943989937220 5171.342127722210 -5.14858795013952 -5.48684203932002 1.45085150418350
2024-05-27T21:54:30.000 -3569.174392746100 2225.964249010640 5326.637407755960 -4.22694769922842 -6.39002706533911 -0.16467823249439
2024-05-27T21:58:30.000 -4441.433559170870 630.001248983804 5093.220061707580 -2.99735768815445 -6.82844438342271 -1.76868509713851
2024-05-27T22:02:30.000 -4990.333739107090 -1011.827602870850 4487.944207894840 -1.54865790342774 -6.76979765190816 -3.24454245301620
2024-05-27T22:06:30.000 -5175.644508677090 -2579.923639892240 3554.766006442960 0.01405864164979 -6.21764160893694 -4.48439163797128
2024-05-27T22:10:30.000 -4983.575764347110 -3959.891773252360 2361.669583212860 1.57687117299554 -5.21157728119172 -5.39711967819089
2024-05-27T22:14:30.000 -4427.921213572250 -5050.948178326970 995.791317712821 3.02526502025965 -3.82481917840885 -5.91529345777734
2024-05-27T22:18:30.000 -3549.162314748570 -5773.433249896470 -442.954927410910 4.25278827152143 -2.15912330326117 -6.00061024494448
2024-05-27T22:22:30.000 -2411.515899200160 -6074.790176409700 -1849.311138353470 5.16942997125930 -0.33709330577149 -5.64713796379198
2024-05-27T22:26:30.000 -1098.113972506610 -5933.436689605580 -3120.535992942460 5.70855009285645 1.50742801526662 -4.88161916031375
2024-05-27T22:30:30.000 295.233066533095 -5360.226919920410 -4164.021819073330 5.83175553951161 3.23973856192619 -3.76112289838734
2024-05-27T22:34:30.000 1667.146476732910 -4397.427545955210 -4904.031045031490 5.53121771892516 4.73434648196189 -2.36821645234439
2024-05-27T22:38:30.000 2918.062174519720 -3115.417356103460 -5287.069343835440 4.82969156418030 5.88383726097456 -0.80449752792833
2024-05-27T22:42:30.000 3957.347173276970 -1607.452858625560 -5285.570614070860 3.77834881453560 6.60601284595219 0.81683815953463
2024-05-27T22:46:30.000 4709.694912489580 17.058966169548 -4899.743230911630 2.45297292768346 6.84920085667179 2.37886069509253
2024-05-27T22:50:30.000 5120.433597275720 1640.323586037080 -4157.517228790470 0.94878337782847 6.59557471769883 3.76878399198417
2024-05-27T22:54:30.000 5159.460094937770 3144.495105959170 -3112.625491802120 -0.62584566031307 5.86262214925927 4.88561444658284
2024-05-27T22:58:30.000 4823.531132736110 4420.125755843420 -1840.892473318660 -2.15675786341933 4.70252590329544 5.64741923235540
2024-05-27T23:02:30.000 4136.688741018050 5374.167466123920 -434.868376544260 -3.53213530693803 3.19905138676840 5.99769886303416
2024-05-27T23:06:30.000 3148.669237208860 5936.915424399170 1002.891412490430 -4.65109983629756 1.46173379251177 5.91016921900824
2024-05-27T23:10:30.000 1931.314278631060 6067.237047334780 2367.388702240090 -5.43148862591748 -0.38235090053677 5.39091660706799
2024-05-27T23:14:30.000 573.290397919091 5755.651215706950 3558.964521519180 -5.81616848632789 -2.19821444568117 4.47805755902637
2024-05-27T23:18:30.000 -826.479559240865 5024.988031044310 4490.671842163410 -5.77730283410938 -3.85331857727955 3.23868269520047
2024-05-27T23:22:30.000 -2166.102941035050 3928.593711823560 5094.616397987450 -5.31805387584236 -5.22742469066560 1.76342084566162
2024-05-27T23:26:30.000 -3348.119632393540 2546.343561459010 5326.809640931790 -4.47191945729424 -6.22096872416880 0.15966672076191
2024-05-27T23:30:30.000 -4286.513663930330 978.817730447177 5170.297472023230 -3.30018061723255 -6.76199070512915 -1.45604989124173
2024-05-27T23:34:30.000 -4912.878659448480 -659.953932416043 4636.358428595950 -1.88744501796337 -6.81097348847238 -2.96634459640713
2024-05-27T23:38:30.000 -5181.364364183180 -2250.648488069860 3763.740728263660 -0.33603101257172 -6.36365626313655 -4.26103786674659
2024-05-27T23:42:30.000 -5072.112238891540 -3677.259160610430 2615.973327570310 1.24106305093766 -5.45188070719493 -5.24507747469905
2024-05-27T23:46:30.000 -4592.852726258350 -4835.612008085840 1276.841978094080 2.72837766027489 -4.14186845914873 -5.84583017111018
2024-05-27T23:50:30.000 -3778.453300450120 -5641.115024132660 -155.720002980424 4.01665510898548 -2.52960914586304 -6.01884534767620
2024-05-27T23:54:30.000 -2688.407014712480 -6035.100508325630 -1576.894987863250 5.01131632449508 -0.73375278711473 -5.75160803339925
2024-05-27T23:58:30.000 -1402.382676466380 -5989.181926390920 -2882.817322260380 5.63988430369956 1.11368102219489 -5.06447803214819
2024-05-28T00:02:30.000 -14.236684561561 -5507.235602395360 -3978.287870509740 5.85729852651421 2.87758115286309 -4.00878873235946
2024-05-28T00:06:30.000 1374.971228425290 -4624.909003586420 -4783.736335608970 5.64888136076243 4.42995659383946 -2.66253156753576
2024-05-28T00:10:30.000 2664.372613644860 -3406.780481870240 -5240.889420039970 5.03077271327022 5.65908177786318 -1.12404821543428
2024-05-28T00:14:30.000 3760.519167154390 -1941.526184696130 -5316.806802650810 4.04823409478072 6.47698685911300 0.49516586046187
2024-05-28T00:18:30.000 4583.988783095590 -335.495827992890 -5006.106106042100 2.77218943871227 6.82514746459417 2.07826382187063
2024-05-28T00:22:30.000 5074.988326198250 1294.851778158700 -4331.300225236610 1.29436570905342 6.67832718941566 3.51095980474442
2024-05-28T00:26:30.000 5197.633445515710 2831.200832483650 -3341.237137783280 -0.27884582695960 6.04642407634939 4.68935211860829
2024-05-28T00:30:30.000 4942.621312337300 4161.823491205620 -2107.718563216850 -1.83358450471240 4.97421553455333 5.52721510879067
2024-05-28T00:34:30.000 4328.085937655560 5189.701015863050 -720.457853948048 -3.25646489443570 3.53888542025799 5.96251949133144
2024-05-28T00:38:30.000 3398.461431517460 5839.741936178540 719.389008104019 -4.44313555224949 1.84487856116001 5.96264061069324
2024-05-28T00:42:30.000 2221.313343280950 6064.434472148360 2106.678229518450 -5.30645325860948 0.01610444384868 5.52720651272145
2024-05-28T00:46:30.000 882.367471113923 5847.402560771480 3340.078767120690 -5.78318957300893 -1.81355081513989 4.68815551279142
2024-05-28T00:50:30.000 -520.837784163764 5204.576818493230 4329.570896151430 -5.83871863855677 -3.51046894165145 3.50716520141171
2024-05-28T00:54:30.000 -1886.139275236810 4182.919272579550 5003.032154216320 -5.46930547036376 -4.95125145609594 2.07071239803021
2024-05-28T00:58:30.000 -3114.198015507260 2856.890864665980 5311.421298600230 -4.70202094814175 -6.03148195556141 0.48346863630252
2024-05-28T01:02:30.000 -4115.663805775380 1322.995963748610 5232.249105335820 -3.59249178259878 -6.67292198420770 -1.13928277640403
2024-05-28T01:06:30.000 -4817.576743321080 -307.177466799238 4771.173397225600 -2.22088697186468 -6.82885438364135 -2.67962856204058
2024-05-28T01:10:30.000 -5168.628783530060 -1914.965487223830 3961.637062963440 -0.68644446431370 -6.48738981437013 -4.02530657829091
2024-05-28T01:14:30.000 -5142.957902859980 -3383.169642298340 2862.546334206050 0.89925312759045 -5.67266008464176 -5.07768733639233
2024-05-28T01:18:30.000 -4742.174017721770 -4604.614508772200 1554.091157296920 2.42025510108501 -4.44362855341288 -5.75918053415293
2024-05-28T01:22:30.000 -3995.380529510200 -5490.094924560730 131.927391931795 3.76487778495216 -2.89020825826206 -6.01937850330795
2024-05-28T01:26:30.000 -2957.101020137710 -5975.061931546760 -1299.892003487320 4.83434761627183 -1.12665267774602 -5.83921009450114
2024-05-28T01:30:30.000 -1703.225316010400 -6024.441413556790 -2636.689980857060 5.55056294931459 0.71731055512295 -5.23256072681699
2024-05-28T01:34:30.000 -325.299054578699 -5635.135243800280 -3780.963961156280 5.86193751224169 2.50666080576564 -4.24487691918839
2024-05-28T01:38:30.000 1076.309757393200 -4836.057874950530 -4649.538509190050 5.74691728691667 4.11132996740829 -2.94926605154806
2024-05-28T01:42:30.000 2399.784773423390 -3685.783023255070 -5179.525415138560 5.21494002177219 5.41567089438672 -1.44056682837760
2024-05-28T01:46:30.000 3549.184476877280 -2268.111968785600 -5332.700516506510 4.30514964027002 6.32625809627559 0.17177230369156
2024-05-28T01:50:30.000 4441.234449161960 -685.977780517629 -5098.098347382630 3.08331876635702 6.77795247467617 1.77135157473774
2024-05-28T01:54:30.000 5011.197490734880 945.890032958475 -4492.730887560540 1.63728336904605 6.73813075453976 3.24273699731327
2024-05-28T01:58:30.000 5217.495441397290 2509.090981560070 -3560.414994873500 0.07111772460431 6.20906588230661 4.47929450588013
2024-05-28T02:02:30.000 5044.776089868240 3890.004570573540 -2368.737410545500 -1.50197280217402 5.22814441336665 5.39076940675443
2024-05-28T02:06:30.000 4505.173324231090 4988.005192414820 -1004.311445769670 -2.96748958919355 3.86574583546868 5.90987667834137
2024-05-28T02:10:30.000 3637.618656808220 5722.898772318060 433.422055200109 -4.21805573695062 2.22076570497369 5.99778542269198
2024-05-28T02:14:30.000 2505.116590912050 6040.954499858220 1839.486232707980 -5.16176456721559 0.41345887745981 5.64755310276755
2024-05-28T02:18:30.000 1190.131322510630 5918.956677699420 3111.165696621690 -5.72941400477109 -1.42380768323874 4.88482456389642
2024-05-28T02:22:30.000 -211.529968251656 5365.897407023530 4155.621400967910 -5.87969392076792 -3.15672135035770 3.76570623035463
2024-05-28T02:26:30.000 -1597.799578486670 4422.214382402680 4896.702546248830 -5.60198961437897 -4.65916552611654 2.37221891147629
2024-05-28T02:30:30.000 -2867.800982536540 3156.716248858140 5280.433859678800 -4.91671913078855 -5.82221024412031 0.80598666540645
2024-05-28T02:34:30.000 -3929.129637329360 1661.526568813350 5278.854930030260 -3.87362301310866 -6.56161921514768 -0.81912338797106
2024-05-28T02:38:30.000 -4704.493239734820 45.420594248791 4891.994632708800 -2.54812721343390 -6.82365319367773 -2.38511317776292
2024-05-28T02:42:30.000 -5137.270366500880 -1573.976458032730 4147.886774478780 -1.03610022455047 -6.58876886983106 -3.77793548365057
2024-05-28T02:46:30.000 -5195.667993148000 -3078.651946438730 3100.647812946400 0.55262744076552 -5.87336237872150 -4.89563335310294
2024-05-28T02:50:30.000 -4875.164753696340 -4358.794209698230 1826.648519490040 2.10199479841771 -4.72907760887281 -5.65588794508600
2024-05-28T02:54:30.000 -4198.981037549910 -5320.915595810580 418.996596338756 3.49835070575341 -3.23949700911285 -6.00248629352588
2024-05-28T02:58:30.000 -3216.455319625830 -5894.841501153720 -1019.321322814700 4.63911439420586 -1.51411244145149 -5.90990198035408
2024-05-28T03:02:30.000 -1999.398384840170 -6038.961585427710 -2383.123057031580 5.44083178622922 0.32011837468782 -5.38547929234592
2024-05-28T03:06:30.000 -636.696373104391 -5743.243135031060 -3572.880303855930 5.84554241474063 2.12872090693933 -4.46862956943408
2024-05-28T03:10:30.000 772.344263228078 -5029.790907865990 -4502.050364169720 5.82482498622296 3.78005131143169 -3.22736778289636
2024-05-28T03:14:30.000 2125.313141784560 -3950.994566344720 -5103.305243580880 5.38129683947398 5.15487854340329 -1.75275004006824
2024-05-28T03:18:30.000 3324.100696566920 -2585.526498364750 -5333.250317656100 4.54786154661653 6.15464792672613 -0.15191538380360
2024-05-28T03:22:30.000 4281.860962020980 -1032.571752735200 -5175.373669414920 3.38488380033091 6.70787587184039 1.45953555545213
2024-05-28T03:26:30.000 4929.123656100610 595.251110126643 -4641.143614057000 1.97598352858373 6.77472758126836 2.96535011590030
2024-05-28T03:30:30.000 5218.734823073120 2179.862515989950 -3769.216874824290 0.42247391195784 6.34982586680430 4.25651887169227
2024-05-28T03:34:30.000 5129.312282917430 3606.125032879190 -2622.777859061890 -1.16341780109815 5.46302726862272 5.23888187987503
2024-05-28T03:38:30.000 4666.939469625490 4770.168285185170 -1285.114765438470 -2.66642495619133 4.17787594258189 5.84015422823019
2024-05-28T03:42:30.000 3864.887831861660 5587.016320797330 146.340404369253 -3.97664112198885 2.58739287547328 6.01552754102774
2024-05-28T03:46:30.000 2781.335835348640 5996.942231231690 1567.096568121120 -4.99777564005658 0.80770043099624 5.75148222321212
2024-05-28T03:50:30.000 1495.155453769070 5969.994043641210 2873.354979551400 -5.65482858121750 -1.03083853519025 5.06727151581956
2024-05-28T03:54:30.000 100.061644770321 5508.205018040120 3969.726039076030 -5.89985456011138 -2.79375699501753 4.01321252961003
2024-05-28T03:58:30.000 -1302.322700830890 4645.362911370350 4776.241187675300 -5.71528106686725 -4.35254724166733 2.66665626481989
2024-05-28T04:02:30.000 -2609.925382592970 3444.423407772180 5234.150488028910 -5.11486489417762 -5.59410639654194 1.12592681165036
2024-05-28T04:06:30.000 -3727.610471276100 1992.838962694170 5310.099032950280 -4.14224952585059 -6.42855727483206 -0.49694398224033
2024-05-28T04:10:30.000 -4573.996331781870 396.223605518581 4998.484385555390 -2.86776149044022 -6.79529444786689 -2.08405922411485
2024-05-28T04:14:30.000 -5087.319956360350 -1229.228831568490 4321.877593730140 -1.38359068649365 -6.66730387188252 -3.51993746967855
2024-05-28T04:18:30.000 -5229.938182201180 -2765.096931827380 3329.460267538360 0.20257700355432 -6.05319647133796 -4.69960683441095
2024-05-28T04:22:30.000 -4991.184713009250 -4099.319581428410 2093.571657609580 1.77499034877322 -4.99715135780113 -5.53629572761304
2024-05-28T04:26:30.000 -4388.287234642410 -5134.460622329260 704.506615171879 3.21840009477716 -3.57616903836668 -5.96814080134332
2024-05-28T04:30:30.000 -3465.205603576440 -5794.983132905150 -736.111284135254 4.42673735103322 -1.89461740998500 -5.96327872341775
2024-05-28T04:34:30.000 -2289.407129248000 -6032.903426447730 -2122.908373722310 5.31146937672911 -0.07622595465727 -5.52251604748299
2024-05-28T04:38:30.000 -946.802716644802 -5831.307017102600 -3354.625018695060 5.80840490758911 1.74550154578788 -4.67907339541756
2024-05-28T04:42:30.000 464.705556218191 -5205.452277947680 -4341.603576976450 5.88236523110512 3.43771181479627 -3.49569817931930
2024-05-28T04:46:30.000 1842.477949015590 -4201.403038064000 -5012.277229612000 5.52916719270808 4.87808708040052 -2.05937154367599
2024-05-28T04:50:30.000 3086.569576201730 -2892.456737647850 -5318.198436380070 4.77522149316904 5.96325108414054 -0.47459155545449
2024-05-28T04:54:30.000 4106.842919818700 -1373.751261250890 -5237.365587881960 3.67532238593023 6.61559040191772 1.14406468269754
2024-05-28T04:58:30.000 4829.327641033100 244.563491262839 -4775.690236887160 2.30860646185987 6.78827806344152 2.67987586703809
2024-05-28T05:02:30.000 5201.451883550870 1845.120649193990 -3966.573737301080 0.77328874052618 6.46838022615107 4.02177626343723
2024-05-28T05:06:30.000 5195.867284562560 3311.668783445130 -2868.622664951690 -0.81984926188710 5.67816211319668 5.07205158775128
2024-05-28T05:10:30.000 4812.564080373050 4537.444945174660 -1561.566829304120 -2.35510626765028 4.47406437964471 5.75349986838731
2024-05-28T05:14:30.000 4079.053519570730 5433.015273775140 -140.578878413927 -3.72030378203516 2.94323134494993 6.01553115654729
2024-05-28T05:18:30.000 3048.487394741970 5932.937046388840 1290.660696945180 -4.81529333317707 1.19721562234186 5.83831458624511
2024-05-28T05:22:30.000 1795.837662224150 6000.671258713030 2627.605257097930 -5.55960193389096 -0.63618043107104 5.23457662159294
2024-05-28T05:26:30.000 412.364822608098 5631.326305095590 3772.611045372510 -5.89883680085812 -2.42276456696197 4.24870080482705
2024-05-28T05:30:30.000 -1001.154490660530 4851.947372224030 4642.140237740910 -5.80850623755744 -4.03225579067490 2.95305846767325
2024-05-28T05:34:30.000 -2341.819477655020 3719.423368644540 5172.834810053760 -5.29546952555548 -5.34773076570554 1.44237353963890
2024-05-28T05:38:30.000 -3512.082666090130 2316.254312793840 5326.054331156890 -4.39714791588879 -6.27393015829016 -0.17337993326013
2024-05-28T05:42:30.000 -4426.767414964610 744.535782245473 5090.593680278700 -3.17855889907007 -6.74373484566385 -1.77688980731562
2024-05-28T05:46:30.000 -5019.168954226200 -881.373526702710 4483.479322891830 -1.72777384612538 -6.72267206809484 -3.25155002404624
2024-05-28T05:50:30.000 -5245.913561188090 -2443.054355306210 3548.817479520430 -0.15000037475410 -6.21165071324926 -4.48967262045390
2024-05-28T05:54:30.000 -5090.201628017640 -3826.607126971910 2354.700024990600 1.43981340282306 -5.24727683609578 -5.40029926755081
2024-05-28T05:58:30.000 -4563.174620955660 -4931.014792996060 988.331299140954 2.92522735939904 -3.89971192097553 -5.91618535089455
2024-05-28T06:02:30.000 -3703.217415234810 -5675.662337064670 -450.352804108679 4.19711302402428 -2.26778431184633 -5.99920977043681
2024-05-28T06:06:30.000 -2573.167905099390 -6006.379287048500 -1856.109383118130 5.16218506747850 -0.47160283639914 -5.64358520863766
2024-05-28T06:10:30.000 -1255.603332197920 -5899.442235945730 -3126.253467742560 5.75027280510147 1.35689455517772 -4.87622623884361
2024-05-28T06:14:30.000 153.362826652539 -5363.189466882220 -4168.265675744120 5.91939320365361 3.08418528470948 -3.75431683447053
2024-05-28T06:18:30.000 1551.210660155670 -4437.187363624160 -4906.524266250100 5.65838091754904 4.58513568237299 -2.36052866897245
2024-05-28T06:22:30.000 2836.491273328770 -3189.125104783780 -5287.668816239440 4.98715905140523 5.75189342823313 -0.79648924142084
2024-05-28T06:26:30.000 3916.076660542010 -1709.771338343740 -5284.256956314890 3.95466016204122 6.50099208865179 0.82469582678463
2024-05-28T06:30:30.000 4711.720742137070 -106.447696951138 -4896.610540555480 2.63525485893818 6.77872689122743 2.38607761379643
2024-05-28T06:34:30.000 5165.591081454680 1504.585727846960 -4152.779067371450 1.12372819136777 6.56473827246832 3.77486012362420
2024-05-28T06:38:30.000 5244.436276619610 3006.365630138760 -3106.614772094800 -0.47099686321966 5.87364937721583 4.89007224063895
2024-05-28T06:42:30.000 4942.112711547540 4289.617922421560 -1834.042154343050 -2.03327241601423 4.75463125008512 5.64991422894282
2024-05-28T06:46:30.000 4280.214013562180 5260.744851170850 -427.673432469924 -3.44903118607749 3.28844369012343 5.99805305792778
2024-05-28T06:50:30.000 3306.657988292480 5848.793513356710 1009.906803230510 -4.61440572154919 1.58189580773088 5.90832698218560
2024-05-28T06:54:30.000 2092.238737163610 6010.791309268190 2373.710349525820 -5.44386880624729 -0.24016212252820 5.38700955809186
2024-05-28T06:58:30.000 725.410204039145 5734.947865432950 3564.124146164330 -5.87670307098550 -2.04437908849075 4.47232615926725
2024-05-28T07:02:30.000 -694.253341162191 5041.491131086200 4494.269514402330 -5.88153170925689 -3.69897841675819 3.23147928041655
2024-05-28T07:06:30.000 -2063.402750100300 3981.076388418020 5096.361237233400 -5.45836460191190 -5.08376024320324 1.75528121079152
2024-05-28T07:10:30.000 -3282.420332272050 2630.969326343290 5326.551064288900 -4.63805925512589 -6.09840522143950 0.15121956667789
2024-05-28T07:14:30.000 -4262.588190082950 1089.420320273230 5168.040503396890 -3.48003568215078 -6.66938759706532 -1.46413880845559
2024-05-28T07:18:30.000 -4932.468176475750 -531.417774137882 4632.270946467180 -2.06801673617727 -6.75504670337912 -2.97340769579571
2024-05-28T07:22:30.000 -5243.067343661450 -2113.532329519170 3758.138963556650 -0.50427584291028 -6.34853880617348 -4.26651216540196
2024-05-28T07:26:30.000 -5171.478744749660 -3541.565321914640 2609.287913393790 1.09737061005992 -5.47879288449615 -5.24858035709489
2024-05-28T07:30:30.000 -4722.688352660220 -4711.263968242380 1269.578443332160 2.61971387214354 -4.20894179827310 -5.84712413325440
2024-05-28T07:34:30.000 -3929.341063282870 -5537.230269692980 -163.024405792990 3.95096875099634 -2.63202545003248 -6.01789979461793
2024-05-28T07:38:30.000 -2849.384063595120 -5959.314430345980 -1583.714080052770 4.99344645552048 -0.86405468152689 -5.74854107439014
2024-05-28T07:42:30.000 -1561.743420857720 -5947.078047202150 -2888.669393785660 5.67113761809633 0.96501675779589 -5.05954350707595
2024-05-28T07:46:30.000 -160.394987374225 -5501.937804564800 -3982.771501135140 5.93539469723426 2.72141181468148 -4.00239502004758
2024-05-28T07:50:30.000 1252.641205235250 -4656.850507591140 -4786.556336395610 5.76814145467139 4.27770026982117 -2.65514419912436
2024-05-28T07:54:30.000 2574.763347220200 -3473.673685748500 -5241.868189728100 5.18251810112207 5.52185930895209 -1.11618213617357
2024-05-28T07:58:30.000 3710.141477752560 -2038.530962301770 -5315.895065168550 4.22142570966117 6.36482053192282 0.50296753947860
2024-05-28T08:02:30.000 4576.500820212580 -455.571851781859 -5003.376373217570 2.95422258072904 6.74622608963435 2.08554182583340
2024-05-28T08:06:30.000 5110.919559216400 1160.420818129040 -4326.931116013130 1.47194018997358 6.63834535286990 3.51726426634496
2024-05-28T08:10:30.000 5274.340033867920 2692.162198648250 -3335.518272260180 -0.11870726918702 6.04823210850519 4.69421921329804
2024-05-28T08:14:30.000 5054.484368488450 4028.247532123710 -2101.048649673320 -1.70253441322915 5.01765780689375 5.53020980812747
2024-05-28T08:18:30.000 4466.933160630880 5071.266176456800 -713.320656497196 -3.16402378748001 3.62085457469192 5.96339900378001
2024-05-28T08:22:30.000 3554.154503374190 5745.031565177370 726.477508866351 -4.39605550208578 1.95939768527524 5.96135592685616
2024-05-28T08:26:30.000 2382.485169338930 6000.295367125530 2113.203220481110 -5.30814955519450 0.15478360464712 5.52381248452831
2024-05-28T08:30:30.000 1037.261144465540 5818.447607696390 3345.554546462830 -5.83347740036543 -1.66082187419891 4.68285258031436
2024-05-28T08:34:30.000 -383.505488272105 5212.860256220180 4333.576928512420 -5.93387322877034 -3.35475613066634 3.50028492856395
2024-05-28T08:38:30.000 -1776.362207532110 4227.807579539760 5005.249057533310 -5.60237955759551 -4.80378165506916 2.06278220617820
2024-05-28T08:42:00.000 -2892.355135843620 3110.477535619630 5294.371714581750 -4.97644806226079 -5.78769665686505 0.67787268314958
2024-05-28T08:46:00.000 -3966.957311545370 1625.148623706810 5261.906741185890 -3.92381589936318 -6.51445932442959 -0.94682904076705
2024-05-28T08:50:00.000 -4752.840736482050 21.547107525574 4845.383091804930 -2.58505830600177 -6.76724006092986 -2.50307283714677
2024-05-28T08:54:00.000 -5192.610661512040 -1583.605946034630 4075.012490039270 -1.05708644321393 -6.52720858886381 -3.87748853635311
2024-05-28T08:58:00.000 -5253.967045977660 -3073.337111051160 3006.836215777430 0.54911003306808 -5.81115531258742 -4.96948447888104
2024-05-28T09:02:00.000 -4932.170943966730 -4338.928912682240 1718.761914141390 2.11621312406701 -4.67077674728124 -5.69859716261390
2024-05-28T09:06:00.000 -4250.543988326680 -5287.962714108550 304.937191692878 3.52920614702802 -3.18941619930717 -6.01090360686179
2024-05-28T09:10:00.000 -3258.834970755310 -5851.235751707910 -1131.202294891930 4.68431207085488 -1.47597443457582 -5.88345200348591
2024-05-28T09:14:00.000 -2029.532198886580 -5987.930709547480 -2484.649095291000 5.49706178019440 0.34347202414255 -5.32618836785091
2024-05-28T09:18:00.000 -652.410633530600 -5688.562232101520 -3656.656933056690 5.90874713033424 2.13560569614255 -4.38092717944286
2024-05-28T09:22:00.000 772.183667920900 -4975.490064130770 -4561.996912893550 5.89045346732599 3.77003533479584 -3.11770663296101
2024-05-28T09:26:00.000 2140.722341617930 -3901.052618347880 -5135.082947792150 5.44462802282102 5.12881479740155 -1.62909138304068
2024-05-28T09:30:00.000 3353.967552272160 -2543.575662889220 -5334.554323731890 4.60426373255405 6.11453641240796 -0.02315948856452
2024-05-28T09:34:00.000 4324.007279675920 -1001.648072637210 -5146.093353625730 3.43017521325974 6.65665584328540 1.58410228166541
2024-05-28T09:38:00.000 4980.460270832290 612.914723832998 -4583.375144632810 2.00679257258785 6.71611362122912 3.07675319987799
2024-05-28T09:42:00.000 5275.480202790390 2182.985241692420 -3687.109386332350 0.43644788651074 6.28798561486221 4.34669822769230
2024-05-28T09:46:00.000 5187.268929074300 3594.456474057140 -2522.253887809340 -1.16736946875044 5.40233506963272 5.30121741491494
2024-05-28T09:50:00.000 4721.813639882970 4744.502594720220 -1173.464607434470 -2.68798309682558 4.12263112430656 5.86993383964318
2024-05-28T09:54:00.000 3912.638496762980 5549.158471167860 260.972014182575 -4.01404779569720 2.54168585636383 6.01044125335527
2024-05-28T09:58:00.000 2818.479743812330 5949.613501345760 1676.338865411320 -5.04821315555446 0.77497933883153 5.71193701020209
2024-05-28T10:02:00.000 1518.991601844900 5916.626387707320 2969.236928231600 -5.71460592802167 -1.04812253654772 4.99616328916615
2024-05-28T10:06:00.000 108.863759251204 5452.688564576610 4045.256838579390 -5.96460364210308 -2.79425952153201 3.91577760286243
2024-05-28T10:10:00.000 -1309.191168754950 4591.761934455050 4825.927220285680 -5.78033150925736 -4.33617509740242 2.55005037878802
2024-05-28T10:14:00.000 -2631.971907735460 3396.668501774160 5254.396317296650 -5.17553068461896 -5.56206544184277 0.99870529991011
2024-05-28T10:18:00.000 -3763.248524121360 1954.427069180340 5299.464152818530 -4.19416892857382 -6.38322814345905 -0.62548735323765
2024-05-28T10:22:00.000 -4620.661982454540 369.953825272815 4957.773650950280 -2.90716190663392 -6.74006211868452 -2.20463340717321
2024-05-28T10:26:00.000 -5141.634573038810 -1241.447147537220 4254.070387597770 -1.40754484765494 -6.60614753551759 -3.62377374533885
2024-05-28T10:30:00.000 -5287.964326298220 -2762.370681773050 3239.519378769210 0.19579089913485 -5.99058507821696 -4.77908193019351
2024-05-28T10:34:00.000 -5048.715818505110 -4081.854696721040 1988.084421919350 1.78587666128566 -4.93769944968694 -5.58557408585037
2024-05-28T10:38:00.000 -4441.155125801880 -5103.550306945410 591.201505286014 3.24612989403481 -3.52427489935476 -5.98361686684263
2024-05-28T10:42:00.000 -3509.590450276500 -5752.917829786600 -848.940530727290 4.46926671893803 -1.85413263970135 -5.94387212270458
2024-05-28T10:46:00.000 -2322.109301648820 -5982.802974198380 -2227.016950777550 5.36570645222148 -0.05017212954371 -5.46971484667973
2024-05-28T10:50:00.000 -965.464308864862 -5776.886227896810 -3442.427307326110 5.87046834239000 1.75524478939399 -4.59683405364508
2024-05-28T10:54:00.000 461.436052724633 -5150.723596746520 -4406.722164570060 5.94779072514132 3.43054018468831 -3.39006360999028
2024-05-28T10:58:00.000 1854.839661126840 -4150.374454226790 -5049.990578880630 5.59320775688540 4.85462794036664 -1.93802037377253
2024-05-28T11:02:00.000 3113.667128612530 -2848.844429296220 -5325.772509134530 4.83322965674207 5.92530087513227 -0.34629930809730
2024-05-28T11:06:00.000 4146.705363296510 -1340.712415144650 -5214.236627154000 3.72302095817474 6.56596638045376 1.27009026770072
2024-05-28T11:10:00.000 4879.034101914720 264.640456651946 -4723.500750540630 2.34243015195359 6.73053172730317 2.79454496891550
2024-05-28T11:14:00.000 5257.347462800430 1850.773989547590 -3889.071926565290 0.79071023588220 6.40665546404485 4.11675639825570
2024-05-28T11:18:00.000 5253.826934072980 3302.470466903010 -2771.399553974620 -0.82018195679978 5.61686366123294 5.14039612651629
2024-05-28T11:22:00.000 4868.299799777810 4514.027355167040 -1451.664814526500 -2.37319606022077 4.41757474808200 5.79015404821271
2024-05-28T11:26:00.000 4128.440155313890 5397.022908331020 -25.986125584245 -3.75477581215117 2.89556334681431 6.01769986734967
2024-05-28T11:30:00.000 3087.891339973680 5886.921968825520 1401.582579285000 -4.86348263656405 1.16188937836393 5.80573543481959
2024-05-28T11:34:00.000 1822.380719688630 5947.937465392730 2726.749909343840 -5.61792383370989 -0.65648926082066 5.16961545581852
2024-05-28T11:38:00.000 424.119504014415 5575.687125729110 3852.733267078590 -5.96298765570626 -2.42650337093644 4.15612188742851
2024-05-28T11:42:00.000 -1005.029063969830 4797.445550177980 4697.392771008510 -5.87380625654894 -4.01908555889593 2.83965906436601
2024-05-28T11:46:00.000 -2361.030574139790 3670.032763273250 5199.192815618900 -5.35720225347458 -5.31857147580274 1.31646575637050
2024-05-28T11:50:00.000 -3545.230897755570 2275.575872661190 5321.605972519880 -4.45084799663919 -6.23093568072236 -0.30262573169989
2024-05-28T11:54:00.000 -4471.440639186690 715.530334484754 5055.668275566930 -3.22031717569415 -6.69005400192310 -1.90006547680080
2024-05-28T11:58:00.000 -5072.114941806570 -896.603852490601 4420.622209345540 -1.75451263285694 -6.66226250892437 -3.35972669258550
2024-05-28T12:02:00.000 -5303.257198021010 -2443.410091131430 3462.599363697470 -0.15967855463757 -6.14884840839419 -4.57497005154027
2024-05-28T12:06:00.000 -5147.738423320860 -3812.054246108870 2251.403644181650 1.44788470189851 -5.18659541796198 -5.45643750639552
2024-05-28T12:10:00.000 -4616.695980996270 -4902.598641081540 875.501347492771 2.95040076919473 -3.84558017326945 -5.93899979296061
2024-05-28T12:14:00.000 -3748.822538326150 -5635.446916339460 -564.465427603952 4.23749844479549 -2.22420093930401 -5.98702145915400
2024-05-28T12:18:00.000 -2607.541060139610 -5957.299767190530 -1963.163241797180 5.21482565976611 -0.44176838396590 -5.59731473675418
2024-05-28T12:22:00.000 -1276.250790691970 -5845.081235175880 -3218.428700991420 5.81130708391914 1.37080086022163 -4.79927722869129
2024-05-28T12:26:00.000 147.929809118781 -5307.515749842620 -4238.839328253950 5.98437918711424 3.08115591931489 -3.65236250200943
2024-05-28T12:30:00.000 1561.382382293010 -4384.255920149230 -4950.356194246510 5.72264270031800 4.56547087462863 -2.24098475204889
2024-05-28T12:34:00.000 2861.526696555210 -3142.770060683920 -5301.551548277080 5.04599630361387 5.71709672647284 -0.66796565065167
2024-05-28T12:38:00.000 3954.140913215170 -1673.337546498980 -5267.141134224810 4.00372126667195 6.45361626821918 0.95292849221982
2024-05-28T12:42:00.000 4760.011466261530 -82.559242752416 -4849.682015106550 2.67087218314560 6.72218219683713 2.50477955590990
2024-05-28T12:46:00.000 5220.535028279920 1514.197695324110 -4079.376754244810 1.14320538019737 6.50301324391944 3.87542204221740
2024-05-28T12:50:00.000 5301.958987708820 3000.975535648900 -3012.008537076460 -0.46911704022822 5.81110114431105 4.96511076333241
2024-05-28T12:54:00.000 4997.948756677990 4269.567423959810 -1725.071423386610 -2.04911861930737 4.69575159193385 5.69382476933244
2024-05-28T12:58:00.000 4330.226023022080 5227.435517273120 -312.256196232532 -3.48141704493244 3.23750992353826 6.00751681868990
2024-05-28T13:02:00.000 3347.140692773440 5804.592181317860 1123.355188391340 -4.66093070881270 1.54262092072582 5.88253460400876
2024-05-28T13:06:00.000 2120.201017635600 5958.864609720940 2476.891298022990 -5.50101907680551 -0.26485373464195 5.32775933994622
2024-05-28T13:10:00.000 738.803453860104 5679.046907768820 3649.483010239840 -5.94021073528089 -2.05258800735348 4.38398315187328
2024-05-28T13:14:00.000 -696.401188308994 4985.671964045380 4555.568127584920 -5.94673281578078 -3.69009336642223 3.12054358225131
2024-05-28T13:18:00.000 -2080.921444331110 3929.393679474520 5129.120499180120 -5.52047122838333 -5.05837094877559 1.62985501470153
2024-05-28T13:22:00.000 -3314.020155587980 2587.190883842360 5328.383534493110 -4.69258453307417 -6.05833301815221 0.02050371328538
2024-05-28T13:26:00.000 -4305.962871939400 1056.736254248020 5138.818751309880 -3.52303400190702 -6.61757495180662 -1.59063258932307
2024-05-28T13:30:00.000 -4984.454560370540 -550.628286627022 4574.125126518820 -2.09634386592575 -6.69526809739459 -3.08647032797883
2024-05-28T13:34:00.000 -5299.870714268310 -2117.874102666710 3675.307786155350 -0.51582928947701 -6.28517132396778 -4.35789642999597
2024-05-28T13:38:00.000 -5228.938438383590 -3530.729614579280 2507.815214440200 1.10349241309616 -5.41644986878744 -5.31158684205006
2024-05-28T13:42:00.000 -4776.589676625550 -4686.042228149840 1156.875585413020 2.64305892612792 -4.15213092569019 -5.87711984310942
2024-05-28T13:46:00.000 -3975.735401802630 -5499.457557886870 -278.715654013299 3.98978930449410 -2.58489009984748 -6.01265093158165
2024-05-28T13:50:00.000 -2884.882823012020 -5911.745770017080 -1693.927930782840 5.04485510809887 -0.83006602267574 -5.70842840568458
2024-05-28T13:54:00.000 -1583.764972628210 -5893.193282712150 -2985.346729445690 5.73135283130747 0.98333843222535 -4.98755462847049
2024-05-28T13:58:00.000 -167.340632522548 -5445.679355784270 -4058.856012637590 6.00004653559723 2.72276123348295 -3.90383053372408
2024-05-28T14:02:00.000 1261.273997837770 -4602.321231078160 -4836.499033918150 5.83251474700930 4.26203528787027 -2.53719393156237
2024-05-28T14:06:00.000 2598.343443604040 -3424.837996161580 -5262.024906671210 5.24194780172486 5.49038441910358 -0.98741757026445
2024-05-28T14:10:00.000 3746.950217407370 -1998.921392591730 -5304.772074994940 4.27154718436289 6.31988206184815 0.63329370142661
2024-05-28T14:14:00.000 4623.837962184720 -428.046842367089 -4961.730844532070 2.99128559682592 6.69106456048250 2.20802198836123
2024-05-28T14:18:00.000 5165.294667424300 1173.869287268990 -4257.729606335640 1.49315013611446 6.57689953324975 3.62301616286141
2024-05-28T14:22:00.000 5331.728638652000 2690.542061212620 -3243.733704048900 -0.11496353385609 5.98485801141509 4.77549300771605
2024-05-28T14:26:00.000 5110.631673882670 4011.640117877820 -1993.316793648330 -1.71656260202854 4.95687745790836 5.58100148048106
2024-05-28T14:30:00.000 4517.676323227670 5040.820681689730 -597.467407206798 -3.19473466959037 3.56703135295692 5.97984176937435
2024-05-28T14:34:00.000 3595.746649021880 5702.911349311240 841.996055550688 -4.44112441322435 1.91654732220894 5.94212608724542
2024-05-28T14:38:00.000 2411.862832650700 5949.541936816020 2219.937837179240 -5.36423772642817 0.12614079880407 5.47029856684557
2024-05-28T14:42:00.000 1052.262307911490 5762.748885314950 3435.701440803790 -5.89645210770117 -1.67313101719857 4.59898816545334
2024-05-28T14:46:00.000 -383.983956944971 5156.270667511480 4400.552131800320 -5.99910131479779 -3.34982871794144 3.39224267429999
2024-05-28T14:50:00.000 -1792.288356105050 4174.443884723850 5044.164801778510 -5.66508870310637 -4.78198189460681 1.93842401220764
2024-05-28T14:54:00.000 -3070.176359655860 2888.851175890010 5319.679183925780 -4.91894159673545 -5.86583445804394 0.34348498223321
2024-05-28T14:58:00.000 -4124.667780064110 1393.066274305640 5207.014673938320 -3.81475036593057 -6.52292625195265 -1.27668036851649
2024-05-28T15:02:00.000 -4878.943071448560 -204.094596674023 4714.287751073930 -2.43232103381096 -6.70542563366085 -2.80437053823646
2024-05-28T15:06:00.000 -5277.891011088590 -1786.372039903150 3877.256879617520 -0.87170695714745 -6.39953725646782 -4.12828541568009
2024-05-28T15:10:00.000 -5292.165509467330 -3238.435097984420 2756.838251465670 0.75366848832297 -5.62684383789305 -5.15133382425752
2024-05-28T15:14:00.000 -4920.467966598910 -4454.307814610680 1434.793574485450 2.32494099116516 -4.44331202284073 -5.79808960013978
2024-05-28T15:18:00.000 -4189.778876849830 -5345.214083435400 7.769858913354 3.72681058166119 -2.93546561966507 -6.02072117025314
2024-05-28T15:22:00.000 -3153.446676728770 -5846.215449470870 -1419.826606642510 4.85627803354037 -1.21420504493757 -5.80289943339957
2024-05-28T15:26:00.000 -1887.228262420700 -5921.074962989650 -2743.637242874260 5.63085374006443 0.59382729963063 -5.16131996282469
2024-05-28T15:30:00.000 -483.574427198925 -5564.835545092290 -3867.127282900190 5.99473232124607 2.35629268173433 -4.14398902005866
2024-05-28T15:34:00.000 955.270758335071 -4803.980924525910 -4708.650591750230 5.92252658268242 3.94513718896149 -2.82610455342324
2024-05-28T15:38:00.000 2324.775233786540 -3694.278538738630 -5207.284672274180 5.42055942627411 5.24583162410492 -1.30403411079848
2024-05-28T15:42:00.000 3525.641159644070 -2316.563678305590 -5327.066766768120 4.52578885783415 6.16517247833984 0.31183725068569
2024-05-28T15:46:00.000 4470.837470492400 -770.854611493475 -5059.431881538300 3.30284594346716 6.63734064512994 1.90489711562360
2024-05-28T15:50:00.000 5091.737324988640 830.759328260681 -4423.766344152620 1.83961547148492 6.62814718063928 3.36014380075101
2024-05-28T15:54:00.000 5343.026891932040 2372.051658032690 -3466.078028755130 0.24140668420684 6.13756159885692 4.57201822194887
2024-05-28T15:58:00.000 5206.058453312340 3740.956900442430 -2255.821984920580 -1.37615042363536 5.20017947757655 5.45187949020038
2024-05-28T16:02:00.000 4690.372218968720 4837.708051412010 -881.015933120350 -2.89521213272401 3.88337658971507 5.93471443932831
2024-05-28T16:06:00.000 3833.178680129120 5582.215873131550 558.105007516203 -4.20449759835653 2.28277711167460 5.98442295192342
2024-05-28T16:10:00.000 2696.755657935940 5920.072039735800 1956.440880675230 -5.20777979027416 0.51547506460792 5.59690891024095
2024-05-28T16:14:00.000 1363.875380035340 5826.657844344800 3211.842414076380 -5.83161591486673 -1.28907538464682 4.80066425887917
2024-05-28T16:18:00.000 -68.351046113503 5308.898962950770 4232.673694748490 -6.03063841953689 -2.99908404232958 3.65420107304434
2024-05-28T16:22:00.000 -1495.622793990750 4404.661971600190 4944.508824387790 -5.79063019137246 -4.49008568549318 2.24150197705847
2024-05-28T16:26:00.000 -2814.067314059040 3179.894397689350 5295.511314438450 -5.12931271298692 -5.65393854762732 0.66564031285826
2024-05-28T16:30:00.000 -3927.760373932450 1723.761481700570 5260.114721737520 -4.09473291411033 -6.40640833768026 -0.95887270580868
2024-05-28T16:34:00.000 -4755.600057659880 142.193235262800 4840.811453480290 -2.76164516524416 -6.69281307526397 -2.51405829610921
2024-05-28T16:38:00.000 -5237.143122031250 -1449.705332929160 4068.008077543060 -1.22647582867502 -6.49186337588075 -3.88665351744604
2024-05-28T16:42:00.000 -5337.039301146720 -2935.935174195620 2997.919584859900 0.39930444896279 -5.81750780636768 -4.97614661627457
2024-05-28T16:46:00.000 -5047.733669279940 -4208.046391181430 1708.600752344760 1.99692620254130 -4.71843388339782 -5.70224382611802
2024-05-28T16:50:00.000 -4390.171854893030 -5173.162787055780 294.288084605502 3.44919397030369 -3.27495942353481 -6.01130788672233
2024-05-28T16:54:00.000 -3412.330656234570 -5760.907917652520 -1141.557130093840 4.64946755922035 -1.59309910191466 -5.88060749943653
2024-05-28T16:58:00.000 -2185.686163406250 -5928.658949101740 -2493.946987482270 5.50987517951724 0.20338898275597 -5.32027675693766
2024-05-28T17:02:00.000 -799.837463282998 -5664.651970198290 -3664.207401755990 5.96819889858568 1.98281458235141 -4.37236219148780
2024-05-28T17:06:00.000 644.212344077036 -4988.666127779310 -4567.234169951740 5.99212961866771 3.61566235306219 -3.10711203298931
2024-05-28T17:10:00.000 2041.501403210670 -3950.342398051250 -5137.607424635820 5.58106492953240 4.98406732069174 -1.61721478117006
2024-05-28T17:14:00.000 3290.688769050240 -2625.392864027140 -5334.159850421310 4.76552262886139 5.98986137720979 -0.01086033131835
2024-05-28T17:18:00.000 4301.255145816160 -1110.058363578540 -5142.786105959680 3.60458029680341 6.56107281686142 1.59593130300248
2024-05-28T17:22:00.000 4999.879212398660 485.772322583884 -4577.372964007650 2.18167354524454 6.65654403575662 3.08723299570695
2024-05-28T17:26:00.000 5335.655036792750 2046.331961796410 -3678.837314793280 0.59912815272702 6.26879205879244 4.35501522166563
2024-05-28T17:30:00.000 5283.826012427090 3458.217195074590 -2512.309855149150 -1.02871457387623 5.42496758443193 5.30674614735125
2024-05-28T17:34:00.000 4847.732653330630 4618.585735818890 -1162.572161146290 -2.58345082972666 4.18550432248838 5.87225617362399
2024-05-28T17:38:00.000 4058.757872872890 5442.737826346700 272.017306436066 -3.95128664436583 2.64029395266463 6.00938292662167
2024-05-28T17:42:00.000 2974.156031991440 5870.454358126030 1686.727916692390 -5.03181851577818 0.90216611972870 5.70755833181888
2024-05-28T17:46:00.000 1672.887636859440 5870.515609844050 2978.206619181560 -5.74573899717207 -0.90158088601029 4.98879711876789
2024-05-28T17:50:00.000 249.776159810829 5443.015916643260 4052.159851506800 -6.04101836334873 -2.63900980334531 3.90603864423228
2024-05-28T17:54:00.000 -1191.532902300950 4619.255131375470 4830.280136026940 -5.89651942250124 -4.18362250127749 2.53865408875976
2024-05-28T17:58:00.000 -2546.147854843320 3459.324875531590 5255.887799938410 -5.32299365351085 -5.42338337368682 0.98638816544260
2024-05-28T18:02:00.000 -3715.504817334850 2047.681678901130 5297.973777000460 -4.36209188334553 -6.26847307583519 -0.63786584824115
2024-05-28T18:06:00.000 -4614.460748073090 487.026384955927 4953.399153241080 -3.08331532906806 -6.65755197322443 -2.21613902537373
2024-05-28T18:10:00.000 -5177.414613538920 -1109.073926865080 4247.123358198570 -1.57908428740372 -6.56193998959262 -3.63358253743871
2024-05-28T18:14:00.000 -5363.093136144950 -2624.336136496420 3230.493408098480 0.04143346816470 -5.98789560080737 -4.78648507967154
2024-05-28T18:18:00.000 -5157.685217755870 -3948.205103599670 1977.630979966800 1.65995685168331 -4.97670617267057 -5.58998951292775
2024-05-28T18:22:00.000 -4575.990529624940 -4984.009350189410 580.084075999293 3.15781125501725 -3.60212141946588 -5.98470024971052
2024-05-28T18:26:00.000 -3660.439140605950 -5656.179537258420 -859.909131687105 4.42495414240794 -1.96514218121518 -5.94156074595557
2024-05-28T18:30:00.000 -2477.956644872400 -5915.893808277840 -2237.039089028770 5.36861205331380 -0.18620568878632 -5.46418199516384
2024-05-28T18:34:00.000 -1114.942039371970 -5744.645356250600 -3450.768986423300 5.92029897010365 1.60414401947369 -4.58844210383572
2024-05-28T18:38:00.000 329.207505644228 -5155.462581519820 -4412.763826569510 6.04080875320535 3.27535038030776 -3.37940603092723
2024-05-28T18:42:00.000 1749.462477364840 -4191.724665036570 -5053.279005762430 5.72258032858761 4.70657209989409 -1.92587558251211
2024-05-28T18:46:00.000 3042.782969170450 -2923.793257782140 -5326.056173856490 4.98954603039232 5.79506296493409 -0.33355971552973
2024-05-28T18:50:00.000 4115.452565364070 -1443.824216589890 -5211.487119548560 3.89496654908048 6.46293610693492 1.28246676686702
2024-05-28T18:54:00.000 4889.688980556920 140.838128176655 -4717.917260428110 2.51759122901003 6.66219949862891 2.80564078232970
2024-05-28T18:58:00.000 5309.152246512610 1715.263335294640 -3881.062849930940 0.95637827115892 6.37801772953097 4.12574281196817
2024-05-28T19:02:00.000 5343.041013199190 3165.094917008300 -2761.557889776310 -0.67600545503575 5.63007264290793 5.14658800331166
2024-05-28T19:06:00.000 4988.468042268990 4384.787537118760 -1440.719707745880 -2.26099992618974 4.47176605846892 5.79310088104879
2024-05-28T19:10:00.000 4270.851014002750 5285.350366077170 -14.747091863598 -3.68275488896936 2.98688599264852 6.01718993331287
2024-05-28T19:14:00.000 3242.205784204510 5800.990519183310 1412.288327411020 -4.83692277482239 1.28377609171528 5.80184005503705
2024-05-28T19:18:00.000 1977.378984580460 5894.059057867740 2736.146604849590 -5.63883078686110 -0.51290479007233 5.16267415210200
2024-05-28T19:22:00.000 568.519794913886 5557.833482205300 3860.150016077510 -6.02986011232646 -2.27172427978713 4.14666833620101
2024-05-28T19:26:00.000 -881.740499424697 4816.955840701750 4702.308952063780 -5.98179920116393 -3.86441435882243 2.82841366900103
2024-05-28T19:30:00.000 -2267.841063216470 3725.507943264850 5201.273864115510 -5.49850378860156 -5.17538469180552 1.30421229402403
2024-05-28T19:34:00.000 -3488.938566841320 2362.972086348650 5320.702433158050 -4.61512303338497 -6.10974601222301 -0.31511381001606
2024-05-28T19:38:00.000 -4456.134784920600 828.473165679960 5051.821119670610 -3.39549371124909 -6.59964222669693 -1.91196183218746
2024-05-28T19:42:00.000 -5098.880914889920 -766.332232219189 4414.079539305050 -1.92778935077617 -6.60914646570388 -3.37014899721723
2024-05-28T19:46:00.000 -5370.109537912970 -2305.282593492350 3453.813685366920 -0.31840759004764 -6.13690238173344 -4.58312184956513
2024-05-28T19:50:00.000 -5249.761403301710 -3676.118607499880 2240.997674065560 1.31533007374312 -5.21669130944567 -5.46169856346362
2024-05-28T19:54:00.000 -4746.397381182470 -4778.737323689740 864.225171622305 2.85371124152629 -3.91547975560227 -5.94093437764649
2024-05-28T19:58:00.000 -3896.696942757800 -5532.653383015130 -575.784908601134 4.18366314358132 -2.32879325129705 -5.98544570476841
2024-05-28T20:02:00.000 -2762.772985367800 -5883.028982895970 -1973.692023513930 5.20770775546314 -0.57340750408959 -5.59234137841581
2024-05-28T20:06:00.000 -1427.506721272200 -5804.701839297880 -3227.390609823740 5.85134132671556 1.22174690701965 -4.79126912371090
2024-05-28T20:10:00.000 11.670805296863 -5303.919210705140 -4245.567910917560 6.06853313849052 2.92555372913874 -3.64187019394798
2024-05-28T20:14:00.000 1450.019884173100 -4417.663058036230 -4954.342938882730 5.84467900361805 4.41457439730416 -2.22876972841624
2024-05-28T20:18:00.000 2783.130965812120 -3210.733917448780 -5302.490932298660 5.19701111443272 5.58175737856595 -0.65495099354489
2024-05-28T20:22:00.000 3914.390964487590 -1770.924819413230 -5264.960731520130 4.17280182051051 6.34359229613644 0.96574959045872
2024-05-28T20:26:00.000 4761.795802344240 -202.696095185498 -4844.545029474450 2.84581682220832 6.64544075905533 2.51644013094481
2024-05-28T20:30:00.000 5263.745114178000 1380.226034522770 -4071.668372405340 1.31137349061236 6.46517961523345 3.88505768891558
2024-05-28T20:34:00.000 5383.485760293530 2862.904954205910 -3002.304227945200 -0.31992620010720 5.81500089141981 4.97200520213676
2024-05-28T20:38:00.000 5111.900674922290 4137.451731923450 -1714.093468064270 -1.92975106397412 4.74118813799245 5.69748204101488
2024-05-28T20:42:00.000 4468.350494362700 5110.915944533970 -300.815855159673 -3.40058427439649 3.32125609345012 6.00769343249968
2024-05-28T20:46:00.000 3499.419146639420 5712.190269486760 1134.417843154440 -4.62453667255188 1.65863753583483 5.87923656500936
2024-05-28T20:50:00.000 2275.580218496470 5897.359853912500 2486.772371126290 -5.51174057248195 -0.12496051454828 5.32128454135689
2024-05-28T20:54:00.000 885.991481213226 5652.976973778640 3657.480446609990 -5.99734705498963 -1.89900214632867 4.37486498262215
2024-05-28T20:58:00.000 -568.118942872340 4996.983558927670 4561.126440437890 -6.04618013438404 -3.53408664793346 3.10945476660501
2024-05-28T21:02:00.000 -1980.887390873120 3977.292165883300 5131.859461857370 -5.65499381944584 -4.91136139689804 1.61759118909968
2024-05-28T21:06:00.000 -3249.526817853470 2668.201230592720 5328.122161208380 -4.85242435193596 -5.93111703851557 0.00789952752927
2024-05-28T21:10:00.000 -4281.712071537790 1164.947732138540 5135.570780940610 -3.69647324692343 -6.51950449703904 -1.60278798788114
2024-05-28T21:14:00.000 -5002.187626231610 -423.112224737523 4568.091805304210 -2.27060924188588 -6.63342970350355 -3.09739207404247
2024-05-28T21:18:00.000 -5358.243676244070 -1980.333755012840 3666.884600472360 -0.67815397555790 -6.26397405385291 -4.36676283814871
2024-05-28T21:22:00.000 -5323.637896667010 -3393.157198053010 2497.583385236750 0.96494808712101 -5.43738110453628 -5.31768862261604
2024-05-28T21:26:00.000 -4900.652585122150 -4558.425292965040 1145.565271996810 2.53840257597545 -4.21365018619114 -5.87994127856278
2024-05-28T21:30:00.000 -4120.062205092230 -5391.053501817930 -290.280393897927 3.92660014989981 -2.68250184814256 -6.01193263102871
2024-05-28T21:34:00.000 -3038.912125506270 -5830.409144207460 -1704.898602128910 5.02767206128948 -0.95662312461580 -5.70422416644533
2024-05-28T21:38:00.000 -1736.246837134180 -5844.793581362020 -2994.916557509520 5.76133682492353 0.83710505372918 -4.98015268263589
2024-05-28T21:42:00.000 -307.162209388463 -5433.679309410520 -4066.314410932810 6.07489770308209 2.56751349595405 -3.89374028274893
2024-05-28T21:46:00.000 1144.275998632780 -4627.540399535210 -4841.283503595430 5.94668614596495 4.10900608446027 -2.52513615546217
2024-05-28T21:50:00.000 2512.651239045440 -3485.407623107880 -5263.765314769540 5.38705970294153 5.35059719250549 -0.97426976448617
2024-05-28T21:54:00.000 3698.762621366660 -2090.434585641800 -5303.327972346440 4.43708062451010 6.20336287681829 0.64650742483781
2024-05-28T21:58:00.000 4616.646235703070 -543.869438685092 -4957.211553487720 3.16531798375151 6.60624457180151 2.22027280713939
2024-05-28T22:02:00.000 5199.635892852700 1042.139318676020 -4250.477580307150 1.66312852250601 6.52997502543011 3.63340036183503
2024-05-28T22:06:00.000 5405.139003832510 2552.474892578900 -3234.290126341590 0.03864812030471 5.97930713040241 4.78326000376773
2024-05-28T22:10:00.000 5217.812007793470 3877.284555988080 -1982.383201710570 -1.59047780870558 4.99319226694046 5.58557260845948
2024-05-28T22:14:00.000 4650.867225361570 4919.981722488080 -585.854934664599 -3.10539775596747 3.64267852831190 5.98090197166811
2024-05-28T22:18:00.000 3745.282817751000 5604.426686873910 853.436518794046 -4.39509154397953 2.02604407313836 5.93964778664584
2024-05-28T22:22:00.000 2566.880279121090 5880.620655779510 2230.375344871660 -5.36487181588239 0.26150200884289 5.46447331827660
2024-05-28T22:26:00.000 1201.497323489220 5728.448751680080 3444.381561378560 -5.94371760714110 -1.52174091046497 4.59026454828718
2024-05-28T22:30:00.000 -251.382217526931 5159.131674655920 4406.857142264390 -6.08960908238473 -3.19344667793364 3.38130362085533
2024-05-28T22:34:00.000 -1685.972302202240 4214.284947967930 5047.656882547680 -5.79228929176561 -4.63209697984022 1.92604993675731
2024-05-28T22:38:00.000 -2997.885864041100 2962.778525387830 5320.111566709160 -5.07355236497061 -5.73340938869220 0.33051103893784
2024-05-28T22:42:00.000 -4091.661961887140 1495.693068047330 5204.350272268540 -3.98550262891948 -6.41766734794275 -1.28937346532670
2024-05-28T22:46:00.000 -4887.606071010630 -80.261615142003 4708.692838727510 -2.60665612361716 -6.63504478580170 -2.81596295250285
2024-05-28T22:50:00.000 -5327.535803114330 -1650.367781273380 3869.094469582940 -1.03677866394769 -6.36909320823765 -4.13795210277324
2024-05-28T22:54:00.000 -5379.098268721220 -3100.158002590920 2746.662856936990 0.60991118123666 -5.63844717784195 -5.15834114447077
2024-05-28T22:58:00.000 -5038.273972119450 -4323.796014944780 1423.314249395140 2.21298977699082 -4.49600721598662 -5.80186283299143
2024-05-28T23:02:00.000 -4329.801202316560 -5231.920131363430 -4.185871776545 3.65473813006769 -3.02538244730926 -6.02088393919643
2024-05-28T23:06:00.000 -3305.432067273840 -5758.338765436260 -1431.383779339870 4.82925864386253 -1.33479328292131 -5.79943377320625
2024-05-28T23:10:00.000 -2040.068550812190 -5864.954414302550 -2753.946600633940 5.65077343053316 0.45141003574801 -5.15444318920605
2024-05-28T23:14:00.000 -626.126102857669 -5544.487452873950 -3875.419533350740 6.06000477789682 2.20241522581569 -4.13415433523798
2024-05-28T23:18:00.000 833.373121696770 -4820.828319722660 -4714.297118262890 6.02830472812868 3.79093842345172 -2.81402061256548
2024-05-28T23:22:00.000 2232.373144797690 -3747.054176381250 -5209.847445343950 5.55907011704347 5.10244101323280 -1.29058247981234
2024-05-28T23:26:00.000 3469.418613690760 -2401.411024989480 -5326.335596856280 4.68693509742545 6.04290511694888 0.32566024160601
2024-05-28T23:30:00.000 4454.851401153700 -881.614116758348 -5055.445893244630 3.47497315294862 6.54498257718169 1.91802033028772
2024-05-28T23:34:00.000 5117.140932276560 702.118955868150 -4416.817419372510 2.01031347088075 6.57241746344988 3.37155612950426
2024-05-28T23:38:00.000 5407.985413982490 2234.873309460190 -3456.679802436420 0.39832030710716 6.12258803304647 4.58089984755683
2024-05-28T23:42:00.000 5305.863783813870 3605.220148896200 -2244.659362150070 -1.24445282722211 5.22709561359689 5.45761522805090
2024-05-28T23:46:00.000 4817.774866070080 4713.293069914220 -868.899374032667 -2.79833651190460 3.95023401944070 5.93687027498950
2024-05-28T23:50:00.000 3978.921435696690 5478.188486669840 570.287521204167 -4.14947895211226 2.38479988407383 5.98282297954941
2024-05-28T23:54:00.000 2850.238443044830 5844.031938421220 1967.803517583360 -5.19870220220552 0.64524068256794 5.59171606405087
2024-05-28T23:58:00.000 1513.923196893130 5784.156118841500 3221.558779638780 -5.86913447997943 -1.14106364336254 4.79221590080098
2024-05-29T00:02:00.000 67.346899962947 5303.042902752600 4240.031934219200 -6.11196676026428 -2.84357761866097 3.64313042034629
2024-05-29T00:06:00.000 -1384.138620247840 4435.894851030290 4948.980528324580 -5.90985776227603 -4.33841282266773 2.22867002277692
2024-05-29T00:10:00.000 -2734.905458755910 3245.950638387980 5296.782078555470 -5.27779208145669 -5.51719904679811 0.65194666861936
2024-05-29T00:14:00.000 -3886.677569667790 1819.830064987190 5258.088033386430 -4.26163626156232 -6.29457412129117 -0.97249321847053
2024-05-29T00:18:00.000 -4755.576032647870 261.274410604094 4835.622282554880 -2.93479795459609 -6.61405823395683 -2.52663586463484
2024-05-29T00:22:00.000 -5278.154132961240 -1316.297044413210 4060.016125011680 -1.39317768089323 -6.45195317053374 -3.89728835495308
2024-05-29T00:26:00.000 -5416.054109750860 -2797.929350179670 2987.688238731340 0.25125650811999 -5.81933439051763 -4.98406511229013
2024-05-29T00:30:00.000 -5158.938751920280 -4075.497490554120 1696.853940270540 1.87836760300771 -4.76178766618223 -5.70687519736349
2024-05-29T00:34:00.000 -4525.402482098420 -5055.703811517040 281.865762802020 3.36874988312107 -3.35657137720568 -6.01225502336168
2024-05-29T00:38:00.000 -3561.687411928410 -5667.055050352420 -1153.747473693470 4.61290097273422 -1.70700346813099 -5.87773793181540
2024-05-29T00:42:00.000 -2338.259694369820 -5865.206224220420 -2505.007846112670 5.51978629584909 0.06551530545685 -5.31378566994137
2024-05-29T00:46:00.000 -944.503059070342 -5636.172097784620 -3673.317465019480 6.02376924087740 1.83102855603438 -4.36269104278353
2024-05-29T00:50:00.000 517.980598947442 -4997.185960064800 -4573.705680409490 6.08921889813846 3.46099330056267 -3.09492450944942
2024-05-29T00:54:00.000 1942.866115976250 -3995.205742272550 -5140.938635084600 5.71253350775707 4.83771642392513 -1.60339110355250
2024-05-29T00:58:00.000 3226.789974666230 -2703.312275860870 -5334.075286350730 4.92174896304493 5.86241439761714 0.00360524739684
2024-05-29T01:02:00.000 4276.695050525380 -1215.359755017640 -5139.257727717220 3.77417501162434 6.46171005183824 1.60998742438404
2024-05-29T01:06:00.000 5016.400266041160 360.731456865810 -4570.627032195000 2.35234163050757 6.59240880855034 3.09981732366717
2024-05-29T01:10:00.000 5392.025846325090 1910.620280277880 -3669.345708809340 0.75852373094138 6.24455658711526 4.36517124229622
2024-05-29T01:14:00.000 5375.926790386060 3321.688054295180 -2500.745902930860 -0.89218394405692 5.44243619444288 5.31375597557545
2024-05-29T01:18:00.000 4968.836986195480 4491.157660768820 -1149.756789610430 -2.47977442001151 4.24341060170999 5.87560559539813
2024-05-29T01:22:00.000 4200.015207351550 5333.661799307170 285.163465260339 -3.88804002668507 2.73438162322386 6.00875428374981
2024-05-29T01:26:00.000 3125.256077796520 5787.641909248750 1699.240228598260 -5.01353317949432 1.02561489148981 5.70293856880648
2024-05-29T01:30:00.000 1822.816653077880 5819.976182004900 2989.163780484190 -5.77372218611089 -0.75772977552031 4.98053185158647
2024-05-29T01:34:00.000 387.609512727941 5428.412336360180 4060.750428340870 -6.11320399841069 -2.48522396664216 3.89469801295613
2024-05-29T01:38:00.000 -1075.825666311310 4641.638174956390 4835.861275385860 -6.00758066550563 -4.03106251434442 2.52507576585046
2024-05-29T01:42:00.000 -2460.973744904000 3517.063017199670 5258.044379753110 -5.46482292308201 -5.28311336398732 0.97161245254426
2024-05-29T01:46:00.000 -3667.051427325360 2136.575000377820 5296.551639034740 -4.52440681739539 -6.15070754271219 -0.65273249259842
2024-05-29T01:50:00.000 -4606.251782462710 600.603445421044 4948.503806138220 -3.25432301913687 -6.57087595387598 -2.23003892382477
2024-05-29T01:54:00.000 -5210.048231099440 -979.084312206174 4239.112584599580 -1.74635498097738 -6.51269053863495 -3.64548414805403
2024-05-29T01:58:00.000 -5434.196672571180 -2487.410450210340 3219.953915264300 -0.10991277849888 -5.97970746875284 -4.79552744153706
2024-05-29T02:02:00.000 -5262.077209705480 -3814.336605318800 1965.331877558220 1.53559908730126 -5.01021890942833 -5.59552223718076
2024-05-29T02:06:00.000 -4706.055707476880 -4862.975016688570 566.919408453563 3.06954554281244 -3.67489840582247 -5.98633595328052
2024-05-29T02:10:00.000 -3806.680508734910 -5556.814344063360 -872.980051486290 4.37923945556303 -2.07183232241123 -5.93913814375706
2024-05-29T02:14:00.000 -2629.702482924580 -5845.445743917210 -2249.052693007020 5.36872286725672 -0.31901724659067 -5.45784967831891
2024-05-29T02:18:00.000 -1261.135223180720 -5708.253141081010 -3460.840193658820 5.96617235687307 1.45489859403189 -4.57869157129587
2024-05-29T02:22:00.000 199.209412438987 -5155.776330834330 -4420.153223292970 6.12905685390570 3.12058781092401 -3.36693988687737
2024-05-29T02:26:00.000 1645.107503550450 -4228.715276447430 -5057.438076605800 5.84671123172116 4.55755916386621 -1.91158519171719
2024-05-29T02:30:00.000 2971.639916442400 -2994.764433266140 -5326.667148160590 5.14048426490606 5.66263114318959 -0.31845605655281
2024-05-29T02:34:00.000 4082.663375690950 -1543.611874762580 -5208.480489123050 4.06168146737512 6.35668675200229 1.29732919782365
2024-05-29T02:38:00.000 4897.593252839020 19.482473316560 -4711.480873275090 2.68791379185197 6.58980326924799 2.81918524285672
2024-05-29T02:42:00.000 5357.125046441120 1581.142692146890 -3871.634617702480 1.11792454689207 6.34468239278176 4.13697414867359
2024-05-29T02:46:00.000 5427.546018561870 3027.932547727920 -2749.798319574510 -0.53497768685504 5.63822095447553 5.15466313374418
2024-05-29T02:50:00.000 5103.307668327080 4254.532363474990 -1427.462441655320 -2.15079489428521 4.52082381202777 5.79743266358065
2024-05-29T02:54:00.000 4407.604154531210 5171.443596096310 -0.934963073036 -3.61147437978555 3.07321351086778 6.01743759464084
2024-05-29T02:58:00.000 3390.845404708010 5711.661530594590 1425.653025021880 -4.80973963122583 1.40100273912749 5.79786405633425
2024-05-29T03:02:00.000 2127.031151568760 5835.737968193300 2748.065964176720 -5.65760942750507 -0.37330543936402 5.15467241215939
2024-05-29T03:06:00.000 708.262753847654 5534.699619041880 3869.718076680730 -6.09313566785203 -2.11988112980425 4.13519125858087
2024-05-29T03:10:00.000 -762.083883811310 4830.636931591480 4708.786574326910 -6.08487284002926 -3.71133252800089 2.81429511051838
2024-05-29T03:14:00.000 -2176.965639877320 3774.966061352460 5204.147851968440 -5.63379857623412 -5.03212884961721 1.28848521126681
2024-05-29T03:18:00.000 -3433.432349135340 2444.588545121160 5319.727402841330 -4.77277456191322 -5.98664052837422 -0.33125095249651
2024-05-29T03:22:00.000 -4440.016258753440 936.305266080117 5047.051485384350 -3.56407992281787 -6.50562332814058 -1.92724223776080
2024-05-29T03:26:00.000 -5123.314999542550 -640.138787607325 4405.860940013380 -2.09507908540563 -6.55109444520122 -3.38343080900972
2024-05-29T03:30:00.000 -5433.316441470980 -2169.927176840640 3442.748113214250 -0.47225521220086 -6.11908121854695 -4.59341597554397
2024-05-29T03:34:00.000 -5347.145730743740 -3541.481052548680 2227.898782013570 1.18610732402335 -5.24046748965083 -5.46825211037907
2024-05-29T03:38:00.000 -4870.874549611370 -4654.657673509510 850.049428954450 2.75854651621740 -3.97915202629360 -5.94330383051170
2024-05-29T03:42:00.000 -4039.199609063430 -5428.205112969150 -590.007695363511 4.12953158003300 -2.42770779644415 -5.98345965446395
2024-05-29T03:46:00.000 -2912.922451179120 -5805.850234077580 -1986.925631165590 5.19849611969333 -0.70035063369104 -5.58613653917052
2024-05-29T03:50:00.000 -1574.381565721340 -5760.447164028720 -3238.673659784720 5.88767212878964 1.07599693793101 -4.78132791948383
2024-05-29T03:54:00.000 -121.251472392379 -5295.849359368690 -4254.091217131520 6.14776939867014 2.77161070039063 -3.62895899953305
2024-05-29T03:58:00.000 1340.718508770770 -4446.397099430570 -4959.503060740200 5.96107943507621 4.26370681232116 -2.21381616861489
2024-05-29T04:02:00.000 2705.397509160350 -3274.195842909110 -5303.918306483520 5.34205948364263 5.44499592578323 -0.63897905157973
2024-05-29T04:06:00.000 3873.862977658740 -1864.506981051350 -5262.543432646470 4.33589838610635 6.23088232406623 0.98162976732392
2024-05-29T04:10:00.000 4761.392821226330 -319.603171996901 -4838.438373362740 3.01504198618090 6.56495336483245 2.53112270269223
2024-05-29T04:14:00.000 5303.455250740090 1248.474590457460 -4062.290756323870 1.47438241431529 6.42271685869687 3.89746037724328
2024-05-29T04:18:00.000 5460.373687862440 2725.863002620510 -2990.317250976260 -0.17501823552328 5.81364071770349 4.98121199769980
2024-05-29T04:22:00.000 5220.319800030820 4005.053730644450 -1700.354046092080 -1.81350441954178 4.78101446752762 5.70278057233357
2024-05-29T04:26:00.000 4600.355991924440 4992.761255117800 -286.319039187281 -3.32149069789759 3.39940225935558 6.00866548143819
2024-05-29T04:30:00.000 3645.336052467050 5616.842407329900 1148.614692087350 -4.58841076157705 1.76937397002949 5.87576479051333
2024-05-29T04:34:00.000 2424.719117716810 5831.708970131580 2499.616439422510 -5.52116953595719 0.01026013962312 5.31353938827716
2024-05-29T04:38:00.000 1027.444980328370 5621.743415871130 3667.999073317610 -6.05155075110826 -1.74916503954855 4.36333983364964
2024-05-29T04:42:00.000 -444.670809872433 5002.383368196210 4568.503918342040 -6.14108839432371 -3.38049866587932 3.09496764846263
2024-05-29T04:46:00.000 -1884.428977099340 4018.887882677940 5135.511208442200 -5.78361017018577 -4.76515292084274 1.60122533872430
2024-05-29T04:50:00.000 -3187.057760825080 2742.935531370650 5327.742510194930 -5.00532242336269 -5.80283516739640 -0.00911393946968
2024-05-29T04:54:00.000 -4257.756094371270 1267.377882445570 5131.162250173660 -3.86256751552613 -6.41838996724306 -1.61912537473498
2024-05-29T04:58:00.000 -5018.481668943920 -300.433396476089 4559.975250727770 -2.43790163596029 -6.56685016954007 -3.11175140415856
2024-05-29T05:02:00.000 -5413.616551283540 -1846.341425127150 3655.669641987660 -0.83453579228456 -6.23686553629941 -4.37806050328313
2024-05-29T05:06:00.000 -5414.083692790540 -3257.633842992010 2484.110335407750 0.83084239621631 -5.45182551452656 -5.32509372221837
2024-05-29T05:10:00.000 -5019.611849937570 -4431.290045523810 1130.836157001540 2.43635609534492 -4.26869093892977 -5.88294494517712
2024-05-29T05:14:00.000 -4258.891581044620 -5281.630852676670 -305.181489062314 3.86407711410411 -2.77416081865868 -6.01035846787980
2024-05-29T05:18:00.000 -3187.518909321200 -5746.737233530250 -1718.884016938130 5.00921652943460 -1.07824679871770 -5.69822661546279
2024-05-29T05:22:00.000 -1883.825951156290 -5793.038401075490 -3006.977924145930 5.78830093450362 0.69438751790298 -4.97022219390223
2024-05-29T05:26:00.000 -442.984475679338 -5417.676091721540 -4075.594519243770 6.14530396113350 2.41412334591079 -3.88064460874802
2024-05-29T05:30:00.000 1030.081113280100 -4648.514269255720 -4847.140439929180 6.05541245143754 3.95614246165545 -2.50988904498175
2024-05-29T05:34:00.000 2428.388257005830 -3541.880409339090 -5265.816345475920 5.52624854622211 5.20946193040475 -0.95798165706756
2024-05-29T05:38:00.000 3650.565635254440 -2178.324705524700 -5301.451966648570 4.59659794796648 6.08429004011854 0.66276353646105
2024-05-29T05:42:00.000 4608.016888247010 -656.802834437232 -4951.548472266860 3.33350987625190 6.51789572963135 2.23539249245439
2024-05-29T05:46:00.000 5231.184873100610 912.355479845735 -4241.429511627560 1.82769876741999 6.47875758198995 3.64631568826411
2024-05-29T05:50:00.000 5474.539459009970 2415.253776101160 -3222.504932333260 0.18757955582198 5.96892277019572 4.79300876698250
2024-05-29T05:54:00.000 5319.979244841660 3742.578562012460 -1968.714361020120 -1.46802620630477 5.02441348274899 5.59142476704881
2024-05-29T05:58:00.000 4778.326855165540 4797.563186556170 -571.294735004593 -3.01836869200890 3.71321975053939 5.98242572956250
2024-05-29T06:02:00.000 3888.718416513920 5503.169227041970 867.825096028741 -4.34979878118852 2.13077290781760 5.93670313744458
2024-05-29T06:06:00.000 2715.814300708560 5807.860579255750 2243.539262119550 -5.36462787295180 0.39279423153189 5.45726855076474
2024-05-29T06:10:00.000 1345.050365970700 5689.441307708630 3455.349628309200 -5.98851714197121 -1.37348707084103 4.57927028215052
2024-05-29T06:14:00.000 -123.684525855017 5156.670989683420 4414.802216973370 -6.17612319782920 -3.03899294336401 3.36725759364716
2024-05-29T06:18:00.000 -1583.436510959890 4248.517581815700 5051.964630000960 -5.91416570728395 -4.48263325723765 1.90997615315424
2024-05-29T06:22:00.000 -2927.973441779860 3031.190617329310 5320.438428934170 -5.22186759278770 -5.59977872378420 0.31361884934938
2024-05-29T06:26:00.000 -4059.448229629840 1593.294799143220 5200.652376918110 -4.14943179532853 -6.30951991758295 -1.30579938597844
2024-05-29T06:30:00.000 -4895.430597736160 39.433170596659 4701.237897539050 -2.77435798189467 -6.56020839000967 -2.83064058106151
2024-05-29T06:34:00.000 -5374.848932180910 -1517.285464859860 3858.443027773300 -1.19615717004608 -6.33306763171607 -4.14974285954212
2024-05-29T06:38:00.000 -5462.496486650020 -2963.391465585940 2733.615300808340 0.47042139752256 -5.64397187860598 -5.16639603205763
2024-05-29T06:42:00.000 -5151.729355978060 -4193.342123489180 1408.843740363580 2.10353298438917 -4.54278797454230 -5.80559913608343
2024-05-29T06:46:00.000 -4465.097324946390 -5117.342993465870 -19.010765969829 3.58331215524580 -3.11010548718893 -6.02009583940983
2024-05-29T06:50:00.000 -3452.750563118250 -5668.058095488960 -1445.485290133350 4.80111646427939 -1.45129842652201 -5.79423827436125
2024-05-29T06:54:00.000 -2188.709201042940 -5805.618351735110 -2766.311832157350 5.66796630179318 0.31161820052832 -5.14526978190728
2024-05-29T06:58:00.000 -765.290334810792 -5520.488877406890 -3885.176391338330 6.12130390641545 2.04953730155874 -4.12173317808917
2024-05-29T07:02:00.000 713.799924329645 -4833.976116033990 -4720.773774624420 6.12926983841064 3.63616303018298 -2.79927449456128
2024-05-29T07:06:00.000 2141.083824666400 -3796.439812942650 -5212.611753515360 5.69236605014151 4.95708806448390 -1.27458101044841
2024-05-29T07:10:00.000 3413.051823919190 -2483.475040573440 -5325.222934059100 4.84288825542355 5.91761473850124 0.34178431818494
2024-05-29T07:14:00.000 4437.509254580360 -990.404621266807 -5050.554016954620 3.64223023720833 6.44891251323229 1.93321978799931
2024-05-29T07:18:00.000 5140.076336811900 574.499056548389 -4408.491440448090 2.17664184000793 6.51252870736154 3.38480738264329
2024-05-29T07:22:00.000 5469.504426945160 2097.681316161080 -3445.503873661830 0.55155168557958 6.10318764710369 4.59124626329041
2024-05-29T07:26:00.000 5401.454314414200 3468.399479495920 -2231.433270934690 -1.11548525399855 5.24957787311501 5.46423590519651
2024-05-29T07:30:00.000 4940.446181463710 4586.765553611100 -854.585586929184 -2.70301299837301 4.01300982594839 5.93926110540666
2024-05-29T07:34:00.000 4119.707489448930 5371.132501814930 584.648029040531 -4.09477201615309 2.48328599660677 5.98081537620642
2024-05-29T07:38:00.000 2998.851079514300 5764.198138615160 1981.163052333680 -5.18857849378205 0.77220991234219 5.58542596911496
2024-05-29T07:42:00.000 1659.514442951650 5737.302353935120 3232.934040289270 -5.90427202499801 -0.99487846645806 4.78206472481406
2024-05-29T07:46:00.000 199.301907770250 5292.526214979160 4248.572997842730 -6.18975726396758 -2.68878792777157 3.62979067654041
2024-05-29T07:50:00.000 -1275.429827963160 4462.446147272990 4954.033466888600 -6.02460289963372 -4.18618621656414 2.21312492570075
2024-05-29T07:54:00.000 -2657.358161520250 3307.616228307210 5297.952232695190 -5.42113708006930 -5.37859134501228 0.63533374797516
2024-05-29T07:58:00.000 -3845.933902760630 1912.105044312270 5255.265511703680 -4.42310690520606 -6.17965540003587 -0.98894260905025
2024-05-29T08:02:00.000 -4754.590524880770 377.434816801344 4828.997458166940 -3.10263020292849 -6.53113687215330 -2.54166266296562
2024-05-29T08:06:00.000 -5316.998521431560 -1184.705198115200 4050.073707707610 -1.55524415613410 -6.40707270919280 -3.90973763596573
2024-05-29T08:10:00.000 -5491.918929906410 -2660.492414113360 2975.160752551520 0.10669931890975 -5.81581431508715 -4.99302874501644
2024-05-29T08:14:00.000 -5266.325687308950 -3942.242344806940 1682.661616666130 1.76184694540062 -4.79995335725158 -5.71169715576921
2024-05-29T08:18:00.000 -4656.517257415390 -4936.369141803710 267.051201466905 3.28874859373628 -3.43371094741972 -6.01259182448477
2024-05-29T08:22:00.000 -3707.006149015310 -5570.378070384500 -1168.102942658610 4.57526039142597 -1.81752386194979 -5.87360343551252
2024-05-29T08:26:00.000 -2487.221708818690 -5798.276593545050 -2517.865150651330 5.52725438632102 -0.07034102053152 -5.30551849043767
2024-05-29T08:30:00.000 -1086.280376968620 -5603.909706354080 -3683.755506084350 6.07580547414232 1.67976542076331 -4.35092662886837
2024-05-29T08:34:00.000 393.691588923934 -5001.975117910410 -4580.985840771460 6.18202713622036 3.30538666166501 -3.08053289714150
2024-05-29T08:38:00.000 1845.095278908680 -4036.723702266970 -5144.550694058730 5.83936079108501 4.68912300734795 -1.58739582841094
2024-05-29T08:42:00.000 3162.638285382240 -2778.557085591650 -5333.767504298180 5.07336613238038 5.73167162971338 0.02008465847612
2024-05-29T08:46:00.000 4250.814421365980 -1318.871085545570 -5135.052877967810 3.93953814030298 6.35834049502450 1.62579292696825
2024-05-29T08:50:00.000 5030.656325008640 236.474124243372 -4562.816815636600 2.51939505728168 6.52394771790636 3.11389289254011
2024-05-29T08:54:00.000 5445.348508910580 1774.640812271140 -3658.462567419430 0.91502599254681 6.21591482639720 4.37654165901100
2024-05-29T08:58:00.000 5464.387408088740 3183.845482073510 -2487.550354912480 -0.75766127931243 5.45564133708388 5.32152122043635
2024-05-29T09:02:00.000 5085.947430162160 4361.439431490630 -1135.198908078000 -2.37699716005805 4.29749582453206 5.87911456906166
2024-05-29T09:06:00.000 4337.214538457300 5221.469994362560 300.020466991417 -3.82443580320993 2.82547041802250 6.00773156331361
2024-05-29T09:10:00.000 3272.521983466210 5701.112138932320 1713.313827233360 -4.99376285305623 1.14705987002072 5.69746596864754
2024-05-29T09:14:00.000 1969.393321190210 5765.365672903200 3001.421629920500 -5.79918625139037 -0.61481264170490 4.97095874044636
2024-05-29T09:18:00.000 522.808052951964 5409.649587102040 4070.282388839910 -6.18196294273896 -2.33122772614681 3.88168318381217
2024-05-29T09:22:00.000 -961.846214675574 4660.056467615740 4841.948874766330 -6.11456449792402 -3.87709263639825 2.50957215118836
2024-05-29T09:26:00.000 -2376.503962113220 3571.312240155250 5260.230340659510 -5.60225913424654 -5.14031351903067 0.95480900527349
2024-05-29T09:30:00.000 -3618.243123248850 2222.703271547430 5294.672691280910 -4.68233817897905 -6.02947668725750 -0.66959746338496
2024-05-29T09:34:00.000 -4596.665178671380 712.334415802211 4942.693118227780 -3.42123739403360 -6.48005279054479 -2.24573371642915
2024-05-29T09:38:00.000 -5240.384975154860 -849.889624747555 4229.795023862660 -1.91010890716274 -6.45887220863851 -3.65882424866831
2024-05-29T09:42:00.000 -5502.259844709490 -2350.166328227080 3207.820345281470 -0.25862182865423 -5.96687199072600 -4.80551432834531
2024-05-29T09:46:00.000 -5362.923374524930 -3679.059729125120 1951.277530649130 1.41279315869650 -5.03935326015032 -5.60144322635516
2024-05-29T09:50:00.000 -4832.346444137340 -4739.547871939100 551.979304507454 2.98161083287898 -3.74391286139573 -5.98775115509610
2024-05-29T09:54:00.000 -3949.222128179460 -5454.261507290250 -887.707531889383 4.33257578082887 -2.17570067591556 -5.93596710521624
2024-05-29T09:58:00.000 -2778.121574814610 -5771.266781870870 -2262.491508881800 5.36670489009417 -0.45014654932859 -5.45035260417104
2024-05-29T10:02:00.000 -1404.636019808430 -5667.872892936080 -3472.014148943000 6.00891922226126 1.30610020748325 -4.56743106155107
2024-05-29T10:06:00.000 71.057107820712 -5152.149815923960 -4428.253367383080 6.21343223405093 2.96498205496626 -3.35274039403300
2024-05-29T10:10:00.000 1541.613197168790 -4262.113816657450 -5061.876241472860 5.96655681880118 4.40651230809476 -1.89544535754283
2024-05-29T10:14:00.000 2900.311830766630 -3062.759760011970 -5327.110988432830 5.28705189940147 5.52712977545951 -0.30150611345191
2024-05-29T10:18:00.000 4048.665254064460 -1641.261625754400 -5204.877543658490 4.22429227578914 6.24657280197900 1.31390539930574
2024-05-29T10:22:00.000 4903.368156110300 -100.728896178641 -4704.062979778870 2.85472328577746 6.51304723775450 2.83420788996213
2024-05-29T10:26:00.000 5402.220448908340 1447.098664226450 -3860.906183017860 1.27677155130760 6.30687058047206 4.14937770605925
2024-05-29T10:30:00.000 5508.633576659090 2889.787457221630 -2736.499757393690 -0.39572957078012 5.64205213711309 5.16353594897289
2024-05-29T10:34:00.000 5214.429809521970 4122.300041339770 -1412.534632122840 -2.04127477015636 4.56596178082918 5.80203245158249
2024-05-29T10:38:00.000 4540.629709686860 5054.705614324540 14.537397797713 -3.53956678266024 3.15642168874825 6.01734658575833
2024-05-29T10:42:00.000 3536.065951955340 5618.887807480350 1440.539224643270 -4.78064170606235 1.51627878936032 5.79310187080725
2024-05-29T10:46:00.000 2273.856378317220 5773.660016497000 2761.280397629450 -5.67340866034454 -0.23434273997048 5.14558683403311
2024-05-29T10:50:00.000 845.993880459283 5507.820875506490 3880.296596135910 -6.15265884523073 -1.96730597270683 4.12244759618084
2024-05-29T10:54:00.000 -643.479364811698 4840.904230239660 4715.955495352350 -6.18375075126395 -3.55623270193808 2.79879654470701
2024-05-29T10:58:00.000 -2086.117077766790 3821.637241430090 5207.384971039400 -5.76481023412023 -4.88571091456753 1.27143459919222
2024-05-29T11:02:00.000 -3376.953589343540 2524.284070727680 5318.817831435330 -4.92644688328586 -5.85954102058471 -0.34853646479878
2024-05-29T11:06:00.000 -4422.039819371140 1043.236246349330 5042.092134850860 -3.72930537815980 -6.40716316825166 -1.94350513077716
2024-05-29T11:10:00.000 -5145.178733798630 -513.762209273971 4397.236514347540 -2.25982313285156 -6.48850281244513 -3.39752714341075
2024-05-29T11:14:00.000 -5493.453026679850 -2033.320115045660 3431.103342331540 -0.62449751097418 -6.09694259970695 -4.60433527929935
2024-05-29T11:18:00.000 -5441.195194438660 -3404.610119436760 2214.096658172390 1.05747341492500 -5.26042858164833 -5.47519802991657
2024-05-29T11:22:00.000 -4992.002934495380 -4527.520730503110 835.111291157443 2.66290670800806 -4.03981757018260 -5.94577112888368
2024-05-29T11:26:00.000 -4178.596127916310 -5320.100189070550 -604.982686657570 4.07387500025720 -2.52466779642758 -5.98130554579484
2024-05-29T11:30:00.000 -3060.437743231860 -5724.682950050800 -2000.844279346620 5.18691424097892 -0.82648323869146 -5.57954178382180
2024-05-29T11:34:00.000 -1719.271997164910 -5712.142084207280 -3250.519877911210 5.92098369416450 0.92995989904210 -4.77075635327005
2024-05-29T11:38:00.000 -252.975902913529 -5283.922311944620 -4262.996052885690 6.22349082804200 2.61635781188130 -3.61516246620012
2024-05-29T11:42:00.000 1231.726594170700 -4471.707535816080 -4964.805595992800 6.07363355474086 4.11053820344601 -2.19777637790968
2024-05-29T11:46:00.000 2627.041935261810 -3334.896273394610 -5305.215111661570 5.48324496115595 5.30504891607561 -0.62182952554830
2024-05-29T11:50:00.000 3831.813224350400 -1956.178337483120 -5259.710014493170 4.49541099824459 6.11430636172499 0.99869350070136
2024-05-29T11:54:00.000 4758.671657585630 -435.583168523192 -4831.641462856490 3.18126246867990 6.48018825123631 2.54689177926726
2024-05-29T11:58:00.000 5340.220247297200 1116.606240448970 -4051.978756445250 1.63520140060047 6.37587959544682 3.91080558347270
2024-05-29T12:02:00.000 5533.906379879270 2587.672036581280 -2977.195154137180 -0.03131426054403 5.80811434374373 4.99113336201604
2024-05-29T12:06:00.000 5325.219780566650 3870.564752769940 -1685.340041642940 -1.69741997476618 4.81719350776852 5.70851920345029
2024-05-29T12:10:00.000 4728.932884820640 4871.720794910790 -270.483273133633 -3.24146026247294 3.47460663870199 6.00971675759445
2024-05-29T12:14:00.000 3788.190407833280 5518.015042329740 1164.122886731550 -4.55018295397029 1.87815491614708 5.87199906975929
2024-05-29T12:18:00.000 2571.425639895640 5762.248661040830 2513.664017302120 -5.52747654114301 0.14471491344103 5.30520466719024
2024-05-29T12:22:00.000 1167.315358226190 5586.674102121000 3679.556109139940 -6.10185165598685 -1.59876860651383 4.35105037751479
2024-05-29T12:26:00.000 -321.813093318059 5004.240628113520 4576.726334164310 -6.23169380325492 -3.22504642171482 3.07964199162300
2024-05-29T12:30:00.000 -1787.521381746640 4057.532745232320 5139.800968603510 -5.90793538060111 -4.61590190955271 1.58398346087517
2024-05-29T12:34:00.000 -3123.151658453380 2815.564410558220 5327.793410346270 -5.15433086370224 -5.67061467180156 -0.02697099505501
2024-05-29T12:38:00.000 -4231.507205943880 1368.717964793700 5126.989311484580 -4.02546958849128 -6.31281907415136 -1.63624390836020
2024-05-29T12:42:00.000 -5031.822074124080 -177.754674114438 4551.909025062220 -2.60289552630742 -6.49570357535815 -3.12688438767877
2024-05-29T12:46:00.000 -5465.597726617780 -1711.273062146210 3644.316819904150 -0.98956790944142 -6.20540369094431 -4.39015616489648
2024-05-29T12:50:00.000 -5500.928927213240 -3120.037717718880 2470.305304090150 0.69712368534533 -5.46234596921820 -5.33331053854598
2024-05-29T12:54:00.000 -5134.995137254420 -4301.208504209620 1115.587220938790 2.33371501137839 -4.32040652300851 -5.88668758445585
2024-05-29T12:58:00.000 -4394.402094792590 -5168.553856554610 -320.762119952856 3.80002511249468 -2.86327223281760 -6.00936351958126
2024-05-29T13:02:00.000 -3333.271618217070 -5658.902174349110 -1733.658047853250 4.98843447072181 -1.19818948483946 -5.69253195437465
2024-05-29T13:06:00.000 -2029.194522497770 -5736.829491511730 -3019.855620779290 5.81225556143038 0.55239791349160 -4.96020592481489
2024-05-29T13:10:00.000 -577.384213625411 -5397.163387890530 -4085.617162271160 6.21218906681553 2.26046957771964 -3.86700573007506
2024-05-29T13:14:00.000 916.421282838803 -4665.159563221430 -4853.545777489580 6.16029089981134 3.80203800544459 -2.49355284933519
2024-05-29T13:18:00.000 2343.711348013130 -3594.441290268760 -5268.087403684310 5.66140571716858 5.06608942533641 -0.94007096443085
2024-05-29T13:22:00.000 3600.987991909080 -2262.955948301920 -5299.363332542490 4.75214152625010 5.96203329845150 0.68096882200566
2024-05-29T13:26:00.000 4597.089249432280 -767.340075616377 -4945.183993332710 3.49807662209285 6.42557189546764 2.25260193247013
2024-05-29T13:30:00.000 5259.637262580400 783.941735585668 -4231.181951233130 1.98929288807628 6.42301051259644 3.66126336843898
2024-05-29T13:34:00.000 5540.232673368920 2278.279709910010 -3209.054583799100 0.33442218837435 5.95376154284471 4.80458522496565
2024-05-29T13:38:00.000 5418.056674632360 3606.968434402250 -1952.982888862460 -1.34664023245600 5.05086280096466 5.59871868622602
2024-05-29T13:42:00.000 4901.579797542400 4673.132809408030 -554.395367930592 -2.93124097631687 3.77937372024655 5.98478966582429
2024-05-29T13:46:00.000 4028.108122365510 5398.927593179510 884.669454545829 -4.30326889177024 2.23183107514351 5.93386475787315
2024-05-29T13:50:00.000 2861.137266838800 5731.349923602250 2259.086877005340 -5.36199789584901 0.52142266218800 5.44936253474684
2024-05-29T13:54:00.000 1485.695528888070 5646.194887804330 3468.445815628890 -6.02987670886020 -1.22659753853170 4.56688009908286
2024-05-29T13:58:00.000 2.033647930667 5149.810218584160 4424.477656989680 -6.25837545012267 -2.88451710785150 3.35131359952074
2024-05-29T14:02:00.000 -1481.786466997850 4278.526024402470 5057.504272557480 -6.03125744255818 -4.33172755900034 1.89167899109620
2024-05-29T14:06:00.000 -2857.779436566010 3095.888776272940 5321.442080155320 -5.36531804981878 -5.46336305014665 0.29435434817438
2024-05-29T14:10:00.000 -4025.821593369880 1687.986738142560 5197.060475488230 -4.30885186040690 -6.19751686645275 -1.32459259846087
2024-05-29T14:14:00.000 -4900.831788837000 157.237699227796 4693.333063032100 -2.93819540188982 -6.48079351673444 -2.84756748190178
2024-05-29T14:18:00.000 -5418.910650341060 -1384.944850535820 3846.823534106480 -1.35251548498001 -6.29210679087362 -4.16358997303586
2024-05-29T14:22:00.000 -5542.029599611460 -2826.171626834040 2719.145116686750 0.33299874278622 -5.64453636691734 -5.17615942135512
2024-05-29T14:26:00.000 -5260.945248926530 -4061.273795580460 1392.590649003140 1.99513237266845 -4.58488780305908 -5.81061147120952
2024-05-29T14:30:00.000 -4596.021810739100 -5000.078183298380 -35.857823517369 3.51191692466324 -3.19059474288048 -6.01999476161587
2024-05-29T14:34:00.000 -3595.822281028280 -5574.150059104540 -1461.686793272040 4.77189825810412 -1.56425564128309 -5.78899161893482
2024-05-29T14:38:00.000 -2333.489695825760 -5741.908995273340 -2780.669768736290 5.68302370028462 0.17446893221288 -5.13524452527387
2024-05-29T14:42:00.000 -901.227771266825 -5491.605553784700 -3896.623006753390 6.17947251043067 1.89825607905670 -4.10763903320486
2024-05-29T14:46:00.000 596.593479394516 -4841.997259617880 -4728.446051762370 6.22622739554906 3.48178597393810 -2.78210225654316
2024-05-29T14:50:00.000 2051.115482174990 -3840.757916059910 -5215.911686223510 5.82099907908687 4.81083023980006 -1.25552801074529
2024-05-29T14:54:00.000 3356.834964641090 -2560.850212871170 -5323.856451033340 4.99378948693277 5.79006988273851 0.36138589496902
2024-05-29T14:58:00.000 4419.088589177890 -1095.204975159090 -5044.560083678690 3.80437026038767 6.34930141334047 1.95194205925866
2024-05-29T15:02:00.000 5160.738519276220 449.887196798421 -4398.247237680040 2.33819987575755 6.44803934886176 3.40128289770305
2024-05-29T15:06:00.000 5527.689248789330 1962.298787694150 -3431.702353012260 0.70077470736252 6.07846826637633 4.60422228546666
2024-05-29T15:10:00.000 5492.872863963860 3332.067718033350 -2215.039801684620 -0.98945901090392 5.26643700702828 5.47271953209800
2024-05-29T15:14:00.000 5058.384432204620 4459.376599921180 -836.766930212483 -2.60939789106281 4.07021287262554 5.94256674176847
2024-05-29T15:18:00.000 4255.519127090710 5261.920908215190 602.600400146312 -4.04033412609814 2.57664111915290 5.97859785838968
2024-05-29T15:22:00.000 3142.609968978640 5681.084563377060 1997.924810192540 -5.17718501165031 0.89503431023256 5.57778834883680
2024-05-29T15:26:00.000 1800.728609835510 5686.333681948150 3247.268013181520 -5.93674082028543 -0.85146568928531 4.76960031398890
2024-05-29T15:30:00.000 327.668519499414 5277.410650237770 4259.427098702810 -6.26369095394662 -2.53526322412032 3.61344059323109
2024-05-29T15:34:00.000 -1169.265072426720 4484.269428065990 4960.610035535980 -6.13453552429761 -4.03375113470835 2.19404650680206
2024-05-29T15:38:00.000 -2581.113465458850 3364.787368251470 5299.765541734320 -5.55901618325865 -5.23824702276213 0.61497548770395
2024-05-29T15:42:00.000 -3805.151905317610 2000.477090721200 5252.193581444840 -4.57895711361483 -6.06158395885264 -1.00904263285128
2024-05-29T15:46:00.000 -4752.248517617600 490.588146253579 4821.279924939220 -3.26515912964619 -6.44396542875253 -2.56004391657727
2024-05-29T15:50:00.000 -5353.281444970820 -1055.002597369680 4038.285365739110 -1.71261976249992 -6.35718636062025 -3.92507324637483
2024-05-29T15:54:00.000 -5564.193829077230 -2523.689877660400 2960.174245886810 -0.03402152313957 -5.80690833691197 -5.00416792022370
2024-05-29T15:58:00.000 -5369.332883099070 -3808.324168415570 1665.592177857510 1.64803970968460 -4.83276397381691 -5.71781615991088
2024-05-29T16:02:00.000 -4782.748047702190 -4815.126985409100 249.158762807159 3.21022559917049 -3.50588358826767 -6.01329626320766
2024-05-29T16:06:00.000 -3847.240815824550 -5470.675004961200 -1185.506009421680 4.53779522745509 -1.92373191261808 -5.86883965832697
2024-05-29T16:10:00.000 -2631.222280131720 -5727.388725181690 -2533.498002318220 5.53351767350769 -0.20278203973983 -5.29562377228602
2024-05-29T16:14:00.000 -1223.551139074260 -5567.000355528690 -3696.467023763250 6.12526744924502 1.53078606146814 -4.33662697771349
2024-05-29T16:18:00.000 273.139926771801 -5001.726277664610 -4589.839008187200 6.27103039225766 3.15073321531094 -3.06287233501118
2024-05-29T16:22:00.000 1750.020888890850 -4073.146006178990 -5148.886241380070 5.96136293956485 4.54004289557150 -1.56763800255187
2024-05-29T16:26:00.000 3099.935231960520 -2849.002166277390 -5333.250841513360 5.21948486314352 5.59894798555772 0.04051664665061
2024-05-29T16:30:00.000 4225.027188412840 -1418.228459817790 -5129.698251343980 4.09917065648852 6.25159504111453 1.64543519992658
2024-05-29T16:34:00.000 5043.645183581370 115.410767852421 -4552.988766998340 2.68092958921152 6.45091325354770 3.13129123056139
2024-05-29T16:38:00.000 5496.157323887210 1640.655445026500 -3644.860292924660 1.06673185283280 6.18192693134977 4.39040013305811
2024-05-29T16:42:00.000 5549.310964929090 3046.668639179660 -2471.153615885930 -0.62681326971414 5.46320395339506 5.33080449167447
2024-05-29T16:46:00.000 5198.799582477770 4231.044276980940 -1117.197251929110 -2.27653064374308 4.34611699736645 5.88311940495161
2024-05-29T16:50:00.000 4469.771513855740 5107.350664933310 318.316342449779 -3.76170376622322 2.91165109973211 6.00615738666835
2024-05-29T16:54:00.000 3415.119244565770 5611.582423053170 1730.565660522170 -4.97332996742896 1.26454430262491 5.69038536004244
2024-05-29T16:58:00.000 2111.644032003960 5706.958667839580 3016.361798256400 -5.82248768393208 -0.47451254800863 4.95890744398947
2024-05-29T17:02:00.000 654.353320041900 5386.645521705530 4081.825798481850 -6.24733764869985 -2.17831473810194 3.86561412116937
2024-05-29T17:06:00.000 -850.597177163963 4674.145520764860 4849.268627833930 -6.21728796027038 -3.72280190394864 2.49064523947333
2024-05-29T17:10:00.000 -2293.661954482140 3621.464361277980 5262.792621586990 -5.73479877308201 -4.99591042130220 0.93432293695220
2024-05-29T17:14:00.000 -3569.833202861180 2305.266696467010 5292.279113099030 -4.83497338659427 -5.90542476055766 -0.69015016205617
2024-05-29T17:18:00.000 -4586.199821032560 821.308557072670 4935.513562343680 -3.58287926918409 -6.38536782144763 -2.26482032590646
2024-05-29T17:22:00.000 -5268.618332628460 -722.434645656922 4218.348209452490 -2.06897174684797 -6.40049744658029 -3.67509000712184
2024-05-29T17:26:00.000 -5567.114046311190 -2213.512226268600 3192.930108993190 -0.40306211937816 -5.94905625075818 -4.81775672168886
2024-05-29T17:30:00.000 -5459.643699212950 -3543.157292765270 1934.029768726470 1.29330223055025 -5.06339254796485 -5.60872162933424
2024-05-29T17:34:00.000 -4953.861464178510 -4614.293764359640 533.639282186159 2.89573795946048 -3.80807283265010 -5.98952189532901
2024-05-29T17:38:00.000 -4086.660253901510 -5348.782172984340 -905.797825366806 4.28657123553062 -2.27532051650299 -5.93213526316561
2024-05-29T17:42:00.000 -2921.448829529950 -5693.242767471010 -2279.015031989700 5.36392630380310 -0.57790907885220 -5.44120312900582
2024-05-29T17:46:00.000 -1543.397829040160 -5622.969292196210 -3485.763765072540 6.04949450742683 1.15954829001916 -4.55360257818093
2024-05-29T17:50:00.000 -53.038550406589 -5143.616088370630 -4438.220254564920 6.29431553950169 2.81029931319264 -3.33524129877918
2024-05-29T17:54:00.000 1441.199439573160 -4290.558665101070 -5067.328891457880 6.08181416343380 4.25491267148408 -1.87555576798193
2024-05-29T17:58:00.000 2830.866569018240 -3126.114673475950 -5327.647243724780 5.42829116818613 5.38957463559606 -0.28067919189809
2024-05-29T18:02:00.000 4015.227312848860 -1734.936768182590 -5200.456859804850 4.38129926068516 6.13299529345887 1.33413061818623
2024-05-29T18:06:00.000 4908.376643078840 -217.937319470084 -4695.008999821950 3.01614993287589 6.43171581539394 2.85235873412061
2024-05-29T18:10:00.000 5445.327348844090 1314.859474068600 -3847.880976500710 1.43090360266018 6.26371513776555 4.16410912807800
2024-05-29T18:14:00.000 5586.730503444380 2752.122809925130 -2720.462438318190 -0.26005633458720 5.64028726357212 5.17375145850427
2024-05-29T18:18:00.000 5321.867222320520 3989.231536820230 -1394.665878156370 -1.93394305023852 4.60580898992440 5.80698515462064
2024-05-29T18:22:00.000 4669.616973257500 4935.941807136080 32.922750562963 -3.46841790734192 3.23506616787695 6.01667496238502
2024-05-29T18:26:00.000 3677.236246027080 5523.115279129620 1458.092335007420 -4.75089612956866 1.62806550761919 5.78689103711199
2024-05-29T18:30:00.000 2416.942216990270 5707.899512627530 2776.723498439620 -5.68729015825402 -0.09756487754548 5.13432248690344
2024-05-29T18:34:00.000 980.582138873457 5476.901316720600 3892.512237449110 -6.20915975508419 -1.81552647275470 4.10698310886796
2024-05-29T18:38:00.000 -527.186575371027 4847.110160901030 4724.070270124130 -6.27879613316395 -3.40054350528169 2.78030182172141
2024-05-29T18:42:00.000 -1996.599005330210 3864.529162363280 5210.824183136960 -5.89152375190267 -4.73756806587147 1.25118605964413
2024-05-29T18:46:00.000 -3320.737150613450 2600.727832092300 5317.321445462760 -5.07552883864878 -5.72979273397035 -0.36918424838585
2024-05-29T18:50:00.000 -4403.201862254570 1147.655029707750 5035.737121843710 -3.88979331457776 -6.30519755545704 -1.96309726325776
2024-05-29T18:54:00.000 -5165.057501936210 -388.966447205195 4386.453423799340 -2.41999783613476 -6.42169970125544 -3.41460379864242
2024-05-29T18:58:00.000 -5550.560892887640 -1897.227653295830 3416.654834481910 -0.77266040533470 -6.07018776945051 -4.61761396002477
2024-05-29T19:02:00.000 -5531.320149104480 -3267.127181879240 2197.019113343170 0.93218460525177 -5.27565920624816 -5.48368480077747
2024-05-29T19:06:00.000 -5108.516821889570 -4398.645724379910 816.643264079442 2.56962481657266 -4.09587475197199 -5.94878778301312
2024-05-29T19:10:00.000 -4312.956855115570 -5209.197834492560 -623.488465992743 4.01933811183362 -2.61746352974352 -5.97860357444243
2024-05-29T19:14:00.000 -3202.815522445310 -5639.804946641340 -2018.030349130660 5.17503741541764 -0.94922858040756 -5.57131588057302
2024-05-29T19:18:00.000 -1859.269437208960 -5659.436835927010 -3265.126162961180 5.95255982258285 0.78624787100567 -4.75761058279718
2024-05-29T19:22:00.000 -380.391265775181 -5267.186367978850 -4273.947257796210 6.29610406762474 2.46215196939206 -3.59803537167324
2024-05-29T19:26:00.000 1126.151822598320 -4492.125779886330 -4971.291536946900 6.18190215558755 3.95700163821144 -2.17792272745445
2024-05-29T19:30:00.000 2550.962461581130 -3390.971098267740 -5306.755208665580 5.61927681291867 5.16324430567391 -0.60072745189736
2024-05-29T19:34:00.000 3790.745137408090 -2043.841069863170 -5256.191894303690 4.64936942614288 5.99447502148825 1.01948221393891
2024-05-29T19:38:00.000 4755.601449204890 -548.481150019530 -4823.326966514410 3.34203727740709 6.39101159108717 2.56582504526728
2024-05-29T19:42:00.000 5375.391258354770 986.662778997716 -4039.483401596630 1.79116163384128 6.32388640819818 3.92649664519997
2024-05-29T19:46:00.000 5604.789313195470 2450.125847357130 -2961.441991109930 0.10851126352186 5.79714879294707 5.00242353176300
2024-05-29T19:50:00.000 5426.692895757800 3735.428102636940 -1667.491241880020 -1.58388396889028 4.84813060706528 5.71458874400592
2024-05-29T19:54:00.000 4853.648816097920 4748.849723343150 -251.850703289458 -3.16249371716475 3.54526741401784 6.01013922667859
2024-05-29T19:58:00.000 3927.105977318790 5416.388696720970 1182.172725551640 -4.51154202146403 1.98346436479135 5.86675643763371
2024-05-29T20:02:00.000 2714.460983525090 5689.316603153530 2529.816723336590 -5.53201042435546 0.27706526813104 5.29474645856855
2024-05-29T20:06:00.000 1304.074211931380 5547.801051296400 3692.650789326320 -6.14931642995648 -1.44903937491007 4.33618465022427
2024-05-29T20:10:00.000 -201.285508077855 5002.297918869990 4585.830098770170 -6.31866089294322 -3.06891156667129 3.06145401119341
2024-05-29T20:14:00.000 -1692.001313175720 4092.688524371710 5144.272589373510 -6.02810053688934 -4.46478689688167 1.56379972206563
2024-05-29T20:18:00.000 -3059.604725560080 2885.266002262280 5327.320083428900 -5.29897549048445 -5.53562711312772 -0.04776295895794
2024-05-29T20:22:00.000 -4204.563363960780 1467.873352362100 5121.591077002110 -4.18396008624129 -6.20385647798051 -1.65626247390224
2024-05-29T20:26:00.000 -5043.414478236760 -56.380507930059 4541.937600923680 -2.76355939461107 -6.42062342155020 -3.14474112865674
2024-05-29T20:30:00.000 -5514.829905469170 -1576.511586171500 3630.455417490790 -1.14064617886148 -6.16959348379922 -4.40450771158586
2024-05-29T20:34:00.000 -5584.156281676920 -2981.682649100580 2453.535386196010 0.56665020252634 -5.46839345173067 -5.34304066986380
2024-05-29T20:38:00.000 -5246.090522485010 -4169.313073454790 1097.118525510480 2.23337260734834 -4.36785889206784 -5.89101547911565
2024-05-29T20:42:00.000 -4525.210428478750 -5052.698593097720 -339.579348072899 3.73708946453330 -2.94866959292436 -6.00791912446781
2024-05-29T20:46:00.000 -3474.214656067980 -5567.495523829680 -1751.442261773390 4.96741446711273 -1.31527695068737 -5.68542402662923
2024-05-29T20:50:00.000 -2169.975560128490 -5676.488639261250 -3035.303329175530 5.83460071524860 0.41219537229373 -4.94795930660601
2024-05-29T20:54:00.000 -707.740891819081 -5372.234369675680 -4097.594115726050 6.27616732334453 2.10737306295310 -3.85050331570290
2024-05-29T20:58:00.000 805.969522988871 -4677.414523380830 -4861.167292280760 6.26115698768342 3.64715304920219 -2.47398077106149
2024-05-29T21:02:00.000 2261.175636132930 -3642.962115545290 -5270.785038798000 5.79175052931888 4.92058034885821 -0.91886940661042
2024-05-29T21:06:00.000 3552.344896498260 -2344.216256691360 -5296.937227400060 4.90252691137813 5.83636483390964 0.70219152032579
2024-05-29T21:10:00.000 4585.870456559350 -875.450784455733 -4937.822095060170 3.65767243185283 6.32885299520125 2.27225731271427
2024-05-29T21:14:00.000 5286.677490428800 656.821761849609 -4219.436669825430 2.14658957829177 6.36229513304457 3.67791402648410
2024-05-29T21:18:00.000 5603.601654833860 2141.385208965910 -3193.797125773350 0.47801983171215 5.93353245437133 4.81701986430838
2024-05-29T21:22:00.000 5513.186322400890 3470.265497827120 -1935.342695320280 -1.22718937205336 5.07269447229012 5.60602351321106
2024-05-29T21:26:00.000 5021.585648495520 4546.595976936070 -535.671924643165 -2.84466335870281 3.84175152052302 5.98646426436837
2024-05-29T21:30:00.000 4164.286418438500 5291.803711095790 903.106452024632 -4.25590326019901 2.33023766105396 5.92982055355766
2024-05-29T21:34:00.000 3003.602215758600 5651.475053446960 2275.893828495320 -5.35729520112970 0.64870734624077 5.43991156771981
2024-05-29T21:38:00.000 1624.100897851180 5599.425559410460 3482.404811525190 -6.06821071268337 -1.07969049394008 4.55274806565109
2024-05-29T21:42:00.000 126.317601948592 5139.590960739210 4434.587588932300 -6.33701376162558 -2.72871545838772 3.33357163735447
2024-05-29T21:46:00.000 -1380.671597338910 4305.622614430490 5063.046780281590 -6.14450997479405 -4.17847586602786 1.87157690430119
2024-05-29T21:50:00.000 -2787.193968071360 3158.332342729820 5322.016960479700 -5.50492359106647 -5.32386546405042 0.27330485094286
2024-05-29T21:54:00.000 -3990.901611452120 1781.220765400010 5192.615355907010 -4.46462799107792 -6.08201051696312 -1.34514202413326
2024-05-29T21:58:00.000 -4904.096868742690 274.446632305144 4684.155253419070 -3.09865213944462 -6.39772308513699 -2.86622771301369
2024-05-29T22:02:00.000 -5460.059189514020 -1252.315548117090 3833.528931157200 -1.50580643754225 -6.24743399503143 -4.17901313078986
2024-05-29T22:06:00.000 -5617.979786158350 -2687.773454391560 2702.659019073270 0.19805704039161 -5.64141279509087 -5.18716524664820
2024-05-29T22:10:00.000 -5366.077528346050 -3927.154301184500 1374.085132681290 1.88836512331258 -4.62343985940749 -5.81631144952065
2024-05-29T22:14:00.000 -4722.603485632530 -4879.960026050500 -55.039216568984 3.44102054129196 -3.26801384727971 -6.01988736445593
2024-05-29T22:18:00.000 -3734.574940631390 -5476.737368808720 -1480.141201712290 4.74197937653805 -1.67487950240906 -5.78307530751942
2024-05-29T22:22:00.000 -2474.266514085770 -5674.239604290360 -2797.044381340510 5.69615655011653 0.03875286258986 -5.12393211487998
2024-05-29T22:26:00.000 -1033.762821673690 -5458.544433479850 -3909.710874158080 6.23458398488027 1.74732232306334 -4.09172761184093
2024-05-29T22:30:00.000 481.941776372183 -4845.897544945820 -4737.275249394570 6.31921457994264 3.32657931834807 -2.76273826987333
2024-05-29T22:34:00.000 1962.666198549460 -3881.297484176670 -5219.819601358320 5.94502598858699 4.66256138978389 -1.23413278339569
2024-05-29T22:38:00.000 3300.990159053680 -2635.064678451930 -5322.541916617350 5.13981272822967 5.65940461738350 0.38323436990391
2024-05-29T22:42:00.000 4399.884895469900 -1197.708945320510 -5038.113689379580 3.96184298896286 6.24565290366222 1.97258684918247
2024-05-29T22:46:00.000 5179.571147386380 326.527416961525 -4387.147103054700 2.49577599124438 6.37896018326396 3.41918084369733
2024-05-29T22:50:00.000 5583.206956883430 1827.045291568950 -3416.766749399510 0.84703948408939 6.04904639659206 4.61809785601289
2024-05-29T22:54:00.000 5581.058778347790 3194.759960098220 -2197.359053479110 -0.86515372733512 5.27884986045795 5.48158087922011
2024-05-29T22:58:00.000 5172.842919902620 4330.011212974060 -817.632150711439 -2.51609666150748 4.12359551968495 5.94574086578972
2024-05-29T23:02:00.000 4387.943397396250 5149.934915185160 621.787542118929 -3.98484937476763 2.66721188760811 5.97586865874336
2024-05-29T23:06:00.000 3283.370627079850 5594.661554228250 2015.768360371480 -5.16363109811050 1.01617327684875 5.56938373684774
2024-05-29T23:10:00.000 1939.582040959720 5631.784312640380 3262.467037023780 -5.96608076397182 -0.70861233850397 4.75609977305258
2024-05-29T23:14:00.000 454.520455235480 5258.726720946710 4270.873168304270 -6.33375393706118 -2.38106312489030 3.59587060789465
2024-05-29T23:18:00.000 -1063.636411061290 4502.833230842140 4967.481770926560 -6.24026204171206 -3.87946392768857 2.17372800709663
2024-05-29T23:22:00.000 -2504.394513457650 3419.254183535210 5301.571987949800 -5.69272770686386 -5.09517787873916 0.59332613270791
2024-05-29T23:26:00.000 -3762.921791807660 2086.877877531300 5248.796341738470 -4.73089393378594 -5.94016656121577 -1.03049585996440
2024-05-29T23:30:00.000 -4747.569997071750 602.621930573868 4812.910924707160 -3.42422264067827 -6.35309198896857 -2.57977917234974
2024-05-29T23:34:00.000 -5386.463385652850 -925.513869073985 4025.528709494950 -1.86711522429184 -6.30348818860141 -3.94167587617948
2024-05-29T23:38:00.000 -5632.765293240840 -2386.191217791840 2943.932237077860 -0.17262296381225 -5.79425097923782 -5.01643501284531
2024-05-29T23:42:00.000 -5468.230367207250 -3672.827019926570 1647.021595490610 1.53547387691607 -4.86198059621626 -5.72482701767768
2024-05-29T23:46:00.000 -4904.697126654240 -4691.474035157410 229.600619367041 3.13185106358533 -3.57475783194341 -6.01444963864467
2024-05-29T23:50:00.000 -3983.308374113160 -5367.835195491800 -1204.621199795390 4.49922558042589 -2.02723602140333 -5.86401939792708
2024-05-29T23:54:00.000 -2771.463904575200 -5652.809665248730 -2550.769473584500 5.53750212466117 -0.33333839734227 -5.28516652355239
2024-05-29T23:58:00.000 -1357.736191990020 -5526.064081018850 -3710.621411359020 6.17143072980034 1.38270239176444 -4.32126010801177
2024-05-30T00:02:00.000 154.778081188695 -4997.364085808590 -4599.821367494950 6.35590478982141 2.99588663603911 -3.04368426984225
2024-05-30T00:06:00.000 1656.075542376650 -4105.636295312190 -5153.942283612700 6.07870633512957 4.38965391425808 -1.54601986321803
2024-05-30T00:10:00.000 3037.208608851640 -2915.954581022820 -5332.982808245920 5.36070229958176 5.46389560581981 0.06299519394494
2024-05-30T00:14:00.000 4198.040445440370 -1514.764147813460 -5124.095181067060 4.25397001542842 6.14160582183494 1.66713781221396
2024-05-30T00:18:00.000 5054.323396953300 -3.700436223852 -4542.434024210320 2.83809909384534 6.37391723544359 3.15059134448532
2024-05-30T00:22:00.000 5543.701122793350 1507.612593743950 -3630.108389716090 1.21490744373431 6.14354339876337 4.40586593343538
2024-05-30T00:26:00.000 5630.248753976320 2909.360574433960 -2453.263863055090 -0.49841213835126 5.46626810737589 5.34132955125256
2024-05-30T00:30:00.000 5307.221159580640 4099.454508690050 -1097.454923639510 -2.17731003140962 4.39040777565303 5.88793244510891
2024-05-30T00:34:00.000 4597.754827529210 4991.040065052960 338.481144156318 -3.69889318213736 2.99391119111400 6.00482568479222
2024-05-30T00:38:00.000 3553.329232215370 5519.002699457070 1749.674723131580 -4.95143539415635 1.37884435566656 5.68297982174538
2024-05-30T00:42:00.000 2250.007017083350 5644.844895841210 3033.015833501400 -5.84311524802242 -0.33648539045996 4.94597309318030
2024-05-30T00:46:00.000 782.787086323760 5359.511814180620 4094.799309746690 -6.30893439432255 -2.02661924419739 3.84806521423729
2024-05-30T00:50:00.000 -741.435651456512 4683.962102906090 4857.604138322760 -6.31530473435810 -3.56845444590069 2.46978922218116
2024-05-30T00:54:00.000 -2211.703689240940 3667.517851637760 5265.881201083080 -5.86209649196267 -4.85012909649638 0.91172839437162
2024-05-30T00:58:00.000 -3521.034942689840 2384.205633459910 5289.900510460510 -4.98232404916458 -5.77883862156032 -0.71284576162074
2024-05-30T01:02:00.000 -4574.109621510970 927.384588724450 4927.838681142410 -3.73956051531641 -6.28719477475564 -2.28598752319011
2024-05-30T01:06:00.000 -5294.112509803800 -596.949056993417 4205.934691896190 -2.22357877417234 -6.33791950574147 -3.69316809588718
2024-05-30T01:10:00.000 -5628.331769546050 -2077.767638294090 3176.683230541800 -0.54432400185608 -5.92667099952677 -4.83143246288937
2024-05-30T01:14:00.000 -5552.115075144240 -3407.059571905210 1915.131440978940 1.17571927340064 -5.08285997833277 -5.61700627423844
2024-05-30T01:18:00.000 -5070.826798538390 -4487.778334264140 513.464014493046 2.81046077228685 -3.86795893681088 -5.99180949164884
2024-05-30T01:22:00.000 -4219.565819548540 -5241.074420921800 -925.776439836907 4.23981648201998 -2.37119626725674 -5.92820812790758
2024-05-30T01:26:00.000 -3060.591403520270 -5612.186765637770 -2297.326864939910 5.35901203966849 -0.70277459424619 -5.43133038905156
2024-05-30T01:30:00.000 -1678.636767232350 -5574.466222060820 -3501.063682171170 6.08673394808087 1.01480814279273 -4.53853051324470
2024-05-30T01:34:00.000 -174.528785897749 -5131.186173084780 -4449.384051773550 6.37093515371194 2.65626911200990 -3.31605273189429
2024-05-30T01:38:00.000 1342.285931077210 -4315.091648624810 -5073.529099370860 6.19217647938333 4.10279981418622 -1.85363039919649
2024-05-30T01:42:00.000 2761.702413435100 -3185.811596723320 -5328.411997968030 5.56431849852597 5.25044220665613 -0.25757649879495
2024-05-30T01:46:00.000 3980.807656113640 -1825.444618000200 -5195.699212277910 4.53303090431663 6.01692840544417 1.35676866814051
2024-05-30T01:50:00.000 4911.154790393330 -332.674389059078 -4685.038545768770 3.17250426449986 6.34709047548226 2.87289453825097
2024-05-30T01:54:00.000 5485.046813420730 1184.220012720520 -3833.388211032790 1.58051728643500 6.21662457891422 4.18102290225594
2024-05-30T01:58:00.000 5660.451620945820 2615.057754495460 -2702.473999296530 -0.12805715158618 5.63416347877968 5.18579003082748
2024-05-30T02:02:00.000 5424.172129294080 3855.689443970200 -1374.465385936020 -1.82920926499922 4.64110756313704 5.81326703385249
2024-05-30T02:06:00.000 4792.993466982100 4815.607799589500 53.887105464175 -3.39863353593934 3.30914606776972 6.01670152961563
2024-05-30T02:10:00.000 3812.633224231640 5424.694587299240 1478.294635364700 -4.72110315855006 1.73547847007759 5.78053257310073
2024-05-30T02:14:00.000 2554.454389467050 5638.498941461080 2794.668374632020 -5.69955061377760 0.03538415350876 5.12198104961020
2024-05-30T02:18:00.000 1110.172494101960 5441.521958963540 3906.860390035250 -6.26249409521188 -1.66668800036205 4.08953618268379
2024-05-30T02:22:00.000 -414.957671183115 4848.286947196120 4733.743930859310 -6.36924442286153 -3.24660054765194 2.75903410278871
2024-05-30T02:26:00.000 -1909.890498443220 3902.148716604930 5215.088847006620 -6.01243669904115 -4.58966152917430 1.22765989998572
2024-05-30T02:30:00.000 -3265.840416703080 2672.042652168880 5315.845802455390 -5.21810060604476 -5.59861360282006 -0.39318594498357
2024-05-30T02:34:00.000 -4384.100888460820 1247.474527672690 5028.626918563230 -4.04370732619501 -6.20029510701501 -1.98576024820887
2024-05-30T02:38:00.000 -5183.142978203940 -267.913116939176 4374.231992041520 -2.57408231737999 -6.35073729516869 -3.43427051998741
2024-05-30T02:42:00.000 -5604.524136682460 -1763.764230039480 3400.220745669110 -0.91572910250070 -6.03837661888242 -4.63283730845392
2024-05-30T02:46:00.000 -5617.244416098400 -3130.994908351110 2177.579531415890 0.81053777869660 -5.28537440901377 -5.49336042174301
2024-05-30T02:50:00.000 -5220.158880010620 -4269.792036054540 795.618523151674 2.47827630693444 -4.14644658621336 -5.95225063815947
2024-05-30T02:54:00.000 -4442.190560606200 -5097.041470162050 -644.568996811327 3.96497973549287 -2.70518396846951 -5.97559481387336
2024-05-30T02:58:00.000 -3340.235106125620 -5552.545640765290 -2037.628270955420 5.16159001551628 -1.06771724867472 -5.56204570210576
2024-05-30T03:02:00.000 -1994.881277393230 -5603.464924198260 -3281.814023517980 5.98097980270903 0.64560371522420 -4.74278531271422
2024-05-30T03:06:00.000 -504.333492839975 -5246.612566239730 -4286.518379121470 6.36434229505639 2.30962541965287 -3.57876423825499
2024-05-30T03:10:00.000 1022.896121527290 -4508.469680762170 -4978.839371160200 6.28499147170541 3.80377259383641 -2.15558013159374
2024-05-30T03:14:00.000 2475.896718404810 -3443.049889664130 -5308.728429342410 5.74966044940953 5.02050347146519 -0.57689086303438
2024-05-30T03:18:00.000 3749.309200377260 -2127.867797172260 -5252.432792514800 4.79751383631891 5.87260751087404 1.04313321675120
2024-05-30T03:22:00.000 4750.774865621720 -658.348137327136 -4814.081443307410 3.49709639296354 6.29884675585933 2.58761582101569
2024-05-30T03:26:00.000 5407.476473436330 858.930820920784 -4025.394159913560 1.94181878088037 6.26808264340483 3.94482235928965
2024-05-30T03:30:00.000 5671.396492088700 2313.796033782440 -2943.507966536750 0.24377518926557 5.78173555023316 5.01593559773470
2024-05-30T03:34:00.000 5522.914783678380 3600.387540825220 -1646.999726543980 -1.47386803986612 4.87422806621917 5.72225181825829
2024-05-30T03:38:00.000 4972.416714130990 4624.896247234370 -230.284594967086 -3.08578908134195 3.61099287484822 6.01137133516552
2024-05-30T03:42:00.000 4059.694644699170 5312.507129746830 1203.241688178670 -4.47377323689319 2.08397376315423 5.86138895935683
2024-05-30T03:46:00.000 2851.141424318750 5613.016901304890 2548.830111985030 -5.53587374396595 0.40499265527606 5.28307409225042
2024-05-30T03:50:00.000 1434.841650462910 5504.575491179220 3708.180353444850 -6.19440185650595 -1.30303124932705 4.31899706828270
2024-05-30T03:54:00.000 -85.973450030150 4995.233818373260 4596.693221731610 -6.40156695753721 -2.91540796301609 3.03999417954918
2024-05-30T03:58:00.000 -1600.536907431860 4122.251813156480 5149.629201147360 -6.14269357926831 -4.31491842868912 1.53965598217645
2024-05-30T04:02:00.000 -2998.623338391150 2949.272904265640 5326.738033664850 -5.43685526648613 -5.40019781084939 -0.07279625973119
2024-05-30T04:06:00.000 -4178.478886255630 1561.659265738780 5115.085196893570 -4.33512000896875 -6.09263593682365 -1.68027357350291
2024-05-30T04:10:00.000 -5054.114706955370 60.361784073043 4529.979397172360 -2.91707958671093 -6.34172146967689 -3.16588032569306
2024-05-30T04:14:00.000 -5561.542897557810 -1445.318843119140 3613.929348826760 -1.28540529756952 -6.12882682844817 -4.42119638420441
2024-05-30T04:18:00.000 -5663.496505472150 -2845.617085055920 2433.664298591180 0.44117411080223 -5.46881659573385 -5.35405644310250
2024-05-30T04:22:00.000 -5352.298198945240 -4038.326398758810 1075.366456491940 2.13632408290046 -4.40950765835297 -5.89558273426165
2024-05-30T04:26:00.000 -4650.567237800760 -4936.383590748840 -361.617864268704 3.67553360262350 -3.02854327471800 -6.00572583865127
2024-05-30T04:30:00.000 -3609.609179776640 -5474.385320194440 -1772.157515286470 4.94583973929120 -1.42759367141665 -5.67666436642861
2024-05-30T04:34:00.000 -2305.563483002030 -5613.427706255530 -3053.190658314470 5.85457065878483 0.27563787205031 -4.93330660279921
2024-05-30T04:38:00.000 -833.670117332535 -5343.871719337880 -4111.365761389290 6.33619229673361 1.95654583730784 -3.83108414793116
2024-05-30T04:42:00.000 698.845170893387 -4685.868480311350 -4869.852422195410 6.35689438418548 3.49305761375134 -2.45127849421963
2024-05-30T04:46:00.000 2180.646807662750 -3687.658351437080 -5273.789768254250 5.91629129056677 4.77451755535869 -0.89450645946054
2024-05-30T04:50:00.000 3504.270867751920 -2421.923852866610 -5294.061315418290 5.04678144369626 5.70901563860975 0.72654880755756
2024-05-30T04:54:00.000 4573.738254263110 -980.531718394762 -4929.272307563850 3.81109434670901 6.22948252329514 2.29490222920405
2024-05-30T04:58:00.000 5311.344666008140 531.994860346100 -4205.820865578160 2.29794277361956 6.29811449374488 3.69722794506313
2024-05-30T05:02:00.000 5663.233558520010 2005.868921409110 -3176.092126629060 0.61626195471319 5.90917952268773 4.83156655548894
2024-05-30T05:06:00.000 5603.401641265820 3333.893494895850 -1914.830815241060 -1.11213313860894 5.08996059755921 5.61472172290595
2024-05-30T05:10:00.000 5135.771831927870 4419.265092372630 -513.845193121736 -2.76117868454629 3.89936710235208 5.98864739213718
2024-05-30T05:14:00.000 4294.088759362010 5182.754381197930 924.652015482713 -4.21005289624074 2.42404418371503 5.92531103207678
2024-05-30T05:18:00.000 3139.525084508450 5568.621323200120 2295.580607225610 -5.35245139795219 0.77185360905864 5.42901701204639
2024-05-30T05:22:00.000 1756.204273560980 5548.764222480900 3498.780584914750 -6.10467502495743 -0.93620964830982 4.53621053969715
2024-05-30T05:26:00.000 244.956053878589 5124.772741086890 4446.429797716100 -6.41206117170256 -2.57532369832986 3.31255510737211
2024-05-30T05:30:00.000 -1284.146587446660 4327.697825657850 5069.458779811930 -6.25260621195904 -4.02629481499934 1.84762719705907
2024-05-30T05:34:00.000 -2719.806527480100 3215.674722629910 5322.506082702990 -5.63814509577068 -5.18394280526754 0.24820396463786
2024-05-30T05:38:00.000 -3957.543711000680 1869.650102280990 5187.131031580700 -4.61326598916011 -5.96444417051469 -1.36950075067049
2024-05-30T05:42:00.000 -4907.195526714130 387.537486960599 4673.101451328170 -3.25197938862178 -6.31103427946939 -2.88798185681883
2024-05-30T05:46:00.000 -5499.413212695930 -1122.786715228610 3817.735501614730 -1.65277866947379 -6.19799956326587 -4.19651374070483
2024-05-30T05:50:00.000 -5690.768852822630 -2551.250964969480 2683.305591285550 0.06810198303997 -5.63293963517954 -5.19914677402077
2024-05-30T05:54:00.000 -5467.052298198560 -3793.618531868160 1352.609637451590 1.78487611248950 -4.65666998950165 -5.82191292890894
2024-05-30T05:58:00.000 -4844.460837664670 -4759.201062425740 -77.054805914739 3.37156070398505 -3.34061241592194 -6.01877218049896
2024-05-30T06:02:00.000 -3868.481322348000 -5377.625428598410 -1501.092562418160 4.71164342457760 -1.78157014983907 -5.77538307285598
2024-05-30T06:06:00.000 -2610.506593754640 -5604.070068295490 -2815.418119745870 5.70717060061523 -0.09426581964992 -5.11028584251886
2024-05-30T06:10:00.000 -1162.444598696680 -5422.502089664030 -3924.196660007830 6.28617687140721 1.59769600646567 -4.07318125757639
2024-05-30T06:14:00.000 370.166738597870 -4846.670087375870 -4746.856720564760 6.40765372826195 3.17130010002828 -2.74066785146382
2024-05-30T06:18:00.000 1875.920792595000 -3918.878142955470 -5223.841347683270 6.06389882214982 4.51299114781875 -1.21015573596953
2024-05-30T06:22:00.000 3245.584285472300 -2706.751258260150 -5320.749959061470 5.28051046177860 5.52650761839238 0.40743066780310
2024-05-30T06:26:00.000 4379.851207726970 -1298.302028322220 -5030.651138042920 4.11410062202232 6.13913212919417 1.99537465278094
2024-05-30T06:30:00.000 5196.355147744180 204.330403539905 -4374.544807230110 2.64844524022193 6.30654218041718 3.43897087032652
2024-05-30T06:34:00.000 5635.558206454300 1692.110011779590 -3399.921771353680 0.98894849605830 6.01595509657161 4.63343950822755
2024-05-30T06:38:00.000 5665.129793442060 3056.872441740540 -2177.488130196600 -0.74434565304528 5.28749773452880 5.49129279596690
2024-05-30T06:42:00.000 5282.475716783500 4199.179619502820 -796.182995238613 -2.42519717494698 4.17338940564610 5.94910328364965
2024-05-30T06:46:00.000 4515.112766623340 5035.655015215310 643.251965131584 -3.93050166605916 2.75449728855984 5.97262735179303
2024-05-30T06:50:00.000 3418.776678196320 5505.213991089770 2035.678840157840 -5.14974944326982 1.13455710859229 5.55975271747769
2024-05-30T06:54:00.000 2073.336474094210 5573.636733830870 3279.363328408570 -5.99363664024538 -0.56775743531216 4.74076127926414
2024-05-30T06:58:00.000 576.863282617960 5236.066389728960 4283.503596321960 -6.40069743697940 -2.22797618722112 3.57586476261660
2024-05-30T07:02:00.000 -961.621787871161 4517.280438368020 4974.895247808530 -6.34168338489994 -3.72520819274795 2.15052719115157
2024-05-30T07:06:00.000 -2430.140220095640 3469.737758689320 5303.201426095160 -5.82122175286818 -4.95096453631400 0.56862430967856
2024-05-30T07:10:00.000 -3721.829802887270 2169.707224225610 5244.499591245050 -4.87705560871670 -5.81647195107666 -1.05487069256512
2024-05-30T07:14:00.000 -4742.619796596860 711.763026523149 4802.988641359930 -3.57741794981729 -6.25885472461917 -2.60198048495821
2024-05-30T07:18:00.000 -5418.018412247950 -798.001835534594 4010.708525923890 -2.01628446733733 -6.24557339244889 -3.96003619875240
2024-05-30T07:22:00.000 -5698.551985305640 -2249.593758577200 2925.305559642920 -0.30698135702265 -5.77693211765000 -5.02960413041211
2024-05-30T07:26:00.000 -5563.492626482820 -3537.108979246430 1625.957436282120 1.42569981851611 -4.88659764269212 -5.73184360338065
2024-05-30T07:30:00.000 -5022.534177597300 -4566.555500994460 207.645179237119 3.05465354277805 -3.63959727488119 -6.01482149242057
2024-05-30T07:34:00.000 -4115.173696687880 -5262.864475622910 -1225.865281681290 4.46023796783709 -2.12761743056654 -5.85776430842034
2024-05-30T07:38:00.000 -2907.784892692300 -5575.488168237430 -2569.762737328590 5.53958915318420 -0.46195467603508 -5.27278607594372
2024-05-30T07:42:00.000 -1488.612101955810 -5482.075688647590 -3725.998928019720 6.21444358267697 1.23524770799312 -4.30370258930128
2024-05-30T07:46:00.000 38.853310580124 -4989.955640401760 -4610.491469512000 6.43672698341980 2.84037890716870 -3.02225282459383
2024-05-30T07:50:00.000 1563.524011324140 -4135.380566529490 -5159.156210061440 6.19147522532737 4.23745323356925 -1.52225553896356
2024-05-30T07:54:00.000 2974.755131566760 -2980.710665566530 -5332.381073597120 5.49721520532714 5.32611934147667 0.08740556141946
2024-05-30T07:58:00.000 4170.219024720960 -1609.834705285350 -5117.730845506570 4.40429574087214 6.02831205798111 1.69047213290468
2024-05-30T08:02:00.000 5063.145326264350 -122.175398720421 -4530.757679415080 2.99125250727935 6.29335825551613 3.17127088405849
2024-05-30T08:06:00.000 5588.492268027630 1374.338147506260 -3613.936722182360 1.35965408484204 6.10151760885574 4.42241256224020
2024-05-30T08:10:00.000 5707.699717847880 2770.954555469450 -2433.747154306960 -0.37265935712739 5.46578478052645 5.35247220894972
2024-05-30T08:14:00.000 5411.643287173400 3965.950228507030 -1076.006995850220 -2.07966520050518 4.43149824892390 5.89277441757165
2024-05-30T08:18:00.000 4721.506879291240 4872.123601725780 360.294111837088 -3.63644861618653 3.07364154893021 6.00301390392054
2024-05-30T08:22:00.000 3687.358258679980 5423.298910034170 1770.262470475300 -4.92876002136059 1.49135929295454 5.67463576708920
2024-05-30T08:26:00.000 2384.516521928760 5579.275835451970 3050.868371253470 -5.86179778465203 -0.19941185527547 4.93166026819336
2024-05-30T08:30:00.000 907.962641600945 5328.801955694190 4108.595856463370 -6.36754083889594 -1.87496257826985 3.82877401354865
2024-05-30T08:34:00.000 -634.710095199736 4690.311427569980 4866.310171242120 -6.40950187067396 -3.41315639111694 2.44692726018010
2024-05-30T08:38:00.000 -2131.193884594060 3710.448471888700 5268.842319121910 -5.98503515527441 -4.70244279299563 0.88701122109985
2024-05-30T08:42:00.000 -3472.604238129510 2460.582368192640 5286.886611350300 -5.12507501255384 -5.64951353704520 -0.73761715518875
2024-05-30T08:46:00.000 -4561.283267012760 1031.636928538830 4919.055609819660 -3.89169588870303 -6.18563649786542 -2.30899149828610
2024-05-30T08:50:00.000 -5317.819975572030 -472.414658923132 4192.018623567690 -2.37404372849501 -6.27149494409860 -3.71266582929458
2024-05-30T08:54:00.000 -5686.854055119770 -1942.024440133000 3158.655617722130 -0.68221004361437 -5.90026773898317 -4.84598903599595
2024-05-30T08:58:00.000 -5641.202027723500 -3270.009641677420 1894.313299694530 1.06045986857019 -5.09844638010492 -5.62555956178487
2024-05-30T09:02:00.000 -5183.999796420830 -4359.428213377470 491.381719012697 2.72622979335308 -3.92443256592982 -5.99372560453745
2024-05-30T09:06:00.000 -4348.593628878490 -5130.803724295710 -947.504157450517 4.19272585607390 -2.46446679390089 -5.92336036968131
2024-05-30T09:10:00.000 -3196.093531573290 -5528.061435958100 -2317.114045855440 5.35247767059053 -0.82604458908911 -5.42011150569868
2024-05-30T09:14:00.000 -1810.764623735150 -5522.642545992590 -3517.474235134560 6.12121212973047 0.87054669665841 -4.52178824131588
2024-05-30T09:18:00.000 -293.682008133950 -5115.461086205580 -4461.233872948030 6.44391899593007 2.50155639052982 -3.29501925685572
2024-05-30T09:22:00.000 1244.763068431310 -4336.622959014370 -5079.964176856200 6.29834055128918 3.94894265974733 -1.82981046489093
2024-05-30T09:26:00.000 2692.888068481160 -3243.039775694980 -5328.964084501340 5.69593029561407 5.10864368852926 -0.23266279066711
2024-05-30T09:30:00.000 3945.689123636930 -1914.211537278940 -5190.316441148540 4.68049577468223 5.89750619028968 1.38101796756602
2024-05-30T09:34:00.000 4912.262506494660 -446.530709306383 -4674.090656825120 3.32508156331865 6.25871342770182 2.89474449694547
2024-05-30T09:38:00.000 5522.270510213990 1053.549153402700 -3817.639955849740 1.72704855147587 6.16573083625401 4.19893973946083
2024-05-30T09:42:00.000 5731.032115979270 2477.063048256970 -2683.032859243160 0.00168165311135 5.62438447294730 5.19844565346710
2024-05-30T09:43:00.000 5718.029330912200 2808.605296692440 -2365.212531759930 -0.43496260886504 5.42280094014170 5.39152350921243
2024-05-30T09:47:00.000 5406.812100442510 3992.035102451810 -1000.709000286340 -2.14293065729706 4.37868330320589 5.90973419051053
2024-05-30T09:51:00.000 4701.840876714480 4884.727794759580 436.865933949061 -3.69604079936484 3.01480454610546 5.99659329247669
2024-05-30T09:55:00.000 3654.275930398870 5421.488684270210 1842.512855530280 -4.98027818518129 1.43082448525262 5.64526524698223
2024-05-30T09:59:00.000 2340.422197213270 5563.180147015560 3113.515486006890 -5.90148565455559 -0.25719579102598 4.88149062982813
2024-05-30T10:03:00.000 856.063940988606 5299.594549385400 4157.060758154240 -6.39249298709075 -1.92578813078895 3.76148980274655
2024-05-30T10:07:00.000 -690.632144793505 4650.115210353450 4897.053025923170 -6.41787522982796 -3.45333683962682 2.36743732922442
2024-05-30T10:11:00.000 -2187.063006770160 3662.188995307620 5279.616855862890 -5.97622061256604 -4.72904571361859 0.80111825781496
2024-05-30T10:15:00.000 -3524.344918310290 2407.771873660870 5276.903799054860 -5.09969745702893 -5.66060236482229 -0.82363688888689
2024-05-30T10:19:00.000 -4605.122256742950 978.115496219595 4889.043509225960 -3.85162393395590 -6.18044684368407 -2.38887612399012
2024-05-30T10:23:00.000 -5350.553166245670 -522.762908408037 4144.151632866600 -2.32211621283072 -6.25038779620309 -3.78066405106609
2024-05-30T10:27:00.000 -5706.069626053870 -1985.529637834030 3096.406795446750 -0.62218597879027 -5.86468940885378 -4.89709433055296
2024-05-30T10:31:00.000 -5645.477888235620 -3303.486597217160 1822.219615823920 1.12416380671577 -5.05096885242443 -5.65598379621597
2024-05-30T10:35:00.000 -5173.013789846170 -4380.423528094410 414.710414084616 2.78891998869707 -3.86853881195162 -6.00120979283656
2024-05-30T10:39:00.000 -4323.148976150350 -5137.782669522540 -1023.147232321240 4.24978365580569 -2.40427949705364 -5.90736802333547
2024-05-30T10:43:00.000 -3158.053409366470 -5520.519544951210 -2386.205156364320 5.39973694443201 -0.76597014158307 -5.38183998831338
2024-05-30T10:47:00.000 -1762.911037695510 -5501.140371800540 -3574.973737148630 6.15523665371546 0.92609257338642 -4.46406264213497
2024-05-30T10:51:00.000 -239.505585356867 -5081.581363917040 -4502.957894888870 6.46227127859641 2.54852957283611 -3.22209232406573
2024-05-30T10:55:00.000 1301.323092637820 -4292.844824802890 -5102.885970555500 6.29973786274406 3.98396395704650 -1.74700850010059
2024-05-30T10:59:00.000 2747.727501133440 -3192.548932803890 -5331.423610307380 5.68028032691957 5.12922600000507 -0.14598181613837
2024-05-30T11:03:00.000 3994.828386202690 -1860.670744885250 -5172.133874173820 4.64893152923821 5.90219438262568 1.46531788546923
2024-05-30T11:07:00.000 4952.128077537190 -393.816791654496 -4636.570291798300 3.27981983159648 6.24716224609083 2.97061347981203
2024-05-30T11:11:00.000 5549.945036182890 1101.605623978100 -3763.485586991880 1.67133846561339 6.13870025158681 4.26083045397205
2024-05-30T11:15:00.000 5744.479827734720 2516.959199120480 -2616.170449976470 -0.06044655010511 5.58382311022284 5.24179824875595
2024-05-30T11:19:00.000 5521.130263253380 3749.199008699430 -1278.019169098200 -1.78971522327790 4.62194397902241 5.84123492018957
2024-05-30T11:23:00.000 4895.756033754590 4708.428510950560 153.442335927182 -3.39003833304380 3.32261663857205 6.01447617861638
2024-05-30T11:27:00.000 3913.672940679340 5324.594616404550 1573.685302740210 -4.74395739709043 1.78064555398619 5.74826306402895
2024-05-30T11:31:00.000 2646.386768595120 5552.740846970580 2878.922265198940 -5.75211924820253 0.10901419907106 5.06201565452429
2024-05-30T11:35:00.000 1186.288813480260 5376.336830519020 3973.820606491320 -6.34091409005621 -1.56992597916282 4.00627306174910
2024-05-30T11:39:00.000 -360.205598153007 4808.409717929380 4778.518179142430 -6.46776252098721 -3.13374609763849 2.65854073379404
2024-05-30T11:43:00.000 -1880.484075931910 3890.481476326920 5234.403699746160 -6.12384097075470 -4.46886134615094 1.11730593115028
2024-05-30T11:47:00.000 -3263.915755006740 2689.445110801090 5308.300111335910 -5.33432180000585 -5.47864998264347 -0.50529870779316
2024-05-30T11:51:00.000 -4409.804201723010 1292.686285206260 4994.781844385690 -4.15630965889044 -6.08993614955421 -2.09146696643651
2024-05-30T11:55:00.000 -5234.610857474270 -198.186756202086 4316.567515506980 -2.67487020047673 -6.25807176679686 -3.52584718505000
2024-05-30T11:59:00.000 -5678.010370720000 -1674.617242280660 3322.952239341760 -0.99729575365395 -5.97018777749103 -4.70362442323606
2024-05-30T12:03:00.000 -5707.387453213580 -3028.935786399950 2086.355676847040 0.75414572779301 -5.24662585596236 -5.53814531041806
2024-05-30T12:07:00.000 -5320.386358669580 -4162.275146552070 697.118852330672 2.45113673626989 -4.14000039876512 -5.96772364983720
2024-05-30T12:11:00.000 -4545.205087897440 -4991.929147570280 -743.131488038264 3.96903392901706 -2.73154745633213 -5.96064887520454
2024-05-30T12:15:00.000 -3438.541076824850 -5457.529917851870 -2129.043982388780 5.19653377500189 -1.12497776870540 -5.51780974235629
2024-05-30T12:19:00.000 -2081.327465266170 -5525.499005110870 -3359.405773911410 6.04425896638418 0.56166303838764 -4.67253534469844
2024-05-30T12:23:00.000 -572.639218467879 -5191.392429682450 -4344.627263793460 6.45130299918826 2.20518187513655 -3.48765682853562
2024-05-30T12:27:00.000 977.684351884818 -4480.024526429980 -5013.232857816170 6.38931150052281 3.68646472487449 -2.05026369748146
2024-05-30T12:31:00.000 2457.056785694710 -3443.446456762920 -5316.894432463140 5.86375743864978 4.89894315882146 -0.46496211771605
2024-05-30T12:35:00.000 3758.192794658990 -2157.060462356080 -5233.744823353500 4.91302260742920 5.75566190458293 1.15363647203822
2024-05-30T12:39:00.000 4786.699573796230 -714.198877935539 -4769.845238745340 3.60553959175922 6.19499351799902 2.68872436630390
2024-05-30T12:43:00.000 5467.771070463710 780.490330647322 -3958.760637800660 2.03519742324263 6.18482262672878 4.02921947253743
2024-05-30T12:47:00.000 5751.590691988270 2218.456821599130 -2859.256233448190 0.31520409286391 5.72501146817763 5.07744429429809
2024-05-30T12:51:00.000 5617.077115152940 3495.041956338610 -1551.213524057890 -1.42960069240729 4.84806385079415 5.75624374634278
2024-05-30T12:55:00.000 5073.609405342280 4517.150666497140 -129.931286325978 -3.07180023851810 3.61729306502156 6.01518185568088
2024-05-30T12:59:00.000 4160.500141865100 5210.157466151370 1300.831868111470 -4.49095628673349 2.12237590224602 5.83469395265320
2024-05-30T13:03:00.000 2944.193162372870 5523.484498155920 2636.527127974950 -5.58289553568429 0.47275840178422 5.22783195976087
2024-05-30T13:07:00.000 1513.356796039020 5434.364652116560 3779.579872336370 -6.26776984126849 -1.21075492067831 4.23926585828014
2024-05-30T13:11:00.000 -27.708990313922 4949.460242607400 4646.590445100560 -6.49592771505155 -2.80527915230942 2.94164395299656
2024-05-30T13:15:00.000 -1566.766017204910 4104.261170146020 5174.396338349360 -6.25120003207283 -4.19493352265317 1.42987069079538
2024-05-30T13:19:00.000 -2991.808603516170 2960.393120830290 5324.582544166310 -5.55161141012470 -5.27907252182880 -0.18598333429736
2024-05-30T13:23:00.000 -4199.124955447440 1601.101121029840 5086.188817415200 -4.44781830101059 -5.97919853790217 -1.78856171926390
2024-05-30T13:27:00.000 -5100.739621535240 125.264375356697 4476.476663706100 -3.01954893136733 -6.24429034443118 -3.26139083623497
2024-05-30T13:31:00.000 -5630.775673332900 -1359.683262651680 3539.744000485660 -1.37017380709631 -6.05454705975091 -4.49698805790090
2024-05-30T13:35:00.000 -5750.312750735320 -2745.499343557180 2344.227431617450 0.38031402369976 -5.42316230147792 -5.40458061732523
2024-05-30T13:39:00.000 -5450.385066030160 -3931.046527881690 977.224064300366 2.10384560299289 -4.39584009271779 -5.91716260712575
2024-05-30T13:43:00.000 -4752.783112852250 -4829.783820235200 -461.285500657718 3.67381155503954 -3.04784586833962 -5.99677621537139
2024-05-30T13:47:00.000 -3708.514330500360 -5376.258212919500 -1866.057820534790 4.97497559720304 -1.47846136232913 -5.63785198142586
2024-05-30T13:48:00.000 -3401.749950227140 -5452.585081833410 -2199.783489858510 5.24658607307154 -1.06481573171525 -5.48208410657933
2024-05-30T13:52:00.000 -2034.016127260370 -5506.488460763340 -3419.097185987600 6.08134578682604 0.61799795237377 -4.61677048330180
2024-05-30T13:56:00.000 -518.256742184714 -5159.734360480190 -4388.930749144830 6.47279689209574 2.25361175567643 -3.41597546556729
2024-05-30T14:00:00.000 1035.189590871990 -4438.043312095070 -5038.934439437770 6.39368146557358 3.72354314849292 -1.96787321629634
2024-05-30T14:04:00.000 2513.513174697230 -3394.203033965660 -5322.130118142760 5.85070083335301 4.92202555608808 -0.37783787125564
2024-05-30T14:08:00.000 3809.504655729360 -2104.130093709370 -5218.131531310950 4.88346246272038 5.76312341674578 1.23920092455657
2024-05-30T14:12:00.000 4829.133936640350 -661.417089934223 -4734.505111742060 3.56156117147044 6.18629550049675 2.76654936784666
2024-05-30T14:16:00.000 5498.226176042490 829.292957643313 -3906.245741343880 1.97995285990427 6.16055646055748 4.09363727948967
2024-05-30T14:20:00.000 5767.827789941700 2259.731612070030 -2793.375889302510 0.25268167629349 5.68692984919423 5.12371842133535
2024-05-30T14:24:00.000 5617.882831392490 3525.785632290120 -1476.758880288110 -1.49489699519326 4.79890835631443 5.78098097383391
2024-05-30T14:28:00.000 5058.890785055990 4535.108720214880 -52.329046499458 -3.13505493060267 3.56055023424560 6.01650090525919
2024-05-30T14:32:00.000 4131.323863889330 5214.001786961030 1375.908172126500 -4.54742954563958 2.06224757515607 5.81245557139971
2024-05-30T14:36:00.000 2902.697804885800 5512.941609783870 2703.589930341480 -5.62846277595632 0.41373382451386 5.18371233247385
2024-05-30T14:40:00.000 1462.570733916650 5410.221313569810 3833.740189413770 -6.29915772098784 -1.26437815872394 4.17652744086497
2024-05-30T14:44:00.000 -84.088171776582 4913.489157024830 4683.907008121370 -6.51086492243845 -2.84961992771139 2.86487998606484
2024-05-30T14:48:00.000 -1624.635929365280 4059.092655851840 5192.160188487970 -6.24861514434916 -4.22677562456646 1.34469375851451
2024-05-30T14:52:00.000 -3046.963341769470 2909.320408578810 5321.508153965560 -5.53170688584456 -5.29613358489721 -0.27340765577118
2024-05-30T14:56:00.000 -4247.554425518180 1547.842471570600 5062.496371280480 -4.41201242133861 -5.98024018600190 -1.87190496159417
2024-05-30T15:00:00.000 -5138.912784357450 73.699274886126 4433.885606546670 -2.97039984354929 -6.22921920732797 -3.33457279745615
2024-05-30T15:04:00.000 -5655.896767385850 -1405.793554739190 3481.355142640080 -1.31121685044873 -6.02443616889468 -4.55463624244371
2024-05-30T15:08:00.000 -5760.533236180230 -2782.784974910610 2274.309354986970 0.44475261903188 -5.38018306120907 -5.44240946606569
2024-05-30T15:12:00.000 -5444.959678478410 -3956.784042757830 900.901320426261 2.16898376224525 -4.34319310297897 -5.93238421226298
2024-05-30T15:16:00.000 -4732.116168686390 -4842.110496528440 -538.425293477404 3.73491283332319 -2.98941800017938 -5.98832412675930
2024-05-30T15:20:00.000 -3674.121060633580 -5374.294397770150 -1938.372822153180 5.02755295008200 -1.41854546513524 -5.60635780883852
2024-05-30T15:24:00.000 -2348.368805252580 -5514.865797868290 -3196.674113828900 5.95264006740195 0.25392422353390 -4.81536423766401
2024-05-30T15:28:00.000 -851.672670875187 -5254.072984847770 -4221.668105254870 6.44356889365330 1.90570597962292 -3.67421407803481
2024-05-30T15:32:00.000 706.957612920165 -4611.398219830130 -4938.951840324240 6.46581052389585 3.41696478025321 -2.26687622263487
2024-05-30T15:36:00.000 2214.286766984090 -3633.932357585610 -5296.647708995670 6.01879977401284 4.67880650006360 -0.69590098143157
2024-05-30T15:40:00.000 3560.986609277910 -2392.831479509590 -5268.980885238170 5.13538182411447 5.60071030621274 0.92501485513096
2024-05-30T15:44:00.000 4649.377689639920 -978.161751233627 -4858.014415594810 3.87920387260494 6.11644881239756 2.47890929469995
2024-05-30T15:48:00.000 5400.345300057590 507.482830051594 -4093.489268634350 2.34047933921086 6.18848086786966 3.85340580621430
2024-05-30T15:52:00.000 5759.035468099580 1956.246303743020 -3030.786104928230 0.63004269755788 5.81081925955360 4.94847884204713
2024-05-30T15:56:00.000 5698.933924310860 3262.735372195560 -1747.077654489600 -1.12814145057609 5.00994914774843 5.68369280302264
2024-05-30T16:00:00.000 5223.986762395930 4331.703955665020 -335.849230200953 -2.80576622007016 3.84352152197227 6.00448607336892
2024-05-30T16:04:00.000 4368.487599855450 5085.115554111300 1099.902654167800 -4.27986317658925 2.39642513483853 5.88670740669433
2024-05-30T16:08:00.000 3194.660161905660 5467.975523022600 2455.267800047580 -5.44215790748444 0.77460704278977 5.33873216648829
2024-05-30T16:12:00.000 1788.072283715310 5452.446290541820 3631.235146577250 -6.20768427850199 -0.90310484221243 4.40097224674990
2024-05-30T16:16:00.000 251.244753493621 5039.823333410680 4542.001050534130 -6.52091314835648 -2.51427420927178 3.14232364341334
2024-05-30T16:20:00.000 -1303.894326812760 4260.324095029910 5121.199743601160 -6.35940298837074 -3.94178366555729 1.65483916728396
2024-05-30T16:24:00.000 -2764.157557552880 3170.794098153440 5326.663728876080 -5.73512466672168 -5.08216233834285 0.04688308770618
2024-05-30T16:28:00.000 -4023.274284399760 1850.534184492830 5143.408079463200 -4.69334874250985 -5.85283117258567 -1.56475747198267
2024-05-30T16:32:00.000 -4989.513821600530 395.580966474651 4584.674806177760 -3.30927392638305 -6.19770302235405 -3.06297895928007
2024-05-30T16:36:00.000 -5592.301460952280 -1088.164552304610 3691.037848792180 -1.68301212470619 -6.09119325816127 -4.33847327847211
2024-05-30T16:40:00.000 -5787.418585876790 -2492.563628721510 2527.578558721970 0.06717676097837 -5.54042762485275 -5.29759572284473
2024-05-30T16:44:00.000 -5560.384905632220 -3715.132785746330 1179.241429998040 1.81325769856393 -4.58521478941509 -5.86956017746919
2024-05-30T16:48:00.000 -4927.662220882990 -4666.640530968530 -255.372321897510 3.42707502279913 -3.29551438598099 -6.01212609813150
2024-05-30T16:52:00.000 -3935.494511217320 -5277.761658868310 -1671.315342779210 4.79019897723860 -1.76618562858288 -5.71499955316933
2024-05-30T16:56:00.000 -2656.463788388000 -5504.215641186400 -2965.113122328900 5.80300377470404 -0.10972625546380 -5.00067285152360
2024-05-30T17:00:00.000 -1184.017754084970 -5329.966912844250 -4042.455719414420 6.39230695258458 1.55254383723606 -3.92244808141346
2024-05-30T17:04:00.000 374.535944120285 -4768.219486822890 -4825.086388086990 6.51640367815086 3.09981270445523 -2.55986760988766
2024-05-30T17:08:00.000 1905.918926380030 -3860.231224386040 -5256.366203897680 6.16742062975109 4.42046803124669 -1.01238862788495
2024-05-30T17:12:00.000 3299.038921457690 -2672.169620881560 -5305.196647235890 5.37126049844047 5.41971289822505 0.60788411247849
2024-05-30T17:16:00.000 4452.876270539150 -1290.293248712560 -4968.122590160910 4.18542952968773 6.02584059565768 2.18400318170954
2024-05-30T17:20:00.000 5283.622074782500 185.189753338936 -4269.546418704120 2.69505679060326 6.19495653181963 3.60209078106898
2024-05-30T17:24:00.000 5730.679716256490 1647.204234295300 -3260.053738782590 1.00738721001858 5.91413849377892 4.75910618494862
2024-05-30T17:28:00.000 5761.137648055700 2989.453159281720 -2012.910328802360 -0.75544828329013 5.20284139216769 5.57026506228609
2024-05-30T17:32:00.000 5372.334904821310 4114.131999292230 -618.880736566494 -2.46500860058609 4.11204815834936 5.97549568106215
2024-05-30T17:36:00.000 4592.249874853210 4939.157440579170 820.335455951642 -3.99604920144419 2.72102513968867 5.94441340785406
2024-05-30T17:40:00.000 3477.559024085250 5404.302951491690 2199.601432512470 -5.23621314099078 1.13148317530973 5.47896136024765
2024-05-30T17:44:00.000 2109.484411282830 5475.688811398500 3418.143150670310 -6.09463260936130 -0.54013301688041 4.61333366539588
2024-05-30T17:48:00.000 587.758292576940 5148.254554515970 4387.018444306570 -6.50887079995384 -2.17167054468263 3.41123793594701
2024-05-30T17:52:00.000 -976.769954540865 4446.021834882040 5035.614399803720 -6.44921590732618 -3.64442653128740 1.96069793943319
2024-05-30T17:56:00.000 -2470.231080272530 3420.221583379970 5316.702608976160 -5.92026480187536 -4.85167760481925 0.36736521156665
2024-05-30T18:00:00.000 -3783.934754826680 2145.524219712680 5209.783425042960 -4.96032877895053 -5.70594046775191 -1.25297894314898
2024-05-30T18:04:00.000 -4822.187498416360 714.656648833108 4722.548194334080 -3.63875016245449 -6.14511955742162 -2.78259036371536
2024-05-30T18:08:00.000 -5509.191667113750 -768.249314550765 3890.357113490000 -2.05105446182045 -6.13683928513639 -4.10996341476147
2024-05-30T18:12:00.000 -5794.601054680370 -2195.137234973890 2773.787027010720 -0.31258924678489 -5.68104568472759 -5.13778900386485
2024-05-30T18:16:00.000 -5657.328396669980 -3461.887046711360 1454.321564259070 1.44962427277811 -4.81049269561832 -5.79025418940310
2024-05-30T18:20:00.000 -5107.251083742700 -4476.016947829660 28.441444145240 3.10622876025062 -3.58885995400141 -6.01908715171592
2024-05-30T18:24:00.000 -4184.565698741130 -5163.589406268050 -1399.527612112050 4.53557093521089 -2.10600209259777 -5.80761686153300
2024-05-30T18:28:00.000 -2956.789604805250 -5474.702355965010 -2725.196043461290 5.63309826985075 -0.47106191676972 -5.17197060871200
2024-05-30T18:32:00.000 -1513.669353853730 -5387.120448410380 -3851.867260597580 6.31927393098438 1.19606419086208 -4.15966560540350
2024-05-30T18:36:00.000 39.554846639056 -4907.748143812800 -4697.634877287190 6.54524444596959 2.77398364245717 -2.84556539539751
2024-05-30T18:40:00.000 1589.924920670910 -4071.905711678260 -5201.248469941370 6.29582023551004 4.14870080848663 -1.32580964650678
2024-05-30T18:44:00.000 3024.939080373070 -2940.583644011160 -5326.371930947600 5.58985849142049 5.22150020939357 0.28937728352420
2024-05-30T18:48:00.000 4240.547096837020 -1595.966636958640 -5064.045962331810 4.47848684755233 5.91543947195499 1.88338636910475
2024-05-30T18:52:00.000 5148.503204217750 -135.572133535149 -4433.272157290670 3.04153448593982 6.18040527958272 3.34113233882668
2024-05-30T18:56:00.000 5682.655920248490 1334.644291817720 -3479.712971647470 1.38229579291531 5.99665635255443 4.55681359116850
2024-05-30T19:00:00.000 5803.794454108460 2707.835233807840 -2272.544084441850 -0.37929928956114 5.37663102980974 5.44150611744155
2024-05-30T19:04:00.000 5502.660578486600 3883.988246460500 -899.574124525796 -2.11507743342337 4.36459862187567 5.92986752859445
2024-05-30T19:08:00.000 4800.814652414250 4777.286402759530 539.077481729088 -3.69800120424629 3.03392285282552 5.98537302331088
2024-05-30T19:12:00.000 3749.197545570820 5322.516800084030 1938.330016178410 -5.01187914107889 1.48186862340732 5.60353824845100
2024-05-30T19:16:00.000 2424.409239530010 5479.946387413020 3195.950119235140 -5.96046244293715 -0.17789218782690 4.81239553188401
2024-05-30T19:20:00.000 923.017184518313 5238.221257259370 4220.120845951700 -6.47460296133767 -1.82403764830729 3.67012791963050
2024-05-30T19:24:00.000 -645.585128234104 4615.120045922220 4936.170766335360 -6.51720962958057 -3.33663484337862 2.26048924212424
2024-05-30T19:28:00.000 -2167.213962635250 3656.143048543890 5291.961148422400 -6.08558731285183 -4.60600289475661 0.68630375241113
2024-05-30T19:32:00.000 -3531.149282662260 2431.108893165660 5261.570612575160 -5.21105797303100 -5.54029155324009 -0.93808188318465
2024-05-30T19:36:00.000 -4638.062332220370 1029.120891604570 4847.116378461860 -3.95671236464161 -6.07158066568993 -2.49468649566156
2024-05-30T19:40:00.000 -5407.181769151960 -447.804262369193 4078.650856927070 -2.41321013542551 -6.16086504040807 -3.87009669661625
2024-05-30T19:44:00.000 -5782.193892419110 -1892.074375831890 3012.078455261570 -0.69254795668574 -5.80100777633381 -4.96358674768997
2024-05-30T19:48:00.000 -5735.465336525530 -3198.326940225640 1725.199279067770 1.07970188125040 -5.01770146501802 -5.69459085255766
2024-05-30T19:52:00.000 -5270.224717863730 -4271.192244515430 312.084420165726 2.77354090511643 -3.86808277393796 -6.00902039909201
2024-05-30T19:56:00.000 -4420.436365164200 -5032.405448499210 -1123.867878886490 4.26450703229421 -2.43665922045624 -5.88377470448428
2024-05-30T20:00:00.000 -3248.289817660920 -5426.644595514530 -2477.647632918100 5.44340569152215 -0.82885125759113 -5.32859772546354
2024-05-30T20:04:00.000 -1839.498516090750 -5425.574990267070 -3650.452031626390 6.22459990003042 0.83733441292310 -4.38508709726984
2024-05-30T20:08:00.000 -296.859952775227 -5029.790706198730 -4556.954624506200 6.55219169222081 2.44037611634812 -3.12315240217506
2024-05-30T20:12:00.000 1267.366650945900 -4268.563217507310 -5131.451201934600 6.40359932983317 3.86426566982835 -1.63531564287723
2024-05-30T20:16:00.000 2739.619827417440 -3197.520624138240 -5332.461386670050 5.79051324009491 5.00662628911425 -0.02968141801389
2024-05-30T20:20:00.000 4013.143010252780 -1894.525835933990 -5145.552884369250 4.75754465217970 5.78556093952863 1.57776999544647
2024-05-30T20:24:00.000 4995.524413733200 -454.094463681563 -4584.287726180010 3.37894909725264 6.14495522151106 3.07103465873383
2024-05-30T20:28:00.000 5615.260612559180 1019.288322304880 -3689.287220614760 1.75374437025454 6.05835942223646 4.34192475910325
2024-05-30T20:32:00.000 5826.949279910150 2418.581513575570 -2525.440643153300 -0.00076846431621 5.53114055471127 5.29760574239621
2024-05-30T20:36:00.000 5614.748462684820 3641.905488682610 -1177.368459600000 -1.75704441607321 4.60079853479998 5.86758209657023
2024-05-30T20:40:00.000 4993.721198137560 4600.032780656980 256.661163868625 -3.38669872201896 3.33465147110202 6.00939732750887
2024-05-30T20:44:00.000 4008.878339749850 5223.016188272310 1671.927965166300 -4.77014878481885 1.82509400010353 5.71213849543657
2024-05-30T20:48:00.000 2731.933018784540 5465.425422289580 2965.018948847640 -5.80593019593985 0.18270398541481 4.99755884760716
2024-05-30T20:52:00.000 1255.974806027140 5309.700606626360 4041.508053081290 -6.41848030372107 -1.47234283257210 3.91827193991145
2024-05-30T20:56:00.000 -311.446145749330 4767.358044915300 4822.891180605930 -6.56352658122660 -3.01944817129811 2.55344222650394
2024-05-30T21:00:00.000 -1856.207408780330 3878.032164059420 5252.253580977150 -6.23085766784504 -4.34627363766554 1.00271791070310
2024-05-30T21:04:00.000 -3265.900942480770 2706.512817428730 5298.334224203990 -5.44480898235100 -5.35678931922435 -0.62110927943443
2024-05-30T21:08:00.000 -4437.905286408550 1338.011014130650 4957.708566986960 -4.26209310674970 -5.97776135066900 -2.20019111012243
2024-05-30T21:12:00.000 -5286.739135514820 -127.923696536929 4255.044777931610 -2.76806530530331 -6.16367308543106 -3.61961533653524
2024-05-30T21:16:00.000 -5750.297648003840 -1584.525168882220 3241.426837253850 -1.07106133750506 -5.90035267464100 -4.77551038643785
2024-05-30T21:20:00.000 -5794.489967323390 -2925.557062939760 1990.755429122870 0.70520359052205 -5.20641302002990 -5.58281451010537
2024-05-30T21:24:00.000 -5415.881038692830 -4053.115018918580 594.420918952904 2.43056595182905 -4.13232668964504 -5.98182299192832
2024-05-30T21:28:00.000 -4642.069449025370 -4884.912165276930 -845.412090953382 3.97824011482562 -2.75697493464231 -5.94309638563047
2024-05-30T21:32:00.000 -3529.678600045690 -5360.425658164290 -2223.422339830100 5.23473996435458 -1.18165014856095 -5.46991997777692
2024-05-30T21:36:00.000 -2160.083309185350 -5445.353146667990 -3438.984581907690 6.10859203980094 0.47787941703876 -4.59785871591149
2024-05-30T21:40:00.000 -633.273374163152 -5134.014243832370 -4403.600492841610 6.53705626289638 2.10040503647489 -3.39166714972776
2024-05-30T21:44:00.000 939.583453443068 -4449.558544206200 -5047.296184366280 6.49017930340082 3.56833880962267 -1.93993863766304
2024-05-30T21:48:00.000 2444.247274244430 -3442.083074217360 -5323.553668401330 5.97235842052224 4.77601481506180 -0.34831442174736
2024-05-30T21:52:00.000 3771.587188858490 -2184.888953236160 -5212.499709940940 5.02145974762735 5.63680193400732 1.26810120308997
2024-05-30T21:56:00.000 4825.310420847030 -769.197449937233 -4722.230078789450 3.70596260527883 6.08881609330369 2.79266638268814
2024-05-30T22:00:00.000 5528.785608094810 702.315686847557 -3888.229988031920 2.12033385183808 6.09904551331779 4.11507381586468
2024-05-30T22:04:00.000 5830.569748611420 2122.787789512460 -2770.935788460060 0.37885354652644 5.66590250131089 5.13892377659915
2024-05-30T22:08:00.000 5708.268346393160 3388.842141254200 -1451.535476771860 -1.39210670931619 4.81995021760134 5.78881793304241
2024-05-30T22:12:00.000 5170.373239751390 4408.152513066120 -26.172495966441 -3.06312138979844 3.62224320150767 6.01640139702915
2024-05-30T22:16:00.000 4255.812137914070 5106.312580556610 1401.088563236690 -4.51165393749016 2.16012376189410 5.80447486926141
2024-05-30T22:20:00.000 3031.143592700600 5432.391138484420 2725.960865576890 -5.63145426667474 0.54063199966483 5.16842327966166
2024-05-30T22:24:00.000 1585.643047008910 5362.705610479770 3851.672873906490 -6.34067206891580 -1.11766134765275 4.15507018230622
2024-05-30T22:28:00.000 24.669042236902 4902.505404919760 4696.109827342570 -6.58792720933415 -2.69377715372614 2.83888599732820
2024-05-30T22:32:00.000 -1538.107850357510 4085.463160616620 5197.764896184070 -6.35566516638758 -4.07324989040333 1.31602500460896
2024-05-30T22:36:00.000 -2988.963247408870 2971.129444159350 5320.111921037060 -5.66093465133501 -5.15614843840296 -0.30272914251645
2024-05-30T22:40:00.000 -4222.300740520720 1640.584045649810 5054.194270763150 -4.55399524905562 -5.86404608875044 -1.89979476594550
2024-05-30T22:44:00.000 -5148.225177745380 190.598647107490 4419.259148215320 -3.11468239119173 -6.14533068580035 -3.35906787337567
2024-05-30T22:48:00.000 -5699.047154809640 -1273.271706037340 3461.438387142050 -1.44718381738274 -5.97892011252547 -4.57395838777236
2024-05-30T22:52:00.000 -5834.310601297240 -2644.296275738800 2250.521242111900 0.32706681397209 -5.37626438779114 -5.45514432883442
2024-05-30T22:56:00.000 -5543.910127144580 -3822.395814672300 874.954092789899 2.07816579307856 -4.38106247601506 -5.93750951817987
2024-05-30T23:00:00.000 -4848.964070997980 -4721.576758911900 -564.637165331662 3.67747996706084 -3.06629509464638 -5.98539163819229
2024-05-30T23:04:00.000 -3800.308275952000 -5276.354802045670 -1962.931014845870 5.00762597560329 -1.52878996929326 -5.59558916400533
2024-05-30T23:08:00.000 -2474.671511168110 -5446.602336749470 -3217.777177400920 5.97159783742004 0.11838539388960 -4.79750919433179
2024-05-30T23:12:00.000 -968.880152327318 -5220.399704816900 -4237.756389195400 6.49991941871742 1.75474925059955 -3.65053382771219
2024-05-30T23:16:00.000 607.367923245335 -4614.715953874420 -4948.826832553630 6.55536836920969 3.26154056445227 -2.23909071995551
2024-05-30T23:20:00.000 2139.538156615840 -3673.960690050050 -5299.560555983640 6.13497793468089 4.53016684286386 -0.66602563539189
2024-05-30T23:24:00.000 3516.481114775900 -2466.635757477390 -5264.689282827380 5.26968685184537 5.46958082029578 0.95480687037793
2024-05-30T23:28:00.000 4638.314633734860 -1080.375364684920 -4846.804874107920 4.02189371421685 6.01226984452995 2.50640549874204
2024-05-30T23:32:00.000 5423.504698077630 384.279274342366 -4076.164101642680 2.48124873299676 6.11881724391107 3.87655850324531
2024-05-30T23:36:00.000 5814.723767002720 1821.004464330390 -3008.597512783190 0.75868943174012 5.78078595239669 4.96561007158502
2024-05-30T23:40:00.000 5783.089341499050 3125.293170551450 -1721.628362331660 -1.02102192532208 5.02175699689633 5.69356564191828
2024-05-30T23:44:00.000 5330.464841730110 4202.058520759790 -308.983526677681 -2.72799599063814 3.89628666871467 6.00632794035224
2024-05-30T23:48:00.000 4489.524819493870 4972.697050678370 1126.220798223950 -4.23703990436659 2.48635633287513 5.88033547273784
2024-05-30T23:52:00.000 3321.440211754370 5380.975116287170 2479.115378578620 -5.43742394064369 0.89519317454621 5.32463823172441
2024-05-30T23:56:00.000 1911.356327377430 5397.202466870230 3650.867269432920 -6.24136100474317 -0.76066944009279 4.38015022005752
2024-05-31T00:00:00.000 362.062256897591 5020.361214605690 4555.977863885770 -6.59048112842450 -2.36034874200147 3.11631525430358
2024-05-31T00:04:00.000 -1213.595862747170 4278.066251307240 5128.504206180570 -6.45978627203294 -3.78756965235266 1.62559173700032
2024-05-31T00:08:00.000 -2700.941639547590 3224.452039070550 5326.771901454330 -5.85905464481000 -4.93891279872501 0.01651784829554
2024-05-31T00:12:00.000 -3991.738077448040 1936.199066135970 5136.309984682770 -4.83180051063344 -5.73098626067008 -1.59407863891277
2024-05-31T00:16:00.000 -4991.945522359120 507.010713730623 4570.880308465980 -3.45215310772293 -6.10616102223255 -3.08911936502076
2024-05-31T00:20:00.000 -5628.510359656700 -959.097370585029 3671.546889986890 -1.81988388706524 -6.03665963969600 -4.35951345178269
2024-05-31T00:24:00.000 -5854.746906940500 -2355.277195917850 2503.806730604630 -0.05368337072097 -5.52689050589027 -5.31201491260742
2024-05-31T00:28:00.000 -5653.893839096140 -3579.645022139140 1152.913374221710 1.71728970875491 -4.61363889775862 -5.87630814044387
2024-05-31T00:32:00.000 -5040.492681216820 -4542.825200857560 -282.339795328101 3.36300877612505 -3.36374959814264 -6.01066015537232
2024-05-31T00:36:00.000 -4059.389969093460 -5174.625348726420 -1696.944334444640 4.76260574194857 -1.86922416973424 -5.70538131969995
2024-05-31T00:40:00.000 -2782.381871648060 -5429.256346519400 -2987.521386938010 5.81383767482541 -0.24005381520453 -4.98361704233129
2024-05-31T00:44:00.000 -1302.781142707760 -5288.622677890410 -4059.997002872950 6.44071737621077 1.40446367428954 -3.89918994949930
2024-05-31T00:48:00.000 271.566721285519 -4763.474189633270 -4836.464996139260 6.59879710776904 2.94476347100235 -2.53208034561573
2024-05-31T00:52:00.000 1826.218998900500 -3892.406049423100 -5260.730384049610 6.27774588781954 4.26972825107594 -0.98207316178479
2024-05-31T00:56:00.000 3248.376789649920 -2738.901580916500 -5302.196962480200 5.50142602049693 5.28422746635307 0.63856212168893
2024-05-31T01:00:00.000 4434.891571063410 -1386.715368626940 -4957.938759132810 4.32590532953526 5.91540351417073 2.21282916257485
2024-05-31T01:04:00.000 5299.568712822130 66.085412048992 -4252.880810684790 2.83561874862390 6.11752063225187 3.62694246857566
2024-05-31T01:08:00.000 5779.347493728380 1514.063409534650 -3238.089308275820 1.13784001668552 5.87532310472147 4.77814021571245
2024-05-31T01:12:00.000 5838.937462177100 2851.946101027170 -1987.219436098650 -0.64462635488168 5.20549373905207 5.58209258026177
2024-05-31T01:16:00.000 5473.546269151390 3982.246530056910 -591.310368211785 -2.38193160315017 4.15594539941307 5.97922539195815
2024-05-31T01:20:00.000 4709.440536037240 4822.459575708950 847.787000381781 -3.94676892905749 2.80290988052460 5.93967520173185
2024-05-31T01:24:00.000 3602.146529941860 5311.245755507780 2224.919022696670 -5.22421451982600 1.24540639056282 5.46602418049367
2024-05-31T01:28:00.000 2232.369391295820 5413.010042926750 3439.459527997260 -6.12071752418039 -0.40244305980261 4.59312813051701
2024-05-31T01:32:00.000 699.981875752485 5120.488743991530 4402.756242897060 -6.57107861408142 -2.02019225216054 3.38523933007407
2024-05-31T01:36:00.000 -883.375878155511 4455.170779319440 5044.604512046590 -6.54294954746118 -3.49015439837433 1.93081365279786
2024-05-31T01:40:00.000 -2402.449923000530 3465.610937466980 5318.275210000000 -6.03867033682310 -4.70578356630851 0.33582743481726
2024-05-31T01:44:00.000 -3746.688422178370 2223.851521842700 5203.825021280530 -5.09483655082700 -5.57903246940339 -1.28381192598065
2024-05-31T01:48:00.000 -4818.187518974780 820.219049783916 4709.499826847020 -3.77960472183208 -6.04645586423893 -2.81047925813633
2024-05-31T01:52:00.000 -5538.736466200300 -643.141098901955 3871.176597829990 -2.18803713824349 -6.07362648205716 -4.13286567014232
2024-05-31T01:56:00.000 -5855.552251764500 -2059.605565581570 2749.879588971170 -0.43573140946039 -5.65793722418458 -5.15403415107080
2024-05-31T02:00:00.000 -5745.262462082840 -3325.826706758190 1427.436699150240 1.34928925418589 -4.82923107483150 -5.79867479630871
2024-05-31T02:04:00.000 -5215.771619501280 -4349.369356728790 0.538446653642 3.03606511406546 -3.64807502963410 -6.01909045016732
2024-05-31T02:08:00.000 -4305.769625360770 -5055.607602495560 -1426.410775325180 4.50068098871482 -2.20138545251181 -5.79916562887400
2024-05-31T02:12:00.000 -3081.855628331030 -5393.282352933420 -2749.092573524920 5.63599746564274 -0.59567200951777 -5.15569106915100
2024-05-31T02:16:00.000 -1633.499085670710 -5338.221869135970 -3871.035013010390 6.35974767956017 1.05132923538407 -4.13678405329368
2024-05-31T02:20:00.000 -66.319624636813 -4894.949822302080 -4710.681206020550 6.62034953641664 2.61973400854758 -2.81774085177106
2024-05-31T02:24:00.000 1505.702983906930 -4096.142479240950 -5207.220080781890 6.40004207988946 3.99621486942806 -1.29503306008808
2024-05-31T02:28:00.000 2968.479368172240 -3000.087602906610 -5324.820986539830 5.71556696010080 5.08188848589712 0.32091590142834
2024-05-31T02:32:00.000 4215.926297634940 -1686.403375227300 -5055.057880866760 4.61646714379116 5.79884375943958 1.91345109363287
2024-05-31T02:36:00.000 5157.463948751920 -250.366051437183 -4417.466334386800 3.18168557431437 6.09525804142948 3.36753207205647
2024-05-31T02:40:00.000 5724.487183501510 1203.829950363240 -3458.207434059200 1.51438819227442 5.94910732804510 4.57761741615477
2024-05-31T02:44:00.000 5875.387611932900 2570.493369889250 -2246.877814687900 -0.26489176417747 5.37011911430126 5.45515431958550
2024-05-31T02:48:00.000 5598.736914026790 3750.088533309200 -871.598972201778 -2.02671909020730 4.39961897126011 5.93533991434550
2024-05-31T02:52:00.000 4914.296909694680 4656.545324457180 567.333447200856 -3.64220117252999 3.10787510449350 5.98220486517072
2024-05-31T02:56:00.000 3871.734492685070 5223.677591984680 1964.793678495900 -4.99267164973352 1.58930489418251 5.59184329711583
2024-05-31T03:00:00.000 2547.010166570550 5410.144266217430 3218.654797907180 -5.97911459685176 -0.04483115880500 4.79295198382023
2024-05-31T03:04:00.000 1036.719756972510 5202.476333352780 4237.363696933130 -6.52963211526482 -1.67501891397744 3.64433266821794
2024-05-31T03:08:00.000 -549.068428406570 4615.979910086790 4946.645736833910 -6.60450492724125 -3.18247218052127 2.23023387097583
2024-05-31T03:12:00.000 -2094.895910074830 3693.502157492980 5294.859582255970 -6.19870615392142 -4.45784422723740 0.65381168547249
2024-05-31T03:16:00.000 -3488.268154660360 2502.228892915430 5256.644435948560 -5.34175133524101 -5.40881607806409 -0.97038010753673
2024-05-31T03:20:00.000 -4627.718798758210 1128.823073035590 4834.709390505420 -4.09552360064950 -5.96633161153393 -2.52433413049294
2024-05-31T03:24:00.000 -5430.123738349810 -326.782832481334 4059.670255968450 -2.55008896528076 -6.08954874810765 -3.89488693686914
2024-05-31T03:28:00.000 -5836.755301816470 -1758.561210679090 2987.917914303220 -0.81755824853852 -5.76887061565014 -4.98169645610937
2024-05-31T03:32:00.000 -5817.684397565370 -3062.072232399070 1697.630955918530 0.97563980768589 -5.02714124619209 -5.70470802701107
2024-05-31T03:36:00.000 -5374.127521420920 -4142.159199856290 283.126442004909 2.69801032763056 -3.91846144463401 -6.01041170721375
2024-05-31T03:40:00.000 -4538.468614050490 -4920.041896725430 -1152.097028040910 4.22301757068923 -2.52434330565290 -5.87635225517021
2024-05-31T03:44:00.000 -3371.865866287620 -5339.183898922620 -2503.086991819230 5.43896925642816 -0.94741920219889 -5.31291914047585
2024-05-31T03:48:00.000 -1959.639896893650 -5369.429928107300 -3671.251911960270 6.25747768735669 0.69652966386902 -4.36235406782963
2024-05-31T03:52:00.000 -404.845457499186 -5009.093903009990 -4571.620625041700 6.62000361081695 2.28758773315320 -3.09509131405610
2024-05-31T03:56:00.000 1179.385027177130 -4284.858956872880 -5138.945379666510 6.50147497226475 3.71068382900307 -1.60396423342587
2024-05-31T04:00:00.000 2678.041793941600 -3249.640671772260 -5332.253118445960 5.91131345382226 4.86350229352975 0.00277764966882
2024-05-31T04:04:00.000 3982.436042734040 -1978.685222920670 -5137.650456336120 4.89242183565288 5.66332075470357 1.60904752958646
2024-05-31T04:08:00.000 4997.894263580460 -564.177462025808 -4569.244854939810 3.51801185178436 6.05247877450602 3.09890235260043
2024-05-31T04:12:00.000 5650.487587519160 891.275045365513 -3668.172947612830 1.88681769839505 6.00232452574208 4.36433253077865
2024-05-31T04:16:00.000 5892.416630356880 2281.930101768930 -2499.776041449970 0.11661391997023 5.51563123683691 5.31288146948532
2024-05-31T04:20:00.000 5705.631984449680 3506.536528923570 -1149.015021746830 -1.66391489331258 4.62692840012396 5.87456513555851
2024-05-31T04:24:00.000 5103.349416116810 4475.774740197710 285.633208640298 -3.32457894316962 3.40055686445198 6.00753672595956
2024-05-31T04:28:00.000 4129.213029493650 5118.896164264250 1699.398242831450 -4.74359324749581 1.92597015002935 5.70155248951692
2024-05-31T04:32:00.000 2854.156187162930 5388.995421127860 2988.967308240530 -5.81683144848986 0.31116378716581 4.97896677646267
2024-05-31T04:36:00.000 1371.146975991800 5266.491765624020 4060.160034124070 -6.46596596405964 -1.32565155853018 3.89299196582707
2024-05-31T04:40:00.000 -211.730925383957 4760.486068472440 4834.852471622670 -6.64404873468799 -2.86517405038376 2.52331605893902
2024-05-31T04:44:00.000 -1779.211482608110 3907.976018914910 5256.624656456490 -6.33849522344861 -4.19562151789979 0.96998436380599
2024-05-31T04:48:00.000 -3217.218403047270 2771.080135178690 5294.778450713860 -5.57167804579859 -5.22065633863775 -0.65401530046360
2024-05-31T04:52:00.000 -4421.071514507520 1432.509849767930 4946.483803932430 -4.39902299111925 -5.86598493321099 -2.23078621570532
2024-05-31T04:56:00.000 -5302.992640228140 -10.357563679788 4236.989850915370 -2.90520201538670 -6.08441187134569 -3.64557991281827
2024-05-31T05:00:00.000 -5798.494596724670 -1452.452480135020 3217.890076079560 -1.19849881790755 -5.85947972189353 -4.79494684940416
2024-05-31T05:04:00.000 -5871.171842066590 -2788.620632947300 1963.484434882550 0.59671579193011 -5.20702271093131 -5.59431029030391
2024-05-31T05:08:00.000 -5515.518296556350 -3921.340618088110 565.429260562201 2.34893201172152 -4.17448428675145 -5.98459062746305
2024-05-31T05:12:00.000 -4757.455429450910 -4767.968396159900 -874.000992788546 3.92944221003495 -2.83765214091341 -5.93699839880903
2024-05-31T05:16:00.000 -3652.453346581960 -5266.907008354030 -2249.527566361010 5.22234714828351 -1.29498686574491 -5.45546158032338
2024-05-31T05:20:00.000 -2281.342956686730 -5382.147391552030 -3460.723179854120 6.13354034678745 0.34015818192964 -4.57616128514516
2024-05-31T05:24:00.000 -744.216628950075 -5105.792739016530 -4419.421263450960 6.59755591460341 1.94838250845907 -3.36435725062615
2024-05-31T05:28:00.000 847.012664193638 -4458.431297758200 -5056.087874004470 6.58185496402772 3.41314169796539 -1.90903443799569
2024-05-31T05:32:00.000 2376.778454710840 -3487.443584098390 -5324.719288794700 6.08859599985891 4.62902234161579 -0.31603862718055
2024-05-31T05:36:00.000 3734.131743886100 -2263.455287192560 -5205.975917665150 5.15379555347996 5.50877388831715 1.29953472942453
2024-05-31T05:40:00.000 4820.584575992020 -875.264867470604 -4708.484320092250 3.84469579020634 5.98906501190216 2.82105846450253
2024-05-31T05:44:00.000 5557.105575471400 576.447959269399 -3868.242061037570 2.25529023829063 6.03479562181926 4.13837405298150
2024-05-31T05:48:00.000 5889.832357180460 1986.254164522780 -2746.146316794890 0.50017387485066 5.64181424722950 5.15538253281486
2024-05-31T05:52:00.000 5794.113452965830 3251.553754767970 -1423.745724534190 -1.29325877608046 4.83779026458884 5.79720773204738
2024-05-31T05:56:00.000 5276.503107846540 4280.077318365240 2.594784197703 -2.99396319019522 3.68070259378018 6.01609924841479
2024-05-31T06:00:00.000 4374.453224170560 4996.741722052560 1428.732608614550 -4.47718033726089 2.25492507113104 5.79547244351813
2024-05-31T06:04:00.000 3153.621404234640 5349.267198276380 2750.459263106350 -5.63414795957858 0.66487239288831 5.15136740246058
2024-05-31T06:08:00.000 1703.008375331730 5312.042576940360 3871.226827094790 -6.38031102265580 -0.97305058211191 4.13115329272466
2024-05-31T06:12:00.000 128.357174284892 4887.958521209920 4709.265672881790 -6.66156509741036 -2.53925049111116 2.80981822202980
2024-05-31T06:16:00.000 -1455.656771900320 4108.072460148130 5203.536703129650 -6.45791409601824 -3.92003123469286 1.28393811469363
2024-05-31T06:20:00.000 -2933.753681373730 3029.233628102660 5318.056103765190 -5.78430251225499 -5.01538016062993 -0.33546819344203
2024-05-31T06:24:00.000 -4198.342450253910 1729.945245636940 5044.446488269690 -4.68946991232788 -5.74591574781164 -1.93074702504538
2024-05-31T06:28:00.000 -5157.260064315350 304.717933252552 4402.532653402590 -3.25248627072191 -6.05840358282920 -3.38590876772020
2024-05-31T06:32:00.000 -5740.438426183110 -1142.695634907230 3438.967307041940 -1.57738558371127 -5.92955985547718 -4.59469358246447
2024-05-31T06:36:00.000 -5905.084569074860 -2506.780222586910 2223.961984518620 0.21390817044747 -5.36815897307292 -5.46826496586317
2024-05-31T06:40:00.000 -5638.958795925510 -3687.983919536260 846.260695501609 1.99027076850634 -4.41489093605712 -5.94207207845469
2024-05-31T06:44:00.000 -4961.413422666300 -4600.106410064670 -593.364043055725 3.62125983600268 -3.13966334655414 -5.98111423195756
2024-05-31T06:48:00.000 -3922.011427497040 -5176.733283395720 -1989.601087317870 4.98720896312131 -1.63638020938324 -5.58283908033635
2024-05-31T06:52:00.000 -2596.801048771080 -5376.145534819280 -3240.462162032910 5.98848467594909 -0.01557428799582 -4.77726469388367
2024-05-31T06:56:00.000 -1082.574260369340 -5184.292948807540 -4254.832153013110 6.55290505039323 1.60421782261814 -3.62432500341397
2024-05-31T07:00:00.000 510.365011083949 -4615.631273269860 -4959.084270448720 6.64063171689263 3.10544791632620 -2.20882427925196
2024-05-31T07:04:00.000 2066.274775869410 -3711.862708292740 -5302.282015252390 6.24633534296147 4.37993006409425 -0.63386955855753
2024-05-31T07:08:00.000 3472.280298797820 -2538.784114332540 -5259.695851207000 5.39904151358366 5.33618418738268 0.98656312218899
2024-05-31T07:12:00.000 4626.384750145510 -1181.526466853570 -4834.457949887020 4.15980679540288 5.90545226299341 2.53557689067260
2024-05-31T07:16:00.000 5444.689055269370 261.477852741093 -4057.333231473270 2.61758616335875 6.04630941226387 3.90109083366106
2024-05-31T07:20:00.000 5867.432837792430 1685.468484630730 -2984.620887159240 0.88344330423460 5.74780988202111 4.98368428733195
2024-05-31T07:24:00.000 5863.428519734600 2986.852741265870 -1694.236068355630 -0.91692063931391 5.03068123000828 5.70376760073612
2024-05-31T07:28:00.000 5432.537309954520 4070.758521343780 -280.171773401400 -2.65209556097118 3.94650796104392 6.00788664641804
2024-05-31T07:32:00.000 4605.851375472380 4858.066993011140 1154.352474956600 -4.19488315410973 2.57419371258861 5.87314010600663
2024-05-31T07:36:00.000 3443.504041080030 5291.320265961130 2504.510599595850 -5.43205017572811 1.01421060659502 5.30916058816067
2024-05-31T07:40:00.000 2030.235741780950 5339.003558316200 3671.657827367230 -6.27309343933256 -0.61915956616278 4.35747947973203
2024-05-31T07:44:00.000 469.086522926011 4997.810608793010 4570.620478129640 -6.65692504810881 -2.20658736158516 3.08806664130907
2024-05-31T07:48:00.000 -1126.219455450190 4292.781842076920 5135.905815667770 -6.55607865649925 -3.63267257507628 1.59387243994979
2024-05-31T07:52:00.000 -2639.577147632640 3275.349214869740 5326.374669592530 -5.97820384137715 -4.79413983587187 -0.01635657613704
2024-05-31T07:56:00.000 -3960.854088653740 2019.560082498470 5128.124608929950 -4.96509534911362 -5.60687539514470 -1.62570278681668
2024-05-31T08:00:00.000 -4993.783003978960 616.760021759679 4555.492979496970 -3.58987783326432 -6.01170572673403 -3.11713062997308
2024-05-31T08:04:00.000 -5662.937118027880 -830.950850587237 3650.083065981390 -1.95208352225202 -5.97874950602438 -4.38183103866428
2024-05-31T08:08:00.000 -5919.269838060030 -2218.073164187900 2477.837558313780 -0.17075106171542 -5.50979001592775 -5.32701115072979
2024-05-31T08:12:00.000 -5743.830473704890 -3443.393407553260 1124.340242187370 1.62386832076224 -4.63863467876862 -5.88287846144415
2024-05-31T08:16:00.000 -5149.313417939030 -4417.476203470210 -311.424639014386 3.30002223114436 -3.42906056967705 -6.00833045476178
2024-05-31T08:20:00.000 -4179.192515069000 -5069.343779925360 -1724.415289211090 4.73463506865680 -1.97011871680589 -5.69435127029332
2024-05-31T08:24:00.000 -2904.466069963300 -5351.745937760800 -3011.379812616030 5.82290946031527 -0.36916819270668 -4.96473384593134
2024-05-31T08:28:00.000 -1418.280968589610 -5244.559369720620 -4078.517193576030 6.48618315043484 1.25656616077587 -3.87386139027179
2024-05-31T08:32:00.000 171.041002295520 -4756.086366085390 -4848.312880968770 6.67735166630512 2.78890733674797 -2.50214216586516
2024-05-31T08:36:00.000 1747.966953026140 -3922.241973700300 -5265.051896881230 6.38367203977459 4.11728470241495 -0.94966641962141
2024-05-31T08:40:00.000 3198.076885214830 -2803.795218734050 -5298.674031258180 5.62700550402522 5.14631053327643 0.67113752544586
2024-05-31T08:44:00.000 4416.182129110040 -1481.947698374480 -4946.811029894310 4.46197235159327 5.80204180066603 2.24324571959933
2024-05-31T08:48:00.000 5313.783968771890 -52.558735817173 -4234.929326202040 2.97223060414241 6.03697455597836 3.65305821120422
2024-05-31T08:52:00.000 5825.404490454430 1380.633504086790 -3214.577020900390 1.26494145986794 5.83339118187241 4.79807055564970
2024-05-31T08:56:00.000 5913.418675303280 2713.413436006950 -1959.826274920900 -0.53630103872670 5.20515758756133 5.59428478834755
2024-05-31T09:00:00.000 5570.971972403190 3848.658634558070 -562.025262718326 -2.30021173722926 4.19724501181334 5.98269266325848
2024-05-31T09:04:00.000 4822.676792100180 4703.512467380120 876.823736598248 -3.89753259964984 2.88287749367627 5.93415909113306
2024-05-31T09:08:00.000 3722.917516911240 5215.576326559820 2251.588100014870 -5.21104294081938 1.35823467770671 5.45192410481974
2024-05-31T09:12:00.000 2351.853550644430 5347.561180993570 3461.809105978260 -6.14453985919738 -0.26497708387268 4.57144885077427
2024-05-31T09:16:00.000 809.464350912781 5089.999470835000 4419.144380694950 -6.63007658670730 -1.86809734742384 3.35753929104934
2024-05-31T09:20:00.000 -791.861762839128 4461.847950828620 5053.824554090020 -6.63277176165669 -3.33440963564823 1.89915992364803
2024-05-31T09:24:00.000 -2335.560860377850 3508.974008708880 5319.660070235310 -6.15281650355054 -4.55767949989078 0.30259379085875
2024-05-31T09:28:00.000 -3709.303716998420 2300.751634108310 5197.287012737480 -5.22506359530270 -5.44937830067810 -1.31620323499610
2024-05-31T09:32:00.000 -4813.045711636840 925.056325816233 4695.524532201220 -3.91642290934488 -5.94472485462767 -2.83968387315775
2024-05-31T09:36:00.000 -5566.225032655860 -518.004170939054 3850.791822905200 -2.32147993110965 -6.00722796713375 -4.15673947483051
2024-05-31T09:40:00.000 -5913.686892309980 -1923.289106336410 2724.586527384860 -0.55611146655258 -5.63175769077782 -5.17081190360187
2024-05-31T09:44:00.000 -5829.827456942620 -3188.282410253480 1399.096829201230 1.25076884134301 -4.84524771410986 -5.80713031298827
2024-05-31T09:48:00.000 -5320.620587979670 -4220.650257215000 -28.763964111108 2.96658589594079 -3.70515659843407 -6.01861451578733
2024-05-31T09:52:00.000 -4423.277315286090 -4945.127147708830 -1454.528589862200 4.46531608583760 -2.29535420445532 -5.78983529858067
2024-05-31T09:56:00.000 -3203.475237538870 -5309.115061871680 -2773.973108626220 5.63730231763926 -0.71963151223174 -5.13821440611039
2024-05-31T10:00:00.000 -1750.390004071800 -5286.513412087420 -3890.867493382550 6.39760078396547 0.90645853970435 -4.11245248281211
2024-05-31T10:04:00.000 -169.992484439512 -4879.472873642260 -4724.024992600630 6.69197526777182 2.46452352802107 -2.78832944539648
2024-05-31T10:08:00.000 1422.775447912120 -4118.025985278830 -5213.103411326030 6.50023415768649 3.84199616044480 -1.26264152459690
2024-05-31T10:12:00.000 2912.311404322670 -3057.735630870750 -5322.801648369170 5.83700652472530 4.93988789041737 0.35398544255767
2024-05-31T10:16:00.000 4190.579307074070 -1775.619631570800 -5045.256396007340 4.75029362678172 5.67937840571420 1.94484600846867
2024-05-31T10:20:00.000 5164.749173017920 -364.664094664458 -4400.558534087840 3.31813087655852 6.00697868904261 3.39499629583181
2024-05-31T10:24:00.000 5763.835173528510 1072.754968827160 -3435.383756933220 1.64348866687364 5.89843622091470 4.59915060177015
2024-05-31T10:28:00.000 5943.881028472560 2432.166368726730 -2219.762160202660 -0.15260447025108 5.36071544280004 5.46915679337125
2024-05-31T10:32:00.000 5691.327502499910 3614.550263221750 -842.144331114283 -1.93941176900167 4.43211576979982 5.94068990550845
2024-05-31T10:36:00.000 5024.197525560430 4533.629407034490 596.981026246724 -3.58612527246727 3.17992898274346 5.97845757400124
2024-05-31T10:40:00.000 3990.918519954830 5122.305682219670 1992.471776273350 -4.97184835504500 1.69569536730682 5.57927839735067
2024-05-31T10:44:00.000 2666.786634310010 5337.677404346820 3242.344184000010 -5.99502274418777 0.08818968342570 4.77247742084948
2024-05-31T10:48:00.000 1148.364495818260 5164.182756715560 4255.336478317540 -6.58107694682948 -1.52499775186564 3.61746915257914
2024-05-31T10:52:00.000 -453.684284286442 4614.648757263000 4957.595263760860 -6.68772991583970 -3.02634106831400 2.19893158662938
2024-05-31T10:56:00.000 -2022.712559081420 3729.243313499330 5297.996431578750 -6.30764245577433 -4.30692491483278 0.62041830209002
2024-05-31T11:00:00.000 -3444.542207523520 2572.459903061350 5251.765229759750 -5.46853062010999 -5.27408021665711 -1.00337145090031
2024-05-31T11:04:00.000 -4615.655656883150 1228.444279742900 4822.201956208590 -4.23099323123043 -5.85766240438397 -2.55453052000884
2024-05-31T11:08:00.000 -5450.630572667200 -205.030753807304 4040.468442206400 -2.68437003368691 -6.01492663685965 -3.92014329854528
2024-05-31T11:12:00.000 -5888.359546803110 -1623.558471302240 2963.433431468630 -0.94083324529742 -5.73374836064209 -5.00019040667969
2024-05-31T11:16:00.000 -5896.642266143880 -2923.668579939700 1669.661227011830 0.87236173654455 -5.03410047708567 -5.71507961268162
2024-05-31T11:20:00.000 -5474.701284212140 -4010.457513515040 253.721431506476 2.62226339782623 -3.96700771229673 -6.01193415221856
2024-05-31T11:24:00.000 -4653.341031286480 -4804.653590533990 -1180.790053259450 4.18033840922265 -2.61090440129070 -5.86893339513728
2024-05-31T11:28:00.000 -3492.676143271250 -5248.523870006120 -2528.974218105670 5.43246998735523 -1.06566081859908 -5.29709735204390
2024-05-31T11:32:00.000 -2077.593283560720 -5310.103132213850 -3692.441060206940 6.28763323984331 0.55527046986079 -4.33925864021709
2024-05-31T11:36:00.000 -511.359773446875 -4985.408478047050 -4586.554066588450 6.68458118632648 2.13366006805781 -3.06636295505004
2024-05-31T11:40:00.000 1092.045969044060 -4298.518224239780 -5146.509010274840 6.59570604609027 3.55530403063971 -1.57165105258853
2024-05-31T11:44:00.000 2616.206592773000 -3299.631303040650 -5331.862561191680 6.02831084037508 4.71796897219615 0.03635655660366
2024-05-31T11:48:00.000 3950.568310128130 -2061.354343858130 -5129.287424562330 5.02362054283596 5.53818728821240 1.64150492306158
2024-05-31T11:52:00.000 4998.265607372620 -673.505843589819 -4553.462343556140 3.65382452506240 5.95680166701505 3.12789714652094
2024-05-31T11:56:00.000 5683.014084937260 763.235061426576 -3646.061304507110 2.01732125547049 5.94301355601073 4.38775564853739
2024-05-31T12:00:00.000 5954.665520154670 2144.474204109480 -2472.892457738470 0.23228423013701 5.49695376466440 5.32896461819486
2024-05-31T12:04:00.000 5793.003260924860 3369.641968620480 -1119.282682492650 -1.57152081026993 4.65025050498465 5.88206637465731
2024-05-31T12:08:00.000 5209.407276020660 4349.371971369660 316.066044170015 -3.26219084639340 3.46412285059110 6.00581825369214
2024-05-31T12:12:00.000 4246.175700452050 5012.143131007930 1728.308937042760 -4.71564757507381 2.02515861338061 5.69066001212009
2024-05-31T12:16:00.000 2973.471097367800 5309.626587148670 3014.233546188260 -5.82528293980735 0.43878614785426 4.95967369706407
2024-05-31T12:20:00.000 1484.109505496370 5220.252152380020 4079.922993935430 -6.51010718950480 -1.17887854710030 3.86670632805988
2024-05-31T12:24:00.000 -113.340277194703 4750.717840652850 4847.658907481600 -6.72059711188522 -2.70986520707315 2.49199175536875
2024-05-31T12:28:00.000 -1702.545873256540 3935.382723681620 5261.536197874960 -6.44188477328811 -4.04302254820481 0.93592403308698
2024-05-31T12:32:00.000 -3167.852570008830 2833.670188797100 5291.437013646380 -5.69439554045509 -5.08185118110628 -0.68830454674751
2024-05-31T12:36:00.000 -4402.596673606810 1525.734308248360 4935.139913436680 -4.53217127157858 -5.75106649506029 -2.26277098129750
2024-05-31T12:40:00.000 -5316.764365845030 106.716477065841 4218.482882919360 -3.03913315828558 -6.00181322679131 -3.67292884734645
2024-05-31T12:44:00.000 -5843.520451812070 -1320.068318511040 3193.576709450350 -1.32341790519763 -5.81528610743237 -4.81568795519481
2024-05-31T12:48:00.000 -5944.168796912400 -2650.594152757690 1935.140138043300 0.48998110067254 -5.20447736014146 -5.60695900312917
2024-05-31T12:52:00.000 -5611.150133898810 -3787.743975298970 535.119570118681 2.26819692971392 -4.21371256077815 -5.98821235791719
2024-05-31T12:56:00.000 -4868.733088830970 -4648.540429915670 -904.059200834878 3.88059339885936 -2.91577096407416 -5.93128817447994
2024-05-31T13:00:00.000 -3771.249216647390 -5170.347525325710 -2277.127095057030 5.20891864892699 -1.40626401304815 -5.44080571781797
2024-05-31T13:04:00.000 -2398.993022624960 -5315.478341364320 -3483.831512803240 6.15644813639289 0.20387855226199 -4.55361899628839
2024-05-31T13:08:00.000 -852.154898588288 -5073.848348964090 -4436.330423525840 6.65507620186499 1.79706281729046 -3.33555077106096
2024-05-31T13:12:00.000 756.632865269051 -4463.510609092200 -5065.532834240140 6.66975134774312 3.25781477903403 -1.87600746754546
2024-05-31T13:16:00.000 2310.512353666020 -3529.151213601180 -5325.963725893650 6.20040738740566 4.48097306939597 -0.28114007102056
2024-05-31T13:20:00.000 3696.763745596760 -2338.736663940370 -5198.872350987470 5.28132354008293 5.37874484565117 1.33378206774832
2024-05-31T13:24:00.000 4814.783059934570 -978.632421172931 -4693.487491323800 3.97860639094057 5.88645940513762 2.85218443442200
2024-05-31T13:28:00.000 5583.230850496550 452.510406120911 -3846.382436787170 2.38580691739060 5.96702641219040 4.16408109665645
2024-05-31T13:32:00.000 5945.914954484360 1850.751587734030 -2718.963182261380 0.61776951108430 5.61379165714043 5.17375975269318
2024-05-31T13:36:00.000 5875.994877508510 3114.325610226020 -1393.177676466830 -1.19718097387909 4.85150449964441 5.80684621736455
2024-05-31T13:40:00.000 5378.148352462020 4151.076972051620 34.337289191901 -2.92633827339382 3.73514438221466 6.01617273073268
2024-05-31T13:44:00.000 4488.403333600560 4885.332843651520 1459.328304267490 -4.44288347271086 2.34619329388597 5.78589265154874
2024-05-31T13:48:00.000 3271.533936454790 5263.544537686120 2777.657818755120 -5.63561194660598 0.78635073818344 5.13281431441402
2024-05-31T13:52:00.000 1816.271026812500 5258.233999412630 3893.027926003190 -6.41734770023568 -0.83020533291126 4.10501730996109
2024-05-31T13:56:00.000 228.714258915897 4869.962946196140 4724.071698488460 -6.73139917525926 -2.38546959746504 2.77801141668162
2024-05-31T14:00:00.000 -1375.501011085200 4127.188533408880 5210.260111695140 -6.55539568208579 -3.76642428913548 1.24881492976552
2024-05-31T14:04:00.000 -2879.622531313530 3084.076983997990 5316.211996053100 -5.90237770948566 -4.87307579959018 -0.37129986222150
2024-05-31T14:08:00.000 -4174.177585922860 1816.536199409720 5034.181189041740 -4.81959117511506 -5.62527615547029 -1.96466236431254
2024-05-31T14:12:00.000 -5164.829736733960 416.762542320515 4384.607871330130 -3.38520927649311 -5.96823558049780 -3.41543384721705
2024-05-31T14:16:00.000 -5779.202720410870 -1013.356173619760 3414.700271313280 -1.70301408692896 -5.87649721426539 -4.61769191581043
2024-05-31T14:20:00.000 -5972.221279109160 -2369.582092213860 2195.137619568130 0.10454385740419 -5.35614924526747 -5.48301662227194
2024-05-31T14:24:00.000 -5729.574063835480 -3552.953576539940 814.995077537644 1.90519249944749 -4.44485351833357 -5.94754642240951
2024-05-31T14:28:00.000 -5068.883473315160 -4477.109850081900 -624.783291428348 3.56674580890250 -3.20935208147193 -5.97690072879939
2024-05-31T14:32:00.000 -4038.479390132980 -5074.742204838490 -2018.864801200040 4.96718882124175 -1.74066053268112 -5.56920290613477
2024-05-31T14:36:00.000 -2713.768442270720 -5302.590448785830 -3265.416504180270 6.00436127728309 -0.14680474730986 -4.75521170389490
2024-05-31T14:40:00.000 -1191.517194230390 -5144.520375769690 -4273.638352171570 6.60347825761853 1.45565774453363 -3.59545015036250
2024-05-31T14:44:00.000 417.370727222138 -4612.516336216910 -4970.345918092590 6.72214178058545 2.95039364985625 -2.17520958279616
2024-05-31T14:48:00.000 1995.977516277360 -3745.613614814100 -5305.146320230070 6.35280996340699 4.22963576598295 -0.59792686698952
2024-05-31T14:52:00.000 3429.770954016100 -2606.936034372540 -5253.911127479420 5.52270960941803 5.20154801617530 1.02225993720953
2024-05-31T14:56:00.000 4614.722723356300 -1279.120895985750 -4820.397889979490 4.29162867087376 5.79622745210449 2.56841268571904
2024-05-31T15:00:00.000 5464.683814461530 141.533789864526 -4035.980288904970 2.74795569371043 5.97041830727061 3.92865260273636
2024-05-31T15:04:00.000 5917.588061170810 1551.887539028020 -2957.496880009530 1.00288080949701 5.71075641126301 5.00391023431514
2024-05-31T15:08:00.000 5940.056822155160 2849.342900451440 -1663.296954465660 -0.81709945071178 5.03520095646511 5.71513134285579
2024-05-31T15:12:00.000 5530.023945507260 3939.323441663860 -247.663935685878 -2.57916003755610 3.99230750427530 6.00950625223317
2024-05-31T15:16:00.000 4717.063570558090 4742.274032792090 1186.053271190000 -4.15412003541524 2.65795170396631 5.86481929296798
2024-05-31T15:20:00.000 3560.329552976260 5199.608330571620 2533.074726073260 -5.42631492856251 1.12991448129824 5.29151978516026
2024-05-31T15:24:00.000 2144.166946423250 5278.077085901840 3695.000678361960 -6.30281001261387 -0.47988242720826 4.33189048256067
2024-05-31T15:28:00.000 571.817974323196 4972.132056204270 4587.053883678740 -6.71997133055343 -2.05394362246262 3.05642467124509
2024-05-31T15:32:00.000 -1042.178779031380 4304.229036344980 5144.239126838000 -6.64781972043430 -3.47782107231008 1.55842498575754
2024-05-31T15:36:00.000 -2580.341124289030 3323.098334791960 5326.004270336970 -6.09190387965910 -4.64831466215828 -0.05298523751844
2024-05-31T15:40:00.000 -3930.730637523590 2100.153185495180 5119.093263112370 -5.09252807794239 -5.48067987803971 -1.66080853353459
2024-05-31T15:44:00.000 -4994.973447820610 724.342252778293 4538.473714004050 -3.72179567575614 -5.91437379816799 -3.14819641983829
2024-05-31T15:48:00.000 -5695.359486766490 -704.208414188232 3626.319808583430 -2.07883126796333 -5.91739549556983 -4.40661859130335
2024-05-31T15:52:00.000 -5980.555353200810 -2081.401585914420 2449.069768939360 -0.28306207862532 -5.48891423620464 -5.34366152003682
2024-05-31T15:56:00.000 -5829.507677193420 -3306.758213175940 1092.684215596580 1.53415726508171 -4.65982385184247 -5.89015261451094
2024-05-31T16:00:00.000 -5253.133023462840 -4290.856351137420 -343.644838188009 3.23948534809126 -3.49082000857233 -6.00573748785854
2024-05-31T16:04:00.000 -4293.569761772930 -4961.986029380150 -1754.842590766880 4.70772862704179 -2.06787897363246 -5.68209064745167
2024-05-31T16:08:00.000 -3021.047993494760 -5271.473922365000 -3037.785792216950 5.83154473499805 -0.49573149005867 -4.94368824315876
2024-05-31T16:12:00.000 -1528.569456631680 -5197.210233618760 -4098.965357345920 6.52965999225773 1.11045238773908 -3.84556509792160
2024-05-31T16:16:00.000 75.069761287091 -4745.094509135070 -4861.303059909380 6.75244923075844 2.63389546510004 -2.46866569199749
2024-05-31T16:20:00.000 1673.283152545120 -3948.396213107490 -5269.625286842540 6.48488030245990 3.96462655815030 -0.91343126041501
2024-05-31T16:24:00.000 3150.095844496900 -2865.194900657350 -5294.482845353040 5.74697116983856 5.00703877549175 0.70749332931592
2024-05-31T16:28:00.000 4398.385438300790 -1574.140948441350 -4934.144603487320 4.59200506310565 5.68626600300464 2.27708830937314
2024-05-31T16:32:00.000 5327.459997674750 -168.857783537905 -4214.694189449530 3.10287770191999 5.95309527123975 3.68189039823652
2024-05-31T16:36:00.000 5869.559778618440 1248.671563263290 -3188.242748822510 1.38673923260103 5.78755359712683 4.81974934495618
2024-05-31T16:40:00.000 5984.847642058220 2575.384552082140 -1929.313562924020 -0.43220658165059 5.20075657952399 5.60721029047117
2024-05-31T16:44:00.000 5664.484856806750 3714.615192166330 -529.564273196982 -2.22139671065553 4.23466787930786 5.98590095811079
2024-05-31T16:48:00.000 4931.475398665380 4583.235396837520 908.857494564636 -3.84975109450908 2.95948250030743 5.92741384316425
2024-05-31T16:52:00.000 3839.086400451590 5117.856536101140 2280.851730108390 -5.19777608177169 1.46846105097740 5.43572751490035
2024-05-31T16:56:00.000 2466.945078767580 5279.550910845470 3486.167338548220 -6.16672855916417 -0.12913580970325 4.54703149036420
2024-05-31T17:00:00.000 915.107718201604 5056.690469519220 4436.836773044210 -6.68616096911363 -1.71654330667482 3.32675754379920
2024-05-31T17:04:00.000 -703.368980344157 4465.688461278360 5063.582957724610 -6.71873838451865 -3.17829487864804 1.86421010441251
2024-05-31T17:08:00.000 -2270.674993994370 3549.682786331990 5320.772366300200 -6.26235407008723 -4.40843788628200 0.26591954371011
2024-05-31T17:12:00.000 -3672.741367501260 2375.359047059560 5189.653564681090 -5.35010074964941 -5.31784830563713 -1.35196196125282
2024-05-31T17:16:00.000 -4807.447065023340 1028.133062255850 4679.683938181280 -4.04783722130799 -5.84046654938040 -2.87189879148630
2024-05-31T17:20:00.000 -5591.969785148630 -393.966210729834 3827.883021126820 -2.44964794404015 -5.93788264818537 -4.18306715289678
2024-05-31T17:24:00.000 -5968.854225252090 -1787.328846655120 2696.263643169790 -0.67162732108842 -5.60234636703527 -5.18931751408834
2024-05-31T17:28:00.000 -5910.345874418570 -3050.296902364870 1367.418783026300 1.15631785340160 -4.85788352605862 -5.81640361657547
2024-05-31T17:32:00.000 -5420.575489216270 -4090.680837911130 -61.481224256611 2.90004802558227 -3.75890995620626 -6.01794947675120
2024-05-31T17:36:00.000 -4535.348280344180 -4832.627286630590 -1485.892821704750 4.43149999211497 -2.38628468780659 -5.77929628111833
2024-05-31T17:40:00.000 -3319.466521286450 -5222.256871344980 -2801.693314467850 5.63863848200406 -0.84106425114493 -5.11856802381169
2024-05-31T17:44:00.000 -1861.834694415380 -5231.588808006500 -3912.914151661790 6.43390300803594 0.76340564804179 -4.08510660354249
2024-05-31T17:48:00.000 -268.778424112492 -4860.446299772080 -4738.779427977300 6.76050497726041 2.31024713983788 -2.75527976313461
2024-05-31T17:52:00.000 1343.821419402030 -4136.259442418010 -5219.480014867950 6.59596044374052 3.68765500074418 -1.22630481202924
2024-05-31T17:56:00.000 2858.916000929150 -3111.897945249280 -5320.326915072720 5.95297025025881 4.79663652389380 0.39095613877993
2024-05-31T18:00:00.000 4166.615851011850 -1861.783898622980 -5034.105056868330 4.87811336461865 5.55756964994996 1.97973535249234
2024-05-31T18:04:00.000 5171.966448686150 -476.582994530974 -4381.540615904960 3.44856603313338 5.91548042352981 3.42525866249858
2024-05-31T18:08:00.000 5801.721436110220 943.206657894053 -3409.886071879460 1.76707760092778 5.84392381428141 4.62254782312988
2024-05-31T18:12:00.000 6009.704609244080 2294.405224953570 -2189.652310637550 -0.04480074928574 5.34722001919487 5.48395807845143
2024-05-31T18:16:00.000 5780.331982199610 3478.609369522010 -809.629313084426 -1.85521830378188 4.46070244478585 5.94580723796822
2024-05-31T18:20:00.000 5129.943342859320 4409.430966136860 629.517453473515 -3.53165994600883 3.24861469946418 5.97352029720060
2024-05-31T18:24:00.000 4105.747165199030 5018.940866722320 2022.650768397250 -4.95109691729299 1.79957024241357 5.56470486153977
2024-05-31T18:28:00.000 2782.366437725520 5262.733021397350 3267.975782877920 -6.00956407414118 0.21969492477129 4.74939619016552
2024-05-31T18:32:00.000 1256.295853187540 5123.168386573160 4274.573392688470 -6.62988780860282 -1.37548364924623 3.58759043653211
2024-05-31T18:36:00.000 -361.253609090834 4610.594545825260 4969.064066165130 -6.76731928327921 -2.86975623824337 2.16447058511398
2024-05-31T18:40:00.000 -1952.525064989860 3762.465819012490 5300.886292139940 -6.41228233661396 -4.15478973858114 0.58380654785884
2024-05-31T18:44:00.000 -3401.721689194960 2640.534013124710 5245.863054912110 -5.59053117914388 -5.13756383279110 -1.03959954390442
2024-05-31T18:48:00.000 -4603.305905262940 1326.401391849460 4807.908696718070 -4.36134640224723 -5.74666507206828 -2.58780062593971
2024-05-31T18:52:00.000 -5469.613879728450 -84.322140731002 4018.793422443740 -2.81352318245193 -5.93748511859730 -3.94800178719781
2024-05-31T18:56:00.000 -5937.246186690210 -1488.883071300920 2935.934477629150 -1.05934142736656 -5.69551209630441 -5.02056397224860
2024-05-31T19:00:00.000 -5971.813030009780 -2784.830135699340 1638.330799251510 0.77318399882067 -5.03785408395285 -5.72643045633415
2024-05-31T19:04:00.000 -5570.613252610140 -3877.559052494400 220.845968362636 2.54964640552685 -4.01244428596905 -6.01337113348368
2024-05-31T19:08:00.000 -4762.950171261350 -4687.357678398160 -1212.800453256210 4.13950162584301 -2.69469283352223 -5.86033474519833
2024-05-31T19:12:00.000 -3607.956365217740 -5155.350336284740 -2557.773737733360 5.42632434139542 -1.18165554710116 -5.27910608444050
2024-05-31T19:16:00.000 -2190.121340283540 -5247.802964835710 -3715.920607787520 6.31656053006539 0.41556775535393 -4.31318406886457
2024-05-31T19:20:00.000 -612.932455149903 -4958.475124510580 -4602.988620190890 6.74637144122348 1.98043763800738 -3.03408769845044
2024-05-31T19:24:00.000 1008.808686573090 -4308.875421137600 -5154.685542406860 6.68576711542842 3.39965273549055 -1.53553407255356
2024-05-31T19:28:00.000 2557.336913916480 -3346.511549757850 -5331.175435239890 6.14008118155315 4.57110325528535 0.07364261628034
2024-05-31T19:32:00.000 3920.334231482990 -2141.355143200550 -5119.786299399210 5.14903313432741 5.41072506029972 1.67721739012101
2024-05-31T19:36:00.000 4998.869118857390 -780.826942075981 -4535.843832360780 3.78383769505714 5.85798679553860 3.15941440536765
2024-05-31T19:40:00.000 5714.431973403390 636.382926625631 -3621.616579144140 2.14253045768950 5.88007216728826 4.41277238091147
2024-05-31T19:44:00.000 6014.641712032690 2007.313604545390 -2443.413666747250 0.34361138260378 5.47452893229410 5.34564047320438
2024-05-31T19:48:00.000 5877.209958449300 3232.162960196410 -1086.931038404170 -1.48215811525709 4.67005135294936 5.88918646241289
2024-05-31T19:52:00.000 5311.755897504100 4221.605875019950 348.922242341897 -3.20129586821303 3.52477665441758 6.00287742745824
2024-05-31T19:56:00.000 4359.257492915060 4903.428730421820 1759.268284761050 -4.68764604327227 2.12230808560836 5.67789791251569
2024-05-31T20:00:00.000 3089.095647648620 5227.929157287820 3041.044728635360 -5.83223306698465 0.56540678716761 4.93809317323006
2024-05-31T20:04:00.000 1593.888834660300 5171.576622754160 4100.655250040350 -6.55158918925556 -1.03200792962991 3.83794663236094
2024-05-31T20:08:00.000 -17.390439488994 4738.652198532330 4860.831607341180 -6.79365638907905 -2.55353009434886 2.45813446080868
2024-05-31T20:12:00.000 -1627.411020472940 3960.830833950460 5266.213895304890 -6.54123422691166 -3.88866626537522 0.89941545436949
2024-05-31T20:16:00.000 -3119.013686465000 2894.785233079640 5287.291390005040 -5.81283388271603 -4.94082156922944 -0.72489677762343
2024-05-31T20:20:00.000 -4383.610717761040 1618.045845721770 4922.455501047770 -4.66095704591075 -5.63371609879543 -2.29691925151442
2024-05-31T20:24:00.000 -5328.976203818020 223.479205320391 4198.139605583400 -3.16871468304899 -5.91663112138570 -3.70220612510808
2024-05-31T20:28:00.000 -5885.971851760480 -1187.361284365990 3167.015146046100 -1.44428187884404 -5.76839579069444 -4.83790493389210
2024-05-31T20:32:00.000 -6013.689411420130 -2511.592893928260 1904.270427106430 0.38664785656739 -5.19923453146903 -5.62040737894556
2024-05-31T20:36:00.000 -5702.598910140190 -3652.550479616510 502.187431503591 2.18990804463272 -4.25048556397562 -5.99183607203886
2024-05-31T20:40:00.000 -4975.382718326190 -4526.973430440140 -936.645286710065 3.83297101803433 -2.99185198203997 -5.92480383404425
2024-05-31T20:44:00.000 -3885.282158479790 -5071.223568134730 -2306.984153379870 5.19537631676305 -1.51605632691756 -5.42468359504195
2024-05-31T20:48:00.000 -2512.070500551450 -5245.967149469550 -3508.772300463740 6.17789076168537 0.06841173565565 -4.52901935458313
2024-05-31T20:52:00.000 -956.028870518478 -5038.955615860970 -4454.521454574910 6.70983988801812 1.64579986192578 -3.30424481923640
2024-05-31T20:56:00.000 669.515987310694 -4465.727224120560 -5075.630148694740 6.75376471833510 3.10171516441508 -1.84027430308947
2024-05-31T21:00:00.000 2246.468302305320 -3568.284365809260 -5327.212138054100 6.30749092253246 4.33128987558636 -0.24359242823843
2024-05-31T21:04:00.000 3660.425339431130 -2411.937178528530 -5191.171247395820 5.40372478646208 5.24625344436371 1.37034639776438
2024-05-31T21:08:00.000 4808.785766484220 -1080.590393491670 -4677.401763287710 4.10751783873175 5.78077000856532 2.88506314793733
2024-05-31T21:12:00.000 5608.023966823990 329.196804444840 -3823.090582245840 2.51192333180018 5.89584341047369 4.19088858921325
2024-05-31T21:16:00.000 5999.719624663630 1715.045123799280 -2690.167330194410 0.73194052728966 5.58234021955968 5.19253605907178
2024-05-31T21:20:00.000 5954.925949201900 2976.103795619550 -1360.986197074440 -1.10323823959325 4.86214655626243 5.81618824050080
2024-05-31T21:24:00.000 5476.495950180760 4020.425373853500 67.564998015214 -2.85947342454424 3.78721073084900 6.01542149956605
2024-05-31T21:28:00.000 4599.035516694000 4771.799417476930 1491.166691623650 -4.40800700866782 2.43590034921028 5.77513736414073
2024-05-31T21:32:00.000 3386.420391908160 5175.428160222920 2805.785943778740 -5.63525051903933 0.90716055420080 5.11284219728329
2024-05-31T21:36:00.000 1927.074920286710 5201.987405988270 3915.399893741690 -6.45152991436097 -0.68705190202463 4.07732717304017
2024-05-31T21:40:00.000 327.387074902513 4849.721298969690 4739.075307619080 -6.79770518606810 -2.23043278161712 2.74467698121586
2024-05-31T21:44:00.000 -1296.140623777790 4144.445785620880 5216.821525350510 -6.64904060134413 -3.61089150919168 1.21221273244812
2024-05-31T21:48:00.000 -2825.351187674160 3137.579430153010 5313.856254335050 -6.01653087512394 -4.72841963449317 -0.40856083459576
2024-05-31T21:52:00.000 -4148.942951935860 1902.376750324200 5023.068423663010 -4.94591477793694 -5.50211109604159 -1.99995023260300
2024-05-31T21:56:00.000 -5170.443488453920 528.661193394971 4365.514252675080 -3.51435445587436 -5.87557353076462 -3.44625119658136
2024-05-31T22:00:00.000 -5815.194070412220 -883.573952899218 3388.977206122720 -1.82545881487267 -5.82102275895667 -4.64177551973033
2024-05-31T22:04:00.000 -6035.889401123070 -2231.371909236220 2164.625365466410 -0.00222800813768 -5.34180234501294 -5.49858779902328
2024-05-31T22:08:00.000 -5816.191591521830 -3416.361414589140 781.898719612215 1.82187896547245 -4.47259158388789 -5.95335589729800
2024-05-31T22:12:00.000 -5172.065854717110 -4352.050864494320 -658.044502646310 3.51284406648795 -3.27713796461163 -5.97246130393852
2024-05-31T22:16:00.000 -4150.659160507540 -4970.287894024340 -2049.857567772860 4.94655996938499 -1.84352176037163 -5.55484969781346
2024-05-31T22:20:00.000 -2826.737395467080 -5226.299988222260 -3291.869874385210 6.01843731929287 -0.27719769259830 -4.73195898553034
2024-05-31T22:24:00.000 -1297.033215384030 -5101.894179345490 -4293.603799367460 6.65111360006857 1.30722231399289 -3.56497221772192
2024-05-31T22:28:00.000 326.983833410916 -4606.609946117200 -4982.347340190820 6.79979713415324 2.79469324720919 -2.13972204794435
2024-05-31T22:32:00.000 1927.277604519440 -3776.820011303620 -5308.286194160660 6.45476850710725 4.07794287489147 -0.56001896233246
2024-05-31T22:36:00.000 3387.725880489730 -2672.965512816420 -5247.938201509010 5.64151955844223 5.06480022293373 1.05981993908308
2024-05-31T22:40:00.000 4602.362358113090 -1375.174858349500 -4805.732442696440 4.41869261413305 5.68429222610104 2.60283868393648
2024-05-31T22:44:00.000 5482.895115184820 22.428962187268 -4013.686735723620 2.87411202666315 5.89144317845163 3.95740504899049
2024-05-31T22:48:00.000 5965.048395587440 1418.391005278740 -2929.196073981810 1.11897371907938 5.67053974505643 5.02491576875093
2024-05-31T22:52:00.000 6013.312078936610 2711.169968281470 -1631.042432811210 -0.71955449746827 5.03668371501909 5.72686717114607
2024-05-31T22:56:00.000 5623.736206366770 3806.529578438720 -213.803595030965 -2.50726051084891 4.03538052168153 6.01105683705218
2024-05-31T23:00:00.000 4824.416465157750 4624.532433414310 1219.043316064780 -4.11304928236074 2.73956264952469 5.85607327555963
2024-05-31T23:04:00.000 3673.509707082310 5105.509540873140 2562.788936621490 -5.41912485930745 1.24411337279837 5.27312677420891
2024-05-31T23:08:00.000 2254.932710386820 5214.482469792480 3719.266716586920 -6.32998464246306 -0.34143237302594 4.30516071125132
2024-05-31T23:12:00.000 672.117407846831 4943.681589962380 4604.098417675750 -6.77948086904588 -1.90131599629036 3.02335413705426
2024-05-31T23:16:00.000 -959.632001467431 4313.003306179660 5152.828234583600 -6.73535462700942 -3.32214502541109 1.52146459429667
2024-05-31T23:20:00.000 -2521.550156841770 3368.459598165460 5325.518851003770 -6.20112265965300 -4.50096751619717 -0.09119832230170
2024-05-31T23:24:00.000 -3899.969015197760 2178.793135933310 5109.559914824420 -5.21545667105396 -5.35240274809876 -1.69753546691793
2024-05-31T23:28:00.000 -4994.468027282600 830.523792370621 4520.572675463180 -3.84944854238846 -5.81455086144137 -3.18077344736781
2024-05-31T23:32:00.000 -5725.119764497440 -578.238550796015 3601.341023371380 -2.20184390661519 -5.85332263307593 -4.43265868411397
2024-05-31T23:36:00.000 -6038.374168144920 -1944.839560178340 2418.821076614880 -0.39242647049151 -5.46525278247983 -5.36127195848473
2024-05-31T23:40:00.000 -5911.118882291490 -3169.563248089270 1059.356368058770 1.44647183370755 -4.67822898304048 -5.89803634353200
2024-05-31T23:44:00.000 -5352.530123656050 -4163.012663665240 -377.625070230091 3.17984113863036 -3.54985617441841 -6.00324094836857
2024-05-31T23:48:00.000 -4403.470667014100 -4852.783898612930 -1786.984953195350 4.68036685899466 -2.16323905413066 -5.66936778305275
2024-05-31T23:52:00.000 -3133.422408443360 -5188.843347386860 -3065.733302603780 5.83840875701127 -0.62043996092977 -4.92166607498885
2024-05-31T23:56:00.000 -1635.222055959420 -5147.137163380800 -4120.665135884400 6.57017498190559 0.96550777702112 -3.81583777525094
2024-06-01T00:00:00.000 -18.099480095896 -4731.191333208250 -4875.152923556510 6.82359707648152 2.47926370107573 -2.43337570391501
2024-06-01T00:04:00.000 1600.362223213450 -3971.644307582660 -5274.590963909710 6.58142866274219 3.81155465050649 -0.87513103209686
2024-06-01T00:08:00.000 3102.700418925860 -2923.875433641020 -5290.170256286570 5.86182570838729 4.86663668134161 0.74604248854046
2024-06-01T00:12:00.000 4379.920075133630 -1663.968964176590 -4920.829979962200 4.71675801476450 5.56867366043156 2.31309431498826
2024-06-01T00:16:00.000 5339.219002763620 -283.302152340640 -4193.312137199730 3.22846153371837 5.86679763348749 3.71269347442834
2024-06-01T00:20:00.000 5910.645525080280 1117.924764756810 -3160.324674617330 1.50405225158187 5.73883383787975 4.84308341559186
2024-06-01T00:24:00.000 6052.228972384880 2437.839924283260 -1896.867313735100 -0.33173629942555 5.19317383101159 5.62137764544625
2024-06-01T00:28:00.000 5753.205895025160 3580.271635535560 -494.932601519002 -2.14512866042387 4.26875850969042 5.98982144316164
2024-06-01T00:32:00.000 5035.021235989300 4461.850654545820 943.154001944650 -3.80321709872239 3.03272054264669 5.92069907542123
2024-06-01T00:36:00.000 3949.880573977620 5018.242556183840 2312.297299482250 -5.18426667943468 1.57554089569823 5.41883435605794
2024-06-01T00:40:00.000 2576.900284931460 5208.940517402710 3512.453443828500 -6.18718020530661 0.00401053666806 4.52119090281689
2024-06-01T00:44:00.000 1016.207882488890 5020.210253939120 4456.028816427090 -6.73903689989820 -1.56700738379896 3.29384402983696
2024-06-01T00:48:00.000 -618.479697198839 4465.983694432920 5074.265563949440 -6.80011806035713 -3.02323461589275 1.82665379384521
2024-06-01T00:52:00.000 -2208.161299690540 3586.729246168470 5322.161643828080 -6.36630423852565 -4.25910613304561 0.22651528578918
2024-06-01T00:56:00.000 -3637.145754254730 2446.461014464450 5181.654017745590 -5.46910374164050 -5.18512204124100 -1.39032461545662
2024-06-01T01:00:00.000 -4801.360785879600 1128.113061169070 4662.881653838170 -4.17324563790332 -5.73401296099974 -2.90643971468486
2024-06-01T01:04:00.000 -5615.841257722230 -272.390478566063 3803.507275773900 -2.57236296720002 -5.86547903629149 -4.21125563242162
2024-06-01T01:08:00.000 -6020.954070958750 -1653.021907635060 2666.096861548940 -0.78271155002419 -5.56931815070035 -5.20908999675812
2024-06-01T01:12:00.000 -5986.887278245030 -2913.064368078730 1333.666492495490 1.06496992846185 -4.86668444716525 -5.82633338799029
2024-06-01T01:16:00.000 -5515.985007358690 -3960.546370042040 -96.357003112160 2.83513075880341 -3.80889630314870 -6.01731653937215
2024-06-01T01:20:00.000 -4642.671298280090 -4719.096074123660 -1519.341165341200 4.39773883221564 -2.47381359521806 -5.76810484715768
2024-06-01T01:24:00.000 -3430.887692357430 -5133.624290313420 -2831.263977609930 5.63845070941008 -0.95975414874066 -5.09765158427344
2024-06-01T01:28:00.000 -1969.246791350400 -5174.332587828680 -3936.448997166650 6.46729762434204 0.62223511729601 -4.05603521550455
2024-06-01T01:32:00.000 -364.366111443417 -4838.745441506000 -4754.564237697780 6.82503726857977 2.15694300944071 -2.72015854671778
2024-06-01T01:36:00.000 1267.004766377410 -4151.691550020260 -5226.360332442890 6.68689254397340 3.53341331375303 -1.18766907973467
2024-06-01T01:40:00.000 2806.441825720780 -3163.331210228140 -5317.787484815410 6.06364461484120 4.65270310720568 0.43035062315456
2024-06-01T01:44:00.000 4142.270227341440 -1945.465398980050 -5022.301330503510 5.00039778652387 5.43440189723771 2.01707383180536
2024-06-01T01:48:00.000 5177.470129347250 -586.421299934733 -4361.296749075610 3.57349881732431 5.82199668517220 3.45782579339885
2024-06-01T01:52:00.000 5836.612312649090 815.193676935117 -3382.641347171930 1.88553961321728 5.78687059718882 4.64795815193706
2024-06-01T01:56:00.000 6071.378109518730 2157.514286192790 -2157.363548741270 0.05855818719982 5.33074764315508 5.50031936776652
2024-06-01T02:00:00.000 5864.226831264480 3342.786435010320 -774.627508812702 -1.77454746985372 4.48601394713907 5.95191264395293
2024-06-01T02:04:00.000 5229.861338830470 4284.535399787150 664.693790988874 -3.47962281647355 3.31379467617893 5.96883759866060
2024-06-01T02:08:00.000 4214.320359770880 4914.017236253880 2055.421853243930 -4.93142394586745 1.89979773549855 5.54944811835136
2024-06-01T02:12:00.000 2891.624230121890 5185.361262085420 3295.914012845570 -6.02354709507422 0.34766460440145 4.72462159588947
2024-06-01T02:16:00.000 1358.247951424270 5078.923854487180 4295.596155141880 -6.67639429284555 -1.22907613911194 3.55508958047788
2024-06-01T02:20:00.000 -274.039705965151 4602.645729547860 4981.592744028310 -6.84286318699893 -2.71554154059745 2.12662188739833
2024-06-01T02:24:00.000 -1886.386212134700 3791.350336953000 5303.963715401350 -6.51128043164306 -4.00391738026910 0.54338197852160
2024-06-01T02:28:00.000 -3361.447642273270 2704.130406986730 5239.230251194210 -5.70575984920014 -5.00092823177602 -1.07958124011984
2024-06-01T02:32:00.000 -4591.809133175460 1420.074265573910 4792.035737653680 -4.48447305559485 -5.63419919540815 -2.62434325608589
2024-06-01T02:36:00.000 -5487.723960311270 32.598835063619 3994.836300022760 -2.93561826650347 -5.85740471925689 -3.97841037567550
2024-06-01T02:40:00.000 -5983.645833644700 -1357.241249682540 2905.644953368250 -1.17156164465345 -5.65367671278521 -5.04259773625182
2024-06-01T02:44:00.000 -6043.136047571840 -2648.077644248400 1603.925578666810 0.67898199338642 -5.03736971399105 -5.73848701185336
2024-06-01T02:48:00.000 -5661.678525720800 -3745.690428158000 184.839598691955 2.48033807401208 -4.05338748130318 -6.01457554081090
2024-06-01T02:52:00.000 -4867.134937095290 -4570.019113082580 -1247.776789851390 4.10014245587908 -2.77408535498886 -5.85060154678223
2024-06-01T02:56:00.000 -3717.689455649410 -5061.124686011570 -2589.167134047130 5.41971793662252 -1.29369475799119 -5.25917107770611
2024-06-01T03:00:00.000 -2297.441509502180 -5183.591211464660 -3741.450325201920 6.34315415230224 0.27901874069735 -4.28456560867969
2024-06-01T03:04:00.000 -710.051952889780 -4928.995090205100 -4620.816921113500 6.80427790893652 1.82933264888091 -2.99892374908692
2024-06-01T03:08:00.000 928.950705332712 -4316.304610517740 -5163.538602940310 6.77082834906527 3.24507738833478 -1.49634591120852
2024-06-01T03:12:00.000 2500.547064476620 -3390.320105092780 -5330.415100867540 6.24607094471369 4.42437447142311 0.11408890979952
2024-06-01T03:16:00.000 3890.728326037370 -2218.356658245180 -5109.455586747240 5.26818049784378 5.28253643903582 1.71604787736370
2024-06-01T03:20:00.000 4998.566988143360 -885.419348841078 -4516.667192715400 3.90738072061242 5.75764541502853 3.19385024779056
2024-06-01T03:24:00.000 5743.402207520940 511.799478789793 -3594.961181122320 2.26142913166097 5.81484004998198 4.44027241701137
2024-06-01T03:28:00.000 6070.712961738970 1871.789676051630 -2411.199512423370 0.44916734283675 5.44914107718163 5.36417237832025
2024-06-01T03:32:00.000 5956.230799636680 3095.540229479340 -1051.494507068960 -1.39763329788525 4.68634347747647 5.89733229652365
2024-06-01T03:36:00.000 5407.904805497290 4093.810501550290 384.995882643234 -3.14396757979855 3.58159762691960 6.00000476194790
2024-06-01T03:40:00.000 4465.459323743640 4793.744794793930 1793.337942367870 -4.66170544631141 2.21548382550405 5.66416108405832
2024-06-01T03:44:00.000 3197.549885025670 5144.310752915610 3070.600290531100 -5.83950556397307 0.68811259117182 4.91443283598913
2024-06-01T03:48:00.000 1696.649831583630 5120.073433231230 4123.502503760570 -6.59144947438774 -0.88872344648207 3.80604162084596
2024-06-01T03:52:00.000 72.172965942425 4722.976599436460 4875.260775285150 -6.86309142612120 -2.40007102102792 2.42032607343050
2024-06-01T03:56:00.000 -1557.567147655450 3982.093021712870 5271.136878620770 -6.63510816659328 -3.73618578720118 0.85849519732292
2024-06-01T04:00:00.000 -3073.957602834370 2951.418542368220 5282.322515164830 -5.92426673814519 -4.80032493668975 -0.76589196949972
2024-06-01T04:04:00.000 -4366.608287770610 1705.931941741590 4907.948057290570 -4.78188871866731 -5.51535880019731 -2.33490726650980
2024-06-01T04:08:00.000 -5341.271160736760 336.231249237397 4175.166586856950 -3.29045483221907 -5.82905334372859 -3.73432834556355
2024-06-01T04:12:00.000 -5926.699075333560 -1057.955393065080 3137.278091922170 -1.55804002812996 -5.71805698270468 -4.86180127065223
2024-06-01T04:16:00.000 -6079.926695037300 -2374.981246012330 1869.966603223150 0.28911615404696 -5.18991163823550 -5.63433824216814
2024-06-01T04:20:00.000 -5789.571962919500 -3518.732010255500 465.841908604051 2.11569848713934 -4.28295666808947 -5.99482499673856
2024-06-01T04:24:00.000 -5076.804613047810 -4405.760935684210 -972.370507058038 3.78750826883910 -3.06379154204633 -5.91668138026138
2024-06-01T04:28:00.000 -3993.812737677930 -4971.518628542700 -2339.485012516870 5.18196719055382 -1.62225134780303 -5.40611507130759
2024-06-01T04:32:00.000 -2619.847680080630 -5175.106477097540 -3535.698340880300 6.19754334118667 -0.06428596291081 -4.50142573494470
2024-06-01T04:36:00.000 -1055.239220913660 -5002.167384213520 -4473.943336448570 6.76114648038143 1.49630492461843 -3.26969632054234
2024-06-01T04:40:00.000 586.070588965144 -4465.746804067140 -5086.178234906790 6.83304419490675 2.94636403045751 -1.80133081023122
2024-06-01T04:44:00.000 2184.856062529000 -3605.149302126410 -5328.163657113110 6.40904780644512 4.18148858022079 -0.20302972049811
2024-06-01T04:48:00.000 3625.132187655130 -2482.982221408760 -5182.474497566080 5.52014114302493 5.11296482539522 1.40971283597697
2024-06-01T04:52:00.000 4802.368076759760 -1180.655766729000 -4659.680984710900 4.23024581327850 5.67369771949932 2.92044721964289
2024-06-01T04:56:00.000 5630.916229735360 207.380274586727 -3797.616002625390 2.63194057619773 5.82276052075397 4.21971781654576
2024-06-01T05:00:00.000 6050.206350704960 1580.324697487720 -2658.780379845370 0.84047160177845 5.54854534812130 5.21266878944561
2024-06-01T05:04:00.000 6029.279796399580 2838.264209408270 -1325.967893605350 -1.01409655902366 4.87011008728555 5.82613146416101
2024-06-01T05:08:00.000 5569.247905068830 3889.477743841860 103.663934170474 -2.79622813570646 3.83632469349783 6.01441800337123
2024-06-01T05:12:00.000 4703.382149934020 4657.248301421960 1525.707416796110 -4.37521648741252 2.52259189462609 5.76323593403710
2024-06-01T05:16:00.000 3494.720605961440 5085.585693730750 2836.240852247610 -5.63529373271592 1.02511317158877 5.09089789391544
2024-06-01T05:20:00.000 2031.403895935410 5143.360856609350 3939.530993454040 -6.48436258871529 -0.54645767273999 4.04687966728677
2024-06-01T05:24:00.000 420.124433910011 4826.549013552210 4755.092399770450 -6.86087346722653 -2.07737501135661 2.70792338332422
2024-06-01T05:28:00.000 -1221.759200696910 4158.394838077720 5223.526949245370 -6.73789472303187 -3.45649361105764 1.17185086143340
2024-06-01T05:32:00.000 -2774.740712132960 3187.617848714000 5310.738271919650 -6.12454594711235 -4.58390559135740 -0.44955514259187
2024-06-01T05:36:00.000 -4125.776488262070 1984.856096301070 5010.341999349630 -5.06521496729102 -5.37792433839738 -2.03852159691306
2024-06-01T05:40:00.000 -5176.408018503880 637.587159452540 4344.112804051680 -3.63634691311882 -5.78071802532922 -3.47951728684230
2024-06-01T05:44:00.000 -5849.881384046950 -756.121708696537 3360.481385940890 -1.94137599525932 -5.76245459977994 -4.66726892864031
2024-06-01T05:48:00.000 -6096.818906078710 -2094.682933193020 2131.135953837810 -0.10366613538636 -5.32388268669851 -5.51444918324378
2024-06-01T05:52:00.000 -5898.981314973430 -3280.420503087830 745.880157119330 1.74225693708023 -4.49672469305107 -5.95845188886039
2024-06-01T05:56:00.000 -5270.747053560140 -4226.811333069350 -693.955802184688 3.46085277735000 -3.34164705975990 -5.96648647837821
2024-06-01T06:00:00.000 -4258.097751736790 -4864.936130678190 -2083.048193332880 4.92602303746109 -1.94372838973083 -5.53829840915570
2024-06-01T06:04:00.000 -2935.156157609300 -5148.574248155960 -3319.938890978300 6.03086075201766 -0.40579959995146 -4.70610624265406
2024-06-01T06:08:00.000 -1398.576666439010 -5057.517306611450 -4314.541484660950 6.69564519523444 1.15962663939476 -3.53176370776539
2024-06-01T06:12:00.000 239.684360624920 -4598.863863535320 -4994.669940761800 6.87324841566492 2.63890911166172 -2.10157355825676
2024-06-01T06:16:00.000 1860.564363227880 -3806.304511790300 -5311.133203095510 6.55182486395631 3.92537935385577 -0.51968123720685
2024-06-01T06:20:00.000 3346.449767004590 -2737.553793277430 -5241.128172433360 5.75514542160786 4.92663048832833 1.09948934263491
2024-06-01T06:24:00.000 4589.522163699740 -1470.172130747830 -4789.757580630400 4.54056694193144 5.57059873256022 2.63909449183818
2024-06-01T06:28:00.000 5499.398968871580 -96.071288452068 -3989.681512333390 2.99525795832947 5.81046908771670 3.98766255365129
2024-06-01T06:32:00.000 6009.643864479150 1284.993830979640 -2898.877646181820 1.23048618710290 5.62812263897017 5.04693095588022
2024-06-01T06:36:00.000 6082.692802005180 2572.556339318450 -1596.607220548490 -0.62577719197582 5.03590270401937 5.73894061268896
2024-06-01T06:40:00.000 5712.798433286860 3672.764361080890 -177.760973704104 -2.43802968753548 4.07631791779163 6.01229817172518
2024-06-01T06:44:00.000 4926.622447305540 4505.327165605130 1254.065818338460 -4.07341714596965 2.81920606405029 5.84637737246283
2024-06-01T06:48:00.000 3781.366511940150 5009.504077309190 2594.229850884170 -5.41194379242480 1.35661533649333 5.25315179958513
2024-06-01T06:52:00.000 2360.549929645300 5148.619460395030 3744.815605426790 -6.35570207368649 -0.20427926003380 4.27632892849614
2024-06-01T06:56:00.000 767.785893888155 4912.714231863750 4621.864249671690 -6.83614701814704 -1.74942807138625 2.98773031786542
2024-06-01T07:00:00.000 -880.883338481030 4319.163924230450 5161.489887493100 -6.81882646751938 -3.16652042577387 1.48168432422306
2024-06-01T07:04:00.000 -2465.460624915330 3411.284540449140 5324.422393425750 -6.30531693399351 -4.35292540375536 -0.13223747525708
2024-06-01T07:08:00.000 -3870.620589275000 2255.150560199390 5098.764620639920 -5.33273559500655 -5.22270873377341 -1.73681768884591
2024-06-01T07:12:00.000 -4993.987710966940 934.849654445310 4500.856315004340 -3.97128270005772 -5.71259272694115 -3.21536452266894
2024-06-01T07:16:00.000 -5753.547270813610 -453.538159319969 3574.146069508030 -2.31944411848499 -5.78653565416781 -4.46000631480323
2024-06-01T07:20:00.000 -6093.658019218720 -1808.849220471990 2386.137671894110 -0.49726416523356 -5.43854065344012 -5.37937778428199
2024-06-01T07:24:00.000 -5989.258531549880 -3032.202196460590 1023.578472951520 1.36200285131035 -4.69359785696114 -5.90555998549446
2024-06-01T07:28:00.000 -5447.868048772400 -4034.314240547340 -413.877504508788 3.12186731686291 -3.60624242616136 -5.99965497428141
2024-06-01T07:32:00.000 -4509.098912572970 -4742.160732964150 -1821.065461944830 4.65310981954248 -2.25656126954911 -5.65497346484165
2024-06-01T07:36:00.000 -3241.684098184360 -5104.394897369680 -3095.165290205910 5.84385914396767 -0.74390460139527 -4.89756816262479
2024-06-01T07:40:00.000 -1738.263548657460 -5095.052275191420 -4143.322593169770 6.60796488473876 0.82093549679995 -3.78382991857848
2024-06-01T07:44:00.000 -108.441039908291 -4715.288961072590 -4889.407806062760 6.89099696126172 2.32416508271683 -2.39578636868556
2024-06-01T07:48:00.000 1529.280953603500 -3993.098343548490 -5279.421354091860 6.67355308990424 3.65725809508560 -0.83465398286447
2024-06-01T07:52:00.000 3056.040073915110 -2981.131548941860 -5285.226920361500 5.97195829637328 4.72440913600879 0.78652561183760
2024-06-01T07:56:00.000 4361.058378329920 -1752.861513567760 -4906.460958472310 4.83686330383304 5.44888029287289 2.35069299017366
2024-06-01T08:00:00.000 5349.501817244690 -397.358857298356 -4170.532020799570 3.34971926075414 5.77816372964944 3.74477207131248
2024-06-01T08:04:00.000 5949.269944580120 986.998504466860 -3130.746402397620 1.61752040736005 5.68773346373273 4.86729434637594
2024-06-01T08:08:00.000 6116.312602180650 2299.549596588160 -1862.616861555210 -0.23433534668379 5.18327819667413 5.63584242785995
2024-06-01T08:12:00.000 5838.018197684840 3444.653215438150 -458.502135610010 -2.07083172030549 4.30078346453207 5.99340110613342
2024-06-01T08:16:00.000 5134.340764929440 4338.750533991900 979.102722566775 -3.75736426536148 3.10438037152752 5.91313536960771
2024-06-01T08:20:00.000 4056.433463267300 4916.600157633480 2345.139126576110 -5.17020414995805 1.68159939714118 5.40065776160420
2024-06-01T08:24:00.000 2682.891821374480 5136.126884766460 3539.781404885810 -6.20587594054183 0.13671918033583 4.49369604318700
2024-06-01T08:28:00.000 1113.903352944690 4981.494465905040 4475.831794651840 -6.78903314199305 -1.41728846899417 3.25901421611182
2024-06-01T08:32:00.000 -536.190448842905 4464.168702908900 5085.084058428650 -6.87772228850130 -2.86731385421392 1.78708309184629
2024-06-01T08:36:00.000 -2147.266289456490 3621.948075633110 5323.206310729350 -6.46590683693991 -4.10829747353140 0.18513831336565
2024-06-01T08:40:00.000 -3602.087976222350 2516.151817258780 5172.852551976930 -5.58349485649674 -5.05042644141830 -1.43050071248982
2024-06-01T08:44:00.000 -4794.702998557260 1227.198422518630 4644.877305793430 -4.29407264477916 -5.62524894401601 -2.94248132103512
2024-06-01T08:48:00.000 -5638.076166544690 -151.126812738998 3777.619987942910 -2.69084668547847 -5.79055761916999 -4.24049407124692
2024-06-01T08:52:00.000 -6070.479472750320 -1518.418229703900 2634.229998094480 -0.89025424749851 -5.53376538020241 -5.22937803016129
2024-06-01T08:56:00.000 -6060.112286937960 -2774.946812608740 1298.160055619010 0.97622357336368 -4.87314081534244 -5.83618552111753
2024-06-01T09:00:00.000 -5607.591320861950 -3829.007278423280 -132.895484483548 2.77163384549308 -3.85692793548448 -6.01601928057337
2024-06-01T09:04:00.000 -4746.004036582540 -4603.751528871390 -1554.235929907080 4.36410988134585 -2.55990543317575 -5.75579306803436
2024-06-01T09:08:00.000 -3538.440891153210 -5042.904071933020 -2861.968393894330 5.63712365417715 -1.07760231263455 -5.07526368462435
2024-06-01T09:12:00.000 -2073.209806272440 -5114.863317054430 -3960.730112168810 6.49835819308779 0.48125660731988 -4.02522566991900
2024-06-01T09:16:00.000 -457.190638463791 -4814.869070419760 -4770.660552593420 6.88623550449174 2.00313494797473 -2.68317430348270
2024-06-01T09:20:00.000 1192.059751107770 -4165.147599963460 -5233.100118183380 6.77377463331794 3.37802310223091 -1.14714843976722
2024-06-01T09:24:00.000 2754.812000304320 -3213.134727756010 -5314.666144060550 6.16986544310230 4.50704882712183 0.47151469605322
2024-06-01T09:28:00.000 4117.688177052810 -2027.985918874510 -5009.517307644980 5.11818816796822 5.30907459801566 2.05594791609511
2024-06-01T09:32:00.000 5181.689593803040 -695.653832702126 -4339.741061303360 3.69425026967642 5.72608271038518 3.49160461839678
2024-06-01T09:36:00.000 5869.280896000330 687.195187380005 -3353.839404063060 2.00039640644261 5.72735342875729 4.67419561300556
2024-06-01T09:40:00.000 6130.051587223880 2020.055912871580 -2123.372021582010 0.15907860458360 5.31190106646742 5.51704728160464
2024-06-01T09:44:00.000 5944.561338889140 3205.847009844750 -737.904503601637 -1.69564234391680 4.50915843067327 5.95778699608344
2024-06-01T09:48:00.000 5325.959080817310 4158.055183340610 701.467425091772 -3.42795595453700 3.37728499564884 5.96338661453435
2024-06-01T09:52:00.000 4319.157378476500 4807.185373957330 2089.560892337130 -4.91070399095586 1.99904722211550 5.53307979562833
2024-06-01T09:56:00.000 2997.550195873670 5105.941979092200 3324.926111453070 -6.03523630419360 0.47546555012034 4.69852748230733
2024-06-01T10:00:00.000 1457.544145122930 5032.694845960760 4317.365689601930 -6.71961763063333 -1.08198459154328 3.52119782436968
2024-06-01T10:04:00.000 -188.604122048134 4592.975199843100 4994.533348522660 -6.91443069911606 -2.55982725681709 2.08740330694293
2024-06-01T10:08:00.000 -1821.025071120490 3818.958055764110 5307.145205672920 -6.60598265855760 -3.85087294104769 0.50178413165732
2024-06-01T10:12:00.000 -3320.923836202150 2767.029029788520 5232.451646421150 -5.81678938826523 -4.86168790116546 -1.12047561511840
2024-06-01T10:16:00.000 -4579.099147347600 1513.697815635420 4775.824028161740 -4.60381013136401 -5.51897741484925 -2.66158717251738
2024-06-01T10:20:00.000 -5503.783236392080 150.127726546637 3970.394843911460 -3.05455615876534 -5.77463752631701 -4.00933225864194
2024-06-01T10:24:00.000 -6027.328866681600 -1224.374981098880 2874.771420857880 -1.28141174208662 -5.60941896059324 -5.06494648091897
2024-06-01T10:28:00.000 -6111.281313087700 -2509.566544638610 1568.888631785570 0.58622149081451 -5.03488236018288 -5.75062026066651
2024-06-01T10:32:00.000 -5749.345545335230 -3611.647673907780 148.210115769172 2.41141380182289 -4.09288329443173 -6.01563847726536
2024-06-01T10:36:00.000 -4967.959341201690 -4450.235300451300 -1283.320673374120 4.06009949790821 -2.85268483322653 -5.84055021626165
2024-06-01T10:40:00.000 -3824.339510191690 -4964.347825144210 -2621.031289823410 5.41151683270220 -1.40563630289703 -5.23874346487607
2024-06-01T10:44:00.000 -2402.155753664250 -5116.879199653640 -3767.307365374190 6.36738537709119 0.14196185615002 -4.25524027542405
2024-06-01T10:48:00.000 -805.214856962241 -4897.199096973920 -4638.773538635950 6.85914435971946 1.67720821203177 -2.96280749661565
2024-06-01T10:52:00.000 850.248326891428 -4321.723804241950 -5172.269283637960 6.85229384916017 3.08897057605912 -1.45604619561996
2024-06-01T10:56:00.000 2444.011126261280 -3432.542999232150 -5329.257811166880 6.34818816040191 4.27565720254180 0.15569962590546
2024-06-01T11:00:00.000 3860.441690424050 -2294.294632077350 -5098.451754593720 5.38346384933950 5.15200507741595 1.75599774488402
2024-06-01T11:04:00.000 4996.690043625670 -989.538355355042 -4496.564514619420 4.02738841861206 5.65476160511286 3.22926469703267
2024-06-01T11:08:00.000 5770.014753326210 387.073121150428 -3567.165141223660 2.37737400774558 5.74703531227539 4.46857198867366
2024-06-01T11:12:00.000 6123.810691329400 1735.517844644270 -2377.684104821940 0.55257863737061 5.42132427293508 5.38323225339211
2024-06-01T11:16:00.000 6031.873138449610 2957.622191240880 -1014.666222457780 -1.31432367659768 4.70051382549327 5.90569553703665
2024-06-01T11:20:00.000 5500.508946554030 3964.252797719050 422.467871871490 -3.08677485400757 3.63666814613354 5.99695662422939
2024-06-01T11:24:00.000 4568.228250621290 4681.941150349190 1828.717025472210 -4.63469903193644 2.30746443793513 5.64987059529693
2024-06-01T11:28:00.000 3302.966133583180 5058.367327640980 3101.294512674500 -5.84456713932369 0.81031840335528 4.88992461341032
2024-06-01T11:32:00.000 1797.027006958000 5066.217159598910 4147.262729942780 -6.62810966461272 -0.74515770041000 3.77312545325244
2024-06-01T11:36:00.000 160.208123631292 4705.112057556530 4890.350248706080 -6.92865335222157 -2.24552958346298 2.38143019088602
2024-06-01T11:40:00.000 -1488.276884599850 4001.519447971190 5276.455448255060 -6.72480159313108 -3.58186125809406 0.81647139784788
2024-06-01T11:44:00.000 -3028.452033338080 3006.729510762650 5277.489058736430 -6.03157010449577 -4.65743474327355 -0.80794403998820
2024-06-01T11:48:00.000 -4348.202968317440 1793.112264240750 4893.330866431890 -4.89905452150887 -5.39430421419602 -2.37388547311624
2024-06-01T11:52:00.000 -5351.323948957000 448.934671269794 4151.849834314260 -3.40898791093777 -5.73872973595766 -3.76741045345673
2024-06-01T11:53:22.000 -5607.576713322570 -22.890692618625 3825.557023593100 -2.83659407807510 -5.76099749739827 -4.18527581391889
2024-06-01T11:54:01.800 -5714.781274661960 -252.078417141538 3655.170926856620 -2.54965810316457 -5.75403772163997 -4.37540053239328
2024-06-01T11:54:41.600 -5810.460782567100 -480.758119562091 3477.392222393080 -2.25754289936348 -5.73547251159815 -4.55670060521223
2024-06-01T11:55:21.400 -5894.420782928460 -708.468506931910 3292.579543212640 -1.96083709372106 -5.70533605842994 -4.72880645609011
2024-06-01T11:56:01.200 -5966.490453448470 -934.750110813653 3101.105879892070 -1.66013950938103 -5.66368589673819 -4.89136635766914
2024-06-01T11:56:41.000 -6026.522995090690 -1159.146222113740 2903.357845430580 -1.35605830279805 -5.61060319576392 -5.04404771953816
2024-06-01T11:57:20.800 -6074.395972370390 -1381.203834631860 2699.734889630200 -1.04920930179709 -5.54619284249091 -5.18653820076812
2024-06-01T11:58:00.600 -6110.011582326150 -1600.474584696000 2490.648481023230 -0.74021423243613 -5.47058318244176 -5.31854624223212
2024-06-01T11:58:40.400 -6133.296861533200 -1816.515677568820 2276.521272642660 -0.42969939970069 -5.38392565991639 -5.43980145017184
2024-06-01T11:59:20.200 -6144.203846297460 -2028.890800365590 2057.786247884500 -0.11829457183024 -5.28639449886524 -5.55005522505453
2024-06-01T12:00:00.000 -6142.709685949680 -2237.171021938180 1834.885839234100 0.19336827938177 -5.17818635318192 -5.64908143635356
